timestamp,asset,symbol,strategy_version,equity,open_trade,last_evaluated_close_time,missed_run_count
2026-07-14T09:00:59.543583+00:00,BTC,BTCUSDT,strategy-lab-v1.0.0:BREAKOUT_MOMENTUM_V1,10000.0,False,1784016000,0
2026-07-14T09:00:59.543583+00:00,ETH,ETHUSDT,strategy-lab-v1.0.0:BREAKOUT_MOMENTUM_V1,10000.0,False,1784016000,0
2026-07-14T09:00:59.543583+00:00,SOL,SOLUSDT,strategy-lab-v1.0.0:BREAKOUT_MOMENTUM_V1,10000.0,False,1784016000,0
2026-07-14T09:00:59.543583+00:00,XRP,XRPUSDT,strategy-lab-v1.0.0:BREAKOUT_MOMENTUM_V1,10000.0,False,1784016000,0
2026-07-14T09:00:59.543583+00:00,DOGE,DOGEUSDT,strategy-lab-v1.0.0:BREAKOUT_MOMENTUM_V1,10000.0,False,1784016000,0
2026-07-14T09:00:59.543583+00:00,NEAR,NEARUSDT,strategy-lab-v1.0.0:BREAKOUT_MOMENTUM_V1,9887.446487265577,True,1784016000,0
2026-07-14T09:00:59.543583+00:00,BNB,BNBUSDT,strategy-lab-v1.0.0:BREAKOUT_MOMENTUM_V1,10000.0,False,0,0
2026-07-14T09:00:59.543583+00:00,PAXG,PAXGUSDT,strategy-lab-v1.0.0:BREAKOUT_MOMENTUM_V1,10000.0,False,1784016000,0
2026-07-14T12:56:15.785296+00:00,BTC,BTCUSDT,strategy-lab-v1.0.0:BREAKOUT_MOMENTUM_V1,10000.0,True,1784030400,3
2026-07-14T12:56:15.785296+00:00,ETH,ETHUSDT,strategy-lab-v1.0.0:BREAKOUT_MOMENTUM_V1,10076.537140438493,True,1784030400,3
2026-07-14T12:56:15.785296+00:00,SOL,SOLUSDT,strategy-lab-v1.0.0:BREAKOUT_MOMENTUM_V1,10000.0,False,1784030400,3
2026-07-14T12:56:15.785296+00:00,XRP,XRPUSDT,strategy-lab-v1.0.0:BREAKOUT_MOMENTUM_V1,10000.0,False,1784030400,3
2026-07-14T12:56:15.785296+00:00,DOGE,DOGEUSDT,strategy-lab-v1.0.0:BREAKOUT_MOMENTUM_V1,10000.0,False,1784030400,3
2026-07-14T12:56:15.785296+00:00,NEAR,NEARUSDT,strategy-lab-v1.0.0:BREAKOUT_MOMENTUM_V1,9887.446487265577,True,1784030400,3
2026-07-14T12:56:15.785296+00:00,BNB,BNBUSDT,strategy-lab-v1.0.0:BREAKOUT_MOMENTUM_V1,10000.0,False,0,0
2026-07-14T12:56:15.785296+00:00,PAXG,PAXGUSDT,strategy-lab-v1.0.0:BREAKOUT_MOMENTUM_V1,10000.0,False,1784030400,3
2026-07-14T13:40:11.638095+00:00,BTC,BTCUSDT,strategy-lab-v1.0.0:BREAKOUT_MOMENTUM_V1,10000.0,True,1784034000,3
2026-07-14T13:40:11.638095+00:00,ETH,ETHUSDT,strategy-lab-v1.0.0:BREAKOUT_MOMENTUM_V1,10173.72914341,True,1784034000,3
2026-07-14T13:40:11.638095+00:00,SOL,SOLUSDT,strategy-lab-v1.0.0:BREAKOUT_MOMENTUM_V1,10000.0,False,1784034000,3
2026-07-14T13:40:11.638095+00:00,XRP,XRPUSDT,strategy-lab-v1.0.0:BREAKOUT_MOMENTUM_V1,10000.0,False,1784034000,3
2026-07-14T13:40:11.638095+00:00,DOGE,DOGEUSDT,strategy-lab-v1.0.0:BREAKOUT_MOMENTUM_V1,10000.0,True,1784034000,3
2026-07-14T13:40:11.638095+00:00,NEAR,NEARUSDT,strategy-lab-v1.0.0:BREAKOUT_MOMENTUM_V1,9887.446487265577,True,1784034000,3
2026-07-14T13:40:11.638095+00:00,BNB,BNBUSDT,strategy-lab-v1.0.0:BREAKOUT_MOMENTUM_V1,10000.0,False,0,0
2026-07-14T13:40:11.638095+00:00,PAXG,PAXGUSDT,strategy-lab-v1.0.0:BREAKOUT_MOMENTUM_V1,10000.0,False,1784034000,3
2026-07-14T16:57:31.170205+00:00,BTC,BTCUSDT,strategy-lab-v1.0.0:BREAKOUT_MOMENTUM_V1,10069.585301382089,True,1784044800000,262
2026-07-14T16:57:31.170205+00:00,ETH,ETHUSDT,strategy-lab-v1.0.0:BREAKOUT_MOMENTUM_V1,10231.53568011389,False,1784044800000,262
2026-07-14T16:57:31.170205+00:00,SOL,SOLUSDT,strategy-lab-v1.0.0:BREAKOUT_MOMENTUM_V1,10000.0,False,1784044800000,262
2026-07-14T16:57:31.170205+00:00,XRP,XRPUSDT,strategy-lab-v1.0.0:BREAKOUT_MOMENTUM_V1,10000.0,False,1784044800000,262
2026-07-14T16:57:31.170205+00:00,DOGE,DOGEUSDT,strategy-lab-v1.0.0:BREAKOUT_MOMENTUM_V1,10046.885476118241,False,1784044800000,262
2026-07-14T16:57:31.170205+00:00,NEAR,NEARUSDT,strategy-lab-v1.0.0:BREAKOUT_MOMENTUM_V1,9777.031349634774,True,1784044800000,262
2026-07-14T16:57:31.170205+00:00,BNB,BNBUSDT,strategy-lab-v1.0.0:BREAKOUT_MOMENTUM_V1,10000.0,False,0,0
2026-07-14T16:57:31.170205+00:00,PAXG,PAXGUSDT,strategy-lab-v1.0.0:BREAKOUT_MOMENTUM_V1,10000.0,False,1784044800000,262
2026-07-15T13:11:50.076973+00:00,BTC,BTCUSDT,strategy-lab-v1.0.0:BREAKOUT_MOMENTUM_V1,10069.585301382089,True,1784044800000,262
2026-07-15T13:11:50.076973+00:00,ETH,ETHUSDT,strategy-lab-v1.0.0:BREAKOUT_MOMENTUM_V1,10231.53568011389,False,1784044800000,262
2026-07-15T13:11:50.076973+00:00,SOL,SOLUSDT,strategy-lab-v1.0.0:BREAKOUT_MOMENTUM_V1,10000.0,False,1784044800000,262
2026-07-15T13:11:50.076973+00:00,XRP,XRPUSDT,strategy-lab-v1.0.0:BREAKOUT_MOMENTUM_V1,10000.0,False,1784044800000,262
2026-07-15T13:11:50.076973+00:00,DOGE,DOGEUSDT,strategy-lab-v1.0.0:BREAKOUT_MOMENTUM_V1,10046.885476118241,False,1784044800000,262
2026-07-15T13:11:50.076973+00:00,NEAR,NEARUSDT,strategy-lab-v1.0.0:BREAKOUT_MOMENTUM_V1,9777.031349634774,True,1784044800000,262
2026-07-15T13:11:50.076973+00:00,BNB,BNBUSDT,strategy-lab-v1.0.0:BREAKOUT_MOMENTUM_V1,10000.0,False,0,0
2026-07-15T13:11:50.076973+00:00,PAXG,PAXGUSDT,strategy-lab-v1.0.0:BREAKOUT_MOMENTUM_V1,10000.0,False,1784044800000,262
2026-07-15T13:14:00.074864+00:00,BTC,BTCUSDT,strategy-lab-v1.0.0:BREAKOUT_MOMENTUM_V1,10069.585301382089,True,1784120399999,282
2026-07-15T13:14:00.074864+00:00,ETH,ETHUSDT,strategy-lab-v1.0.0:BREAKOUT_MOMENTUM_V1,10231.53568011389,True,1784120399999,282
2026-07-15T13:14:00.074864+00:00,SOL,SOLUSDT,strategy-lab-v1.0.0:BREAKOUT_MOMENTUM_V1,9899.012105958447,False,1784120399999,282
2026-07-15T13:14:00.074864+00:00,XRP,XRPUSDT,strategy-lab-v1.0.0:BREAKOUT_MOMENTUM_V1,9892.807862415259,True,1784120399999,282
2026-07-15T13:14:00.074864+00:00,DOGE,DOGEUSDT,strategy-lab-v1.0.0:BREAKOUT_MOMENTUM_V1,10046.885476118241,False,1784120399999,282
2026-07-15T13:14:00.074864+00:00,NEAR,NEARUSDT,strategy-lab-v1.0.0:BREAKOUT_MOMENTUM_V1,9666.045497248002,True,1784120399999,282
2026-07-15T13:14:00.074864+00:00,BNB,BNBUSDT,strategy-lab-v1.0.0:BREAKOUT_MOMENTUM_V1,10006.647067914833,False,1784120399999,0
2026-07-15T13:14:00.074864+00:00,PAXG,PAXGUSDT,strategy-lab-v1.0.0:BREAKOUT_MOMENTUM_V1,10000.0,False,1784120399999,282
2026-07-15T16:53:58.937105+00:00,BTC,BTCUSDT,strategy-lab-v1.0.0:BREAKOUT_MOMENTUM_V1,10142.446059188378,False,1784131200000,285
2026-07-15T16:53:58.937105+00:00,ETH,ETHUSDT,strategy-lab-v1.0.0:BREAKOUT_MOMENTUM_V1,10116.665229961656,False,1784131200000,285
2026-07-15T16:53:58.937105+00:00,SOL,SOLUSDT,strategy-lab-v1.0.0:BREAKOUT_MOMENTUM_V1,9899.012105958447,False,1784131200000,285
2026-07-15T16:53:58.937105+00:00,XRP,XRPUSDT,strategy-lab-v1.0.0:BREAKOUT_MOMENTUM_V1,9805.409985189846,False,1784131200000,285
2026-07-15T16:53:58.937105+00:00,DOGE,DOGEUSDT,strategy-lab-v1.0.0:BREAKOUT_MOMENTUM_V1,10046.885476118241,False,1784131200000,285
2026-07-15T16:53:58.937105+00:00,NEAR,NEARUSDT,strategy-lab-v1.0.0:BREAKOUT_MOMENTUM_V1,9552.52423145608,False,1784131200000,285
2026-07-15T16:53:58.937105+00:00,BNB,BNBUSDT,strategy-lab-v1.0.0:BREAKOUT_MOMENTUM_V1,10006.647067914833,False,1784120399999,0
2026-07-15T16:53:58.937105+00:00,PAXG,PAXGUSDT,strategy-lab-v1.0.0:BREAKOUT_MOMENTUM_V1,10000.0,False,1784131200000,285
2026-07-15T20:38:51.127489+00:00,BTC,BTCUSDT,strategy-lab-v1.0.0:BREAKOUT_MOMENTUM_V1,10142.446059188378,False,1784145600000,288
2026-07-15T20:38:51.127489+00:00,ETH,ETHUSDT,strategy-lab-v1.0.0:BREAKOUT_MOMENTUM_V1,10116.665229961656,False,1784145600000,288
2026-07-15T20:38:51.127489+00:00,SOL,SOLUSDT,strategy-lab-v1.0.0:BREAKOUT_MOMENTUM_V1,9899.012105958447,False,1784145600000,288
2026-07-15T20:38:51.127489+00:00,XRP,XRPUSDT,strategy-lab-v1.0.0:BREAKOUT_MOMENTUM_V1,9805.409985189846,False,1784145600000,288
2026-07-15T20:38:51.127489+00:00,DOGE,DOGEUSDT,strategy-lab-v1.0.0:BREAKOUT_MOMENTUM_V1,10046.885476118241,False,1784145600000,288
2026-07-15T20:38:51.127489+00:00,NEAR,NEARUSDT,strategy-lab-v1.0.0:BREAKOUT_MOMENTUM_V1,9552.52423145608,False,1784145600000,288
2026-07-15T20:38:51.127489+00:00,BNB,BNBUSDT,strategy-lab-v1.0.0:BREAKOUT_MOMENTUM_V1,10006.647067914833,False,1784120399999,0
2026-07-15T20:38:51.127489+00:00,PAXG,PAXGUSDT,strategy-lab-v1.0.0:BREAKOUT_MOMENTUM_V1,10000.0,False,1784145600000,288
2026-07-15T23:45:34.065737+00:00,BTC,BTCUSDT,strategy-lab-v1.0.0:BREAKOUT_MOMENTUM_V1,10142.446059188378,False,1784156400000,290
2026-07-15T23:45:34.065737+00:00,ETH,ETHUSDT,strategy-lab-v1.0.0:BREAKOUT_MOMENTUM_V1,10116.665229961656,False,1784156400000,290
2026-07-15T23:45:34.065737+00:00,SOL,SOLUSDT,strategy-lab-v1.0.0:BREAKOUT_MOMENTUM_V1,9899.012105958447,False,1784156400000,290
2026-07-15T23:45:34.065737+00:00,XRP,XRPUSDT,strategy-lab-v1.0.0:BREAKOUT_MOMENTUM_V1,9805.409985189846,False,1784156400000,290
2026-07-15T23:45:34.065737+00:00,DOGE,DOGEUSDT,strategy-lab-v1.0.0:BREAKOUT_MOMENTUM_V1,10046.885476118241,False,1784156400000,290
2026-07-15T23:45:34.065737+00:00,NEAR,NEARUSDT,strategy-lab-v1.0.0:BREAKOUT_MOMENTUM_V1,9552.52423145608,False,1784156400000,290
2026-07-15T23:45:34.065737+00:00,BNB,BNBUSDT,strategy-lab-v1.0.0:BREAKOUT_MOMENTUM_V1,10006.647067914833,False,1784120399999,0
2026-07-15T23:45:34.065737+00:00,PAXG,PAXGUSDT,strategy-lab-v1.0.0:BREAKOUT_MOMENTUM_V1,10000.0,False,1784156400000,290
2026-07-16T07:37:52.781828+00:00,BTC,BTCUSDT,strategy-lab-v1.0.0:BREAKOUT_MOMENTUM_V1,10142.446059188378,False,1784185200000,297
2026-07-16T07:37:52.781828+00:00,ETH,ETHUSDT,strategy-lab-v1.0.0:BREAKOUT_MOMENTUM_V1,10116.665229961656,False,1784185200000,297
2026-07-16T07:37:52.781828+00:00,SOL,SOLUSDT,strategy-lab-v1.0.0:BREAKOUT_MOMENTUM_V1,9899.012105958447,False,1784185200000,297
2026-07-16T07:37:52.781828+00:00,XRP,XRPUSDT,strategy-lab-v1.0.0:BREAKOUT_MOMENTUM_V1,9805.409985189846,False,1784185200000,297
2026-07-16T07:37:52.781828+00:00,DOGE,DOGEUSDT,strategy-lab-v1.0.0:BREAKOUT_MOMENTUM_V1,10046.885476118241,False,1784185200000,297
2026-07-16T07:37:52.781828+00:00,NEAR,NEARUSDT,strategy-lab-v1.0.0:BREAKOUT_MOMENTUM_V1,9552.52423145608,False,1784185200000,297
2026-07-16T07:37:52.781828+00:00,BNB,BNBUSDT,strategy-lab-v1.0.0:BREAKOUT_MOMENTUM_V1,10006.647067914833,False,1784120399999,0
2026-07-16T07:37:52.781828+00:00,PAXG,PAXGUSDT,strategy-lab-v1.0.0:BREAKOUT_MOMENTUM_V1,10000.0,False,1784185200000,297
2026-07-16T17:48:25.930226+00:00,BTC,BTCUSDT,strategy-lab-v1.0.0:BREAKOUT_MOMENTUM_V1,10142.446059188378,False,1784221200000,306
2026-07-16T17:48:25.930226+00:00,ETH,ETHUSDT,strategy-lab-v1.0.0:BREAKOUT_MOMENTUM_V1,10116.665229961656,False,1784221200000,306
2026-07-16T17:48:25.930226+00:00,SOL,SOLUSDT,strategy-lab-v1.0.0:BREAKOUT_MOMENTUM_V1,9899.012105958447,False,1784221200000,306
2026-07-16T17:48:25.930226+00:00,XRP,XRPUSDT,strategy-lab-v1.0.0:BREAKOUT_MOMENTUM_V1,9805.409985189846,False,1784221200000,306
2026-07-16T17:48:25.930226+00:00,DOGE,DOGEUSDT,strategy-lab-v1.0.0:BREAKOUT_MOMENTUM_V1,10046.885476118241,False,1784221200000,306
2026-07-16T17:48:25.930226+00:00,NEAR,NEARUSDT,strategy-lab-v1.0.0:BREAKOUT_MOMENTUM_V1,9552.52423145608,False,1784221200000,306
2026-07-16T17:48:25.930226+00:00,BNB,BNBUSDT,strategy-lab-v1.0.0:BREAKOUT_MOMENTUM_V1,10006.647067914833,False,1784120399999,0
2026-07-16T17:48:25.930226+00:00,PAXG,PAXGUSDT,strategy-lab-v1.0.0:BREAKOUT_MOMENTUM_V1,10000.0,False,1784221200000,306
2026-07-16T20:39:17.276811+00:00,BTC,BTCUSDT,strategy-lab-v1.0.0:BREAKOUT_MOMENTUM_V1,10142.446059188378,False,1784232000000,308
2026-07-16T20:39:17.276811+00:00,ETH,ETHUSDT,strategy-lab-v1.0.0:BREAKOUT_MOMENTUM_V1,10116.665229961656,False,1784232000000,308
2026-07-16T20:39:17.276811+00:00,SOL,SOLUSDT,strategy-lab-v1.0.0:BREAKOUT_MOMENTUM_V1,9899.012105958447,False,1784232000000,308
2026-07-16T20:39:17.276811+00:00,XRP,XRPUSDT,strategy-lab-v1.0.0:BREAKOUT_MOMENTUM_V1,9805.409985189846,False,1784232000000,308
2026-07-16T20:39:17.276811+00:00,DOGE,DOGEUSDT,strategy-lab-v1.0.0:BREAKOUT_MOMENTUM_V1,10046.885476118241,False,1784232000000,308
2026-07-16T20:39:17.276811+00:00,NEAR,NEARUSDT,strategy-lab-v1.0.0:BREAKOUT_MOMENTUM_V1,9552.52423145608,False,1784232000000,308
2026-07-16T20:39:17.276811+00:00,BNB,BNBUSDT,strategy-lab-v1.0.0:BREAKOUT_MOMENTUM_V1,10006.647067914833,False,1784120399999,0
2026-07-16T20:39:17.276811+00:00,PAXG,PAXGUSDT,strategy-lab-v1.0.0:BREAKOUT_MOMENTUM_V1,10000.0,False,1784232000000,308
2026-07-16T23:43:59.404593+00:00,BTC,BTCUSDT,strategy-lab-v1.0.0:BREAKOUT_MOMENTUM_V1,10142.446059188378,False,1784242800000,310
2026-07-16T23:43:59.404593+00:00,ETH,ETHUSDT,strategy-lab-v1.0.0:BREAKOUT_MOMENTUM_V1,10116.665229961656,False,1784242800000,310
2026-07-16T23:43:59.404593+00:00,SOL,SOLUSDT,strategy-lab-v1.0.0:BREAKOUT_MOMENTUM_V1,9899.012105958447,False,1784242800000,310
2026-07-16T23:43:59.404593+00:00,XRP,XRPUSDT,strategy-lab-v1.0.0:BREAKOUT_MOMENTUM_V1,9805.409985189846,False,1784242800000,310
2026-07-16T23:43:59.404593+00:00,DOGE,DOGEUSDT,strategy-lab-v1.0.0:BREAKOUT_MOMENTUM_V1,10046.885476118241,False,1784242800000,310
2026-07-16T23:43:59.404593+00:00,NEAR,NEARUSDT,strategy-lab-v1.0.0:BREAKOUT_MOMENTUM_V1,9552.52423145608,False,1784242800000,310
2026-07-16T23:43:59.404593+00:00,BNB,BNBUSDT,strategy-lab-v1.0.0:BREAKOUT_MOMENTUM_V1,10006.647067914833,False,1784120399999,0
2026-07-16T23:43:59.404593+00:00,PAXG,PAXGUSDT,strategy-lab-v1.0.0:BREAKOUT_MOMENTUM_V1,10000.0,False,1784242800000,310
2026-07-17T00:38:13.078939+00:00,BTC,BTCUSDT,strategy-lab-v1.0.0:BREAKOUT_MOMENTUM_V1,10142.446059188378,False,1784246399999,310
2026-07-17T00:38:13.078939+00:00,ETH,ETHUSDT,strategy-lab-v1.0.0:BREAKOUT_MOMENTUM_V1,10116.665229961656,False,1784246399999,310
2026-07-17T00:38:13.078939+00:00,SOL,SOLUSDT,strategy-lab-v1.0.0:BREAKOUT_MOMENTUM_V1,9899.012105958447,False,1784246399999,310
2026-07-17T00:38:13.078939+00:00,XRP,XRPUSDT,strategy-lab-v1.0.0:BREAKOUT_MOMENTUM_V1,9805.409985189846,False,1784246399999,310
2026-07-17T00:38:13.078939+00:00,DOGE,DOGEUSDT,strategy-lab-v1.0.0:BREAKOUT_MOMENTUM_V1,10046.885476118241,False,1784246399999,310
2026-07-17T00:38:13.078939+00:00,NEAR,NEARUSDT,strategy-lab-v1.0.0:BREAKOUT_MOMENTUM_V1,9552.52423145608,False,1784246399999,310
2026-07-17T00:38:13.078939+00:00,BNB,BNBUSDT,strategy-lab-v1.0.0:BREAKOUT_MOMENTUM_V1,10006.647067914833,False,1784246399999,34
2026-07-17T00:38:13.078939+00:00,PAXG,PAXGUSDT,strategy-lab-v1.0.0:BREAKOUT_MOMENTUM_V1,10000.0,False,1784246399999,310
2026-07-17T00:41:49.412049+00:00,BTC,BTCUSDT,strategy-lab-v1.0.0:BREAKOUT_MOMENTUM_V1,10142.446059188378,False,1784246400000,310
2026-07-17T00:41:49.412049+00:00,ETH,ETHUSDT,strategy-lab-v1.0.0:BREAKOUT_MOMENTUM_V1,10116.665229961656,False,1784246400000,310
2026-07-17T00:41:49.412049+00:00,SOL,SOLUSDT,strategy-lab-v1.0.0:BREAKOUT_MOMENTUM_V1,9899.012105958447,False,1784246400000,310
2026-07-17T00:41:49.412049+00:00,XRP,XRPUSDT,strategy-lab-v1.0.0:BREAKOUT_MOMENTUM_V1,9805.409985189846,False,1784246400000,310
2026-07-17T00:41:49.412049+00:00,DOGE,DOGEUSDT,strategy-lab-v1.0.0:BREAKOUT_MOMENTUM_V1,10046.885476118241,False,1784246400000,310
2026-07-17T00:41:49.412049+00:00,NEAR,NEARUSDT,strategy-lab-v1.0.0:BREAKOUT_MOMENTUM_V1,9552.52423145608,False,1784246400000,310
2026-07-17T00:41:49.412049+00:00,BNB,BNBUSDT,strategy-lab-v1.0.0:BREAKOUT_MOMENTUM_V1,10006.647067914833,False,1784246400000,34
2026-07-17T00:41:49.412049+00:00,PAXG,PAXGUSDT,strategy-lab-v1.0.0:BREAKOUT_MOMENTUM_V1,10000.0,False,1784246400000,310
2026-07-17T07:34:26.835727+00:00,BTC,BTCUSDT,strategy-lab-v1.0.0:BREAKOUT_MOMENTUM_V1,10142.446059188378,False,1784271600000,316
2026-07-17T07:34:26.835727+00:00,ETH,ETHUSDT,strategy-lab-v1.0.0:BREAKOUT_MOMENTUM_V1,10116.665229961656,False,1784271600000,316
2026-07-17T07:34:26.835727+00:00,SOL,SOLUSDT,strategy-lab-v1.0.0:BREAKOUT_MOMENTUM_V1,9899.012105958447,False,1784271600000,316
2026-07-17T07:34:26.835727+00:00,XRP,XRPUSDT,strategy-lab-v1.0.0:BREAKOUT_MOMENTUM_V1,9805.409985189846,False,1784271600000,316
2026-07-17T07:34:26.835727+00:00,DOGE,DOGEUSDT,strategy-lab-v1.0.0:BREAKOUT_MOMENTUM_V1,10046.885476118241,False,1784271600000,316
2026-07-17T07:34:26.835727+00:00,NEAR,NEARUSDT,strategy-lab-v1.0.0:BREAKOUT_MOMENTUM_V1,9552.52423145608,False,1784271600000,316
2026-07-17T07:34:26.835727+00:00,BNB,BNBUSDT,strategy-lab-v1.0.0:BREAKOUT_MOMENTUM_V1,10006.647067914833,False,1784271600000,40
2026-07-17T07:34:26.835727+00:00,PAXG,PAXGUSDT,strategy-lab-v1.0.0:BREAKOUT_MOMENTUM_V1,10000.0,False,1784271600000,316
2026-07-17T12:00:16.007706+00:00,BTC,BTCUSDT,strategy-lab-v1.0.0:BREAKOUT_MOMENTUM_V1,10142.446059188378,False,1784286000000,319
2026-07-17T12:00:16.007706+00:00,ETH,ETHUSDT,strategy-lab-v1.0.0:BREAKOUT_MOMENTUM_V1,10116.665229961656,False,1784286000000,319
2026-07-17T12:00:16.007706+00:00,SOL,SOLUSDT,strategy-lab-v1.0.0:BREAKOUT_MOMENTUM_V1,9899.012105958447,False,1784286000000,319
2026-07-17T12:00:16.007706+00:00,XRP,XRPUSDT,strategy-lab-v1.0.0:BREAKOUT_MOMENTUM_V1,9805.409985189846,False,1784286000000,319
2026-07-17T12:00:16.007706+00:00,DOGE,DOGEUSDT,strategy-lab-v1.0.0:BREAKOUT_MOMENTUM_V1,10046.885476118241,False,1784286000000,319
2026-07-17T12:00:16.007706+00:00,NEAR,NEARUSDT,strategy-lab-v1.0.0:BREAKOUT_MOMENTUM_V1,9552.52423145608,False,1784286000000,319
2026-07-17T12:00:16.007706+00:00,BNB,BNBUSDT,strategy-lab-v1.0.0:BREAKOUT_MOMENTUM_V1,10006.647067914833,False,1784286000000,43
2026-07-17T12:00:16.007706+00:00,PAXG,PAXGUSDT,strategy-lab-v1.0.0:BREAKOUT_MOMENTUM_V1,10000.0,False,1784286000000,319
2026-07-17T13:56:59.935280+00:00,BTC,BTCUSDT,strategy-lab-v1.0.0:BREAKOUT_MOMENTUM_V1,10142.446059188378,False,1784293200000,320
2026-07-17T13:56:59.935280+00:00,ETH,ETHUSDT,strategy-lab-v1.0.0:BREAKOUT_MOMENTUM_V1,10116.665229961656,False,1784293200000,320
2026-07-17T13:56:59.935280+00:00,SOL,SOLUSDT,strategy-lab-v1.0.0:BREAKOUT_MOMENTUM_V1,9899.012105958447,False,1784293200000,320
2026-07-17T13:56:59.935280+00:00,XRP,XRPUSDT,strategy-lab-v1.0.0:BREAKOUT_MOMENTUM_V1,9805.409985189846,False,1784293200000,320
2026-07-17T13:56:59.935280+00:00,DOGE,DOGEUSDT,strategy-lab-v1.0.0:BREAKOUT_MOMENTUM_V1,10046.885476118241,False,1784293200000,320
2026-07-17T13:56:59.935280+00:00,NEAR,NEARUSDT,strategy-lab-v1.0.0:BREAKOUT_MOMENTUM_V1,9552.52423145608,False,1784293200000,320
2026-07-17T13:56:59.935280+00:00,BNB,BNBUSDT,strategy-lab-v1.0.0:BREAKOUT_MOMENTUM_V1,10006.647067914833,False,1784293200000,44
2026-07-17T13:56:59.935280+00:00,PAXG,PAXGUSDT,strategy-lab-v1.0.0:BREAKOUT_MOMENTUM_V1,10000.0,False,1784293200000,320
2026-07-17T15:13:13.149235+00:00,BTC,BTCUSDT,strategy-lab-v1.0.0:BREAKOUT_MOMENTUM_V1,10142.446059188378,False,1784300400000,321
2026-07-17T15:13:13.149235+00:00,ETH,ETHUSDT,strategy-lab-v1.0.0:BREAKOUT_MOMENTUM_V1,10116.665229961656,False,1784300400000,321
2026-07-17T15:13:13.149235+00:00,SOL,SOLUSDT,strategy-lab-v1.0.0:BREAKOUT_MOMENTUM_V1,9899.012105958447,False,1784300400000,321
2026-07-17T15:13:13.149235+00:00,XRP,XRPUSDT,strategy-lab-v1.0.0:BREAKOUT_MOMENTUM_V1,9805.409985189846,False,1784300400000,321
2026-07-17T15:13:13.149235+00:00,DOGE,DOGEUSDT,strategy-lab-v1.0.0:BREAKOUT_MOMENTUM_V1,10046.885476118241,False,1784300400000,321
2026-07-17T15:13:13.149235+00:00,NEAR,NEARUSDT,strategy-lab-v1.0.0:BREAKOUT_MOMENTUM_V1,9552.52423145608,False,1784300400000,321
2026-07-17T15:13:13.149235+00:00,BNB,BNBUSDT,strategy-lab-v1.0.0:BREAKOUT_MOMENTUM_V1,10006.647067914833,False,1784300400000,45
2026-07-17T15:13:13.149235+00:00,PAXG,PAXGUSDT,strategy-lab-v1.0.0:BREAKOUT_MOMENTUM_V1,10000.0,False,1784300400000,321
2026-07-17T16:35:48.140708+00:00,BTC,BTCUSDT,strategy-lab-v1.0.0:BREAKOUT_MOMENTUM_V1,10142.446059188378,False,1784304000000,321
2026-07-17T16:35:48.140708+00:00,ETH,ETHUSDT,strategy-lab-v1.0.0:BREAKOUT_MOMENTUM_V1,10116.665229961656,False,1784304000000,321
2026-07-17T16:35:48.140708+00:00,SOL,SOLUSDT,strategy-lab-v1.0.0:BREAKOUT_MOMENTUM_V1,9899.012105958447,False,1784304000000,321
2026-07-17T16:35:48.140708+00:00,XRP,XRPUSDT,strategy-lab-v1.0.0:BREAKOUT_MOMENTUM_V1,9805.409985189846,False,1784304000000,321
2026-07-17T16:35:48.140708+00:00,DOGE,DOGEUSDT,strategy-lab-v1.0.0:BREAKOUT_MOMENTUM_V1,10046.885476118241,False,1784304000000,321
2026-07-17T16:35:48.140708+00:00,NEAR,NEARUSDT,strategy-lab-v1.0.0:BREAKOUT_MOMENTUM_V1,9552.52423145608,False,1784304000000,321
2026-07-17T16:35:48.140708+00:00,BNB,BNBUSDT,strategy-lab-v1.0.0:BREAKOUT_MOMENTUM_V1,10006.647067914833,False,1784304000000,45
2026-07-17T16:35:48.140708+00:00,PAXG,PAXGUSDT,strategy-lab-v1.0.0:BREAKOUT_MOMENTUM_V1,10000.0,False,1784304000000,321
2026-07-17T17:43:01.385359+00:00,BTC,BTCUSDT,strategy-lab-v1.0.0:BREAKOUT_MOMENTUM_V1,10142.446059188378,False,1784307600000,321
2026-07-17T17:43:01.385359+00:00,ETH,ETHUSDT,strategy-lab-v1.0.0:BREAKOUT_MOMENTUM_V1,10116.665229961656,False,1784307600000,321
2026-07-17T17:43:01.385359+00:00,SOL,SOLUSDT,strategy-lab-v1.0.0:BREAKOUT_MOMENTUM_V1,9899.012105958447,False,1784307600000,321
2026-07-17T17:43:01.385359+00:00,XRP,XRPUSDT,strategy-lab-v1.0.0:BREAKOUT_MOMENTUM_V1,9805.409985189846,False,1784307600000,321
2026-07-17T17:43:01.385359+00:00,DOGE,DOGEUSDT,strategy-lab-v1.0.0:BREAKOUT_MOMENTUM_V1,10046.885476118241,False,1784307600000,321
2026-07-17T17:43:01.385359+00:00,NEAR,NEARUSDT,strategy-lab-v1.0.0:BREAKOUT_MOMENTUM_V1,9552.52423145608,False,1784307600000,321
2026-07-17T17:43:01.385359+00:00,BNB,BNBUSDT,strategy-lab-v1.0.0:BREAKOUT_MOMENTUM_V1,10006.647067914833,False,1784307600000,45
2026-07-17T17:43:01.385359+00:00,PAXG,PAXGUSDT,strategy-lab-v1.0.0:BREAKOUT_MOMENTUM_V1,10000.0,False,1784307600000,321
2026-07-17T18:41:36.387548+00:00,BTC,BTCUSDT,strategy-lab-v1.0.0:BREAKOUT_MOMENTUM_V1,10142.446059188378,False,1784311200000,321
2026-07-17T18:41:36.387548+00:00,ETH,ETHUSDT,strategy-lab-v1.0.0:BREAKOUT_MOMENTUM_V1,10116.665229961656,False,1784311200000,321
2026-07-17T18:41:36.387548+00:00,SOL,SOLUSDT,strategy-lab-v1.0.0:BREAKOUT_MOMENTUM_V1,9899.012105958447,False,1784311200000,321
2026-07-17T18:41:36.387548+00:00,XRP,XRPUSDT,strategy-lab-v1.0.0:BREAKOUT_MOMENTUM_V1,9805.409985189846,False,1784311200000,321
2026-07-17T18:41:36.387548+00:00,DOGE,DOGEUSDT,strategy-lab-v1.0.0:BREAKOUT_MOMENTUM_V1,10046.885476118241,False,1784311200000,321
2026-07-17T18:41:36.387548+00:00,NEAR,NEARUSDT,strategy-lab-v1.0.0:BREAKOUT_MOMENTUM_V1,9552.52423145608,False,1784311200000,321
2026-07-17T18:41:36.387548+00:00,BNB,BNBUSDT,strategy-lab-v1.0.0:BREAKOUT_MOMENTUM_V1,10006.647067914833,False,1784311200000,45
2026-07-17T18:41:36.387548+00:00,PAXG,PAXGUSDT,strategy-lab-v1.0.0:BREAKOUT_MOMENTUM_V1,10000.0,False,1784311200000,321
2026-07-17T19:47:35.274538+00:00,BTC,BTCUSDT,strategy-lab-v1.0.0:BREAKOUT_MOMENTUM_V1,10142.446059188378,False,1784314800000,321
2026-07-17T19:47:35.274538+00:00,ETH,ETHUSDT,strategy-lab-v1.0.0:BREAKOUT_MOMENTUM_V1,10116.665229961656,False,1784314800000,321
2026-07-17T19:47:35.274538+00:00,SOL,SOLUSDT,strategy-lab-v1.0.0:BREAKOUT_MOMENTUM_V1,9899.012105958447,False,1784314800000,321
2026-07-17T19:47:35.274538+00:00,XRP,XRPUSDT,strategy-lab-v1.0.0:BREAKOUT_MOMENTUM_V1,9805.409985189846,False,1784314800000,321
2026-07-17T19:47:35.274538+00:00,DOGE,DOGEUSDT,strategy-lab-v1.0.0:BREAKOUT_MOMENTUM_V1,10046.885476118241,False,1784314800000,321
2026-07-17T19:47:35.274538+00:00,NEAR,NEARUSDT,strategy-lab-v1.0.0:BREAKOUT_MOMENTUM_V1,9552.52423145608,False,1784314800000,321
2026-07-17T19:47:35.274538+00:00,BNB,BNBUSDT,strategy-lab-v1.0.0:BREAKOUT_MOMENTUM_V1,10006.647067914833,False,1784314800000,45
2026-07-17T19:47:35.274538+00:00,PAXG,PAXGUSDT,strategy-lab-v1.0.0:BREAKOUT_MOMENTUM_V1,10000.0,False,1784314800000,321
2026-07-17T20:38:14.742795+00:00,BTC,BTCUSDT,strategy-lab-v1.0.0:BREAKOUT_MOMENTUM_V1,10142.446059188378,False,1784318400000,321
2026-07-17T20:38:14.742795+00:00,ETH,ETHUSDT,strategy-lab-v1.0.0:BREAKOUT_MOMENTUM_V1,10116.665229961656,False,1784318400000,321
2026-07-17T20:38:14.742795+00:00,SOL,SOLUSDT,strategy-lab-v1.0.0:BREAKOUT_MOMENTUM_V1,9899.012105958447,False,1784318400000,321
2026-07-17T20:38:14.742795+00:00,XRP,XRPUSDT,strategy-lab-v1.0.0:BREAKOUT_MOMENTUM_V1,9805.409985189846,False,1784318400000,321
2026-07-17T20:38:14.742795+00:00,DOGE,DOGEUSDT,strategy-lab-v1.0.0:BREAKOUT_MOMENTUM_V1,10046.885476118241,False,1784318400000,321
2026-07-17T20:38:14.742795+00:00,NEAR,NEARUSDT,strategy-lab-v1.0.0:BREAKOUT_MOMENTUM_V1,9552.52423145608,False,1784318400000,321
2026-07-17T20:38:14.742795+00:00,BNB,BNBUSDT,strategy-lab-v1.0.0:BREAKOUT_MOMENTUM_V1,10006.647067914833,False,1784318400000,45
2026-07-17T20:38:14.742795+00:00,PAXG,PAXGUSDT,strategy-lab-v1.0.0:BREAKOUT_MOMENTUM_V1,10000.0,False,1784318400000,321
2026-07-17T21:29:58.054926+00:00,BTC,BTCUSDT,strategy-lab-v1.0.0:BREAKOUT_MOMENTUM_V1,10142.446059188378,False,1784322000000,321
2026-07-17T21:29:58.054926+00:00,ETH,ETHUSDT,strategy-lab-v1.0.0:BREAKOUT_MOMENTUM_V1,10116.665229961656,False,1784322000000,321
2026-07-17T21:29:58.054926+00:00,SOL,SOLUSDT,strategy-lab-v1.0.0:BREAKOUT_MOMENTUM_V1,9899.012105958447,False,1784322000000,321
2026-07-17T21:29:58.054926+00:00,XRP,XRPUSDT,strategy-lab-v1.0.0:BREAKOUT_MOMENTUM_V1,9805.409985189846,False,1784322000000,321
2026-07-17T21:29:58.054926+00:00,DOGE,DOGEUSDT,strategy-lab-v1.0.0:BREAKOUT_MOMENTUM_V1,10046.885476118241,False,1784322000000,321
2026-07-17T21:29:58.054926+00:00,NEAR,NEARUSDT,strategy-lab-v1.0.0:BREAKOUT_MOMENTUM_V1,9552.52423145608,False,1784322000000,321
2026-07-17T21:29:58.054926+00:00,BNB,BNBUSDT,strategy-lab-v1.0.0:BREAKOUT_MOMENTUM_V1,10006.647067914833,False,1784322000000,45
2026-07-17T21:29:58.054926+00:00,PAXG,PAXGUSDT,strategy-lab-v1.0.0:BREAKOUT_MOMENTUM_V1,10000.0,False,1784322000000,321
2026-07-17T22:25:40.895155+00:00,BTC,BTCUSDT,strategy-lab-v1.0.0:BREAKOUT_MOMENTUM_V1,10142.446059188378,False,1784325600000,321
2026-07-17T22:25:40.895155+00:00,ETH,ETHUSDT,strategy-lab-v1.0.0:BREAKOUT_MOMENTUM_V1,10116.665229961656,False,1784325600000,321
2026-07-17T22:25:40.895155+00:00,SOL,SOLUSDT,strategy-lab-v1.0.0:BREAKOUT_MOMENTUM_V1,9899.012105958447,False,1784325600000,321
2026-07-17T22:25:40.895155+00:00,XRP,XRPUSDT,strategy-lab-v1.0.0:BREAKOUT_MOMENTUM_V1,9805.409985189846,False,1784325600000,321
2026-07-17T22:25:40.895155+00:00,DOGE,DOGEUSDT,strategy-lab-v1.0.0:BREAKOUT_MOMENTUM_V1,10046.885476118241,False,1784325600000,321
2026-07-17T22:25:40.895155+00:00,NEAR,NEARUSDT,strategy-lab-v1.0.0:BREAKOUT_MOMENTUM_V1,9552.52423145608,False,1784325600000,321
2026-07-17T22:25:40.895155+00:00,BNB,BNBUSDT,strategy-lab-v1.0.0:BREAKOUT_MOMENTUM_V1,10006.647067914833,False,1784325600000,45
2026-07-17T22:25:40.895155+00:00,PAXG,PAXGUSDT,strategy-lab-v1.0.0:BREAKOUT_MOMENTUM_V1,10000.0,False,1784325600000,321
2026-07-17T23:22:40.932319+00:00,BTC,BTCUSDT,strategy-lab-v1.0.0:BREAKOUT_MOMENTUM_V1,10142.446059188378,False,1784329200000,321
2026-07-17T23:22:40.932319+00:00,ETH,ETHUSDT,strategy-lab-v1.0.0:BREAKOUT_MOMENTUM_V1,10116.665229961656,False,1784329200000,321
2026-07-17T23:22:40.932319+00:00,SOL,SOLUSDT,strategy-lab-v1.0.0:BREAKOUT_MOMENTUM_V1,9899.012105958447,False,1784329200000,321
2026-07-17T23:22:40.932319+00:00,XRP,XRPUSDT,strategy-lab-v1.0.0:BREAKOUT_MOMENTUM_V1,9805.409985189846,False,1784329200000,321
2026-07-17T23:22:40.932319+00:00,DOGE,DOGEUSDT,strategy-lab-v1.0.0:BREAKOUT_MOMENTUM_V1,10046.885476118241,False,1784329200000,321
2026-07-17T23:22:40.932319+00:00,NEAR,NEARUSDT,strategy-lab-v1.0.0:BREAKOUT_MOMENTUM_V1,9552.52423145608,False,1784329200000,321
2026-07-17T23:22:40.932319+00:00,BNB,BNBUSDT,strategy-lab-v1.0.0:BREAKOUT_MOMENTUM_V1,10006.647067914833,False,1784329200000,45
2026-07-17T23:22:40.932319+00:00,PAXG,PAXGUSDT,strategy-lab-v1.0.0:BREAKOUT_MOMENTUM_V1,10000.0,False,1784329200000,321
2026-07-18T00:14:11.008434+00:00,BTC,BTCUSDT,strategy-lab-v1.0.0:BREAKOUT_MOMENTUM_V1,10142.446059188378,False,1784332800000,321
2026-07-18T00:14:11.008434+00:00,ETH,ETHUSDT,strategy-lab-v1.0.0:BREAKOUT_MOMENTUM_V1,10116.665229961656,False,1784332800000,321
2026-07-18T00:14:11.008434+00:00,SOL,SOLUSDT,strategy-lab-v1.0.0:BREAKOUT_MOMENTUM_V1,9899.012105958447,False,1784332800000,321
2026-07-18T00:14:11.008434+00:00,XRP,XRPUSDT,strategy-lab-v1.0.0:BREAKOUT_MOMENTUM_V1,9805.409985189846,False,1784332800000,321
2026-07-18T00:14:11.008434+00:00,DOGE,DOGEUSDT,strategy-lab-v1.0.0:BREAKOUT_MOMENTUM_V1,10046.885476118241,False,1784332800000,321
2026-07-18T00:14:11.008434+00:00,NEAR,NEARUSDT,strategy-lab-v1.0.0:BREAKOUT_MOMENTUM_V1,9552.52423145608,False,1784332800000,321
2026-07-18T00:14:11.008434+00:00,BNB,BNBUSDT,strategy-lab-v1.0.0:BREAKOUT_MOMENTUM_V1,10006.647067914833,False,1784332800000,45
2026-07-18T00:14:11.008434+00:00,PAXG,PAXGUSDT,strategy-lab-v1.0.0:BREAKOUT_MOMENTUM_V1,10000.0,False,1784332800000,321
2026-07-18T03:34:25.845617+00:00,BTC,BTCUSDT,strategy-lab-v1.0.0:BREAKOUT_MOMENTUM_V1,10142.446059188378,False,1784343600000,323
2026-07-18T03:34:25.845617+00:00,ETH,ETHUSDT,strategy-lab-v1.0.0:BREAKOUT_MOMENTUM_V1,10116.665229961656,False,1784343600000,323
2026-07-18T03:34:25.845617+00:00,SOL,SOLUSDT,strategy-lab-v1.0.0:BREAKOUT_MOMENTUM_V1,9899.012105958447,False,1784343600000,323
2026-07-18T03:34:25.845617+00:00,XRP,XRPUSDT,strategy-lab-v1.0.0:BREAKOUT_MOMENTUM_V1,9805.409985189846,False,1784343600000,323
2026-07-18T03:34:25.845617+00:00,DOGE,DOGEUSDT,strategy-lab-v1.0.0:BREAKOUT_MOMENTUM_V1,10046.885476118241,False,1784343600000,323
2026-07-18T03:34:25.845617+00:00,NEAR,NEARUSDT,strategy-lab-v1.0.0:BREAKOUT_MOMENTUM_V1,9552.52423145608,False,1784343600000,323
2026-07-18T03:34:25.845617+00:00,BNB,BNBUSDT,strategy-lab-v1.0.0:BREAKOUT_MOMENTUM_V1,10006.647067914833,False,1784343600000,47
2026-07-18T03:34:25.845617+00:00,PAXG,PAXGUSDT,strategy-lab-v1.0.0:BREAKOUT_MOMENTUM_V1,10000.0,False,1784343600000,323
2026-07-18T05:50:27.796181+00:00,BTC,BTCUSDT,strategy-lab-v1.0.0:BREAKOUT_MOMENTUM_V1,10142.446059188378,False,1784350800000,324
2026-07-18T05:50:27.796181+00:00,ETH,ETHUSDT,strategy-lab-v1.0.0:BREAKOUT_MOMENTUM_V1,10116.665229961656,False,1784350800000,324
2026-07-18T05:50:27.796181+00:00,SOL,SOLUSDT,strategy-lab-v1.0.0:BREAKOUT_MOMENTUM_V1,9899.012105958447,False,1784350800000,324
2026-07-18T05:50:27.796181+00:00,XRP,XRPUSDT,strategy-lab-v1.0.0:BREAKOUT_MOMENTUM_V1,9805.409985189846,False,1784350800000,324
2026-07-18T05:50:27.796181+00:00,DOGE,DOGEUSDT,strategy-lab-v1.0.0:BREAKOUT_MOMENTUM_V1,10046.885476118241,False,1784350800000,324
2026-07-18T05:50:27.796181+00:00,NEAR,NEARUSDT,strategy-lab-v1.0.0:BREAKOUT_MOMENTUM_V1,9552.52423145608,False,1784350800000,324
2026-07-18T05:50:27.796181+00:00,BNB,BNBUSDT,strategy-lab-v1.0.0:BREAKOUT_MOMENTUM_V1,10006.647067914833,False,1784350800000,48
2026-07-18T05:50:27.796181+00:00,PAXG,PAXGUSDT,strategy-lab-v1.0.0:BREAKOUT_MOMENTUM_V1,10000.0,False,1784350800000,324
2026-07-18T07:21:31.453909+00:00,BTC,BTCUSDT,strategy-lab-v1.0.0:BREAKOUT_MOMENTUM_V1,10142.446059188378,False,1784358000000,325
2026-07-18T07:21:31.453909+00:00,ETH,ETHUSDT,strategy-lab-v1.0.0:BREAKOUT_MOMENTUM_V1,10116.665229961656,False,1784358000000,325
2026-07-18T07:21:31.453909+00:00,SOL,SOLUSDT,strategy-lab-v1.0.0:BREAKOUT_MOMENTUM_V1,9899.012105958447,False,1784358000000,325
2026-07-18T07:21:31.453909+00:00,XRP,XRPUSDT,strategy-lab-v1.0.0:BREAKOUT_MOMENTUM_V1,9805.409985189846,False,1784358000000,325
2026-07-18T07:21:31.453909+00:00,DOGE,DOGEUSDT,strategy-lab-v1.0.0:BREAKOUT_MOMENTUM_V1,10046.885476118241,False,1784358000000,325
2026-07-18T07:21:31.453909+00:00,NEAR,NEARUSDT,strategy-lab-v1.0.0:BREAKOUT_MOMENTUM_V1,9552.52423145608,False,1784358000000,325
2026-07-18T07:21:31.453909+00:00,BNB,BNBUSDT,strategy-lab-v1.0.0:BREAKOUT_MOMENTUM_V1,10006.647067914833,False,1784358000000,49
2026-07-18T07:21:31.453909+00:00,PAXG,PAXGUSDT,strategy-lab-v1.0.0:BREAKOUT_MOMENTUM_V1,10000.0,False,1784358000000,325
2026-07-18T09:04:53.046040+00:00,BTC,BTCUSDT,strategy-lab-v1.0.0:BREAKOUT_MOMENTUM_V1,10142.446059188378,False,1784365200000,326
2026-07-18T09:04:53.046040+00:00,ETH,ETHUSDT,strategy-lab-v1.0.0:BREAKOUT_MOMENTUM_V1,10116.665229961656,False,1784365200000,326
2026-07-18T09:04:53.046040+00:00,SOL,SOLUSDT,strategy-lab-v1.0.0:BREAKOUT_MOMENTUM_V1,9899.012105958447,False,1784365200000,326
2026-07-18T09:04:53.046040+00:00,XRP,XRPUSDT,strategy-lab-v1.0.0:BREAKOUT_MOMENTUM_V1,9805.409985189846,False,1784365200000,326
2026-07-18T09:04:53.046040+00:00,DOGE,DOGEUSDT,strategy-lab-v1.0.0:BREAKOUT_MOMENTUM_V1,10046.885476118241,False,1784365200000,326
2026-07-18T09:04:53.046040+00:00,NEAR,NEARUSDT,strategy-lab-v1.0.0:BREAKOUT_MOMENTUM_V1,9552.52423145608,False,1784361600000,325
2026-07-18T09:04:53.046040+00:00,BNB,BNBUSDT,strategy-lab-v1.0.0:BREAKOUT_MOMENTUM_V1,10006.647067914833,False,1784365200000,50
2026-07-18T09:04:53.046040+00:00,PAXG,PAXGUSDT,strategy-lab-v1.0.0:BREAKOUT_MOMENTUM_V1,10000.0,False,1784361600000,325
2026-07-18T10:37:26.372854+00:00,BTC,BTCUSDT,strategy-lab-v1.0.0:BREAKOUT_MOMENTUM_V1,10142.446059188378,False,1784368800000,326
2026-07-18T10:37:26.372854+00:00,ETH,ETHUSDT,strategy-lab-v1.0.0:BREAKOUT_MOMENTUM_V1,10116.665229961656,False,1784368800000,326
2026-07-18T10:37:26.372854+00:00,SOL,SOLUSDT,strategy-lab-v1.0.0:BREAKOUT_MOMENTUM_V1,9899.012105958447,False,1784368800000,326
2026-07-18T10:37:26.372854+00:00,XRP,XRPUSDT,strategy-lab-v1.0.0:BREAKOUT_MOMENTUM_V1,9805.409985189846,False,1784368800000,326
2026-07-18T10:37:26.372854+00:00,DOGE,DOGEUSDT,strategy-lab-v1.0.0:BREAKOUT_MOMENTUM_V1,10046.885476118241,False,1784368800000,326
2026-07-18T10:37:26.372854+00:00,NEAR,NEARUSDT,strategy-lab-v1.0.0:BREAKOUT_MOMENTUM_V1,9552.52423145608,False,1784368800000,326
2026-07-18T10:37:26.372854+00:00,BNB,BNBUSDT,strategy-lab-v1.0.0:BREAKOUT_MOMENTUM_V1,10006.647067914833,False,1784368800000,50
2026-07-18T10:37:26.372854+00:00,PAXG,PAXGUSDT,strategy-lab-v1.0.0:BREAKOUT_MOMENTUM_V1,10000.0,False,1784368800000,326
2026-07-18T11:34:15.155474+00:00,BTC,BTCUSDT,strategy-lab-v1.0.0:BREAKOUT_MOMENTUM_V1,10142.446059188378,False,1784372400000,326
2026-07-18T11:34:15.155474+00:00,ETH,ETHUSDT,strategy-lab-v1.0.0:BREAKOUT_MOMENTUM_V1,10116.665229961656,False,1784372400000,326
2026-07-18T11:34:15.155474+00:00,SOL,SOLUSDT,strategy-lab-v1.0.0:BREAKOUT_MOMENTUM_V1,9899.012105958447,False,1784372400000,326
2026-07-18T11:34:15.155474+00:00,XRP,XRPUSDT,strategy-lab-v1.0.0:BREAKOUT_MOMENTUM_V1,9805.409985189846,False,1784372400000,326
2026-07-18T11:34:15.155474+00:00,DOGE,DOGEUSDT,strategy-lab-v1.0.0:BREAKOUT_MOMENTUM_V1,10046.885476118241,False,1784372400000,326
2026-07-18T11:34:15.155474+00:00,NEAR,NEARUSDT,strategy-lab-v1.0.0:BREAKOUT_MOMENTUM_V1,9552.52423145608,False,1784372400000,326
2026-07-18T11:34:15.155474+00:00,BNB,BNBUSDT,strategy-lab-v1.0.0:BREAKOUT_MOMENTUM_V1,10006.647067914833,False,1784372400000,50
2026-07-18T11:34:15.155474+00:00,PAXG,PAXGUSDT,strategy-lab-v1.0.0:BREAKOUT_MOMENTUM_V1,10000.0,False,1784372400000,326
2026-07-18T12:32:13.487374+00:00,BTC,BTCUSDT,strategy-lab-v1.0.0:BREAKOUT_MOMENTUM_V1,10142.446059188378,False,1784376000000,326
2026-07-18T12:32:13.487374+00:00,ETH,ETHUSDT,strategy-lab-v1.0.0:BREAKOUT_MOMENTUM_V1,10116.665229961656,False,1784376000000,326
2026-07-18T12:32:13.487374+00:00,SOL,SOLUSDT,strategy-lab-v1.0.0:BREAKOUT_MOMENTUM_V1,9899.012105958447,False,1784376000000,326
2026-07-18T12:32:13.487374+00:00,XRP,XRPUSDT,strategy-lab-v1.0.0:BREAKOUT_MOMENTUM_V1,9805.409985189846,False,1784376000000,326
2026-07-18T12:32:13.487374+00:00,DOGE,DOGEUSDT,strategy-lab-v1.0.0:BREAKOUT_MOMENTUM_V1,10046.885476118241,False,1784376000000,326
2026-07-18T12:32:13.487374+00:00,NEAR,NEARUSDT,strategy-lab-v1.0.0:BREAKOUT_MOMENTUM_V1,9552.52423145608,False,1784376000000,326
2026-07-18T12:32:13.487374+00:00,BNB,BNBUSDT,strategy-lab-v1.0.0:BREAKOUT_MOMENTUM_V1,10006.647067914833,False,1784376000000,50
2026-07-18T12:32:13.487374+00:00,PAXG,PAXGUSDT,strategy-lab-v1.0.0:BREAKOUT_MOMENTUM_V1,10000.0,False,1784376000000,326
2026-07-18T14:01:23.554070+00:00,BTC,BTCUSDT,strategy-lab-v1.0.0:BREAKOUT_MOMENTUM_V1,10142.446059188378,False,1784379600000,326
2026-07-18T14:01:23.554070+00:00,ETH,ETHUSDT,strategy-lab-v1.0.0:BREAKOUT_MOMENTUM_V1,10116.665229961656,False,1784379600000,326
2026-07-18T14:01:23.554070+00:00,SOL,SOLUSDT,strategy-lab-v1.0.0:BREAKOUT_MOMENTUM_V1,9899.012105958447,False,1784379600000,326
2026-07-18T14:01:23.554070+00:00,XRP,XRPUSDT,strategy-lab-v1.0.0:BREAKOUT_MOMENTUM_V1,9805.409985189846,False,1784379600000,326
2026-07-18T14:01:23.554070+00:00,DOGE,DOGEUSDT,strategy-lab-v1.0.0:BREAKOUT_MOMENTUM_V1,10046.885476118241,False,1784379600000,326
2026-07-18T14:01:23.554070+00:00,NEAR,NEARUSDT,strategy-lab-v1.0.0:BREAKOUT_MOMENTUM_V1,9552.52423145608,False,1784379600000,326
2026-07-18T14:01:23.554070+00:00,BNB,BNBUSDT,strategy-lab-v1.0.0:BREAKOUT_MOMENTUM_V1,10006.647067914833,False,1784379600000,50
2026-07-18T14:01:23.554070+00:00,PAXG,PAXGUSDT,strategy-lab-v1.0.0:BREAKOUT_MOMENTUM_V1,10000.0,False,1784379600000,326
2026-07-18T15:04:57.497989+00:00,BTC,BTCUSDT,strategy-lab-v1.0.0:BREAKOUT_MOMENTUM_V1,10142.446059188378,False,1784386800000,327
2026-07-18T15:04:57.497989+00:00,ETH,ETHUSDT,strategy-lab-v1.0.0:BREAKOUT_MOMENTUM_V1,10116.665229961656,False,1784386800000,327
2026-07-18T15:04:57.497989+00:00,SOL,SOLUSDT,strategy-lab-v1.0.0:BREAKOUT_MOMENTUM_V1,9899.012105958447,False,1784386800000,327
2026-07-18T15:04:57.497989+00:00,XRP,XRPUSDT,strategy-lab-v1.0.0:BREAKOUT_MOMENTUM_V1,9805.409985189846,False,1784386800000,327
2026-07-18T15:04:57.497989+00:00,DOGE,DOGEUSDT,strategy-lab-v1.0.0:BREAKOUT_MOMENTUM_V1,10046.885476118241,False,1784386800000,327
2026-07-18T15:04:57.497989+00:00,NEAR,NEARUSDT,strategy-lab-v1.0.0:BREAKOUT_MOMENTUM_V1,9552.52423145608,False,1784386800000,327
2026-07-18T15:04:57.497989+00:00,BNB,BNBUSDT,strategy-lab-v1.0.0:BREAKOUT_MOMENTUM_V1,10006.647067914833,False,1784386800000,51
2026-07-18T15:04:57.497989+00:00,PAXG,PAXGUSDT,strategy-lab-v1.0.0:BREAKOUT_MOMENTUM_V1,10000.0,False,1784383200000,326
2026-07-18T16:06:49.867704+00:00,BTC,BTCUSDT,strategy-lab-v1.0.0:BREAKOUT_MOMENTUM_V1,10142.446059188378,False,1784390400000,327
2026-07-18T16:06:49.867704+00:00,ETH,ETHUSDT,strategy-lab-v1.0.0:BREAKOUT_MOMENTUM_V1,10116.665229961656,False,1784390400000,327
2026-07-18T16:06:49.867704+00:00,SOL,SOLUSDT,strategy-lab-v1.0.0:BREAKOUT_MOMENTUM_V1,9899.012105958447,False,1784390400000,327
2026-07-18T16:06:49.867704+00:00,XRP,XRPUSDT,strategy-lab-v1.0.0:BREAKOUT_MOMENTUM_V1,9805.409985189846,False,1784390400000,327
2026-07-18T16:06:49.867704+00:00,DOGE,DOGEUSDT,strategy-lab-v1.0.0:BREAKOUT_MOMENTUM_V1,10046.885476118241,False,1784390400000,327
2026-07-18T16:06:49.867704+00:00,NEAR,NEARUSDT,strategy-lab-v1.0.0:BREAKOUT_MOMENTUM_V1,9552.52423145608,False,1784390400000,327
2026-07-18T16:06:49.867704+00:00,BNB,BNBUSDT,strategy-lab-v1.0.0:BREAKOUT_MOMENTUM_V1,10006.647067914833,False,1784390400000,51
2026-07-18T16:06:49.867704+00:00,PAXG,PAXGUSDT,strategy-lab-v1.0.0:BREAKOUT_MOMENTUM_V1,10000.0,False,1784386800000,326
2026-07-18T17:09:10.301155+00:00,BTC,BTCUSDT,strategy-lab-v1.0.0:BREAKOUT_MOMENTUM_V1,10142.446059188378,False,1784394000000,327
2026-07-18T17:09:10.301155+00:00,ETH,ETHUSDT,strategy-lab-v1.0.0:BREAKOUT_MOMENTUM_V1,10116.665229961656,False,1784394000000,327
2026-07-18T17:09:10.301155+00:00,SOL,SOLUSDT,strategy-lab-v1.0.0:BREAKOUT_MOMENTUM_V1,9899.012105958447,False,1784394000000,327
2026-07-18T17:09:10.301155+00:00,XRP,XRPUSDT,strategy-lab-v1.0.0:BREAKOUT_MOMENTUM_V1,9805.409985189846,False,1784394000000,327
2026-07-18T17:09:10.301155+00:00,DOGE,DOGEUSDT,strategy-lab-v1.0.0:BREAKOUT_MOMENTUM_V1,10046.885476118241,False,1784394000000,327
2026-07-18T17:09:10.301155+00:00,NEAR,NEARUSDT,strategy-lab-v1.0.0:BREAKOUT_MOMENTUM_V1,9552.52423145608,False,1784394000000,327
2026-07-18T17:09:10.301155+00:00,BNB,BNBUSDT,strategy-lab-v1.0.0:BREAKOUT_MOMENTUM_V1,10006.647067914833,False,1784394000000,51
2026-07-18T17:09:10.301155+00:00,PAXG,PAXGUSDT,strategy-lab-v1.0.0:BREAKOUT_MOMENTUM_V1,10000.0,False,1784394000000,327
2026-07-18T17:10:32.208567+00:00,BTC,BTCUSDT,strategy-lab-v1.0.0:BREAKOUT_MOMENTUM_V1,10142.446059188378,False,1784394000000,327
2026-07-18T17:10:32.208567+00:00,ETH,ETHUSDT,strategy-lab-v1.0.0:BREAKOUT_MOMENTUM_V1,10116.665229961656,False,1784394000000,327
2026-07-18T17:10:32.208567+00:00,SOL,SOLUSDT,strategy-lab-v1.0.0:BREAKOUT_MOMENTUM_V1,9899.012105958447,False,1784394000000,327
2026-07-18T17:10:32.208567+00:00,XRP,XRPUSDT,strategy-lab-v1.0.0:BREAKOUT_MOMENTUM_V1,9805.409985189846,False,1784394000000,327
2026-07-18T17:10:32.208567+00:00,DOGE,DOGEUSDT,strategy-lab-v1.0.0:BREAKOUT_MOMENTUM_V1,10046.885476118241,False,1784394000000,327
2026-07-18T17:10:32.208567+00:00,NEAR,NEARUSDT,strategy-lab-v1.0.0:BREAKOUT_MOMENTUM_V1,9552.52423145608,False,1784394000000,327
2026-07-18T17:10:32.208567+00:00,BNB,BNBUSDT,strategy-lab-v1.0.0:BREAKOUT_MOMENTUM_V1,10006.647067914833,False,1784394000000,51
2026-07-18T17:10:32.208567+00:00,PAXG,PAXGUSDT,strategy-lab-v1.0.0:BREAKOUT_MOMENTUM_V1,10000.0,False,1784394000000,327
2026-07-18T18:07:00.136968+00:00,BTC,BTCUSDT,strategy-lab-v1.0.0:BREAKOUT_MOMENTUM_V1,10142.446059188378,False,1784397600000,327
2026-07-18T18:07:00.136968+00:00,ETH,ETHUSDT,strategy-lab-v1.0.0:BREAKOUT_MOMENTUM_V1,10116.665229961656,False,1784397600000,327
2026-07-18T18:07:00.136968+00:00,SOL,SOLUSDT,strategy-lab-v1.0.0:BREAKOUT_MOMENTUM_V1,9899.012105958447,False,1784397600000,327
2026-07-18T18:07:00.136968+00:00,XRP,XRPUSDT,strategy-lab-v1.0.0:BREAKOUT_MOMENTUM_V1,9805.409985189846,False,1784397600000,327
2026-07-18T18:07:00.136968+00:00,DOGE,DOGEUSDT,strategy-lab-v1.0.0:BREAKOUT_MOMENTUM_V1,10046.885476118241,False,1784397600000,327
2026-07-18T18:07:00.136968+00:00,NEAR,NEARUSDT,strategy-lab-v1.0.0:BREAKOUT_MOMENTUM_V1,9552.52423145608,False,1784397600000,327
2026-07-18T18:07:00.136968+00:00,BNB,BNBUSDT,strategy-lab-v1.0.0:BREAKOUT_MOMENTUM_V1,10006.647067914833,False,1784397600000,51
2026-07-18T18:07:00.136968+00:00,PAXG,PAXGUSDT,strategy-lab-v1.0.0:BREAKOUT_MOMENTUM_V1,10000.0,False,1784397600000,327
2026-07-18T19:21:06.478656+00:00,BTC,BTCUSDT,strategy-lab-v1.0.0:BREAKOUT_MOMENTUM_V1,10142.446059188378,False,1784401200000,327
2026-07-18T19:21:06.478656+00:00,ETH,ETHUSDT,strategy-lab-v1.0.0:BREAKOUT_MOMENTUM_V1,10116.665229961656,False,1784401200000,327
2026-07-18T19:21:06.478656+00:00,SOL,SOLUSDT,strategy-lab-v1.0.0:BREAKOUT_MOMENTUM_V1,9899.012105958447,False,1784401200000,327
2026-07-18T19:21:06.478656+00:00,XRP,XRPUSDT,strategy-lab-v1.0.0:BREAKOUT_MOMENTUM_V1,9805.409985189846,False,1784401200000,327
2026-07-18T19:21:06.478656+00:00,DOGE,DOGEUSDT,strategy-lab-v1.0.0:BREAKOUT_MOMENTUM_V1,10046.885476118241,False,1784401200000,327
2026-07-18T19:21:06.478656+00:00,NEAR,NEARUSDT,strategy-lab-v1.0.0:BREAKOUT_MOMENTUM_V1,9552.52423145608,False,1784401200000,327
2026-07-18T19:21:06.478656+00:00,BNB,BNBUSDT,strategy-lab-v1.0.0:BREAKOUT_MOMENTUM_V1,10006.647067914833,False,1784401200000,51
2026-07-18T19:21:06.478656+00:00,PAXG,PAXGUSDT,strategy-lab-v1.0.0:BREAKOUT_MOMENTUM_V1,10000.0,False,1784401200000,327
2026-07-18T20:10:33.554640+00:00,BTC,BTCUSDT,strategy-lab-v1.0.0:BREAKOUT_MOMENTUM_V1,10142.446059188378,False,1784404800000,327
2026-07-18T20:10:33.554640+00:00,ETH,ETHUSDT,strategy-lab-v1.0.0:BREAKOUT_MOMENTUM_V1,10116.665229961656,False,1784404800000,327
2026-07-18T20:10:33.554640+00:00,SOL,SOLUSDT,strategy-lab-v1.0.0:BREAKOUT_MOMENTUM_V1,9899.012105958447,False,1784404800000,327
2026-07-18T20:10:33.554640+00:00,XRP,XRPUSDT,strategy-lab-v1.0.0:BREAKOUT_MOMENTUM_V1,9805.409985189846,False,1784404800000,327
2026-07-18T20:10:33.554640+00:00,DOGE,DOGEUSDT,strategy-lab-v1.0.0:BREAKOUT_MOMENTUM_V1,10046.885476118241,False,1784404800000,327
2026-07-18T20:10:33.554640+00:00,NEAR,NEARUSDT,strategy-lab-v1.0.0:BREAKOUT_MOMENTUM_V1,9552.52423145608,False,1784404800000,327
2026-07-18T20:10:33.554640+00:00,BNB,BNBUSDT,strategy-lab-v1.0.0:BREAKOUT_MOMENTUM_V1,10006.647067914833,False,1784404800000,51
2026-07-18T20:10:33.554640+00:00,PAXG,PAXGUSDT,strategy-lab-v1.0.0:BREAKOUT_MOMENTUM_V1,10000.0,False,1784404800000,327
2026-07-18T21:05:46.438050+00:00,BTC,BTCUSDT,strategy-lab-v1.0.0:BREAKOUT_MOMENTUM_V1,10142.446059188378,False,1784408400000,327
2026-07-18T21:05:46.438050+00:00,ETH,ETHUSDT,strategy-lab-v1.0.0:BREAKOUT_MOMENTUM_V1,10116.665229961656,False,1784408400000,327
2026-07-18T21:05:46.438050+00:00,SOL,SOLUSDT,strategy-lab-v1.0.0:BREAKOUT_MOMENTUM_V1,9899.012105958447,False,1784408400000,327
2026-07-18T21:05:46.438050+00:00,XRP,XRPUSDT,strategy-lab-v1.0.0:BREAKOUT_MOMENTUM_V1,9805.409985189846,False,1784408400000,327
2026-07-18T21:05:46.438050+00:00,DOGE,DOGEUSDT,strategy-lab-v1.0.0:BREAKOUT_MOMENTUM_V1,10046.885476118241,False,1784408400000,327
2026-07-18T21:05:46.438050+00:00,NEAR,NEARUSDT,strategy-lab-v1.0.0:BREAKOUT_MOMENTUM_V1,9552.52423145608,False,1784408400000,327
2026-07-18T21:05:46.438050+00:00,BNB,BNBUSDT,strategy-lab-v1.0.0:BREAKOUT_MOMENTUM_V1,10006.647067914833,False,1784408400000,51
2026-07-18T21:05:46.438050+00:00,PAXG,PAXGUSDT,strategy-lab-v1.0.0:BREAKOUT_MOMENTUM_V1,10000.0,False,1784408400000,327
2026-07-18T22:02:49.027380+00:00,BTC,BTCUSDT,strategy-lab-v1.0.0:BREAKOUT_MOMENTUM_V1,10142.446059188378,False,1784408400000,327
2026-07-18T22:02:49.027380+00:00,ETH,ETHUSDT,strategy-lab-v1.0.0:BREAKOUT_MOMENTUM_V1,10116.665229961656,False,1784408400000,327
2026-07-18T22:02:49.027380+00:00,SOL,SOLUSDT,strategy-lab-v1.0.0:BREAKOUT_MOMENTUM_V1,9899.012105958447,False,1784412000000,327
2026-07-18T22:02:49.027380+00:00,XRP,XRPUSDT,strategy-lab-v1.0.0:BREAKOUT_MOMENTUM_V1,9805.409985189846,False,1784408400000,327
2026-07-18T22:02:49.027380+00:00,DOGE,DOGEUSDT,strategy-lab-v1.0.0:BREAKOUT_MOMENTUM_V1,10046.885476118241,False,1784412000000,327
2026-07-18T22:02:49.027380+00:00,NEAR,NEARUSDT,strategy-lab-v1.0.0:BREAKOUT_MOMENTUM_V1,9552.52423145608,False,1784408400000,327
2026-07-18T22:02:49.027380+00:00,BNB,BNBUSDT,strategy-lab-v1.0.0:BREAKOUT_MOMENTUM_V1,10006.647067914833,False,1784408400000,51
2026-07-18T22:02:49.027380+00:00,PAXG,PAXGUSDT,strategy-lab-v1.0.0:BREAKOUT_MOMENTUM_V1,10000.0,False,1784408400000,327
2026-07-18T23:01:30.190369+00:00,BTC,BTCUSDT,strategy-lab-v1.0.0:BREAKOUT_MOMENTUM_V1,10142.446059188378,False,1784412000000,327
2026-07-18T23:01:30.190369+00:00,ETH,ETHUSDT,strategy-lab-v1.0.0:BREAKOUT_MOMENTUM_V1,10116.665229961656,False,1784412000000,327
2026-07-18T23:01:30.190369+00:00,SOL,SOLUSDT,strategy-lab-v1.0.0:BREAKOUT_MOMENTUM_V1,9899.012105958447,False,1784412000000,327
2026-07-18T23:01:30.190369+00:00,XRP,XRPUSDT,strategy-lab-v1.0.0:BREAKOUT_MOMENTUM_V1,9805.409985189846,False,1784412000000,327
2026-07-18T23:01:30.190369+00:00,DOGE,DOGEUSDT,strategy-lab-v1.0.0:BREAKOUT_MOMENTUM_V1,10046.885476118241,False,1784412000000,327
2026-07-18T23:01:30.190369+00:00,NEAR,NEARUSDT,strategy-lab-v1.0.0:BREAKOUT_MOMENTUM_V1,9552.52423145608,False,1784412000000,327
2026-07-18T23:01:30.190369+00:00,BNB,BNBUSDT,strategy-lab-v1.0.0:BREAKOUT_MOMENTUM_V1,10006.647067914833,False,1784412000000,51
2026-07-18T23:01:30.190369+00:00,PAXG,PAXGUSDT,strategy-lab-v1.0.0:BREAKOUT_MOMENTUM_V1,10000.0,False,1784412000000,327
2026-07-19T00:01:32.228231+00:00,BTC,BTCUSDT,strategy-lab-v1.0.0:BREAKOUT_MOMENTUM_V1,10142.446059188378,False,1784415600000,327
2026-07-19T00:01:32.228231+00:00,ETH,ETHUSDT,strategy-lab-v1.0.0:BREAKOUT_MOMENTUM_V1,10116.665229961656,False,1784419200000,328
2026-07-19T00:01:32.228231+00:00,SOL,SOLUSDT,strategy-lab-v1.0.0:BREAKOUT_MOMENTUM_V1,9899.012105958447,False,1784415600000,327
2026-07-19T00:01:32.228231+00:00,XRP,XRPUSDT,strategy-lab-v1.0.0:BREAKOUT_MOMENTUM_V1,9805.409985189846,False,1784415600000,327
2026-07-19T00:01:32.228231+00:00,DOGE,DOGEUSDT,strategy-lab-v1.0.0:BREAKOUT_MOMENTUM_V1,10046.885476118241,False,1784415600000,327
2026-07-19T00:01:32.228231+00:00,NEAR,NEARUSDT,strategy-lab-v1.0.0:BREAKOUT_MOMENTUM_V1,9552.52423145608,False,1784415600000,327
2026-07-19T00:01:32.228231+00:00,BNB,BNBUSDT,strategy-lab-v1.0.0:BREAKOUT_MOMENTUM_V1,10006.647067914833,False,1784415600000,51
2026-07-19T00:01:32.228231+00:00,PAXG,PAXGUSDT,strategy-lab-v1.0.0:BREAKOUT_MOMENTUM_V1,10000.0,False,1784415600000,327
2026-07-19T03:41:31.708065+00:00,BTC,BTCUSDT,strategy-lab-v1.0.0:BREAKOUT_MOMENTUM_V1,10142.446059188378,False,1784430000000,330
2026-07-19T03:41:31.708065+00:00,ETH,ETHUSDT,strategy-lab-v1.0.0:BREAKOUT_MOMENTUM_V1,10116.665229961656,True,1784430000000,330
2026-07-19T03:41:31.708065+00:00,SOL,SOLUSDT,strategy-lab-v1.0.0:BREAKOUT_MOMENTUM_V1,9899.012105958447,False,1784430000000,330
2026-07-19T03:41:31.708065+00:00,XRP,XRPUSDT,strategy-lab-v1.0.0:BREAKOUT_MOMENTUM_V1,9805.409985189846,False,1784430000000,330
2026-07-19T03:41:31.708065+00:00,DOGE,DOGEUSDT,strategy-lab-v1.0.0:BREAKOUT_MOMENTUM_V1,10046.885476118241,False,1784430000000,330
2026-07-19T03:41:31.708065+00:00,NEAR,NEARUSDT,strategy-lab-v1.0.0:BREAKOUT_MOMENTUM_V1,9552.52423145608,False,1784430000000,330
2026-07-19T03:41:31.708065+00:00,BNB,BNBUSDT,strategy-lab-v1.0.0:BREAKOUT_MOMENTUM_V1,10006.647067914833,False,1784430000000,54
2026-07-19T03:41:31.708065+00:00,PAXG,PAXGUSDT,strategy-lab-v1.0.0:BREAKOUT_MOMENTUM_V1,10000.0,False,1784430000000,330
2026-07-19T06:15:55.912056+00:00,BTC,BTCUSDT,strategy-lab-v1.0.0:BREAKOUT_MOMENTUM_V1,10142.446059188378,False,1784440800000,332
2026-07-19T06:15:55.912056+00:00,ETH,ETHUSDT,strategy-lab-v1.0.0:BREAKOUT_MOMENTUM_V1,10116.665229961656,True,1784440800000,332
2026-07-19T06:15:55.912056+00:00,SOL,SOLUSDT,strategy-lab-v1.0.0:BREAKOUT_MOMENTUM_V1,9899.012105958447,False,1784440800000,332
2026-07-19T06:15:55.912056+00:00,XRP,XRPUSDT,strategy-lab-v1.0.0:BREAKOUT_MOMENTUM_V1,9805.409985189846,False,1784440800000,332
2026-07-19T06:15:55.912056+00:00,DOGE,DOGEUSDT,strategy-lab-v1.0.0:BREAKOUT_MOMENTUM_V1,10046.885476118241,False,1784440800000,332
2026-07-19T06:15:55.912056+00:00,NEAR,NEARUSDT,strategy-lab-v1.0.0:BREAKOUT_MOMENTUM_V1,9552.52423145608,False,1784440800000,332
2026-07-19T06:15:55.912056+00:00,BNB,BNBUSDT,strategy-lab-v1.0.0:BREAKOUT_MOMENTUM_V1,10006.647067914833,False,1784440800000,56
2026-07-19T06:15:55.912056+00:00,PAXG,PAXGUSDT,strategy-lab-v1.0.0:BREAKOUT_MOMENTUM_V1,10000.0,False,1784440800000,332
2026-07-19T08:36:16.854597+00:00,BTC,BTCUSDT,strategy-lab-v1.0.0:BREAKOUT_MOMENTUM_V1,10142.446059188378,False,1784448000000,333
2026-07-19T08:36:16.854597+00:00,ETH,ETHUSDT,strategy-lab-v1.0.0:BREAKOUT_MOMENTUM_V1,10116.665229961656,True,1784448000000,333
2026-07-19T08:36:16.854597+00:00,SOL,SOLUSDT,strategy-lab-v1.0.0:BREAKOUT_MOMENTUM_V1,9899.012105958447,False,1784448000000,333
2026-07-19T08:36:16.854597+00:00,XRP,XRPUSDT,strategy-lab-v1.0.0:BREAKOUT_MOMENTUM_V1,9805.409985189846,False,1784448000000,333
2026-07-19T08:36:16.854597+00:00,DOGE,DOGEUSDT,strategy-lab-v1.0.0:BREAKOUT_MOMENTUM_V1,10046.885476118241,False,1784448000000,333
2026-07-19T08:36:16.854597+00:00,NEAR,NEARUSDT,strategy-lab-v1.0.0:BREAKOUT_MOMENTUM_V1,9552.52423145608,False,1784448000000,333
2026-07-19T08:36:16.854597+00:00,BNB,BNBUSDT,strategy-lab-v1.0.0:BREAKOUT_MOMENTUM_V1,10006.647067914833,False,1784448000000,57
2026-07-19T08:36:16.854597+00:00,PAXG,PAXGUSDT,strategy-lab-v1.0.0:BREAKOUT_MOMENTUM_V1,10000.0,False,1784448000000,333
2026-07-19T10:11:40.040311+00:00,BTC,BTCUSDT,strategy-lab-v1.0.0:BREAKOUT_MOMENTUM_V1,10142.446059188378,False,1784455200000,334
2026-07-19T10:11:40.040311+00:00,ETH,ETHUSDT,strategy-lab-v1.0.0:BREAKOUT_MOMENTUM_V1,10116.665229961656,True,1784455200000,334
2026-07-19T10:11:40.040311+00:00,SOL,SOLUSDT,strategy-lab-v1.0.0:BREAKOUT_MOMENTUM_V1,9899.012105958447,False,1784455200000,334
2026-07-19T10:11:40.040311+00:00,XRP,XRPUSDT,strategy-lab-v1.0.0:BREAKOUT_MOMENTUM_V1,9805.409985189846,False,1784455200000,334
2026-07-19T10:11:40.040311+00:00,DOGE,DOGEUSDT,strategy-lab-v1.0.0:BREAKOUT_MOMENTUM_V1,10046.885476118241,False,1784455200000,334
2026-07-19T10:11:40.040311+00:00,NEAR,NEARUSDT,strategy-lab-v1.0.0:BREAKOUT_MOMENTUM_V1,9552.52423145608,False,1784455200000,334
2026-07-19T10:11:40.040311+00:00,BNB,BNBUSDT,strategy-lab-v1.0.0:BREAKOUT_MOMENTUM_V1,10006.647067914833,False,1784455200000,58
2026-07-19T10:11:40.040311+00:00,PAXG,PAXGUSDT,strategy-lab-v1.0.0:BREAKOUT_MOMENTUM_V1,10000.0,False,1784455200000,334
2026-07-19T10:11:40.040311+00:00,GOLD,XAU/USD,strategy-lab-v1.0.0:BREAKOUT_MOMENTUM_V1,10000.0,False,1784455200000,0
2026-07-19T10:11:40.040311+00:00,SILVER,XAG/USD,strategy-lab-v1.0.0:BREAKOUT_MOMENTUM_V1,10000.0,False,0,0
2026-07-19T10:11:40.040311+00:00,OIL,WTI/USD,strategy-lab-v1.0.0:BREAKOUT_MOMENTUM_V1,10000.0,False,0,0
2026-07-19T10:11:40.040311+00:00,GOLD_FUT,GC=F,strategy-lab-v1.0.0:BREAKOUT_MOMENTUM_V1,10000.0,False,1784318400000,0
2026-07-19T10:11:40.040311+00:00,SILVER_FUT,SI=F,strategy-lab-v1.0.0:BREAKOUT_MOMENTUM_V1,10000.0,False,1784318400000,0
2026-07-19T10:11:40.040311+00:00,COPPER_FUT,HG=F,strategy-lab-v1.0.0:BREAKOUT_MOMENTUM_V1,9930.980318139242,False,1784318400000,0
2026-07-19T10:11:40.040311+00:00,OIL_FUT,CL=F,strategy-lab-v1.0.0:BREAKOUT_MOMENTUM_V1,9967.264773480592,True,1784318400000,0
2026-07-19T10:11:40.040311+00:00,BRENT_FUT,BZ=F,strategy-lab-v1.0.0:BREAKOUT_MOMENTUM_V1,9964.251642893265,True,1784318400000,0
2026-07-19T10:11:40.040311+00:00,SPY,SPY,strategy-lab-v1.0.0:BREAKOUT_MOMENTUM_V1,9889.508479216856,False,1784316600000,0
2026-07-19T10:11:40.040311+00:00,QQQ,QQQ,strategy-lab-v1.0.0:BREAKOUT_MOMENTUM_V1,9914.31196162559,False,1784316600000,0
2026-07-19T10:11:40.040311+00:00,NVDA,NVDA,strategy-lab-v1.0.0:BREAKOUT_MOMENTUM_V1,9906.570381290368,False,1784316600000,0
2026-07-19T10:11:40.040311+00:00,MSTR,MSTR,strategy-lab-v1.0.0:BREAKOUT_MOMENTUM_V1,10000.0,False,1784316600000,0
2026-07-19T10:11:40.040311+00:00,COIN,COIN,strategy-lab-v1.0.0:BREAKOUT_MOMENTUM_V1,10003.574439447419,False,1784316600000,0
2026-07-19T10:11:40.040311+00:00,MARA,MARA,strategy-lab-v1.0.0:BREAKOUT_MOMENTUM_V1,9893.799369011773,False,1784316600000,0
2026-07-19T10:11:40.040311+00:00,RIOT,RIOT,strategy-lab-v1.0.0:BREAKOUT_MOMENTUM_V1,10000.0,False,1784316600000,0
2026-07-19T10:11:40.040311+00:00,GLD,GLD,strategy-lab-v1.0.0:BREAKOUT_MOMENTUM_V1,10000.0,False,1784316600000,0
2026-07-19T10:11:40.040311+00:00,GDX,GDX,strategy-lab-v1.0.0:BREAKOUT_MOMENTUM_V1,10000.0,False,1784316600000,0
2026-07-19T10:11:40.040311+00:00,NEM,NEM,strategy-lab-v1.0.0:BREAKOUT_MOMENTUM_V1,10000.0,False,1784316600000,0
2026-07-19T10:11:40.040311+00:00,DXY,DX-Y.NYB,strategy-lab-v1.0.0:BREAKOUT_MOMENTUM_V1,10000.0,False,1784318400000,0
2026-07-19T10:11:40.040311+00:00,EURUSD,EURUSD=X,strategy-lab-v1.0.0:BREAKOUT_MOMENTUM_V1,9965.807707682328,False,1784322000000,0
2026-07-19T10:11:40.040311+00:00,GBPUSD,GBPUSD=X,strategy-lab-v1.0.0:BREAKOUT_MOMENTUM_V1,9985.300541671892,False,1784322000000,0
2026-07-19T10:11:40.040311+00:00,USDJPY,JPY=X,strategy-lab-v1.0.0:BREAKOUT_MOMENTUM_V1,9957.382899416503,False,1784318400000,0
2026-07-19T10:11:40.040311+00:00,USDCHF,CHF=X,strategy-lab-v1.0.0:BREAKOUT_MOMENTUM_V1,9957.57562007932,False,1784318400000,0
2026-07-19T10:11:40.040311+00:00,AUDUSD,AUDUSD=X,strategy-lab-v1.0.0:BREAKOUT_MOMENTUM_V1,9930.100510362643,False,1784322000000,0
2026-07-19T10:11:40.040311+00:00,USDCAD,CAD=X,strategy-lab-v1.0.0:BREAKOUT_MOMENTUM_V1,10000.0,False,1784322000000,0
2026-07-19T11:29:25.862118+00:00,BTC,BTCUSDT,strategy-lab-v1.0.0:BREAKOUT_MOMENTUM_V1,10142.446059188378,False,1784458800000,334
2026-07-19T11:29:25.862118+00:00,ETH,ETHUSDT,strategy-lab-v1.0.0:BREAKOUT_MOMENTUM_V1,10116.665229961656,True,1784458800000,334
2026-07-19T11:29:25.862118+00:00,SOL,SOLUSDT,strategy-lab-v1.0.0:BREAKOUT_MOMENTUM_V1,9899.012105958447,False,1784458800000,334
2026-07-19T11:29:25.862118+00:00,XRP,XRPUSDT,strategy-lab-v1.0.0:BREAKOUT_MOMENTUM_V1,9805.409985189846,False,1784458800000,334
2026-07-19T11:29:25.862118+00:00,DOGE,DOGEUSDT,strategy-lab-v1.0.0:BREAKOUT_MOMENTUM_V1,10046.885476118241,False,1784458800000,334
2026-07-19T11:29:25.862118+00:00,NEAR,NEARUSDT,strategy-lab-v1.0.0:BREAKOUT_MOMENTUM_V1,9552.52423145608,False,1784458800000,334
2026-07-19T11:29:25.862118+00:00,BNB,BNBUSDT,strategy-lab-v1.0.0:BREAKOUT_MOMENTUM_V1,10006.647067914833,False,1784458800000,58
2026-07-19T11:29:25.862118+00:00,PAXG,PAXGUSDT,strategy-lab-v1.0.0:BREAKOUT_MOMENTUM_V1,10000.0,False,1784458800000,334
2026-07-19T11:29:25.862118+00:00,GOLD,XAU/USD,strategy-lab-v1.0.0:BREAKOUT_MOMENTUM_V1,10000.0,False,1784455200000,0
2026-07-19T11:29:25.862118+00:00,SILVER,XAG/USD,strategy-lab-v1.0.0:BREAKOUT_MOMENTUM_V1,10000.0,False,0,0
2026-07-19T11:29:25.862118+00:00,OIL,WTI/USD,strategy-lab-v1.0.0:BREAKOUT_MOMENTUM_V1,10000.0,False,0,0
2026-07-19T11:29:25.862118+00:00,GOLD_FUT,GC=F,strategy-lab-v1.0.0:BREAKOUT_MOMENTUM_V1,10000.0,False,1784318400000,0
2026-07-19T11:29:25.862118+00:00,SILVER_FUT,SI=F,strategy-lab-v1.0.0:BREAKOUT_MOMENTUM_V1,10000.0,False,1784318400000,0
2026-07-19T11:29:25.862118+00:00,COPPER_FUT,HG=F,strategy-lab-v1.0.0:BREAKOUT_MOMENTUM_V1,9930.980318139242,False,1784318400000,0
2026-07-19T11:29:25.862118+00:00,OIL_FUT,CL=F,strategy-lab-v1.0.0:BREAKOUT_MOMENTUM_V1,9967.264773480592,True,1784318400000,0
2026-07-19T11:29:25.862118+00:00,BRENT_FUT,BZ=F,strategy-lab-v1.0.0:BREAKOUT_MOMENTUM_V1,9964.251642893265,True,1784318400000,0
2026-07-19T11:29:25.862118+00:00,SPY,SPY,strategy-lab-v1.0.0:BREAKOUT_MOMENTUM_V1,9889.508479216856,False,1784316600000,0
2026-07-19T11:29:25.862118+00:00,QQQ,QQQ,strategy-lab-v1.0.0:BREAKOUT_MOMENTUM_V1,9914.31196162559,False,1784316600000,0
2026-07-19T11:29:25.862118+00:00,NVDA,NVDA,strategy-lab-v1.0.0:BREAKOUT_MOMENTUM_V1,9906.570381290368,False,1784316600000,0
2026-07-19T11:29:25.862118+00:00,MSTR,MSTR,strategy-lab-v1.0.0:BREAKOUT_MOMENTUM_V1,10000.0,False,1784316600000,0
2026-07-19T11:29:25.862118+00:00,COIN,COIN,strategy-lab-v1.0.0:BREAKOUT_MOMENTUM_V1,10003.574439447419,False,1784316600000,0
2026-07-19T11:29:25.862118+00:00,MARA,MARA,strategy-lab-v1.0.0:BREAKOUT_MOMENTUM_V1,9893.799369011773,False,1784316600000,0
2026-07-19T11:29:25.862118+00:00,RIOT,RIOT,strategy-lab-v1.0.0:BREAKOUT_MOMENTUM_V1,10000.0,False,1784316600000,0
2026-07-19T11:29:25.862118+00:00,GLD,GLD,strategy-lab-v1.0.0:BREAKOUT_MOMENTUM_V1,10000.0,False,1784316600000,0
2026-07-19T11:29:25.862118+00:00,GDX,GDX,strategy-lab-v1.0.0:BREAKOUT_MOMENTUM_V1,10000.0,False,1784316600000,0
2026-07-19T11:29:25.862118+00:00,NEM,NEM,strategy-lab-v1.0.0:BREAKOUT_MOMENTUM_V1,10000.0,False,1784316600000,0
2026-07-19T11:29:25.862118+00:00,DXY,DX-Y.NYB,strategy-lab-v1.0.0:BREAKOUT_MOMENTUM_V1,10000.0,False,1784318400000,0
2026-07-19T11:29:25.862118+00:00,EURUSD,EURUSD=X,strategy-lab-v1.0.0:BREAKOUT_MOMENTUM_V1,9965.807707682328,False,1784322000000,0
2026-07-19T11:29:25.862118+00:00,GBPUSD,GBPUSD=X,strategy-lab-v1.0.0:BREAKOUT_MOMENTUM_V1,9985.300541671892,False,1784322000000,0
2026-07-19T11:29:25.862118+00:00,USDJPY,JPY=X,strategy-lab-v1.0.0:BREAKOUT_MOMENTUM_V1,9957.382899416503,False,1784318400000,0
2026-07-19T11:29:25.862118+00:00,USDCHF,CHF=X,strategy-lab-v1.0.0:BREAKOUT_MOMENTUM_V1,9957.57562007932,False,1784318400000,0
2026-07-19T11:29:25.862118+00:00,AUDUSD,AUDUSD=X,strategy-lab-v1.0.0:BREAKOUT_MOMENTUM_V1,9930.100510362643,False,1784322000000,0
2026-07-19T11:29:25.862118+00:00,USDCAD,CAD=X,strategy-lab-v1.0.0:BREAKOUT_MOMENTUM_V1,10000.0,False,1784322000000,0
2026-07-19T12:28:54.593056+00:00,BTC,BTCUSDT,strategy-lab-v1.0.0:BREAKOUT_MOMENTUM_V1,10142.446059188378,False,1784462400000,334
2026-07-19T12:28:54.593056+00:00,ETH,ETHUSDT,strategy-lab-v1.0.0:BREAKOUT_MOMENTUM_V1,10116.665229961656,True,1784462400000,334
2026-07-19T12:28:54.593056+00:00,SOL,SOLUSDT,strategy-lab-v1.0.0:BREAKOUT_MOMENTUM_V1,9899.012105958447,False,1784462400000,334
2026-07-19T12:28:54.593056+00:00,XRP,XRPUSDT,strategy-lab-v1.0.0:BREAKOUT_MOMENTUM_V1,9805.409985189846,False,1784462400000,334
2026-07-19T12:28:54.593056+00:00,DOGE,DOGEUSDT,strategy-lab-v1.0.0:BREAKOUT_MOMENTUM_V1,10046.885476118241,False,1784462400000,334
2026-07-19T12:28:54.593056+00:00,NEAR,NEARUSDT,strategy-lab-v1.0.0:BREAKOUT_MOMENTUM_V1,9552.52423145608,False,1784462400000,334
2026-07-19T12:28:54.593056+00:00,BNB,BNBUSDT,strategy-lab-v1.0.0:BREAKOUT_MOMENTUM_V1,10006.647067914833,False,1784462400000,58
2026-07-19T12:28:54.593056+00:00,PAXG,PAXGUSDT,strategy-lab-v1.0.0:BREAKOUT_MOMENTUM_V1,10000.0,False,1784462400000,334
2026-07-19T12:28:54.593056+00:00,GOLD,XAU/USD,strategy-lab-v1.0.0:BREAKOUT_MOMENTUM_V1,10000.0,False,1784455200000,0
2026-07-19T12:28:54.593056+00:00,SILVER,XAG/USD,strategy-lab-v1.0.0:BREAKOUT_MOMENTUM_V1,10000.0,False,0,0
2026-07-19T12:28:54.593056+00:00,OIL,WTI/USD,strategy-lab-v1.0.0:BREAKOUT_MOMENTUM_V1,10000.0,False,0,0
2026-07-19T12:28:54.593056+00:00,GOLD_FUT,GC=F,strategy-lab-v1.0.0:BREAKOUT_MOMENTUM_V1,10000.0,False,1784318400000,0
2026-07-19T12:28:54.593056+00:00,SILVER_FUT,SI=F,strategy-lab-v1.0.0:BREAKOUT_MOMENTUM_V1,10000.0,False,1784318400000,0
2026-07-19T12:28:54.593056+00:00,COPPER_FUT,HG=F,strategy-lab-v1.0.0:BREAKOUT_MOMENTUM_V1,9930.980318139242,False,1784318400000,0
2026-07-19T12:28:54.593056+00:00,OIL_FUT,CL=F,strategy-lab-v1.0.0:BREAKOUT_MOMENTUM_V1,9967.264773480592,True,1784318400000,0
2026-07-19T12:28:54.593056+00:00,BRENT_FUT,BZ=F,strategy-lab-v1.0.0:BREAKOUT_MOMENTUM_V1,9964.251642893265,True,1784318400000,0
2026-07-19T12:28:54.593056+00:00,SPY,SPY,strategy-lab-v1.0.0:BREAKOUT_MOMENTUM_V1,9889.508479216856,False,1784316600000,0
2026-07-19T12:28:54.593056+00:00,QQQ,QQQ,strategy-lab-v1.0.0:BREAKOUT_MOMENTUM_V1,9914.31196162559,False,1784316600000,0
2026-07-19T12:28:54.593056+00:00,NVDA,NVDA,strategy-lab-v1.0.0:BREAKOUT_MOMENTUM_V1,9906.570381290368,False,1784316600000,0
2026-07-19T12:28:54.593056+00:00,MSTR,MSTR,strategy-lab-v1.0.0:BREAKOUT_MOMENTUM_V1,10000.0,False,1784316600000,0
2026-07-19T12:28:54.593056+00:00,COIN,COIN,strategy-lab-v1.0.0:BREAKOUT_MOMENTUM_V1,10003.574439447419,False,1784316600000,0
2026-07-19T12:28:54.593056+00:00,MARA,MARA,strategy-lab-v1.0.0:BREAKOUT_MOMENTUM_V1,9893.799369011773,False,1784316600000,0
2026-07-19T12:28:54.593056+00:00,RIOT,RIOT,strategy-lab-v1.0.0:BREAKOUT_MOMENTUM_V1,10000.0,False,1784316600000,0
2026-07-19T12:28:54.593056+00:00,GLD,GLD,strategy-lab-v1.0.0:BREAKOUT_MOMENTUM_V1,10000.0,False,1784316600000,0
2026-07-19T12:28:54.593056+00:00,GDX,GDX,strategy-lab-v1.0.0:BREAKOUT_MOMENTUM_V1,10000.0,False,1784316600000,0
2026-07-19T12:28:54.593056+00:00,NEM,NEM,strategy-lab-v1.0.0:BREAKOUT_MOMENTUM_V1,10000.0,False,1784316600000,0
2026-07-19T12:28:54.593056+00:00,DXY,DX-Y.NYB,strategy-lab-v1.0.0:BREAKOUT_MOMENTUM_V1,10000.0,False,1784318400000,0
2026-07-19T12:28:54.593056+00:00,EURUSD,EURUSD=X,strategy-lab-v1.0.0:BREAKOUT_MOMENTUM_V1,9965.807707682328,False,1784322000000,0
2026-07-19T12:28:54.593056+00:00,GBPUSD,GBPUSD=X,strategy-lab-v1.0.0:BREAKOUT_MOMENTUM_V1,9985.300541671892,False,1784322000000,0
2026-07-19T12:28:54.593056+00:00,USDJPY,JPY=X,strategy-lab-v1.0.0:BREAKOUT_MOMENTUM_V1,9957.382899416503,False,1784318400000,0
2026-07-19T12:28:54.593056+00:00,USDCHF,CHF=X,strategy-lab-v1.0.0:BREAKOUT_MOMENTUM_V1,9957.57562007932,False,1784318400000,0
2026-07-19T12:28:54.593056+00:00,AUDUSD,AUDUSD=X,strategy-lab-v1.0.0:BREAKOUT_MOMENTUM_V1,9930.100510362643,False,1784322000000,0
2026-07-19T12:28:54.593056+00:00,USDCAD,CAD=X,strategy-lab-v1.0.0:BREAKOUT_MOMENTUM_V1,10000.0,False,1784322000000,0
2026-07-19T14:03:00.488269+00:00,BTC,BTCUSDT,strategy-lab-v1.0.0:BREAKOUT_MOMENTUM_V1,10142.446059188378,False,1784469600000,335
2026-07-19T14:03:00.488269+00:00,SOL,SOLUSDT,strategy-lab-v1.0.0:BREAKOUT_MOMENTUM_V1,9899.012105958447,False,1784466000000,334
2026-07-19T14:03:00.488269+00:00,XRP,XRPUSDT,strategy-lab-v1.0.0:BREAKOUT_MOMENTUM_V1,9805.409985189846,False,1784469600000,335
2026-07-19T14:03:00.488269+00:00,DOGE,DOGEUSDT,strategy-lab-v1.0.0:BREAKOUT_MOMENTUM_V1,10046.885476118241,False,1784466000000,334
2026-07-19T14:03:00.488269+00:00,BNB,BNBUSDT,strategy-lab-v1.0.0:BREAKOUT_MOMENTUM_V1,10006.647067914833,False,1784466000000,58
2026-07-19T14:03:00.488269+00:00,PAXG,PAXGUSDT,strategy-lab-v1.0.0:BREAKOUT_MOMENTUM_V1,10000.0,False,1784466000000,334
2026-07-19T14:03:00.488269+00:00,GOLD,XAU/USD,strategy-lab-v1.0.0:BREAKOUT_MOMENTUM_V1,10000.0,False,1784455200000,0
2026-07-19T14:03:00.488269+00:00,SILVER,XAG/USD,strategy-lab-v1.0.0:BREAKOUT_MOMENTUM_V1,10000.0,False,0,0
2026-07-19T14:03:00.488269+00:00,OIL,WTI/USD,strategy-lab-v1.0.0:BREAKOUT_MOMENTUM_V1,10000.0,False,0,0
2026-07-19T14:03:00.488269+00:00,GOLD_FUT,GC=F,strategy-lab-v1.0.0:BREAKOUT_MOMENTUM_V1,10000.0,False,1784318400000,0
2026-07-19T14:03:00.488269+00:00,SILVER_FUT,SI=F,strategy-lab-v1.0.0:BREAKOUT_MOMENTUM_V1,10000.0,False,1784318400000,0
2026-07-19T14:03:00.488269+00:00,OIL_FUT,CL=F,strategy-lab-v1.0.0:BREAKOUT_MOMENTUM_V1,9967.264773480592,True,1784318400000,0
2026-07-19T14:03:00.488269+00:00,BRENT_FUT,BZ=F,strategy-lab-v1.0.0:BREAKOUT_MOMENTUM_V1,9964.251642893265,True,1784318400000,0
2026-07-19T14:03:00.488269+00:00,SPY,SPY,strategy-lab-v1.0.0:BREAKOUT_MOMENTUM_V1,9889.508479216856,False,1784316600000,0
2026-07-19T14:03:00.488269+00:00,QQQ,QQQ,strategy-lab-v1.0.0:BREAKOUT_MOMENTUM_V1,9914.31196162559,False,1784316600000,0
2026-07-19T14:03:00.488269+00:00,NVDA,NVDA,strategy-lab-v1.0.0:BREAKOUT_MOMENTUM_V1,9906.570381290368,False,1784316600000,0
2026-07-19T14:03:00.488269+00:00,MSTR,MSTR,strategy-lab-v1.0.0:BREAKOUT_MOMENTUM_V1,10000.0,False,1784316600000,0
2026-07-19T14:03:00.488269+00:00,COIN,COIN,strategy-lab-v1.0.0:BREAKOUT_MOMENTUM_V1,10003.574439447419,False,1784316600000,0
2026-07-19T14:03:00.488269+00:00,MARA,MARA,strategy-lab-v1.0.0:BREAKOUT_MOMENTUM_V1,9893.799369011773,False,1784316600000,0
2026-07-19T14:03:00.488269+00:00,RIOT,RIOT,strategy-lab-v1.0.0:BREAKOUT_MOMENTUM_V1,10000.0,False,1784316600000,0
2026-07-19T14:03:00.488269+00:00,GLD,GLD,strategy-lab-v1.0.0:BREAKOUT_MOMENTUM_V1,10000.0,False,1784316600000,0
2026-07-19T14:03:00.488269+00:00,GDX,GDX,strategy-lab-v1.0.0:BREAKOUT_MOMENTUM_V1,10000.0,False,1784316600000,0
2026-07-19T14:03:00.488269+00:00,NEM,NEM,strategy-lab-v1.0.0:BREAKOUT_MOMENTUM_V1,10000.0,False,1784316600000,0
2026-07-19T14:03:00.488269+00:00,DXY,DX-Y.NYB,strategy-lab-v1.0.0:BREAKOUT_MOMENTUM_V1,10000.0,False,1784318400000,0
2026-07-19T14:03:00.488269+00:00,USDJPY,JPY=X,strategy-lab-v1.0.0:BREAKOUT_MOMENTUM_V1,9957.382899416503,False,1784318400000,0
2026-07-19T14:03:00.488269+00:00,USDCHF,CHF=X,strategy-lab-v1.0.0:BREAKOUT_MOMENTUM_V1,9957.57562007932,False,1784318400000,0
2026-07-19T14:03:00.488269+00:00,USDCAD,CAD=X,strategy-lab-v1.0.0:BREAKOUT_MOMENTUM_V1,10000.0,False,1784322000000,0
2026-07-19T15:07:19.173085+00:00,BTC,BTCUSDT,strategy-lab-v1.0.0:BREAKOUT_MOMENTUM_V1,10142.446059188378,False,1784473200000,335
2026-07-19T15:07:19.173085+00:00,SOL,SOLUSDT,strategy-lab-v1.0.0:BREAKOUT_MOMENTUM_V1,9899.012105958447,False,1784473200000,335
2026-07-19T15:07:19.173085+00:00,XRP,XRPUSDT,strategy-lab-v1.0.0:BREAKOUT_MOMENTUM_V1,9805.409985189846,False,1784473200000,335
2026-07-19T15:07:19.173085+00:00,DOGE,DOGEUSDT,strategy-lab-v1.0.0:BREAKOUT_MOMENTUM_V1,10046.885476118241,False,1784473200000,335
2026-07-19T15:07:19.173085+00:00,BNB,BNBUSDT,strategy-lab-v1.0.0:BREAKOUT_MOMENTUM_V1,10006.647067914833,False,1784473200000,59
2026-07-19T15:07:19.173085+00:00,PAXG,PAXGUSDT,strategy-lab-v1.0.0:BREAKOUT_MOMENTUM_V1,10000.0,False,1784473200000,335
2026-07-19T15:07:19.173085+00:00,GOLD,XAU/USD,strategy-lab-v1.0.0:BREAKOUT_MOMENTUM_V1,10000.0,False,1784455200000,0
2026-07-19T15:07:19.173085+00:00,SILVER,XAG/USD,strategy-lab-v1.0.0:BREAKOUT_MOMENTUM_V1,10000.0,False,0,0
2026-07-19T15:07:19.173085+00:00,OIL,WTI/USD,strategy-lab-v1.0.0:BREAKOUT_MOMENTUM_V1,10000.0,False,0,0
2026-07-19T15:07:19.173085+00:00,GOLD_FUT,GC=F,strategy-lab-v1.0.0:BREAKOUT_MOMENTUM_V1,10000.0,False,1784318400000,0
2026-07-19T15:07:19.173085+00:00,SILVER_FUT,SI=F,strategy-lab-v1.0.0:BREAKOUT_MOMENTUM_V1,10000.0,False,1784318400000,0
2026-07-19T15:07:19.173085+00:00,OIL_FUT,CL=F,strategy-lab-v1.0.0:BREAKOUT_MOMENTUM_V1,9967.264773480592,True,1784318400000,0
2026-07-19T15:07:19.173085+00:00,BRENT_FUT,BZ=F,strategy-lab-v1.0.0:BREAKOUT_MOMENTUM_V1,9964.251642893265,True,1784318400000,0
2026-07-19T15:07:19.173085+00:00,SPY,SPY,strategy-lab-v1.0.0:BREAKOUT_MOMENTUM_V1,9889.508479216856,False,1784316600000,0
2026-07-19T15:07:19.173085+00:00,QQQ,QQQ,strategy-lab-v1.0.0:BREAKOUT_MOMENTUM_V1,9914.31196162559,False,1784316600000,0
2026-07-19T15:07:19.173085+00:00,NVDA,NVDA,strategy-lab-v1.0.0:BREAKOUT_MOMENTUM_V1,9906.570381290368,False,1784316600000,0
2026-07-19T15:07:19.173085+00:00,MSTR,MSTR,strategy-lab-v1.0.0:BREAKOUT_MOMENTUM_V1,10000.0,False,1784316600000,0
2026-07-19T15:07:19.173085+00:00,COIN,COIN,strategy-lab-v1.0.0:BREAKOUT_MOMENTUM_V1,10003.574439447419,False,1784316600000,0
2026-07-19T15:07:19.173085+00:00,MARA,MARA,strategy-lab-v1.0.0:BREAKOUT_MOMENTUM_V1,9893.799369011773,False,1784316600000,0
2026-07-19T15:07:19.173085+00:00,RIOT,RIOT,strategy-lab-v1.0.0:BREAKOUT_MOMENTUM_V1,10000.0,False,1784316600000,0
2026-07-19T15:07:19.173085+00:00,GLD,GLD,strategy-lab-v1.0.0:BREAKOUT_MOMENTUM_V1,10000.0,False,1784316600000,0
2026-07-19T15:07:19.173085+00:00,GDX,GDX,strategy-lab-v1.0.0:BREAKOUT_MOMENTUM_V1,10000.0,False,1784316600000,0
2026-07-19T15:07:19.173085+00:00,NEM,NEM,strategy-lab-v1.0.0:BREAKOUT_MOMENTUM_V1,10000.0,False,1784316600000,0
2026-07-19T15:07:19.173085+00:00,DXY,DX-Y.NYB,strategy-lab-v1.0.0:BREAKOUT_MOMENTUM_V1,10000.0,False,1784318400000,0
2026-07-19T15:07:19.173085+00:00,USDJPY,JPY=X,strategy-lab-v1.0.0:BREAKOUT_MOMENTUM_V1,9957.382899416503,False,1784318400000,0
2026-07-19T15:07:19.173085+00:00,USDCHF,CHF=X,strategy-lab-v1.0.0:BREAKOUT_MOMENTUM_V1,9957.57562007932,False,1784318400000,0
2026-07-19T15:07:19.173085+00:00,USDCAD,CAD=X,strategy-lab-v1.0.0:BREAKOUT_MOMENTUM_V1,10000.0,False,1784322000000,0
2026-07-19T16:08:02.507928+00:00,BTC,BTCUSDT,strategy-lab-v1.0.0:BREAKOUT_MOMENTUM_V1,10142.446059188378,False,1784476800000,335
2026-07-19T16:08:02.507928+00:00,SOL,SOLUSDT,strategy-lab-v1.0.0:BREAKOUT_MOMENTUM_V1,9899.012105958447,False,1784476800000,335
2026-07-19T16:08:02.507928+00:00,XRP,XRPUSDT,strategy-lab-v1.0.0:BREAKOUT_MOMENTUM_V1,9805.409985189846,False,1784476800000,335
2026-07-19T16:08:02.507928+00:00,DOGE,DOGEUSDT,strategy-lab-v1.0.0:BREAKOUT_MOMENTUM_V1,10046.885476118241,False,1784476800000,335
2026-07-19T16:08:02.507928+00:00,BNB,BNBUSDT,strategy-lab-v1.0.0:BREAKOUT_MOMENTUM_V1,10006.647067914833,False,1784476800000,59
2026-07-19T16:08:02.507928+00:00,PAXG,PAXGUSDT,strategy-lab-v1.0.0:BREAKOUT_MOMENTUM_V1,10000.0,False,1784476800000,335
2026-07-19T16:08:02.507928+00:00,GOLD,XAU/USD,strategy-lab-v1.0.0:BREAKOUT_MOMENTUM_V1,10000.0,False,1784455200000,0
2026-07-19T16:08:02.507928+00:00,SILVER,XAG/USD,strategy-lab-v1.0.0:BREAKOUT_MOMENTUM_V1,10000.0,False,0,0
2026-07-19T16:08:02.507928+00:00,OIL,WTI/USD,strategy-lab-v1.0.0:BREAKOUT_MOMENTUM_V1,10000.0,False,0,0
2026-07-19T16:08:02.507928+00:00,GOLD_FUT,GC=F,strategy-lab-v1.0.0:BREAKOUT_MOMENTUM_V1,10000.0,False,1784318400000,0
2026-07-19T16:08:02.507928+00:00,SILVER_FUT,SI=F,strategy-lab-v1.0.0:BREAKOUT_MOMENTUM_V1,10000.0,False,1784318400000,0
2026-07-19T16:08:02.507928+00:00,OIL_FUT,CL=F,strategy-lab-v1.0.0:BREAKOUT_MOMENTUM_V1,9967.264773480592,True,1784318400000,0
2026-07-19T16:08:02.507928+00:00,BRENT_FUT,BZ=F,strategy-lab-v1.0.0:BREAKOUT_MOMENTUM_V1,9964.251642893265,True,1784318400000,0
2026-07-19T16:08:02.507928+00:00,SPY,SPY,strategy-lab-v1.0.0:BREAKOUT_MOMENTUM_V1,9889.508479216856,False,1784316600000,0
2026-07-19T16:08:02.507928+00:00,QQQ,QQQ,strategy-lab-v1.0.0:BREAKOUT_MOMENTUM_V1,9914.31196162559,False,1784316600000,0
2026-07-19T16:08:02.507928+00:00,NVDA,NVDA,strategy-lab-v1.0.0:BREAKOUT_MOMENTUM_V1,9906.570381290368,False,1784316600000,0
2026-07-19T16:08:02.507928+00:00,MSTR,MSTR,strategy-lab-v1.0.0:BREAKOUT_MOMENTUM_V1,10000.0,False,1784316600000,0
2026-07-19T16:08:02.507928+00:00,COIN,COIN,strategy-lab-v1.0.0:BREAKOUT_MOMENTUM_V1,10003.574439447419,False,1784316600000,0
2026-07-19T16:08:02.507928+00:00,MARA,MARA,strategy-lab-v1.0.0:BREAKOUT_MOMENTUM_V1,9893.799369011773,False,1784316600000,0
2026-07-19T16:08:02.507928+00:00,RIOT,RIOT,strategy-lab-v1.0.0:BREAKOUT_MOMENTUM_V1,10000.0,False,1784316600000,0
2026-07-19T16:08:02.507928+00:00,GLD,GLD,strategy-lab-v1.0.0:BREAKOUT_MOMENTUM_V1,10000.0,False,1784316600000,0
2026-07-19T16:08:02.507928+00:00,GDX,GDX,strategy-lab-v1.0.0:BREAKOUT_MOMENTUM_V1,10000.0,False,1784316600000,0
2026-07-19T16:08:02.507928+00:00,NEM,NEM,strategy-lab-v1.0.0:BREAKOUT_MOMENTUM_V1,10000.0,False,1784316600000,0
2026-07-19T16:08:02.507928+00:00,DXY,DX-Y.NYB,strategy-lab-v1.0.0:BREAKOUT_MOMENTUM_V1,10000.0,False,1784318400000,0
2026-07-19T16:08:02.507928+00:00,USDJPY,JPY=X,strategy-lab-v1.0.0:BREAKOUT_MOMENTUM_V1,9957.382899416503,False,1784318400000,0
2026-07-19T16:08:02.507928+00:00,USDCHF,CHF=X,strategy-lab-v1.0.0:BREAKOUT_MOMENTUM_V1,9957.57562007932,False,1784318400000,0
2026-07-19T16:08:02.507928+00:00,USDCAD,CAD=X,strategy-lab-v1.0.0:BREAKOUT_MOMENTUM_V1,10000.0,False,1784322000000,0
2026-07-19T17:13:09.394101+00:00,BTC,BTCUSDT,strategy-lab-v1.0.0:BREAKOUT_MOMENTUM_V1,10142.446059188378,False,1784480400000,335
2026-07-19T17:13:09.394101+00:00,SOL,SOLUSDT,strategy-lab-v1.0.0:BREAKOUT_MOMENTUM_V1,9899.012105958447,False,1784480400000,335
2026-07-19T17:13:09.394101+00:00,XRP,XRPUSDT,strategy-lab-v1.0.0:BREAKOUT_MOMENTUM_V1,9805.409985189846,False,1784480400000,335
2026-07-19T17:13:09.394101+00:00,DOGE,DOGEUSDT,strategy-lab-v1.0.0:BREAKOUT_MOMENTUM_V1,10046.885476118241,False,1784480400000,335
2026-07-19T17:13:09.394101+00:00,BNB,BNBUSDT,strategy-lab-v1.0.0:BREAKOUT_MOMENTUM_V1,10006.647067914833,False,1784480400000,59
2026-07-19T17:13:09.394101+00:00,PAXG,PAXGUSDT,strategy-lab-v1.0.0:BREAKOUT_MOMENTUM_V1,10000.0,False,1784480400000,335
2026-07-19T17:13:09.394101+00:00,GOLD,XAU/USD,strategy-lab-v1.0.0:BREAKOUT_MOMENTUM_V1,10000.0,False,1784455200000,0
2026-07-19T17:13:09.394101+00:00,SILVER,XAG/USD,strategy-lab-v1.0.0:BREAKOUT_MOMENTUM_V1,10000.0,False,0,0
2026-07-19T17:13:09.394101+00:00,OIL,WTI/USD,strategy-lab-v1.0.0:BREAKOUT_MOMENTUM_V1,10000.0,False,0,0
2026-07-19T17:13:09.394101+00:00,GOLD_FUT,GC=F,strategy-lab-v1.0.0:BREAKOUT_MOMENTUM_V1,10000.0,False,1784318400000,0
2026-07-19T17:13:09.394101+00:00,SILVER_FUT,SI=F,strategy-lab-v1.0.0:BREAKOUT_MOMENTUM_V1,10000.0,False,1784318400000,0
2026-07-19T17:13:09.394101+00:00,OIL_FUT,CL=F,strategy-lab-v1.0.0:BREAKOUT_MOMENTUM_V1,9967.264773480592,True,1784318400000,0
2026-07-19T17:13:09.394101+00:00,BRENT_FUT,BZ=F,strategy-lab-v1.0.0:BREAKOUT_MOMENTUM_V1,9964.251642893265,True,1784318400000,0
2026-07-19T17:13:09.394101+00:00,SPY,SPY,strategy-lab-v1.0.0:BREAKOUT_MOMENTUM_V1,9889.508479216856,False,1784316600000,0
2026-07-19T17:13:09.394101+00:00,QQQ,QQQ,strategy-lab-v1.0.0:BREAKOUT_MOMENTUM_V1,9914.31196162559,False,1784316600000,0
2026-07-19T17:13:09.394101+00:00,NVDA,NVDA,strategy-lab-v1.0.0:BREAKOUT_MOMENTUM_V1,9906.570381290368,False,1784316600000,0
2026-07-19T17:13:09.394101+00:00,MSTR,MSTR,strategy-lab-v1.0.0:BREAKOUT_MOMENTUM_V1,10000.0,False,1784316600000,0
2026-07-19T17:13:09.394101+00:00,COIN,COIN,strategy-lab-v1.0.0:BREAKOUT_MOMENTUM_V1,10003.574439447419,False,1784316600000,0
2026-07-19T17:13:09.394101+00:00,MARA,MARA,strategy-lab-v1.0.0:BREAKOUT_MOMENTUM_V1,9893.799369011773,False,1784316600000,0
2026-07-19T17:13:09.394101+00:00,RIOT,RIOT,strategy-lab-v1.0.0:BREAKOUT_MOMENTUM_V1,10000.0,False,1784316600000,0
2026-07-19T17:13:09.394101+00:00,GLD,GLD,strategy-lab-v1.0.0:BREAKOUT_MOMENTUM_V1,10000.0,False,1784316600000,0
2026-07-19T17:13:09.394101+00:00,GDX,GDX,strategy-lab-v1.0.0:BREAKOUT_MOMENTUM_V1,10000.0,False,1784316600000,0
2026-07-19T17:13:09.394101+00:00,NEM,NEM,strategy-lab-v1.0.0:BREAKOUT_MOMENTUM_V1,10000.0,False,1784316600000,0
2026-07-19T17:13:09.394101+00:00,DXY,DX-Y.NYB,strategy-lab-v1.0.0:BREAKOUT_MOMENTUM_V1,10000.0,False,1784318400000,0
2026-07-19T17:13:09.394101+00:00,USDJPY,JPY=X,strategy-lab-v1.0.0:BREAKOUT_MOMENTUM_V1,9957.382899416503,False,1784318400000,0
2026-07-19T17:13:09.394101+00:00,USDCHF,CHF=X,strategy-lab-v1.0.0:BREAKOUT_MOMENTUM_V1,9957.57562007932,False,1784318400000,0
2026-07-19T17:13:09.394101+00:00,USDCAD,CAD=X,strategy-lab-v1.0.0:BREAKOUT_MOMENTUM_V1,10000.0,False,1784322000000,0
2026-07-19T18:09:11.999343+00:00,BTC,BTCUSDT,strategy-lab-v1.0.0:BREAKOUT_MOMENTUM_V1,10142.446059188378,False,1784484000000,335
2026-07-19T18:09:11.999343+00:00,SOL,SOLUSDT,strategy-lab-v1.0.0:BREAKOUT_MOMENTUM_V1,9899.012105958447,False,1784484000000,335
2026-07-19T18:09:11.999343+00:00,XRP,XRPUSDT,strategy-lab-v1.0.0:BREAKOUT_MOMENTUM_V1,9805.409985189846,False,1784484000000,335
2026-07-19T18:09:11.999343+00:00,DOGE,DOGEUSDT,strategy-lab-v1.0.0:BREAKOUT_MOMENTUM_V1,10046.885476118241,False,1784484000000,335
2026-07-19T18:09:11.999343+00:00,BNB,BNBUSDT,strategy-lab-v1.0.0:BREAKOUT_MOMENTUM_V1,10006.647067914833,False,1784484000000,59
2026-07-19T18:09:11.999343+00:00,PAXG,PAXGUSDT,strategy-lab-v1.0.0:BREAKOUT_MOMENTUM_V1,10000.0,False,1784480400000,335
2026-07-19T18:09:11.999343+00:00,GOLD,XAU/USD,strategy-lab-v1.0.0:BREAKOUT_MOMENTUM_V1,10000.0,False,1784455200000,0
2026-07-19T18:09:11.999343+00:00,SILVER,XAG/USD,strategy-lab-v1.0.0:BREAKOUT_MOMENTUM_V1,10000.0,False,0,0
2026-07-19T18:09:11.999343+00:00,OIL,WTI/USD,strategy-lab-v1.0.0:BREAKOUT_MOMENTUM_V1,10000.0,False,0,0
2026-07-19T18:09:11.999343+00:00,GOLD_FUT,GC=F,strategy-lab-v1.0.0:BREAKOUT_MOMENTUM_V1,10000.0,False,1784318400000,0
2026-07-19T18:09:11.999343+00:00,SILVER_FUT,SI=F,strategy-lab-v1.0.0:BREAKOUT_MOMENTUM_V1,10000.0,False,1784318400000,0
2026-07-19T18:09:11.999343+00:00,OIL_FUT,CL=F,strategy-lab-v1.0.0:BREAKOUT_MOMENTUM_V1,9967.264773480592,True,1784318400000,0
2026-07-19T18:09:11.999343+00:00,BRENT_FUT,BZ=F,strategy-lab-v1.0.0:BREAKOUT_MOMENTUM_V1,9964.251642893265,True,1784318400000,0
2026-07-19T18:09:11.999343+00:00,SPY,SPY,strategy-lab-v1.0.0:BREAKOUT_MOMENTUM_V1,9889.508479216856,False,1784316600000,0
2026-07-19T18:09:11.999343+00:00,QQQ,QQQ,strategy-lab-v1.0.0:BREAKOUT_MOMENTUM_V1,9914.31196162559,False,1784316600000,0
2026-07-19T18:09:11.999343+00:00,NVDA,NVDA,strategy-lab-v1.0.0:BREAKOUT_MOMENTUM_V1,9906.570381290368,False,1784316600000,0
2026-07-19T18:09:11.999343+00:00,MSTR,MSTR,strategy-lab-v1.0.0:BREAKOUT_MOMENTUM_V1,10000.0,False,1784316600000,0
2026-07-19T18:09:11.999343+00:00,COIN,COIN,strategy-lab-v1.0.0:BREAKOUT_MOMENTUM_V1,10003.574439447419,False,1784316600000,0
2026-07-19T18:09:11.999343+00:00,MARA,MARA,strategy-lab-v1.0.0:BREAKOUT_MOMENTUM_V1,9893.799369011773,False,1784316600000,0
2026-07-19T18:09:11.999343+00:00,RIOT,RIOT,strategy-lab-v1.0.0:BREAKOUT_MOMENTUM_V1,10000.0,False,1784316600000,0
2026-07-19T18:09:11.999343+00:00,GLD,GLD,strategy-lab-v1.0.0:BREAKOUT_MOMENTUM_V1,10000.0,False,1784316600000,0
2026-07-19T18:09:11.999343+00:00,GDX,GDX,strategy-lab-v1.0.0:BREAKOUT_MOMENTUM_V1,10000.0,False,1784316600000,0
2026-07-19T18:09:11.999343+00:00,NEM,NEM,strategy-lab-v1.0.0:BREAKOUT_MOMENTUM_V1,10000.0,False,1784316600000,0
2026-07-19T18:09:11.999343+00:00,DXY,DX-Y.NYB,strategy-lab-v1.0.0:BREAKOUT_MOMENTUM_V1,10000.0,False,1784318400000,0
2026-07-19T18:09:11.999343+00:00,USDJPY,JPY=X,strategy-lab-v1.0.0:BREAKOUT_MOMENTUM_V1,9957.382899416503,False,1784318400000,0
2026-07-19T18:09:11.999343+00:00,USDCHF,CHF=X,strategy-lab-v1.0.0:BREAKOUT_MOMENTUM_V1,9957.57562007932,False,1784318400000,0
2026-07-19T18:09:11.999343+00:00,USDCAD,CAD=X,strategy-lab-v1.0.0:BREAKOUT_MOMENTUM_V1,10000.0,False,1784322000000,0
2026-07-19T19:29:57.947012+00:00,BTC,BTCUSDT,strategy-lab-v1.0.0:BREAKOUT_MOMENTUM_V1,10142.446059188378,False,1784487600000,335
2026-07-19T19:29:57.947012+00:00,SOL,SOLUSDT,strategy-lab-v1.0.0:BREAKOUT_MOMENTUM_V1,9899.012105958447,False,1784487600000,335
2026-07-19T19:29:57.947012+00:00,XRP,XRPUSDT,strategy-lab-v1.0.0:BREAKOUT_MOMENTUM_V1,9805.409985189846,False,1784487600000,335
2026-07-19T19:29:57.947012+00:00,DOGE,DOGEUSDT,strategy-lab-v1.0.0:BREAKOUT_MOMENTUM_V1,10046.885476118241,False,1784487600000,335
2026-07-19T19:29:57.947012+00:00,BNB,BNBUSDT,strategy-lab-v1.0.0:BREAKOUT_MOMENTUM_V1,10006.647067914833,False,1784487600000,59
2026-07-19T19:29:57.947012+00:00,PAXG,PAXGUSDT,strategy-lab-v1.0.0:BREAKOUT_MOMENTUM_V1,10000.0,False,1784487600000,336
2026-07-19T19:29:57.947012+00:00,GOLD,XAU/USD,strategy-lab-v1.0.0:BREAKOUT_MOMENTUM_V1,10000.0,False,1784455200000,0
2026-07-19T19:29:57.947012+00:00,SILVER,XAG/USD,strategy-lab-v1.0.0:BREAKOUT_MOMENTUM_V1,10000.0,False,0,0
2026-07-19T19:29:57.947012+00:00,OIL,WTI/USD,strategy-lab-v1.0.0:BREAKOUT_MOMENTUM_V1,10000.0,False,0,0
2026-07-19T19:29:57.947012+00:00,GOLD_FUT,GC=F,strategy-lab-v1.0.0:BREAKOUT_MOMENTUM_V1,10000.0,False,1784318400000,0
2026-07-19T19:29:57.947012+00:00,SILVER_FUT,SI=F,strategy-lab-v1.0.0:BREAKOUT_MOMENTUM_V1,10000.0,False,1784318400000,0
2026-07-19T19:29:57.947012+00:00,OIL_FUT,CL=F,strategy-lab-v1.0.0:BREAKOUT_MOMENTUM_V1,9967.264773480592,True,1784318400000,0
2026-07-19T19:29:57.947012+00:00,BRENT_FUT,BZ=F,strategy-lab-v1.0.0:BREAKOUT_MOMENTUM_V1,9964.251642893265,True,1784318400000,0
2026-07-19T19:29:57.947012+00:00,SPY,SPY,strategy-lab-v1.0.0:BREAKOUT_MOMENTUM_V1,9889.508479216856,False,1784316600000,0
2026-07-19T19:29:57.947012+00:00,QQQ,QQQ,strategy-lab-v1.0.0:BREAKOUT_MOMENTUM_V1,9914.31196162559,False,1784316600000,0
2026-07-19T19:29:57.947012+00:00,NVDA,NVDA,strategy-lab-v1.0.0:BREAKOUT_MOMENTUM_V1,9906.570381290368,False,1784316600000,0
2026-07-19T19:29:57.947012+00:00,MSTR,MSTR,strategy-lab-v1.0.0:BREAKOUT_MOMENTUM_V1,10000.0,False,1784316600000,0
2026-07-19T19:29:57.947012+00:00,COIN,COIN,strategy-lab-v1.0.0:BREAKOUT_MOMENTUM_V1,10003.574439447419,False,1784316600000,0
2026-07-19T19:29:57.947012+00:00,MARA,MARA,strategy-lab-v1.0.0:BREAKOUT_MOMENTUM_V1,9893.799369011773,False,1784316600000,0
2026-07-19T19:29:57.947012+00:00,RIOT,RIOT,strategy-lab-v1.0.0:BREAKOUT_MOMENTUM_V1,10000.0,False,1784316600000,0
2026-07-19T19:29:57.947012+00:00,GLD,GLD,strategy-lab-v1.0.0:BREAKOUT_MOMENTUM_V1,10000.0,False,1784316600000,0
2026-07-19T19:29:57.947012+00:00,GDX,GDX,strategy-lab-v1.0.0:BREAKOUT_MOMENTUM_V1,10000.0,False,1784316600000,0
2026-07-19T19:29:57.947012+00:00,NEM,NEM,strategy-lab-v1.0.0:BREAKOUT_MOMENTUM_V1,10000.0,False,1784316600000,0
2026-07-19T19:29:57.947012+00:00,DXY,DX-Y.NYB,strategy-lab-v1.0.0:BREAKOUT_MOMENTUM_V1,10000.0,False,1784318400000,0
2026-07-19T19:29:57.947012+00:00,USDJPY,JPY=X,strategy-lab-v1.0.0:BREAKOUT_MOMENTUM_V1,9957.382899416503,False,1784318400000,0
2026-07-19T19:29:57.947012+00:00,USDCHF,CHF=X,strategy-lab-v1.0.0:BREAKOUT_MOMENTUM_V1,9957.57562007932,False,1784318400000,0
2026-07-19T19:29:57.947012+00:00,USDCAD,CAD=X,strategy-lab-v1.0.0:BREAKOUT_MOMENTUM_V1,10000.0,False,1784322000000,0
2026-07-19T20:25:01.244839+00:00,BTC,BTCUSDT,strategy-lab-v1.0.0:BREAKOUT_MOMENTUM_V1,10142.446059188378,False,1784491200000,335
2026-07-19T20:25:01.244839+00:00,SOL,SOLUSDT,strategy-lab-v1.0.0:BREAKOUT_MOMENTUM_V1,9899.012105958447,False,1784491200000,335
2026-07-19T20:25:01.244839+00:00,XRP,XRPUSDT,strategy-lab-v1.0.0:BREAKOUT_MOMENTUM_V1,9805.409985189846,False,1784491200000,335
2026-07-19T20:25:01.244839+00:00,DOGE,DOGEUSDT,strategy-lab-v1.0.0:BREAKOUT_MOMENTUM_V1,10046.885476118241,False,1784491200000,335
2026-07-19T20:25:01.244839+00:00,BNB,BNBUSDT,strategy-lab-v1.0.0:BREAKOUT_MOMENTUM_V1,10006.647067914833,False,1784491200000,59
2026-07-19T20:25:01.244839+00:00,PAXG,PAXGUSDT,strategy-lab-v1.0.0:BREAKOUT_MOMENTUM_V1,10000.0,False,1784491200000,336
2026-07-19T20:25:01.244839+00:00,GOLD,XAU/USD,strategy-lab-v1.0.0:BREAKOUT_MOMENTUM_V1,10000.0,False,1784455200000,0
2026-07-19T20:25:01.244839+00:00,SILVER,XAG/USD,strategy-lab-v1.0.0:BREAKOUT_MOMENTUM_V1,10000.0,False,0,0
2026-07-19T20:25:01.244839+00:00,OIL,WTI/USD,strategy-lab-v1.0.0:BREAKOUT_MOMENTUM_V1,10000.0,False,0,0
2026-07-19T20:25:01.244839+00:00,GOLD_FUT,GC=F,strategy-lab-v1.0.0:BREAKOUT_MOMENTUM_V1,10000.0,False,1784318400000,0
2026-07-19T20:25:01.244839+00:00,SILVER_FUT,SI=F,strategy-lab-v1.0.0:BREAKOUT_MOMENTUM_V1,10000.0,False,1784318400000,0
2026-07-19T20:25:01.244839+00:00,OIL_FUT,CL=F,strategy-lab-v1.0.0:BREAKOUT_MOMENTUM_V1,9967.264773480592,True,1784318400000,0
2026-07-19T20:25:01.244839+00:00,BRENT_FUT,BZ=F,strategy-lab-v1.0.0:BREAKOUT_MOMENTUM_V1,9964.251642893265,True,1784318400000,0
2026-07-19T20:25:01.244839+00:00,SPY,SPY,strategy-lab-v1.0.0:BREAKOUT_MOMENTUM_V1,9889.508479216856,False,1784316600000,0
2026-07-19T20:25:01.244839+00:00,QQQ,QQQ,strategy-lab-v1.0.0:BREAKOUT_MOMENTUM_V1,9914.31196162559,False,1784316600000,0
2026-07-19T20:25:01.244839+00:00,NVDA,NVDA,strategy-lab-v1.0.0:BREAKOUT_MOMENTUM_V1,9906.570381290368,False,1784316600000,0
2026-07-19T20:25:01.244839+00:00,MSTR,MSTR,strategy-lab-v1.0.0:BREAKOUT_MOMENTUM_V1,10000.0,False,1784316600000,0
2026-07-19T20:25:01.244839+00:00,COIN,COIN,strategy-lab-v1.0.0:BREAKOUT_MOMENTUM_V1,10003.574439447419,False,1784316600000,0
2026-07-19T20:25:01.244839+00:00,MARA,MARA,strategy-lab-v1.0.0:BREAKOUT_MOMENTUM_V1,9893.799369011773,False,1784316600000,0
2026-07-19T20:25:01.244839+00:00,RIOT,RIOT,strategy-lab-v1.0.0:BREAKOUT_MOMENTUM_V1,10000.0,False,1784316600000,0
2026-07-19T20:25:01.244839+00:00,GLD,GLD,strategy-lab-v1.0.0:BREAKOUT_MOMENTUM_V1,10000.0,False,1784316600000,0
2026-07-19T20:25:01.244839+00:00,GDX,GDX,strategy-lab-v1.0.0:BREAKOUT_MOMENTUM_V1,10000.0,False,1784316600000,0
2026-07-19T20:25:01.244839+00:00,NEM,NEM,strategy-lab-v1.0.0:BREAKOUT_MOMENTUM_V1,10000.0,False,1784316600000,0
2026-07-19T20:25:01.244839+00:00,DXY,DX-Y.NYB,strategy-lab-v1.0.0:BREAKOUT_MOMENTUM_V1,10000.0,False,1784318400000,0
2026-07-19T20:25:01.244839+00:00,USDJPY,JPY=X,strategy-lab-v1.0.0:BREAKOUT_MOMENTUM_V1,9957.382899416503,False,1784318400000,0
2026-07-19T20:25:01.244839+00:00,USDCHF,CHF=X,strategy-lab-v1.0.0:BREAKOUT_MOMENTUM_V1,9957.57562007932,False,1784318400000,0
2026-07-19T20:25:01.244839+00:00,USDCAD,CAD=X,strategy-lab-v1.0.0:BREAKOUT_MOMENTUM_V1,10000.0,False,1784322000000,0
2026-07-19T21:14:20.693242+00:00,BTC,BTCUSDT,strategy-lab-v1.0.0:BREAKOUT_MOMENTUM_V1,10142.446059188378,False,1784494800000,335
2026-07-19T21:14:20.693242+00:00,SOL,SOLUSDT,strategy-lab-v1.0.0:BREAKOUT_MOMENTUM_V1,9899.012105958447,False,1784494800000,335
2026-07-19T21:14:20.693242+00:00,XRP,XRPUSDT,strategy-lab-v1.0.0:BREAKOUT_MOMENTUM_V1,9805.409985189846,False,1784494800000,335
2026-07-19T21:14:20.693242+00:00,DOGE,DOGEUSDT,strategy-lab-v1.0.0:BREAKOUT_MOMENTUM_V1,10046.885476118241,False,1784494800000,335
2026-07-19T21:14:20.693242+00:00,BNB,BNBUSDT,strategy-lab-v1.0.0:BREAKOUT_MOMENTUM_V1,10006.647067914833,False,1784494800000,59
2026-07-19T21:14:20.693242+00:00,PAXG,PAXGUSDT,strategy-lab-v1.0.0:BREAKOUT_MOMENTUM_V1,10000.0,False,1784494800000,336
2026-07-19T21:14:20.693242+00:00,GOLD,XAU/USD,strategy-lab-v1.0.0:BREAKOUT_MOMENTUM_V1,10000.0,False,1784455200000,0
2026-07-19T21:14:20.693242+00:00,SILVER,XAG/USD,strategy-lab-v1.0.0:BREAKOUT_MOMENTUM_V1,10000.0,False,0,0
2026-07-19T21:14:20.693242+00:00,OIL,WTI/USD,strategy-lab-v1.0.0:BREAKOUT_MOMENTUM_V1,10000.0,False,0,0
2026-07-19T21:14:20.693242+00:00,GOLD_FUT,GC=F,strategy-lab-v1.0.0:BREAKOUT_MOMENTUM_V1,10000.0,False,1784318400000,0
2026-07-19T21:14:20.693242+00:00,SILVER_FUT,SI=F,strategy-lab-v1.0.0:BREAKOUT_MOMENTUM_V1,10000.0,False,1784318400000,0
2026-07-19T21:14:20.693242+00:00,OIL_FUT,CL=F,strategy-lab-v1.0.0:BREAKOUT_MOMENTUM_V1,9967.264773480592,True,1784318400000,0
2026-07-19T21:14:20.693242+00:00,BRENT_FUT,BZ=F,strategy-lab-v1.0.0:BREAKOUT_MOMENTUM_V1,9964.251642893265,True,1784318400000,0
2026-07-19T21:14:20.693242+00:00,SPY,SPY,strategy-lab-v1.0.0:BREAKOUT_MOMENTUM_V1,9889.508479216856,False,1784316600000,0
2026-07-19T21:14:20.693242+00:00,QQQ,QQQ,strategy-lab-v1.0.0:BREAKOUT_MOMENTUM_V1,9914.31196162559,False,1784316600000,0
2026-07-19T21:14:20.693242+00:00,NVDA,NVDA,strategy-lab-v1.0.0:BREAKOUT_MOMENTUM_V1,9906.570381290368,False,1784316600000,0
2026-07-19T21:14:20.693242+00:00,MSTR,MSTR,strategy-lab-v1.0.0:BREAKOUT_MOMENTUM_V1,10000.0,False,1784316600000,0
2026-07-19T21:14:20.693242+00:00,COIN,COIN,strategy-lab-v1.0.0:BREAKOUT_MOMENTUM_V1,10003.574439447419,False,1784316600000,0
2026-07-19T21:14:20.693242+00:00,MARA,MARA,strategy-lab-v1.0.0:BREAKOUT_MOMENTUM_V1,9893.799369011773,False,1784316600000,0
2026-07-19T21:14:20.693242+00:00,RIOT,RIOT,strategy-lab-v1.0.0:BREAKOUT_MOMENTUM_V1,10000.0,False,1784316600000,0
2026-07-19T21:14:20.693242+00:00,GLD,GLD,strategy-lab-v1.0.0:BREAKOUT_MOMENTUM_V1,10000.0,False,1784316600000,0
2026-07-19T21:14:20.693242+00:00,GDX,GDX,strategy-lab-v1.0.0:BREAKOUT_MOMENTUM_V1,10000.0,False,1784316600000,0
2026-07-19T21:14:20.693242+00:00,NEM,NEM,strategy-lab-v1.0.0:BREAKOUT_MOMENTUM_V1,10000.0,False,1784316600000,0
2026-07-19T21:14:20.693242+00:00,DXY,DX-Y.NYB,strategy-lab-v1.0.0:BREAKOUT_MOMENTUM_V1,10000.0,False,1784318400000,0
2026-07-19T21:14:20.693242+00:00,USDJPY,JPY=X,strategy-lab-v1.0.0:BREAKOUT_MOMENTUM_V1,9957.382899416503,False,1784318400000,0
2026-07-19T21:14:20.693242+00:00,USDCHF,CHF=X,strategy-lab-v1.0.0:BREAKOUT_MOMENTUM_V1,9957.57562007932,False,1784318400000,0
2026-07-19T21:14:20.693242+00:00,USDCAD,CAD=X,strategy-lab-v1.0.0:BREAKOUT_MOMENTUM_V1,10000.0,False,1784322000000,0
2026-07-19T22:10:44.118814+00:00,BTC,BTCUSDT,strategy-lab-v1.0.0:BREAKOUT_MOMENTUM_V1,10142.446059188378,False,1784498400000,335
2026-07-19T22:10:44.118814+00:00,SOL,SOLUSDT,strategy-lab-v1.0.0:BREAKOUT_MOMENTUM_V1,9899.012105958447,False,1784498400000,335
2026-07-19T22:10:44.118814+00:00,XRP,XRPUSDT,strategy-lab-v1.0.0:BREAKOUT_MOMENTUM_V1,9805.409985189846,False,1784498400000,335
2026-07-19T22:10:44.118814+00:00,DOGE,DOGEUSDT,strategy-lab-v1.0.0:BREAKOUT_MOMENTUM_V1,10046.885476118241,False,1784498400000,335
2026-07-19T22:10:44.118814+00:00,BNB,BNBUSDT,strategy-lab-v1.0.0:BREAKOUT_MOMENTUM_V1,10006.647067914833,False,1784498400000,59
2026-07-19T22:10:44.118814+00:00,PAXG,PAXGUSDT,strategy-lab-v1.0.0:BREAKOUT_MOMENTUM_V1,10000.0,False,1784498400000,336
2026-07-19T22:10:44.118814+00:00,GOLD,XAU/USD,strategy-lab-v1.0.0:BREAKOUT_MOMENTUM_V1,10000.0,False,1784455200000,0
2026-07-19T22:10:44.118814+00:00,SILVER,XAG/USD,strategy-lab-v1.0.0:BREAKOUT_MOMENTUM_V1,10000.0,False,0,0
2026-07-19T22:10:44.118814+00:00,OIL,WTI/USD,strategy-lab-v1.0.0:BREAKOUT_MOMENTUM_V1,10000.0,False,0,0
2026-07-19T22:10:44.118814+00:00,GOLD_FUT,GC=F,strategy-lab-v1.0.0:BREAKOUT_MOMENTUM_V1,10000.0,False,1784498400000,0
2026-07-19T22:10:44.118814+00:00,SILVER_FUT,SI=F,strategy-lab-v1.0.0:BREAKOUT_MOMENTUM_V1,10000.0,False,1784498400000,0
2026-07-19T22:10:44.118814+00:00,OIL_FUT,CL=F,strategy-lab-v1.0.0:BREAKOUT_MOMENTUM_V1,9980.803375993022,False,1784498400000,0
2026-07-19T22:10:44.118814+00:00,BRENT_FUT,BZ=F,strategy-lab-v1.0.0:BREAKOUT_MOMENTUM_V1,9990.286129606315,False,1784498400000,0
2026-07-19T22:10:44.118814+00:00,SPY,SPY,strategy-lab-v1.0.0:BREAKOUT_MOMENTUM_V1,9889.508479216856,False,1784316600000,0
2026-07-19T22:10:44.118814+00:00,QQQ,QQQ,strategy-lab-v1.0.0:BREAKOUT_MOMENTUM_V1,9914.31196162559,False,1784316600000,0
2026-07-19T22:10:44.118814+00:00,NVDA,NVDA,strategy-lab-v1.0.0:BREAKOUT_MOMENTUM_V1,9906.570381290368,False,1784316600000,0
2026-07-19T22:10:44.118814+00:00,MSTR,MSTR,strategy-lab-v1.0.0:BREAKOUT_MOMENTUM_V1,10000.0,False,1784316600000,0
2026-07-19T22:10:44.118814+00:00,COIN,COIN,strategy-lab-v1.0.0:BREAKOUT_MOMENTUM_V1,10003.574439447419,False,1784316600000,0
2026-07-19T22:10:44.118814+00:00,MARA,MARA,strategy-lab-v1.0.0:BREAKOUT_MOMENTUM_V1,9893.799369011773,False,1784316600000,0
2026-07-19T22:10:44.118814+00:00,RIOT,RIOT,strategy-lab-v1.0.0:BREAKOUT_MOMENTUM_V1,10000.0,False,1784316600000,0
2026-07-19T22:10:44.118814+00:00,GLD,GLD,strategy-lab-v1.0.0:BREAKOUT_MOMENTUM_V1,10000.0,False,1784316600000,0
2026-07-19T22:10:44.118814+00:00,GDX,GDX,strategy-lab-v1.0.0:BREAKOUT_MOMENTUM_V1,10000.0,False,1784316600000,0
2026-07-19T22:10:44.118814+00:00,NEM,NEM,strategy-lab-v1.0.0:BREAKOUT_MOMENTUM_V1,10000.0,False,1784316600000,0
2026-07-19T22:10:44.118814+00:00,DXY,DX-Y.NYB,strategy-lab-v1.0.0:BREAKOUT_MOMENTUM_V1,10000.0,False,1784498400000,0
2026-07-19T22:10:44.118814+00:00,USDJPY,JPY=X,strategy-lab-v1.0.0:BREAKOUT_MOMENTUM_V1,9957.382899416503,False,1784318400000,0
2026-07-19T22:10:44.118814+00:00,USDCHF,CHF=X,strategy-lab-v1.0.0:BREAKOUT_MOMENTUM_V1,9957.57562007932,False,1784318400000,0
2026-07-19T22:10:44.118814+00:00,USDCAD,CAD=X,strategy-lab-v1.0.0:BREAKOUT_MOMENTUM_V1,10000.0,False,1784322000000,0
2026-07-19T23:11:13.385241+00:00,BTC,BTCUSDT,strategy-lab-v1.0.0:BREAKOUT_MOMENTUM_V1,10142.446059188378,False,1784502000000,335
2026-07-19T23:11:13.385241+00:00,SOL,SOLUSDT,strategy-lab-v1.0.0:BREAKOUT_MOMENTUM_V1,9899.012105958447,False,1784502000000,335
2026-07-19T23:11:13.385241+00:00,XRP,XRPUSDT,strategy-lab-v1.0.0:BREAKOUT_MOMENTUM_V1,9805.409985189846,False,1784502000000,335
2026-07-19T23:11:13.385241+00:00,DOGE,DOGEUSDT,strategy-lab-v1.0.0:BREAKOUT_MOMENTUM_V1,10046.885476118241,False,1784502000000,335
2026-07-19T23:11:13.385241+00:00,BNB,BNBUSDT,strategy-lab-v1.0.0:BREAKOUT_MOMENTUM_V1,10006.647067914833,False,1784502000000,59
2026-07-19T23:11:13.385241+00:00,PAXG,PAXGUSDT,strategy-lab-v1.0.0:BREAKOUT_MOMENTUM_V1,10000.0,False,1784502000000,336
2026-07-19T23:11:13.385241+00:00,GOLD,XAU/USD,strategy-lab-v1.0.0:BREAKOUT_MOMENTUM_V1,10000.0,False,1784455200000,0
2026-07-19T23:11:13.385241+00:00,SILVER,XAG/USD,strategy-lab-v1.0.0:BREAKOUT_MOMENTUM_V1,10000.0,False,0,0
2026-07-19T23:11:13.385241+00:00,OIL,WTI/USD,strategy-lab-v1.0.0:BREAKOUT_MOMENTUM_V1,10000.0,False,0,0
2026-07-19T23:11:13.385241+00:00,GOLD_FUT,GC=F,strategy-lab-v1.0.0:BREAKOUT_MOMENTUM_V1,10000.0,False,1784502000000,0
2026-07-19T23:11:13.385241+00:00,SILVER_FUT,SI=F,strategy-lab-v1.0.0:BREAKOUT_MOMENTUM_V1,10000.0,False,1784502000000,0
2026-07-19T23:11:13.385241+00:00,OIL_FUT,CL=F,strategy-lab-v1.0.0:BREAKOUT_MOMENTUM_V1,9980.803375993022,False,1784502000000,0
2026-07-19T23:11:13.385241+00:00,BRENT_FUT,BZ=F,strategy-lab-v1.0.0:BREAKOUT_MOMENTUM_V1,9990.286129606315,False,1784502000000,0
2026-07-19T23:11:13.385241+00:00,SPY,SPY,strategy-lab-v1.0.0:BREAKOUT_MOMENTUM_V1,9889.508479216856,False,1784316600000,0
2026-07-19T23:11:13.385241+00:00,QQQ,QQQ,strategy-lab-v1.0.0:BREAKOUT_MOMENTUM_V1,9914.31196162559,False,1784316600000,0
2026-07-19T23:11:13.385241+00:00,NVDA,NVDA,strategy-lab-v1.0.0:BREAKOUT_MOMENTUM_V1,9906.570381290368,False,1784316600000,0
2026-07-19T23:11:13.385241+00:00,MSTR,MSTR,strategy-lab-v1.0.0:BREAKOUT_MOMENTUM_V1,10000.0,False,1784316600000,0
2026-07-19T23:11:13.385241+00:00,COIN,COIN,strategy-lab-v1.0.0:BREAKOUT_MOMENTUM_V1,10003.574439447419,False,1784316600000,0
2026-07-19T23:11:13.385241+00:00,MARA,MARA,strategy-lab-v1.0.0:BREAKOUT_MOMENTUM_V1,9893.799369011773,False,1784316600000,0
2026-07-19T23:11:13.385241+00:00,RIOT,RIOT,strategy-lab-v1.0.0:BREAKOUT_MOMENTUM_V1,10000.0,False,1784316600000,0
2026-07-19T23:11:13.385241+00:00,GLD,GLD,strategy-lab-v1.0.0:BREAKOUT_MOMENTUM_V1,10000.0,False,1784316600000,0
2026-07-19T23:11:13.385241+00:00,GDX,GDX,strategy-lab-v1.0.0:BREAKOUT_MOMENTUM_V1,10000.0,False,1784316600000,0
2026-07-19T23:11:13.385241+00:00,NEM,NEM,strategy-lab-v1.0.0:BREAKOUT_MOMENTUM_V1,10000.0,False,1784316600000,0
2026-07-19T23:11:13.385241+00:00,DXY,DX-Y.NYB,strategy-lab-v1.0.0:BREAKOUT_MOMENTUM_V1,10000.0,False,1784502000000,0
2026-07-19T23:11:13.385241+00:00,USDJPY,JPY=X,strategy-lab-v1.0.0:BREAKOUT_MOMENTUM_V1,9957.382899416503,True,1784502000000,0
2026-07-19T23:11:13.385241+00:00,USDCHF,CHF=X,strategy-lab-v1.0.0:BREAKOUT_MOMENTUM_V1,9957.57562007932,False,1784502000000,0
2026-07-19T23:11:13.385241+00:00,USDCAD,CAD=X,strategy-lab-v1.0.0:BREAKOUT_MOMENTUM_V1,10000.0,False,1784502000000,0
2026-07-20T00:11:48.386992+00:00,BTC,BTCUSDT,strategy-lab-v1.0.0:BREAKOUT_MOMENTUM_V1,10142.446059188378,False,1784505600000,335
2026-07-20T00:11:48.386992+00:00,SOL,SOLUSDT,strategy-lab-v1.0.0:BREAKOUT_MOMENTUM_V1,9899.012105958447,True,1784505600000,335
2026-07-20T00:11:48.386992+00:00,XRP,XRPUSDT,strategy-lab-v1.0.0:BREAKOUT_MOMENTUM_V1,9805.409985189846,False,1784505600000,335
2026-07-20T00:11:48.386992+00:00,DOGE,DOGEUSDT,strategy-lab-v1.0.0:BREAKOUT_MOMENTUM_V1,10046.885476118241,False,1784505600000,335
2026-07-20T00:11:48.386992+00:00,BNB,BNBUSDT,strategy-lab-v1.0.0:BREAKOUT_MOMENTUM_V1,10006.647067914833,False,1784505600000,59
2026-07-20T00:11:48.386992+00:00,PAXG,PAXGUSDT,strategy-lab-v1.0.0:BREAKOUT_MOMENTUM_V1,10000.0,False,1784505600000,336
2026-07-20T00:11:48.386992+00:00,GOLD,XAU/USD,strategy-lab-v1.0.0:BREAKOUT_MOMENTUM_V1,10000.0,False,1784505600000,13
2026-07-20T00:11:48.386992+00:00,SILVER,XAG/USD,strategy-lab-v1.0.0:BREAKOUT_MOMENTUM_V1,10000.0,False,0,0
2026-07-20T00:11:48.386992+00:00,OIL,WTI/USD,strategy-lab-v1.0.0:BREAKOUT_MOMENTUM_V1,10000.0,False,0,0
2026-07-20T00:11:48.386992+00:00,GOLD_FUT,GC=F,strategy-lab-v1.0.0:BREAKOUT_MOMENTUM_V1,10000.0,False,1784505600000,0
2026-07-20T00:11:48.386992+00:00,SILVER_FUT,SI=F,strategy-lab-v1.0.0:BREAKOUT_MOMENTUM_V1,10000.0,False,1784505600000,0
2026-07-20T00:11:48.386992+00:00,OIL_FUT,CL=F,strategy-lab-v1.0.0:BREAKOUT_MOMENTUM_V1,9980.803375993022,False,1784505600000,0
2026-07-20T00:11:48.386992+00:00,BRENT_FUT,BZ=F,strategy-lab-v1.0.0:BREAKOUT_MOMENTUM_V1,9990.286129606315,False,1784505600000,0
2026-07-20T00:11:48.386992+00:00,SPY,SPY,strategy-lab-v1.0.0:BREAKOUT_MOMENTUM_V1,9889.508479216856,False,1784316600000,0
2026-07-20T00:11:48.386992+00:00,QQQ,QQQ,strategy-lab-v1.0.0:BREAKOUT_MOMENTUM_V1,9914.31196162559,False,1784316600000,0
2026-07-20T00:11:48.386992+00:00,NVDA,NVDA,strategy-lab-v1.0.0:BREAKOUT_MOMENTUM_V1,9906.570381290368,False,1784316600000,0
2026-07-20T00:11:48.386992+00:00,MSTR,MSTR,strategy-lab-v1.0.0:BREAKOUT_MOMENTUM_V1,10000.0,False,1784316600000,0
2026-07-20T00:11:48.386992+00:00,COIN,COIN,strategy-lab-v1.0.0:BREAKOUT_MOMENTUM_V1,10003.574439447419,False,1784316600000,0
2026-07-20T00:11:48.386992+00:00,MARA,MARA,strategy-lab-v1.0.0:BREAKOUT_MOMENTUM_V1,9893.799369011773,False,1784316600000,0
2026-07-20T00:11:48.386992+00:00,RIOT,RIOT,strategy-lab-v1.0.0:BREAKOUT_MOMENTUM_V1,10000.0,False,1784316600000,0
2026-07-20T00:11:48.386992+00:00,GLD,GLD,strategy-lab-v1.0.0:BREAKOUT_MOMENTUM_V1,10000.0,False,1784316600000,0
2026-07-20T00:11:48.386992+00:00,GDX,GDX,strategy-lab-v1.0.0:BREAKOUT_MOMENTUM_V1,10000.0,False,1784316600000,0
2026-07-20T00:11:48.386992+00:00,NEM,NEM,strategy-lab-v1.0.0:BREAKOUT_MOMENTUM_V1,10000.0,False,1784316600000,0
2026-07-20T00:11:48.386992+00:00,DXY,DX-Y.NYB,strategy-lab-v1.0.0:BREAKOUT_MOMENTUM_V1,10000.0,False,1784505600000,0
2026-07-20T00:11:48.386992+00:00,USDJPY,JPY=X,strategy-lab-v1.0.0:BREAKOUT_MOMENTUM_V1,9957.382899416503,True,1784505600000,0
2026-07-20T00:11:48.386992+00:00,USDCHF,CHF=X,strategy-lab-v1.0.0:BREAKOUT_MOMENTUM_V1,9957.57562007932,False,1784505600000,0
2026-07-20T00:11:48.386992+00:00,USDCAD,CAD=X,strategy-lab-v1.0.0:BREAKOUT_MOMENTUM_V1,10000.0,False,1784505600000,0
2026-07-20T04:04:33.948188+00:00,BTC,BTCUSDT,strategy-lab-v1.0.0:BREAKOUT_MOMENTUM_V1,10142.446059188378,False,1784520000000,338
2026-07-20T04:04:33.948188+00:00,SOL,SOLUSDT,strategy-lab-v1.0.0:BREAKOUT_MOMENTUM_V1,9899.012105958447,True,1784520000000,338
2026-07-20T04:04:33.948188+00:00,XRP,XRPUSDT,strategy-lab-v1.0.0:BREAKOUT_MOMENTUM_V1,9805.409985189846,False,1784520000000,338
2026-07-20T04:04:33.948188+00:00,DOGE,DOGEUSDT,strategy-lab-v1.0.0:BREAKOUT_MOMENTUM_V1,10046.885476118241,False,1784520000000,338
2026-07-20T04:04:33.948188+00:00,BNB,BNBUSDT,strategy-lab-v1.0.0:BREAKOUT_MOMENTUM_V1,10006.647067914833,False,1784520000000,62
2026-07-20T04:04:33.948188+00:00,PAXG,PAXGUSDT,strategy-lab-v1.0.0:BREAKOUT_MOMENTUM_V1,10000.0,False,1784520000000,339
2026-07-20T04:04:33.948188+00:00,GOLD,XAU/USD,strategy-lab-v1.0.0:BREAKOUT_MOMENTUM_V1,10000.0,False,1784505600000,13
2026-07-20T04:04:33.948188+00:00,SILVER,XAG/USD,strategy-lab-v1.0.0:BREAKOUT_MOMENTUM_V1,10000.0,False,0,0
2026-07-20T04:04:33.948188+00:00,OIL,WTI/USD,strategy-lab-v1.0.0:BREAKOUT_MOMENTUM_V1,10000.0,False,0,0
2026-07-20T04:04:33.948188+00:00,GOLD_FUT,GC=F,strategy-lab-v1.0.0:BREAKOUT_MOMENTUM_V1,10000.0,False,1784516400000,1
2026-07-20T04:04:33.948188+00:00,SILVER_FUT,SI=F,strategy-lab-v1.0.0:BREAKOUT_MOMENTUM_V1,10000.0,False,1784516400000,1
2026-07-20T04:04:33.948188+00:00,OIL_FUT,CL=F,strategy-lab-v1.0.0:BREAKOUT_MOMENTUM_V1,9980.803375993022,False,1784516400000,1
2026-07-20T04:04:33.948188+00:00,BRENT_FUT,BZ=F,strategy-lab-v1.0.0:BREAKOUT_MOMENTUM_V1,9990.286129606315,False,1784516400000,1
2026-07-20T04:04:33.948188+00:00,SPY,SPY,strategy-lab-v1.0.0:BREAKOUT_MOMENTUM_V1,9889.508479216856,False,1784316600000,0
2026-07-20T04:04:33.948188+00:00,QQQ,QQQ,strategy-lab-v1.0.0:BREAKOUT_MOMENTUM_V1,9914.31196162559,False,1784316600000,0
2026-07-20T04:04:33.948188+00:00,NVDA,NVDA,strategy-lab-v1.0.0:BREAKOUT_MOMENTUM_V1,9906.570381290368,False,1784316600000,0
2026-07-20T04:04:33.948188+00:00,MSTR,MSTR,strategy-lab-v1.0.0:BREAKOUT_MOMENTUM_V1,10000.0,False,1784316600000,0
2026-07-20T04:04:33.948188+00:00,COIN,COIN,strategy-lab-v1.0.0:BREAKOUT_MOMENTUM_V1,10003.574439447419,False,1784316600000,0
2026-07-20T04:04:33.948188+00:00,MARA,MARA,strategy-lab-v1.0.0:BREAKOUT_MOMENTUM_V1,9893.799369011773,False,1784316600000,0
2026-07-20T04:04:33.948188+00:00,RIOT,RIOT,strategy-lab-v1.0.0:BREAKOUT_MOMENTUM_V1,10000.0,False,1784316600000,0
2026-07-20T04:04:33.948188+00:00,GLD,GLD,strategy-lab-v1.0.0:BREAKOUT_MOMENTUM_V1,10000.0,False,1784316600000,0
2026-07-20T04:04:33.948188+00:00,GDX,GDX,strategy-lab-v1.0.0:BREAKOUT_MOMENTUM_V1,10000.0,False,1784316600000,0
2026-07-20T04:04:33.948188+00:00,NEM,NEM,strategy-lab-v1.0.0:BREAKOUT_MOMENTUM_V1,10000.0,False,1784316600000,0
2026-07-20T04:04:33.948188+00:00,DXY,DX-Y.NYB,strategy-lab-v1.0.0:BREAKOUT_MOMENTUM_V1,10000.0,False,1784516400000,1
2026-07-20T04:04:33.948188+00:00,USDJPY,JPY=X,strategy-lab-v1.0.0:BREAKOUT_MOMENTUM_V1,9927.727948687785,False,1784520000000,3
2026-07-20T04:04:33.948188+00:00,USDCHF,CHF=X,strategy-lab-v1.0.0:BREAKOUT_MOMENTUM_V1,9957.57562007932,False,1784520000000,3
2026-07-20T04:04:33.948188+00:00,USDCAD,CAD=X,strategy-lab-v1.0.0:BREAKOUT_MOMENTUM_V1,10000.0,False,1784520000000,3
2026-07-20T07:23:39.375734+00:00,BTC,BTCUSDT,strategy-lab-v1.0.0:BREAKOUT_MOMENTUM_V1,10142.446059188378,False,1784530800000,340
2026-07-20T07:23:39.375734+00:00,SOL,SOLUSDT,strategy-lab-v1.0.0:BREAKOUT_MOMENTUM_V1,9799.295765311312,False,1784530800000,340
2026-07-20T07:23:39.375734+00:00,XRP,XRPUSDT,strategy-lab-v1.0.0:BREAKOUT_MOMENTUM_V1,9805.409985189846,False,1784530800000,340
2026-07-20T07:23:39.375734+00:00,DOGE,DOGEUSDT,strategy-lab-v1.0.0:BREAKOUT_MOMENTUM_V1,10046.885476118241,False,1784530800000,340
2026-07-20T07:23:39.375734+00:00,BNB,BNBUSDT,strategy-lab-v1.0.0:BREAKOUT_MOMENTUM_V1,10006.647067914833,False,1784530800000,64
2026-07-20T07:23:39.375734+00:00,PAXG,PAXGUSDT,strategy-lab-v1.0.0:BREAKOUT_MOMENTUM_V1,10000.0,False,1784530800000,341
2026-07-20T07:23:39.375734+00:00,GOLD,XAU/USD,strategy-lab-v1.0.0:BREAKOUT_MOMENTUM_V1,10000.0,False,1784505600000,13
2026-07-20T07:23:39.375734+00:00,SILVER,XAG/USD,strategy-lab-v1.0.0:BREAKOUT_MOMENTUM_V1,10000.0,False,0,0
2026-07-20T07:23:39.375734+00:00,OIL,WTI/USD,strategy-lab-v1.0.0:BREAKOUT_MOMENTUM_V1,10000.0,False,0,0
2026-07-20T07:23:39.375734+00:00,GOLD_FUT,GC=F,strategy-lab-v1.0.0:BREAKOUT_MOMENTUM_V1,10000.0,False,1784530800000,4
2026-07-20T07:23:39.375734+00:00,SILVER_FUT,SI=F,strategy-lab-v1.0.0:BREAKOUT_MOMENTUM_V1,10000.0,False,1784530800000,4
2026-07-20T07:23:39.375734+00:00,OIL_FUT,CL=F,strategy-lab-v1.0.0:BREAKOUT_MOMENTUM_V1,9980.803375993022,False,1784530800000,4
2026-07-20T07:23:39.375734+00:00,BRENT_FUT,BZ=F,strategy-lab-v1.0.0:BREAKOUT_MOMENTUM_V1,9990.286129606315,False,1784530800000,4
2026-07-20T07:23:39.375734+00:00,SPY,SPY,strategy-lab-v1.0.0:BREAKOUT_MOMENTUM_V1,9889.508479216856,False,1784316600000,0
2026-07-20T07:23:39.375734+00:00,QQQ,QQQ,strategy-lab-v1.0.0:BREAKOUT_MOMENTUM_V1,9914.31196162559,False,1784316600000,0
2026-07-20T07:23:39.375734+00:00,NVDA,NVDA,strategy-lab-v1.0.0:BREAKOUT_MOMENTUM_V1,9906.570381290368,False,1784316600000,0
2026-07-20T07:23:39.375734+00:00,MSTR,MSTR,strategy-lab-v1.0.0:BREAKOUT_MOMENTUM_V1,10000.0,False,1784316600000,0
2026-07-20T07:23:39.375734+00:00,COIN,COIN,strategy-lab-v1.0.0:BREAKOUT_MOMENTUM_V1,10003.574439447419,False,1784316600000,0
2026-07-20T07:23:39.375734+00:00,MARA,MARA,strategy-lab-v1.0.0:BREAKOUT_MOMENTUM_V1,9893.799369011773,False,1784316600000,0
2026-07-20T07:23:39.375734+00:00,RIOT,RIOT,strategy-lab-v1.0.0:BREAKOUT_MOMENTUM_V1,10000.0,False,1784316600000,0
2026-07-20T07:23:39.375734+00:00,GLD,GLD,strategy-lab-v1.0.0:BREAKOUT_MOMENTUM_V1,10000.0,False,1784316600000,0
2026-07-20T07:23:39.375734+00:00,GDX,GDX,strategy-lab-v1.0.0:BREAKOUT_MOMENTUM_V1,10000.0,False,1784316600000,0
2026-07-20T07:23:39.375734+00:00,NEM,NEM,strategy-lab-v1.0.0:BREAKOUT_MOMENTUM_V1,10000.0,False,1784316600000,0
2026-07-20T07:23:39.375734+00:00,DXY,DX-Y.NYB,strategy-lab-v1.0.0:BREAKOUT_MOMENTUM_V1,10000.0,False,1784530800000,4
2026-07-20T07:23:39.375734+00:00,USDJPY,JPY=X,strategy-lab-v1.0.0:BREAKOUT_MOMENTUM_V1,9927.727948687785,False,1784530800000,5
2026-07-20T07:23:39.375734+00:00,USDCHF,CHF=X,strategy-lab-v1.0.0:BREAKOUT_MOMENTUM_V1,9957.57562007932,False,1784530800000,5
2026-07-20T07:23:39.375734+00:00,USDCAD,CAD=X,strategy-lab-v1.0.0:BREAKOUT_MOMENTUM_V1,10000.0,False,1784530800000,5
2026-07-20T10:23:53.063888+00:00,BTC,BTCUSDT,strategy-lab-v1.0.0:BREAKOUT_MOMENTUM_V1,10142.446059188378,False,1784541600000,342
2026-07-20T10:23:53.063888+00:00,SOL,SOLUSDT,strategy-lab-v1.0.0:BREAKOUT_MOMENTUM_V1,9799.295765311312,False,1784541600000,342
2026-07-20T10:23:53.063888+00:00,XRP,XRPUSDT,strategy-lab-v1.0.0:BREAKOUT_MOMENTUM_V1,9805.409985189846,False,1784541600000,342
2026-07-20T10:23:53.063888+00:00,DOGE,DOGEUSDT,strategy-lab-v1.0.0:BREAKOUT_MOMENTUM_V1,10046.885476118241,False,1784541600000,342
2026-07-20T10:23:53.063888+00:00,BNB,BNBUSDT,strategy-lab-v1.0.0:BREAKOUT_MOMENTUM_V1,10006.647067914833,False,1784541600000,66
2026-07-20T10:23:53.063888+00:00,PAXG,PAXGUSDT,strategy-lab-v1.0.0:BREAKOUT_MOMENTUM_V1,10000.0,False,1784541600000,343
2026-07-20T10:23:53.063888+00:00,GOLD,XAU/USD,strategy-lab-v1.0.0:BREAKOUT_MOMENTUM_V1,10000.0,False,1784505600000,13
2026-07-20T10:23:53.063888+00:00,SILVER,XAG/USD,strategy-lab-v1.0.0:BREAKOUT_MOMENTUM_V1,10000.0,False,0,0
2026-07-20T10:23:53.063888+00:00,OIL,WTI/USD,strategy-lab-v1.0.0:BREAKOUT_MOMENTUM_V1,10000.0,False,0,0
2026-07-20T10:23:53.063888+00:00,GOLD_FUT,GC=F,strategy-lab-v1.0.0:BREAKOUT_MOMENTUM_V1,10000.0,False,1784541600000,6
2026-07-20T10:23:53.063888+00:00,SILVER_FUT,SI=F,strategy-lab-v1.0.0:BREAKOUT_MOMENTUM_V1,10000.0,False,1784541600000,6
2026-07-20T10:23:53.063888+00:00,OIL_FUT,CL=F,strategy-lab-v1.0.0:BREAKOUT_MOMENTUM_V1,9980.803375993022,False,1784541600000,6
2026-07-20T10:23:53.063888+00:00,BRENT_FUT,BZ=F,strategy-lab-v1.0.0:BREAKOUT_MOMENTUM_V1,9990.286129606315,False,1784541600000,6
2026-07-20T10:23:53.063888+00:00,SPY,SPY,strategy-lab-v1.0.0:BREAKOUT_MOMENTUM_V1,9889.508479216856,False,1784316600000,0
2026-07-20T10:23:53.063888+00:00,QQQ,QQQ,strategy-lab-v1.0.0:BREAKOUT_MOMENTUM_V1,9914.31196162559,False,1784316600000,0
2026-07-20T10:23:53.063888+00:00,NVDA,NVDA,strategy-lab-v1.0.0:BREAKOUT_MOMENTUM_V1,9906.570381290368,False,1784316600000,0
2026-07-20T10:23:53.063888+00:00,MSTR,MSTR,strategy-lab-v1.0.0:BREAKOUT_MOMENTUM_V1,10000.0,False,1784316600000,0
2026-07-20T10:23:53.063888+00:00,COIN,COIN,strategy-lab-v1.0.0:BREAKOUT_MOMENTUM_V1,10003.574439447419,False,1784316600000,0
2026-07-20T10:23:53.063888+00:00,MARA,MARA,strategy-lab-v1.0.0:BREAKOUT_MOMENTUM_V1,9893.799369011773,False,1784316600000,0
2026-07-20T10:23:53.063888+00:00,RIOT,RIOT,strategy-lab-v1.0.0:BREAKOUT_MOMENTUM_V1,10000.0,False,1784316600000,0
2026-07-20T10:23:53.063888+00:00,GLD,GLD,strategy-lab-v1.0.0:BREAKOUT_MOMENTUM_V1,10000.0,False,1784316600000,0
2026-07-20T10:23:53.063888+00:00,GDX,GDX,strategy-lab-v1.0.0:BREAKOUT_MOMENTUM_V1,10000.0,False,1784316600000,0
2026-07-20T10:23:53.063888+00:00,NEM,NEM,strategy-lab-v1.0.0:BREAKOUT_MOMENTUM_V1,10000.0,False,1784316600000,0
2026-07-20T10:23:53.063888+00:00,DXY,DX-Y.NYB,strategy-lab-v1.0.0:BREAKOUT_MOMENTUM_V1,10000.0,False,1784541600000,6
2026-07-20T10:23:53.063888+00:00,USDJPY,JPY=X,strategy-lab-v1.0.0:BREAKOUT_MOMENTUM_V1,9927.727948687785,False,1784541600000,7
2026-07-20T10:23:53.063888+00:00,USDCHF,CHF=X,strategy-lab-v1.0.0:BREAKOUT_MOMENTUM_V1,9957.57562007932,False,1784541600000,7
2026-07-20T10:23:53.063888+00:00,USDCAD,CAD=X,strategy-lab-v1.0.0:BREAKOUT_MOMENTUM_V1,10000.0,False,1784541600000,7
2026-07-20T12:29:53.097866+00:00,BTC,BTCUSDT,strategy-lab-v1.0.0:BREAKOUT_MOMENTUM_V1,10142.446059188378,False,1784548800000,343
2026-07-20T12:29:53.097866+00:00,SOL,SOLUSDT,strategy-lab-v1.0.0:BREAKOUT_MOMENTUM_V1,9799.295765311312,False,1784548800000,343
2026-07-20T12:29:53.097866+00:00,XRP,XRPUSDT,strategy-lab-v1.0.0:BREAKOUT_MOMENTUM_V1,9805.409985189846,False,1784548800000,343
2026-07-20T12:29:53.097866+00:00,DOGE,DOGEUSDT,strategy-lab-v1.0.0:BREAKOUT_MOMENTUM_V1,10046.885476118241,False,1784548800000,343
2026-07-20T12:29:53.097866+00:00,BNB,BNBUSDT,strategy-lab-v1.0.0:BREAKOUT_MOMENTUM_V1,10006.647067914833,False,1784548800000,67
2026-07-20T12:29:53.097866+00:00,PAXG,PAXGUSDT,strategy-lab-v1.0.0:BREAKOUT_MOMENTUM_V1,10000.0,False,1784548800000,344
2026-07-20T12:29:53.097866+00:00,GOLD,XAU/USD,strategy-lab-v1.0.0:BREAKOUT_MOMENTUM_V1,10000.0,False,1784505600000,13
2026-07-20T12:29:53.097866+00:00,SILVER,XAG/USD,strategy-lab-v1.0.0:BREAKOUT_MOMENTUM_V1,10000.0,False,0,0
2026-07-20T12:29:53.097866+00:00,OIL,WTI/USD,strategy-lab-v1.0.0:BREAKOUT_MOMENTUM_V1,10000.0,False,0,0
2026-07-20T12:29:53.097866+00:00,GOLD_FUT,GC=F,strategy-lab-v1.0.0:BREAKOUT_MOMENTUM_V1,10000.0,False,1784548800000,7
2026-07-20T12:29:53.097866+00:00,SILVER_FUT,SI=F,strategy-lab-v1.0.0:BREAKOUT_MOMENTUM_V1,10000.0,False,1784548800000,7
2026-07-20T12:29:53.097866+00:00,OIL_FUT,CL=F,strategy-lab-v1.0.0:BREAKOUT_MOMENTUM_V1,9980.803375993022,False,1784548800000,7
2026-07-20T12:29:53.097866+00:00,BRENT_FUT,BZ=F,strategy-lab-v1.0.0:BREAKOUT_MOMENTUM_V1,9990.286129606315,False,1784548800000,7
2026-07-20T12:29:53.097866+00:00,SPY,SPY,strategy-lab-v1.0.0:BREAKOUT_MOMENTUM_V1,9889.508479216856,False,1784316600000,0
2026-07-20T12:29:53.097866+00:00,QQQ,QQQ,strategy-lab-v1.0.0:BREAKOUT_MOMENTUM_V1,9914.31196162559,False,1784316600000,0
2026-07-20T12:29:53.097866+00:00,NVDA,NVDA,strategy-lab-v1.0.0:BREAKOUT_MOMENTUM_V1,9906.570381290368,False,1784316600000,0
2026-07-20T12:29:53.097866+00:00,MSTR,MSTR,strategy-lab-v1.0.0:BREAKOUT_MOMENTUM_V1,10000.0,False,1784316600000,0
2026-07-20T12:29:53.097866+00:00,COIN,COIN,strategy-lab-v1.0.0:BREAKOUT_MOMENTUM_V1,10003.574439447419,False,1784316600000,0
2026-07-20T12:29:53.097866+00:00,MARA,MARA,strategy-lab-v1.0.0:BREAKOUT_MOMENTUM_V1,9893.799369011773,False,1784316600000,0
2026-07-20T12:29:53.097866+00:00,RIOT,RIOT,strategy-lab-v1.0.0:BREAKOUT_MOMENTUM_V1,10000.0,False,1784316600000,0
2026-07-20T12:29:53.097866+00:00,GLD,GLD,strategy-lab-v1.0.0:BREAKOUT_MOMENTUM_V1,10000.0,False,1784316600000,0
2026-07-20T12:29:53.097866+00:00,GDX,GDX,strategy-lab-v1.0.0:BREAKOUT_MOMENTUM_V1,10000.0,False,1784316600000,0
2026-07-20T12:29:53.097866+00:00,NEM,NEM,strategy-lab-v1.0.0:BREAKOUT_MOMENTUM_V1,10000.0,False,1784316600000,0
2026-07-20T12:29:53.097866+00:00,DXY,DX-Y.NYB,strategy-lab-v1.0.0:BREAKOUT_MOMENTUM_V1,10000.0,True,1784548800000,7
2026-07-20T12:29:53.097866+00:00,USDJPY,JPY=X,strategy-lab-v1.0.0:BREAKOUT_MOMENTUM_V1,9927.727948687785,False,1784548800000,8
2026-07-20T12:29:53.097866+00:00,USDCHF,CHF=X,strategy-lab-v1.0.0:BREAKOUT_MOMENTUM_V1,9957.57562007932,True,1784548800000,8
2026-07-20T12:29:53.097866+00:00,USDCAD,CAD=X,strategy-lab-v1.0.0:BREAKOUT_MOMENTUM_V1,10000.0,False,1784548800000,8
2026-07-20T14:41:31.144159+00:00,BTC,BTCUSDT,strategy-lab-v1.0.0:BREAKOUT_MOMENTUM_V1,10142.446059188378,False,1784556000000,344
2026-07-20T14:41:31.144159+00:00,SOL,SOLUSDT,strategy-lab-v1.0.0:BREAKOUT_MOMENTUM_V1,9799.295765311312,False,1784556000000,344
2026-07-20T14:41:31.144159+00:00,XRP,XRPUSDT,strategy-lab-v1.0.0:BREAKOUT_MOMENTUM_V1,9805.409985189846,False,1784556000000,344
2026-07-20T14:41:31.144159+00:00,DOGE,DOGEUSDT,strategy-lab-v1.0.0:BREAKOUT_MOMENTUM_V1,10046.885476118241,False,1784556000000,344
2026-07-20T14:41:31.144159+00:00,BNB,BNBUSDT,strategy-lab-v1.0.0:BREAKOUT_MOMENTUM_V1,10006.647067914833,False,1784556000000,68
2026-07-20T14:41:31.144159+00:00,PAXG,PAXGUSDT,strategy-lab-v1.0.0:BREAKOUT_MOMENTUM_V1,10000.0,False,1784556000000,345
2026-07-20T14:41:31.144159+00:00,GOLD,XAU/USD,strategy-lab-v1.0.0:BREAKOUT_MOMENTUM_V1,10000.0,False,1784505600000,13
2026-07-20T14:41:31.144159+00:00,SILVER,XAG/USD,strategy-lab-v1.0.0:BREAKOUT_MOMENTUM_V1,10000.0,False,0,0
2026-07-20T14:41:31.144159+00:00,OIL,WTI/USD,strategy-lab-v1.0.0:BREAKOUT_MOMENTUM_V1,10000.0,False,0,0
2026-07-20T14:41:31.144159+00:00,GOLD_FUT,GC=F,strategy-lab-v1.0.0:BREAKOUT_MOMENTUM_V1,10000.0,False,1784556000000,8
2026-07-20T14:41:31.144159+00:00,SILVER_FUT,SI=F,strategy-lab-v1.0.0:BREAKOUT_MOMENTUM_V1,10000.0,False,1784556000000,8
2026-07-20T14:41:31.144159+00:00,OIL_FUT,CL=F,strategy-lab-v1.0.0:BREAKOUT_MOMENTUM_V1,9980.803375993022,False,1784556000000,8
2026-07-20T14:41:31.144159+00:00,BRENT_FUT,BZ=F,strategy-lab-v1.0.0:BREAKOUT_MOMENTUM_V1,9990.286129606315,False,1784556000000,8
2026-07-20T14:41:31.144159+00:00,SPY,SPY,strategy-lab-v1.0.0:BREAKOUT_MOMENTUM_V1,9889.508479216856,False,1784557800000,1
2026-07-20T14:41:31.144159+00:00,QQQ,QQQ,strategy-lab-v1.0.0:BREAKOUT_MOMENTUM_V1,9914.31196162559,False,1784557800000,1
2026-07-20T14:41:31.144159+00:00,NVDA,NVDA,strategy-lab-v1.0.0:BREAKOUT_MOMENTUM_V1,9906.570381290368,False,1784557800000,1
2026-07-20T14:41:31.144159+00:00,MSTR,MSTR,strategy-lab-v1.0.0:BREAKOUT_MOMENTUM_V1,10000.0,False,1784557800000,1
2026-07-20T14:41:31.144159+00:00,COIN,COIN,strategy-lab-v1.0.0:BREAKOUT_MOMENTUM_V1,10003.574439447419,False,1784557800000,1
2026-07-20T14:41:31.144159+00:00,MARA,MARA,strategy-lab-v1.0.0:BREAKOUT_MOMENTUM_V1,9893.799369011773,False,1784557800000,1
2026-07-20T14:41:31.144159+00:00,RIOT,RIOT,strategy-lab-v1.0.0:BREAKOUT_MOMENTUM_V1,10000.0,False,1784557800000,1
2026-07-20T14:41:31.144159+00:00,GLD,GLD,strategy-lab-v1.0.0:BREAKOUT_MOMENTUM_V1,10000.0,False,1784557800000,1
2026-07-20T14:41:31.144159+00:00,GDX,GDX,strategy-lab-v1.0.0:BREAKOUT_MOMENTUM_V1,10000.0,False,1784557800000,1
2026-07-20T14:41:31.144159+00:00,NEM,NEM,strategy-lab-v1.0.0:BREAKOUT_MOMENTUM_V1,10000.0,False,1784557800000,1
2026-07-20T14:41:31.144159+00:00,DXY,DX-Y.NYB,strategy-lab-v1.0.0:BREAKOUT_MOMENTUM_V1,10000.0,True,1784556000000,8
2026-07-20T14:41:31.144159+00:00,USDJPY,JPY=X,strategy-lab-v1.0.0:BREAKOUT_MOMENTUM_V1,9927.727948687785,False,1784556000000,9
2026-07-20T14:41:31.144159+00:00,USDCHF,CHF=X,strategy-lab-v1.0.0:BREAKOUT_MOMENTUM_V1,9957.57562007932,True,1784556000000,9
2026-07-20T14:41:31.144159+00:00,USDCAD,CAD=X,strategy-lab-v1.0.0:BREAKOUT_MOMENTUM_V1,10000.0,False,1784556000000,9
2026-07-20T16:14:53.327382+00:00,BTC,BTCUSDT,strategy-lab-v1.0.0:BREAKOUT_MOMENTUM_V1,10142.446059188378,True,1784563200000,345
2026-07-20T16:14:53.327382+00:00,SOL,SOLUSDT,strategy-lab-v1.0.0:BREAKOUT_MOMENTUM_V1,9799.295765311312,True,1784563200000,345
2026-07-20T16:14:53.327382+00:00,XRP,XRPUSDT,strategy-lab-v1.0.0:BREAKOUT_MOMENTUM_V1,9805.409985189846,True,1784563200000,345
2026-07-20T16:14:53.327382+00:00,DOGE,DOGEUSDT,strategy-lab-v1.0.0:BREAKOUT_MOMENTUM_V1,10046.885476118241,True,1784563200000,345
2026-07-20T16:14:53.327382+00:00,BNB,BNBUSDT,strategy-lab-v1.0.0:BREAKOUT_MOMENTUM_V1,10006.647067914833,False,1784563200000,69
2026-07-20T16:14:53.327382+00:00,PAXG,PAXGUSDT,strategy-lab-v1.0.0:BREAKOUT_MOMENTUM_V1,10000.0,False,1784563200000,346
2026-07-20T16:14:53.327382+00:00,GOLD,XAU/USD,strategy-lab-v1.0.0:BREAKOUT_MOMENTUM_V1,10000.0,False,1784505600000,13
2026-07-20T16:14:53.327382+00:00,SILVER,XAG/USD,strategy-lab-v1.0.0:BREAKOUT_MOMENTUM_V1,10000.0,False,0,0
2026-07-20T16:14:53.327382+00:00,OIL,WTI/USD,strategy-lab-v1.0.0:BREAKOUT_MOMENTUM_V1,10000.0,False,0,0
2026-07-20T16:14:53.327382+00:00,GOLD_FUT,GC=F,strategy-lab-v1.0.0:BREAKOUT_MOMENTUM_V1,10000.0,False,1784563200000,9
2026-07-20T16:14:53.327382+00:00,SILVER_FUT,SI=F,strategy-lab-v1.0.0:BREAKOUT_MOMENTUM_V1,10000.0,False,1784563200000,9
2026-07-20T16:14:53.327382+00:00,OIL_FUT,CL=F,strategy-lab-v1.0.0:BREAKOUT_MOMENTUM_V1,9980.803375993022,False,1784563200000,9
2026-07-20T16:14:53.327382+00:00,BRENT_FUT,BZ=F,strategy-lab-v1.0.0:BREAKOUT_MOMENTUM_V1,9990.286129606315,False,1784563200000,9
2026-07-20T16:14:53.327382+00:00,SPY,SPY,strategy-lab-v1.0.0:BREAKOUT_MOMENTUM_V1,9889.508479216856,False,1784561400000,1
2026-07-20T16:14:53.327382+00:00,QQQ,QQQ,strategy-lab-v1.0.0:BREAKOUT_MOMENTUM_V1,9914.31196162559,False,1784561400000,1
2026-07-20T16:14:53.327382+00:00,NVDA,NVDA,strategy-lab-v1.0.0:BREAKOUT_MOMENTUM_V1,9906.570381290368,False,1784561400000,1
2026-07-20T16:14:53.327382+00:00,MSTR,MSTR,strategy-lab-v1.0.0:BREAKOUT_MOMENTUM_V1,10000.0,False,1784561400000,1
2026-07-20T16:14:53.327382+00:00,COIN,COIN,strategy-lab-v1.0.0:BREAKOUT_MOMENTUM_V1,10003.574439447419,False,1784561400000,1
2026-07-20T16:14:53.327382+00:00,MARA,MARA,strategy-lab-v1.0.0:BREAKOUT_MOMENTUM_V1,9893.799369011773,False,1784561400000,1
2026-07-20T16:14:53.327382+00:00,RIOT,RIOT,strategy-lab-v1.0.0:BREAKOUT_MOMENTUM_V1,10000.0,False,1784561400000,1
2026-07-20T16:14:53.327382+00:00,GLD,GLD,strategy-lab-v1.0.0:BREAKOUT_MOMENTUM_V1,10000.0,False,1784561400000,1
2026-07-20T16:14:53.327382+00:00,GDX,GDX,strategy-lab-v1.0.0:BREAKOUT_MOMENTUM_V1,10000.0,False,1784561400000,1
2026-07-20T16:14:53.327382+00:00,NEM,NEM,strategy-lab-v1.0.0:BREAKOUT_MOMENTUM_V1,10000.0,False,1784561400000,1
2026-07-20T16:14:53.327382+00:00,DXY,DX-Y.NYB,strategy-lab-v1.0.0:BREAKOUT_MOMENTUM_V1,9987.15422479215,False,1784563200000,9
2026-07-20T16:14:53.327382+00:00,USDJPY,JPY=X,strategy-lab-v1.0.0:BREAKOUT_MOMENTUM_V1,9927.727948687785,False,1784563200000,10
2026-07-20T16:14:53.327382+00:00,USDCHF,CHF=X,strategy-lab-v1.0.0:BREAKOUT_MOMENTUM_V1,9957.57562007932,True,1784563200000,10
2026-07-20T16:14:53.327382+00:00,USDCAD,CAD=X,strategy-lab-v1.0.0:BREAKOUT_MOMENTUM_V1,10000.0,False,1784563200000,10
2026-07-20T18:51:44.362534+00:00,BTC,BTCUSDT,strategy-lab-v1.0.0:BREAKOUT_MOMENTUM_V1,10142.446059188378,True,1784570400000,346
2026-07-20T18:51:44.362534+00:00,SOL,SOLUSDT,strategy-lab-v1.0.0:BREAKOUT_MOMENTUM_V1,9799.295765311312,True,1784570400000,346
2026-07-20T18:51:44.362534+00:00,XRP,XRPUSDT,strategy-lab-v1.0.0:BREAKOUT_MOMENTUM_V1,9805.409985189846,True,1784570400000,346
2026-07-20T18:51:44.362534+00:00,DOGE,DOGEUSDT,strategy-lab-v1.0.0:BREAKOUT_MOMENTUM_V1,9924.530252226963,False,1784570400000,346
2026-07-20T18:51:44.362534+00:00,BNB,BNBUSDT,strategy-lab-v1.0.0:BREAKOUT_MOMENTUM_V1,10006.647067914833,False,1784570400000,70
2026-07-20T18:51:44.362534+00:00,PAXG,PAXGUSDT,strategy-lab-v1.0.0:BREAKOUT_MOMENTUM_V1,10000.0,False,1784570400000,347
2026-07-20T18:51:44.362534+00:00,GOLD,XAU/USD,strategy-lab-v1.0.0:BREAKOUT_MOMENTUM_V1,10000.0,False,1784570400000,30
2026-07-20T18:51:44.362534+00:00,SILVER,XAG/USD,strategy-lab-v1.0.0:BREAKOUT_MOMENTUM_V1,10000.0,False,0,0
2026-07-20T18:51:44.362534+00:00,OIL,WTI/USD,strategy-lab-v1.0.0:BREAKOUT_MOMENTUM_V1,10000.0,False,0,0
2026-07-20T18:51:44.362534+00:00,GOLD_FUT,GC=F,strategy-lab-v1.0.0:BREAKOUT_MOMENTUM_V1,10000.0,False,1784570400000,10
2026-07-20T18:51:44.362534+00:00,SILVER_FUT,SI=F,strategy-lab-v1.0.0:BREAKOUT_MOMENTUM_V1,10000.0,False,1784570400000,10
2026-07-20T18:51:44.362534+00:00,OIL_FUT,CL=F,strategy-lab-v1.0.0:BREAKOUT_MOMENTUM_V1,9980.803375993022,False,1784570400000,10
2026-07-20T18:51:44.362534+00:00,BRENT_FUT,BZ=F,strategy-lab-v1.0.0:BREAKOUT_MOMENTUM_V1,9990.286129606315,False,1784570400000,10
2026-07-20T18:51:44.362534+00:00,SPY,SPY,strategy-lab-v1.0.0:BREAKOUT_MOMENTUM_V1,9889.508479216856,False,1784572200000,3
2026-07-20T18:51:44.362534+00:00,QQQ,QQQ,strategy-lab-v1.0.0:BREAKOUT_MOMENTUM_V1,9914.31196162559,False,1784572200000,3
2026-07-20T18:51:44.362534+00:00,NVDA,NVDA,strategy-lab-v1.0.0:BREAKOUT_MOMENTUM_V1,9906.570381290368,False,1784572200000,3
2026-07-20T18:51:44.362534+00:00,MSTR,MSTR,strategy-lab-v1.0.0:BREAKOUT_MOMENTUM_V1,10000.0,False,1784572200000,3
2026-07-20T18:51:44.362534+00:00,COIN,COIN,strategy-lab-v1.0.0:BREAKOUT_MOMENTUM_V1,10003.574439447419,False,1784572200000,3
2026-07-20T18:51:44.362534+00:00,MARA,MARA,strategy-lab-v1.0.0:BREAKOUT_MOMENTUM_V1,9893.799369011773,False,1784572200000,3
2026-07-20T18:51:44.362534+00:00,RIOT,RIOT,strategy-lab-v1.0.0:BREAKOUT_MOMENTUM_V1,10000.0,False,1784572200000,3
2026-07-20T18:51:44.362534+00:00,GLD,GLD,strategy-lab-v1.0.0:BREAKOUT_MOMENTUM_V1,10000.0,False,1784572200000,3
2026-07-20T18:51:44.362534+00:00,GDX,GDX,strategy-lab-v1.0.0:BREAKOUT_MOMENTUM_V1,10000.0,False,1784572200000,3
2026-07-20T18:51:44.362534+00:00,NEM,NEM,strategy-lab-v1.0.0:BREAKOUT_MOMENTUM_V1,10000.0,False,1784572200000,3
2026-07-20T18:51:44.362534+00:00,DXY,DX-Y.NYB,strategy-lab-v1.0.0:BREAKOUT_MOMENTUM_V1,9987.15422479215,False,1784570400000,10
2026-07-20T18:51:44.362534+00:00,USDJPY,JPY=X,strategy-lab-v1.0.0:BREAKOUT_MOMENTUM_V1,9927.727948687785,False,1784570400000,11
2026-07-20T18:51:44.362534+00:00,USDCHF,CHF=X,strategy-lab-v1.0.0:BREAKOUT_MOMENTUM_V1,9957.57562007932,True,1784570400000,11
2026-07-20T18:51:44.362534+00:00,USDCAD,CAD=X,strategy-lab-v1.0.0:BREAKOUT_MOMENTUM_V1,10000.0,False,1784570400000,11
2026-07-20T20:01:36.094652+00:00,BTC,BTCUSDT,strategy-lab-v1.0.0:BREAKOUT_MOMENTUM_V1,10142.446059188378,True,1784577600000,347
2026-07-20T20:01:36.094652+00:00,SOL,SOLUSDT,strategy-lab-v1.0.0:BREAKOUT_MOMENTUM_V1,9799.295765311312,True,1784577600000,347
2026-07-20T20:01:36.094652+00:00,XRP,XRPUSDT,strategy-lab-v1.0.0:BREAKOUT_MOMENTUM_V1,9805.409985189846,True,1784574000000,346
2026-07-20T20:01:36.094652+00:00,DOGE,DOGEUSDT,strategy-lab-v1.0.0:BREAKOUT_MOMENTUM_V1,9924.530252226963,False,1784574000000,346
2026-07-20T20:01:36.094652+00:00,BNB,BNBUSDT,strategy-lab-v1.0.0:BREAKOUT_MOMENTUM_V1,10006.647067914833,False,1784577600000,71
2026-07-20T20:01:36.094652+00:00,PAXG,PAXGUSDT,strategy-lab-v1.0.0:BREAKOUT_MOMENTUM_V1,10000.0,False,1784574000000,347
2026-07-20T20:01:36.094652+00:00,GOLD,XAU/USD,strategy-lab-v1.0.0:BREAKOUT_MOMENTUM_V1,10000.0,False,1784577600000,31
2026-07-20T20:01:36.094652+00:00,SILVER,XAG/USD,strategy-lab-v1.0.0:BREAKOUT_MOMENTUM_V1,10000.0,False,0,0
2026-07-20T20:01:36.094652+00:00,OIL,WTI/USD,strategy-lab-v1.0.0:BREAKOUT_MOMENTUM_V1,10000.0,False,0,0
2026-07-20T20:01:36.094652+00:00,GOLD_FUT,GC=F,strategy-lab-v1.0.0:BREAKOUT_MOMENTUM_V1,10000.0,False,1784574000000,10
2026-07-20T20:01:36.094652+00:00,SILVER_FUT,SI=F,strategy-lab-v1.0.0:BREAKOUT_MOMENTUM_V1,10000.0,False,1784574000000,10
2026-07-20T20:01:36.094652+00:00,OIL_FUT,CL=F,strategy-lab-v1.0.0:BREAKOUT_MOMENTUM_V1,9980.803375993022,False,1784574000000,10
2026-07-20T20:01:36.094652+00:00,BRENT_FUT,BZ=F,strategy-lab-v1.0.0:BREAKOUT_MOMENTUM_V1,9990.286129606315,False,1784574000000,10
2026-07-20T20:01:36.094652+00:00,SPY,SPY,strategy-lab-v1.0.0:BREAKOUT_MOMENTUM_V1,9889.508479216856,False,1784575800000,3
2026-07-20T20:01:36.094652+00:00,QQQ,QQQ,strategy-lab-v1.0.0:BREAKOUT_MOMENTUM_V1,9914.31196162559,False,1784575800000,3
2026-07-20T20:01:36.094652+00:00,NVDA,NVDA,strategy-lab-v1.0.0:BREAKOUT_MOMENTUM_V1,9906.570381290368,False,1784575800000,3
2026-07-20T20:01:36.094652+00:00,MSTR,MSTR,strategy-lab-v1.0.0:BREAKOUT_MOMENTUM_V1,10000.0,False,1784575800000,3
2026-07-20T20:01:36.094652+00:00,COIN,COIN,strategy-lab-v1.0.0:BREAKOUT_MOMENTUM_V1,10003.574439447419,False,1784575800000,3
2026-07-20T20:01:36.094652+00:00,MARA,MARA,strategy-lab-v1.0.0:BREAKOUT_MOMENTUM_V1,9893.799369011773,False,1784575800000,3
2026-07-20T20:01:36.094652+00:00,RIOT,RIOT,strategy-lab-v1.0.0:BREAKOUT_MOMENTUM_V1,10000.0,False,1784575800000,3
2026-07-20T20:01:36.094652+00:00,GLD,GLD,strategy-lab-v1.0.0:BREAKOUT_MOMENTUM_V1,10000.0,False,1784575800000,3
2026-07-20T20:01:36.094652+00:00,GDX,GDX,strategy-lab-v1.0.0:BREAKOUT_MOMENTUM_V1,10000.0,False,1784575800000,3
2026-07-20T20:01:36.094652+00:00,NEM,NEM,strategy-lab-v1.0.0:BREAKOUT_MOMENTUM_V1,10000.0,False,1784575800000,3
2026-07-20T20:01:36.094652+00:00,DXY,DX-Y.NYB,strategy-lab-v1.0.0:BREAKOUT_MOMENTUM_V1,9987.15422479215,False,1784574000000,10
2026-07-20T20:01:36.094652+00:00,USDJPY,JPY=X,strategy-lab-v1.0.0:BREAKOUT_MOMENTUM_V1,9927.727948687785,False,1784577600000,12
2026-07-20T20:01:36.094652+00:00,USDCHF,CHF=X,strategy-lab-v1.0.0:BREAKOUT_MOMENTUM_V1,9957.57562007932,True,1784577600000,12
2026-07-20T20:01:36.094652+00:00,USDCAD,CAD=X,strategy-lab-v1.0.0:BREAKOUT_MOMENTUM_V1,10000.0,False,1784577600000,12
2026-07-20T21:19:07.024481+00:00,BTC,BTCUSDT,strategy-lab-v1.0.0:BREAKOUT_MOMENTUM_V1,10142.446059188378,True,1784581200000,347
2026-07-20T21:19:07.024481+00:00,SOL,SOLUSDT,strategy-lab-v1.0.0:BREAKOUT_MOMENTUM_V1,9799.295765311312,True,1784581200000,347
2026-07-20T21:19:07.024481+00:00,XRP,XRPUSDT,strategy-lab-v1.0.0:BREAKOUT_MOMENTUM_V1,9805.409985189846,True,1784581200000,347
2026-07-20T21:19:07.024481+00:00,DOGE,DOGEUSDT,strategy-lab-v1.0.0:BREAKOUT_MOMENTUM_V1,9924.530252226963,False,1784581200000,347
2026-07-20T21:19:07.024481+00:00,BNB,BNBUSDT,strategy-lab-v1.0.0:BREAKOUT_MOMENTUM_V1,10006.647067914833,False,1784581200000,71
2026-07-20T21:19:07.024481+00:00,PAXG,PAXGUSDT,strategy-lab-v1.0.0:BREAKOUT_MOMENTUM_V1,10000.0,False,1784581200000,348
2026-07-20T21:19:07.024481+00:00,GOLD,XAU/USD,strategy-lab-v1.0.0:BREAKOUT_MOMENTUM_V1,10000.0,False,1784577600000,31
2026-07-20T21:19:07.024481+00:00,SILVER,XAG/USD,strategy-lab-v1.0.0:BREAKOUT_MOMENTUM_V1,10000.0,False,0,0
2026-07-20T21:19:07.024481+00:00,OIL,WTI/USD,strategy-lab-v1.0.0:BREAKOUT_MOMENTUM_V1,10000.0,False,0,0
2026-07-20T21:19:07.024481+00:00,GOLD_FUT,GC=F,strategy-lab-v1.0.0:BREAKOUT_MOMENTUM_V1,10000.0,False,1784577600000,10
2026-07-20T21:19:07.024481+00:00,SILVER_FUT,SI=F,strategy-lab-v1.0.0:BREAKOUT_MOMENTUM_V1,10000.0,False,1784577600000,10
2026-07-20T21:19:07.024481+00:00,OIL_FUT,CL=F,strategy-lab-v1.0.0:BREAKOUT_MOMENTUM_V1,9980.803375993022,False,1784577600000,10
2026-07-20T21:19:07.024481+00:00,BRENT_FUT,BZ=F,strategy-lab-v1.0.0:BREAKOUT_MOMENTUM_V1,9990.286129606315,False,1784577600000,10
2026-07-20T21:19:07.024481+00:00,SPY,SPY,strategy-lab-v1.0.0:BREAKOUT_MOMENTUM_V1,9889.508479216856,False,1784575800000,3
2026-07-20T21:19:07.024481+00:00,QQQ,QQQ,strategy-lab-v1.0.0:BREAKOUT_MOMENTUM_V1,9914.31196162559,False,1784575800000,3
2026-07-20T21:19:07.024481+00:00,NVDA,NVDA,strategy-lab-v1.0.0:BREAKOUT_MOMENTUM_V1,9906.570381290368,False,1784575800000,3
2026-07-20T21:19:07.024481+00:00,MSTR,MSTR,strategy-lab-v1.0.0:BREAKOUT_MOMENTUM_V1,10000.0,False,1784575800000,3
2026-07-20T21:19:07.024481+00:00,COIN,COIN,strategy-lab-v1.0.0:BREAKOUT_MOMENTUM_V1,10003.574439447419,False,1784575800000,3
2026-07-20T21:19:07.024481+00:00,MARA,MARA,strategy-lab-v1.0.0:BREAKOUT_MOMENTUM_V1,9893.799369011773,False,1784575800000,3
2026-07-20T21:19:07.024481+00:00,RIOT,RIOT,strategy-lab-v1.0.0:BREAKOUT_MOMENTUM_V1,10000.0,False,1784575800000,3
2026-07-20T21:19:07.024481+00:00,GLD,GLD,strategy-lab-v1.0.0:BREAKOUT_MOMENTUM_V1,10000.0,False,1784575800000,3
2026-07-20T21:19:07.024481+00:00,GDX,GDX,strategy-lab-v1.0.0:BREAKOUT_MOMENTUM_V1,10000.0,False,1784575800000,3
2026-07-20T21:19:07.024481+00:00,NEM,NEM,strategy-lab-v1.0.0:BREAKOUT_MOMENTUM_V1,10000.0,False,1784575800000,3
2026-07-20T21:19:07.024481+00:00,DXY,DX-Y.NYB,strategy-lab-v1.0.0:BREAKOUT_MOMENTUM_V1,9987.15422479215,False,1784581200000,11
2026-07-20T21:19:07.024481+00:00,USDJPY,JPY=X,strategy-lab-v1.0.0:BREAKOUT_MOMENTUM_V1,9927.727948687785,False,1784581200000,12
2026-07-20T21:19:07.024481+00:00,USDCHF,CHF=X,strategy-lab-v1.0.0:BREAKOUT_MOMENTUM_V1,9957.57562007932,True,1784581200000,12
2026-07-20T21:19:07.024481+00:00,USDCAD,CAD=X,strategy-lab-v1.0.0:BREAKOUT_MOMENTUM_V1,10000.0,False,1784581200000,12
2026-07-20T22:17:09.202912+00:00,BTC,BTCUSDT,strategy-lab-v1.0.0:BREAKOUT_MOMENTUM_V1,10142.446059188378,True,1784584800000,347
2026-07-20T22:17:09.202912+00:00,SOL,SOLUSDT,strategy-lab-v1.0.0:BREAKOUT_MOMENTUM_V1,9799.295765311312,True,1784584800000,347
2026-07-20T22:17:09.202912+00:00,XRP,XRPUSDT,strategy-lab-v1.0.0:BREAKOUT_MOMENTUM_V1,9805.409985189846,True,1784584800000,347
2026-07-20T22:17:09.202912+00:00,DOGE,DOGEUSDT,strategy-lab-v1.0.0:BREAKOUT_MOMENTUM_V1,9924.530252226963,False,1784584800000,347
2026-07-20T22:17:09.202912+00:00,BNB,BNBUSDT,strategy-lab-v1.0.0:BREAKOUT_MOMENTUM_V1,10006.647067914833,False,1784584800000,71
2026-07-20T22:17:09.202912+00:00,PAXG,PAXGUSDT,strategy-lab-v1.0.0:BREAKOUT_MOMENTUM_V1,10000.0,False,1784584800000,348
2026-07-20T22:17:09.202912+00:00,GOLD,XAU/USD,strategy-lab-v1.0.0:BREAKOUT_MOMENTUM_V1,10000.0,False,1784577600000,31
2026-07-20T22:17:09.202912+00:00,SILVER,XAG/USD,strategy-lab-v1.0.0:BREAKOUT_MOMENTUM_V1,10000.0,False,0,0
2026-07-20T22:17:09.202912+00:00,OIL,WTI/USD,strategy-lab-v1.0.0:BREAKOUT_MOMENTUM_V1,10000.0,False,0,0
2026-07-20T22:17:09.202912+00:00,GOLD_FUT,GC=F,strategy-lab-v1.0.0:BREAKOUT_MOMENTUM_V1,10000.0,False,1784584800000,10
2026-07-20T22:17:09.202912+00:00,SILVER_FUT,SI=F,strategy-lab-v1.0.0:BREAKOUT_MOMENTUM_V1,10000.0,False,1784584800000,10
2026-07-20T22:17:09.202912+00:00,OIL_FUT,CL=F,strategy-lab-v1.0.0:BREAKOUT_MOMENTUM_V1,9980.803375993022,False,1784584800000,10
2026-07-20T22:17:09.202912+00:00,BRENT_FUT,BZ=F,strategy-lab-v1.0.0:BREAKOUT_MOMENTUM_V1,9990.286129606315,False,1784584800000,10
2026-07-20T22:17:09.202912+00:00,SPY,SPY,strategy-lab-v1.0.0:BREAKOUT_MOMENTUM_V1,9889.508479216856,False,1784575800000,3
2026-07-20T22:17:09.202912+00:00,QQQ,QQQ,strategy-lab-v1.0.0:BREAKOUT_MOMENTUM_V1,9914.31196162559,False,1784575800000,3
2026-07-20T22:17:09.202912+00:00,NVDA,NVDA,strategy-lab-v1.0.0:BREAKOUT_MOMENTUM_V1,9906.570381290368,False,1784575800000,3
2026-07-20T22:17:09.202912+00:00,MSTR,MSTR,strategy-lab-v1.0.0:BREAKOUT_MOMENTUM_V1,10000.0,False,1784575800000,3
2026-07-20T22:17:09.202912+00:00,COIN,COIN,strategy-lab-v1.0.0:BREAKOUT_MOMENTUM_V1,10003.574439447419,False,1784575800000,3
2026-07-20T22:17:09.202912+00:00,MARA,MARA,strategy-lab-v1.0.0:BREAKOUT_MOMENTUM_V1,9893.799369011773,False,1784575800000,3
2026-07-20T22:17:09.202912+00:00,RIOT,RIOT,strategy-lab-v1.0.0:BREAKOUT_MOMENTUM_V1,10000.0,False,1784575800000,3
2026-07-20T22:17:09.202912+00:00,GLD,GLD,strategy-lab-v1.0.0:BREAKOUT_MOMENTUM_V1,10000.0,False,1784575800000,3
2026-07-20T22:17:09.202912+00:00,GDX,GDX,strategy-lab-v1.0.0:BREAKOUT_MOMENTUM_V1,10000.0,False,1784575800000,3
2026-07-20T22:17:09.202912+00:00,NEM,NEM,strategy-lab-v1.0.0:BREAKOUT_MOMENTUM_V1,10000.0,False,1784575800000,3
2026-07-20T22:17:09.202912+00:00,DXY,DX-Y.NYB,strategy-lab-v1.0.0:BREAKOUT_MOMENTUM_V1,9987.15422479215,False,1784584800000,11
2026-07-20T22:17:09.202912+00:00,USDJPY,JPY=X,strategy-lab-v1.0.0:BREAKOUT_MOMENTUM_V1,9927.727948687785,False,1784584800000,12
2026-07-20T22:17:09.202912+00:00,USDCHF,CHF=X,strategy-lab-v1.0.0:BREAKOUT_MOMENTUM_V1,9957.57562007932,True,1784584800000,12
2026-07-20T22:17:09.202912+00:00,USDCAD,CAD=X,strategy-lab-v1.0.0:BREAKOUT_MOMENTUM_V1,10000.0,False,1784584800000,12
2026-07-20T23:18:37.083890+00:00,BTC,BTCUSDT,strategy-lab-v1.0.0:BREAKOUT_MOMENTUM_V1,10142.446059188378,True,1784588400000,347
2026-07-20T23:18:37.083890+00:00,SOL,SOLUSDT,strategy-lab-v1.0.0:BREAKOUT_MOMENTUM_V1,9799.295765311312,True,1784588400000,347
2026-07-20T23:18:37.083890+00:00,XRP,XRPUSDT,strategy-lab-v1.0.0:BREAKOUT_MOMENTUM_V1,9805.409985189846,True,1784588400000,347
2026-07-20T23:18:37.083890+00:00,DOGE,DOGEUSDT,strategy-lab-v1.0.0:BREAKOUT_MOMENTUM_V1,9924.530252226963,False,1784588400000,347
2026-07-20T23:18:37.083890+00:00,BNB,BNBUSDT,strategy-lab-v1.0.0:BREAKOUT_MOMENTUM_V1,10006.647067914833,False,1784588400000,71
2026-07-20T23:18:37.083890+00:00,PAXG,PAXGUSDT,strategy-lab-v1.0.0:BREAKOUT_MOMENTUM_V1,10000.0,False,1784588400000,348
2026-07-20T23:18:37.083890+00:00,GOLD,XAU/USD,strategy-lab-v1.0.0:BREAKOUT_MOMENTUM_V1,10000.0,False,1784577600000,31
2026-07-20T23:18:37.083890+00:00,SILVER,XAG/USD,strategy-lab-v1.0.0:BREAKOUT_MOMENTUM_V1,10000.0,False,0,0
2026-07-20T23:18:37.083890+00:00,OIL,WTI/USD,strategy-lab-v1.0.0:BREAKOUT_MOMENTUM_V1,10000.0,False,0,0
2026-07-20T23:18:37.083890+00:00,GOLD_FUT,GC=F,strategy-lab-v1.0.0:BREAKOUT_MOMENTUM_V1,10000.0,False,1784588400000,10
2026-07-20T23:18:37.083890+00:00,SILVER_FUT,SI=F,strategy-lab-v1.0.0:BREAKOUT_MOMENTUM_V1,10000.0,False,1784588400000,10
2026-07-20T23:18:37.083890+00:00,OIL_FUT,CL=F,strategy-lab-v1.0.0:BREAKOUT_MOMENTUM_V1,9980.803375993022,False,1784588400000,10
2026-07-20T23:18:37.083890+00:00,BRENT_FUT,BZ=F,strategy-lab-v1.0.0:BREAKOUT_MOMENTUM_V1,9990.286129606315,False,1784588400000,10
2026-07-20T23:18:37.083890+00:00,SPY,SPY,strategy-lab-v1.0.0:BREAKOUT_MOMENTUM_V1,9889.508479216856,False,1784575800000,3
2026-07-20T23:18:37.083890+00:00,QQQ,QQQ,strategy-lab-v1.0.0:BREAKOUT_MOMENTUM_V1,9914.31196162559,False,1784575800000,3
2026-07-20T23:18:37.083890+00:00,NVDA,NVDA,strategy-lab-v1.0.0:BREAKOUT_MOMENTUM_V1,9906.570381290368,False,1784575800000,3
2026-07-20T23:18:37.083890+00:00,MSTR,MSTR,strategy-lab-v1.0.0:BREAKOUT_MOMENTUM_V1,10000.0,False,1784575800000,3
2026-07-20T23:18:37.083890+00:00,COIN,COIN,strategy-lab-v1.0.0:BREAKOUT_MOMENTUM_V1,10003.574439447419,False,1784575800000,3
2026-07-20T23:18:37.083890+00:00,MARA,MARA,strategy-lab-v1.0.0:BREAKOUT_MOMENTUM_V1,9893.799369011773,False,1784575800000,3
2026-07-20T23:18:37.083890+00:00,RIOT,RIOT,strategy-lab-v1.0.0:BREAKOUT_MOMENTUM_V1,10000.0,False,1784575800000,3
2026-07-20T23:18:37.083890+00:00,GLD,GLD,strategy-lab-v1.0.0:BREAKOUT_MOMENTUM_V1,10000.0,False,1784575800000,3
2026-07-20T23:18:37.083890+00:00,GDX,GDX,strategy-lab-v1.0.0:BREAKOUT_MOMENTUM_V1,10000.0,False,1784575800000,3
2026-07-20T23:18:37.083890+00:00,NEM,NEM,strategy-lab-v1.0.0:BREAKOUT_MOMENTUM_V1,10000.0,False,1784575800000,3
2026-07-20T23:18:37.083890+00:00,DXY,DX-Y.NYB,strategy-lab-v1.0.0:BREAKOUT_MOMENTUM_V1,9987.15422479215,False,1784584800000,11
2026-07-20T23:18:37.083890+00:00,USDJPY,JPY=X,strategy-lab-v1.0.0:BREAKOUT_MOMENTUM_V1,9927.727948687785,False,1784588400000,12
2026-07-20T23:18:37.083890+00:00,USDCHF,CHF=X,strategy-lab-v1.0.0:BREAKOUT_MOMENTUM_V1,9957.57562007932,True,1784588400000,12
2026-07-20T23:18:37.083890+00:00,USDCAD,CAD=X,strategy-lab-v1.0.0:BREAKOUT_MOMENTUM_V1,10000.0,False,1784588400000,12
2026-07-20T23:27:31.204841+00:00,BTC,BTCUSDT,strategy-lab-v1.0.0:BREAKOUT_MOMENTUM_V1,10142.446059188378,True,1784588400000,347
2026-07-20T23:27:31.204841+00:00,SOL,SOLUSDT,strategy-lab-v1.0.0:BREAKOUT_MOMENTUM_V1,9799.295765311312,True,1784588400000,347
2026-07-20T23:27:31.204841+00:00,XRP,XRPUSDT,strategy-lab-v1.0.0:BREAKOUT_MOMENTUM_V1,9805.409985189846,True,1784588400000,347
2026-07-20T23:27:31.204841+00:00,DOGE,DOGEUSDT,strategy-lab-v1.0.0:BREAKOUT_MOMENTUM_V1,9924.530252226963,False,1784588400000,347
2026-07-20T23:27:31.204841+00:00,BNB,BNBUSDT,strategy-lab-v1.0.0:BREAKOUT_MOMENTUM_V1,10006.647067914833,False,1784588400000,71
2026-07-20T23:27:31.204841+00:00,PAXG,PAXGUSDT,strategy-lab-v1.0.0:BREAKOUT_MOMENTUM_V1,10000.0,False,1784588400000,348
2026-07-20T23:27:31.204841+00:00,GOLD,XAU/USD,strategy-lab-v1.0.0:BREAKOUT_MOMENTUM_V1,10000.0,False,1784577600000,31
2026-07-20T23:27:31.204841+00:00,SILVER,XAG/USD,strategy-lab-v1.0.0:BREAKOUT_MOMENTUM_V1,10000.0,False,0,0
2026-07-20T23:27:31.204841+00:00,OIL,WTI/USD,strategy-lab-v1.0.0:BREAKOUT_MOMENTUM_V1,10000.0,False,0,0
2026-07-20T23:27:31.204841+00:00,GOLD_FUT,GC=F,strategy-lab-v1.0.0:BREAKOUT_MOMENTUM_V1,10000.0,False,1784588400000,10
2026-07-20T23:27:31.204841+00:00,SILVER_FUT,SI=F,strategy-lab-v1.0.0:BREAKOUT_MOMENTUM_V1,10000.0,False,1784588400000,10
2026-07-20T23:27:31.204841+00:00,OIL_FUT,CL=F,strategy-lab-v1.0.0:BREAKOUT_MOMENTUM_V1,9980.803375993022,False,1784588400000,10
2026-07-20T23:27:31.204841+00:00,BRENT_FUT,BZ=F,strategy-lab-v1.0.0:BREAKOUT_MOMENTUM_V1,9990.286129606315,False,1784588400000,10
2026-07-20T23:27:31.204841+00:00,SPY,SPY,strategy-lab-v1.0.0:BREAKOUT_MOMENTUM_V1,9889.508479216856,False,1784575800000,3
2026-07-20T23:27:31.204841+00:00,QQQ,QQQ,strategy-lab-v1.0.0:BREAKOUT_MOMENTUM_V1,9914.31196162559,False,1784575800000,3
2026-07-20T23:27:31.204841+00:00,NVDA,NVDA,strategy-lab-v1.0.0:BREAKOUT_MOMENTUM_V1,9906.570381290368,False,1784575800000,3
2026-07-20T23:27:31.204841+00:00,MSTR,MSTR,strategy-lab-v1.0.0:BREAKOUT_MOMENTUM_V1,10000.0,False,1784575800000,3
2026-07-20T23:27:31.204841+00:00,COIN,COIN,strategy-lab-v1.0.0:BREAKOUT_MOMENTUM_V1,10003.574439447419,False,1784575800000,3
2026-07-20T23:27:31.204841+00:00,MARA,MARA,strategy-lab-v1.0.0:BREAKOUT_MOMENTUM_V1,9893.799369011773,False,1784575800000,3
2026-07-20T23:27:31.204841+00:00,RIOT,RIOT,strategy-lab-v1.0.0:BREAKOUT_MOMENTUM_V1,10000.0,False,1784575800000,3
2026-07-20T23:27:31.204841+00:00,GLD,GLD,strategy-lab-v1.0.0:BREAKOUT_MOMENTUM_V1,10000.0,False,1784575800000,3
2026-07-20T23:27:31.204841+00:00,GDX,GDX,strategy-lab-v1.0.0:BREAKOUT_MOMENTUM_V1,10000.0,False,1784575800000,3
2026-07-20T23:27:31.204841+00:00,NEM,NEM,strategy-lab-v1.0.0:BREAKOUT_MOMENTUM_V1,10000.0,False,1784575800000,3
2026-07-20T23:27:31.204841+00:00,DXY,DX-Y.NYB,strategy-lab-v1.0.0:BREAKOUT_MOMENTUM_V1,9987.15422479215,False,1784584800000,11
2026-07-20T23:27:31.204841+00:00,USDJPY,JPY=X,strategy-lab-v1.0.0:BREAKOUT_MOMENTUM_V1,9927.727948687785,False,1784588400000,12
2026-07-20T23:27:31.204841+00:00,USDCHF,CHF=X,strategy-lab-v1.0.0:BREAKOUT_MOMENTUM_V1,9957.57562007932,True,1784588400000,12
2026-07-20T23:27:31.204841+00:00,USDCAD,CAD=X,strategy-lab-v1.0.0:BREAKOUT_MOMENTUM_V1,10000.0,False,1784588400000,12
2026-07-21T00:15:39.965509+00:00,BTC,BTCUSDT,strategy-lab-v1.0.0:BREAKOUT_MOMENTUM_V1,10142.446059188378,True,1784592000000,347
2026-07-21T00:15:39.965509+00:00,SOL,SOLUSDT,strategy-lab-v1.0.0:BREAKOUT_MOMENTUM_V1,9799.295765311312,True,1784592000000,347
2026-07-21T00:15:39.965509+00:00,XRP,XRPUSDT,strategy-lab-v1.0.0:BREAKOUT_MOMENTUM_V1,9805.409985189846,True,1784592000000,347
2026-07-21T00:15:39.965509+00:00,DOGE,DOGEUSDT,strategy-lab-v1.0.0:BREAKOUT_MOMENTUM_V1,9924.530252226963,False,1784592000000,347
2026-07-21T00:15:39.965509+00:00,BNB,BNBUSDT,strategy-lab-v1.0.0:BREAKOUT_MOMENTUM_V1,10006.647067914833,False,1784592000000,71
2026-07-21T00:15:39.965509+00:00,PAXG,PAXGUSDT,strategy-lab-v1.0.0:BREAKOUT_MOMENTUM_V1,10000.0,False,1784592000000,348
2026-07-21T00:15:39.965509+00:00,GOLD,XAU/USD,strategy-lab-v1.0.0:BREAKOUT_MOMENTUM_V1,10000.0,False,1784577600000,31
2026-07-21T00:15:39.965509+00:00,SILVER,XAG/USD,strategy-lab-v1.0.0:BREAKOUT_MOMENTUM_V1,10000.0,False,0,0
2026-07-21T00:15:39.965509+00:00,OIL,WTI/USD,strategy-lab-v1.0.0:BREAKOUT_MOMENTUM_V1,10000.0,False,0,0
2026-07-21T00:15:39.965509+00:00,GOLD_FUT,GC=F,strategy-lab-v1.0.0:BREAKOUT_MOMENTUM_V1,10000.0,False,1784592000000,10
2026-07-21T00:15:39.965509+00:00,SILVER_FUT,SI=F,strategy-lab-v1.0.0:BREAKOUT_MOMENTUM_V1,10000.0,False,1784592000000,10
2026-07-21T00:15:39.965509+00:00,OIL_FUT,CL=F,strategy-lab-v1.0.0:BREAKOUT_MOMENTUM_V1,9980.803375993022,False,1784592000000,10
2026-07-21T00:15:39.965509+00:00,BRENT_FUT,BZ=F,strategy-lab-v1.0.0:BREAKOUT_MOMENTUM_V1,9990.286129606315,False,1784592000000,10
2026-07-21T00:15:39.965509+00:00,SPY,SPY,strategy-lab-v1.0.0:BREAKOUT_MOMENTUM_V1,9889.508479216856,False,1784575800000,3
2026-07-21T00:15:39.965509+00:00,QQQ,QQQ,strategy-lab-v1.0.0:BREAKOUT_MOMENTUM_V1,9914.31196162559,False,1784575800000,3
2026-07-21T00:15:39.965509+00:00,NVDA,NVDA,strategy-lab-v1.0.0:BREAKOUT_MOMENTUM_V1,9906.570381290368,False,1784575800000,3
2026-07-21T00:15:39.965509+00:00,MSTR,MSTR,strategy-lab-v1.0.0:BREAKOUT_MOMENTUM_V1,10000.0,False,1784575800000,3
2026-07-21T00:15:39.965509+00:00,COIN,COIN,strategy-lab-v1.0.0:BREAKOUT_MOMENTUM_V1,10003.574439447419,False,1784575800000,3
2026-07-21T00:15:39.965509+00:00,MARA,MARA,strategy-lab-v1.0.0:BREAKOUT_MOMENTUM_V1,9893.799369011773,False,1784575800000,3
2026-07-21T00:15:39.965509+00:00,RIOT,RIOT,strategy-lab-v1.0.0:BREAKOUT_MOMENTUM_V1,10000.0,False,1784575800000,3
2026-07-21T00:15:39.965509+00:00,GLD,GLD,strategy-lab-v1.0.0:BREAKOUT_MOMENTUM_V1,10000.0,False,1784575800000,3
2026-07-21T00:15:39.965509+00:00,GDX,GDX,strategy-lab-v1.0.0:BREAKOUT_MOMENTUM_V1,10000.0,False,1784575800000,3
2026-07-21T00:15:39.965509+00:00,NEM,NEM,strategy-lab-v1.0.0:BREAKOUT_MOMENTUM_V1,10000.0,False,1784575800000,3
2026-07-21T00:15:39.965509+00:00,DXY,DX-Y.NYB,strategy-lab-v1.0.0:BREAKOUT_MOMENTUM_V1,9987.15422479215,False,1784592000000,12
2026-07-21T00:15:39.965509+00:00,USDJPY,JPY=X,strategy-lab-v1.0.0:BREAKOUT_MOMENTUM_V1,9927.727948687785,False,1784592000000,12
2026-07-21T00:15:39.965509+00:00,USDCHF,CHF=X,strategy-lab-v1.0.0:BREAKOUT_MOMENTUM_V1,9957.57562007932,True,1784592000000,12
2026-07-21T00:15:39.965509+00:00,USDCAD,CAD=X,strategy-lab-v1.0.0:BREAKOUT_MOMENTUM_V1,10000.0,False,1784592000000,12
2026-07-21T03:50:05.601446+00:00,BTC,BTCUSDT,strategy-lab-v1.0.0:BREAKOUT_MOMENTUM_V1,10142.446059188378,True,1784602800000,349
2026-07-21T03:50:05.601446+00:00,SOL,SOLUSDT,strategy-lab-v1.0.0:BREAKOUT_MOMENTUM_V1,9799.295765311312,True,1784602800000,349
2026-07-21T03:50:05.601446+00:00,XRP,XRPUSDT,strategy-lab-v1.0.0:BREAKOUT_MOMENTUM_V1,9805.409985189846,True,1784602800000,349
2026-07-21T03:50:05.601446+00:00,DOGE,DOGEUSDT,strategy-lab-v1.0.0:BREAKOUT_MOMENTUM_V1,9924.530252226963,False,1784602800000,349
2026-07-21T03:50:05.601446+00:00,BNB,BNBUSDT,strategy-lab-v1.0.0:BREAKOUT_MOMENTUM_V1,10006.647067914833,False,1784602800000,73
2026-07-21T03:50:05.601446+00:00,PAXG,PAXGUSDT,strategy-lab-v1.0.0:BREAKOUT_MOMENTUM_V1,10000.0,True,1784602800000,350
2026-07-21T03:50:05.601446+00:00,GOLD,XAU/USD,strategy-lab-v1.0.0:BREAKOUT_MOMENTUM_V1,10000.0,False,1784577600000,31
2026-07-21T03:50:05.601446+00:00,SILVER,XAG/USD,strategy-lab-v1.0.0:BREAKOUT_MOMENTUM_V1,10000.0,False,0,0
2026-07-21T03:50:05.601446+00:00,OIL,WTI/USD,strategy-lab-v1.0.0:BREAKOUT_MOMENTUM_V1,10000.0,False,0,0
2026-07-21T03:50:05.601446+00:00,GOLD_FUT,GC=F,strategy-lab-v1.0.0:BREAKOUT_MOMENTUM_V1,10000.0,False,1784602800000,12
2026-07-21T03:50:05.601446+00:00,SILVER_FUT,SI=F,strategy-lab-v1.0.0:BREAKOUT_MOMENTUM_V1,10000.0,False,1784602800000,12
2026-07-21T03:50:05.601446+00:00,OIL_FUT,CL=F,strategy-lab-v1.0.0:BREAKOUT_MOMENTUM_V1,9980.803375993022,False,1784602800000,12
2026-07-21T03:50:05.601446+00:00,BRENT_FUT,BZ=F,strategy-lab-v1.0.0:BREAKOUT_MOMENTUM_V1,9990.286129606315,False,1784602800000,12
2026-07-21T03:50:05.601446+00:00,SPY,SPY,strategy-lab-v1.0.0:BREAKOUT_MOMENTUM_V1,9889.508479216856,False,1784575800000,3
2026-07-21T03:50:05.601446+00:00,QQQ,QQQ,strategy-lab-v1.0.0:BREAKOUT_MOMENTUM_V1,9914.31196162559,False,1784575800000,3
2026-07-21T03:50:05.601446+00:00,NVDA,NVDA,strategy-lab-v1.0.0:BREAKOUT_MOMENTUM_V1,9906.570381290368,False,1784575800000,3
2026-07-21T03:50:05.601446+00:00,MSTR,MSTR,strategy-lab-v1.0.0:BREAKOUT_MOMENTUM_V1,10000.0,False,1784575800000,3
2026-07-21T03:50:05.601446+00:00,COIN,COIN,strategy-lab-v1.0.0:BREAKOUT_MOMENTUM_V1,10003.574439447419,False,1784575800000,3
2026-07-21T03:50:05.601446+00:00,MARA,MARA,strategy-lab-v1.0.0:BREAKOUT_MOMENTUM_V1,9893.799369011773,False,1784575800000,3
2026-07-21T03:50:05.601446+00:00,RIOT,RIOT,strategy-lab-v1.0.0:BREAKOUT_MOMENTUM_V1,10000.0,False,1784575800000,3
2026-07-21T03:50:05.601446+00:00,GLD,GLD,strategy-lab-v1.0.0:BREAKOUT_MOMENTUM_V1,10000.0,False,1784575800000,3
2026-07-21T03:50:05.601446+00:00,GDX,GDX,strategy-lab-v1.0.0:BREAKOUT_MOMENTUM_V1,10000.0,False,1784575800000,3
2026-07-21T03:50:05.601446+00:00,NEM,NEM,strategy-lab-v1.0.0:BREAKOUT_MOMENTUM_V1,10000.0,False,1784575800000,3
2026-07-21T03:50:05.601446+00:00,DXY,DX-Y.NYB,strategy-lab-v1.0.0:BREAKOUT_MOMENTUM_V1,9987.15422479215,False,1784602800000,14
2026-07-21T03:50:05.601446+00:00,USDJPY,JPY=X,strategy-lab-v1.0.0:BREAKOUT_MOMENTUM_V1,9927.727948687785,False,1784602800000,14
2026-07-21T03:50:05.601446+00:00,USDCHF,CHF=X,strategy-lab-v1.0.0:BREAKOUT_MOMENTUM_V1,9952.340584357918,False,1784602800000,14
2026-07-21T03:50:05.601446+00:00,USDCAD,CAD=X,strategy-lab-v1.0.0:BREAKOUT_MOMENTUM_V1,10000.0,False,1784602800000,14
2026-07-21T06:19:33.059339+00:00,BTC,BTCUSDT,strategy-lab-v1.0.0:BREAKOUT_MOMENTUM_V1,10142.446059188378,True,1784613600000,351
2026-07-21T06:19:33.059339+00:00,SOL,SOLUSDT,strategy-lab-v1.0.0:BREAKOUT_MOMENTUM_V1,9799.295765311312,True,1784613600000,351
2026-07-21T06:19:33.059339+00:00,XRP,XRPUSDT,strategy-lab-v1.0.0:BREAKOUT_MOMENTUM_V1,9978.329532050037,True,1784613600000,351
2026-07-21T06:19:33.059339+00:00,DOGE,DOGEUSDT,strategy-lab-v1.0.0:BREAKOUT_MOMENTUM_V1,9924.530252226963,False,1784613600000,351
2026-07-21T06:19:33.059339+00:00,BNB,BNBUSDT,strategy-lab-v1.0.0:BREAKOUT_MOMENTUM_V1,10006.647067914833,False,1784613600000,75
2026-07-21T06:19:33.059339+00:00,PAXG,PAXGUSDT,strategy-lab-v1.0.0:BREAKOUT_MOMENTUM_V1,10019.56827742502,True,1784613600000,352
2026-07-21T06:19:33.059339+00:00,GOLD,XAU/USD,strategy-lab-v1.0.0:BREAKOUT_MOMENTUM_V1,10000.0,False,1784577600000,31
2026-07-21T06:19:33.059339+00:00,SILVER,XAG/USD,strategy-lab-v1.0.0:BREAKOUT_MOMENTUM_V1,10000.0,False,0,0
2026-07-21T06:19:33.059339+00:00,OIL,WTI/USD,strategy-lab-v1.0.0:BREAKOUT_MOMENTUM_V1,10000.0,False,0,0
2026-07-21T06:19:33.059339+00:00,GOLD_FUT,GC=F,strategy-lab-v1.0.0:BREAKOUT_MOMENTUM_V1,10000.0,True,1784613600000,14
2026-07-21T06:19:33.059339+00:00,SILVER_FUT,SI=F,strategy-lab-v1.0.0:BREAKOUT_MOMENTUM_V1,10000.0,True,1784613600000,14
2026-07-21T06:19:33.059339+00:00,OIL_FUT,CL=F,strategy-lab-v1.0.0:BREAKOUT_MOMENTUM_V1,9980.803375993022,False,1784613600000,14
2026-07-21T06:19:33.059339+00:00,BRENT_FUT,BZ=F,strategy-lab-v1.0.0:BREAKOUT_MOMENTUM_V1,9990.286129606315,False,1784613600000,14
2026-07-21T06:19:33.059339+00:00,SPY,SPY,strategy-lab-v1.0.0:BREAKOUT_MOMENTUM_V1,9889.508479216856,False,1784575800000,3
2026-07-21T06:19:33.059339+00:00,QQQ,QQQ,strategy-lab-v1.0.0:BREAKOUT_MOMENTUM_V1,9914.31196162559,False,1784575800000,3
2026-07-21T06:19:33.059339+00:00,NVDA,NVDA,strategy-lab-v1.0.0:BREAKOUT_MOMENTUM_V1,9906.570381290368,False,1784575800000,3
2026-07-21T06:19:33.059339+00:00,MSTR,MSTR,strategy-lab-v1.0.0:BREAKOUT_MOMENTUM_V1,10000.0,False,1784575800000,3
2026-07-21T06:19:33.059339+00:00,COIN,COIN,strategy-lab-v1.0.0:BREAKOUT_MOMENTUM_V1,10003.574439447419,False,1784575800000,3
2026-07-21T06:19:33.059339+00:00,MARA,MARA,strategy-lab-v1.0.0:BREAKOUT_MOMENTUM_V1,9893.799369011773,False,1784575800000,3
2026-07-21T06:19:33.059339+00:00,RIOT,RIOT,strategy-lab-v1.0.0:BREAKOUT_MOMENTUM_V1,10000.0,False,1784575800000,3
2026-07-21T06:19:33.059339+00:00,GLD,GLD,strategy-lab-v1.0.0:BREAKOUT_MOMENTUM_V1,10000.0,False,1784575800000,3
2026-07-21T06:19:33.059339+00:00,GDX,GDX,strategy-lab-v1.0.0:BREAKOUT_MOMENTUM_V1,10000.0,False,1784575800000,3
2026-07-21T06:19:33.059339+00:00,NEM,NEM,strategy-lab-v1.0.0:BREAKOUT_MOMENTUM_V1,10000.0,False,1784575800000,3
2026-07-21T06:19:33.059339+00:00,DXY,DX-Y.NYB,strategy-lab-v1.0.0:BREAKOUT_MOMENTUM_V1,9987.15422479215,False,1784613600000,16
2026-07-21T06:19:33.059339+00:00,USDJPY,JPY=X,strategy-lab-v1.0.0:BREAKOUT_MOMENTUM_V1,9927.727948687785,False,1784613600000,16
2026-07-21T06:19:33.059339+00:00,USDCHF,CHF=X,strategy-lab-v1.0.0:BREAKOUT_MOMENTUM_V1,9952.340584357918,False,1784613600000,16
2026-07-21T06:19:33.059339+00:00,USDCAD,CAD=X,strategy-lab-v1.0.0:BREAKOUT_MOMENTUM_V1,10000.0,False,1784613600000,16
2026-07-21T09:06:43.145165+00:00,BTC,BTCUSDT,strategy-lab-v1.0.0:BREAKOUT_MOMENTUM_V1,10234.832933124366,False,1784624400000,353
2026-07-21T09:06:43.145165+00:00,SOL,SOLUSDT,strategy-lab-v1.0.0:BREAKOUT_MOMENTUM_V1,9799.295765311312,True,1784624400000,353
2026-07-21T09:06:43.145165+00:00,XRP,XRPUSDT,strategy-lab-v1.0.0:BREAKOUT_MOMENTUM_V1,9978.329532050037,True,1784624400000,353
2026-07-21T09:06:43.145165+00:00,DOGE,DOGEUSDT,strategy-lab-v1.0.0:BREAKOUT_MOMENTUM_V1,9924.530252226963,False,1784624400000,353
2026-07-21T09:06:43.145165+00:00,BNB,BNBUSDT,strategy-lab-v1.0.0:BREAKOUT_MOMENTUM_V1,10006.647067914833,True,1784624400000,77
2026-07-21T09:06:43.145165+00:00,PAXG,PAXGUSDT,strategy-lab-v1.0.0:BREAKOUT_MOMENTUM_V1,10019.56827742502,True,1784620800000,353
2026-07-21T09:06:43.145165+00:00,GOLD,XAU/USD,strategy-lab-v1.0.0:BREAKOUT_MOMENTUM_V1,10000.0,False,1784577600000,31
2026-07-21T09:06:43.145165+00:00,SILVER,XAG/USD,strategy-lab-v1.0.0:BREAKOUT_MOMENTUM_V1,10000.0,False,0,0
2026-07-21T09:06:43.145165+00:00,OIL,WTI/USD,strategy-lab-v1.0.0:BREAKOUT_MOMENTUM_V1,10000.0,False,0,0
2026-07-21T09:06:43.145165+00:00,GOLD_FUT,GC=F,strategy-lab-v1.0.0:BREAKOUT_MOMENTUM_V1,10028.934731235779,False,1784620800000,15
2026-07-21T09:06:43.145165+00:00,SILVER_FUT,SI=F,strategy-lab-v1.0.0:BREAKOUT_MOMENTUM_V1,10094.430487558793,True,1784620800000,15
2026-07-21T09:06:43.145165+00:00,OIL_FUT,CL=F,strategy-lab-v1.0.0:BREAKOUT_MOMENTUM_V1,9980.803375993022,False,1784620800000,15
2026-07-21T09:06:43.145165+00:00,BRENT_FUT,BZ=F,strategy-lab-v1.0.0:BREAKOUT_MOMENTUM_V1,9990.286129606315,False,1784620800000,15
2026-07-21T09:06:43.145165+00:00,SPY,SPY,strategy-lab-v1.0.0:BREAKOUT_MOMENTUM_V1,9889.508479216856,False,1784575800000,3
2026-07-21T09:06:43.145165+00:00,QQQ,QQQ,strategy-lab-v1.0.0:BREAKOUT_MOMENTUM_V1,9914.31196162559,False,1784575800000,3
2026-07-21T09:06:43.145165+00:00,NVDA,NVDA,strategy-lab-v1.0.0:BREAKOUT_MOMENTUM_V1,9906.570381290368,False,1784575800000,3
2026-07-21T09:06:43.145165+00:00,MSTR,MSTR,strategy-lab-v1.0.0:BREAKOUT_MOMENTUM_V1,10000.0,False,1784575800000,3
2026-07-21T09:06:43.145165+00:00,COIN,COIN,strategy-lab-v1.0.0:BREAKOUT_MOMENTUM_V1,10003.574439447419,False,1784575800000,3
2026-07-21T09:06:43.145165+00:00,MARA,MARA,strategy-lab-v1.0.0:BREAKOUT_MOMENTUM_V1,9893.799369011773,False,1784575800000,3
2026-07-21T09:06:43.145165+00:00,RIOT,RIOT,strategy-lab-v1.0.0:BREAKOUT_MOMENTUM_V1,10000.0,False,1784575800000,3
2026-07-21T09:06:43.145165+00:00,GLD,GLD,strategy-lab-v1.0.0:BREAKOUT_MOMENTUM_V1,10000.0,False,1784575800000,3
2026-07-21T09:06:43.145165+00:00,GDX,GDX,strategy-lab-v1.0.0:BREAKOUT_MOMENTUM_V1,10000.0,False,1784575800000,3
2026-07-21T09:06:43.145165+00:00,NEM,NEM,strategy-lab-v1.0.0:BREAKOUT_MOMENTUM_V1,10000.0,False,1784575800000,3
2026-07-21T09:06:43.145165+00:00,DXY,DX-Y.NYB,strategy-lab-v1.0.0:BREAKOUT_MOMENTUM_V1,9987.15422479215,False,1784620800000,17
2026-07-21T09:06:43.145165+00:00,USDJPY,JPY=X,strategy-lab-v1.0.0:BREAKOUT_MOMENTUM_V1,9927.727948687785,True,1784624400000,18
2026-07-21T09:06:43.145165+00:00,USDCHF,CHF=X,strategy-lab-v1.0.0:BREAKOUT_MOMENTUM_V1,9952.340584357918,False,1784624400000,18
2026-07-21T09:06:43.145165+00:00,USDCAD,CAD=X,strategy-lab-v1.0.0:BREAKOUT_MOMENTUM_V1,10000.0,False,1784624400000,18
2026-07-21T11:17:40.200326+00:00,BTC,BTCUSDT,strategy-lab-v1.0.0:BREAKOUT_MOMENTUM_V1,10234.832933124366,False,1784631600000,354
2026-07-21T11:17:40.200326+00:00,SOL,SOLUSDT,strategy-lab-v1.0.0:BREAKOUT_MOMENTUM_V1,9799.295765311312,True,1784631600000,354
2026-07-21T11:17:40.200326+00:00,XRP,XRPUSDT,strategy-lab-v1.0.0:BREAKOUT_MOMENTUM_V1,9978.329532050037,True,1784631600000,354
2026-07-21T11:17:40.200326+00:00,DOGE,DOGEUSDT,strategy-lab-v1.0.0:BREAKOUT_MOMENTUM_V1,9924.530252226963,False,1784631600000,354
2026-07-21T11:17:40.200326+00:00,BNB,BNBUSDT,strategy-lab-v1.0.0:BREAKOUT_MOMENTUM_V1,10006.647067914833,True,1784631600000,78
2026-07-21T11:17:40.200326+00:00,PAXG,PAXGUSDT,strategy-lab-v1.0.0:BREAKOUT_MOMENTUM_V1,10019.56827742502,True,1784631600000,355
2026-07-21T11:17:40.200326+00:00,GOLD,XAU/USD,strategy-lab-v1.0.0:BREAKOUT_MOMENTUM_V1,10000.0,False,1784631600000,45
2026-07-21T11:17:40.200326+00:00,SILVER,XAG/USD,strategy-lab-v1.0.0:BREAKOUT_MOMENTUM_V1,10000.0,False,0,0
2026-07-21T11:17:40.200326+00:00,OIL,WTI/USD,strategy-lab-v1.0.0:BREAKOUT_MOMENTUM_V1,10000.0,False,0,0
2026-07-21T11:17:40.200326+00:00,GOLD_FUT,GC=F,strategy-lab-v1.0.0:BREAKOUT_MOMENTUM_V1,10028.934731235779,False,1784631600000,17
2026-07-21T11:17:40.200326+00:00,SILVER_FUT,SI=F,strategy-lab-v1.0.0:BREAKOUT_MOMENTUM_V1,10094.430487558793,True,1784631600000,17
2026-07-21T11:17:40.200326+00:00,OIL_FUT,CL=F,strategy-lab-v1.0.0:BREAKOUT_MOMENTUM_V1,9875.018347763038,True,1784631600000,17
2026-07-21T11:17:40.200326+00:00,BRENT_FUT,BZ=F,strategy-lab-v1.0.0:BREAKOUT_MOMENTUM_V1,9891.41885275853,True,1784631600000,17
2026-07-21T11:17:40.200326+00:00,SPY,SPY,strategy-lab-v1.0.0:BREAKOUT_MOMENTUM_V1,9889.508479216856,False,1784575800000,3
2026-07-21T11:17:40.200326+00:00,QQQ,QQQ,strategy-lab-v1.0.0:BREAKOUT_MOMENTUM_V1,9914.31196162559,False,1784575800000,3
2026-07-21T11:17:40.200326+00:00,NVDA,NVDA,strategy-lab-v1.0.0:BREAKOUT_MOMENTUM_V1,9906.570381290368,False,1784575800000,3
2026-07-21T11:17:40.200326+00:00,MSTR,MSTR,strategy-lab-v1.0.0:BREAKOUT_MOMENTUM_V1,10000.0,False,1784575800000,3
2026-07-21T11:17:40.200326+00:00,COIN,COIN,strategy-lab-v1.0.0:BREAKOUT_MOMENTUM_V1,10003.574439447419,False,1784575800000,3
2026-07-21T11:17:40.200326+00:00,MARA,MARA,strategy-lab-v1.0.0:BREAKOUT_MOMENTUM_V1,9893.799369011773,False,1784575800000,3
2026-07-21T11:17:40.200326+00:00,RIOT,RIOT,strategy-lab-v1.0.0:BREAKOUT_MOMENTUM_V1,10000.0,False,1784575800000,3
2026-07-21T11:17:40.200326+00:00,GLD,GLD,strategy-lab-v1.0.0:BREAKOUT_MOMENTUM_V1,10000.0,False,1784575800000,3
2026-07-21T11:17:40.200326+00:00,GDX,GDX,strategy-lab-v1.0.0:BREAKOUT_MOMENTUM_V1,10000.0,False,1784575800000,3
2026-07-21T11:17:40.200326+00:00,NEM,NEM,strategy-lab-v1.0.0:BREAKOUT_MOMENTUM_V1,10000.0,False,1784575800000,3
2026-07-21T11:17:40.200326+00:00,DXY,DX-Y.NYB,strategy-lab-v1.0.0:BREAKOUT_MOMENTUM_V1,9987.15422479215,False,1784631600000,19
2026-07-21T11:17:40.200326+00:00,USDJPY,JPY=X,strategy-lab-v1.0.0:BREAKOUT_MOMENTUM_V1,9927.727948687785,True,1784631600000,19
2026-07-21T11:17:40.200326+00:00,USDCHF,CHF=X,strategy-lab-v1.0.0:BREAKOUT_MOMENTUM_V1,9952.340584357918,False,1784631600000,19
2026-07-21T11:17:40.200326+00:00,USDCAD,CAD=X,strategy-lab-v1.0.0:BREAKOUT_MOMENTUM_V1,10000.0,False,1784631600000,19
2026-07-21T12:47:51.990604+00:00,BTC,BTCUSDT,strategy-lab-v1.0.0:BREAKOUT_MOMENTUM_V1,10234.832933124366,True,1784635200000,354
2026-07-21T12:47:51.990604+00:00,SOL,SOLUSDT,strategy-lab-v1.0.0:BREAKOUT_MOMENTUM_V1,9799.295765311312,True,1784635200000,354
2026-07-21T12:47:51.990604+00:00,XRP,XRPUSDT,strategy-lab-v1.0.0:BREAKOUT_MOMENTUM_V1,9978.329532050037,True,1784635200000,354
2026-07-21T12:47:51.990604+00:00,DOGE,DOGEUSDT,strategy-lab-v1.0.0:BREAKOUT_MOMENTUM_V1,9924.530252226963,False,1784635200000,354
2026-07-21T12:47:51.990604+00:00,BNB,BNBUSDT,strategy-lab-v1.0.0:BREAKOUT_MOMENTUM_V1,10006.647067914833,True,1784635200000,78
2026-07-21T12:47:51.990604+00:00,PAXG,PAXGUSDT,strategy-lab-v1.0.0:BREAKOUT_MOMENTUM_V1,10019.56827742502,True,1784635200000,355
2026-07-21T12:47:51.990604+00:00,GOLD,XAU/USD,strategy-lab-v1.0.0:BREAKOUT_MOMENTUM_V1,10000.0,False,1784631600000,45
2026-07-21T12:47:51.990604+00:00,SILVER,XAG/USD,strategy-lab-v1.0.0:BREAKOUT_MOMENTUM_V1,10000.0,False,0,0
2026-07-21T12:47:51.990604+00:00,OIL,WTI/USD,strategy-lab-v1.0.0:BREAKOUT_MOMENTUM_V1,10000.0,False,0,0
2026-07-21T12:47:51.990604+00:00,GOLD_FUT,GC=F,strategy-lab-v1.0.0:BREAKOUT_MOMENTUM_V1,10028.934731235779,False,1784635200000,17
2026-07-21T12:47:51.990604+00:00,SILVER_FUT,SI=F,strategy-lab-v1.0.0:BREAKOUT_MOMENTUM_V1,10094.430487558793,True,1784635200000,17
2026-07-21T12:47:51.990604+00:00,OIL_FUT,CL=F,strategy-lab-v1.0.0:BREAKOUT_MOMENTUM_V1,9875.018347763038,True,1784635200000,17
2026-07-21T12:47:51.990604+00:00,BRENT_FUT,BZ=F,strategy-lab-v1.0.0:BREAKOUT_MOMENTUM_V1,9891.41885275853,True,1784635200000,17
2026-07-21T12:47:51.990604+00:00,SPY,SPY,strategy-lab-v1.0.0:BREAKOUT_MOMENTUM_V1,9889.508479216856,False,1784575800000,3
2026-07-21T12:47:51.990604+00:00,QQQ,QQQ,strategy-lab-v1.0.0:BREAKOUT_MOMENTUM_V1,9914.31196162559,False,1784575800000,3
2026-07-21T12:47:51.990604+00:00,NVDA,NVDA,strategy-lab-v1.0.0:BREAKOUT_MOMENTUM_V1,9906.570381290368,False,1784575800000,3
2026-07-21T12:47:51.990604+00:00,MSTR,MSTR,strategy-lab-v1.0.0:BREAKOUT_MOMENTUM_V1,10000.0,False,1784575800000,3
2026-07-21T12:47:51.990604+00:00,COIN,COIN,strategy-lab-v1.0.0:BREAKOUT_MOMENTUM_V1,10003.574439447419,False,1784575800000,3
2026-07-21T12:47:51.990604+00:00,MARA,MARA,strategy-lab-v1.0.0:BREAKOUT_MOMENTUM_V1,9893.799369011773,False,1784575800000,3
2026-07-21T12:47:51.990604+00:00,RIOT,RIOT,strategy-lab-v1.0.0:BREAKOUT_MOMENTUM_V1,10000.0,False,1784575800000,3
2026-07-21T12:47:51.990604+00:00,GLD,GLD,strategy-lab-v1.0.0:BREAKOUT_MOMENTUM_V1,10000.0,False,1784575800000,3
2026-07-21T12:47:51.990604+00:00,GDX,GDX,strategy-lab-v1.0.0:BREAKOUT_MOMENTUM_V1,10000.0,False,1784575800000,3
2026-07-21T12:47:51.990604+00:00,NEM,NEM,strategy-lab-v1.0.0:BREAKOUT_MOMENTUM_V1,10000.0,False,1784575800000,3
2026-07-21T12:47:51.990604+00:00,DXY,DX-Y.NYB,strategy-lab-v1.0.0:BREAKOUT_MOMENTUM_V1,9987.15422479215,True,1784635200000,19
2026-07-21T12:47:51.990604+00:00,USDJPY,JPY=X,strategy-lab-v1.0.0:BREAKOUT_MOMENTUM_V1,9927.727948687785,True,1784635200000,19
2026-07-21T12:47:51.990604+00:00,USDCHF,CHF=X,strategy-lab-v1.0.0:BREAKOUT_MOMENTUM_V1,9952.340584357918,True,1784635200000,19
2026-07-21T12:47:51.990604+00:00,USDCAD,CAD=X,strategy-lab-v1.0.0:BREAKOUT_MOMENTUM_V1,10000.0,False,1784635200000,19
2026-07-21T14:50:35.011279+00:00,BTC,BTCUSDT,strategy-lab-v1.0.0:BREAKOUT_MOMENTUM_V1,10234.832933124366,True,1784642400000,355
2026-07-21T14:50:35.011279+00:00,SOL,SOLUSDT,strategy-lab-v1.0.0:BREAKOUT_MOMENTUM_V1,9799.295765311312,True,1784642400000,355
2026-07-21T14:50:35.011279+00:00,XRP,XRPUSDT,strategy-lab-v1.0.0:BREAKOUT_MOMENTUM_V1,10048.266422182565,True,1784642400000,355
2026-07-21T14:50:35.011279+00:00,DOGE,DOGEUSDT,strategy-lab-v1.0.0:BREAKOUT_MOMENTUM_V1,9924.530252226963,False,1784642400000,355
2026-07-21T14:50:35.011279+00:00,BNB,BNBUSDT,strategy-lab-v1.0.0:BREAKOUT_MOMENTUM_V1,9942.960830511176,False,1784642400000,79
2026-07-21T14:50:35.011279+00:00,PAXG,PAXGUSDT,strategy-lab-v1.0.0:BREAKOUT_MOMENTUM_V1,9964.261873548241,False,1784642400000,356
2026-07-21T14:50:35.011279+00:00,GOLD,XAU/USD,strategy-lab-v1.0.0:BREAKOUT_MOMENTUM_V1,10000.0,True,1784642400000,47
2026-07-21T14:50:35.011279+00:00,SILVER,XAG/USD,strategy-lab-v1.0.0:BREAKOUT_MOMENTUM_V1,10000.0,False,0,0
2026-07-21T14:50:35.011279+00:00,OIL,WTI/USD,strategy-lab-v1.0.0:BREAKOUT_MOMENTUM_V1,10000.0,False,0,0
2026-07-21T14:50:35.011279+00:00,GOLD_FUT,GC=F,strategy-lab-v1.0.0:BREAKOUT_MOMENTUM_V1,10028.934731235779,False,1784642400000,18
2026-07-21T14:50:35.011279+00:00,SILVER_FUT,SI=F,strategy-lab-v1.0.0:BREAKOUT_MOMENTUM_V1,9982.376576431854,False,1784642400000,18
2026-07-21T14:50:35.011279+00:00,OIL_FUT,CL=F,strategy-lab-v1.0.0:BREAKOUT_MOMENTUM_V1,9961.572460714036,False,1784642400000,18
2026-07-21T14:50:35.011279+00:00,BRENT_FUT,BZ=F,strategy-lab-v1.0.0:BREAKOUT_MOMENTUM_V1,9969.467204222632,False,1784642400000,18
2026-07-21T14:50:35.011279+00:00,SPY,SPY,strategy-lab-v1.0.0:BREAKOUT_MOMENTUM_V1,9889.508479216856,False,1784644200000,4
2026-07-21T14:50:35.011279+00:00,QQQ,QQQ,strategy-lab-v1.0.0:BREAKOUT_MOMENTUM_V1,9914.31196162559,False,1784644200000,4
2026-07-21T14:50:35.011279+00:00,NVDA,NVDA,strategy-lab-v1.0.0:BREAKOUT_MOMENTUM_V1,9906.570381290368,False,1784644200000,4
2026-07-21T14:50:35.011279+00:00,MSTR,MSTR,strategy-lab-v1.0.0:BREAKOUT_MOMENTUM_V1,10000.0,False,1784644200000,4
2026-07-21T14:50:35.011279+00:00,COIN,COIN,strategy-lab-v1.0.0:BREAKOUT_MOMENTUM_V1,10003.574439447419,True,1784644200000,4
2026-07-21T14:50:35.011279+00:00,MARA,MARA,strategy-lab-v1.0.0:BREAKOUT_MOMENTUM_V1,9893.799369011773,False,1784644200000,4
2026-07-21T14:50:35.011279+00:00,RIOT,RIOT,strategy-lab-v1.0.0:BREAKOUT_MOMENTUM_V1,10000.0,False,1784644200000,4
2026-07-21T14:50:35.011279+00:00,GLD,GLD,strategy-lab-v1.0.0:BREAKOUT_MOMENTUM_V1,10000.0,False,1784644200000,4
2026-07-21T14:50:35.011279+00:00,GDX,GDX,strategy-lab-v1.0.0:BREAKOUT_MOMENTUM_V1,10000.0,False,1784644200000,4
2026-07-21T14:50:35.011279+00:00,NEM,NEM,strategy-lab-v1.0.0:BREAKOUT_MOMENTUM_V1,10000.0,False,1784644200000,4
2026-07-21T14:50:35.011279+00:00,DXY,DX-Y.NYB,strategy-lab-v1.0.0:BREAKOUT_MOMENTUM_V1,9944.112708158063,False,1784642400000,20
2026-07-21T14:50:35.011279+00:00,USDJPY,JPY=X,strategy-lab-v1.0.0:BREAKOUT_MOMENTUM_V1,9899.495186749724,False,1784642400000,20
2026-07-21T14:50:35.011279+00:00,USDCHF,CHF=X,strategy-lab-v1.0.0:BREAKOUT_MOMENTUM_V1,9943.367838752329,True,1784642400000,20
2026-07-21T14:50:35.011279+00:00,USDCAD,CAD=X,strategy-lab-v1.0.0:BREAKOUT_MOMENTUM_V1,10000.0,True,1784642400000,20
2026-07-21T16:10:45.426719+00:00,BTC,BTCUSDT,strategy-lab-v1.0.0:BREAKOUT_MOMENTUM_V1,10234.832933124366,True,1784649600000,356
2026-07-21T16:10:45.426719+00:00,SOL,SOLUSDT,strategy-lab-v1.0.0:BREAKOUT_MOMENTUM_V1,9820.2716070624,False,1784649600000,356
2026-07-21T16:10:45.426719+00:00,XRP,XRPUSDT,strategy-lab-v1.0.0:BREAKOUT_MOMENTUM_V1,10048.266422182565,True,1784649600000,356
2026-07-21T16:10:45.426719+00:00,DOGE,DOGEUSDT,strategy-lab-v1.0.0:BREAKOUT_MOMENTUM_V1,9924.530252226963,False,1784649600000,356
2026-07-21T16:10:45.426719+00:00,BNB,BNBUSDT,strategy-lab-v1.0.0:BREAKOUT_MOMENTUM_V1,9942.960830511176,False,1784649600000,80
2026-07-21T16:10:45.426719+00:00,PAXG,PAXGUSDT,strategy-lab-v1.0.0:BREAKOUT_MOMENTUM_V1,9964.261873548241,False,1784649600000,357
2026-07-21T16:10:45.426719+00:00,GOLD,XAU/USD,strategy-lab-v1.0.0:BREAKOUT_MOMENTUM_V1,10048.00448883908,True,1784649600000,48
2026-07-21T16:10:45.426719+00:00,SILVER,XAG/USD,strategy-lab-v1.0.0:BREAKOUT_MOMENTUM_V1,10000.0,False,0,0
2026-07-21T16:10:45.426719+00:00,OIL,WTI/USD,strategy-lab-v1.0.0:BREAKOUT_MOMENTUM_V1,10000.0,False,0,0
2026-07-21T16:10:45.426719+00:00,GOLD_FUT,GC=F,strategy-lab-v1.0.0:BREAKOUT_MOMENTUM_V1,10028.934731235779,False,1784649600000,19
2026-07-21T16:10:45.426719+00:00,SILVER_FUT,SI=F,strategy-lab-v1.0.0:BREAKOUT_MOMENTUM_V1,9982.376576431854,False,1784649600000,19
2026-07-21T16:10:45.426719+00:00,OIL_FUT,CL=F,strategy-lab-v1.0.0:BREAKOUT_MOMENTUM_V1,9961.572460714036,False,1784649600000,19
2026-07-21T16:10:45.426719+00:00,BRENT_FUT,BZ=F,strategy-lab-v1.0.0:BREAKOUT_MOMENTUM_V1,9969.467204222632,False,1784649600000,19
2026-07-21T16:10:45.426719+00:00,SPY,SPY,strategy-lab-v1.0.0:BREAKOUT_MOMENTUM_V1,9889.508479216856,False,1784647800000,4
2026-07-21T16:10:45.426719+00:00,QQQ,QQQ,strategy-lab-v1.0.0:BREAKOUT_MOMENTUM_V1,9914.31196162559,False,1784647800000,4
2026-07-21T16:10:45.426719+00:00,NVDA,NVDA,strategy-lab-v1.0.0:BREAKOUT_MOMENTUM_V1,9906.570381290368,False,1784647800000,4
2026-07-21T16:10:45.426719+00:00,MSTR,MSTR,strategy-lab-v1.0.0:BREAKOUT_MOMENTUM_V1,10000.0,False,1784647800000,4
2026-07-21T16:10:45.426719+00:00,COIN,COIN,strategy-lab-v1.0.0:BREAKOUT_MOMENTUM_V1,10003.574439447419,True,1784647800000,4
2026-07-21T16:10:45.426719+00:00,MARA,MARA,strategy-lab-v1.0.0:BREAKOUT_MOMENTUM_V1,9893.799369011773,False,1784647800000,4
2026-07-21T16:10:45.426719+00:00,RIOT,RIOT,strategy-lab-v1.0.0:BREAKOUT_MOMENTUM_V1,10000.0,False,1784647800000,4
2026-07-21T16:10:45.426719+00:00,GLD,GLD,strategy-lab-v1.0.0:BREAKOUT_MOMENTUM_V1,10000.0,False,1784647800000,4
2026-07-21T16:10:45.426719+00:00,GDX,GDX,strategy-lab-v1.0.0:BREAKOUT_MOMENTUM_V1,10000.0,False,1784647800000,4
2026-07-21T16:10:45.426719+00:00,NEM,NEM,strategy-lab-v1.0.0:BREAKOUT_MOMENTUM_V1,10000.0,False,1784647800000,4
2026-07-21T16:10:45.426719+00:00,DXY,DX-Y.NYB,strategy-lab-v1.0.0:BREAKOUT_MOMENTUM_V1,9944.112708158063,False,1784649600000,21
2026-07-21T16:10:45.426719+00:00,USDJPY,JPY=X,strategy-lab-v1.0.0:BREAKOUT_MOMENTUM_V1,9899.495186749724,False,1784649600000,21
2026-07-21T16:10:45.426719+00:00,USDCHF,CHF=X,strategy-lab-v1.0.0:BREAKOUT_MOMENTUM_V1,9943.367838752329,True,1784649600000,21
2026-07-21T16:10:45.426719+00:00,USDCAD,CAD=X,strategy-lab-v1.0.0:BREAKOUT_MOMENTUM_V1,10000.0,True,1784649600000,21
2026-07-21T17:44:44.183080+00:00,BTC,BTCUSDT,strategy-lab-v1.0.0:BREAKOUT_MOMENTUM_V1,10234.832933124366,True,1784653200000,356
2026-07-21T17:44:44.183080+00:00,SOL,SOLUSDT,strategy-lab-v1.0.0:BREAKOUT_MOMENTUM_V1,9820.2716070624,False,1784653200000,356
2026-07-21T17:44:44.183080+00:00,XRP,XRPUSDT,strategy-lab-v1.0.0:BREAKOUT_MOMENTUM_V1,10048.266422182565,True,1784653200000,356
2026-07-21T17:44:44.183080+00:00,DOGE,DOGEUSDT,strategy-lab-v1.0.0:BREAKOUT_MOMENTUM_V1,9924.530252226963,False,1784653200000,356
2026-07-21T17:44:44.183080+00:00,BNB,BNBUSDT,strategy-lab-v1.0.0:BREAKOUT_MOMENTUM_V1,9942.960830511176,False,1784653200000,80
2026-07-21T17:44:44.183080+00:00,PAXG,PAXGUSDT,strategy-lab-v1.0.0:BREAKOUT_MOMENTUM_V1,9964.261873548241,False,1784653200000,357
2026-07-21T17:44:44.183080+00:00,GOLD,XAU/USD,strategy-lab-v1.0.0:BREAKOUT_MOMENTUM_V1,10048.00448883908,True,1784653200000,48
2026-07-21T17:44:44.183080+00:00,SILVER,XAG/USD,strategy-lab-v1.0.0:BREAKOUT_MOMENTUM_V1,10000.0,False,0,0
2026-07-21T17:44:44.183080+00:00,OIL,WTI/USD,strategy-lab-v1.0.0:BREAKOUT_MOMENTUM_V1,10000.0,False,0,0
2026-07-21T17:44:44.183080+00:00,GOLD_FUT,GC=F,strategy-lab-v1.0.0:BREAKOUT_MOMENTUM_V1,10028.934731235779,False,1784653200000,19
2026-07-21T17:44:44.183080+00:00,SILVER_FUT,SI=F,strategy-lab-v1.0.0:BREAKOUT_MOMENTUM_V1,9982.376576431854,False,1784653200000,19
2026-07-21T17:44:44.183080+00:00,OIL_FUT,CL=F,strategy-lab-v1.0.0:BREAKOUT_MOMENTUM_V1,9961.572460714036,False,1784653200000,19
2026-07-21T17:44:44.183080+00:00,BRENT_FUT,BZ=F,strategy-lab-v1.0.0:BREAKOUT_MOMENTUM_V1,9969.467204222632,False,1784653200000,19
2026-07-21T17:44:44.183080+00:00,SPY,SPY,strategy-lab-v1.0.0:BREAKOUT_MOMENTUM_V1,9889.508479216856,False,1784655000000,5
2026-07-21T17:44:44.183080+00:00,QQQ,QQQ,strategy-lab-v1.0.0:BREAKOUT_MOMENTUM_V1,9914.31196162559,False,1784655000000,5
2026-07-21T17:44:44.183080+00:00,NVDA,NVDA,strategy-lab-v1.0.0:BREAKOUT_MOMENTUM_V1,9906.570381290368,False,1784655000000,5
2026-07-21T17:44:44.183080+00:00,MSTR,MSTR,strategy-lab-v1.0.0:BREAKOUT_MOMENTUM_V1,10000.0,False,1784655000000,5
2026-07-21T17:44:44.183080+00:00,COIN,COIN,strategy-lab-v1.0.0:BREAKOUT_MOMENTUM_V1,10003.574439447419,True,1784655000000,5
2026-07-21T17:44:44.183080+00:00,MARA,MARA,strategy-lab-v1.0.0:BREAKOUT_MOMENTUM_V1,9893.799369011773,False,1784655000000,5
2026-07-21T17:44:44.183080+00:00,RIOT,RIOT,strategy-lab-v1.0.0:BREAKOUT_MOMENTUM_V1,10000.0,False,1784655000000,5
2026-07-21T17:44:44.183080+00:00,GLD,GLD,strategy-lab-v1.0.0:BREAKOUT_MOMENTUM_V1,10000.0,False,1784655000000,5
2026-07-21T17:44:44.183080+00:00,GDX,GDX,strategy-lab-v1.0.0:BREAKOUT_MOMENTUM_V1,10000.0,False,1784655000000,5
2026-07-21T17:44:44.183080+00:00,NEM,NEM,strategy-lab-v1.0.0:BREAKOUT_MOMENTUM_V1,10000.0,False,1784655000000,5
2026-07-21T17:44:44.183080+00:00,DXY,DX-Y.NYB,strategy-lab-v1.0.0:BREAKOUT_MOMENTUM_V1,9944.112708158063,False,1784653200000,21
2026-07-21T17:44:44.183080+00:00,USDJPY,JPY=X,strategy-lab-v1.0.0:BREAKOUT_MOMENTUM_V1,9899.495186749724,False,1784653200000,21
2026-07-21T17:44:44.183080+00:00,USDCHF,CHF=X,strategy-lab-v1.0.0:BREAKOUT_MOMENTUM_V1,9943.367838752329,True,1784653200000,21
2026-07-21T17:44:44.183080+00:00,USDCAD,CAD=X,strategy-lab-v1.0.0:BREAKOUT_MOMENTUM_V1,10000.0,True,1784653200000,21
2026-07-21T18:57:48.786643+00:00,BTC,BTCUSDT,strategy-lab-v1.0.0:BREAKOUT_MOMENTUM_V1,10155.541535327895,False,1784656800000,356
2026-07-21T18:57:48.786643+00:00,SOL,SOLUSDT,strategy-lab-v1.0.0:BREAKOUT_MOMENTUM_V1,9820.2716070624,False,1784656800000,356
2026-07-21T18:57:48.786643+00:00,XRP,XRPUSDT,strategy-lab-v1.0.0:BREAKOUT_MOMENTUM_V1,10126.210060808986,False,1784656800000,356
2026-07-21T18:57:48.786643+00:00,DOGE,DOGEUSDT,strategy-lab-v1.0.0:BREAKOUT_MOMENTUM_V1,9924.530252226963,False,1784656800000,356
2026-07-21T18:57:48.786643+00:00,BNB,BNBUSDT,strategy-lab-v1.0.0:BREAKOUT_MOMENTUM_V1,9942.960830511176,False,1784656800000,80
2026-07-21T18:57:48.786643+00:00,PAXG,PAXGUSDT,strategy-lab-v1.0.0:BREAKOUT_MOMENTUM_V1,9964.261873548241,False,1784656800000,357
2026-07-21T18:57:48.786643+00:00,GOLD,XAU/USD,strategy-lab-v1.0.0:BREAKOUT_MOMENTUM_V1,10048.00448883908,True,1784653200000,48
2026-07-21T18:57:48.786643+00:00,SILVER,XAG/USD,strategy-lab-v1.0.0:BREAKOUT_MOMENTUM_V1,10000.0,False,0,0
2026-07-21T18:57:48.786643+00:00,OIL,WTI/USD,strategy-lab-v1.0.0:BREAKOUT_MOMENTUM_V1,10000.0,False,0,0
2026-07-21T18:57:48.786643+00:00,GOLD_FUT,GC=F,strategy-lab-v1.0.0:BREAKOUT_MOMENTUM_V1,10028.934731235779,False,1784656800000,19
2026-07-21T18:57:48.786643+00:00,SILVER_FUT,SI=F,strategy-lab-v1.0.0:BREAKOUT_MOMENTUM_V1,9982.376576431854,False,1784656800000,19
2026-07-21T18:57:48.786643+00:00,OIL_FUT,CL=F,strategy-lab-v1.0.0:BREAKOUT_MOMENTUM_V1,9961.572460714036,False,1784656800000,19
2026-07-21T18:57:48.786643+00:00,BRENT_FUT,BZ=F,strategy-lab-v1.0.0:BREAKOUT_MOMENTUM_V1,9969.467204222632,False,1784656800000,19
2026-07-21T18:57:48.786643+00:00,SPY,SPY,strategy-lab-v1.0.0:BREAKOUT_MOMENTUM_V1,9889.508479216856,False,1784658600000,5
2026-07-21T18:57:48.786643+00:00,QQQ,QQQ,strategy-lab-v1.0.0:BREAKOUT_MOMENTUM_V1,9914.31196162559,False,1784658600000,5
2026-07-21T18:57:48.786643+00:00,NVDA,NVDA,strategy-lab-v1.0.0:BREAKOUT_MOMENTUM_V1,9906.570381290368,False,1784658600000,5
2026-07-21T18:57:48.786643+00:00,MSTR,MSTR,strategy-lab-v1.0.0:BREAKOUT_MOMENTUM_V1,10000.0,False,1784658600000,5
2026-07-21T18:57:48.786643+00:00,COIN,COIN,strategy-lab-v1.0.0:BREAKOUT_MOMENTUM_V1,10003.574439447419,True,1784658600000,5
2026-07-21T18:57:48.786643+00:00,MARA,MARA,strategy-lab-v1.0.0:BREAKOUT_MOMENTUM_V1,9893.799369011773,False,1784658600000,5
2026-07-21T18:57:48.786643+00:00,RIOT,RIOT,strategy-lab-v1.0.0:BREAKOUT_MOMENTUM_V1,10000.0,False,1784658600000,5
2026-07-21T18:57:48.786643+00:00,GLD,GLD,strategy-lab-v1.0.0:BREAKOUT_MOMENTUM_V1,10000.0,False,1784658600000,5
2026-07-21T18:57:48.786643+00:00,GDX,GDX,strategy-lab-v1.0.0:BREAKOUT_MOMENTUM_V1,10000.0,False,1784658600000,5
2026-07-21T18:57:48.786643+00:00,NEM,NEM,strategy-lab-v1.0.0:BREAKOUT_MOMENTUM_V1,10000.0,False,1784658600000,5
2026-07-21T18:57:48.786643+00:00,DXY,DX-Y.NYB,strategy-lab-v1.0.0:BREAKOUT_MOMENTUM_V1,9944.112708158063,False,1784656800000,21
2026-07-21T18:57:48.786643+00:00,USDJPY,JPY=X,strategy-lab-v1.0.0:BREAKOUT_MOMENTUM_V1,9899.495186749724,False,1784656800000,21
2026-07-21T18:57:48.786643+00:00,USDCHF,CHF=X,strategy-lab-v1.0.0:BREAKOUT_MOMENTUM_V1,9943.367838752329,True,1784656800000,21
2026-07-21T18:57:48.786643+00:00,USDCAD,CAD=X,strategy-lab-v1.0.0:BREAKOUT_MOMENTUM_V1,10000.0,True,1784656800000,21
2026-07-21T20:19:38.477197+00:00,BTC,BTCUSDT,strategy-lab-v1.0.0:BREAKOUT_MOMENTUM_V1,10155.541535327895,False,1784664000000,357
2026-07-21T20:19:38.477197+00:00,SOL,SOLUSDT,strategy-lab-v1.0.0:BREAKOUT_MOMENTUM_V1,9820.2716070624,False,1784664000000,357
2026-07-21T20:19:38.477197+00:00,XRP,XRPUSDT,strategy-lab-v1.0.0:BREAKOUT_MOMENTUM_V1,10126.210060808986,False,1784664000000,357
2026-07-21T20:19:38.477197+00:00,DOGE,DOGEUSDT,strategy-lab-v1.0.0:BREAKOUT_MOMENTUM_V1,9924.530252226963,False,1784664000000,357
2026-07-21T20:19:38.477197+00:00,BNB,BNBUSDT,strategy-lab-v1.0.0:BREAKOUT_MOMENTUM_V1,9942.960830511176,False,1784664000000,81
2026-07-21T20:19:38.477197+00:00,PAXG,PAXGUSDT,strategy-lab-v1.0.0:BREAKOUT_MOMENTUM_V1,9964.261873548241,False,1784664000000,358
2026-07-21T20:19:38.477197+00:00,GOLD,XAU/USD,strategy-lab-v1.0.0:BREAKOUT_MOMENTUM_V1,10048.00448883908,True,1784653200000,48
2026-07-21T20:19:38.477197+00:00,SILVER,XAG/USD,strategy-lab-v1.0.0:BREAKOUT_MOMENTUM_V1,10000.0,False,0,0
2026-07-21T20:19:38.477197+00:00,OIL,WTI/USD,strategy-lab-v1.0.0:BREAKOUT_MOMENTUM_V1,10000.0,False,0,0
2026-07-21T20:19:38.477197+00:00,GOLD_FUT,GC=F,strategy-lab-v1.0.0:BREAKOUT_MOMENTUM_V1,10028.934731235779,False,1784664000000,20
2026-07-21T20:19:38.477197+00:00,SILVER_FUT,SI=F,strategy-lab-v1.0.0:BREAKOUT_MOMENTUM_V1,9982.376576431854,False,1784664000000,20
2026-07-21T20:19:38.477197+00:00,OIL_FUT,CL=F,strategy-lab-v1.0.0:BREAKOUT_MOMENTUM_V1,9961.572460714036,False,1784664000000,20
2026-07-21T20:19:38.477197+00:00,BRENT_FUT,BZ=F,strategy-lab-v1.0.0:BREAKOUT_MOMENTUM_V1,9969.467204222632,False,1784664000000,20
2026-07-21T20:19:38.477197+00:00,SPY,SPY,strategy-lab-v1.0.0:BREAKOUT_MOMENTUM_V1,9889.508479216856,False,1784662200000,5
2026-07-21T20:19:38.477197+00:00,QQQ,QQQ,strategy-lab-v1.0.0:BREAKOUT_MOMENTUM_V1,9914.31196162559,False,1784662200000,5
2026-07-21T20:19:38.477197+00:00,NVDA,NVDA,strategy-lab-v1.0.0:BREAKOUT_MOMENTUM_V1,9906.570381290368,False,1784662200000,5
2026-07-21T20:19:38.477197+00:00,MSTR,MSTR,strategy-lab-v1.0.0:BREAKOUT_MOMENTUM_V1,10000.0,False,1784662200000,5
2026-07-21T20:19:38.477197+00:00,COIN,COIN,strategy-lab-v1.0.0:BREAKOUT_MOMENTUM_V1,9895.67671983158,False,1784662200000,5
2026-07-21T20:19:38.477197+00:00,MARA,MARA,strategy-lab-v1.0.0:BREAKOUT_MOMENTUM_V1,9893.799369011773,False,1784662200000,5
2026-07-21T20:19:38.477197+00:00,RIOT,RIOT,strategy-lab-v1.0.0:BREAKOUT_MOMENTUM_V1,10000.0,False,1784662200000,5
2026-07-21T20:19:38.477197+00:00,GLD,GLD,strategy-lab-v1.0.0:BREAKOUT_MOMENTUM_V1,10000.0,False,1784662200000,5
2026-07-21T20:19:38.477197+00:00,GDX,GDX,strategy-lab-v1.0.0:BREAKOUT_MOMENTUM_V1,10000.0,False,1784662200000,5
2026-07-21T20:19:38.477197+00:00,NEM,NEM,strategy-lab-v1.0.0:BREAKOUT_MOMENTUM_V1,10000.0,False,1784662200000,5
2026-07-21T20:19:38.477197+00:00,DXY,DX-Y.NYB,strategy-lab-v1.0.0:BREAKOUT_MOMENTUM_V1,9944.112708158063,False,1784664000000,22
2026-07-21T20:19:38.477197+00:00,USDJPY,JPY=X,strategy-lab-v1.0.0:BREAKOUT_MOMENTUM_V1,9899.495186749724,False,1784664000000,22
2026-07-21T20:19:38.477197+00:00,USDCHF,CHF=X,strategy-lab-v1.0.0:BREAKOUT_MOMENTUM_V1,9943.367838752329,True,1784664000000,22
2026-07-21T20:19:38.477197+00:00,USDCAD,CAD=X,strategy-lab-v1.0.0:BREAKOUT_MOMENTUM_V1,10000.0,True,1784664000000,22
2026-07-21T21:37:00.854241+00:00,BTC,BTCUSDT,strategy-lab-v1.0.0:BREAKOUT_MOMENTUM_V1,10155.541535327895,False,1784667600000,357
2026-07-21T21:37:00.854241+00:00,SOL,SOLUSDT,strategy-lab-v1.0.0:BREAKOUT_MOMENTUM_V1,9820.2716070624,False,1784667600000,357
2026-07-21T21:37:00.854241+00:00,XRP,XRPUSDT,strategy-lab-v1.0.0:BREAKOUT_MOMENTUM_V1,10126.210060808986,False,1784667600000,357
2026-07-21T21:37:00.854241+00:00,DOGE,DOGEUSDT,strategy-lab-v1.0.0:BREAKOUT_MOMENTUM_V1,9924.530252226963,False,1784667600000,357
2026-07-21T21:37:00.854241+00:00,BNB,BNBUSDT,strategy-lab-v1.0.0:BREAKOUT_MOMENTUM_V1,9942.960830511176,False,1784667600000,81
2026-07-21T21:37:00.854241+00:00,PAXG,PAXGUSDT,strategy-lab-v1.0.0:BREAKOUT_MOMENTUM_V1,9964.261873548241,False,1784667600000,358
2026-07-21T21:37:00.854241+00:00,GOLD,XAU/USD,strategy-lab-v1.0.0:BREAKOUT_MOMENTUM_V1,10048.00448883908,True,1784653200000,48
2026-07-21T21:37:00.854241+00:00,SILVER,XAG/USD,strategy-lab-v1.0.0:BREAKOUT_MOMENTUM_V1,10000.0,False,0,0
2026-07-21T21:37:00.854241+00:00,OIL,WTI/USD,strategy-lab-v1.0.0:BREAKOUT_MOMENTUM_V1,10000.0,False,0,0
2026-07-21T21:37:00.854241+00:00,GOLD_FUT,GC=F,strategy-lab-v1.0.0:BREAKOUT_MOMENTUM_V1,10028.934731235779,False,1784664000000,20
2026-07-21T21:37:00.854241+00:00,SILVER_FUT,SI=F,strategy-lab-v1.0.0:BREAKOUT_MOMENTUM_V1,9982.376576431854,False,1784664000000,20
2026-07-21T21:37:00.854241+00:00,OIL_FUT,CL=F,strategy-lab-v1.0.0:BREAKOUT_MOMENTUM_V1,9961.572460714036,False,1784664000000,20
2026-07-21T21:37:00.854241+00:00,BRENT_FUT,BZ=F,strategy-lab-v1.0.0:BREAKOUT_MOMENTUM_V1,9969.467204222632,False,1784664000000,20
2026-07-21T21:37:00.854241+00:00,SPY,SPY,strategy-lab-v1.0.0:BREAKOUT_MOMENTUM_V1,9889.508479216856,False,1784662200000,5
2026-07-21T21:37:00.854241+00:00,QQQ,QQQ,strategy-lab-v1.0.0:BREAKOUT_MOMENTUM_V1,9914.31196162559,False,1784662200000,5
2026-07-21T21:37:00.854241+00:00,NVDA,NVDA,strategy-lab-v1.0.0:BREAKOUT_MOMENTUM_V1,9906.570381290368,False,1784662200000,5
2026-07-21T21:37:00.854241+00:00,MSTR,MSTR,strategy-lab-v1.0.0:BREAKOUT_MOMENTUM_V1,10000.0,False,1784662200000,5
2026-07-21T21:37:00.854241+00:00,COIN,COIN,strategy-lab-v1.0.0:BREAKOUT_MOMENTUM_V1,9895.67671983158,False,1784662200000,5
2026-07-21T21:37:00.854241+00:00,MARA,MARA,strategy-lab-v1.0.0:BREAKOUT_MOMENTUM_V1,9893.799369011773,False,1784662200000,5
2026-07-21T21:37:00.854241+00:00,RIOT,RIOT,strategy-lab-v1.0.0:BREAKOUT_MOMENTUM_V1,10000.0,False,1784662200000,5
2026-07-21T21:37:00.854241+00:00,GLD,GLD,strategy-lab-v1.0.0:BREAKOUT_MOMENTUM_V1,10000.0,False,1784662200000,5
2026-07-21T21:37:00.854241+00:00,GDX,GDX,strategy-lab-v1.0.0:BREAKOUT_MOMENTUM_V1,10000.0,False,1784662200000,5
2026-07-21T21:37:00.854241+00:00,NEM,NEM,strategy-lab-v1.0.0:BREAKOUT_MOMENTUM_V1,10000.0,False,1784662200000,5
2026-07-21T21:37:00.854241+00:00,DXY,DX-Y.NYB,strategy-lab-v1.0.0:BREAKOUT_MOMENTUM_V1,9944.112708158063,False,1784667600000,22
2026-07-21T21:37:00.854241+00:00,USDJPY,JPY=X,strategy-lab-v1.0.0:BREAKOUT_MOMENTUM_V1,9899.495186749724,False,1784667600000,22
2026-07-21T21:37:00.854241+00:00,USDCHF,CHF=X,strategy-lab-v1.0.0:BREAKOUT_MOMENTUM_V1,9908.613387411691,False,1784667600000,22
2026-07-21T21:37:00.854241+00:00,USDCAD,CAD=X,strategy-lab-v1.0.0:BREAKOUT_MOMENTUM_V1,10000.0,True,1784667600000,22
2026-07-21T22:32:41.968858+00:00,BTC,BTCUSDT,strategy-lab-v1.0.0:BREAKOUT_MOMENTUM_V1,10155.541535327895,False,1784671200000,357
2026-07-21T22:32:41.968858+00:00,SOL,SOLUSDT,strategy-lab-v1.0.0:BREAKOUT_MOMENTUM_V1,9820.2716070624,False,1784671200000,357
2026-07-21T22:32:41.968858+00:00,XRP,XRPUSDT,strategy-lab-v1.0.0:BREAKOUT_MOMENTUM_V1,10126.210060808986,False,1784671200000,357
2026-07-21T22:32:41.968858+00:00,DOGE,DOGEUSDT,strategy-lab-v1.0.0:BREAKOUT_MOMENTUM_V1,9924.530252226963,False,1784671200000,357
2026-07-21T22:32:41.968858+00:00,BNB,BNBUSDT,strategy-lab-v1.0.0:BREAKOUT_MOMENTUM_V1,9942.960830511176,False,1784671200000,81
2026-07-21T22:32:41.968858+00:00,PAXG,PAXGUSDT,strategy-lab-v1.0.0:BREAKOUT_MOMENTUM_V1,9964.261873548241,False,1784671200000,358
2026-07-21T22:32:41.968858+00:00,GOLD,XAU/USD,strategy-lab-v1.0.0:BREAKOUT_MOMENTUM_V1,9986.874024971376,False,1784671200000,52
2026-07-21T22:32:41.968858+00:00,SILVER,XAG/USD,strategy-lab-v1.0.0:BREAKOUT_MOMENTUM_V1,10000.0,False,0,0
2026-07-21T22:32:41.968858+00:00,OIL,WTI/USD,strategy-lab-v1.0.0:BREAKOUT_MOMENTUM_V1,10000.0,False,0,0
2026-07-21T22:32:41.968858+00:00,GOLD_FUT,GC=F,strategy-lab-v1.0.0:BREAKOUT_MOMENTUM_V1,10028.934731235779,False,1784671200000,20
2026-07-21T22:32:41.968858+00:00,SILVER_FUT,SI=F,strategy-lab-v1.0.0:BREAKOUT_MOMENTUM_V1,9982.376576431854,False,1784671200000,20
2026-07-21T22:32:41.968858+00:00,OIL_FUT,CL=F,strategy-lab-v1.0.0:BREAKOUT_MOMENTUM_V1,9961.572460714036,False,1784671200000,20
2026-07-21T22:32:41.968858+00:00,BRENT_FUT,BZ=F,strategy-lab-v1.0.0:BREAKOUT_MOMENTUM_V1,9969.467204222632,False,1784671200000,20
2026-07-21T22:32:41.968858+00:00,SPY,SPY,strategy-lab-v1.0.0:BREAKOUT_MOMENTUM_V1,9889.508479216856,False,1784662200000,5
2026-07-21T22:32:41.968858+00:00,QQQ,QQQ,strategy-lab-v1.0.0:BREAKOUT_MOMENTUM_V1,9914.31196162559,False,1784662200000,5
2026-07-21T22:32:41.968858+00:00,NVDA,NVDA,strategy-lab-v1.0.0:BREAKOUT_MOMENTUM_V1,9906.570381290368,False,1784662200000,5
2026-07-21T22:32:41.968858+00:00,MSTR,MSTR,strategy-lab-v1.0.0:BREAKOUT_MOMENTUM_V1,10000.0,False,1784662200000,5
2026-07-21T22:32:41.968858+00:00,COIN,COIN,strategy-lab-v1.0.0:BREAKOUT_MOMENTUM_V1,9895.67671983158,False,1784662200000,5
2026-07-21T22:32:41.968858+00:00,MARA,MARA,strategy-lab-v1.0.0:BREAKOUT_MOMENTUM_V1,9893.799369011773,False,1784662200000,5
2026-07-21T22:32:41.968858+00:00,RIOT,RIOT,strategy-lab-v1.0.0:BREAKOUT_MOMENTUM_V1,10000.0,False,1784662200000,5
2026-07-21T22:32:41.968858+00:00,GLD,GLD,strategy-lab-v1.0.0:BREAKOUT_MOMENTUM_V1,10000.0,False,1784662200000,5
2026-07-21T22:32:41.968858+00:00,GDX,GDX,strategy-lab-v1.0.0:BREAKOUT_MOMENTUM_V1,10000.0,False,1784662200000,5
2026-07-21T22:32:41.968858+00:00,NEM,NEM,strategy-lab-v1.0.0:BREAKOUT_MOMENTUM_V1,10000.0,False,1784662200000,5
2026-07-21T22:32:41.968858+00:00,DXY,DX-Y.NYB,strategy-lab-v1.0.0:BREAKOUT_MOMENTUM_V1,9944.112708158063,False,1784671200000,22
2026-07-21T22:32:41.968858+00:00,USDJPY,JPY=X,strategy-lab-v1.0.0:BREAKOUT_MOMENTUM_V1,9899.495186749724,False,1784671200000,22
2026-07-21T22:32:41.968858+00:00,USDCHF,CHF=X,strategy-lab-v1.0.0:BREAKOUT_MOMENTUM_V1,9908.613387411691,False,1784671200000,22
2026-07-21T22:32:41.968858+00:00,USDCAD,CAD=X,strategy-lab-v1.0.0:BREAKOUT_MOMENTUM_V1,10000.0,True,1784671200000,22
2026-07-21T23:34:16.231625+00:00,BTC,BTCUSDT,strategy-lab-v1.0.0:BREAKOUT_MOMENTUM_V1,10155.541535327895,False,1784674800000,357
2026-07-21T23:34:16.231625+00:00,SOL,SOLUSDT,strategy-lab-v1.0.0:BREAKOUT_MOMENTUM_V1,9820.2716070624,False,1784674800000,357
2026-07-21T23:34:16.231625+00:00,XRP,XRPUSDT,strategy-lab-v1.0.0:BREAKOUT_MOMENTUM_V1,10126.210060808986,False,1784674800000,357
2026-07-21T23:34:16.231625+00:00,DOGE,DOGEUSDT,strategy-lab-v1.0.0:BREAKOUT_MOMENTUM_V1,9924.530252226963,False,1784674800000,357
2026-07-21T23:34:16.231625+00:00,BNB,BNBUSDT,strategy-lab-v1.0.0:BREAKOUT_MOMENTUM_V1,9942.960830511176,False,1784674800000,81
2026-07-21T23:34:16.231625+00:00,PAXG,PAXGUSDT,strategy-lab-v1.0.0:BREAKOUT_MOMENTUM_V1,9964.261873548241,False,1784674800000,358
2026-07-21T23:34:16.231625+00:00,GOLD,XAU/USD,strategy-lab-v1.0.0:BREAKOUT_MOMENTUM_V1,9986.874024971376,False,1784671200000,52
2026-07-21T23:34:16.231625+00:00,SILVER,XAG/USD,strategy-lab-v1.0.0:BREAKOUT_MOMENTUM_V1,10000.0,False,0,0
2026-07-21T23:34:16.231625+00:00,OIL,WTI/USD,strategy-lab-v1.0.0:BREAKOUT_MOMENTUM_V1,10000.0,False,0,0
2026-07-21T23:34:16.231625+00:00,GOLD_FUT,GC=F,strategy-lab-v1.0.0:BREAKOUT_MOMENTUM_V1,10028.934731235779,False,1784674800000,20
2026-07-21T23:34:16.231625+00:00,SILVER_FUT,SI=F,strategy-lab-v1.0.0:BREAKOUT_MOMENTUM_V1,9982.376576431854,False,1784674800000,20
2026-07-21T23:34:16.231625+00:00,OIL_FUT,CL=F,strategy-lab-v1.0.0:BREAKOUT_MOMENTUM_V1,9961.572460714036,False,1784674800000,20
2026-07-21T23:34:16.231625+00:00,BRENT_FUT,BZ=F,strategy-lab-v1.0.0:BREAKOUT_MOMENTUM_V1,9969.467204222632,False,1784674800000,20
2026-07-21T23:34:16.231625+00:00,SPY,SPY,strategy-lab-v1.0.0:BREAKOUT_MOMENTUM_V1,9889.508479216856,False,1784662200000,5
2026-07-21T23:34:16.231625+00:00,QQQ,QQQ,strategy-lab-v1.0.0:BREAKOUT_MOMENTUM_V1,9914.31196162559,False,1784662200000,5
2026-07-21T23:34:16.231625+00:00,NVDA,NVDA,strategy-lab-v1.0.0:BREAKOUT_MOMENTUM_V1,9906.570381290368,False,1784662200000,5
2026-07-21T23:34:16.231625+00:00,MSTR,MSTR,strategy-lab-v1.0.0:BREAKOUT_MOMENTUM_V1,10000.0,False,1784662200000,5
2026-07-21T23:34:16.231625+00:00,COIN,COIN,strategy-lab-v1.0.0:BREAKOUT_MOMENTUM_V1,9895.67671983158,False,1784662200000,5
2026-07-21T23:34:16.231625+00:00,MARA,MARA,strategy-lab-v1.0.0:BREAKOUT_MOMENTUM_V1,9893.799369011773,False,1784662200000,5
2026-07-21T23:34:16.231625+00:00,RIOT,RIOT,strategy-lab-v1.0.0:BREAKOUT_MOMENTUM_V1,10000.0,False,1784662200000,5
2026-07-21T23:34:16.231625+00:00,GLD,GLD,strategy-lab-v1.0.0:BREAKOUT_MOMENTUM_V1,10000.0,False,1784662200000,5
2026-07-21T23:34:16.231625+00:00,GDX,GDX,strategy-lab-v1.0.0:BREAKOUT_MOMENTUM_V1,10000.0,False,1784662200000,5
2026-07-21T23:34:16.231625+00:00,NEM,NEM,strategy-lab-v1.0.0:BREAKOUT_MOMENTUM_V1,10000.0,False,1784662200000,5
2026-07-21T23:34:16.231625+00:00,DXY,DX-Y.NYB,strategy-lab-v1.0.0:BREAKOUT_MOMENTUM_V1,9944.112708158063,False,1784671200000,22
2026-07-21T23:34:16.231625+00:00,USDJPY,JPY=X,strategy-lab-v1.0.0:BREAKOUT_MOMENTUM_V1,9899.495186749724,False,1784674800000,22
2026-07-21T23:34:16.231625+00:00,USDCHF,CHF=X,strategy-lab-v1.0.0:BREAKOUT_MOMENTUM_V1,9908.613387411691,False,1784674800000,22
2026-07-21T23:34:16.231625+00:00,USDCAD,CAD=X,strategy-lab-v1.0.0:BREAKOUT_MOMENTUM_V1,10000.0,True,1784674800000,22
2026-07-22T01:02:31.096716+00:00,BTC,BTCUSDT,strategy-lab-v1.0.0:BREAKOUT_MOMENTUM_V1,10155.541535327895,False,1784682000000,358
2026-07-22T01:02:31.096716+00:00,SOL,SOLUSDT,strategy-lab-v1.0.0:BREAKOUT_MOMENTUM_V1,9820.2716070624,False,1784678400000,357
2026-07-22T01:02:31.096716+00:00,XRP,XRPUSDT,strategy-lab-v1.0.0:BREAKOUT_MOMENTUM_V1,10126.210060808986,False,1784678400000,357
2026-07-22T01:02:31.096716+00:00,DOGE,DOGEUSDT,strategy-lab-v1.0.0:BREAKOUT_MOMENTUM_V1,9924.530252226963,False,1784682000000,358
2026-07-22T01:02:31.096716+00:00,BNB,BNBUSDT,strategy-lab-v1.0.0:BREAKOUT_MOMENTUM_V1,9942.960830511176,False,1784678400000,81
2026-07-22T01:02:31.096716+00:00,PAXG,PAXGUSDT,strategy-lab-v1.0.0:BREAKOUT_MOMENTUM_V1,9964.261873548241,True,1784682000000,359
2026-07-22T01:02:31.096716+00:00,GOLD,XAU/USD,strategy-lab-v1.0.0:BREAKOUT_MOMENTUM_V1,9986.874024971376,False,1784671200000,52
2026-07-22T01:02:31.096716+00:00,SILVER,XAG/USD,strategy-lab-v1.0.0:BREAKOUT_MOMENTUM_V1,10000.0,False,0,0
2026-07-22T01:02:31.096716+00:00,OIL,WTI/USD,strategy-lab-v1.0.0:BREAKOUT_MOMENTUM_V1,10000.0,False,0,0
2026-07-22T01:02:31.096716+00:00,GOLD_FUT,GC=F,strategy-lab-v1.0.0:BREAKOUT_MOMENTUM_V1,10028.934731235779,True,1784678400000,20
2026-07-22T01:02:31.096716+00:00,SILVER_FUT,SI=F,strategy-lab-v1.0.0:BREAKOUT_MOMENTUM_V1,9982.376576431854,False,1784678400000,20
2026-07-22T01:02:31.096716+00:00,OIL_FUT,CL=F,strategy-lab-v1.0.0:BREAKOUT_MOMENTUM_V1,9961.572460714036,False,1784678400000,20
2026-07-22T01:02:31.096716+00:00,BRENT_FUT,BZ=F,strategy-lab-v1.0.0:BREAKOUT_MOMENTUM_V1,9969.467204222632,False,1784678400000,20
2026-07-22T01:02:31.096716+00:00,SPY,SPY,strategy-lab-v1.0.0:BREAKOUT_MOMENTUM_V1,9889.508479216856,False,1784662200000,5
2026-07-22T01:02:31.096716+00:00,QQQ,QQQ,strategy-lab-v1.0.0:BREAKOUT_MOMENTUM_V1,9914.31196162559,False,1784662200000,5
2026-07-22T01:02:31.096716+00:00,NVDA,NVDA,strategy-lab-v1.0.0:BREAKOUT_MOMENTUM_V1,9906.570381290368,False,1784662200000,5
2026-07-22T01:02:31.096716+00:00,MSTR,MSTR,strategy-lab-v1.0.0:BREAKOUT_MOMENTUM_V1,10000.0,False,1784662200000,5
2026-07-22T01:02:31.096716+00:00,COIN,COIN,strategy-lab-v1.0.0:BREAKOUT_MOMENTUM_V1,9895.67671983158,False,1784662200000,5
2026-07-22T01:02:31.096716+00:00,MARA,MARA,strategy-lab-v1.0.0:BREAKOUT_MOMENTUM_V1,9893.799369011773,False,1784662200000,5
2026-07-22T01:02:31.096716+00:00,RIOT,RIOT,strategy-lab-v1.0.0:BREAKOUT_MOMENTUM_V1,10000.0,False,1784662200000,5
2026-07-22T01:02:31.096716+00:00,GLD,GLD,strategy-lab-v1.0.0:BREAKOUT_MOMENTUM_V1,10000.0,False,1784662200000,5
2026-07-22T01:02:31.096716+00:00,GDX,GDX,strategy-lab-v1.0.0:BREAKOUT_MOMENTUM_V1,10000.0,False,1784662200000,5
2026-07-22T01:02:31.096716+00:00,NEM,NEM,strategy-lab-v1.0.0:BREAKOUT_MOMENTUM_V1,10000.0,False,1784662200000,5
2026-07-22T01:02:31.096716+00:00,DXY,DX-Y.NYB,strategy-lab-v1.0.0:BREAKOUT_MOMENTUM_V1,9944.112708158063,False,1784678400000,23
2026-07-22T01:02:31.096716+00:00,USDJPY,JPY=X,strategy-lab-v1.0.0:BREAKOUT_MOMENTUM_V1,9899.495186749724,False,1784682000000,23
2026-07-22T01:02:31.096716+00:00,USDCHF,CHF=X,strategy-lab-v1.0.0:BREAKOUT_MOMENTUM_V1,9908.613387411691,False,1784682000000,23
2026-07-22T01:02:31.096716+00:00,USDCAD,CAD=X,strategy-lab-v1.0.0:BREAKOUT_MOMENTUM_V1,10000.0,True,1784682000000,23
2026-07-22T04:26:45.114153+00:00,BTC,BTCUSDT,strategy-lab-v1.0.0:BREAKOUT_MOMENTUM_V1,10155.541535327895,False,1784692800000,360
2026-07-22T04:26:45.114153+00:00,SOL,SOLUSDT,strategy-lab-v1.0.0:BREAKOUT_MOMENTUM_V1,9820.2716070624,False,1784692800000,360
2026-07-22T04:26:45.114153+00:00,XRP,XRPUSDT,strategy-lab-v1.0.0:BREAKOUT_MOMENTUM_V1,10126.210060808986,False,1784692800000,360
2026-07-22T04:26:45.114153+00:00,DOGE,DOGEUSDT,strategy-lab-v1.0.0:BREAKOUT_MOMENTUM_V1,9924.530252226963,False,1784692800000,360
2026-07-22T04:26:45.114153+00:00,BNB,BNBUSDT,strategy-lab-v1.0.0:BREAKOUT_MOMENTUM_V1,9942.960830511176,False,1784692800000,84
2026-07-22T04:26:45.114153+00:00,PAXG,PAXGUSDT,strategy-lab-v1.0.0:BREAKOUT_MOMENTUM_V1,9981.494444151163,True,1784692800000,361
2026-07-22T04:26:45.114153+00:00,GOLD,XAU/USD,strategy-lab-v1.0.0:BREAKOUT_MOMENTUM_V1,9986.874024971376,False,1784692800000,57
2026-07-22T04:26:45.114153+00:00,SILVER,XAG/USD,strategy-lab-v1.0.0:BREAKOUT_MOMENTUM_V1,10000.0,False,0,0
2026-07-22T04:26:45.114153+00:00,OIL,WTI/USD,strategy-lab-v1.0.0:BREAKOUT_MOMENTUM_V1,10000.0,False,0,0
2026-07-22T04:26:45.114153+00:00,GOLD_FUT,GC=F,strategy-lab-v1.0.0:BREAKOUT_MOMENTUM_V1,10055.144841562133,True,1784692800000,20
2026-07-22T04:26:45.114153+00:00,SILVER_FUT,SI=F,strategy-lab-v1.0.0:BREAKOUT_MOMENTUM_V1,9982.376576431854,True,1784692800000,20
2026-07-22T04:26:45.114153+00:00,OIL_FUT,CL=F,strategy-lab-v1.0.0:BREAKOUT_MOMENTUM_V1,9961.572460714036,True,1784692800000,20
2026-07-22T04:26:45.114153+00:00,BRENT_FUT,BZ=F,strategy-lab-v1.0.0:BREAKOUT_MOMENTUM_V1,9969.467204222632,True,1784692800000,20
2026-07-22T04:26:45.114153+00:00,SPY,SPY,strategy-lab-v1.0.0:BREAKOUT_MOMENTUM_V1,9889.508479216856,False,1784662200000,5
2026-07-22T04:26:45.114153+00:00,QQQ,QQQ,strategy-lab-v1.0.0:BREAKOUT_MOMENTUM_V1,9914.31196162559,False,1784662200000,5
2026-07-22T04:26:45.114153+00:00,NVDA,NVDA,strategy-lab-v1.0.0:BREAKOUT_MOMENTUM_V1,9906.570381290368,False,1784662200000,5
2026-07-22T04:26:45.114153+00:00,MSTR,MSTR,strategy-lab-v1.0.0:BREAKOUT_MOMENTUM_V1,10000.0,False,1784662200000,5
2026-07-22T04:26:45.114153+00:00,COIN,COIN,strategy-lab-v1.0.0:BREAKOUT_MOMENTUM_V1,9895.67671983158,False,1784662200000,5
2026-07-22T04:26:45.114153+00:00,MARA,MARA,strategy-lab-v1.0.0:BREAKOUT_MOMENTUM_V1,9893.799369011773,False,1784662200000,5
2026-07-22T04:26:45.114153+00:00,RIOT,RIOT,strategy-lab-v1.0.0:BREAKOUT_MOMENTUM_V1,10000.0,False,1784662200000,5
2026-07-22T04:26:45.114153+00:00,GLD,GLD,strategy-lab-v1.0.0:BREAKOUT_MOMENTUM_V1,10000.0,False,1784662200000,5
2026-07-22T04:26:45.114153+00:00,GDX,GDX,strategy-lab-v1.0.0:BREAKOUT_MOMENTUM_V1,10000.0,False,1784662200000,5
2026-07-22T04:26:45.114153+00:00,NEM,NEM,strategy-lab-v1.0.0:BREAKOUT_MOMENTUM_V1,10000.0,False,1784662200000,5
2026-07-22T04:26:45.114153+00:00,DXY,DX-Y.NYB,strategy-lab-v1.0.0:BREAKOUT_MOMENTUM_V1,9944.112708158063,True,1784692800000,23
2026-07-22T04:26:45.114153+00:00,USDJPY,JPY=X,strategy-lab-v1.0.0:BREAKOUT_MOMENTUM_V1,9899.495186749724,False,1784692800000,25
2026-07-22T04:26:45.114153+00:00,USDCHF,CHF=X,strategy-lab-v1.0.0:BREAKOUT_MOMENTUM_V1,9908.613387411691,False,1784692800000,25
2026-07-22T04:26:45.114153+00:00,USDCAD,CAD=X,strategy-lab-v1.0.0:BREAKOUT_MOMENTUM_V1,10000.0,True,1784692800000,25
2026-07-22T07:09:43.413591+00:00,BTC,BTCUSDT,strategy-lab-v1.0.0:BREAKOUT_MOMENTUM_V1,10155.541535327895,False,1784703600000,362
2026-07-22T07:09:43.413591+00:00,SOL,SOLUSDT,strategy-lab-v1.0.0:BREAKOUT_MOMENTUM_V1,9820.2716070624,False,1784703600000,362
2026-07-22T07:09:43.413591+00:00,XRP,XRPUSDT,strategy-lab-v1.0.0:BREAKOUT_MOMENTUM_V1,10126.210060808986,False,1784703600000,362
2026-07-22T07:09:43.413591+00:00,DOGE,DOGEUSDT,strategy-lab-v1.0.0:BREAKOUT_MOMENTUM_V1,9924.530252226963,False,1784703600000,362
2026-07-22T07:09:43.413591+00:00,BNB,BNBUSDT,strategy-lab-v1.0.0:BREAKOUT_MOMENTUM_V1,9942.960830511176,False,1784703600000,86
2026-07-22T07:09:43.413591+00:00,PAXG,PAXGUSDT,strategy-lab-v1.0.0:BREAKOUT_MOMENTUM_V1,9926.42748383359,False,1784703600000,363
2026-07-22T07:09:43.413591+00:00,GOLD,XAU/USD,strategy-lab-v1.0.0:BREAKOUT_MOMENTUM_V1,9986.874024971376,False,1784703600000,59
2026-07-22T07:09:43.413591+00:00,SILVER,XAG/USD,strategy-lab-v1.0.0:BREAKOUT_MOMENTUM_V1,10000.0,False,0,0
2026-07-22T07:09:43.413591+00:00,OIL,WTI/USD,strategy-lab-v1.0.0:BREAKOUT_MOMENTUM_V1,10000.0,False,0,0
2026-07-22T07:09:43.413591+00:00,GOLD_FUT,GC=F,strategy-lab-v1.0.0:BREAKOUT_MOMENTUM_V1,10055.144841562133,True,1784700000000,21
2026-07-22T07:09:43.413591+00:00,SILVER_FUT,SI=F,strategy-lab-v1.0.0:BREAKOUT_MOMENTUM_V1,9982.376576431854,True,1784700000000,21
2026-07-22T07:09:43.413591+00:00,OIL_FUT,CL=F,strategy-lab-v1.0.0:BREAKOUT_MOMENTUM_V1,9961.572460714036,True,1784700000000,21
2026-07-22T07:09:43.413591+00:00,BRENT_FUT,BZ=F,strategy-lab-v1.0.0:BREAKOUT_MOMENTUM_V1,9969.467204222632,True,1784700000000,21
2026-07-22T07:09:43.413591+00:00,SPY,SPY,strategy-lab-v1.0.0:BREAKOUT_MOMENTUM_V1,9889.508479216856,False,1784662200000,5
2026-07-22T07:09:43.413591+00:00,QQQ,QQQ,strategy-lab-v1.0.0:BREAKOUT_MOMENTUM_V1,9914.31196162559,False,1784662200000,5
2026-07-22T07:09:43.413591+00:00,NVDA,NVDA,strategy-lab-v1.0.0:BREAKOUT_MOMENTUM_V1,9906.570381290368,False,1784662200000,5
2026-07-22T07:09:43.413591+00:00,MSTR,MSTR,strategy-lab-v1.0.0:BREAKOUT_MOMENTUM_V1,10000.0,False,1784662200000,5
2026-07-22T07:09:43.413591+00:00,COIN,COIN,strategy-lab-v1.0.0:BREAKOUT_MOMENTUM_V1,9895.67671983158,False,1784662200000,5
2026-07-22T07:09:43.413591+00:00,MARA,MARA,strategy-lab-v1.0.0:BREAKOUT_MOMENTUM_V1,9893.799369011773,False,1784662200000,5
2026-07-22T07:09:43.413591+00:00,RIOT,RIOT,strategy-lab-v1.0.0:BREAKOUT_MOMENTUM_V1,10000.0,False,1784662200000,5
2026-07-22T07:09:43.413591+00:00,GLD,GLD,strategy-lab-v1.0.0:BREAKOUT_MOMENTUM_V1,10000.0,False,1784662200000,5
2026-07-22T07:09:43.413591+00:00,GDX,GDX,strategy-lab-v1.0.0:BREAKOUT_MOMENTUM_V1,10000.0,False,1784662200000,5
2026-07-22T07:09:43.413591+00:00,NEM,NEM,strategy-lab-v1.0.0:BREAKOUT_MOMENTUM_V1,10000.0,False,1784662200000,5
2026-07-22T07:09:43.413591+00:00,DXY,DX-Y.NYB,strategy-lab-v1.0.0:BREAKOUT_MOMENTUM_V1,9915.892888927237,False,1784703600000,25
2026-07-22T07:09:43.413591+00:00,USDJPY,JPY=X,strategy-lab-v1.0.0:BREAKOUT_MOMENTUM_V1,9899.495186749724,False,1784703600000,27
2026-07-22T07:09:43.413591+00:00,USDCHF,CHF=X,strategy-lab-v1.0.0:BREAKOUT_MOMENTUM_V1,9908.613387411691,False,1784703600000,27
2026-07-22T07:09:43.413591+00:00,USDCAD,CAD=X,strategy-lab-v1.0.0:BREAKOUT_MOMENTUM_V1,10000.0,True,1784703600000,27
2026-07-22T09:38:04.108641+00:00,BTC,BTCUSDT,strategy-lab-v1.0.0:BREAKOUT_MOMENTUM_V1,10155.541535327895,False,1784710800000,363
2026-07-22T09:38:04.108641+00:00,SOL,SOLUSDT,strategy-lab-v1.0.0:BREAKOUT_MOMENTUM_V1,9820.2716070624,False,1784710800000,363
2026-07-22T09:38:04.108641+00:00,XRP,XRPUSDT,strategy-lab-v1.0.0:BREAKOUT_MOMENTUM_V1,10126.210060808986,False,1784710800000,363
2026-07-22T09:38:04.108641+00:00,DOGE,DOGEUSDT,strategy-lab-v1.0.0:BREAKOUT_MOMENTUM_V1,9924.530252226963,False,1784710800000,363
2026-07-22T09:38:04.108641+00:00,BNB,BNBUSDT,strategy-lab-v1.0.0:BREAKOUT_MOMENTUM_V1,9942.960830511176,False,1784710800000,87
2026-07-22T09:38:04.108641+00:00,PAXG,PAXGUSDT,strategy-lab-v1.0.0:BREAKOUT_MOMENTUM_V1,9926.42748383359,False,1784710800000,364
2026-07-22T09:38:04.108641+00:00,GOLD,XAU/USD,strategy-lab-v1.0.0:BREAKOUT_MOMENTUM_V1,9986.874024971376,False,1784703600000,59
2026-07-22T09:38:04.108641+00:00,SILVER,XAG/USD,strategy-lab-v1.0.0:BREAKOUT_MOMENTUM_V1,10000.0,False,0,0
2026-07-22T09:38:04.108641+00:00,OIL,WTI/USD,strategy-lab-v1.0.0:BREAKOUT_MOMENTUM_V1,10000.0,False,0,0
2026-07-22T09:38:04.108641+00:00,GOLD_FUT,GC=F,strategy-lab-v1.0.0:BREAKOUT_MOMENTUM_V1,10055.144841562133,True,1784710800000,23
2026-07-22T09:38:04.108641+00:00,SILVER_FUT,SI=F,strategy-lab-v1.0.0:BREAKOUT_MOMENTUM_V1,9982.376576431854,True,1784710800000,23
2026-07-22T09:38:04.108641+00:00,OIL_FUT,CL=F,strategy-lab-v1.0.0:BREAKOUT_MOMENTUM_V1,10066.735324554158,True,1784710800000,23
2026-07-22T09:38:04.108641+00:00,BRENT_FUT,BZ=F,strategy-lab-v1.0.0:BREAKOUT_MOMENTUM_V1,9970.371556315133,False,1784710800000,23
2026-07-22T09:38:04.108641+00:00,SPY,SPY,strategy-lab-v1.0.0:BREAKOUT_MOMENTUM_V1,9889.508479216856,False,1784662200000,5
2026-07-22T09:38:04.108641+00:00,QQQ,QQQ,strategy-lab-v1.0.0:BREAKOUT_MOMENTUM_V1,9914.31196162559,False,1784662200000,5
2026-07-22T09:38:04.108641+00:00,NVDA,NVDA,strategy-lab-v1.0.0:BREAKOUT_MOMENTUM_V1,9906.570381290368,False,1784662200000,5
2026-07-22T09:38:04.108641+00:00,MSTR,MSTR,strategy-lab-v1.0.0:BREAKOUT_MOMENTUM_V1,10000.0,False,1784662200000,5
2026-07-22T09:38:04.108641+00:00,COIN,COIN,strategy-lab-v1.0.0:BREAKOUT_MOMENTUM_V1,9895.67671983158,False,1784662200000,5
2026-07-22T09:38:04.108641+00:00,MARA,MARA,strategy-lab-v1.0.0:BREAKOUT_MOMENTUM_V1,9893.799369011773,False,1784662200000,5
2026-07-22T09:38:04.108641+00:00,RIOT,RIOT,strategy-lab-v1.0.0:BREAKOUT_MOMENTUM_V1,10000.0,False,1784662200000,5
2026-07-22T09:38:04.108641+00:00,GLD,GLD,strategy-lab-v1.0.0:BREAKOUT_MOMENTUM_V1,10000.0,False,1784662200000,5
2026-07-22T09:38:04.108641+00:00,GDX,GDX,strategy-lab-v1.0.0:BREAKOUT_MOMENTUM_V1,10000.0,False,1784662200000,5
2026-07-22T09:38:04.108641+00:00,NEM,NEM,strategy-lab-v1.0.0:BREAKOUT_MOMENTUM_V1,10000.0,False,1784662200000,5
2026-07-22T09:38:04.108641+00:00,DXY,DX-Y.NYB,strategy-lab-v1.0.0:BREAKOUT_MOMENTUM_V1,9915.892888927237,False,1784710800000,26
2026-07-22T09:38:04.108641+00:00,USDJPY,JPY=X,strategy-lab-v1.0.0:BREAKOUT_MOMENTUM_V1,9899.495186749724,False,1784710800000,28
2026-07-22T09:38:04.108641+00:00,USDCHF,CHF=X,strategy-lab-v1.0.0:BREAKOUT_MOMENTUM_V1,9908.613387411691,False,1784710800000,28
2026-07-22T09:38:04.108641+00:00,USDCAD,CAD=X,strategy-lab-v1.0.0:BREAKOUT_MOMENTUM_V1,10000.0,True,1784710800000,28
2026-07-22T11:29:02.911464+00:00,BTC,BTCUSDT,strategy-lab-v1.0.0:BREAKOUT_MOMENTUM_V1,10155.541535327895,False,1784718000000,364
2026-07-22T11:29:02.911464+00:00,SOL,SOLUSDT,strategy-lab-v1.0.0:BREAKOUT_MOMENTUM_V1,9820.2716070624,False,1784718000000,364
2026-07-22T11:29:02.911464+00:00,XRP,XRPUSDT,strategy-lab-v1.0.0:BREAKOUT_MOMENTUM_V1,10126.210060808986,False,1784718000000,364
2026-07-22T11:29:02.911464+00:00,DOGE,DOGEUSDT,strategy-lab-v1.0.0:BREAKOUT_MOMENTUM_V1,9924.530252226963,False,1784718000000,364
2026-07-22T11:29:02.911464+00:00,BNB,BNBUSDT,strategy-lab-v1.0.0:BREAKOUT_MOMENTUM_V1,9942.960830511176,False,1784718000000,88
2026-07-22T11:29:02.911464+00:00,PAXG,PAXGUSDT,strategy-lab-v1.0.0:BREAKOUT_MOMENTUM_V1,9926.42748383359,False,1784718000000,365
2026-07-22T11:29:02.911464+00:00,GOLD,XAU/USD,strategy-lab-v1.0.0:BREAKOUT_MOMENTUM_V1,9986.874024971376,False,1784703600000,59
2026-07-22T11:29:02.911464+00:00,SILVER,XAG/USD,strategy-lab-v1.0.0:BREAKOUT_MOMENTUM_V1,10000.0,False,0,0
2026-07-22T11:29:02.911464+00:00,OIL,WTI/USD,strategy-lab-v1.0.0:BREAKOUT_MOMENTUM_V1,10000.0,False,0,0
2026-07-22T11:29:02.911464+00:00,GOLD_FUT,GC=F,strategy-lab-v1.0.0:BREAKOUT_MOMENTUM_V1,10055.144841562133,True,1784718000000,24
2026-07-22T11:29:02.911464+00:00,SILVER_FUT,SI=F,strategy-lab-v1.0.0:BREAKOUT_MOMENTUM_V1,9982.376576431854,True,1784718000000,24
2026-07-22T11:29:02.911464+00:00,OIL_FUT,CL=F,strategy-lab-v1.0.0:BREAKOUT_MOMENTUM_V1,9957.845272092532,False,1784718000000,24
2026-07-22T11:29:02.911464+00:00,BRENT_FUT,BZ=F,strategy-lab-v1.0.0:BREAKOUT_MOMENTUM_V1,9970.371556315133,False,1784718000000,24
2026-07-22T11:29:02.911464+00:00,SPY,SPY,strategy-lab-v1.0.0:BREAKOUT_MOMENTUM_V1,9889.508479216856,False,1784662200000,5
2026-07-22T11:29:02.911464+00:00,QQQ,QQQ,strategy-lab-v1.0.0:BREAKOUT_MOMENTUM_V1,9914.31196162559,False,1784662200000,5
2026-07-22T11:29:02.911464+00:00,NVDA,NVDA,strategy-lab-v1.0.0:BREAKOUT_MOMENTUM_V1,9906.570381290368,False,1784662200000,5
2026-07-22T11:29:02.911464+00:00,MSTR,MSTR,strategy-lab-v1.0.0:BREAKOUT_MOMENTUM_V1,10000.0,False,1784662200000,5
2026-07-22T11:29:02.911464+00:00,COIN,COIN,strategy-lab-v1.0.0:BREAKOUT_MOMENTUM_V1,9895.67671983158,False,1784662200000,5
2026-07-22T11:29:02.911464+00:00,MARA,MARA,strategy-lab-v1.0.0:BREAKOUT_MOMENTUM_V1,9893.799369011773,False,1784662200000,5
2026-07-22T11:29:02.911464+00:00,RIOT,RIOT,strategy-lab-v1.0.0:BREAKOUT_MOMENTUM_V1,10000.0,False,1784662200000,5
2026-07-22T11:29:02.911464+00:00,GLD,GLD,strategy-lab-v1.0.0:BREAKOUT_MOMENTUM_V1,10000.0,False,1784662200000,5
2026-07-22T11:29:02.911464+00:00,GDX,GDX,strategy-lab-v1.0.0:BREAKOUT_MOMENTUM_V1,10000.0,False,1784662200000,5
2026-07-22T11:29:02.911464+00:00,NEM,NEM,strategy-lab-v1.0.0:BREAKOUT_MOMENTUM_V1,10000.0,False,1784662200000,5
2026-07-22T11:29:02.911464+00:00,DXY,DX-Y.NYB,strategy-lab-v1.0.0:BREAKOUT_MOMENTUM_V1,9915.892888927237,False,1784718000000,27
2026-07-22T11:29:02.911464+00:00,USDJPY,JPY=X,strategy-lab-v1.0.0:BREAKOUT_MOMENTUM_V1,9899.495186749724,False,1784718000000,29
2026-07-22T11:29:02.911464+00:00,USDCHF,CHF=X,strategy-lab-v1.0.0:BREAKOUT_MOMENTUM_V1,9908.613387411691,False,1784718000000,29
2026-07-22T11:29:02.911464+00:00,USDCAD,CAD=X,strategy-lab-v1.0.0:BREAKOUT_MOMENTUM_V1,10000.0,True,1784718000000,29
2026-07-22T13:02:04.910890+00:00,BTC,BTCUSDT,strategy-lab-v1.0.0:BREAKOUT_MOMENTUM_V1,10155.541535327895,False,1784725200000,365
2026-07-22T13:02:04.910890+00:00,SOL,SOLUSDT,strategy-lab-v1.0.0:BREAKOUT_MOMENTUM_V1,9820.2716070624,False,1784721600000,364
2026-07-22T13:02:04.910890+00:00,XRP,XRPUSDT,strategy-lab-v1.0.0:BREAKOUT_MOMENTUM_V1,10126.210060808986,False,1784725200000,365
2026-07-22T13:02:04.910890+00:00,DOGE,DOGEUSDT,strategy-lab-v1.0.0:BREAKOUT_MOMENTUM_V1,9924.530252226963,False,1784725200000,365
2026-07-22T13:02:04.910890+00:00,BNB,BNBUSDT,strategy-lab-v1.0.0:BREAKOUT_MOMENTUM_V1,9942.960830511176,False,1784721600000,88
2026-07-22T13:02:04.910890+00:00,PAXG,PAXGUSDT,strategy-lab-v1.0.0:BREAKOUT_MOMENTUM_V1,9926.42748383359,False,1784725200000,366
2026-07-22T13:02:04.910890+00:00,GOLD,XAU/USD,strategy-lab-v1.0.0:BREAKOUT_MOMENTUM_V1,9986.874024971376,False,1784703600000,59
2026-07-22T13:02:04.910890+00:00,SILVER,XAG/USD,strategy-lab-v1.0.0:BREAKOUT_MOMENTUM_V1,10000.0,False,0,0
2026-07-22T13:02:04.910890+00:00,OIL,WTI/USD,strategy-lab-v1.0.0:BREAKOUT_MOMENTUM_V1,10000.0,False,0,0
2026-07-22T13:02:04.910890+00:00,GOLD_FUT,GC=F,strategy-lab-v1.0.0:BREAKOUT_MOMENTUM_V1,10055.144841562133,True,1784721600000,24
2026-07-22T13:02:04.910890+00:00,SILVER_FUT,SI=F,strategy-lab-v1.0.0:BREAKOUT_MOMENTUM_V1,9982.376576431854,True,1784721600000,24
2026-07-22T13:02:04.910890+00:00,OIL_FUT,CL=F,strategy-lab-v1.0.0:BREAKOUT_MOMENTUM_V1,9957.845272092532,False,1784721600000,24
2026-07-22T13:02:04.910890+00:00,BRENT_FUT,BZ=F,strategy-lab-v1.0.0:BREAKOUT_MOMENTUM_V1,9970.371556315133,False,1784721600000,24
2026-07-22T13:02:04.910890+00:00,SPY,SPY,strategy-lab-v1.0.0:BREAKOUT_MOMENTUM_V1,9889.508479216856,False,1784662200000,5
2026-07-22T13:02:04.910890+00:00,QQQ,QQQ,strategy-lab-v1.0.0:BREAKOUT_MOMENTUM_V1,9914.31196162559,False,1784662200000,5
2026-07-22T13:02:04.910890+00:00,NVDA,NVDA,strategy-lab-v1.0.0:BREAKOUT_MOMENTUM_V1,9906.570381290368,False,1784662200000,5
2026-07-22T13:02:04.910890+00:00,MSTR,MSTR,strategy-lab-v1.0.0:BREAKOUT_MOMENTUM_V1,10000.0,False,1784662200000,5
2026-07-22T13:02:04.910890+00:00,COIN,COIN,strategy-lab-v1.0.0:BREAKOUT_MOMENTUM_V1,9895.67671983158,False,1784662200000,5
2026-07-22T13:02:04.910890+00:00,MARA,MARA,strategy-lab-v1.0.0:BREAKOUT_MOMENTUM_V1,9893.799369011773,False,1784662200000,5
2026-07-22T13:02:04.910890+00:00,RIOT,RIOT,strategy-lab-v1.0.0:BREAKOUT_MOMENTUM_V1,10000.0,False,1784662200000,5
2026-07-22T13:02:04.910890+00:00,GLD,GLD,strategy-lab-v1.0.0:BREAKOUT_MOMENTUM_V1,10000.0,False,1784662200000,5
2026-07-22T13:02:04.910890+00:00,GDX,GDX,strategy-lab-v1.0.0:BREAKOUT_MOMENTUM_V1,10000.0,False,1784662200000,5
2026-07-22T13:02:04.910890+00:00,NEM,NEM,strategy-lab-v1.0.0:BREAKOUT_MOMENTUM_V1,10000.0,False,1784662200000,5
2026-07-22T13:02:04.910890+00:00,DXY,DX-Y.NYB,strategy-lab-v1.0.0:BREAKOUT_MOMENTUM_V1,9915.892888927237,False,1784721600000,27
2026-07-22T13:02:04.910890+00:00,USDJPY,JPY=X,strategy-lab-v1.0.0:BREAKOUT_MOMENTUM_V1,9899.495186749724,False,1784725200000,30
2026-07-22T13:02:04.910890+00:00,USDCHF,CHF=X,strategy-lab-v1.0.0:BREAKOUT_MOMENTUM_V1,9908.613387411691,False,1784725200000,30
2026-07-22T13:02:04.910890+00:00,USDCAD,CAD=X,strategy-lab-v1.0.0:BREAKOUT_MOMENTUM_V1,9965.492317024713,False,1784725200000,30
2026-07-22T15:10:47.196087+00:00,BTC,BTCUSDT,strategy-lab-v1.0.0:BREAKOUT_MOMENTUM_V1,10155.541535327895,False,1784732400000,366
2026-07-22T15:10:47.196087+00:00,SOL,SOLUSDT,strategy-lab-v1.0.0:BREAKOUT_MOMENTUM_V1,9820.2716070624,False,1784732400000,366
2026-07-22T15:10:47.196087+00:00,XRP,XRPUSDT,strategy-lab-v1.0.0:BREAKOUT_MOMENTUM_V1,10126.210060808986,False,1784732400000,366
2026-07-22T15:10:47.196087+00:00,DOGE,DOGEUSDT,strategy-lab-v1.0.0:BREAKOUT_MOMENTUM_V1,9924.530252226963,False,1784732400000,366
2026-07-22T15:10:47.196087+00:00,BNB,BNBUSDT,strategy-lab-v1.0.0:BREAKOUT_MOMENTUM_V1,9942.960830511176,False,1784732400000,90
2026-07-22T15:10:47.196087+00:00,PAXG,PAXGUSDT,strategy-lab-v1.0.0:BREAKOUT_MOMENTUM_V1,9926.42748383359,False,1784732400000,367
2026-07-22T15:10:47.196087+00:00,GOLD,XAU/USD,strategy-lab-v1.0.0:BREAKOUT_MOMENTUM_V1,9986.874024971376,False,1784703600000,59
2026-07-22T15:10:47.196087+00:00,SILVER,XAG/USD,strategy-lab-v1.0.0:BREAKOUT_MOMENTUM_V1,10000.0,False,0,0
2026-07-22T15:10:47.196087+00:00,OIL,WTI/USD,strategy-lab-v1.0.0:BREAKOUT_MOMENTUM_V1,10000.0,False,0,0
2026-07-22T15:10:47.196087+00:00,GOLD_FUT,GC=F,strategy-lab-v1.0.0:BREAKOUT_MOMENTUM_V1,10104.96441053999,False,1784732400000,26
2026-07-22T15:10:47.196087+00:00,SILVER_FUT,SI=F,strategy-lab-v1.0.0:BREAKOUT_MOMENTUM_V1,9863.78550902746,True,1784732400000,26
2026-07-22T15:10:47.196087+00:00,OIL_FUT,CL=F,strategy-lab-v1.0.0:BREAKOUT_MOMENTUM_V1,9957.845272092532,False,1784732400000,26
2026-07-22T15:10:47.196087+00:00,BRENT_FUT,BZ=F,strategy-lab-v1.0.0:BREAKOUT_MOMENTUM_V1,9970.371556315133,False,1784732400000,26
2026-07-22T15:10:47.196087+00:00,SPY,SPY,strategy-lab-v1.0.0:BREAKOUT_MOMENTUM_V1,9889.508479216856,False,1784730600000,6
2026-07-22T15:10:47.196087+00:00,QQQ,QQQ,strategy-lab-v1.0.0:BREAKOUT_MOMENTUM_V1,9914.31196162559,False,1784730600000,6
2026-07-22T15:10:47.196087+00:00,NVDA,NVDA,strategy-lab-v1.0.0:BREAKOUT_MOMENTUM_V1,9906.570381290368,True,1784730600000,6
2026-07-22T15:10:47.196087+00:00,MSTR,MSTR,strategy-lab-v1.0.0:BREAKOUT_MOMENTUM_V1,10000.0,False,1784730600000,6
2026-07-22T15:10:47.196087+00:00,COIN,COIN,strategy-lab-v1.0.0:BREAKOUT_MOMENTUM_V1,9895.67671983158,False,1784730600000,6
2026-07-22T15:10:47.196087+00:00,MARA,MARA,strategy-lab-v1.0.0:BREAKOUT_MOMENTUM_V1,9893.799369011773,False,1784730600000,6
2026-07-22T15:10:47.196087+00:00,RIOT,RIOT,strategy-lab-v1.0.0:BREAKOUT_MOMENTUM_V1,10000.0,False,1784730600000,6
2026-07-22T15:10:47.196087+00:00,GLD,GLD,strategy-lab-v1.0.0:BREAKOUT_MOMENTUM_V1,10000.0,True,1784730600000,6
2026-07-22T15:10:47.196087+00:00,GDX,GDX,strategy-lab-v1.0.0:BREAKOUT_MOMENTUM_V1,10000.0,True,1784730600000,6
2026-07-22T15:10:47.196087+00:00,NEM,NEM,strategy-lab-v1.0.0:BREAKOUT_MOMENTUM_V1,10000.0,False,1784730600000,6
2026-07-22T15:10:47.196087+00:00,DXY,DX-Y.NYB,strategy-lab-v1.0.0:BREAKOUT_MOMENTUM_V1,9915.892888927237,False,1784732400000,29
2026-07-22T15:10:47.196087+00:00,USDJPY,JPY=X,strategy-lab-v1.0.0:BREAKOUT_MOMENTUM_V1,9899.495186749724,False,1784732400000,31
2026-07-22T15:10:47.196087+00:00,USDCHF,CHF=X,strategy-lab-v1.0.0:BREAKOUT_MOMENTUM_V1,9908.613387411691,True,1784732400000,31
2026-07-22T15:10:47.196087+00:00,USDCAD,CAD=X,strategy-lab-v1.0.0:BREAKOUT_MOMENTUM_V1,9965.492317024713,False,1784732400000,31
