timestamp,candidate_id,asset,symbol,strategy_version,candle_close_time,candle_time,open,high,low,close,rsi,ma20,bb_lower,ma200,atr,passed,rejection_reasons
2026-07-14T09:00:59.543583+00:00,MR_TARGET_1R_V1,BTC,BTCUSDT,strategy-lab-v1.0.0:MR_TARGET_1R_V1,1783800000,2026-07-11T20:00:00+00:00,64245.99,64417.0,64241.13,64337.11,59.08166541795979,64167.2835,64000.08054987185,63109.379649999995,173.67071428571424,False,RSI_NOT_BELOW_35|CLOSE_NOT_NEAR_OR_BELOW_LOWER_BB
2026-07-14T09:00:59.543583+00:00,MR_TARGET_1R_V1,BTC,BTCUSDT,strategy-lab-v1.0.0:MR_TARGET_1R_V1,1783803600,2026-07-11T21:00:00+00:00,64337.11,64385.92,64293.06,64310.39,60.9803250074569,64184.116500000004,64031.05857119015,63120.67585,172.93642857142862,False,RSI_NOT_BELOW_35|CLOSE_NOT_NEAR_OR_BELOW_LOWER_BB
2026-07-14T09:00:59.543583+00:00,MR_TARGET_1R_V1,BTC,BTCUSDT,strategy-lab-v1.0.0:MR_TARGET_1R_V1,1783807200,2026-07-11T22:00:00+00:00,64310.38,64387.95,64100.57,64158.08,46.91310055132573,64186.1715,64035.692413707045,63130.9582,181.90214285714268,False,RSI_NOT_BELOW_35|CLOSE_NOT_NEAR_OR_BELOW_LOWER_BB
2026-07-14T09:00:59.543583+00:00,MR_TARGET_1R_V1,BTC,BTCUSDT,strategy-lab-v1.0.0:MR_TARGET_1R_V1,1783810800,2026-07-11T23:00:00+00:00,64158.07,64208.7,63769.84,63773.04,36.37570230437253,64169.4395,63936.14256418738,63140.5021,201.91142857142873,False,RSI_NOT_BELOW_35
2026-07-14T09:00:59.543583+00:00,MR_TARGET_1R_V1,BTC,BTCUSDT,strategy-lab-v1.0.0:MR_TARGET_1R_V1,1783814400,2026-07-12T00:00:00+00:00,63773.05,63881.97,63654.01,63787.37,35.5321237923153,64153.241,63867.06237599647,63149.212400000004,213.3164285714286,False,RSI_NOT_BELOW_35
2026-07-14T09:00:59.543583+00:00,MR_TARGET_1R_V1,BTC,BTCUSDT,strategy-lab-v1.0.0:MR_TARGET_1R_V1,1783818000,2026-07-12T01:00:00+00:00,63789.85,64133.03,63769.17,64085.26,48.00330065946661,64151.23500000001,63863.743878570924,63158.9392,235.89071428571438,False,RSI_NOT_BELOW_35|CLOSE_NOT_NEAR_OR_BELOW_LOWER_BB
2026-07-14T09:00:59.543583+00:00,MR_TARGET_1R_V1,BTC,BTCUSDT,strategy-lab-v1.0.0:MR_TARGET_1R_V1,1783821600,2026-07-12T02:00:00+00:00,64085.27,64091.82,63988.01,64031.24,46.45094819537001,64144.4265,63852.37657945293,63168.34545,235.65214285714268,False,RSI_NOT_BELOW_35|CLOSE_NOT_NEAR_OR_BELOW_LOWER_BB
2026-07-14T09:00:59.543583+00:00,MR_TARGET_1R_V1,BTC,BTCUSDT,strategy-lab-v1.0.0:MR_TARGET_1R_V1,1783825200,2026-07-12T03:00:00+00:00,64031.24,64182.0,63991.19,64179.36,49.524433842586745,64147.8145,63855.79430210343,63178.4729,241.7799999999999,False,RSI_NOT_BELOW_35|CLOSE_NOT_NEAR_OR_BELOW_LOWER_BB
2026-07-14T09:00:59.543583+00:00,MR_TARGET_1R_V1,BTC,BTCUSDT,strategy-lab-v1.0.0:MR_TARGET_1R_V1,1783828800,2026-07-12T04:00:00+00:00,64179.36,64202.31,63896.56,63962.07,40.47725789518489,64135.0745,63834.12095371827,63184.7071,244.78571428571428,False,RSI_NOT_BELOW_35|CLOSE_NOT_NEAR_OR_BELOW_LOWER_BB
2026-07-14T09:00:59.543583+00:00,MR_TARGET_1R_V1,BTC,BTCUSDT,strategy-lab-v1.0.0:MR_TARGET_1R_V1,1783832400,2026-07-12T05:00:00+00:00,63962.07,63983.92,63860.16,63925.68,44.000764941025544,64125.9745,63811.5529412297,63190.9885,211.8057142857137,False,RSI_NOT_BELOW_35|CLOSE_NOT_NEAR_OR_BELOW_LOWER_BB
2026-07-14T09:00:59.543583+00:00,MR_TARGET_1R_V1,BTC,BTCUSDT,strategy-lab-v1.0.0:MR_TARGET_1R_V1,1783836000,2026-07-12T06:00:00+00:00,63925.68,63925.68,63588.2,63714.75,38.513710337853084,64104.808,63743.06134419715,63196.9983,222.30214285714257,False,RSI_NOT_BELOW_35
2026-07-14T09:00:59.543583+00:00,MR_TARGET_1R_V1,BTC,BTCUSDT,strategy-lab-v1.0.0:MR_TARGET_1R_V1,1783839600,2026-07-12T07:00:00+00:00,63714.75,63860.16,63691.51,63843.7,38.180391463401,64089.729499999994,63711.23347468462,63203.615699999995,217.11785714285674,False,RSI_NOT_BELOW_35|CLOSE_NOT_NEAR_OR_BELOW_LOWER_BB
2026-07-14T09:00:59.543583+00:00,MR_TARGET_1R_V1,BTC,BTCUSDT,strategy-lab-v1.0.0:MR_TARGET_1R_V1,1783843200,2026-07-12T08:00:00+00:00,63843.7,64060.98,63837.3,63940.08,40.98096006837298,64079.659999999996,63696.51871984275,63209.849299999994,225.28499999999985,False,RSI_NOT_BELOW_35|CLOSE_NOT_NEAR_OR_BELOW_LOWER_BB
2026-07-14T09:00:59.543583+00:00,MR_TARGET_1R_V1,BTC,BTCUSDT,strategy-lab-v1.0.0:MR_TARGET_1R_V1,1783846800,2026-07-12T09:00:00+00:00,63940.08,64004.49,63722.75,63915.23,41.22345224322594,64065.67,63679.976134660494,63217.407999999996,237.3192857142853,False,RSI_NOT_BELOW_35|CLOSE_NOT_NEAR_OR_BELOW_LOWER_BB
2026-07-14T09:00:59.543583+00:00,MR_TARGET_1R_V1,BTC,BTCUSDT,strategy-lab-v1.0.0:MR_TARGET_1R_V1,1783850400,2026-07-12T10:00:00+00:00,63915.98,63915.98,63786.4,63807.56,36.070998321838736,64041.164000000004,63655.26763046989,63224.03605,234.01285714285663,False,RSI_NOT_BELOW_35|CLOSE_NOT_NEAR_OR_BELOW_LOWER_BB
2026-07-14T09:00:59.543583+00:00,MR_TARGET_1R_V1,BTC,BTCUSDT,strategy-lab-v1.0.0:MR_TARGET_1R_V1,1783854000,2026-07-12T11:00:00+00:00,63811.98,63992.51,63777.12,63966.54,41.54390969677604,64033.482,63648.06664204897,63231.06595,242.76499999999942,False,RSI_NOT_BELOW_35|CLOSE_NOT_NEAR_OR_BELOW_LOWER_BB
2026-07-14T09:00:59.543583+00:00,MR_TARGET_1R_V1,BTC,BTCUSDT,strategy-lab-v1.0.0:MR_TARGET_1R_V1,1783857600,2026-07-12T12:00:00+00:00,63966.53,64089.48,63929.32,63982.16,45.36188477479102,64025.95399999999,63642.71064595909,63237.8359,233.677857142857,False,RSI_NOT_BELOW_35|CLOSE_NOT_NEAR_OR_BELOW_LOWER_BB
2026-07-14T09:00:59.543583+00:00,MR_TARGET_1R_V1,BTC,BTCUSDT,strategy-lab-v1.0.0:MR_TARGET_1R_V1,1783861200,2026-07-12T13:00:00+00:00,63982.16,64062.0,63950.0,63980.52,56.85630444265238,64011.405999999995,63644.82021531036,63245.6765,210.3307142857141,False,RSI_NOT_BELOW_35|CLOSE_NOT_NEAR_OR_BELOW_LOWER_BB
2026-07-14T09:00:59.543583+00:00,MR_TARGET_1R_V1,BTC,BTCUSDT,strategy-lab-v1.0.0:MR_TARGET_1R_V1,1783864800,2026-07-12T14:00:00+00:00,63980.52,64250.56,63917.39,64158.64,61.07045949250055,64005.2385,63653.20808192294,63254.2956,217.84571428571402,False,RSI_NOT_BELOW_35|CLOSE_NOT_NEAR_OR_BELOW_LOWER_BB
2026-07-14T09:00:59.543583+00:00,MR_TARGET_1R_V1,BTC,BTCUSDT,strategy-lab-v1.0.0:MR_TARGET_1R_V1,1783868400,2026-07-12T15:00:00+00:00,64158.65,64224.5,64075.05,64136.52,51.82930310902995,63999.76499999999,63659.6763528203,63262.42005,202.5307142857138,False,RSI_NOT_BELOW_35|CLOSE_NOT_NEAR_OR_BELOW_LOWER_BB
2026-07-14T09:00:59.543583+00:00,MR_TARGET_1R_V1,BTC,BTCUSDT,strategy-lab-v1.0.0:MR_TARGET_1R_V1,1783872000,2026-07-12T16:00:00+00:00,64136.53,64172.16,64000.01,64131.78,53.71874537653495,63989.4985,63679.71801951179,63270.603500000005,207.41214285714264,False,RSI_NOT_BELOW_35|CLOSE_NOT_NEAR_OR_BELOW_LOWER_BB
2026-07-14T09:00:59.543583+00:00,MR_TARGET_1R_V1,BTC,BTCUSDT,strategy-lab-v1.0.0:MR_TARGET_1R_V1,1783875600,2026-07-12T17:00:00+00:00,64131.79,64138.66,63979.51,64034.91,44.44658029295317,63975.7245,63701.82082404894,63278.6328,205.15071428571432,False,RSI_NOT_BELOW_35|CLOSE_NOT_NEAR_OR_BELOW_LOWER_BB
2026-07-14T09:00:59.543583+00:00,MR_TARGET_1R_V1,BTC,BTCUSDT,strategy-lab-v1.0.0:MR_TARGET_1R_V1,1783879200,2026-07-12T18:00:00+00:00,64034.91,64116.11,63972.55,64109.19,56.35485598769808,63973.280000000006,63705.11731870281,63286.92835,193.56571428571417,False,RSI_NOT_BELOW_35|CLOSE_NOT_NEAR_OR_BELOW_LOWER_BB
2026-07-14T09:00:59.543583+00:00,MR_TARGET_1R_V1,BTC,BTCUSDT,strategy-lab-v1.0.0:MR_TARGET_1R_V1,1783882800,2026-07-12T19:00:00+00:00,64109.19,64232.49,64104.01,64193.87,61.1205559656004,63994.321500000005,63726.26735835786,63295.755099999995,193.9028571428571,False,RSI_NOT_BELOW_35|CLOSE_NOT_NEAR_OR_BELOW_LOWER_BB
2026-07-14T09:00:59.543583+00:00,MR_TARGET_1R_V1,BTC,BTCUSDT,strategy-lab-v1.0.0:MR_TARGET_1R_V1,1783886400,2026-07-12T20:00:00+00:00,64193.87,64219.68,64130.1,64161.74,71.76129226994289,64013.04,63753.24873755933,63303.540499999996,176.19571428571413,False,RSI_NOT_BELOW_35|CLOSE_NOT_NEAR_OR_BELOW_LOWER_BB
2026-07-14T09:00:59.543583+00:00,MR_TARGET_1R_V1,BTC,BTCUSDT,strategy-lab-v1.0.0:MR_TARGET_1R_V1,1783890000,2026-07-12T21:00:00+00:00,64161.74,64198.28,63842.46,63883.78,51.704023672664235,64002.96599999999,63739.55749220931,63310.269400000005,189.56499999999974,False,RSI_NOT_BELOW_35|CLOSE_NOT_NEAR_OR_BELOW_LOWER_BB
2026-07-14T09:00:59.543583+00:00,MR_TARGET_1R_V1,BTC,BTCUSDT,strategy-lab-v1.0.0:MR_TARGET_1R_V1,1783893600,2026-07-12T22:00:00+00:00,63883.78,63890.43,63625.0,63845.6,45.773992700207465,63993.683999999994,63721.962915693846,63316.27335,192.54714285714257,False,RSI_NOT_BELOW_35|CLOSE_NOT_NEAR_OR_BELOW_LOWER_BB
2026-07-14T09:00:59.543583+00:00,MR_TARGET_1R_V1,BTC,BTCUSDT,strategy-lab-v1.0.0:MR_TARGET_1R_V1,1783897200,2026-07-12T23:00:00+00:00,63845.6,63879.74,63688.0,63740.32,42.7015614177105,63971.732,63692.718856323045,63320.56885000001,186.11857142857116,False,RSI_NOT_BELOW_35|CLOSE_NOT_NEAR_OR_BELOW_LOWER_BB
2026-07-14T09:00:59.543583+00:00,MR_TARGET_1R_V1,BTC,BTCUSDT,strategy-lab-v1.0.0:MR_TARGET_1R_V1,1783900800,2026-07-13T00:00:00+00:00,63740.32,64388.01,63520.0,64024.78,57.89856442627955,63974.86750000001,63694.951162292644,63326.36335,238.8635714285712,False,RSI_NOT_BELOW_35|CLOSE_NOT_NEAR_OR_BELOW_LOWER_BB
2026-07-14T09:00:59.543583+00:00,MR_TARGET_1R_V1,BTC,BTCUSDT,strategy-lab-v1.0.0:MR_TARGET_1R_V1,1783904400,2026-07-13T01:00:00+00:00,64024.78,64024.78,63354.98,63368.77,34.03468850322365,63947.02200000001,63562.0043088422,63327.101449999995,271.32142857142804,True,
2026-07-14T09:00:59.543583+00:00,MR_TARGET_1R_V1,BTC,BTCUSDT,strategy-lab-v1.0.0:MR_TARGET_1R_V1,1783908000,2026-07-13T02:00:00+00:00,63368.77,63503.44,63186.42,63326.94,32.741926987304424,63927.6315,63466.28029160071,63328.16945,282.52571428571383,False,OPEN_TRADE_EXISTS|CLOSE_NOT_ABOVE_MA200
2026-07-14T09:00:59.543583+00:00,MR_TARGET_1R_V1,BTC,BTCUSDT,strategy-lab-v1.0.0:MR_TARGET_1R_V1,1783911600,2026-07-13T03:00:00+00:00,63326.94,63335.35,62686.15,62758.58,25.214399883165314,63873.3755,63185.62738772381,63325.79245,320.89714285714217,False,CLOSE_NOT_ABOVE_MA200
2026-07-14T09:00:59.543583+00:00,MR_TARGET_1R_V1,BTC,BTCUSDT,strategy-lab-v1.0.0:MR_TARGET_1R_V1,1783915200,2026-07-13T04:00:00+00:00,62758.57,62857.38,62564.02,62624.46,18.31542077306254,63807.59450000001,62931.94788562898,63323.01195,318.05357142857093,False,CLOSE_NOT_ABOVE_MA200
2026-07-14T09:00:59.543583+00:00,MR_TARGET_1R_V1,BTC,BTCUSDT,strategy-lab-v1.0.0:MR_TARGET_1R_V1,1783918800,2026-07-13T05:00:00+00:00,62624.47,62867.23,62461.0,62754.53,22.676820998271992,63749.559499999996,62763.27524258765,63320.59465,336.3949999999999,False,CLOSE_NOT_ABOVE_MA200
2026-07-14T09:00:59.543583+00:00,MR_TARGET_1R_V1,BTC,BTCUSDT,strategy-lab-v1.0.0:MR_TARGET_1R_V1,1783922400,2026-07-13T06:00:00+00:00,62754.53,62828.01,62660.4,62747.03,22.652099552479882,63696.532999999996,62618.64169486557,63318.629850000005,336.07071428571413,False,CLOSE_NOT_NEAR_OR_BELOW_LOWER_BB|CLOSE_NOT_ABOVE_MA200
2026-07-14T09:00:59.543583+00:00,MR_TARGET_1R_V1,BTC,BTCUSDT,strategy-lab-v1.0.0:MR_TARGET_1R_V1,1783926000,2026-07-13T07:00:00+00:00,62749.0,63009.49,62695.51,62935.57,29.047419379431204,63644.9845,62525.854098420554,63317.87545,347.1299999999995,False,CLOSE_NOT_NEAR_OR_BELOW_LOWER_BB|CLOSE_NOT_ABOVE_MA200
2026-07-14T09:00:59.543583+00:00,MR_TARGET_1R_V1,BTC,BTCUSDT,strategy-lab-v1.0.0:MR_TARGET_1R_V1,1783929600,2026-07-13T08:00:00+00:00,62935.58,63226.0,62877.5,63142.5,32.462400899838514,63603.0015,62474.6561461427,63318.93520000001,361.7685714285711,False,CLOSE_NOT_NEAR_OR_BELOW_LOWER_BB|CLOSE_NOT_ABOVE_MA200
2026-07-14T09:00:59.543583+00:00,MR_TARGET_1R_V1,BTC,BTCUSDT,strategy-lab-v1.0.0:MR_TARGET_1R_V1,1783933200,2026-07-13T09:00:00+00:00,63142.5,63147.0,63021.71,63039.0,29.190556674727077,63555.9255,62416.00702339768,63319.97180000001,361.5407142857143,False,CLOSE_NOT_NEAR_OR_BELOW_LOWER_BB|CLOSE_NOT_ABOVE_MA200
2026-07-14T09:00:59.543583+00:00,MR_TARGET_1R_V1,BTC,BTCUSDT,strategy-lab-v1.0.0:MR_TARGET_1R_V1,1783936800,2026-07-13T10:00:00+00:00,63039.0,63090.09,62790.0,62801.79,27.18166412188127,63488.083,62338.25917399694,63320.78085,376.57714285714246,False,CLOSE_NOT_NEAR_OR_BELOW_LOWER_BB|CLOSE_NOT_ABOVE_MA200
2026-07-14T09:00:59.543583+00:00,MR_TARGET_1R_V1,BTC,BTCUSDT,strategy-lab-v1.0.0:MR_TARGET_1R_V1,1783940400,2026-07-13T11:00:00+00:00,62801.8,63067.73,62801.8,62842.97,31.029064913949952,63423.40550000001,62281.25745233749,63321.43965,370.1571428571427,False,CLOSE_NOT_NEAR_OR_BELOW_LOWER_BB|CLOSE_NOT_ABOVE_MA200
2026-07-14T09:00:59.543583+00:00,MR_TARGET_1R_V1,BTC,BTCUSDT,strategy-lab-v1.0.0:MR_TARGET_1R_V1,1783944000,2026-07-13T12:00:00+00:00,62842.97,62928.0,62503.64,62561.5,28.501302545488656,63344.891500000005,62192.475905810454,63320.4591,381.5092857142855,False,CLOSE_NOT_NEAR_OR_BELOW_LOWER_BB|CLOSE_NOT_ABOVE_MA200
2026-07-14T09:00:59.543583+00:00,MR_TARGET_1R_V1,BTC,BTCUSDT,strategy-lab-v1.0.0:MR_TARGET_1R_V1,1783947600,2026-07-13T13:00:00+00:00,62561.5,62700.0,62088.0,62247.45,26.639083884415186,63255.51849999999,62054.78454431654,63318.2964,411.5278571428571,False,CLOSE_NOT_NEAR_OR_BELOW_LOWER_BB|CLOSE_NOT_ABOVE_MA200
2026-07-14T09:00:59.543583+00:00,MR_TARGET_1R_V1,BTC,BTCUSDT,strategy-lab-v1.0.0:MR_TARGET_1R_V1,1783951200,2026-07-13T14:00:00+00:00,62247.45,62728.08,62033.0,62716.19,30.639353042305046,63185.868500000004,62030.5410215199,63318.267049999995,399.1757142857142,False,CLOSE_NOT_NEAR_OR_BELOW_LOWER_BB|CLOSE_NOT_ABOVE_MA200
2026-07-14T09:00:59.543583+00:00,MR_TARGET_1R_V1,BTC,BTCUSDT,strategy-lab-v1.0.0:MR_TARGET_1R_V1,1783954800,2026-07-13T15:00:00+00:00,62716.27,62908.0,62493.34,62540.62,35.71697130459093,63103.20599999999,62013.47899406862,63316.17795,380.95142857142906,False,RSI_NOT_BELOW_35|CLOSE_NOT_NEAR_OR_BELOW_LOWER_BB|CLOSE_NOT_ABOVE_MA200
2026-07-14T09:00:59.543583+00:00,MR_TARGET_1R_V1,BTC,BTCUSDT,strategy-lab-v1.0.0:MR_TARGET_1R_V1,1783958400,2026-07-13T16:00:00+00:00,62538.66,62567.99,62140.9,62204.34,32.423783160900825,63005.335999999996,61962.89464854845,63312.90795,388.8135714285714,False,CLOSE_NOT_NEAR_OR_BELOW_LOWER_BB|CLOSE_NOT_ABOVE_MA200
2026-07-14T09:00:59.543583+00:00,MR_TARGET_1R_V1,BTC,BTCUSDT,strategy-lab-v1.0.0:MR_TARGET_1R_V1,1783962000,2026-07-13T17:00:00+00:00,62203.43,62299.42,61820.83,61830.0,34.52108684780802,62902.64700000001,61822.62199163951,63309.2285,376.62714285714276,False,CLOSE_NOT_NEAR_OR_BELOW_LOWER_BB|CLOSE_NOT_ABOVE_MA200
2026-07-14T09:00:59.543583+00:00,MR_TARGET_1R_V1,BTC,BTCUSDT,strategy-lab-v1.0.0:MR_TARGET_1R_V1,1783965600,2026-07-13T18:00:00+00:00,61831.55,62032.44,61750.9,61950.68,38.717909218167144,62807.901,61743.02402945549,63305.477999999996,375.7828571428571,False,RSI_NOT_BELOW_35|CLOSE_NOT_NEAR_OR_BELOW_LOWER_BB|CLOSE_NOT_ABOVE_MA200
2026-07-14T09:00:59.543583+00:00,MR_TARGET_1R_V1,BTC,BTCUSDT,strategy-lab-v1.0.0:MR_TARGET_1R_V1,1783969200,2026-07-13T19:00:00+00:00,61950.68,62225.07,61907.48,62210.67,41.273050533058644,62731.41849999999,61727.41620601307,63303.4813,369.45142857142804,False,RSI_NOT_BELOW_35|CLOSE_NOT_NEAR_OR_BELOW_LOWER_BB|CLOSE_NOT_ABOVE_MA200
2026-07-14T09:00:59.543583+00:00,MR_TARGET_1R_V1,BTC,BTCUSDT,strategy-lab-v1.0.0:MR_TARGET_1R_V1,1783972800,2026-07-13T20:00:00+00:00,62212.52,62261.51,61976.39,62141.0,40.46567971933362,62637.229499999994,61795.98260250856,63300.7242,377.84499999999963,False,RSI_NOT_BELOW_35|CLOSE_NOT_NEAR_OR_BELOW_LOWER_BB|CLOSE_NOT_ABOVE_MA200
2026-07-14T09:00:59.543583+00:00,MR_TARGET_1R_V1,BTC,BTCUSDT,strategy-lab-v1.0.0:MR_TARGET_1R_V1,1783976400,2026-07-13T21:00:00+00:00,62140.99,62158.29,61833.2,61997.89,35.034091779667534,62568.6855,61754.05434332912,63297.01965,378.6385714285716,False,RSI_NOT_BELOW_35|CLOSE_NOT_NEAR_OR_BELOW_LOWER_BB|CLOSE_NOT_ABOVE_MA200
2026-07-14T09:00:59.543583+00:00,MR_TARGET_1R_V1,BTC,BTCUSDT,strategy-lab-v1.0.0:MR_TARGET_1R_V1,1783980000,2026-07-13T22:00:00+00:00,61997.9,62162.2,61819.58,61840.89,28.88909072625775,62494.382999999994,61699.0920117423,63292.42975,378.21857142857124,False,CLOSE_NOT_NEAR_OR_BELOW_LOWER_BB|CLOSE_NOT_ABOVE_MA200
2026-07-14T09:00:59.543583+00:00,MR_TARGET_1R_V1,BTC,BTCUSDT,strategy-lab-v1.0.0:MR_TARGET_1R_V1,1783983600,2026-07-13T23:00:00+00:00,61840.89,62271.83,61799.3,62264.94,38.62793608631527,62469.701,61678.10782254337,63290.3236,403.02142857142826,False,RSI_NOT_BELOW_35|CLOSE_NOT_NEAR_OR_BELOW_LOWER_BB|CLOSE_NOT_ABOVE_MA200
2026-07-14T09:00:59.543583+00:00,MR_TARGET_1R_V1,BTC,BTCUSDT,strategy-lab-v1.0.0:MR_TARGET_1R_V1,1783987200,2026-07-14T00:00:00+00:00,62264.94,62592.71,62190.4,62481.0,45.25765849937467,62462.52799999999,61674.080528862,63289.8787,410.3228571428569,False,RSI_NOT_BELOW_35|CLOSE_NOT_NEAR_OR_BELOW_LOWER_BB|CLOSE_NOT_ABOVE_MA200
2026-07-14T09:00:59.543583+00:00,MR_TARGET_1R_V1,BTC,BTCUSDT,strategy-lab-v1.0.0:MR_TARGET_1R_V1,1783990800,2026-07-14T01:00:00+00:00,62481.0,62570.0,62382.1,62459.45,44.297202131709135,62447.774,61670.77493056949,63289.31894999999,404.74857142857115,False,RSI_NOT_BELOW_35|CLOSE_NOT_NEAR_OR_BELOW_LOWER_BB|CLOSE_NOT_ABOVE_MA200
2026-07-14T09:00:59.543583+00:00,MR_TARGET_1R_V1,BTC,BTCUSDT,strategy-lab-v1.0.0:MR_TARGET_1R_V1,1783994400,2026-07-14T02:00:00+00:00,62459.45,62570.19,62242.73,62476.16,48.622570856737106,62434.230500000005,61669.21797028636,63287.8768,397.82714285714246,False,RSI_NOT_BELOW_35|CLOSE_NOT_NEAR_OR_BELOW_LOWER_BB|CLOSE_NOT_ABOVE_MA200
2026-07-14T09:00:59.543583+00:00,MR_TARGET_1R_V1,BTC,BTCUSDT,strategy-lab-v1.0.0:MR_TARGET_1R_V1,1783998000,2026-07-14T03:00:00+00:00,62476.16,62535.53,62226.36,62500.0,54.49762963965539,62412.452000000005,61681.73740116961,63286.82184999999,376.19642857142804,False,RSI_NOT_BELOW_35|CLOSE_NOT_NEAR_OR_BELOW_LOWER_BB|CLOSE_NOT_ABOVE_MA200
2026-07-14T09:00:59.543583+00:00,MR_TARGET_1R_V1,BTC,BTCUSDT,strategy-lab-v1.0.0:MR_TARGET_1R_V1,1784001600,2026-07-14T04:00:00+00:00,62500.0,62700.0,62466.4,62673.76,49.15565885672667,62389.015,61726.588392155885,63286.820999999996,343.23357142857066,False,RSI_NOT_BELOW_35|CLOSE_NOT_NEAR_OR_BELOW_LOWER_BB|CLOSE_NOT_ABOVE_MA200
2026-07-14T09:00:59.543583+00:00,MR_TARGET_1R_V1,BTC,BTCUSDT,strategy-lab-v1.0.0:MR_TARGET_1R_V1,1784005200,2026-07-14T05:00:00+00:00,62671.68,62806.0,62620.39,62654.02,52.40582489668093,62369.766,61764.062817957965,63284.91649999999,326.87285714285616,False,RSI_NOT_BELOW_35|CLOSE_NOT_NEAR_OR_BELOW_LOWER_BB|CLOSE_NOT_ABOVE_MA200
2026-07-14T09:00:59.543583+00:00,MR_TARGET_1R_V1,BTC,BTCUSDT,strategy-lab-v1.0.0:MR_TARGET_1R_V1,1784008800,2026-07-14T06:00:00+00:00,62654.01,62700.1,62478.75,62546.34,58.035034630529346,62356.9935,61778.088908645914,63279.25665,312.17714285714203,False,RSI_NOT_BELOW_35|CLOSE_NOT_NEAR_OR_BELOW_LOWER_BB|CLOSE_NOT_ABOVE_MA200
2026-07-14T09:00:59.543583+00:00,MR_TARGET_1R_V1,BTC,BTCUSDT,strategy-lab-v1.0.0:MR_TARGET_1R_V1,1784012400,2026-07-14T07:00:00+00:00,62546.34,62575.1,62427.27,62467.62,67.39697472388355,62338.226,61800.69957045832,63273.69255,288.5514285714281,False,RSI_NOT_BELOW_35|CLOSE_NOT_NEAR_OR_BELOW_LOWER_BB|CLOSE_NOT_ABOVE_MA200
2026-07-14T09:00:59.543583+00:00,MR_TARGET_1R_V1,BTC,BTCUSDT,strategy-lab-v1.0.0:MR_TARGET_1R_V1,1784016000,2026-07-14T08:00:00+00:00,62467.63,62721.92,62400.35,62640.96,68.30767761852724,62342.199,61797.01018621542,63268.40995,291.41071428571377,False,RSI_NOT_BELOW_35|CLOSE_NOT_NEAR_OR_BELOW_LOWER_BB|CLOSE_NOT_ABOVE_MA200
2026-07-14T09:00:59.543583+00:00,MR_TARGET_1R_V1,ETH,ETHUSDT,strategy-lab-v1.0.0:MR_TARGET_1R_V1,1783800000,2026-07-11T20:00:00+00:00,1823.4,1827.65,1822.73,1824.85,81.01061375173043,1804.9615000000001,1780.8984376221579,1769.4544,8.245714285714273,False,RSI_NOT_BELOW_35|CLOSE_NOT_NEAR_OR_BELOW_LOWER_BB
2026-07-14T09:00:59.543583+00:00,MR_TARGET_1R_V1,ETH,ETHUSDT,strategy-lab-v1.0.0:MR_TARGET_1R_V1,1783803600,2026-07-11T21:00:00+00:00,1824.85,1828.09,1821.61,1822.72,76.85433422698848,1806.702,1782.7889127045476,1769.8366999999998,8.437857142857135,False,RSI_NOT_BELOW_35|CLOSE_NOT_NEAR_OR_BELOW_LOWER_BB
2026-07-14T09:00:59.543583+00:00,MR_TARGET_1R_V1,ETH,ETHUSDT,strategy-lab-v1.0.0:MR_TARGET_1R_V1,1783807200,2026-07-11T22:00:00+00:00,1822.71,1823.05,1808.06,1812.78,61.76304388773783,1807.627,1784.2830405243685,1770.2236000000003,9.22071428571428,False,RSI_NOT_BELOW_35|CLOSE_NOT_NEAR_OR_BELOW_LOWER_BB
2026-07-14T09:00:59.543583+00:00,MR_TARGET_1R_V1,ETH,ETHUSDT,strategy-lab-v1.0.0:MR_TARGET_1R_V1,1783810800,2026-07-11T23:00:00+00:00,1812.8,1814.76,1785.35,1786.81,45.059777380788745,1807.208,1782.7136760860824,1770.51055,10.755714285714296,False,RSI_NOT_BELOW_35|CLOSE_NOT_NEAR_OR_BELOW_LOWER_BB
2026-07-14T09:00:59.543583+00:00,MR_TARGET_1R_V1,ETH,ETHUSDT,strategy-lab-v1.0.0:MR_TARGET_1R_V1,1783814400,2026-07-12T00:00:00+00:00,1786.81,1789.93,1778.55,1787.73,43.6742744435052,1806.8349999999998,1781.4104563462795,1770.7893,11.282142857142876,False,RSI_NOT_BELOW_35|CLOSE_NOT_NEAR_OR_BELOW_LOWER_BB
2026-07-14T09:00:59.543583+00:00,MR_TARGET_1R_V1,ETH,ETHUSDT,strategy-lab-v1.0.0:MR_TARGET_1R_V1,1783818000,2026-07-12T01:00:00+00:00,1787.74,1808.43,1786.99,1805.58,53.83371824480363,1807.218,1782.1134142834437,1771.1334,12.532142857142876,False,RSI_NOT_BELOW_35|CLOSE_NOT_NEAR_OR_BELOW_LOWER_BB
2026-07-14T09:00:59.543583+00:00,MR_TARGET_1R_V1,ETH,ETHUSDT,strategy-lab-v1.0.0:MR_TARGET_1R_V1,1783821600,2026-07-12T02:00:00+00:00,1805.58,1806.57,1802.01,1803.96,52.96523517382415,1807.5175,1782.7203381664367,1771.4673,12.630714285714296,False,RSI_NOT_BELOW_35|CLOSE_NOT_NEAR_OR_BELOW_LOWER_BB
2026-07-14T09:00:59.543583+00:00,MR_TARGET_1R_V1,ETH,ETHUSDT,strategy-lab-v1.0.0:MR_TARGET_1R_V1,1783825200,2026-07-12T03:00:00+00:00,1803.86,1812.49,1801.51,1810.43,54.84293193717284,1808.105,1783.6183738542868,1771.80195,12.694285714285732,False,RSI_NOT_BELOW_35|CLOSE_NOT_NEAR_OR_BELOW_LOWER_BB
2026-07-14T09:00:59.543583+00:00,MR_TARGET_1R_V1,ETH,ETHUSDT,strategy-lab-v1.0.0:MR_TARGET_1R_V1,1783828800,2026-07-12T04:00:00+00:00,1810.43,1811.41,1803.0,1804.8,47.28169487725583,1808.3305,1784.0537370568084,1772.004,12.230714285714319,False,RSI_NOT_BELOW_35|CLOSE_NOT_NEAR_OR_BELOW_LOWER_BB
2026-07-14T09:00:59.543583+00:00,MR_TARGET_1R_V1,ETH,ETHUSDT,strategy-lab-v1.0.0:MR_TARGET_1R_V1,1783832400,2026-07-12T05:00:00+00:00,1804.8,1806.03,1800.11,1802.17,43.55535348942945,1808.739,1785.1760749693524,1772.2068,11.312857142857183,False,RSI_NOT_BELOW_35|CLOSE_NOT_NEAR_OR_BELOW_LOWER_BB
2026-07-14T09:00:59.543583+00:00,MR_TARGET_1R_V1,ETH,ETHUSDT,strategy-lab-v1.0.0:MR_TARGET_1R_V1,1783836000,2026-07-12T06:00:00+00:00,1802.16,1802.16,1788.34,1794.02,34.0294419719274,1808.6045000000001,1784.7396828207316,1772.3982500000002,11.332857142857197,False,CLOSE_NOT_NEAR_OR_BELOW_LOWER_BB
2026-07-14T09:00:59.543583+00:00,MR_TARGET_1R_V1,ETH,ETHUSDT,strategy-lab-v1.0.0:MR_TARGET_1R_V1,1783839600,2026-07-12T07:00:00+00:00,1794.02,1798.0,1793.09,1797.7,35.79520213238564,1808.5425,1784.5713666308845,1772.60605,10.865000000000057,False,RSI_NOT_BELOW_35|CLOSE_NOT_NEAR_OR_BELOW_LOWER_BB
2026-07-14T09:00:59.543583+00:00,MR_TARGET_1R_V1,ETH,ETHUSDT,strategy-lab-v1.0.0:MR_TARGET_1R_V1,1783843200,2026-07-12T08:00:00+00:00,1797.69,1807.84,1797.32,1803.92,38.754105307765634,1808.8015,1785.1498063819963,1772.84115,11.138571428571481,False,RSI_NOT_BELOW_35|CLOSE_NOT_NEAR_OR_BELOW_LOWER_BB
2026-07-14T09:00:59.543583+00:00,MR_TARGET_1R_V1,ETH,ETHUSDT,strategy-lab-v1.0.0:MR_TARGET_1R_V1,1783846800,2026-07-12T09:00:00+00:00,1803.92,1804.8,1795.29,1801.33,38.40823183536322,1808.7904999999998,1785.1251257371678,1773.1172,11.23285714285719,False,RSI_NOT_BELOW_35|CLOSE_NOT_NEAR_OR_BELOW_LOWER_BB
2026-07-14T09:00:59.543583+00:00,MR_TARGET_1R_V1,ETH,ETHUSDT,strategy-lab-v1.0.0:MR_TARGET_1R_V1,1783850400,2026-07-12T10:00:00+00:00,1801.32,1801.32,1797.91,1798.33,36.30165289256201,1808.2245000000003,1784.1308249171093,1773.3710999999998,11.125714285714318,False,RSI_NOT_BELOW_35|CLOSE_NOT_NEAR_OR_BELOW_LOWER_BB
2026-07-14T09:00:59.543583+00:00,MR_TARGET_1R_V1,ETH,ETHUSDT,strategy-lab-v1.0.0:MR_TARGET_1R_V1,1783854000,2026-07-12T11:00:00+00:00,1798.33,1805.59,1795.28,1802.65,39.862612385089484,1807.6815000000001,1783.5992764523307,1773.6238,11.39928571428574,False,RSI_NOT_BELOW_35|CLOSE_NOT_NEAR_OR_BELOW_LOWER_BB
2026-07-14T09:00:59.543583+00:00,MR_TARGET_1R_V1,ETH,ETHUSDT,strategy-lab-v1.0.0:MR_TARGET_1R_V1,1783857600,2026-07-12T12:00:00+00:00,1802.64,1808.33,1801.89,1805.99,46.32535988743374,1806.8805,1783.7094374650205,1773.8543,10.788571428571442,False,RSI_NOT_BELOW_35|CLOSE_NOT_NEAR_OR_BELOW_LOWER_BB
2026-07-14T09:00:59.543583+00:00,MR_TARGET_1R_V1,ETH,ETHUSDT,strategy-lab-v1.0.0:MR_TARGET_1R_V1,1783861200,2026-07-12T13:00:00+00:00,1805.98,1808.64,1804.2,1804.8,63.30424493418128,1805.9564999999998,1784.0348209812764,1774.1053,9.005000000000011,False,RSI_NOT_BELOW_35|CLOSE_NOT_NEAR_OR_BELOW_LOWER_BB
2026-07-14T09:00:59.543583+00:00,MR_TARGET_1R_V1,ETH,ETHUSDT,strategy-lab-v1.0.0:MR_TARGET_1R_V1,1783864800,2026-07-12T14:00:00+00:00,1804.86,1821.4,1803.2,1818.51,69.14179104477603,1805.6245,1784.697027649046,1774.4317999999998,9.492142857142865,False,RSI_NOT_BELOW_35|CLOSE_NOT_NEAR_OR_BELOW_LOWER_BB
2026-07-14T09:00:59.543583+00:00,MR_TARGET_1R_V1,ETH,ETHUSDT,strategy-lab-v1.0.0:MR_TARGET_1R_V1,1783868400,2026-07-12T15:00:00+00:00,1818.47,1825.46,1815.41,1819.96,61.23437500000001,1805.452,1785.063851874191,1774.7474,8.678571428571429,False,RSI_NOT_BELOW_35|CLOSE_NOT_NEAR_OR_BELOW_LOWER_BB
2026-07-14T09:00:59.543583+00:00,MR_TARGET_1R_V1,ETH,ETHUSDT,strategy-lab-v1.0.0:MR_TARGET_1R_V1,1783872000,2026-07-12T16:00:00+00:00,1819.96,1823.23,1816.39,1820.68,63.24881141045948,1805.2434999999998,1785.5807277895526,1775.0467999999998,8.841428571428569,False,RSI_NOT_BELOW_35|CLOSE_NOT_NEAR_OR_BELOW_LOWER_BB
2026-07-14T09:00:59.543583+00:00,MR_TARGET_1R_V1,ETH,ETHUSDT,strategy-lab-v1.0.0:MR_TARGET_1R_V1,1783875600,2026-07-12T17:00:00+00:00,1820.69,1821.25,1814.17,1817.2,55.63134253867902,1804.9675000000002,1786.1572401666024,1775.3502,8.562857142857135,False,RSI_NOT_BELOW_35|CLOSE_NOT_NEAR_OR_BELOW_LOWER_BB
2026-07-14T09:00:59.543583+00:00,MR_TARGET_1R_V1,ETH,ETHUSDT,strategy-lab-v1.0.0:MR_TARGET_1R_V1,1783879200,2026-07-12T18:00:00+00:00,1817.32,1821.33,1814.07,1820.4,63.52288488210818,1805.3484999999996,1785.633769187738,1775.6641499999998,8.48071428571427,False,RSI_NOT_BELOW_35|CLOSE_NOT_NEAR_OR_BELOW_LOWER_BB
2026-07-14T09:00:59.543583+00:00,MR_TARGET_1R_V1,ETH,ETHUSDT,strategy-lab-v1.0.0:MR_TARGET_1R_V1,1783882800,2026-07-12T19:00:00+00:00,1820.43,1822.46,1817.48,1820.39,66.5455866327641,1807.0275000000001,1788.2150414950645,1775.9829499999998,8.41357142857141,False,RSI_NOT_BELOW_35|CLOSE_NOT_NEAR_OR_BELOW_LOWER_BB
2026-07-14T09:00:59.543583+00:00,MR_TARGET_1R_V1,ETH,ETHUSDT,strategy-lab-v1.0.0:MR_TARGET_1R_V1,1783886400,2026-07-12T20:00:00+00:00,1820.39,1823.2,1817.48,1820.28,77.9242875372178,1808.6550000000002,1791.2205335613646,1776.2703,7.834285714285686,False,RSI_NOT_BELOW_35|CLOSE_NOT_NEAR_OR_BELOW_LOWER_BB
2026-07-14T09:00:59.543583+00:00,MR_TARGET_1R_V1,ETH,ETHUSDT,strategy-lab-v1.0.0:MR_TARGET_1R_V1,1783890000,2026-07-12T21:00:00+00:00,1820.39,1822.67,1810.23,1811.4,63.11757947146679,1808.946,1791.5322762167332,1776.5139,8.372142857142828,False,RSI_NOT_BELOW_35|CLOSE_NOT_NEAR_OR_BELOW_LOWER_BB
2026-07-14T09:00:59.543583+00:00,MR_TARGET_1R_V1,ETH,ETHUSDT,strategy-lab-v1.0.0:MR_TARGET_1R_V1,1783893600,2026-07-12T22:00:00+00:00,1811.45,1811.45,1795.19,1803.96,50.03742514970056,1808.9460000000004,1791.5322762167336,1776.6785,8.782142857142828,False,RSI_NOT_BELOW_35|CLOSE_NOT_NEAR_OR_BELOW_LOWER_BB
2026-07-14T09:00:59.543583+00:00,MR_TARGET_1R_V1,ETH,ETHUSDT,strategy-lab-v1.0.0:MR_TARGET_1R_V1,1783897200,2026-07-12T23:00:00+00:00,1803.85,1807.8,1799.69,1805.51,53.988549618320654,1808.7,1791.2381421377934,1776.75755,8.682142857142821,False,RSI_NOT_BELOW_35|CLOSE_NOT_NEAR_OR_BELOW_LOWER_BB
2026-07-14T09:00:59.543583+00:00,MR_TARGET_1R_V1,ETH,ETHUSDT,strategy-lab-v1.0.0:MR_TARGET_1R_V1,1783900800,2026-07-13T00:00:00+00:00,1805.56,1844.67,1803.11,1825.36,69.51624548736453,1809.7279999999998,1790.9354891512628,1776.9563500000002,11.40642857142856,False,RSI_NOT_BELOW_35|CLOSE_NOT_NEAR_OR_BELOW_LOWER_BB
2026-07-14T09:00:59.543583+00:00,MR_TARGET_1R_V1,ETH,ETHUSDT,strategy-lab-v1.0.0:MR_TARGET_1R_V1,1783904400,2026-07-13T01:00:00+00:00,1825.41,1828.84,1804.29,1805.65,51.77221172022685,1809.902,1791.3294744851462,1776.9955000000002,12.423571428571417,False,RSI_NOT_BELOW_35|CLOSE_NOT_NEAR_OR_BELOW_LOWER_BB
2026-07-14T09:00:59.543583+00:00,MR_TARGET_1R_V1,ETH,ETHUSDT,strategy-lab-v1.0.0:MR_TARGET_1R_V1,1783908000,2026-07-13T02:00:00+00:00,1805.78,1813.62,1798.05,1805.66,49.79707293075887,1810.484,1793.2579982584498,1777.06255,13.075714285714282,False,RSI_NOT_BELOW_35|CLOSE_NOT_NEAR_OR_BELOW_LOWER_BB
2026-07-14T09:00:59.543583+00:00,MR_TARGET_1R_V1,ETH,ETHUSDT,strategy-lab-v1.0.0:MR_TARGET_1R_V1,1783911600,2026-07-13T03:00:00+00:00,1805.65,1805.65,1773.83,1779.16,37.975989495404285,1809.557,1788.1829436699559,1777.0018000000002,15.03214285714286,False,RSI_NOT_BELOW_35
2026-07-14T09:00:59.543583+00:00,MR_TARGET_1R_V1,ETH,ETHUSDT,strategy-lab-v1.0.0:MR_TARGET_1R_V1,1783915200,2026-07-13T04:00:00+00:00,1779.23,1783.68,1774.77,1777.46,28.30567593277665,1808.234,1782.7479784195352,1776.9604499999998,14.368571428571434,True,
2026-07-14T09:00:59.543583+00:00,MR_TARGET_1R_V1,ETH,ETHUSDT,strategy-lab-v1.0.0:MR_TARGET_1R_V1,1783918800,2026-07-13T05:00:00+00:00,1777.56,1785.4,1772.59,1780.51,29.497973183660676,1807.193,1779.0968514383212,1776.92345,14.565714285714307,False,OPEN_TRADE_EXISTS|CLOSE_NOT_NEAR_OR_BELOW_LOWER_BB
2026-07-14T09:00:59.543583+00:00,MR_TARGET_1R_V1,ETH,ETHUSDT,strategy-lab-v1.0.0:MR_TARGET_1R_V1,1783922400,2026-07-13T06:00:00+00:00,1780.56,1782.43,1774.16,1776.36,27.75993576876745,1806.0945,1775.1269205175809,1776.8895499999999,14.66785714285717,False,OPEN_TRADE_EXISTS|CLOSE_NOT_NEAR_OR_BELOW_LOWER_BB|CLOSE_NOT_ABOVE_MA200
2026-07-14T09:00:59.543583+00:00,MR_TARGET_1R_V1,ETH,ETHUSDT,strategy-lab-v1.0.0:MR_TARGET_1R_V1,1783926000,2026-07-13T07:00:00+00:00,1776.4,1789.78,1775.01,1785.98,35.24295708073359,1805.261,1773.0933486092015,1776.9227500000002,15.217142857142887,False,OPEN_TRADE_EXISTS|RSI_NOT_BELOW_35|CLOSE_NOT_NEAR_OR_BELOW_LOWER_BB
2026-07-14T09:00:59.543583+00:00,MR_TARGET_1R_V1,ETH,ETHUSDT,strategy-lab-v1.0.0:MR_TARGET_1R_V1,1783929600,2026-07-13T08:00:00+00:00,1786.0,1792.08,1782.01,1788.7,34.94776828110159,1804.3965,1771.4341667846472,1777.0107999999998,15.41785714285717,False,OPEN_TRADE_EXISTS|CLOSE_NOT_NEAR_OR_BELOW_LOWER_BB
2026-07-14T09:00:59.543583+00:00,MR_TARGET_1R_V1,ETH,ETHUSDT,strategy-lab-v1.0.0:MR_TARGET_1R_V1,1783933200,2026-07-13T09:00:00+00:00,1788.77,1789.0,1783.32,1784.3,33.5490928981675,1803.3715,1769.2679193815375,1777.1070000000002,15.467857142857172,False,OPEN_TRADE_EXISTS|CLOSE_NOT_NEAR_OR_BELOW_LOWER_BB
2026-07-14T09:00:59.543583+00:00,MR_TARGET_1R_V1,ETH,ETHUSDT,strategy-lab-v1.0.0:MR_TARGET_1R_V1,1783936800,2026-07-13T10:00:00+00:00,1784.3,1785.24,1775.51,1778.08,31.77892918825559,1801.35,1766.2956775846403,1777.20175,15.754285714285743,False,OPEN_TRADE_EXISTS|CLOSE_NOT_NEAR_OR_BELOW_LOWER_BB
2026-07-14T09:00:59.543583+00:00,MR_TARGET_1R_V1,ETH,ETHUSDT,strategy-lab-v1.0.0:MR_TARGET_1R_V1,1783940400,2026-07-13T11:00:00+00:00,1778.09,1783.29,1778.09,1779.2,35.098111810440585,1799.3120000000004,1764.0834629313113,1777.2980499999999,15.23785714285717,False,OPEN_TRADE_EXISTS|RSI_NOT_BELOW_35|CLOSE_NOT_NEAR_OR_BELOW_LOWER_BB
2026-07-14T09:00:59.543583+00:00,MR_TARGET_1R_V1,ETH,ETHUSDT,strategy-lab-v1.0.0:MR_TARGET_1R_V1,1783944000,2026-07-13T12:00:00+00:00,1779.2,1782.92,1766.51,1770.57,34.71573743477066,1796.8065000000001,1760.8921305777199,1777.3217499999998,15.248571428571463,False,OPEN_TRADE_EXISTS|CLOSE_NOT_NEAR_OR_BELOW_LOWER_BB|CLOSE_NOT_ABOVE_MA200
2026-07-14T09:00:59.543583+00:00,MR_TARGET_1R_V1,ETH,ETHUSDT,strategy-lab-v1.0.0:MR_TARGET_1R_V1,1783947600,2026-07-13T13:00:00+00:00,1770.57,1775.01,1761.7,1769.7,33.50529709811151,1794.4315,1757.947901890712,1777.34935,15.620000000000037,False,OPEN_TRADE_EXISTS|CLOSE_NOT_NEAR_OR_BELOW_LOWER_BB|CLOSE_NOT_ABOVE_MA200
2026-07-14T09:00:59.543583+00:00,MR_TARGET_1R_V1,ETH,ETHUSDT,strategy-lab-v1.0.0:MR_TARGET_1R_V1,1783951200,2026-07-13T14:00:00+00:00,1769.75,1780.42,1760.97,1780.0,27.090909090909193,1792.4115000000002,1757.4613587842618,1777.4339000000002,14.040714285714314,False,OPEN_TRADE_EXISTS|CLOSE_NOT_NEAR_OR_BELOW_LOWER_BB
2026-07-14T09:00:59.543583+00:00,MR_TARGET_1R_V1,ETH,ETHUSDT,strategy-lab-v1.0.0:MR_TARGET_1R_V1,1783954800,2026-07-13T15:00:00+00:00,1780.05,1785.23,1773.89,1775.39,31.966626936829627,1790.1614999999997,1756.9553353464287,1777.4690500000004,13.097142857142883,False,OPEN_TRADE_EXISTS|CLOSE_NOT_NEAR_OR_BELOW_LOWER_BB|CLOSE_NOT_ABOVE_MA200
2026-07-14T09:00:59.543583+00:00,MR_TARGET_1R_V1,ETH,ETHUSDT,strategy-lab-v1.0.0:MR_TARGET_1R_V1,1783958400,2026-07-13T16:00:00+00:00,1775.39,1779.39,1765.52,1770.21,30.09992141012694,1787.658,1756.4207308491907,1777.4904999999999,12.975714285714323,False,OPEN_TRADE_EXISTS|CLOSE_NOT_NEAR_OR_BELOW_LOWER_BB|CLOSE_NOT_ABOVE_MA200
2026-07-14T09:00:59.543583+00:00,MR_TARGET_1R_V1,ETH,ETHUSDT,strategy-lab-v1.0.0:MR_TARGET_1R_V1,1783962000,2026-07-13T17:00:00+00:00,1770.21,1774.55,1751.12,1751.67,33.053877450376106,1784.6715,1751.7112061451187,1777.46655,12.375714285714318,False,CLOSE_NOT_ABOVE_MA200
2026-07-14T09:00:59.543583+00:00,MR_TARGET_1R_V1,ETH,ETHUSDT,strategy-lab-v1.0.0:MR_TARGET_1R_V1,1783965600,2026-07-13T18:00:00+00:00,1751.67,1765.61,1748.05,1763.09,42.08961796763179,1782.628,1749.6367832294693,1777.4821,12.993571428571451,False,RSI_NOT_BELOW_35|CLOSE_NOT_NEAR_OR_BELOW_LOWER_BB|CLOSE_NOT_ABOVE_MA200
2026-07-14T09:00:59.543583+00:00,MR_TARGET_1R_V1,ETH,ETHUSDT,strategy-lab-v1.0.0:MR_TARGET_1R_V1,1783969200,2026-07-13T19:00:00+00:00,1763.1,1773.48,1762.53,1772.97,46.139668236739745,1781.0010000000002,1749.5086187626255,1777.55395,12.860714285714298,False,RSI_NOT_BELOW_35|CLOSE_NOT_NEAR_OR_BELOW_LOWER_BB|CLOSE_NOT_ABOVE_MA200
2026-07-14T09:00:59.543583+00:00,MR_TARGET_1R_V1,ETH,ETHUSDT,strategy-lab-v1.0.0:MR_TARGET_1R_V1,1783972800,2026-07-13T20:00:00+00:00,1773.1,1775.29,1759.8,1765.54,44.64038042401431,1778.0100000000002,1753.3067597267045,1777.56445,13.376428571428587,False,RSI_NOT_BELOW_35|CLOSE_NOT_NEAR_OR_BELOW_LOWER_BB|CLOSE_NOT_ABOVE_MA200
2026-07-14T09:00:59.543583+00:00,MR_TARGET_1R_V1,ETH,ETHUSDT,strategy-lab-v1.0.0:MR_TARGET_1R_V1,1783976400,2026-07-13T21:00:00+00:00,1765.6,1765.62,1751.11,1759.9,36.55115511551159,1775.7224999999999,1753.3144667306522,1777.5397,13.357857142857158,False,RSI_NOT_BELOW_35|CLOSE_NOT_NEAR_OR_BELOW_LOWER_BB|CLOSE_NOT_ABOVE_MA200
2026-07-14T09:00:59.543583+00:00,MR_TARGET_1R_V1,ETH,ETHUSDT,strategy-lab-v1.0.0:MR_TARGET_1R_V1,1783980000,2026-07-13T22:00:00+00:00,1759.99,1766.6,1753.5,1755.93,33.31636289583547,1773.2359999999996,1753.832725637145,1777.4642000000001,13.574285714285727,False,CLOSE_NOT_NEAR_OR_BELOW_LOWER_BB|CLOSE_NOT_ABOVE_MA200
2026-07-14T09:00:59.543583+00:00,MR_TARGET_1R_V1,ETH,ETHUSDT,strategy-lab-v1.0.0:MR_TARGET_1R_V1,1783983600,2026-07-13T23:00:00+00:00,1755.88,1775.8,1753.7,1774.57,45.673632725655835,1773.0065,1753.7811643462273,1777.4716499999997,14.74714285714286,False,RSI_NOT_BELOW_35|CLOSE_NOT_NEAR_OR_BELOW_LOWER_BB|CLOSE_NOT_ABOVE_MA200
2026-07-14T09:00:59.543583+00:00,MR_TARGET_1R_V1,ETH,ETHUSDT,strategy-lab-v1.0.0:MR_TARGET_1R_V1,1783987200,2026-07-14T00:00:00+00:00,1774.57,1786.67,1771.36,1784.18,52.632941988950336,1773.3425,1753.589914473031,1777.5355000000002,15.1457142857143,False,RSI_NOT_BELOW_35|CLOSE_NOT_NEAR_OR_BELOW_LOWER_BB
2026-07-14T09:00:59.543583+00:00,MR_TARGET_1R_V1,ETH,ETHUSDT,strategy-lab-v1.0.0:MR_TARGET_1R_V1,1783990800,2026-07-14T01:00:00+00:00,1784.13,1792.62,1781.21,1782.95,51.61707632600259,1773.4645,1753.5072632423671,1777.5602,15.588571428571429,False,RSI_NOT_BELOW_35|CLOSE_NOT_NEAR_OR_BELOW_LOWER_BB
2026-07-14T09:00:59.543583+00:00,MR_TARGET_1R_V1,ETH,ETHUSDT,strategy-lab-v1.0.0:MR_TARGET_1R_V1,1783994400,2026-07-14T02:00:00+00:00,1782.94,1787.0,1773.24,1780.76,54.65254314674463,1773.6845,1753.5086287920394,1777.56535,15.399285714285709,False,RSI_NOT_BELOW_35|CLOSE_NOT_NEAR_OR_BELOW_LOWER_BB
2026-07-14T09:00:59.543583+00:00,MR_TARGET_1R_V1,ETH,ETHUSDT,strategy-lab-v1.0.0:MR_TARGET_1R_V1,1783998000,2026-07-14T03:00:00+00:00,1780.76,1782.02,1772.71,1781.6,55.434782608695606,1773.4655000000002,1753.7381307126316,1777.5745500000003,15.113571428571422,False,RSI_NOT_BELOW_35|CLOSE_NOT_NEAR_OR_BELOW_LOWER_BB
2026-07-14T09:00:59.543583+00:00,MR_TARGET_1R_V1,ETH,ETHUSDT,strategy-lab-v1.0.0:MR_TARGET_1R_V1,1784001600,2026-07-14T04:00:00+00:00,1781.62,1787.7,1780.31,1783.73,51.840884414174326,1773.2169999999999,1754.1493288259887,1777.6148500000002,14.252142857142855,False,RSI_NOT_BELOW_35|CLOSE_NOT_NEAR_OR_BELOW_LOWER_BB
2026-07-14T09:00:59.543583+00:00,MR_TARGET_1R_V1,ETH,ETHUSDT,strategy-lab-v1.0.0:MR_TARGET_1R_V1,1784005200,2026-07-14T05:00:00+00:00,1783.72,1791.24,1782.34,1784.89,54.85387287962395,1773.2465,1754.108636718008,1777.6130000000003,14.077857142857154,False,RSI_NOT_BELOW_35|CLOSE_NOT_NEAR_OR_BELOW_LOWER_BB
2026-07-14T09:00:59.543583+00:00,MR_TARGET_1R_V1,ETH,ETHUSDT,strategy-lab-v1.0.0:MR_TARGET_1R_V1,1784008800,2026-07-14T06:00:00+00:00,1784.88,1785.33,1779.4,1780.91,55.53486447341198,1773.3880000000001,1754.0682944121756,1777.5770499999999,13.510714285714275,False,RSI_NOT_BELOW_35|CLOSE_NOT_NEAR_OR_BELOW_LOWER_BB
2026-07-14T09:00:59.543583+00:00,MR_TARGET_1R_V1,ETH,ETHUSDT,strategy-lab-v1.0.0:MR_TARGET_1R_V1,1784012400,2026-07-14T07:00:00+00:00,1780.91,1783.82,1776.94,1778.59,66.73296867230218,1773.3574999999996,1754.07269782315,1777.5490000000002,12.328571428571406,False,RSI_NOT_BELOW_35|CLOSE_NOT_NEAR_OR_BELOW_LOWER_BB
2026-07-14T09:00:59.543583+00:00,MR_TARGET_1R_V1,ETH,ETHUSDT,strategy-lab-v1.0.0:MR_TARGET_1R_V1,1784016000,2026-07-14T08:00:00+00:00,1778.59,1787.8,1776.51,1784.1,64.09499530390438,1774.034,1754.2451340395614,1777.51025,11.880714285714264,False,RSI_NOT_BELOW_35|CLOSE_NOT_NEAR_OR_BELOW_LOWER_BB
2026-07-14T09:00:59.543583+00:00,MR_TARGET_1R_V1,SOL,SOLUSDT,strategy-lab-v1.0.0:MR_TARGET_1R_V1,1783800000,2026-07-11T20:00:00+00:00,78.08,78.22,78.05,78.12,53.14009661835771,77.95700000000001,77.51959401009755,79.8335,0.3914285714285707,False,RSI_NOT_BELOW_35|CLOSE_NOT_NEAR_OR_BELOW_LOWER_BB|CLOSE_NOT_ABOVE_MA200
2026-07-14T09:00:59.543583+00:00,MR_TARGET_1R_V1,SOL,SOLUSDT,strategy-lab-v1.0.0:MR_TARGET_1R_V1,1783803600,2026-07-11T21:00:00+00:00,78.11,78.27,78.08,78.18,56.310679611650556,77.9915,77.6004872124821,79.81675,0.3935714285714269,False,RSI_NOT_BELOW_35|CLOSE_NOT_NEAR_OR_BELOW_LOWER_BB|CLOSE_NOT_ABOVE_MA200
2026-07-14T09:00:59.543583+00:00,MR_TARGET_1R_V1,SOL,SOLUSDT,strategy-lab-v1.0.0:MR_TARGET_1R_V1,1783807200,2026-07-11T22:00:00+00:00,78.17,78.21,77.71,77.84,44.14414414414442,77.997,77.61794327600936,79.79795,0.4128571428571409,False,RSI_NOT_BELOW_35|CLOSE_NOT_NEAR_OR_BELOW_LOWER_BB|CLOSE_NOT_ABOVE_MA200
2026-07-14T09:00:59.543583+00:00,MR_TARGET_1R_V1,SOL,SOLUSDT,strategy-lab-v1.0.0:MR_TARGET_1R_V1,1783810800,2026-07-11T23:00:00+00:00,77.83,77.87,76.7,76.74,32.88590604026855,77.947,77.28633064245226,79.77595,0.4571428571428555,False,CLOSE_NOT_ABOVE_MA200
2026-07-14T09:00:59.543583+00:00,MR_TARGET_1R_V1,SOL,SOLUSDT,strategy-lab-v1.0.0:MR_TARGET_1R_V1,1783814400,2026-07-12T00:00:00+00:00,76.73,76.83,75.6,76.05,22.028985507246645,77.866,76.81024624082953,79.7489,0.5207142857142851,False,CLOSE_NOT_ABOVE_MA200
2026-07-14T09:00:59.543583+00:00,MR_TARGET_1R_V1,SOL,SOLUSDT,strategy-lab-v1.0.0:MR_TARGET_1R_V1,1783818000,2026-07-12T01:00:00+00:00,76.05,76.83,75.98,76.78,35.02415458937226,77.8185,76.66187949179404,79.72425,0.5699999999999993,False,RSI_NOT_BELOW_35|CLOSE_NOT_NEAR_OR_BELOW_LOWER_BB|CLOSE_NOT_ABOVE_MA200
2026-07-14T09:00:59.543583+00:00,MR_TARGET_1R_V1,SOL,SOLUSDT,strategy-lab-v1.0.0:MR_TARGET_1R_V1,1783821600,2026-07-12T02:00:00+00:00,76.78,76.87,76.58,76.8,35.336538461538666,77.759,76.52401174094543,79.69805000000001,0.5721428571428575,False,RSI_NOT_BELOW_35|CLOSE_NOT_NEAR_OR_BELOW_LOWER_BB|CLOSE_NOT_ABOVE_MA200
2026-07-14T09:00:59.543583+00:00,MR_TARGET_1R_V1,SOL,SOLUSDT,strategy-lab-v1.0.0:MR_TARGET_1R_V1,1783825200,2026-07-12T03:00:00+00:00,76.79,77.02,76.69,77.0,37.00234192037488,77.713,76.43755341154454,79.67105000000001,0.5657142857142858,False,RSI_NOT_BELOW_35|CLOSE_NOT_NEAR_OR_BELOW_LOWER_BB|CLOSE_NOT_ABOVE_MA200
2026-07-14T09:00:59.543583+00:00,MR_TARGET_1R_V1,SOL,SOLUSDT,strategy-lab-v1.0.0:MR_TARGET_1R_V1,1783828800,2026-07-12T04:00:00+00:00,76.99,77.03,76.55,76.66,29.370629370629487,77.64099999999999,76.30016593121941,79.64125,0.5592857142857152,False,CLOSE_NOT_NEAR_OR_BELOW_LOWER_BB|CLOSE_NOT_ABOVE_MA200
2026-07-14T09:00:59.543583+00:00,MR_TARGET_1R_V1,SOL,SOLUSDT,strategy-lab-v1.0.0:MR_TARGET_1R_V1,1783832400,2026-07-12T05:00:00+00:00,76.65,76.78,76.32,76.39,28.31460674157327,77.57249999999999,76.12708137551685,79.61035,0.52857142857143,False,CLOSE_NOT_NEAR_OR_BELOW_LOWER_BB|CLOSE_NOT_ABOVE_MA200
2026-07-14T09:00:59.543583+00:00,MR_TARGET_1R_V1,SOL,SOLUSDT,strategy-lab-v1.0.0:MR_TARGET_1R_V1,1783836000,2026-07-12T06:00:00+00:00,76.38,76.38,75.81,76.3,30.731707317073372,77.4885,75.95499062604667,79.58045,0.5171428571428588,False,CLOSE_NOT_NEAR_OR_BELOW_LOWER_BB|CLOSE_NOT_ABOVE_MA200
2026-07-14T09:00:59.543583+00:00,MR_TARGET_1R_V1,SOL,SOLUSDT,strategy-lab-v1.0.0:MR_TARGET_1R_V1,1783839600,2026-07-12T07:00:00+00:00,76.3,76.66,76.25,76.45,30.731707317073372,77.41,75.83323115200648,79.5513,0.5185714285714299,False,CLOSE_NOT_NEAR_OR_BELOW_LOWER_BB|CLOSE_NOT_ABOVE_MA200
2026-07-14T09:00:59.543583+00:00,MR_TARGET_1R_V1,SOL,SOLUSDT,strategy-lab-v1.0.0:MR_TARGET_1R_V1,1783843200,2026-07-12T08:00:00+00:00,76.43,76.78,76.42,76.65,34.03263403263426,77.3415,75.75766572836586,79.523,0.5207142857142871,False,CLOSE_NOT_NEAR_OR_BELOW_LOWER_BB|CLOSE_NOT_ABOVE_MA200
2026-07-14T09:00:59.543583+00:00,MR_TARGET_1R_V1,SOL,SOLUSDT,strategy-lab-v1.0.0:MR_TARGET_1R_V1,1783846800,2026-07-12T09:00:00+00:00,76.65,76.85,76.34,76.69,33.72365339578462,77.2705,75.70361168234527,79.4971,0.5378571428571429,False,CLOSE_NOT_NEAR_OR_BELOW_LOWER_BB|CLOSE_NOT_ABOVE_MA200
2026-07-14T09:00:59.543583+00:00,MR_TARGET_1R_V1,SOL,SOLUSDT,strategy-lab-v1.0.0:MR_TARGET_1R_V1,1783850400,2026-07-12T10:00:00+00:00,76.69,76.81,76.6,76.66,32.863849765258195,77.18199999999999,75.68886102455166,79.46985,0.5407142857142863,False,CLOSE_NOT_NEAR_OR_BELOW_LOWER_BB|CLOSE_NOT_ABOVE_MA200
2026-07-14T09:00:59.543583+00:00,MR_TARGET_1R_V1,SOL,SOLUSDT,strategy-lab-v1.0.0:MR_TARGET_1R_V1,1783854000,2026-07-12T11:00:00+00:00,76.66,77.22,76.47,76.88,35.29411764705874,77.11,75.7071600233801,79.44095,0.5807142857142864,False,RSI_NOT_BELOW_35|CLOSE_NOT_NEAR_OR_BELOW_LOWER_BB|CLOSE_NOT_ABOVE_MA200
2026-07-14T09:00:59.543583+00:00,MR_TARGET_1R_V1,SOL,SOLUSDT,strategy-lab-v1.0.0:MR_TARGET_1R_V1,1783857600,2026-07-12T12:00:00+00:00,76.88,77.18,76.73,77.13,41.80138568129323,77.07249999999999,75.71462113942262,79.40965,0.5771428571428581,False,RSI_NOT_BELOW_35|CLOSE_NOT_NEAR_OR_BELOW_LOWER_BB|CLOSE_NOT_ABOVE_MA200
2026-07-14T09:00:59.543583+00:00,MR_TARGET_1R_V1,SOL,SOLUSDT,strategy-lab-v1.0.0:MR_TARGET_1R_V1,1783861200,2026-07-12T13:00:00+00:00,77.13,77.43,77.07,77.11,55.692307692307764,77.0265,75.74108528092955,79.3787,0.519285714285716,False,RSI_NOT_BELOW_35|CLOSE_NOT_NEAR_OR_BELOW_LOWER_BB|CLOSE_NOT_ABOVE_MA200
2026-07-14T09:00:59.543583+00:00,MR_TARGET_1R_V1,SOL,SOLUSDT,strategy-lab-v1.0.0:MR_TARGET_1R_V1,1783864800,2026-07-12T14:00:00+00:00,77.11,77.65,76.92,77.5,74.5762711864407,77.0005,75.77697272200292,79.3538,0.4835714285714303,False,RSI_NOT_BELOW_35|CLOSE_NOT_NEAR_OR_BELOW_LOWER_BB|CLOSE_NOT_ABOVE_MA200
2026-07-14T09:00:59.543583+00:00,MR_TARGET_1R_V1,SOL,SOLUSDT,strategy-lab-v1.0.0:MR_TARGET_1R_V1,1783868400,2026-07-12T15:00:00+00:00,77.49,77.56,77.23,77.41,63.63636363636353,76.967,75.82989666256626,79.32765,0.44642857142857345,False,RSI_NOT_BELOW_35|CLOSE_NOT_NEAR_OR_BELOW_LOWER_BB|CLOSE_NOT_ABOVE_MA200
2026-07-14T09:00:59.543583+00:00,MR_TARGET_1R_V1,SOL,SOLUSDT,strategy-lab-v1.0.0:MR_TARGET_1R_V1,1783872000,2026-07-12T16:00:00+00:00,77.42,77.62,77.34,77.5,64.70588235294119,76.93599999999999,75.89672332846206,79.30395,0.4457142857142874,False,RSI_NOT_BELOW_35|CLOSE_NOT_NEAR_OR_BELOW_LOWER_BB|CLOSE_NOT_ABOVE_MA200
2026-07-14T09:00:59.543583+00:00,MR_TARGET_1R_V1,SOL,SOLUSDT,strategy-lab-v1.0.0:MR_TARGET_1R_V1,1783875600,2026-07-12T17:00:00+00:00,77.5,77.57,77.2,77.31,56.54008438818569,76.89250000000001,76.00312100316967,79.28235,0.4485714285714297,False,RSI_NOT_BELOW_35|CLOSE_NOT_NEAR_OR_BELOW_LOWER_BB|CLOSE_NOT_ABOVE_MA200
2026-07-14T09:00:59.543583+00:00,MR_TARGET_1R_V1,SOL,SOLUSDT,strategy-lab-v1.0.0:MR_TARGET_1R_V1,1783879200,2026-07-12T18:00:00+00:00,77.3,77.6,77.18,77.53,69.33333333333343,76.877,76.04527648824687,79.2622,0.44428571428571423,False,RSI_NOT_BELOW_35|CLOSE_NOT_NEAR_OR_BELOW_LOWER_BB|CLOSE_NOT_ABOVE_MA200
2026-07-14T09:00:59.543583+00:00,MR_TARGET_1R_V1,SOL,SOLUSDT,strategy-lab-v1.0.0:MR_TARGET_1R_V1,1783882800,2026-07-12T19:00:00+00:00,77.52,77.73,77.39,77.63,79.80769230769221,76.9215,76.03071888210236,79.24164999999999,0.43571428571428533,False,RSI_NOT_BELOW_35|CLOSE_NOT_NEAR_OR_BELOW_LOWER_BB|CLOSE_NOT_ABOVE_MA200
2026-07-14T09:00:59.543583+00:00,MR_TARGET_1R_V1,SOL,SOLUSDT,strategy-lab-v1.0.0:MR_TARGET_1R_V1,1783886400,2026-07-12T20:00:00+00:00,77.63,77.68,77.4,77.42,75.4545454545457,76.99,76.1699268325308,79.2212,0.4142857142857141,False,RSI_NOT_BELOW_35|CLOSE_NOT_NEAR_OR_BELOW_LOWER_BB|CLOSE_NOT_ABOVE_MA200
2026-07-14T09:00:59.543583+00:00,MR_TARGET_1R_V1,SOL,SOLUSDT,strategy-lab-v1.0.0:MR_TARGET_1R_V1,1783890000,2026-07-12T21:00:00+00:00,77.41,77.69,76.94,77.06,62.65560165975111,77.00399999999999,76.18920186548878,79.1986,0.4385714285714286,False,RSI_NOT_BELOW_35|CLOSE_NOT_NEAR_OR_BELOW_LOWER_BB|CLOSE_NOT_ABOVE_MA200
2026-07-14T09:00:59.543583+00:00,MR_TARGET_1R_V1,SOL,SOLUSDT,strategy-lab-v1.0.0:MR_TARGET_1R_V1,1783893600,2026-07-12T22:00:00+00:00,77.05,77.05,76.42,76.72,51.372549019607725,77.0,76.18046354565342,79.1735,0.4585714285714287,False,RSI_NOT_BELOW_35|CLOSE_NOT_NEAR_OR_BELOW_LOWER_BB|CLOSE_NOT_ABOVE_MA200
2026-07-14T09:00:59.543583+00:00,MR_TARGET_1R_V1,SOL,SOLUSDT,strategy-lab-v1.0.0:MR_TARGET_1R_V1,1783897200,2026-07-12T23:00:00+00:00,76.72,76.91,76.6,76.88,53.55805243445691,76.994,76.17279600585303,79.14705,0.4442857142857152,False,RSI_NOT_BELOW_35|CLOSE_NOT_NEAR_OR_BELOW_LOWER_BB|CLOSE_NOT_ABOVE_MA200
2026-07-14T09:00:59.543583+00:00,MR_TARGET_1R_V1,SOL,SOLUSDT,strategy-lab-v1.0.0:MR_TARGET_1R_V1,1783900800,2026-07-13T00:00:00+00:00,76.86,78.15,76.79,77.47,62.53869969040255,77.0345,76.20334477983775,79.1237,0.5264285714285718,False,RSI_NOT_BELOW_35|CLOSE_NOT_NEAR_OR_BELOW_LOWER_BB|CLOSE_NOT_ABOVE_MA200
2026-07-14T09:00:59.543583+00:00,MR_TARGET_1R_V1,SOL,SOLUSDT,strategy-lab-v1.0.0:MR_TARGET_1R_V1,1783904400,2026-07-13T01:00:00+00:00,77.48,77.61,76.22,76.26,42.65402843601905,77.02799999999999,76.17503810166986,79.09270000000001,0.5721428571428575,False,RSI_NOT_BELOW_35|CLOSE_NOT_NEAR_OR_BELOW_LOWER_BB|CLOSE_NOT_ABOVE_MA200
2026-07-14T09:00:59.543583+00:00,MR_TARGET_1R_V1,SOL,SOLUSDT,strategy-lab-v1.0.0:MR_TARGET_1R_V1,1783908000,2026-07-13T02:00:00+00:00,76.26,76.62,76.07,76.43,41.54589371980687,77.0345,76.20209444980048,79.06389999999999,0.5792857142857153,False,RSI_NOT_BELOW_35|CLOSE_NOT_NEAR_OR_BELOW_LOWER_BB|CLOSE_NOT_ABOVE_MA200
2026-07-14T09:00:59.543583+00:00,MR_TARGET_1R_V1,SOL,SOLUSDT,strategy-lab-v1.0.0:MR_TARGET_1R_V1,1783911600,2026-07-13T03:00:00+00:00,76.43,76.44,75.39,75.82,36.36363636363631,77.003,76.04612801273997,79.03395,0.6285714285714283,False,RSI_NOT_BELOW_35|CLOSE_NOT_ABOVE_MA200
2026-07-14T09:00:59.543583+00:00,MR_TARGET_1R_V1,SOL,SOLUSDT,strategy-lab-v1.0.0:MR_TARGET_1R_V1,1783915200,2026-07-13T04:00:00+00:00,75.8,76.09,75.67,75.86,31.278538812785428,76.9635,75.89311175267898,79.0037,0.6064285714285711,False,CLOSE_NOT_ABOVE_MA200
2026-07-14T09:00:59.543583+00:00,MR_TARGET_1R_V1,SOL,SOLUSDT,strategy-lab-v1.0.0:MR_TARGET_1R_V1,1783918800,2026-07-13T05:00:00+00:00,75.87,76.41,75.69,76.35,38.912133891213365,76.94649999999999,75.84882472925597,78.97585,0.634285714285714,False,RSI_NOT_BELOW_35|CLOSE_NOT_NEAR_OR_BELOW_LOWER_BB|CLOSE_NOT_ABOVE_MA200
2026-07-14T09:00:59.543583+00:00,MR_TARGET_1R_V1,SOL,SOLUSDT,strategy-lab-v1.0.0:MR_TARGET_1R_V1,1783922400,2026-07-13T06:00:00+00:00,76.36,76.56,76.23,76.34,37.65957446808511,76.93050000000001,75.80754897702396,78.9483,0.6378571428571423,False,RSI_NOT_BELOW_35|CLOSE_NOT_NEAR_OR_BELOW_LOWER_BB|CLOSE_NOT_ABOVE_MA200
2026-07-14T09:00:59.543583+00:00,MR_TARGET_1R_V1,SOL,SOLUSDT,strategy-lab-v1.0.0:MR_TARGET_1R_V1,1783926000,2026-07-13T07:00:00+00:00,76.33,76.64,76.17,76.39,39.91228070175435,76.90599999999999,75.75859597351108,78.92165,0.6450000000000001,False,RSI_NOT_BELOW_35|CLOSE_NOT_NEAR_OR_BELOW_LOWER_BB|CLOSE_NOT_ABOVE_MA200
2026-07-14T09:00:59.543583+00:00,MR_TARGET_1R_V1,SOL,SOLUSDT,strategy-lab-v1.0.0:MR_TARGET_1R_V1,1783929600,2026-07-13T08:00:00+00:00,76.39,76.84,76.31,76.66,40.56399132321033,76.88250000000001,75.73515741820373,78.8988,0.6528571428571439,False,RSI_NOT_BELOW_35|CLOSE_NOT_NEAR_OR_BELOW_LOWER_BB|CLOSE_NOT_ABOVE_MA200
2026-07-14T09:00:59.543583+00:00,MR_TARGET_1R_V1,SOL,SOLUSDT,strategy-lab-v1.0.0:MR_TARGET_1R_V1,1783933200,2026-07-13T09:00:00+00:00,76.66,76.67,76.54,76.55,38.3116883116883,76.8545,75.70340530363356,78.8777,0.6378571428571433,False,RSI_NOT_BELOW_35|CLOSE_NOT_NEAR_OR_BELOW_LOWER_BB|CLOSE_NOT_ABOVE_MA200
2026-07-14T09:00:59.543583+00:00,MR_TARGET_1R_V1,SOL,SOLUSDT,strategy-lab-v1.0.0:MR_TARGET_1R_V1,1783936800,2026-07-13T10:00:00+00:00,76.56,76.56,76.03,76.22,37.341772151898695,76.7905,75.64777562378192,78.8573,0.6557142857142862,False,RSI_NOT_BELOW_35|CLOSE_NOT_NEAR_OR_BELOW_LOWER_BB|CLOSE_NOT_ABOVE_MA200
2026-07-14T09:00:59.543583+00:00,MR_TARGET_1R_V1,SOL,SOLUSDT,strategy-lab-v1.0.0:MR_TARGET_1R_V1,1783940400,2026-07-13T11:00:00+00:00,76.22,76.5,76.22,76.28,41.216216216216196,76.73400000000001,75.60776023866897,78.83625,0.6221428571428577,False,RSI_NOT_BELOW_35|CLOSE_NOT_NEAR_OR_BELOW_LOWER_BB|CLOSE_NOT_ABOVE_MA200
2026-07-14T09:00:59.543583+00:00,MR_TARGET_1R_V1,SOL,SOLUSDT,strategy-lab-v1.0.0:MR_TARGET_1R_V1,1783944000,2026-07-13T12:00:00+00:00,76.3,76.33,75.67,75.79,39.86928104575169,76.6485,75.5083022101394,78.81255,0.6235714285714289,False,RSI_NOT_BELOW_35|CLOSE_NOT_NEAR_OR_BELOW_LOWER_BB|CLOSE_NOT_ABOVE_MA200
2026-07-14T09:00:59.543583+00:00,MR_TARGET_1R_V1,SOL,SOLUSDT,strategy-lab-v1.0.0:MR_TARGET_1R_V1,1783947600,2026-07-13T13:00:00+00:00,75.79,75.87,75.03,75.32,34.08163265306122,76.549,75.31372027459244,78.78715,0.6614285714285718,False,CLOSE_NOT_NEAR_OR_BELOW_LOWER_BB|CLOSE_NOT_ABOVE_MA200
2026-07-14T09:00:59.543583+00:00,MR_TARGET_1R_V1,SOL,SOLUSDT,strategy-lab-v1.0.0:MR_TARGET_1R_V1,1783951200,2026-07-13T14:00:00+00:00,75.31,76.11,75.28,76.08,36.29191321499015,76.4765,75.31184940861948,78.7649,0.6235714285714289,False,RSI_NOT_BELOW_35|CLOSE_NOT_NEAR_OR_BELOW_LOWER_BB|CLOSE_NOT_ABOVE_MA200
2026-07-14T09:00:59.543583+00:00,MR_TARGET_1R_V1,SOL,SOLUSDT,strategy-lab-v1.0.0:MR_TARGET_1R_V1,1783954800,2026-07-13T15:00:00+00:00,76.09,76.25,75.68,75.74,43.80952380952372,76.382,75.30354555033465,78.74045,0.5649999999999997,False,RSI_NOT_BELOW_35|CLOSE_NOT_NEAR_OR_BELOW_LOWER_BB|CLOSE_NOT_ABOVE_MA200
2026-07-14T09:00:59.543583+00:00,MR_TARGET_1R_V1,SOL,SOLUSDT,strategy-lab-v1.0.0:MR_TARGET_1R_V1,1783958400,2026-07-13T16:00:00+00:00,75.74,75.96,75.12,75.21,36.622807017543764,76.2715,75.18824056662173,78.7144,0.5857142857142839,False,RSI_NOT_BELOW_35|CLOSE_NOT_NEAR_OR_BELOW_LOWER_BB|CLOSE_NOT_ABOVE_MA200
2026-07-14T09:00:59.543583+00:00,MR_TARGET_1R_V1,SOL,SOLUSDT,strategy-lab-v1.0.0:MR_TARGET_1R_V1,1783962000,2026-07-13T17:00:00+00:00,75.22,75.39,74.44,74.51,35.91397849462376,76.144,74.87724982731281,78.6878,0.5785714285714272,False,RSI_NOT_BELOW_35|CLOSE_NOT_ABOVE_MA200
2026-07-14T09:00:59.543583+00:00,MR_TARGET_1R_V1,SOL,SOLUSDT,strategy-lab-v1.0.0:MR_TARGET_1R_V1,1783965600,2026-07-13T18:00:00+00:00,74.52,74.96,74.48,74.77,38.80903490759744,76.04650000000001,74.67615296366101,78.6598,0.5828571428571406,False,RSI_NOT_BELOW_35|CLOSE_NOT_NEAR_OR_BELOW_LOWER_BB|CLOSE_NOT_ABOVE_MA200
2026-07-14T09:00:59.543583+00:00,MR_TARGET_1R_V1,SOL,SOLUSDT,strategy-lab-v1.0.0:MR_TARGET_1R_V1,1783969200,2026-07-13T19:00:00+00:00,74.78,75.17,74.66,75.1,36.730360934182535,75.9575,74.58403904314572,78.63285,0.5678571428571411,False,RSI_NOT_BELOW_35|CLOSE_NOT_NEAR_OR_BELOW_LOWER_BB|CLOSE_NOT_ABOVE_MA200
2026-07-14T09:00:59.543583+00:00,MR_TARGET_1R_V1,SOL,SOLUSDT,strategy-lab-v1.0.0:MR_TARGET_1R_V1,1783972800,2026-07-13T20:00:00+00:00,75.1,75.26,74.52,74.72,34.05511811023612,75.82000000000001,74.53177641692015,78.6029,0.5971428571428561,False,CLOSE_NOT_NEAR_OR_BELOW_LOWER_BB|CLOSE_NOT_ABOVE_MA200
2026-07-14T09:00:59.543583+00:00,MR_TARGET_1R_V1,SOL,SOLUSDT,strategy-lab-v1.0.0:MR_TARGET_1R_V1,1783976400,2026-07-13T21:00:00+00:00,74.73,74.73,74.02,74.34,31.053604436229165,75.72399999999999,74.30202391018585,78.56875,0.6142857142857139,False,CLOSE_NOT_NEAR_OR_BELOW_LOWER_BB|CLOSE_NOT_ABOVE_MA200
2026-07-14T09:00:59.543583+00:00,MR_TARGET_1R_V1,SOL,SOLUSDT,strategy-lab-v1.0.0:MR_TARGET_1R_V1,1783980000,2026-07-13T22:00:00+00:00,74.33,74.65,74.32,74.41,28.40690978886748,75.623,74.13073862879082,78.53395,0.6000000000000004,False,CLOSE_NOT_NEAR_OR_BELOW_LOWER_BB|CLOSE_NOT_ABOVE_MA200
2026-07-14T09:00:59.543583+00:00,MR_TARGET_1R_V1,SOL,SOLUSDT,strategy-lab-v1.0.0:MR_TARGET_1R_V1,1783983600,2026-07-13T23:00:00+00:00,74.42,74.92,74.31,74.91,35.357142857142804,75.5775,74.056817587396,78.5021,0.634285714285715,False,RSI_NOT_BELOW_35|CLOSE_NOT_NEAR_OR_BELOW_LOWER_BB|CLOSE_NOT_ABOVE_MA200
2026-07-14T09:00:59.543583+00:00,MR_TARGET_1R_V1,SOL,SOLUSDT,strategy-lab-v1.0.0:MR_TARGET_1R_V1,1783987200,2026-07-14T00:00:00+00:00,74.92,75.4,74.73,75.35,42.381786339754754,75.55199999999999,74.03401976297346,78.47375,0.644285714285715,False,RSI_NOT_BELOW_35|CLOSE_NOT_NEAR_OR_BELOW_LOWER_BB|CLOSE_NOT_ABOVE_MA200
2026-07-14T09:00:59.543583+00:00,MR_TARGET_1R_V1,SOL,SOLUSDT,strategy-lab-v1.0.0:MR_TARGET_1R_V1,1783990800,2026-07-14T01:00:00+00:00,75.36,75.46,75.13,75.22,40.83044982698956,75.4955,74.01692670117335,78.4445,0.6478571428571434,False,RSI_NOT_BELOW_35|CLOSE_NOT_NEAR_OR_BELOW_LOWER_BB|CLOSE_NOT_ABOVE_MA200
2026-07-14T09:00:59.543583+00:00,MR_TARGET_1R_V1,SOL,SOLUSDT,strategy-lab-v1.0.0:MR_TARGET_1R_V1,1783994400,2026-07-14T02:00:00+00:00,75.21,75.25,74.79,74.98,42.67631103074135,75.4275,73.98590539679036,78.41475,0.6335714285714289,False,RSI_NOT_BELOW_35|CLOSE_NOT_NEAR_OR_BELOW_LOWER_BB|CLOSE_NOT_ABOVE_MA200
2026-07-14T09:00:59.543583+00:00,MR_TARGET_1R_V1,SOL,SOLUSDT,strategy-lab-v1.0.0:MR_TARGET_1R_V1,1783998000,2026-07-14T03:00:00+00:00,74.99,75.1,74.47,75.07,47.57281553398056,75.3615,73.982713939727,78.38525,0.6185714285714283,False,RSI_NOT_BELOW_35|CLOSE_NOT_NEAR_OR_BELOW_LOWER_BB|CLOSE_NOT_ABOVE_MA200
2026-07-14T09:00:59.543583+00:00,MR_TARGET_1R_V1,SOL,SOLUSDT,strategy-lab-v1.0.0:MR_TARGET_1R_V1,1784001600,2026-07-14T04:00:00+00:00,75.07,75.26,74.95,75.05,38.32199546485243,75.28099999999999,74.03307532278458,78.35545,0.5814285714285715,False,RSI_NOT_BELOW_35|CLOSE_NOT_NEAR_OR_BELOW_LOWER_BB|CLOSE_NOT_ABOVE_MA200
2026-07-14T09:00:59.543583+00:00,MR_TARGET_1R_V1,SOL,SOLUSDT,strategy-lab-v1.0.0:MR_TARGET_1R_V1,1784005200,2026-07-14T05:00:00+00:00,75.05,75.4,75.01,75.32,45.16129032258054,75.2195,74.11477424217446,78.32345000000001,0.5685714285714292,False,RSI_NOT_BELOW_35|CLOSE_NOT_NEAR_OR_BELOW_LOWER_BB|CLOSE_NOT_ABOVE_MA200
2026-07-14T09:00:59.543583+00:00,MR_TARGET_1R_V1,SOL,SOLUSDT,strategy-lab-v1.0.0:MR_TARGET_1R_V1,1784008800,2026-07-14T06:00:00+00:00,75.31,75.35,75.01,75.06,48.157248157248226,75.1615,74.15559195251097,78.29,0.5328571428571435,False,RSI_NOT_BELOW_35|CLOSE_NOT_NEAR_OR_BELOW_LOWER_BB|CLOSE_NOT_ABOVE_MA200
2026-07-14T09:00:59.543583+00:00,MR_TARGET_1R_V1,SOL,SOLUSDT,strategy-lab-v1.0.0:MR_TARGET_1R_V1,1784012400,2026-07-14T07:00:00+00:00,75.04,75.16,74.8,74.88,55.21126760563375,75.0915,74.22093064606935,78.2568,0.49071428571428605,False,RSI_NOT_BELOW_35|CLOSE_NOT_NEAR_OR_BELOW_LOWER_BB|CLOSE_NOT_ABOVE_MA200
2026-07-14T09:00:59.543583+00:00,MR_TARGET_1R_V1,SOL,SOLUSDT,strategy-lab-v1.0.0:MR_TARGET_1R_V1,1784016000,2026-07-14T08:00:00+00:00,74.85,75.3,74.76,75.09,54.57142857142873,75.0565,74.24692542035757,78.22165,0.4950000000000005,False,RSI_NOT_BELOW_35|CLOSE_NOT_NEAR_OR_BELOW_LOWER_BB|CLOSE_NOT_ABOVE_MA200
2026-07-14T09:00:59.543583+00:00,MR_TARGET_1R_V1,XRP,XRPUSDT,strategy-lab-v1.0.0:MR_TARGET_1R_V1,1783800000,2026-07-11T20:00:00+00:00,1.1148,1.1158,1.1132,1.1137,67.67676767676718,1.10894,1.101234313787871,1.11946,0.004292857142857146,False,RSI_NOT_BELOW_35|CLOSE_NOT_NEAR_OR_BELOW_LOWER_BB|CLOSE_NOT_ABOVE_MA200
2026-07-14T09:00:59.543583+00:00,MR_TARGET_1R_V1,XRP,XRPUSDT,strategy-lab-v1.0.0:MR_TARGET_1R_V1,1783803600,2026-07-11T21:00:00+00:00,1.1137,1.1159,1.1133,1.114,67.99999999999983,1.109525,1.1021553663591874,1.1194785,0.004314285714285715,False,RSI_NOT_BELOW_35|CLOSE_NOT_NEAR_OR_BELOW_LOWER_BB|CLOSE_NOT_ABOVE_MA200
2026-07-14T09:00:59.543583+00:00,MR_TARGET_1R_V1,XRP,XRPUSDT,strategy-lab-v1.0.0:MR_TARGET_1R_V1,1783807200,2026-07-11T22:00:00+00:00,1.114,1.1144,1.1066,1.1083,51.01214574898817,1.109655,1.1024704401665935,1.1194645,0.004657142857142852,False,RSI_NOT_BELOW_35|CLOSE_NOT_NEAR_OR_BELOW_LOWER_BB|CLOSE_NOT_ABOVE_MA200
2026-07-14T09:00:59.543583+00:00,MR_TARGET_1R_V1,XRP,XRPUSDT,strategy-lab-v1.0.0:MR_TARGET_1R_V1,1783810800,2026-07-11T23:00:00+00:00,1.1083,1.1087,1.0959,1.0961,36.41618497109872,1.10912,1.099868492014823,1.1193495,0.005235714285714265,False,RSI_NOT_BELOW_35|CLOSE_NOT_ABOVE_MA200
2026-07-14T09:00:59.543583+00:00,MR_TARGET_1R_V1,XRP,XRPUSDT,strategy-lab-v1.0.0:MR_TARGET_1R_V1,1783814400,2026-07-12T00:00:00+00:00,1.096,1.0981,1.0885,1.0924,28.412256267409674,1.108545,1.0969376790343424,1.11924,0.0056928571428571184,False,CLOSE_NOT_ABOVE_MA200
2026-07-14T09:00:59.543583+00:00,MR_TARGET_1R_V1,XRP,XRPUSDT,strategy-lab-v1.0.0:MR_TARGET_1R_V1,1783818000,2026-07-12T01:00:00+00:00,1.0923,1.0982,1.0918,1.0981,38.59223300970902,1.1081550000000002,1.0957235117544284,1.119118,0.0059714285714285486,False,RSI_NOT_BELOW_35|CLOSE_NOT_NEAR_OR_BELOW_LOWER_BB|CLOSE_NOT_ABOVE_MA200
2026-07-14T09:00:59.543583+00:00,MR_TARGET_1R_V1,XRP,XRPUSDT,strategy-lab-v1.0.0:MR_TARGET_1R_V1,1783821600,2026-07-12T02:00:00+00:00,1.0981,1.0981,1.0942,1.0954,35.77981651376167,1.10759,1.0939745822686269,1.118965,0.0061071428571428344,False,RSI_NOT_BELOW_35|CLOSE_NOT_NEAR_OR_BELOW_LOWER_BB|CLOSE_NOT_ABOVE_MA200
2026-07-14T09:00:59.543583+00:00,MR_TARGET_1R_V1,XRP,XRPUSDT,strategy-lab-v1.0.0:MR_TARGET_1R_V1,1783825200,2026-07-12T03:00:00+00:00,1.0953,1.0991,1.0947,1.0991,40.55201698513793,1.107205,1.0930955031982077,1.1188065,0.006157142857142829,False,RSI_NOT_BELOW_35|CLOSE_NOT_NEAR_OR_BELOW_LOWER_BB|CLOSE_NOT_ABOVE_MA200
2026-07-14T09:00:59.543583+00:00,MR_TARGET_1R_V1,XRP,XRPUSDT,strategy-lab-v1.0.0:MR_TARGET_1R_V1,1783828800,2026-07-12T04:00:00+00:00,1.099,1.0994,1.0938,1.0948,30.387931034482946,1.106555,1.0914522221098306,1.1185885,0.0060714285714285375,False,CLOSE_NOT_NEAR_OR_BELOW_LOWER_BB|CLOSE_NOT_ABOVE_MA200
2026-07-14T09:00:59.543583+00:00,MR_TARGET_1R_V1,XRP,XRPUSDT,strategy-lab-v1.0.0:MR_TARGET_1R_V1,1783832400,2026-07-12T05:00:00+00:00,1.0949,1.0959,1.0931,1.0938,30.12820512820535,1.1059700000000001,1.0898752679425912,1.1183955,0.005635714285714267,False,CLOSE_NOT_NEAR_OR_BELOW_LOWER_BB|CLOSE_NOT_ABOVE_MA200
2026-07-14T09:00:59.543583+00:00,MR_TARGET_1R_V1,XRP,XRPUSDT,strategy-lab-v1.0.0:MR_TARGET_1R_V1,1783836000,2026-07-12T06:00:00+00:00,1.0937,1.0937,1.086,1.0909,28.65853658536598,1.10512,1.0877756522175153,1.1182045,0.005828571428571421,False,CLOSE_NOT_NEAR_OR_BELOW_LOWER_BB|CLOSE_NOT_ABOVE_MA200
2026-07-14T09:00:59.543583+00:00,MR_TARGET_1R_V1,XRP,XRPUSDT,strategy-lab-v1.0.0:MR_TARGET_1R_V1,1783839600,2026-07-12T07:00:00+00:00,1.0908,1.0928,1.0896,1.0908,25.26539278131655,1.104285,1.0859024784101912,1.1179890000000001,0.005649999999999996,False,CLOSE_NOT_NEAR_OR_BELOW_LOWER_BB|CLOSE_NOT_ABOVE_MA200
2026-07-14T09:00:59.543583+00:00,MR_TARGET_1R_V1,XRP,XRPUSDT,strategy-lab-v1.0.0:MR_TARGET_1R_V1,1783843200,2026-07-12T08:00:00+00:00,1.0907,1.0943,1.0904,1.0932,25.581395348837376,1.103555,1.0846370217782189,1.1177515,0.005607142857142858,False,CLOSE_NOT_NEAR_OR_BELOW_LOWER_BB|CLOSE_NOT_ABOVE_MA200
2026-07-14T09:00:59.543583+00:00,MR_TARGET_1R_V1,XRP,XRPUSDT,strategy-lab-v1.0.0:MR_TARGET_1R_V1,1783846800,2026-07-12T09:00:00+00:00,1.0932,1.0962,1.0899,1.0942,27.991452991453343,1.102865,1.0836416522166459,1.1175614999999999,0.005692857142857134,False,CLOSE_NOT_NEAR_OR_BELOW_LOWER_BB|CLOSE_NOT_ABOVE_MA200
2026-07-14T09:00:59.543583+00:00,MR_TARGET_1R_V1,XRP,XRPUSDT,strategy-lab-v1.0.0:MR_TARGET_1R_V1,1783850400,2026-07-12T10:00:00+00:00,1.0941,1.0955,1.093,1.094,28.54030501089366,1.1019150000000002,1.0829123396599376,1.1173585,0.005685714285714278,False,CLOSE_NOT_NEAR_OR_BELOW_LOWER_BB|CLOSE_NOT_ABOVE_MA200
2026-07-14T09:00:59.543583+00:00,MR_TARGET_1R_V1,XRP,XRPUSDT,strategy-lab-v1.0.0:MR_TARGET_1R_V1,1783854000,2026-07-12T11:00:00+00:00,1.0939,1.0979,1.0922,1.0957,30.655391120507232,1.10108,1.0825314043658345,1.117153,0.0059071428571428565,False,CLOSE_NOT_NEAR_OR_BELOW_LOWER_BB|CLOSE_NOT_ABOVE_MA200
2026-07-14T09:00:59.543583+00:00,MR_TARGET_1R_V1,XRP,XRPUSDT,strategy-lab-v1.0.0:MR_TARGET_1R_V1,1783857600,2026-07-12T12:00:00+00:00,1.0957,1.0995,1.0953,1.0985,38.963963963963984,1.1004099999999999,1.0825166604570364,1.11691,0.005649999999999996,False,RSI_NOT_BELOW_35|CLOSE_NOT_NEAR_OR_BELOW_LOWER_BB|CLOSE_NOT_ABOVE_MA200
2026-07-14T09:00:59.543583+00:00,MR_TARGET_1R_V1,XRP,XRPUSDT,strategy-lab-v1.0.0:MR_TARGET_1R_V1,1783861200,2026-07-12T13:00:00+00:00,1.0985,1.1008,1.0965,1.0977,52.42424242424213,1.09959,1.082813003844556,1.116706,0.005042857142857142,False,RSI_NOT_BELOW_35|CLOSE_NOT_NEAR_OR_BELOW_LOWER_BB|CLOSE_NOT_ABOVE_MA200
2026-07-14T09:00:59.543583+00:00,MR_TARGET_1R_V1,XRP,XRPUSDT,strategy-lab-v1.0.0:MR_TARGET_1R_V1,1783864800,2026-07-12T14:00:00+00:00,1.0977,1.1032,1.0953,1.1012,63.41463414634118,1.098835,1.083873011495801,1.1165275,0.004921428571428569,False,RSI_NOT_BELOW_35|CLOSE_NOT_NEAR_OR_BELOW_LOWER_BB|CLOSE_NOT_ABOVE_MA200
2026-07-14T09:00:59.543583+00:00,MR_TARGET_1R_V1,XRP,XRPUSDT,strategy-lab-v1.0.0:MR_TARGET_1R_V1,1783868400,2026-07-12T15:00:00+00:00,1.1011,1.1026,1.0991,1.1013,55.88235294117616,1.09816,1.08503454381746,1.1163415,0.004714285714285719,False,RSI_NOT_BELOW_35|CLOSE_NOT_NEAR_OR_BELOW_LOWER_BB|CLOSE_NOT_ABOVE_MA200
2026-07-14T09:00:59.543583+00:00,MR_TARGET_1R_V1,XRP,XRPUSDT,strategy-lab-v1.0.0:MR_TARGET_1R_V1,1783872000,2026-07-12T16:00:00+00:00,1.1013,1.1032,1.0992,1.1011,61.53846153846153,1.09753,1.086389066466414,1.1161425,0.004721428571428575,False,RSI_NOT_BELOW_35|CLOSE_NOT_NEAR_OR_BELOW_LOWER_BB|CLOSE_NOT_ABOVE_MA200
2026-07-14T09:00:59.543583+00:00,MR_TARGET_1R_V1,XRP,XRPUSDT,strategy-lab-v1.0.0:MR_TARGET_1R_V1,1783875600,2026-07-12T17:00:00+00:00,1.1011,1.102,1.0968,1.0979,47.52066115702507,1.096725,1.0885211289625094,1.1159515,0.004778571428571442,False,RSI_NOT_BELOW_35|CLOSE_NOT_NEAR_OR_BELOW_LOWER_BB|CLOSE_NOT_ABOVE_MA200
2026-07-14T09:00:59.543583+00:00,MR_TARGET_1R_V1,XRP,XRPUSDT,strategy-lab-v1.0.0:MR_TARGET_1R_V1,1783879200,2026-07-12T18:00:00+00:00,1.0979,1.1009,1.0966,1.1002,62.16216216216232,1.09632,1.0898187385839533,1.115749,0.004685714285714309,False,RSI_NOT_BELOW_35|CLOSE_NOT_NEAR_OR_BELOW_LOWER_BB|CLOSE_NOT_ABOVE_MA200
2026-07-14T09:00:59.543583+00:00,MR_TARGET_1R_V1,XRP,XRPUSDT,strategy-lab-v1.0.0:MR_TARGET_1R_V1,1783882800,2026-07-12T19:00:00+00:00,1.1002,1.101,1.0976,1.0997,63.5944700460823,1.0965,1.0898357671109289,1.115551,0.004728571428571447,False,RSI_NOT_BELOW_35|CLOSE_NOT_NEAR_OR_BELOW_LOWER_BB|CLOSE_NOT_ABOVE_MA200
2026-07-14T09:00:59.543583+00:00,MR_TARGET_1R_V1,XRP,XRPUSDT,strategy-lab-v1.0.0:MR_TARGET_1R_V1,1783886400,2026-07-12T20:00:00+00:00,1.0998,1.1005,1.0981,1.0987,69.69696969696973,1.0968149999999999,1.0903635583006759,1.1153095,0.004342857142857156,False,RSI_NOT_BELOW_35|CLOSE_NOT_NEAR_OR_BELOW_LOWER_BB|CLOSE_NOT_ABOVE_MA200
2026-07-14T09:00:59.543583+00:00,MR_TARGET_1R_V1,XRP,XRPUSDT,strategy-lab-v1.0.0:MR_TARGET_1R_V1,1783890000,2026-07-12T21:00:00+00:00,1.0987,1.1004,1.0928,1.0936,55.64516129032238,1.09659,1.0900207078007005,1.1150165,0.0046571428571428675,False,RSI_NOT_BELOW_35|CLOSE_NOT_NEAR_OR_BELOW_LOWER_BB|CLOSE_NOT_ABOVE_MA200
2026-07-14T09:00:59.543583+00:00,MR_TARGET_1R_V1,XRP,XRPUSDT,strategy-lab-v1.0.0:MR_TARGET_1R_V1,1783893600,2026-07-12T22:00:00+00:00,1.0936,1.0936,1.0803,1.0858,37.748344370861176,1.09611,1.088033144176118,1.1145815000000001,0.005328571428571428,False,RSI_NOT_BELOW_35|CLOSE_NOT_ABOVE_MA200
2026-07-14T09:00:59.543583+00:00,MR_TARGET_1R_V1,XRP,XRPUSDT,strategy-lab-v1.0.0:MR_TARGET_1R_V1,1783897200,2026-07-12T23:00:00+00:00,1.0858,1.0869,1.0831,1.0854,35.13513513513493,1.095425,1.086231986348331,1.1141505,0.0051500000000000035,False,RSI_NOT_BELOW_35|CLOSE_NOT_ABOVE_MA200
2026-07-14T09:00:59.543583+00:00,MR_TARGET_1R_V1,XRP,XRPUSDT,strategy-lab-v1.0.0:MR_TARGET_1R_V1,1783900800,2026-07-13T00:00:00+00:00,1.0853,1.1023,1.0828,1.0925,47.945205479451985,1.09531,1.086031444077887,1.1137469999999998,0.006364285714285727,False,RSI_NOT_BELOW_35|CLOSE_NOT_NEAR_OR_BELOW_LOWER_BB|CLOSE_NOT_ABOVE_MA200
2026-07-14T09:00:59.543583+00:00,MR_TARGET_1R_V1,XRP,XRPUSDT,strategy-lab-v1.0.0:MR_TARGET_1R_V1,1783904400,2026-07-13T01:00:00+00:00,1.0925,1.0935,1.0791,1.0802,33.545647558386705,1.09463,1.0832524607229956,1.1132465,0.006985714285714294,False,CLOSE_NOT_ABOVE_MA200
2026-07-14T09:00:59.543583+00:00,MR_TARGET_1R_V1,XRP,XRPUSDT,strategy-lab-v1.0.0:MR_TARGET_1R_V1,1783908000,2026-07-13T02:00:00+00:00,1.0802,1.0829,1.076,1.0792,28.697571743929416,1.094045,1.080895327000272,1.1127725,0.007178571428571431,False,CLOSE_NOT_ABOVE_MA200
2026-07-14T09:00:59.543583+00:00,MR_TARGET_1R_V1,XRP,XRPUSDT,strategy-lab-v1.0.0:MR_TARGET_1R_V1,1783911600,2026-07-13T03:00:00+00:00,1.0791,1.0791,1.0667,1.0717,25.000000000000213,1.09309,1.0767492656223847,1.1122935,0.007764285714285716,False,CLOSE_NOT_ABOVE_MA200
2026-07-14T09:00:59.543583+00:00,MR_TARGET_1R_V1,XRP,XRPUSDT,strategy-lab-v1.0.0:MR_TARGET_1R_V1,1783915200,2026-07-13T04:00:00+00:00,1.0715,1.075,1.0694,1.072,20.081967213114837,1.09203,1.0732821894611724,1.1118435,0.0076000000000000035,False,CLOSE_NOT_ABOVE_MA200
2026-07-14T09:00:59.543583+00:00,MR_TARGET_1R_V1,XRP,XRPUSDT,strategy-lab-v1.0.0:MR_TARGET_1R_V1,1783918800,2026-07-13T05:00:00+00:00,1.072,1.0782,1.0695,1.0755,25.287356321838942,1.091095,1.0710527970272783,1.111396,0.007971428571428582,False,CLOSE_NOT_NEAR_OR_BELOW_LOWER_BB|CLOSE_NOT_ABOVE_MA200
2026-07-14T09:00:59.543583+00:00,MR_TARGET_1R_V1,XRP,XRPUSDT,strategy-lab-v1.0.0:MR_TARGET_1R_V1,1783922400,2026-07-13T06:00:00+00:00,1.0755,1.0772,1.0741,1.0771,27.611940298507392,1.09025,1.0693617736511742,1.110975,0.007907142857142859,False,CLOSE_NOT_NEAR_OR_BELOW_LOWER_BB|CLOSE_NOT_ABOVE_MA200
2026-07-14T09:00:59.543583+00:00,MR_TARGET_1R_V1,XRP,XRPUSDT,strategy-lab-v1.0.0:MR_TARGET_1R_V1,1783926000,2026-07-13T07:00:00+00:00,1.0771,1.0809,1.0757,1.0788,31.66986564299414,1.089405,1.0681037817249863,1.1105875,0.007907142857142843,False,CLOSE_NOT_NEAR_OR_BELOW_LOWER_BB|CLOSE_NOT_ABOVE_MA200
2026-07-14T09:00:59.543583+00:00,MR_TARGET_1R_V1,XRP,XRPUSDT,strategy-lab-v1.0.0:MR_TARGET_1R_V1,1783929600,2026-07-13T08:00:00+00:00,1.0788,1.0823,1.0777,1.079,28.799999999999912,1.08843,1.0670981365089738,1.1102400000000001,0.007928571428571412,False,CLOSE_NOT_NEAR_OR_BELOW_LOWER_BB|CLOSE_NOT_ABOVE_MA200
2026-07-14T09:00:59.543583+00:00,MR_TARGET_1R_V1,XRP,XRPUSDT,strategy-lab-v1.0.0:MR_TARGET_1R_V1,1783933200,2026-07-13T09:00:00+00:00,1.079,1.0798,1.0776,1.0778,28.4023668639054,1.087435,1.0660691136387985,1.1099075,0.007842857142857136,False,CLOSE_NOT_NEAR_OR_BELOW_LOWER_BB|CLOSE_NOT_ABOVE_MA200
2026-07-14T09:00:59.543583+00:00,MR_TARGET_1R_V1,XRP,XRPUSDT,strategy-lab-v1.0.0:MR_TARGET_1R_V1,1783936800,2026-07-13T10:00:00+00:00,1.0778,1.0784,1.0749,1.0771,28.5714285714285,1.08623,1.0653934839764472,1.1096110000000001,0.00792142857142857,False,CLOSE_NOT_NEAR_OR_BELOW_LOWER_BB|CLOSE_NOT_ABOVE_MA200
2026-07-14T09:00:59.543583+00:00,MR_TARGET_1R_V1,XRP,XRPUSDT,strategy-lab-v1.0.0:MR_TARGET_1R_V1,1783940400,2026-07-13T11:00:00+00:00,1.0771,1.0802,1.0764,1.0765,31.372549019607888,1.08499,1.0649519462022934,1.1093065,0.007649999999999998,False,CLOSE_NOT_NEAR_OR_BELOW_LOWER_BB|CLOSE_NOT_ABOVE_MA200
2026-07-14T09:00:59.543583+00:00,MR_TARGET_1R_V1,XRP,XRPUSDT,strategy-lab-v1.0.0:MR_TARGET_1R_V1,1783944000,2026-07-13T12:00:00+00:00,1.0765,1.0777,1.0698,1.0729,34.53237410071928,1.08358,1.0643212773009272,1.1089849999999999,0.007264285714285723,False,CLOSE_NOT_NEAR_OR_BELOW_LOWER_BB|CLOSE_NOT_ABOVE_MA200
2026-07-14T09:00:59.543583+00:00,MR_TARGET_1R_V1,XRP,XRPUSDT,strategy-lab-v1.0.0:MR_TARGET_1R_V1,1783947600,2026-07-13T13:00:00+00:00,1.0728,1.073,1.0647,1.0678,31.03448275862077,1.0820750000000001,1.0628233117623471,1.108647,0.007585714285714291,False,CLOSE_NOT_NEAR_OR_BELOW_LOWER_BB|CLOSE_NOT_ABOVE_MA200
2026-07-14T09:00:59.543583+00:00,MR_TARGET_1R_V1,XRP,XRPUSDT,strategy-lab-v1.0.0:MR_TARGET_1R_V1,1783951200,2026-07-13T14:00:00+00:00,1.0678,1.077,1.0662,1.0763,33.054393305439206,1.08088,1.0633905060107565,1.108341,0.0069642857142857085,False,CLOSE_NOT_NEAR_OR_BELOW_LOWER_BB|CLOSE_NOT_ABOVE_MA200
2026-07-14T09:00:59.543583+00:00,MR_TARGET_1R_V1,XRP,XRPUSDT,strategy-lab-v1.0.0:MR_TARGET_1R_V1,1783954800,2026-07-13T15:00:00+00:00,1.0764,1.0793,1.0711,1.0716,39.303482587064636,1.079475,1.0638426137458226,1.1080035000000001,0.006521428571428567,False,RSI_NOT_BELOW_35|CLOSE_NOT_NEAR_OR_BELOW_LOWER_BB|CLOSE_NOT_ABOVE_MA200
2026-07-14T09:00:59.543583+00:00,MR_TARGET_1R_V1,XRP,XRPUSDT,strategy-lab-v1.0.0:MR_TARGET_1R_V1,1783958400,2026-07-13T16:00:00+00:00,1.0716,1.0735,1.0654,1.0675,36.48960739030007,1.0779150000000002,1.0641528381058865,1.107652,0.006607142857142859,False,RSI_NOT_BELOW_35|CLOSE_NOT_NEAR_OR_BELOW_LOWER_BB|CLOSE_NOT_ABOVE_MA200
2026-07-14T09:00:59.543583+00:00,MR_TARGET_1R_V1,XRP,XRPUSDT,strategy-lab-v1.0.0:MR_TARGET_1R_V1,1783962000,2026-07-13T17:00:00+00:00,1.0675,1.0696,1.0572,1.058,34.878587196467834,1.076135,1.0617530286469552,1.107308,0.006600000000000018,False,CLOSE_NOT_ABOVE_MA200
2026-07-14T09:00:59.543583+00:00,MR_TARGET_1R_V1,XRP,XRPUSDT,strategy-lab-v1.0.0:MR_TARGET_1R_V1,1783965600,2026-07-13T18:00:00+00:00,1.0579,1.062,1.0556,1.0605,37.894736842105104,1.07487,1.0596828870419752,1.106968,0.006657142857142869,False,RSI_NOT_BELOW_35|CLOSE_NOT_NEAR_OR_BELOW_LOWER_BB|CLOSE_NOT_ABOVE_MA200
2026-07-14T09:00:59.543583+00:00,MR_TARGET_1R_V1,XRP,XRPUSDT,strategy-lab-v1.0.0:MR_TARGET_1R_V1,1783969200,2026-07-13T19:00:00+00:00,1.0605,1.0698,1.0595,1.0661,40.524193548387224,1.073905,1.0590682247439074,1.106643,0.0067714285714285715,False,RSI_NOT_BELOW_35|CLOSE_NOT_NEAR_OR_BELOW_LOWER_BB|CLOSE_NOT_ABOVE_MA200
2026-07-14T09:00:59.543583+00:00,MR_TARGET_1R_V1,XRP,XRPUSDT,strategy-lab-v1.0.0:MR_TARGET_1R_V1,1783972800,2026-07-13T20:00:00+00:00,1.0661,1.0671,1.058,1.0613,35.03787878787874,1.0723449999999999,1.0591913731237423,1.106275,0.0072,False,RSI_NOT_BELOW_35|CLOSE_NOT_NEAR_OR_BELOW_LOWER_BB|CLOSE_NOT_ABOVE_MA200
2026-07-14T09:00:59.543583+00:00,MR_TARGET_1R_V1,XRP,XRPUSDT,strategy-lab-v1.0.0:MR_TARGET_1R_V1,1783976400,2026-07-13T21:00:00+00:00,1.0613,1.0614,1.0524,1.0584,31.11111111111107,1.071255,1.0572972817050994,1.105894,0.007471428571428573,False,CLOSE_NOT_NEAR_OR_BELOW_LOWER_BB|CLOSE_NOT_ABOVE_MA200
2026-07-14T09:00:59.543583+00:00,MR_TARGET_1R_V1,XRP,XRPUSDT,strategy-lab-v1.0.0:MR_TARGET_1R_V1,1783980000,2026-07-13T22:00:00+00:00,1.0584,1.0626,1.0572,1.0574,30.291970802919636,1.070165,1.0554737406938748,1.1055005,0.00752857142857144,False,CLOSE_NOT_NEAR_OR_BELOW_LOWER_BB|CLOSE_NOT_ABOVE_MA200
2026-07-14T09:00:59.543583+00:00,MR_TARGET_1R_V1,XRP,XRPUSDT,strategy-lab-v1.0.0:MR_TARGET_1R_V1,1783983600,2026-07-13T23:00:00+00:00,1.0574,1.0662,1.0563,1.0662,40.7051282051282,1.06989,1.055118283782857,1.1051515,0.008078571428571426,False,RSI_NOT_BELOW_35|CLOSE_NOT_NEAR_OR_BELOW_LOWER_BB|CLOSE_NOT_ABOVE_MA200
2026-07-14T09:00:59.543583+00:00,MR_TARGET_1R_V1,XRP,XRPUSDT,strategy-lab-v1.0.0:MR_TARGET_1R_V1,1783987200,2026-07-14T00:00:00+00:00,1.0663,1.0695,1.0633,1.0681,42.92452830188689,1.0696949999999998,1.0549368869769942,1.1048229999999999,0.008271428571428565,False,RSI_NOT_BELOW_35|CLOSE_NOT_NEAR_OR_BELOW_LOWER_BB|CLOSE_NOT_ABOVE_MA200
2026-07-14T09:00:59.543583+00:00,MR_TARGET_1R_V1,XRP,XRPUSDT,strategy-lab-v1.0.0:MR_TARGET_1R_V1,1783990800,2026-07-14T01:00:00+00:00,1.0681,1.0697,1.0639,1.0641,40.74626865671647,1.069125,1.0544272620788162,1.1044755000000002,0.008414285714285707,False,RSI_NOT_BELOW_35|CLOSE_NOT_NEAR_OR_BELOW_LOWER_BB|CLOSE_NOT_ABOVE_MA200
2026-07-14T09:00:59.543583+00:00,MR_TARGET_1R_V1,XRP,XRPUSDT,strategy-lab-v1.0.0:MR_TARGET_1R_V1,1783994400,2026-07-14T02:00:00+00:00,1.0641,1.0664,1.0615,1.0648,43.6817472698908,1.06851,1.0541736266789747,1.1041255,0.008199999999999985,False,RSI_NOT_BELOW_35|CLOSE_NOT_NEAR_OR_BELOW_LOWER_BB|CLOSE_NOT_ABOVE_MA200
2026-07-14T09:00:59.543583+00:00,MR_TARGET_1R_V1,XRP,XRPUSDT,strategy-lab-v1.0.0:MR_TARGET_1R_V1,1783998000,2026-07-14T03:00:00+00:00,1.0648,1.0663,1.0598,1.0652,47.811447811447685,1.06783,1.054239694631841,1.1037805,0.008071428571428554,False,RSI_NOT_BELOW_35|CLOSE_NOT_NEAR_OR_BELOW_LOWER_BB|CLOSE_NOT_ABOVE_MA200
2026-07-14T09:00:59.543583+00:00,MR_TARGET_1R_V1,XRP,XRPUSDT,strategy-lab-v1.0.0:MR_TARGET_1R_V1,1784001600,2026-07-14T04:00:00+00:00,1.065,1.0681,1.0631,1.0671,41.287878787878725,1.067235,1.0546479789068337,1.1034344999999999,0.0076571428571428546,False,RSI_NOT_BELOW_35|CLOSE_NOT_NEAR_OR_BELOW_LOWER_BB|CLOSE_NOT_ABOVE_MA200
2026-07-14T09:00:59.543583+00:00,MR_TARGET_1R_V1,XRP,XRPUSDT,strategy-lab-v1.0.0:MR_TARGET_1R_V1,1784005200,2026-07-14T05:00:00+00:00,1.0671,1.0721,1.0664,1.0703,48.73294346978551,1.06686,1.0551371334563677,1.1030674999999999,0.00747857142857143,False,RSI_NOT_BELOW_35|CLOSE_NOT_NEAR_OR_BELOW_LOWER_BB|CLOSE_NOT_ABOVE_MA200
2026-07-14T09:00:59.543583+00:00,MR_TARGET_1R_V1,XRP,XRPUSDT,strategy-lab-v1.0.0:MR_TARGET_1R_V1,1784008800,2026-07-14T06:00:00+00:00,1.0703,1.0704,1.068,1.0686,51.124744376278215,1.0664349999999998,1.0556490322641028,1.102626,0.00707142857142857,False,RSI_NOT_BELOW_35|CLOSE_NOT_NEAR_OR_BELOW_LOWER_BB|CLOSE_NOT_ABOVE_MA200
2026-07-14T09:00:59.543583+00:00,MR_TARGET_1R_V1,XRP,XRPUSDT,strategy-lab-v1.0.0:MR_TARGET_1R_V1,1784012400,2026-07-14T07:00:00+00:00,1.0685,1.0702,1.0661,1.0676,61.881188118811885,1.06599,1.0562147455276185,1.102183,0.0064785714285714125,False,RSI_NOT_BELOW_35|CLOSE_NOT_NEAR_OR_BELOW_LOWER_BB|CLOSE_NOT_ABOVE_MA200
2026-07-14T09:00:59.543583+00:00,MR_TARGET_1R_V1,XRP,XRPUSDT,strategy-lab-v1.0.0:MR_TARGET_1R_V1,1784016000,2026-07-14T08:00:00+00:00,1.0675,1.0702,1.0665,1.0676,59.36675461741432,1.065725,1.0564382621443364,1.101746,0.0062857142857142756,False,RSI_NOT_BELOW_35|CLOSE_NOT_NEAR_OR_BELOW_LOWER_BB|CLOSE_NOT_ABOVE_MA200
2026-07-14T09:00:59.543583+00:00,MR_TARGET_1R_V1,DOGE,DOGEUSDT,strategy-lab-v1.0.0:MR_TARGET_1R_V1,1783800000,2026-07-11T20:00:00+00:00,0.07531,0.07536,0.07511,0.07513,68.08510638297855,0.07459249999999999,0.07372044782266121,0.0750441,0.00037785714285714603,False,RSI_NOT_BELOW_35|CLOSE_NOT_NEAR_OR_BELOW_LOWER_BB
2026-07-14T09:00:59.543583+00:00,MR_TARGET_1R_V1,DOGE,DOGEUSDT,strategy-lab-v1.0.0:MR_TARGET_1R_V1,1783803600,2026-07-11T21:00:00+00:00,0.07511,0.07528,0.07507,0.07514,69.69696969696928,0.0746475,0.07378304930736258,0.07503715,0.00037642857142857416,False,RSI_NOT_BELOW_35|CLOSE_NOT_NEAR_OR_BELOW_LOWER_BB
2026-07-14T09:00:59.543583+00:00,MR_TARGET_1R_V1,DOGE,DOGEUSDT,strategy-lab-v1.0.0:MR_TARGET_1R_V1,1783807200,2026-07-11T22:00:00+00:00,0.07514,0.07514,0.07454,0.07458,57.09219858156017,0.074668,0.07383079990444259,0.07502645000000001,0.0004071428571428599,False,RSI_NOT_BELOW_35|CLOSE_NOT_NEAR_OR_BELOW_LOWER_BB|CLOSE_NOT_ABOVE_MA200
2026-07-14T09:00:59.543583+00:00,MR_TARGET_1R_V1,DOGE,DOGEUSDT,strategy-lab-v1.0.0:MR_TARGET_1R_V1,1783810800,2026-07-11T23:00:00+00:00,0.07458,0.07465,0.07314,0.07318,39.07766990291272,0.0746135,0.0735646096339458,0.07501094999999999,0.0004935714285714306,False,RSI_NOT_BELOW_35|CLOSE_NOT_ABOVE_MA200
2026-07-14T09:00:59.543583+00:00,MR_TARGET_1R_V1,DOGE,DOGEUSDT,strategy-lab-v1.0.0:MR_TARGET_1R_V1,1783814400,2026-07-12T00:00:00+00:00,0.07317,0.07327,0.07224,0.07259,28.899082568807486,0.0745295,0.07316302314326173,0.07499215,0.0005250000000000017,False,CLOSE_NOT_ABOVE_MA200
2026-07-14T09:00:59.543583+00:00,MR_TARGET_1R_V1,DOGE,DOGEUSDT,strategy-lab-v1.0.0:MR_TARGET_1R_V1,1783818000,2026-07-12T01:00:00+00:00,0.0726,0.07332,0.07254,0.07329,39.0438247011952,0.07448,0.07301293490260273,0.07497405,0.0005692857142857156,False,RSI_NOT_BELOW_35|CLOSE_NOT_NEAR_OR_BELOW_LOWER_BB|CLOSE_NOT_ABOVE_MA200
2026-07-14T09:00:59.543583+00:00,MR_TARGET_1R_V1,DOGE,DOGEUSDT,strategy-lab-v1.0.0:MR_TARGET_1R_V1,1783821600,2026-07-12T02:00:00+00:00,0.07329,0.07331,0.07305,0.07316,35.94377510040162,0.07442399999999999,0.07284912984662187,0.07495575,0.0005685714285714292,False,RSI_NOT_BELOW_35|CLOSE_NOT_NEAR_OR_BELOW_LOWER_BB|CLOSE_NOT_ABOVE_MA200
2026-07-14T09:00:59.543583+00:00,MR_TARGET_1R_V1,DOGE,DOGEUSDT,strategy-lab-v1.0.0:MR_TARGET_1R_V1,1783825200,2026-07-12T03:00:00+00:00,0.07316,0.07342,0.073,0.07337,37.93774319066158,0.074381,0.07274164768887184,0.07493699999999999,0.000565000000000001,False,RSI_NOT_BELOW_35|CLOSE_NOT_NEAR_OR_BELOW_LOWER_BB|CLOSE_NOT_ABOVE_MA200
2026-07-14T09:00:59.543583+00:00,MR_TARGET_1R_V1,DOGE,DOGEUSDT,strategy-lab-v1.0.0:MR_TARGET_1R_V1,1783828800,2026-07-12T04:00:00+00:00,0.07338,0.0735,0.073,0.07309,28.747433264887036,0.07432649999999999,0.07259420354731032,0.0749127,0.0005428571428571435,False,CLOSE_NOT_NEAR_OR_BELOW_LOWER_BB|CLOSE_NOT_ABOVE_MA200
2026-07-14T09:00:59.543583+00:00,MR_TARGET_1R_V1,DOGE,DOGEUSDT,strategy-lab-v1.0.0:MR_TARGET_1R_V1,1783832400,2026-07-12T05:00:00+00:00,0.07307,0.07324,0.07299,0.07309,26.63847780126845,0.07427700000000001,0.07246463028054397,0.0748878,0.0005142857142857152,False,CLOSE_NOT_NEAR_OR_BELOW_LOWER_BB|CLOSE_NOT_ABOVE_MA200
2026-07-14T09:00:59.543583+00:00,MR_TARGET_1R_V1,DOGE,DOGEUSDT,strategy-lab-v1.0.0:MR_TARGET_1R_V1,1783836000,2026-07-12T06:00:00+00:00,0.07308,0.07308,0.07252,0.07283,27.03862660944209,0.074197,0.07228044997456337,0.0748632,0.0005235714285714298,False,CLOSE_NOT_NEAR_OR_BELOW_LOWER_BB|CLOSE_NOT_ABOVE_MA200
2026-07-14T09:00:59.543583+00:00,MR_TARGET_1R_V1,DOGE,DOGEUSDT,strategy-lab-v1.0.0:MR_TARGET_1R_V1,1783839600,2026-07-12T07:00:00+00:00,0.07283,0.07299,0.07272,0.07285,26.406926406926246,0.07412,0.07211878037187291,0.07484009999999999,0.0005178571428571443,False,CLOSE_NOT_NEAR_OR_BELOW_LOWER_BB|CLOSE_NOT_ABOVE_MA200
2026-07-14T09:00:59.543583+00:00,MR_TARGET_1R_V1,DOGE,DOGEUSDT,strategy-lab-v1.0.0:MR_TARGET_1R_V1,1783843200,2026-07-12T08:00:00+00:00,0.07289,0.07319,0.07287,0.07298,26.406926406926246,0.074041,0.07199133758877196,0.07481850000000001,0.0005257142857142871,False,CLOSE_NOT_NEAR_OR_BELOW_LOWER_BB|CLOSE_NOT_ABOVE_MA200
2026-07-14T09:00:59.543583+00:00,MR_TARGET_1R_V1,DOGE,DOGEUSDT,strategy-lab-v1.0.0:MR_TARGET_1R_V1,1783846800,2026-07-12T09:00:00+00:00,0.07298,0.0731,0.07268,0.07293,23.672566371681228,0.07395700000000001,0.07187013536615308,0.07479925,0.0005292857142857153,False,CLOSE_NOT_NEAR_OR_BELOW_LOWER_BB|CLOSE_NOT_ABOVE_MA200
2026-07-14T09:00:59.543583+00:00,MR_TARGET_1R_V1,DOGE,DOGEUSDT,strategy-lab-v1.0.0:MR_TARGET_1R_V1,1783850400,2026-07-12T10:00:00+00:00,0.07294,0.073,0.07285,0.07295,24.999999999999915,0.0738465,0.07179235029756811,0.07477935000000001,0.000522142857142858,False,CLOSE_NOT_NEAR_OR_BELOW_LOWER_BB|CLOSE_NOT_ABOVE_MA200
2026-07-14T09:00:59.543583+00:00,MR_TARGET_1R_V1,DOGE,DOGEUSDT,strategy-lab-v1.0.0:MR_TARGET_1R_V1,1783854000,2026-07-12T11:00:00+00:00,0.07297,0.07324,0.07282,0.07321,29.067245119305795,0.073742,0.0717838518952845,0.07475915,0.0005371428571428581,False,CLOSE_NOT_NEAR_OR_BELOW_LOWER_BB|CLOSE_NOT_ABOVE_MA200
2026-07-14T09:00:59.543583+00:00,MR_TARGET_1R_V1,DOGE,DOGEUSDT,strategy-lab-v1.0.0:MR_TARGET_1R_V1,1783857600,2026-07-12T12:00:00+00:00,0.0732,0.07344,0.07312,0.07334,35.16746411483261,0.0736605,0.07177941015631871,0.0747372,0.0005171428571428578,False,RSI_NOT_BELOW_35|CLOSE_NOT_NEAR_OR_BELOW_LOWER_BB|CLOSE_NOT_ABOVE_MA200
2026-07-14T09:00:59.543583+00:00,MR_TARGET_1R_V1,DOGE,DOGEUSDT,strategy-lab-v1.0.0:MR_TARGET_1R_V1,1783861200,2026-07-12T13:00:00+00:00,0.07333,0.0735,0.07322,0.07323,50.86505190311434,0.0735705,0.07179059578909401,0.0747178,0.0004292857142857154,False,RSI_NOT_BELOW_35|CLOSE_NOT_NEAR_OR_BELOW_LOWER_BB|CLOSE_NOT_ABOVE_MA200
2026-07-14T09:00:59.543583+00:00,MR_TARGET_1R_V1,DOGE,DOGEUSDT,strategy-lab-v1.0.0:MR_TARGET_1R_V1,1783864800,2026-07-12T14:00:00+00:00,0.07322,0.07384,0.07315,0.07368,69.81818181818178,0.07349649999999999,0.07187069220078116,0.0747014,0.0004050000000000006,False,RSI_NOT_BELOW_35|CLOSE_NOT_NEAR_OR_BELOW_LOWER_BB|CLOSE_NOT_ABOVE_MA200
2026-07-14T09:00:59.543583+00:00,MR_TARGET_1R_V1,DOGE,DOGEUSDT,strategy-lab-v1.0.0:MR_TARGET_1R_V1,1783868400,2026-07-12T15:00:00+00:00,0.0737,0.07382,0.07355,0.07367,59.22330097087395,0.07341450000000001,0.07201285132789961,0.07468545,0.00036857142857142845,False,RSI_NOT_BELOW_35|CLOSE_NOT_NEAR_OR_BELOW_LOWER_BB|CLOSE_NOT_ABOVE_MA200
2026-07-14T09:00:59.543583+00:00,MR_TARGET_1R_V1,DOGE,DOGEUSDT,strategy-lab-v1.0.0:MR_TARGET_1R_V1,1783872000,2026-07-12T16:00:00+00:00,0.07368,0.07374,0.07344,0.07358,60.39603960396051,0.073337,0.07217188884650401,0.07466865,0.00037142857142857116,False,RSI_NOT_BELOW_35|CLOSE_NOT_NEAR_OR_BELOW_LOWER_BB|CLOSE_NOT_ABOVE_MA200
2026-07-14T09:00:59.543583+00:00,MR_TARGET_1R_V1,DOGE,DOGEUSDT,strategy-lab-v1.0.0:MR_TARGET_1R_V1,1783875600,2026-07-12T17:00:00+00:00,0.0736,0.07364,0.07329,0.07337,50.0,0.0732485,0.07242617950286964,0.0746516,0.0003664285714285711,False,RSI_NOT_BELOW_35|CLOSE_NOT_NEAR_OR_BELOW_LOWER_BB|CLOSE_NOT_ABOVE_MA200
2026-07-14T09:00:59.543583+00:00,MR_TARGET_1R_V1,DOGE,DOGEUSDT,strategy-lab-v1.0.0:MR_TARGET_1R_V1,1783879200,2026-07-12T18:00:00+00:00,0.07338,0.07363,0.0733,0.07362,63.31658291457299,0.0732005,0.07261738851837689,0.07463435,0.0003542857142857137,False,RSI_NOT_BELOW_35|CLOSE_NOT_NEAR_OR_BELOW_LOWER_BB|CLOSE_NOT_ABOVE_MA200
2026-07-14T09:00:59.543583+00:00,MR_TARGET_1R_V1,DOGE,DOGEUSDT,strategy-lab-v1.0.0:MR_TARGET_1R_V1,1783882800,2026-07-12T19:00:00+00:00,0.07362,0.07369,0.07341,0.07362,63.31658291457299,0.0732225,0.07261160311835735,0.07461820000000001,0.000356428571428571,False,RSI_NOT_BELOW_35|CLOSE_NOT_NEAR_OR_BELOW_LOWER_BB|CLOSE_NOT_ABOVE_MA200
2026-07-14T09:00:59.543583+00:00,MR_TARGET_1R_V1,DOGE,DOGEUSDT,strategy-lab-v1.0.0:MR_TARGET_1R_V1,1783886400,2026-07-12T20:00:00+00:00,0.07361,0.07362,0.07338,0.07338,63.95939086294404,0.07326200000000001,0.07272171859184244,0.07459975,0.00033285714285714266,False,RSI_NOT_BELOW_35|CLOSE_NOT_NEAR_OR_BELOW_LOWER_BB|CLOSE_NOT_ABOVE_MA200
2026-07-14T09:00:59.543583+00:00,MR_TARGET_1R_V1,DOGE,DOGEUSDT,strategy-lab-v1.0.0:MR_TARGET_1R_V1,1783890000,2026-07-12T21:00:00+00:00,0.07339,0.07352,0.07283,0.07291,51.2396694214877,0.073243,0.07268167656382375,0.07457865,0.00036285714285714296,False,RSI_NOT_BELOW_35|CLOSE_NOT_NEAR_OR_BELOW_LOWER_BB|CLOSE_NOT_ABOVE_MA200
2026-07-14T09:00:59.543583+00:00,MR_TARGET_1R_V1,DOGE,DOGEUSDT,strategy-lab-v1.0.0:MR_TARGET_1R_V1,1783893600,2026-07-12T22:00:00+00:00,0.07289,0.07289,0.07235,0.07267,43.87351778656118,0.0732185,0.07260452035864313,0.07455384999999999,0.0003785714285714285,False,RSI_NOT_BELOW_35|CLOSE_NOT_NEAR_OR_BELOW_LOWER_BB|CLOSE_NOT_ABOVE_MA200
2026-07-14T09:00:59.543583+00:00,MR_TARGET_1R_V1,DOGE,DOGEUSDT,strategy-lab-v1.0.0:MR_TARGET_1R_V1,1783897200,2026-07-12T23:00:00+00:00,0.07266,0.07277,0.07251,0.07268,44.979919678714836,0.073184,0.07253160748011592,0.07452505,0.00036714285714285657,False,RSI_NOT_BELOW_35|CLOSE_NOT_NEAR_OR_BELOW_LOWER_BB|CLOSE_NOT_ABOVE_MA200
2026-07-14T09:00:59.543583+00:00,MR_TARGET_1R_V1,DOGE,DOGEUSDT,strategy-lab-v1.0.0:MR_TARGET_1R_V1,1783900800,2026-07-13T00:00:00+00:00,0.07266,0.07412,0.07258,0.07339,56.91823899371065,0.073199,0.0725421621204584,0.07450019999999999,0.00046642857142857103,False,RSI_NOT_BELOW_35|CLOSE_NOT_NEAR_OR_BELOW_LOWER_BB|CLOSE_NOT_ABOVE_MA200
2026-07-14T09:00:59.543583+00:00,MR_TARGET_1R_V1,DOGE,DOGEUSDT,strategy-lab-v1.0.0:MR_TARGET_1R_V1,1783904400,2026-07-13T01:00:00+00:00,0.07337,0.07345,0.07242,0.07245,40.15544041450778,0.07316700000000001,0.07243408527098939,0.07446715,0.0005099999999999995,False,RSI_NOT_BELOW_35|CLOSE_NOT_NEAR_OR_BELOW_LOWER_BB|CLOSE_NOT_ABOVE_MA200
2026-07-14T09:00:59.543583+00:00,MR_TARGET_1R_V1,DOGE,DOGEUSDT,strategy-lab-v1.0.0:MR_TARGET_1R_V1,1783908000,2026-07-13T02:00:00+00:00,0.07245,0.07287,0.07235,0.07266,41.37055837563448,0.0731585,0.07240645545344661,0.0744349,0.0005242857142857142,False,RSI_NOT_BELOW_35|CLOSE_NOT_NEAR_OR_BELOW_LOWER_BB|CLOSE_NOT_ABOVE_MA200
2026-07-14T09:00:59.543583+00:00,MR_TARGET_1R_V1,DOGE,DOGEUSDT,strategy-lab-v1.0.0:MR_TARGET_1R_V1,1783911600,2026-07-13T03:00:00+00:00,0.07265,0.07272,0.07157,0.07197,36.061946902654846,0.0731145,0.07220824451725757,0.07440235,0.000586428571428572,False,RSI_NOT_BELOW_35|CLOSE_NOT_ABOVE_MA200
2026-07-14T09:00:59.543583+00:00,MR_TARGET_1R_V1,DOGE,DOGEUSDT,strategy-lab-v1.0.0:MR_TARGET_1R_V1,1783915200,2026-07-13T04:00:00+00:00,0.07196,0.07224,0.07187,0.07198,29.166666666666686,0.0730645,0.07203246366343007,0.0743722,0.0005635714285714291,False,CLOSE_NOT_ABOVE_MA200
2026-07-14T09:00:59.543583+00:00,MR_TARGET_1R_V1,DOGE,DOGEUSDT,strategy-lab-v1.0.0:MR_TARGET_1R_V1,1783918800,2026-07-13T05:00:00+00:00,0.07199,0.0724,0.07182,0.07228,34.09610983981686,0.073032,0.07194556362358365,0.07434285,0.0005857142857142876,False,CLOSE_NOT_NEAR_OR_BELOW_LOWER_BB|CLOSE_NOT_ABOVE_MA200
2026-07-14T09:00:59.543583+00:00,MR_TARGET_1R_V1,DOGE,DOGEUSDT,strategy-lab-v1.0.0:MR_TARGET_1R_V1,1783922400,2026-07-13T06:00:00+00:00,0.07229,0.07235,0.07206,0.07231,35.266821345707555,0.07300000000000001,0.07186900044208644,0.07431499999999999,0.0005850000000000022,False,RSI_NOT_BELOW_35|CLOSE_NOT_NEAR_OR_BELOW_LOWER_BB|CLOSE_NOT_ABOVE_MA200
2026-07-14T09:00:59.543583+00:00,MR_TARGET_1R_V1,DOGE,DOGEUSDT,strategy-lab-v1.0.0:MR_TARGET_1R_V1,1783926000,2026-07-13T07:00:00+00:00,0.07229,0.07247,0.07219,0.07233,37.37864077669904,0.072956,0.07179308297802436,0.07428875,0.0005800000000000022,False,RSI_NOT_BELOW_35|CLOSE_NOT_NEAR_OR_BELOW_LOWER_BB|CLOSE_NOT_ABOVE_MA200
2026-07-14T09:00:59.543583+00:00,MR_TARGET_1R_V1,DOGE,DOGEUSDT,strategy-lab-v1.0.0:MR_TARGET_1R_V1,1783929600,2026-07-13T08:00:00+00:00,0.07233,0.07263,0.07225,0.0725,36.13861386138598,0.072914,0.07174891802863462,0.0742658,0.0005835714285714313,False,RSI_NOT_BELOW_35|CLOSE_NOT_NEAR_OR_BELOW_LOWER_BB|CLOSE_NOT_ABOVE_MA200
2026-07-14T09:00:59.543583+00:00,MR_TARGET_1R_V1,DOGE,DOGEUSDT,strategy-lab-v1.0.0:MR_TARGET_1R_V1,1783933200,2026-07-13T09:00:00+00:00,0.07249,0.0725,0.07227,0.07232,34.597156398104104,0.0728685,0.07168539772208796,0.07424349999999999,0.0005800000000000022,False,CLOSE_NOT_NEAR_OR_BELOW_LOWER_BB|CLOSE_NOT_ABOVE_MA200
2026-07-14T09:00:59.543583+00:00,MR_TARGET_1R_V1,DOGE,DOGEUSDT,strategy-lab-v1.0.0:MR_TARGET_1R_V1,1783936800,2026-07-13T10:00:00+00:00,0.0723,0.0723,0.07203,0.07218,35.43689320388336,0.0727935,0.07163577334832412,0.0742253,0.0005835714285714304,False,RSI_NOT_BELOW_35|CLOSE_NOT_NEAR_OR_BELOW_LOWER_BB|CLOSE_NOT_ABOVE_MA200
2026-07-14T09:00:59.543583+00:00,MR_TARGET_1R_V1,DOGE,DOGEUSDT,strategy-lab-v1.0.0:MR_TARGET_1R_V1,1783940400,2026-07-13T11:00:00+00:00,0.07218,0.07241,0.07215,0.07224,40.97035040431259,0.072722,0.07161407220451843,0.07420695000000001,0.0005528571428571446,False,RSI_NOT_BELOW_35|CLOSE_NOT_NEAR_OR_BELOW_LOWER_BB|CLOSE_NOT_ABOVE_MA200
2026-07-14T09:00:59.543583+00:00,MR_TARGET_1R_V1,DOGE,DOGEUSDT,strategy-lab-v1.0.0:MR_TARGET_1R_V1,1783944000,2026-07-13T12:00:00+00:00,0.07223,0.07229,0.07189,0.07207,41.758241758241695,0.0726465,0.07157762629370883,0.0741871,0.0005414285714285727,False,RSI_NOT_BELOW_35|CLOSE_NOT_NEAR_OR_BELOW_LOWER_BB|CLOSE_NOT_ABOVE_MA200
2026-07-14T09:00:59.543583+00:00,MR_TARGET_1R_V1,DOGE,DOGEUSDT,strategy-lab-v1.0.0:MR_TARGET_1R_V1,1783947600,2026-07-13T13:00:00+00:00,0.07207,0.07231,0.07182,0.07204,41.25683060109302,0.07258,0.07153420843376865,0.07416845,0.0005578571428571447,False,RSI_NOT_BELOW_35|CLOSE_NOT_NEAR_OR_BELOW_LOWER_BB|CLOSE_NOT_ABOVE_MA200
2026-07-14T09:00:59.543583+00:00,MR_TARGET_1R_V1,DOGE,DOGEUSDT,strategy-lab-v1.0.0:MR_TARGET_1R_V1,1783951200,2026-07-13T14:00:00+00:00,0.07204,0.0725,0.07183,0.0725,36.950146627565836,0.072524,0.07159335721138525,0.07415184999999999,0.0004957142857142868,False,RSI_NOT_BELOW_35|CLOSE_NOT_NEAR_OR_BELOW_LOWER_BB|CLOSE_NOT_ABOVE_MA200
2026-07-14T09:00:59.543583+00:00,MR_TARGET_1R_V1,DOGE,DOGEUSDT,strategy-lab-v1.0.0:MR_TARGET_1R_V1,1783954800,2026-07-13T15:00:00+00:00,0.0725,0.07253,0.07199,0.07199,42.281879194630754,0.07244249999999999,0.071632367294821,0.07413130000000001,0.0004607142857142865,False,RSI_NOT_BELOW_35|CLOSE_NOT_NEAR_OR_BELOW_LOWER_BB|CLOSE_NOT_ABOVE_MA200
2026-07-14T09:00:59.543583+00:00,MR_TARGET_1R_V1,DOGE,DOGEUSDT,strategy-lab-v1.0.0:MR_TARGET_1R_V1,1783958400,2026-07-13T16:00:00+00:00,0.07202,0.07212,0.07145,0.07158,33.01886792452814,0.0723525,0.07157989725602311,0.07410945,0.000471428571428572,False,CLOSE_NOT_NEAR_OR_BELOW_LOWER_BB|CLOSE_NOT_ABOVE_MA200
2026-07-14T09:00:59.543583+00:00,MR_TARGET_1R_V1,DOGE,DOGEUSDT,strategy-lab-v1.0.0:MR_TARGET_1R_V1,1783962000,2026-07-13T17:00:00+00:00,0.07159,0.07173,0.07084,0.07088,32.91536050156712,0.072251,0.07128808982765751,0.0740864,0.00045285714285714276,False,CLOSE_NOT_ABOVE_MA200
2026-07-14T09:00:59.543583+00:00,MR_TARGET_1R_V1,DOGE,DOGEUSDT,strategy-lab-v1.0.0:MR_TARGET_1R_V1,1783965600,2026-07-13T18:00:00+00:00,0.07091,0.07141,0.07088,0.07131,40.720221606648074,0.072183,0.07115797121991593,0.07406399999999999,0.0004642857142857147,False,RSI_NOT_BELOW_35|CLOSE_NOT_NEAR_OR_BELOW_LOWER_BB|CLOSE_NOT_ABOVE_MA200
2026-07-14T09:00:59.543583+00:00,MR_TARGET_1R_V1,DOGE,DOGEUSDT,strategy-lab-v1.0.0:MR_TARGET_1R_V1,1783969200,2026-07-13T19:00:00+00:00,0.07131,0.07181,0.07126,0.07174,42.780748663101576,0.072136,0.07112027562793807,0.0740434,0.0004621428571428564,False,RSI_NOT_BELOW_35|CLOSE_NOT_NEAR_OR_BELOW_LOWER_BB|CLOSE_NOT_ABOVE_MA200
2026-07-14T09:00:59.543583+00:00,MR_TARGET_1R_V1,DOGE,DOGEUSDT,strategy-lab-v1.0.0:MR_TARGET_1R_V1,1783972800,2026-07-13T20:00:00+00:00,0.07174,0.07189,0.07148,0.07171,41.97860962566836,0.072052,0.07120037566967552,0.07401965,0.00047071428571428465,False,RSI_NOT_BELOW_35|CLOSE_NOT_NEAR_OR_BELOW_LOWER_BB|CLOSE_NOT_ABOVE_MA200
2026-07-14T09:00:59.543583+00:00,MR_TARGET_1R_V1,DOGE,DOGEUSDT,strategy-lab-v1.0.0:MR_TARGET_1R_V1,1783976400,2026-07-13T21:00:00+00:00,0.07171,0.07174,0.07101,0.07144,38.847117794486095,0.0720015,0.07113070094166299,0.0739941,0.0005028571428571412,False,RSI_NOT_BELOW_35|CLOSE_NOT_NEAR_OR_BELOW_LOWER_BB|CLOSE_NOT_ABOVE_MA200
2026-07-14T09:00:59.543583+00:00,MR_TARGET_1R_V1,DOGE,DOGEUSDT,strategy-lab-v1.0.0:MR_TARGET_1R_V1,1783980000,2026-07-13T22:00:00+00:00,0.07145,0.07177,0.07123,0.07126,34.500000000000014,0.0719315,0.07105861340942787,0.0739654,0.0005142857142857121,False,CLOSE_NOT_NEAR_OR_BELOW_LOWER_BB|CLOSE_NOT_ABOVE_MA200
2026-07-14T09:00:59.543583+00:00,MR_TARGET_1R_V1,DOGE,DOGEUSDT,strategy-lab-v1.0.0:MR_TARGET_1R_V1,1783983600,2026-07-13T23:00:00+00:00,0.07125,0.07194,0.07115,0.07191,45.413870246085054,0.0719285,0.07105575089515909,0.07393949999999999,0.0005542857142857126,False,RSI_NOT_BELOW_35|CLOSE_NOT_NEAR_OR_BELOW_LOWER_BB|CLOSE_NOT_ABOVE_MA200
2026-07-14T09:00:59.543583+00:00,MR_TARGET_1R_V1,DOGE,DOGEUSDT,strategy-lab-v1.0.0:MR_TARGET_1R_V1,1783987200,2026-07-14T00:00:00+00:00,0.07194,0.07235,0.07177,0.07227,50.959488272921185,0.07194300000000001,0.07105776330848715,0.07391589999999999,0.0005749999999999981,False,RSI_NOT_BELOW_35|CLOSE_NOT_NEAR_OR_BELOW_LOWER_BB|CLOSE_NOT_ABOVE_MA200
2026-07-14T09:00:59.543583+00:00,MR_TARGET_1R_V1,DOGE,DOGEUSDT,strategy-lab-v1.0.0:MR_TARGET_1R_V1,1783990800,2026-07-14T01:00:00+00:00,0.07229,0.07229,0.07183,0.07185,46.138613861386105,0.0719215,0.07104925519491335,0.073889,0.0005892857142857118,False,RSI_NOT_BELOW_35|CLOSE_NOT_NEAR_OR_BELOW_LOWER_BB|CLOSE_NOT_ABOVE_MA200
2026-07-14T09:00:59.543583+00:00,MR_TARGET_1R_V1,DOGE,DOGEUSDT,strategy-lab-v1.0.0:MR_TARGET_1R_V1,1783994400,2026-07-14T02:00:00+00:00,0.07183,0.07196,0.07169,0.07176,46.88128772635822,0.07189399999999999,0.07103795327230306,0.07386015,0.0005799999999999972,False,RSI_NOT_BELOW_35|CLOSE_NOT_NEAR_OR_BELOW_LOWER_BB|CLOSE_NOT_ABOVE_MA200
2026-07-14T09:00:59.543583+00:00,MR_TARGET_1R_V1,DOGE,DOGEUSDT,strategy-lab-v1.0.0:MR_TARGET_1R_V1,1783998000,2026-07-14T03:00:00+00:00,0.07177,0.07198,0.07136,0.07196,49.22178988326837,0.0718755,0.07104225393790271,0.0738338,0.0005892857142857108,False,RSI_NOT_BELOW_35|CLOSE_NOT_NEAR_OR_BELOW_LOWER_BB|CLOSE_NOT_ABOVE_MA200
2026-07-14T09:00:59.543583+00:00,MR_TARGET_1R_V1,DOGE,DOGEUSDT,strategy-lab-v1.0.0:MR_TARGET_1R_V1,1784001600,2026-07-14T04:00:00+00:00,0.07196,0.07208,0.07185,0.07201,44.820295983086766,0.071851,0.07106517813723424,0.07380865,0.0005578571428571406,False,RSI_NOT_BELOW_35|CLOSE_NOT_NEAR_OR_BELOW_LOWER_BB|CLOSE_NOT_ABOVE_MA200
2026-07-14T09:00:59.543583+00:00,MR_TARGET_1R_V1,DOGE,DOGEUSDT,strategy-lab-v1.0.0:MR_TARGET_1R_V1,1784005200,2026-07-14T05:00:00+00:00,0.07202,0.07234,0.07201,0.07227,53.125000000000036,0.07184850000000001,0.07106836475531443,0.0737808,0.0005428571428571406,False,RSI_NOT_BELOW_35|CLOSE_NOT_NEAR_OR_BELOW_LOWER_BB|CLOSE_NOT_ABOVE_MA200
2026-07-14T09:00:59.543583+00:00,MR_TARGET_1R_V1,DOGE,DOGEUSDT,strategy-lab-v1.0.0:MR_TARGET_1R_V1,1784008800,2026-07-14T06:00:00+00:00,0.07228,0.07236,0.07217,0.07223,57.90754257907542,0.071851,0.07106632427079676,0.0737504,0.0005085714285714257,False,RSI_NOT_BELOW_35|CLOSE_NOT_NEAR_OR_BELOW_LOWER_BB|CLOSE_NOT_ABOVE_MA200
2026-07-14T09:00:59.543583+00:00,MR_TARGET_1R_V1,DOGE,DOGEUSDT,strategy-lab-v1.0.0:MR_TARGET_1R_V1,1784012400,2026-07-14T07:00:00+00:00,0.07219,0.07226,0.07201,0.07206,66.48044692737437,0.07184199999999999,0.07107137428021078,0.0737217,0.00046285714285713986,False,RSI_NOT_BELOW_35|CLOSE_NOT_NEAR_OR_BELOW_LOWER_BB|CLOSE_NOT_ABOVE_MA200
2026-07-14T09:00:59.543583+00:00,MR_TARGET_1R_V1,DOGE,DOGEUSDT,strategy-lab-v1.0.0:MR_TARGET_1R_V1,1784016000,2026-07-14T08:00:00+00:00,0.07208,0.0722,0.07196,0.07204,61.514195583596425,0.0718405,0.07107154031314988,0.07369165,0.0004421428571428542,False,RSI_NOT_BELOW_35|CLOSE_NOT_NEAR_OR_BELOW_LOWER_BB|CLOSE_NOT_ABOVE_MA200
2026-07-14T09:00:59.543583+00:00,MR_TARGET_1R_V1,NEAR,NEARUSDT,strategy-lab-v1.0.0:MR_TARGET_1R_V1,1783800000,2026-07-11T20:00:00+00:00,1.9,1.908,1.9,1.904,65.07936507936492,1.8990500000000001,1.881851453549759,1.96002,0.014642857142857148,False,RSI_NOT_BELOW_35|CLOSE_NOT_NEAR_OR_BELOW_LOWER_BB|CLOSE_NOT_ABOVE_MA200
2026-07-14T09:00:59.543583+00:00,MR_TARGET_1R_V1,NEAR,NEARUSDT,strategy-lab-v1.0.0:MR_TARGET_1R_V1,1783803600,2026-07-11T21:00:00+00:00,1.904,1.918,1.904,1.91,73.43749999999991,1.89955,1.8817009103873308,1.9591049999999999,0.014928571428571433,False,RSI_NOT_BELOW_35|CLOSE_NOT_NEAR_OR_BELOW_LOWER_BB|CLOSE_NOT_ABOVE_MA200
2026-07-14T09:00:59.543583+00:00,MR_TARGET_1R_V1,NEAR,NEARUSDT,strategy-lab-v1.0.0:MR_TARGET_1R_V1,1783807200,2026-07-11T22:00:00+00:00,1.909,1.913,1.892,1.895,54.92957746478881,1.89865,1.881818184886914,1.9581899999999999,0.015428571428571458,False,RSI_NOT_BELOW_35|CLOSE_NOT_NEAR_OR_BELOW_LOWER_BB|CLOSE_NOT_ABOVE_MA200
2026-07-14T09:00:59.543583+00:00,MR_TARGET_1R_V1,NEAR,NEARUSDT,strategy-lab-v1.0.0:MR_TARGET_1R_V1,1783810800,2026-07-11T23:00:00+00:00,1.896,1.9,1.863,1.865,37.99999999999999,1.8963,1.8750387676744475,1.957345,0.017071428571428595,False,RSI_NOT_BELOW_35|CLOSE_NOT_ABOVE_MA200
2026-07-14T09:00:59.543583+00:00,MR_TARGET_1R_V1,NEAR,NEARUSDT,strategy-lab-v1.0.0:MR_TARGET_1R_V1,1783814400,2026-07-12T00:00:00+00:00,1.865,1.877,1.854,1.868,39.805825242718505,1.8947499999999997,1.8702316395327676,1.95657,0.017785714285714294,False,RSI_NOT_BELOW_35|CLOSE_NOT_ABOVE_MA200
2026-07-14T09:00:59.543583+00:00,MR_TARGET_1R_V1,NEAR,NEARUSDT,strategy-lab-v1.0.0:MR_TARGET_1R_V1,1783818000,2026-07-12T01:00:00+00:00,1.868,1.889,1.867,1.888,43.636363636363626,1.89405,1.869600255625035,1.955915,0.018357142857142867,False,RSI_NOT_BELOW_35|CLOSE_NOT_NEAR_OR_BELOW_LOWER_BB|CLOSE_NOT_ABOVE_MA200
2026-07-14T09:00:59.543583+00:00,MR_TARGET_1R_V1,NEAR,NEARUSDT,strategy-lab-v1.0.0:MR_TARGET_1R_V1,1783821600,2026-07-12T02:00:00+00:00,1.888,1.888,1.876,1.882,41.739130434782574,1.8939,1.8691945350175079,1.955275,0.018357142857142867,False,RSI_NOT_BELOW_35|CLOSE_NOT_NEAR_OR_BELOW_LOWER_BB|CLOSE_NOT_ABOVE_MA200
2026-07-14T09:00:59.543583+00:00,MR_TARGET_1R_V1,NEAR,NEARUSDT,strategy-lab-v1.0.0:MR_TARGET_1R_V1,1783825200,2026-07-12T03:00:00+00:00,1.882,1.889,1.875,1.888,42.7350427350427,1.8942999999999999,1.870257537563695,1.954675,0.018357142857142867,False,RSI_NOT_BELOW_35|CLOSE_NOT_NEAR_OR_BELOW_LOWER_BB|CLOSE_NOT_ABOVE_MA200
2026-07-14T09:00:59.543583+00:00,MR_TARGET_1R_V1,NEAR,NEARUSDT,strategy-lab-v1.0.0:MR_TARGET_1R_V1,1783828800,2026-07-12T04:00:00+00:00,1.888,1.894,1.885,1.887,40.35087719298246,1.89425,1.8701512448454047,1.95396,0.017642857142857134,False,RSI_NOT_BELOW_35|CLOSE_NOT_NEAR_OR_BELOW_LOWER_BB|CLOSE_NOT_ABOVE_MA200
2026-07-14T09:00:59.543583+00:00,MR_TARGET_1R_V1,NEAR,NEARUSDT,strategy-lab-v1.0.0:MR_TARGET_1R_V1,1783832400,2026-07-12T05:00:00+00:00,1.887,1.892,1.88,1.886,41.81818181818182,1.8941000000000003,1.8698356228186026,1.953115,0.016142857142857143,False,RSI_NOT_BELOW_35|CLOSE_NOT_NEAR_OR_BELOW_LOWER_BB|CLOSE_NOT_ABOVE_MA200
2026-07-14T09:00:59.543583+00:00,MR_TARGET_1R_V1,NEAR,NEARUSDT,strategy-lab-v1.0.0:MR_TARGET_1R_V1,1783836000,2026-07-12T06:00:00+00:00,1.885,1.885,1.858,1.871,38.016528925619866,1.8931999999999998,1.8669885521193286,1.95227,0.017142857142857126,False,RSI_NOT_BELOW_35|CLOSE_NOT_NEAR_OR_BELOW_LOWER_BB|CLOSE_NOT_ABOVE_MA200
2026-07-14T09:00:59.543583+00:00,MR_TARGET_1R_V1,NEAR,NEARUSDT,strategy-lab-v1.0.0:MR_TARGET_1R_V1,1783839600,2026-07-12T07:00:00+00:00,1.871,1.884,1.871,1.875,38.524590163934405,1.8918499999999998,1.8648220515021736,1.95142,0.01721428571428569,False,RSI_NOT_BELOW_35|CLOSE_NOT_NEAR_OR_BELOW_LOWER_BB|CLOSE_NOT_ABOVE_MA200
2026-07-14T09:00:59.543583+00:00,MR_TARGET_1R_V1,NEAR,NEARUSDT,strategy-lab-v1.0.0:MR_TARGET_1R_V1,1783843200,2026-07-12T08:00:00+00:00,1.876,1.889,1.876,1.883,44.715447154471576,1.8909500000000001,1.8640020872793246,1.950545,0.016928571428571404,False,RSI_NOT_BELOW_35|CLOSE_NOT_NEAR_OR_BELOW_LOWER_BB|CLOSE_NOT_ABOVE_MA200
2026-07-14T09:00:59.543583+00:00,MR_TARGET_1R_V1,NEAR,NEARUSDT,strategy-lab-v1.0.0:MR_TARGET_1R_V1,1783846800,2026-07-12T09:00:00+00:00,1.883,1.893,1.868,1.892,46.874999999999986,1.8902999999999999,1.864122910780586,1.9499099999999998,0.017999999999999967,False,RSI_NOT_BELOW_35|CLOSE_NOT_NEAR_OR_BELOW_LOWER_BB|CLOSE_NOT_ABOVE_MA200
2026-07-14T09:00:59.543583+00:00,MR_TARGET_1R_V1,NEAR,NEARUSDT,strategy-lab-v1.0.0:MR_TARGET_1R_V1,1783850400,2026-07-12T10:00:00+00:00,1.89,1.89,1.878,1.879,40.87591240875912,1.8888000000000003,1.8636635722505932,1.949255,0.0184285714285714,False,RSI_NOT_BELOW_35|CLOSE_NOT_NEAR_OR_BELOW_LOWER_BB|CLOSE_NOT_ABOVE_MA200
2026-07-14T09:00:59.543583+00:00,MR_TARGET_1R_V1,NEAR,NEARUSDT,strategy-lab-v1.0.0:MR_TARGET_1R_V1,1783854000,2026-07-12T11:00:00+00:00,1.877,1.894,1.873,1.889,42.55319148936171,1.8880499999999998,1.863896532340031,1.948655,0.01892857142857139,False,RSI_NOT_BELOW_35|CLOSE_NOT_NEAR_OR_BELOW_LOWER_BB|CLOSE_NOT_ABOVE_MA200
2026-07-14T09:00:59.543583+00:00,MR_TARGET_1R_V1,NEAR,NEARUSDT,strategy-lab-v1.0.0:MR_TARGET_1R_V1,1783857600,2026-07-12T12:00:00+00:00,1.888,1.901,1.883,1.883,45.454545454545446,1.8872,1.8635983051455798,1.9480199999999999,0.018714285714285666,False,RSI_NOT_BELOW_35|CLOSE_NOT_NEAR_OR_BELOW_LOWER_BB|CLOSE_NOT_ABOVE_MA200
2026-07-14T09:00:59.543583+00:00,MR_TARGET_1R_V1,NEAR,NEARUSDT,strategy-lab-v1.0.0:MR_TARGET_1R_V1,1783861200,2026-07-12T13:00:00+00:00,1.883,1.894,1.88,1.88,57.14285714285711,1.8860500000000002,1.8634183849449235,1.9474349999999998,0.017071428571428533,False,RSI_NOT_BELOW_35|CLOSE_NOT_NEAR_OR_BELOW_LOWER_BB|CLOSE_NOT_ABOVE_MA200
2026-07-14T09:00:59.543583+00:00,MR_TARGET_1R_V1,NEAR,NEARUSDT,strategy-lab-v1.0.0:MR_TARGET_1R_V1,1783864800,2026-07-12T14:00:00+00:00,1.881,1.9,1.879,1.9,63.11475409836061,1.88625,1.8632033082634152,1.9469750000000001,0.016928571428571387,False,RSI_NOT_BELOW_35|CLOSE_NOT_NEAR_OR_BELOW_LOWER_BB|CLOSE_NOT_ABOVE_MA200
2026-07-14T09:00:59.543583+00:00,MR_TARGET_1R_V1,NEAR,NEARUSDT,strategy-lab-v1.0.0:MR_TARGET_1R_V1,1783868400,2026-07-12T15:00:00+00:00,1.9,1.908,1.896,1.898,54.80769230769232,1.88615,1.8633265471498905,1.94658,0.016214285714285674,False,RSI_NOT_BELOW_35|CLOSE_NOT_NEAR_OR_BELOW_LOWER_BB|CLOSE_NOT_ABOVE_MA200
2026-07-14T09:00:59.543583+00:00,MR_TARGET_1R_V1,NEAR,NEARUSDT,strategy-lab-v1.0.0:MR_TARGET_1R_V1,1783872000,2026-07-12T16:00:00+00:00,1.899,1.909,1.89,1.899,58.58585858585865,1.8859,1.8637649599051374,1.946205,0.01671428571428568,False,RSI_NOT_BELOW_35|CLOSE_NOT_NEAR_OR_BELOW_LOWER_BB|CLOSE_NOT_ABOVE_MA200
2026-07-14T09:00:59.543583+00:00,MR_TARGET_1R_V1,NEAR,NEARUSDT,strategy-lab-v1.0.0:MR_TARGET_1R_V1,1783875600,2026-07-12T17:00:00+00:00,1.9,1.909,1.89,1.894,53.06122448979592,1.8851,1.8654948986230324,1.945875,0.017071428571428546,False,RSI_NOT_BELOW_35|CLOSE_NOT_NEAR_OR_BELOW_LOWER_BB|CLOSE_NOT_ABOVE_MA200
2026-07-14T09:00:59.543583+00:00,MR_TARGET_1R_V1,NEAR,NEARUSDT,strategy-lab-v1.0.0:MR_TARGET_1R_V1,1783879200,2026-07-12T18:00:00+00:00,1.895,1.91,1.891,1.906,58.715596330275176,1.88565,1.8644153584913432,1.9456,0.017785714285714262,False,RSI_NOT_BELOW_35|CLOSE_NOT_NEAR_OR_BELOW_LOWER_BB|CLOSE_NOT_ABOVE_MA200
2026-07-14T09:00:59.543583+00:00,MR_TARGET_1R_V1,NEAR,NEARUSDT,strategy-lab-v1.0.0:MR_TARGET_1R_V1,1783882800,2026-07-12T19:00:00+00:00,1.908,1.935,1.906,1.932,67.16417910447761,1.8889999999999998,1.8616065701307563,1.9454250000000002,0.018999999999999986,False,RSI_NOT_BELOW_35|CLOSE_NOT_NEAR_OR_BELOW_LOWER_BB|CLOSE_NOT_ABOVE_MA200
2026-07-14T09:00:59.543583+00:00,MR_TARGET_1R_V1,NEAR,NEARUSDT,strategy-lab-v1.0.0:MR_TARGET_1R_V1,1783886400,2026-07-12T20:00:00+00:00,1.932,1.937,1.909,1.914,65.69343065693425,1.8913,1.863622572373843,1.94511,0.019,False,RSI_NOT_BELOW_35|CLOSE_NOT_NEAR_OR_BELOW_LOWER_BB|CLOSE_NOT_ABOVE_MA200
2026-07-14T09:00:59.543583+00:00,MR_TARGET_1R_V1,NEAR,NEARUSDT,strategy-lab-v1.0.0:MR_TARGET_1R_V1,1783890000,2026-07-12T21:00:00+00:00,1.915,1.92,1.894,1.896,56.953642384105926,1.8917000000000002,1.8639936830307393,1.94473,0.019928571428571438,False,RSI_NOT_BELOW_35|CLOSE_NOT_NEAR_OR_BELOW_LOWER_BB|CLOSE_NOT_ABOVE_MA200
2026-07-14T09:00:59.543583+00:00,MR_TARGET_1R_V1,NEAR,NEARUSDT,strategy-lab-v1.0.0:MR_TARGET_1R_V1,1783893600,2026-07-12T22:00:00+00:00,1.896,1.9,1.887,1.896,54.5454545454545,1.8923999999999999,1.8650036498781106,1.9441,0.019857142857142858,False,RSI_NOT_BELOW_35|CLOSE_NOT_NEAR_OR_BELOW_LOWER_BB|CLOSE_NOT_ABOVE_MA200
2026-07-14T09:00:59.543583+00:00,MR_TARGET_1R_V1,NEAR,NEARUSDT,strategy-lab-v1.0.0:MR_TARGET_1R_V1,1783897200,2026-07-12T23:00:00+00:00,1.897,1.897,1.882,1.887,48.251748251748296,1.89235,1.86491808428124,1.9433499999999997,0.01914285714285716,False,RSI_NOT_BELOW_35|CLOSE_NOT_NEAR_OR_BELOW_LOWER_BB|CLOSE_NOT_ABOVE_MA200
2026-07-14T09:00:59.543583+00:00,MR_TARGET_1R_V1,NEAR,NEARUSDT,strategy-lab-v1.0.0:MR_TARGET_1R_V1,1783900800,2026-07-13T00:00:00+00:00,1.886,1.932,1.882,1.905,58.78378378378377,1.89325,1.8654013016461966,1.942795,0.021714285714285735,False,RSI_NOT_BELOW_35|CLOSE_NOT_NEAR_OR_BELOW_LOWER_BB|CLOSE_NOT_ABOVE_MA200
2026-07-14T09:00:59.543583+00:00,MR_TARGET_1R_V1,NEAR,NEARUSDT,strategy-lab-v1.0.0:MR_TARGET_1R_V1,1783904400,2026-07-13T01:00:00+00:00,1.905,1.912,1.876,1.879,46.951219512195124,1.8928999999999998,1.8645246585923418,1.942045,0.022785714285714315,False,RSI_NOT_BELOW_35|CLOSE_NOT_NEAR_OR_BELOW_LOWER_BB|CLOSE_NOT_ABOVE_MA200
2026-07-14T09:00:59.543583+00:00,MR_TARGET_1R_V1,NEAR,NEARUSDT,strategy-lab-v1.0.0:MR_TARGET_1R_V1,1783908000,2026-07-13T02:00:00+00:00,1.878,1.9,1.874,1.889,51.785714285714285,1.8938,1.8671721949834175,1.9414899999999997,0.02335714285714287,False,RSI_NOT_BELOW_35|CLOSE_NOT_NEAR_OR_BELOW_LOWER_BB|CLOSE_NOT_ABOVE_MA200
2026-07-14T09:00:59.543583+00:00,MR_TARGET_1R_V1,NEAR,NEARUSDT,strategy-lab-v1.0.0:MR_TARGET_1R_V1,1783911600,2026-07-13T03:00:00+00:00,1.888,1.895,1.858,1.864,45.789473684210584,1.89325,1.8647061740475959,1.94081,0.025000000000000005,False,RSI_NOT_BELOW_35|CLOSE_NOT_ABOVE_MA200
2026-07-14T09:00:59.543583+00:00,MR_TARGET_1R_V1,NEAR,NEARUSDT,strategy-lab-v1.0.0:MR_TARGET_1R_V1,1783915200,2026-07-13T04:00:00+00:00,1.863,1.873,1.861,1.862,38.95348837209309,1.8922,1.8608210261480536,1.9401549999999999,0.024357142857142872,False,RSI_NOT_BELOW_35|CLOSE_NOT_NEAR_OR_BELOW_LOWER_BB|CLOSE_NOT_ABOVE_MA200
2026-07-14T09:00:59.543583+00:00,MR_TARGET_1R_V1,NEAR,NEARUSDT,strategy-lab-v1.0.0:MR_TARGET_1R_V1,1783918800,2026-07-13T05:00:00+00:00,1.86,1.897,1.854,1.893,48.75621890547266,1.8922500000000002,1.8608692734309555,1.9396250000000002,0.02657142857142858,False,RSI_NOT_BELOW_35|CLOSE_NOT_NEAR_OR_BELOW_LOWER_BB|CLOSE_NOT_ABOVE_MA200
2026-07-14T09:00:59.543583+00:00,MR_TARGET_1R_V1,NEAR,NEARUSDT,strategy-lab-v1.0.0:MR_TARGET_1R_V1,1783922400,2026-07-13T06:00:00+00:00,1.893,1.901,1.885,1.894,48.75621890547261,1.893,1.8622103913633001,1.9390749999999999,0.026357142857142857,False,RSI_NOT_BELOW_35|CLOSE_NOT_NEAR_OR_BELOW_LOWER_BB|CLOSE_NOT_ABOVE_MA200
2026-07-14T09:00:59.543583+00:00,MR_TARGET_1R_V1,NEAR,NEARUSDT,strategy-lab-v1.0.0:MR_TARGET_1R_V1,1783926000,2026-07-13T07:00:00+00:00,1.895,1.919,1.888,1.911,53.990610328638525,1.8941000000000003,1.862402050539489,1.93865,0.027214285714285715,False,RSI_NOT_BELOW_35|CLOSE_NOT_NEAR_OR_BELOW_LOWER_BB|CLOSE_NOT_ABOVE_MA200
2026-07-14T09:00:59.543583+00:00,MR_TARGET_1R_V1,NEAR,NEARUSDT,strategy-lab-v1.0.0:MR_TARGET_1R_V1,1783929600,2026-07-13T08:00:00+00:00,1.912,1.93,1.912,1.92,53.33333333333334,1.8959499999999998,1.8627748587041268,1.938325,0.027214285714285715,False,RSI_NOT_BELOW_35|CLOSE_NOT_NEAR_OR_BELOW_LOWER_BB|CLOSE_NOT_ABOVE_MA200
2026-07-14T09:00:59.543583+00:00,MR_TARGET_1R_V1,NEAR,NEARUSDT,strategy-lab-v1.0.0:MR_TARGET_1R_V1,1783933200,2026-07-13T09:00:00+00:00,1.919,1.928,1.907,1.916,45.74468085106382,1.8977499999999998,1.8643262060800823,1.9380100000000002,0.026642857142857128,False,RSI_NOT_BELOW_35|CLOSE_NOT_NEAR_OR_BELOW_LOWER_BB|CLOSE_NOT_ABOVE_MA200
2026-07-14T09:00:59.543583+00:00,MR_TARGET_1R_V1,NEAR,NEARUSDT,strategy-lab-v1.0.0:MR_TARGET_1R_V1,1783936800,2026-07-13T10:00:00+00:00,1.916,1.927,1.907,1.921,52.000000000000036,1.8988,1.8638737920752753,1.937765,0.026071428571428554,False,RSI_NOT_BELOW_35|CLOSE_NOT_NEAR_OR_BELOW_LOWER_BB|CLOSE_NOT_ABOVE_MA200
2026-07-14T09:00:59.543583+00:00,MR_TARGET_1R_V1,NEAR,NEARUSDT,strategy-lab-v1.0.0:MR_TARGET_1R_V1,1783940400,2026-07-13T11:00:00+00:00,1.921,1.926,1.91,1.914,55.487804878048784,1.8996000000000002,1.8640562241735477,1.93751,0.02535714285714284,False,RSI_NOT_BELOW_35|CLOSE_NOT_NEAR_OR_BELOW_LOWER_BB|CLOSE_NOT_ABOVE_MA200
2026-07-14T09:00:59.543583+00:00,MR_TARGET_1R_V1,NEAR,NEARUSDT,strategy-lab-v1.0.0:MR_TARGET_1R_V1,1783944000,2026-07-13T12:00:00+00:00,1.914,1.915,1.892,1.897,50.27624309392269,1.8995000000000002,1.8639387851725915,1.937145,0.026071428571428572,False,RSI_NOT_BELOW_35|CLOSE_NOT_NEAR_OR_BELOW_LOWER_BB|CLOSE_NOT_ABOVE_MA200
2026-07-14T09:00:59.543583+00:00,MR_TARGET_1R_V1,NEAR,NEARUSDT,strategy-lab-v1.0.0:MR_TARGET_1R_V1,1783947600,2026-07-13T13:00:00+00:00,1.896,1.914,1.887,1.912,56.68449197860961,1.9004,1.8645313507363173,1.9369349999999996,0.026928571428571413,False,RSI_NOT_BELOW_35|CLOSE_NOT_NEAR_OR_BELOW_LOWER_BB|CLOSE_NOT_ABOVE_MA200
2026-07-14T09:00:59.543583+00:00,MR_TARGET_1R_V1,NEAR,NEARUSDT,strategy-lab-v1.0.0:MR_TARGET_1R_V1,1783951200,2026-07-13T14:00:00+00:00,1.913,1.977,1.906,1.965,63.51351351351353,1.9033499999999997,1.8577417770571893,1.937005,0.02842857142857142,False,RSI_NOT_BELOW_35|CLOSE_NOT_NEAR_OR_BELOW_LOWER_BB
2026-07-14T09:00:59.543583+00:00,MR_TARGET_1R_V1,NEAR,NEARUSDT,strategy-lab-v1.0.0:MR_TARGET_1R_V1,1783954800,2026-07-13T15:00:00+00:00,1.965,1.969,1.933,1.937,62.946428571428584,1.9036000000000002,1.857316525627379,1.936905,0.02842857142857142,False,RSI_NOT_BELOW_35|CLOSE_NOT_NEAR_OR_BELOW_LOWER_BB
2026-07-14T09:00:59.543583+00:00,MR_TARGET_1R_V1,NEAR,NEARUSDT,strategy-lab-v1.0.0:MR_TARGET_1R_V1,1783958400,2026-07-13T16:00:00+00:00,1.937,1.96,1.92,1.946,62.78026905829596,1.9052,1.8555025151541742,1.936875,0.02942857142857144,False,RSI_NOT_BELOW_35|CLOSE_NOT_NEAR_OR_BELOW_LOWER_BB
2026-07-14T09:00:59.543583+00:00,MR_TARGET_1R_V1,NEAR,NEARUSDT,strategy-lab-v1.0.0:MR_TARGET_1R_V1,1783962000,2026-07-13T17:00:00+00:00,1.944,1.954,1.914,1.92,62.499999999999964,1.9064,1.8564904818696768,1.9368299999999998,0.029642857142857162,False,RSI_NOT_BELOW_35|CLOSE_NOT_NEAR_OR_BELOW_LOWER_BB|CLOSE_NOT_ABOVE_MA200
2026-07-14T09:00:59.543583+00:00,MR_TARGET_1R_V1,NEAR,NEARUSDT,strategy-lab-v1.0.0:MR_TARGET_1R_V1,1783965600,2026-07-13T18:00:00+00:00,1.919,1.932,1.891,1.894,56.451612903225765,1.9062999999999999,1.8562996000015892,1.93658,0.03171428571428573,False,RSI_NOT_BELOW_35|CLOSE_NOT_NEAR_OR_BELOW_LOWER_BB|CLOSE_NOT_ABOVE_MA200
2026-07-14T09:00:59.543583+00:00,MR_TARGET_1R_V1,NEAR,NEARUSDT,strategy-lab-v1.0.0:MR_TARGET_1R_V1,1783969200,2026-07-13T19:00:00+00:00,1.894,1.918,1.886,1.914,54.43037974683543,1.9076499999999998,1.8583538541060147,1.93642,0.030928571428571448,False,RSI_NOT_BELOW_35|CLOSE_NOT_NEAR_OR_BELOW_LOWER_BB|CLOSE_NOT_ABOVE_MA200
2026-07-14T09:00:59.543583+00:00,MR_TARGET_1R_V1,NEAR,NEARUSDT,strategy-lab-v1.0.0:MR_TARGET_1R_V1,1783972800,2026-07-13T20:00:00+00:00,1.915,1.917,1.893,1.899,50.996015936255,1.9073499999999999,1.8579201507184062,1.9361,0.03150000000000002,False,RSI_NOT_BELOW_35|CLOSE_NOT_NEAR_OR_BELOW_LOWER_BB|CLOSE_NOT_ABOVE_MA200
2026-07-14T09:00:59.543583+00:00,MR_TARGET_1R_V1,NEAR,NEARUSDT,strategy-lab-v1.0.0:MR_TARGET_1R_V1,1783976400,2026-07-13T21:00:00+00:00,1.899,1.909,1.877,1.879,43.7007874015748,1.9073499999999999,1.8579201507184062,1.9356049999999998,0.031571428571428584,False,RSI_NOT_BELOW_35|CLOSE_NOT_NEAR_OR_BELOW_LOWER_BB|CLOSE_NOT_ABOVE_MA200
2026-07-14T09:00:59.543583+00:00,MR_TARGET_1R_V1,NEAR,NEARUSDT,strategy-lab-v1.0.0:MR_TARGET_1R_V1,1783980000,2026-07-13T22:00:00+00:00,1.88,1.899,1.875,1.889,43.921568627450995,1.9073500000000003,1.8579201507184067,1.935165,0.03192857142857145,False,RSI_NOT_BELOW_35|CLOSE_NOT_NEAR_OR_BELOW_LOWER_BB|CLOSE_NOT_ABOVE_MA200
2026-07-14T09:00:59.543583+00:00,MR_TARGET_1R_V1,NEAR,NEARUSDT,strategy-lab-v1.0.0:MR_TARGET_1R_V1,1783983600,2026-07-13T23:00:00+00:00,1.888,1.923,1.884,1.922,51.05633802816901,1.91025,1.8646786274070986,1.934885,0.03321428571428575,False,RSI_NOT_BELOW_35|CLOSE_NOT_NEAR_OR_BELOW_LOWER_BB|CLOSE_NOT_ABOVE_MA200
2026-07-14T09:00:59.543583+00:00,MR_TARGET_1R_V1,NEAR,NEARUSDT,strategy-lab-v1.0.0:MR_TARGET_1R_V1,1783987200,2026-07-14T00:00:00+00:00,1.921,1.946,1.913,1.943,53.666666666666664,1.9142999999999997,1.8723471693445954,1.93474,0.034142857142857176,False,RSI_NOT_BELOW_35|CLOSE_NOT_NEAR_OR_BELOW_LOWER_BB
2026-07-14T09:00:59.543583+00:00,MR_TARGET_1R_V1,NEAR,NEARUSDT,strategy-lab-v1.0.0:MR_TARGET_1R_V1,1783990800,2026-07-14T01:00:00+00:00,1.946,1.963,1.932,1.962,57.6923076923077,1.9177499999999998,1.8721786274070988,1.9346800000000002,0.035214285714285753,False,RSI_NOT_BELOW_35|CLOSE_NOT_NEAR_OR_BELOW_LOWER_BB
2026-07-14T09:00:59.543583+00:00,MR_TARGET_1R_V1,NEAR,NEARUSDT,strategy-lab-v1.0.0:MR_TARGET_1R_V1,1783994400,2026-07-14T02:00:00+00:00,1.962,1.968,1.942,1.958,60.20066889632107,1.92095,1.87354757390174,1.9345499999999998,0.03542857142857146,False,RSI_NOT_BELOW_35|CLOSE_NOT_NEAR_OR_BELOW_LOWER_BB
2026-07-14T09:00:59.543583+00:00,MR_TARGET_1R_V1,NEAR,NEARUSDT,strategy-lab-v1.0.0:MR_TARGET_1R_V1,1783998000,2026-07-14T03:00:00+00:00,1.958,1.963,1.936,1.959,58.24561403508774,1.92335,1.87341293961394,1.93435,0.035428571428571476,False,RSI_NOT_BELOW_35|CLOSE_NOT_NEAR_OR_BELOW_LOWER_BB
2026-07-14T09:00:59.543583+00:00,MR_TARGET_1R_V1,NEAR,NEARUSDT,strategy-lab-v1.0.0:MR_TARGET_1R_V1,1784001600,2026-07-14T04:00:00+00:00,1.959,1.973,1.952,1.968,50.622406639004126,1.92575,1.8722042251900213,1.934155,0.0318571428571429,False,RSI_NOT_BELOW_35|CLOSE_NOT_NEAR_OR_BELOW_LOWER_BB
2026-07-14T09:00:59.543583+00:00,MR_TARGET_1R_V1,NEAR,NEARUSDT,strategy-lab-v1.0.0:MR_TARGET_1R_V1,1784005200,2026-07-14T05:00:00+00:00,1.967,2.001,1.963,1.991,61.4406779661017,1.9294999999999998,1.8691394168351483,1.9339849999999998,0.03200000000000003,False,RSI_NOT_BELOW_35|CLOSE_NOT_NEAR_OR_BELOW_LOWER_BB
2026-07-14T09:00:59.543583+00:00,MR_TARGET_1R_V1,NEAR,NEARUSDT,strategy-lab-v1.0.0:MR_TARGET_1R_V1,1784008800,2026-07-14T06:00:00+00:00,1.991,2.008,1.986,1.997,60.94420600858371,1.9332999999999998,1.866348973122132,1.933835,0.030714285714285743,False,RSI_NOT_BELOW_35|CLOSE_NOT_NEAR_OR_BELOW_LOWER_BB
2026-07-14T09:00:59.543583+00:00,MR_TARGET_1R_V1,NEAR,NEARUSDT,strategy-lab-v1.0.0:MR_TARGET_1R_V1,1784012400,2026-07-14T07:00:00+00:00,1.997,2.01,1.985,1.99,66.35514018691589,1.9370999999999998,1.866437704537703,1.933715,0.029642857142857144,False,RSI_NOT_BELOW_35|CLOSE_NOT_NEAR_OR_BELOW_LOWER_BB
2026-07-14T09:00:59.543583+00:00,MR_TARGET_1R_V1,NEAR,NEARUSDT,strategy-lab-v1.0.0:MR_TARGET_1R_V1,1784016000,2026-07-14T08:00:00+00:00,1.99,2.007,1.983,1.986,73.95833333333333,1.9415499999999999,1.870341924615245,1.933545,0.02842857142857144,False,RSI_NOT_BELOW_35|CLOSE_NOT_NEAR_OR_BELOW_LOWER_BB
2026-07-14T09:00:59.543583+00:00,MR_TARGET_1R_V1,PAXG,PAXGUSDT,strategy-lab-v1.0.0:MR_TARGET_1R_V1,1783800000,2026-07-11T20:00:00+00:00,4103.36,4104.26,4102.36,4104.26,36.676977463544596,4107.748,4101.0980748877655,4126.0283500000005,3.315714285714421,False,RSI_NOT_BELOW_35|CLOSE_NOT_NEAR_OR_BELOW_LOWER_BB|CLOSE_NOT_ABOVE_MA200
2026-07-14T09:00:59.543583+00:00,MR_TARGET_1R_V1,PAXG,PAXGUSDT,strategy-lab-v1.0.0:MR_TARGET_1R_V1,1783803600,2026-07-11T21:00:00+00:00,4103.75,4104.31,4098.02,4098.69,28.928571428571786,4107.205,4099.536744657466,4125.74525,3.619285714285849,False,CLOSE_NOT_ABOVE_MA200
2026-07-14T09:00:59.543583+00:00,MR_TARGET_1R_V1,PAXG,PAXGUSDT,strategy-lab-v1.0.0:MR_TARGET_1R_V1,1783807200,2026-07-11T22:00:00+00:00,4099.77,4100.21,4098.56,4100.17,30.806675938804716,4106.735,4098.56810707807,4125.43325,3.6642857142857923,False,CLOSE_NOT_NEAR_OR_BELOW_LOWER_BB|CLOSE_NOT_ABOVE_MA200
2026-07-14T09:00:59.543583+00:00,MR_TARGET_1R_V1,PAXG,PAXGUSDT,strategy-lab-v1.0.0:MR_TARGET_1R_V1,1783810800,2026-07-11T23:00:00+00:00,4100.17,4100.2,4097.67,4098.42,29.144736842105786,4106.189,4097.358580078036,4125.1492499999995,3.704285714285756,False,CLOSE_NOT_NEAR_OR_BELOW_LOWER_BB|CLOSE_NOT_ABOVE_MA200
2026-07-14T09:00:59.543583+00:00,MR_TARGET_1R_V1,PAXG,PAXGUSDT,strategy-lab-v1.0.0:MR_TARGET_1R_V1,1783814400,2026-07-12T00:00:00+00:00,4098.48,4099.08,4095.86,4096.53,27.958346481540502,4105.547,4095.905259285886,4124.8086,3.832857142857165,False,CLOSE_NOT_NEAR_OR_BELOW_LOWER_BB|CLOSE_NOT_ABOVE_MA200
2026-07-14T09:00:59.543583+00:00,MR_TARGET_1R_V1,PAXG,PAXGUSDT,strategy-lab-v1.0.0:MR_TARGET_1R_V1,1783818000,2026-07-12T01:00:00+00:00,4096.44,4099.14,4095.83,4097.42,29.753846153847505,4104.904500000001,4094.901489503248,4124.46845,4.033571428571479,False,CLOSE_NOT_NEAR_OR_BELOW_LOWER_BB|CLOSE_NOT_ABOVE_MA200
2026-07-14T09:00:59.543583+00:00,MR_TARGET_1R_V1,PAXG,PAXGUSDT,strategy-lab-v1.0.0:MR_TARGET_1R_V1,1783821600,2026-07-12T02:00:00+00:00,4097.62,4099.62,4097.41,4099.62,36.44458090267192,4104.371,4094.435900805824,4124.1326500000005,3.723571428571534,False,RSI_NOT_BELOW_35|CLOSE_NOT_NEAR_OR_BELOW_LOWER_BB|CLOSE_NOT_ABOVE_MA200
2026-07-14T09:00:59.543583+00:00,MR_TARGET_1R_V1,PAXG,PAXGUSDT,strategy-lab-v1.0.0:MR_TARGET_1R_V1,1783825200,2026-07-12T03:00:00+00:00,4099.71,4100.01,4098.84,4100.01,33.41910582180951,4103.847,4094.155605673171,4123.79745,3.581428571428692,False,CLOSE_NOT_NEAR_OR_BELOW_LOWER_BB|CLOSE_NOT_ABOVE_MA200
2026-07-14T09:00:59.543583+00:00,MR_TARGET_1R_V1,PAXG,PAXGUSDT,strategy-lab-v1.0.0:MR_TARGET_1R_V1,1783828800,2026-07-12T04:00:00+00:00,4100.09,4100.61,4099.43,4099.47,45.29206625980898,4103.26,4094.011555806621,4123.43595,2.7942857142858037,False,RSI_NOT_BELOW_35|CLOSE_NOT_NEAR_OR_BELOW_LOWER_BB|CLOSE_NOT_ABOVE_MA200
2026-07-14T09:00:59.543583+00:00,MR_TARGET_1R_V1,PAXG,PAXGUSDT,strategy-lab-v1.0.0:MR_TARGET_1R_V1,1783832400,2026-07-12T05:00:00+00:00,4099.83,4099.86,4096.05,4098.24,42.173730591691026,4102.617,4093.8633216875414,4123.07785,2.6164285714286115,False,RSI_NOT_BELOW_35|CLOSE_NOT_NEAR_OR_BELOW_LOWER_BB|CLOSE_NOT_ABOVE_MA200
2026-07-14T09:00:59.543583+00:00,MR_TARGET_1R_V1,PAXG,PAXGUSDT,strategy-lab-v1.0.0:MR_TARGET_1R_V1,1783836000,2026-07-12T06:00:00+00:00,4098.13,4098.14,4095.84,4096.37,34.49141900376955,4101.9105,4093.543482670152,4122.72805,2.551428571428557,False,CLOSE_NOT_NEAR_OR_BELOW_LOWER_BB|CLOSE_NOT_ABOVE_MA200
2026-07-14T09:00:59.543583+00:00,MR_TARGET_1R_V1,PAXG,PAXGUSDT,strategy-lab-v1.0.0:MR_TARGET_1R_V1,1783839600,2026-07-12T07:00:00+00:00,4096.67,4096.79,4095.2,4095.98,28.103989242494833,4101.1805,4093.442444753497,4122.38255,2.5114285714285285,False,CLOSE_NOT_NEAR_OR_BELOW_LOWER_BB|CLOSE_NOT_ABOVE_MA200
2026-07-14T09:00:59.543583+00:00,MR_TARGET_1R_V1,PAXG,PAXGUSDT,strategy-lab-v1.0.0:MR_TARGET_1R_V1,1783843200,2026-07-12T08:00:00+00:00,4095.89,4096.37,4095.86,4096.37,33.467336683419234,4100.5765,4093.3323788664256,4122.0849,2.341428571428488,False,CLOSE_NOT_NEAR_OR_BELOW_LOWER_BB|CLOSE_NOT_ABOVE_MA200
2026-07-14T09:00:59.543583+00:00,MR_TARGET_1R_V1,PAXG,PAXGUSDT,strategy-lab-v1.0.0:MR_TARGET_1R_V1,1783846800,2026-07-12T09:00:00+00:00,4095.79,4097.12,4095.71,4097.12,33.866133866135584,4099.9165,4094.073794205776,4121.77395,2.369999999999891,False,CLOSE_NOT_NEAR_OR_BELOW_LOWER_BB|CLOSE_NOT_ABOVE_MA200
2026-07-14T09:00:59.543583+00:00,MR_TARGET_1R_V1,PAXG,PAXGUSDT,strategy-lab-v1.0.0:MR_TARGET_1R_V1,1783850400,2026-07-12T10:00:00+00:00,4096.68,4097.65,4096.68,4097.64,33.33333333333562,4099.717,4093.849523200058,4121.4651,2.303571428571234,False,CLOSE_NOT_NEAR_OR_BELOW_LOWER_BB|CLOSE_NOT_ABOVE_MA200
2026-07-14T09:00:59.543583+00:00,MR_TARGET_1R_V1,PAXG,PAXGUSDT,strategy-lab-v1.0.0:MR_TARGET_1R_V1,1783854000,2026-07-12T11:00:00+00:00,4097.71,4097.71,4095.63,4095.63,40.61349693251805,4099.4,4093.370834220405,4121.1371,2.0028571428569455,False,RSI_NOT_BELOW_35|CLOSE_NOT_NEAR_OR_BELOW_LOWER_BB|CLOSE_NOT_ABOVE_MA200
2026-07-14T09:00:59.543583+00:00,MR_TARGET_1R_V1,PAXG,PAXGUSDT,strategy-lab-v1.0.0:MR_TARGET_1R_V1,1783857600,2026-07-12T12:00:00+00:00,4095.54,4095.68,4094.84,4094.99,33.24708926261427,4098.960499999999,4092.9913343130866,4120.8047,1.9449999999998064,False,CLOSE_NOT_NEAR_OR_BELOW_LOWER_BB|CLOSE_NOT_ABOVE_MA200
2026-07-14T09:00:59.543583+00:00,MR_TARGET_1R_V1,PAXG,PAXGUSDT,strategy-lab-v1.0.0:MR_TARGET_1R_V1,1783861200,2026-07-12T13:00:00+00:00,4094.8,4095.77,4093.39,4093.39,33.57282821685297,4098.3425,4092.766670465501,4120.4766,1.9342857142855467,False,CLOSE_NOT_NEAR_OR_BELOW_LOWER_BB|CLOSE_NOT_ABOVE_MA200
2026-07-14T09:00:59.543583+00:00,MR_TARGET_1R_V1,PAXG,PAXGUSDT,strategy-lab-v1.0.0:MR_TARGET_1R_V1,1783864800,2026-07-12T14:00:00+00:00,4094.02,4095.19,4092.75,4095.13,45.382585751980606,4097.9515,4092.6320478667662,4120.15325,1.8785714285712791,False,RSI_NOT_BELOW_35|CLOSE_NOT_NEAR_OR_BELOW_LOWER_BB|CLOSE_NOT_ABOVE_MA200
2026-07-14T09:00:59.543583+00:00,MR_TARGET_1R_V1,PAXG,PAXGUSDT,strategy-lab-v1.0.0:MR_TARGET_1R_V1,1783868400,2026-07-12T15:00:00+00:00,4095.8,4098.36,4095.24,4097.09,48.9833641404809,4097.6269999999995,4092.9699833586556,4119.832649999999,1.8728571428569336,False,RSI_NOT_BELOW_35|CLOSE_NOT_NEAR_OR_BELOW_LOWER_BB|CLOSE_NOT_ABOVE_MA200
2026-07-14T09:00:59.543583+00:00,MR_TARGET_1R_V1,PAXG,PAXGUSDT,strategy-lab-v1.0.0:MR_TARGET_1R_V1,1783872000,2026-07-12T16:00:00+00:00,4097.19,4097.91,4096.71,4096.71,39.902845246358375,4097.2495,4093.71585896026,4119.5121500000005,1.800714285714061,False,RSI_NOT_BELOW_35|CLOSE_NOT_NEAR_OR_BELOW_LOWER_BB|CLOSE_NOT_ABOVE_MA200
2026-07-14T09:00:59.543583+00:00,MR_TARGET_1R_V1,PAXG,PAXGUSDT,strategy-lab-v1.0.0:MR_TARGET_1R_V1,1783875600,2026-07-12T17:00:00+00:00,4096.72,4096.72,4093.01,4093.28,30.71633237822475,4096.979,4093.1150232922905,4119.154750000001,1.9821428571426298,False,CLOSE_NOT_NEAR_OR_BELOW_LOWER_BB|CLOSE_NOT_ABOVE_MA200
2026-07-14T09:00:59.543583+00:00,MR_TARGET_1R_V1,PAXG,PAXGUSDT,strategy-lab-v1.0.0:MR_TARGET_1R_V1,1783879200,2026-07-12T18:00:00+00:00,4093.27,4093.58,4092.12,4092.85,30.911188004614274,4096.613,4092.642140647454,4118.8055,2.0021428571426765,False,CLOSE_NOT_NEAR_OR_BELOW_LOWER_BB|CLOSE_NOT_ABOVE_MA200
2026-07-14T09:00:59.543583+00:00,MR_TARGET_1R_V1,PAXG,PAXGUSDT,strategy-lab-v1.0.0:MR_TARGET_1R_V1,1783882800,2026-07-12T19:00:00+00:00,4092.59,4093.76,4091.66,4093.76,36.83901292597177,4096.38,4092.3148505565364,4118.46325,1.8799999999998818,False,RSI_NOT_BELOW_35|CLOSE_NOT_NEAR_OR_BELOW_LOWER_BB|CLOSE_NOT_ABOVE_MA200
2026-07-14T09:00:59.543583+00:00,MR_TARGET_1R_V1,PAXG,PAXGUSDT,strategy-lab-v1.0.0:MR_TARGET_1R_V1,1783886400,2026-07-12T20:00:00+00:00,4093.5,4097.28,4092.84,4097.28,52.43706480985486,4096.4175000000005,4092.333713154719,4118.1363,2.025714285714165,False,RSI_NOT_BELOW_35|CLOSE_NOT_NEAR_OR_BELOW_LOWER_BB|CLOSE_NOT_ABOVE_MA200
2026-07-14T09:00:59.543583+00:00,MR_TARGET_1R_V1,PAXG,PAXGUSDT,strategy-lab-v1.0.0:MR_TARGET_1R_V1,1783890000,2026-07-12T21:00:00+00:00,4096.85,4097.21,4085.0,4085.0,32.035340314136604,4095.7964999999995,4089.3929376322494,4117.74735,2.789285714285565,False,CLOSE_NOT_ABOVE_MA200
2026-07-14T09:00:59.543583+00:00,MR_TARGET_1R_V1,PAXG,PAXGUSDT,strategy-lab-v1.0.0:MR_TARGET_1R_V1,1783893600,2026-07-12T22:00:00+00:00,4090.41,4092.66,4065.0,4068.18,20.004256224729346,4094.2245000000003,4080.7808673436984,4117.272150000001,4.728571428571286,False,CLOSE_NOT_ABOVE_MA200
2026-07-14T09:00:59.543583+00:00,MR_TARGET_1R_V1,PAXG,PAXGUSDT,strategy-lab-v1.0.0:MR_TARGET_1R_V1,1783897200,2026-07-12T23:00:00+00:00,4067.14,4077.5,4064.13,4077.5,32.343412526998364,4093.0990000000006,4078.1019457559987,4116.834,5.582857142857002,False,CLOSE_NOT_ABOVE_MA200
2026-07-14T09:00:59.543583+00:00,MR_TARGET_1R_V1,PAXG,PAXGUSDT,strategy-lab-v1.0.0:MR_TARGET_1R_V1,1783900800,2026-07-13T00:00:00+00:00,4077.72,4082.98,4055.48,4062.32,24.85046995158089,4091.2415,4071.430850061206,4116.3300500000005,7.477857142857049,False,CLOSE_NOT_ABOVE_MA200
2026-07-14T09:00:59.543583+00:00,MR_TARGET_1R_V1,PAXG,PAXGUSDT,strategy-lab-v1.0.0:MR_TARGET_1R_V1,1783904400,2026-07-13T01:00:00+00:00,4063.31,4081.13,4061.5,4066.48,29.860439408594758,4089.6534999999994,4067.4002878498995,4115.828700000001,8.731428571428491,False,CLOSE_NOT_ABOVE_MA200
2026-07-14T09:00:59.543583+00:00,MR_TARGET_1R_V1,PAXG,PAXGUSDT,strategy-lab-v1.0.0:MR_TARGET_1R_V1,1783908000,2026-07-13T02:00:00+00:00,4066.93,4069.28,4059.79,4062.32,28.475424957175065,4087.951,4062.9707438764676,4115.33,9.349285714285672,False,CLOSE_NOT_ABOVE_MA200
2026-07-14T09:00:59.543583+00:00,MR_TARGET_1R_V1,PAXG,PAXGUSDT,strategy-lab-v1.0.0:MR_TARGET_1R_V1,1783911600,2026-07-13T03:00:00+00:00,4060.01,4060.21,4047.41,4052.33,25.640721404841088,4085.7685000000006,4056.6852035740935,4114.782749999999,10.244285714285686,False,CLOSE_NOT_ABOVE_MA200
2026-07-14T09:00:59.543583+00:00,MR_TARGET_1R_V1,PAXG,PAXGUSDT,strategy-lab-v1.0.0:MR_TARGET_1R_V1,1783915200,2026-07-13T04:00:00+00:00,4052.11,4052.11,4045.37,4048.9,23.112713737350163,4083.3949999999995,4050.6431600517303,4114.21005,10.567142857142828,False,CLOSE_NOT_ABOVE_MA200
2026-07-14T09:00:59.543583+00:00,MR_TARGET_1R_V1,PAXG,PAXGUSDT,strategy-lab-v1.0.0:MR_TARGET_1R_V1,1783918800,2026-07-13T05:00:00+00:00,4051.74,4065.4,4047.12,4048.06,21.107837360046986,4080.942,4045.4363454644626,4113.630300000001,11.642142857142874,False,CLOSE_NOT_NEAR_OR_BELOW_LOWER_BB|CLOSE_NOT_ABOVE_MA200
2026-07-14T09:00:59.543583+00:00,MR_TARGET_1R_V1,PAXG,PAXGUSDT,strategy-lab-v1.0.0:MR_TARGET_1R_V1,1783922400,2026-07-13T06:00:00+00:00,4048.77,4055.93,4038.8,4044.81,20.41723666210659,4078.3005,4040.3784607748107,4113.03345,12.780000000000005,False,CLOSE_NOT_NEAR_OR_BELOW_LOWER_BB|CLOSE_NOT_ABOVE_MA200
2026-07-14T09:00:59.543583+00:00,MR_TARGET_1R_V1,PAXG,PAXGUSDT,strategy-lab-v1.0.0:MR_TARGET_1R_V1,1783926000,2026-07-13T07:00:00+00:00,4046.44,4060.0,4046.38,4060.0,33.27301970245266,4076.5189999999993,4038.673188659817,4112.5108,13.600000000000007,False,CLOSE_NOT_NEAR_OR_BELOW_LOWER_BB|CLOSE_NOT_ABOVE_MA200
2026-07-14T09:00:59.543583+00:00,MR_TARGET_1R_V1,PAXG,PAXGUSDT,strategy-lab-v1.0.0:MR_TARGET_1R_V1,1783929600,2026-07-13T08:00:00+00:00,4060.74,4072.41,4058.28,4068.33,38.58260383684109,4075.186,4038.1674336312626,4112.0401,14.50499999999998,False,RSI_NOT_BELOW_35|CLOSE_NOT_NEAR_OR_BELOW_LOWER_BB|CLOSE_NOT_ABOVE_MA200
2026-07-14T09:00:59.543583+00:00,MR_TARGET_1R_V1,PAXG,PAXGUSDT,strategy-lab-v1.0.0:MR_TARGET_1R_V1,1783933200,2026-07-13T09:00:00+00:00,4069.53,4069.53,4062.3,4063.61,36.44212609047562,4073.697,4037.3372777238806,4111.5361,14.871428571428526,False,RSI_NOT_BELOW_35|CLOSE_NOT_NEAR_OR_BELOW_LOWER_BB|CLOSE_NOT_ABOVE_MA200
2026-07-14T09:00:59.543583+00:00,MR_TARGET_1R_V1,PAXG,PAXGUSDT,strategy-lab-v1.0.0:MR_TARGET_1R_V1,1783936800,2026-07-13T10:00:00+00:00,4062.37,4062.63,4042.07,4054.05,31.561886889021693,4071.643,4035.719748977905,4111.0027,16.092857142857124,False,CLOSE_NOT_NEAR_OR_BELOW_LOWER_BB|CLOSE_NOT_ABOVE_MA200
2026-07-14T09:00:59.543583+00:00,MR_TARGET_1R_V1,PAXG,PAXGUSDT,strategy-lab-v1.0.0:MR_TARGET_1R_V1,1783940400,2026-07-13T11:00:00+00:00,4053.17,4060.0,4049.06,4050.01,33.94806863014962,4069.2889999999998,4034.183415316131,4110.45285,15.99714285714286,False,CLOSE_NOT_NEAR_OR_BELOW_LOWER_BB|CLOSE_NOT_ABOVE_MA200
2026-07-14T09:00:59.543583+00:00,MR_TARGET_1R_V1,PAXG,PAXGUSDT,strategy-lab-v1.0.0:MR_TARGET_1R_V1,1783944000,2026-07-13T12:00:00+00:00,4050.57,4059.04,4048.94,4058.48,45.18084260731326,4067.3775,4034.350671587387,4109.935,14.742857142857149,False,RSI_NOT_BELOW_35|CLOSE_NOT_NEAR_OR_BELOW_LOWER_BB|CLOSE_NOT_ABOVE_MA200
2026-07-14T09:00:59.543583+00:00,MR_TARGET_1R_V1,PAXG,PAXGUSDT,strategy-lab-v1.0.0:MR_TARGET_1R_V1,1783947600,2026-07-13T13:00:00+00:00,4058.43,4058.53,4033.55,4033.55,31.096774193548313,4064.3910000000005,4030.482789843815,4109.289000000001,15.572142857142873,False,CLOSE_NOT_NEAR_OR_BELOW_LOWER_BB|CLOSE_NOT_ABOVE_MA200
2026-07-14T09:00:59.543583+00:00,MR_TARGET_1R_V1,PAXG,PAXGUSDT,strategy-lab-v1.0.0:MR_TARGET_1R_V1,1783951200,2026-07-13T14:00:00+00:00,4035.0,4036.75,3997.44,4009.79,28.959384763277882,4060.238,4021.3143826964165,4108.5252,16.415714285714298,False,CLOSE_NOT_ABOVE_MA200
2026-07-14T09:00:59.543583+00:00,MR_TARGET_1R_V1,PAXG,PAXGUSDT,strategy-lab-v1.0.0:MR_TARGET_1R_V1,1783954800,2026-07-13T15:00:00+00:00,4012.08,4014.69,4007.03,4010.52,26.952224052718208,4056.076,4014.658732876304,4107.765049999999,15.56071428571428,False,CLOSE_NOT_ABOVE_MA200
2026-07-14T09:00:59.543583+00:00,MR_TARGET_1R_V1,PAXG,PAXGUSDT,strategy-lab-v1.0.0:MR_TARGET_1R_V1,1783958400,2026-07-13T16:00:00+00:00,4010.98,4013.15,3984.24,3990.0,23.75145180023219,4050.7120000000004,4004.517263676526,4106.8966,16.947857142857142,False,CLOSE_NOT_ABOVE_MA200
2026-07-14T09:00:59.543583+00:00,MR_TARGET_1R_V1,PAXG,PAXGUSDT,strategy-lab-v1.0.0:MR_TARGET_1R_V1,1783962000,2026-07-13T17:00:00+00:00,3992.27,3998.28,3990.0,3990.64,25.979285102406223,4045.994,3995.679874587795,4106.0376,16.474285714285706,False,CLOSE_NOT_ABOVE_MA200
2026-07-14T09:00:59.543583+00:00,MR_TARGET_1R_V1,PAXG,PAXGUSDT,strategy-lab-v1.0.0:MR_TARGET_1R_V1,1783965600,2026-07-13T18:00:00+00:00,3989.41,4001.93,3983.84,3998.78,31.174879807692335,4042.524,3989.3193361443286,4105.202249999999,17.26928571428568,False,CLOSE_NOT_NEAR_OR_BELOW_LOWER_BB|CLOSE_NOT_ABOVE_MA200
2026-07-14T09:00:59.543583+00:00,MR_TARGET_1R_V1,PAXG,PAXGUSDT,strategy-lab-v1.0.0:MR_TARGET_1R_V1,1783969200,2026-07-13T19:00:00+00:00,3996.05,4000.89,3991.12,3998.6,31.330212894458697,4038.5789999999993,3984.6375169281114,4104.3597,16.661428571428523,False,CLOSE_NOT_NEAR_OR_BELOW_LOWER_BB|CLOSE_NOT_ABOVE_MA200
2026-07-14T09:00:59.543583+00:00,MR_TARGET_1R_V1,PAXG,PAXGUSDT,strategy-lab-v1.0.0:MR_TARGET_1R_V1,1783972800,2026-07-13T20:00:00+00:00,3999.12,4002.07,3993.21,3998.72,32.181241784582014,4035.399,3979.953035710481,4103.5204,16.07071428571427,False,CLOSE_NOT_NEAR_OR_BELOW_LOWER_BB|CLOSE_NOT_ABOVE_MA200
2026-07-14T09:00:59.543583+00:00,MR_TARGET_1R_V1,PAXG,PAXGUSDT,strategy-lab-v1.0.0:MR_TARGET_1R_V1,1783976400,2026-07-13T21:00:00+00:00,3998.71,4001.37,3995.25,4001.0,24.660711218003797,4032.125,3976.6738396875735,4102.701050000001,15.422857142857115,False,CLOSE_NOT_NEAR_OR_BELOW_LOWER_BB|CLOSE_NOT_ABOVE_MA200
2026-07-14T09:00:59.543583+00:00,MR_TARGET_1R_V1,PAXG,PAXGUSDT,strategy-lab-v1.0.0:MR_TARGET_1R_V1,1783980000,2026-07-13T22:00:00+00:00,3997.6,4000.99,3994.76,3994.76,17.825592582874236,4028.7470000000003,3972.835742779345,4101.852,14.859285714285695,False,CLOSE_NOT_NEAR_OR_BELOW_LOWER_BB|CLOSE_NOT_ABOVE_MA200
2026-07-14T09:00:59.543583+00:00,MR_TARGET_1R_V1,PAXG,PAXGUSDT,strategy-lab-v1.0.0:MR_TARGET_1R_V1,1783983600,2026-07-13T23:00:00+00:00,3994.26,3996.1,3987.72,3995.35,19.029038112522528,4025.8979999999997,3969.281378553695,4101.00445,14.94142857142856,False,CLOSE_NOT_NEAR_OR_BELOW_LOWER_BB|CLOSE_NOT_ABOVE_MA200
2026-07-14T09:00:59.543583+00:00,MR_TARGET_1R_V1,PAXG,PAXGUSDT,strategy-lab-v1.0.0:MR_TARGET_1R_V1,1783987200,2026-07-14T00:00:00+00:00,3995.04,4000.33,3979.8,3996.05,21.38346161436752,4023.2555,3966.2478442071683,4100.16385,14.869285714285686,False,CLOSE_NOT_NEAR_OR_BELOW_LOWER_BB|CLOSE_NOT_ABOVE_MA200
2026-07-14T09:00:59.543583+00:00,MR_TARGET_1R_V1,PAXG,PAXGUSDT,strategy-lab-v1.0.0:MR_TARGET_1R_V1,1783990800,2026-07-14T01:00:00+00:00,3992.28,4005.13,3987.53,4002.79,27.306805074971024,4020.9920000000006,3964.511084780841,4099.34735,15.344999999999962,False,CLOSE_NOT_NEAR_OR_BELOW_LOWER_BB|CLOSE_NOT_ABOVE_MA200
2026-07-14T09:00:59.543583+00:00,MR_TARGET_1R_V1,PAXG,PAXGUSDT,strategy-lab-v1.0.0:MR_TARGET_1R_V1,1783994400,2026-07-14T02:00:00+00:00,4002.88,4011.99,4002.88,4010.09,26.48002333041717,4019.2560000000003,3963.683072274409,4098.5676,15.280714285714241,False,CLOSE_NOT_NEAR_OR_BELOW_LOWER_BB|CLOSE_NOT_ABOVE_MA200
2026-07-14T09:00:59.543583+00:00,MR_TARGET_1R_V1,PAXG,PAXGUSDT,strategy-lab-v1.0.0:MR_TARGET_1R_V1,1783998000,2026-07-14T03:00:00+00:00,4007.66,4011.86,4005.72,4010.22,35.05828102984481,4016.7670000000007,3964.346727547507,4097.78185,13.934999999999977,False,RSI_NOT_BELOW_35|CLOSE_NOT_NEAR_OR_BELOW_LOWER_BB|CLOSE_NOT_ABOVE_MA200
2026-07-14T09:00:59.543583+00:00,MR_TARGET_1R_V1,PAXG,PAXGUSDT,strategy-lab-v1.0.0:MR_TARGET_1R_V1,1784001600,2026-07-14T04:00:00+00:00,4010.31,4016.18,4007.04,4015.45,54.75310715485376,4014.1230000000005,3967.3413762146556,4097.0029,11.779999999999973,False,RSI_NOT_BELOW_35|CLOSE_NOT_NEAR_OR_BELOW_LOWER_BB|CLOSE_NOT_ABOVE_MA200
2026-07-14T09:00:59.543583+00:00,MR_TARGET_1R_V1,PAXG,PAXGUSDT,strategy-lab-v1.0.0:MR_TARGET_1R_V1,1784005200,2026-07-14T05:00:00+00:00,4015.59,4025.06,4013.35,4024.65,60.388178209086945,4012.175,3970.8747285724,4096.25355,12.0692857142857,False,RSI_NOT_BELOW_35|CLOSE_NOT_NEAR_OR_BELOW_LOWER_BB|CLOSE_NOT_ABOVE_MA200
2026-07-14T09:00:59.543583+00:00,MR_TARGET_1R_V1,PAXG,PAXGUSDT,strategy-lab-v1.0.0:MR_TARGET_1R_V1,1784008800,2026-07-14T06:00:00+00:00,4024.13,4025.32,4013.74,4014.94,71.80069930069925,4010.2195,3973.596523346083,4095.41575,10.831428571428562,False,RSI_NOT_BELOW_35|CLOSE_NOT_NEAR_OR_BELOW_LOWER_BB|CLOSE_NOT_ABOVE_MA200
2026-07-14T09:00:59.543583+00:00,MR_TARGET_1R_V1,PAXG,PAXGUSDT,strategy-lab-v1.0.0:MR_TARGET_1R_V1,1784012400,2026-07-14T07:00:00+00:00,4014.94,4021.61,4010.28,4010.28,66.0405096373736,4008.233,3976.47136207005,4094.62205,11.049285714285686,False,RSI_NOT_BELOW_35|CLOSE_NOT_NEAR_OR_BELOW_LOWER_BB|CLOSE_NOT_ABOVE_MA200
2026-07-14T09:00:59.543583+00:00,MR_TARGET_1R_V1,PAXG,PAXGUSDT,strategy-lab-v1.0.0:MR_TARGET_1R_V1,1784016000,2026-07-14T08:00:00+00:00,4009.79,4015.4,4009.12,4010.98,61.342506507995424,4005.858,3983.885377398382,4093.8516499999996,10.205714285714294,False,RSI_NOT_BELOW_35|CLOSE_NOT_NEAR_OR_BELOW_LOWER_BB|CLOSE_NOT_ABOVE_MA200
2026-07-14T12:56:15.785296+00:00,MR_TARGET_1R_V1,BTC,BTCUSDT,strategy-lab-v1.0.0:MR_TARGET_1R_V1,1784019600,2026-07-14T09:00:00+00:00,62631.32,62663.04,62456.96,62554.05,60.142128021549745,62357.0465,61807.14182523275,63263.578799999996,283.44571428571413,False,RSI_NOT_BELOW_35|CLOSE_NOT_NEAR_OR_BELOW_LOWER_BB|CLOSE_NOT_ABOVE_MA200
2026-07-14T12:56:15.785296+00:00,MR_TARGET_1R_V1,BTC,BTCUSDT,strategy-lab-v1.0.0:MR_TARGET_1R_V1,1784023200,2026-07-14T10:00:00+00:00,62554.06,62832.32,62535.03,62725.61,66.28685094693915,62357.517499999994,61806.36846030667,63260.265250000004,284.3149999999997,False,RSI_NOT_BELOW_35|CLOSE_NOT_NEAR_OR_BELOW_LOWER_BB|CLOSE_NOT_ABOVE_MA200
2026-07-14T12:56:15.785296+00:00,MR_TARGET_1R_V1,BTC,BTCUSDT,strategy-lab-v1.0.0:MR_TARGET_1R_V1,1784026800,2026-07-14T11:00:00+00:00,62725.6,62849.99,62641.98,62769.76,72.75868779374574,62368.9745,61794.0626082993,63257.95235000001,275.95214285714195,False,RSI_NOT_BELOW_35|CLOSE_NOT_NEAR_OR_BELOW_LOWER_BB|CLOSE_NOT_ABOVE_MA200
2026-07-14T12:56:15.785296+00:00,MR_TARGET_1R_V1,BTC,BTCUSDT,strategy-lab-v1.0.0:MR_TARGET_1R_V1,1784030400,2026-07-14T12:00:00+00:00,62769.77,63796.14,62710.88,63730.24,87.79833950185063,62445.269499999995,61625.25253450544,63260.569800000005,328.99785714285673,False,RSI_NOT_BELOW_35|CLOSE_NOT_NEAR_OR_BELOW_LOWER_BB
2026-07-14T12:56:15.785296+00:00,MR_TARGET_1R_V1,ETH,ETHUSDT,strategy-lab-v1.0.0:MR_TARGET_1R_V1,1784019600,2026-07-14T09:00:00+00:00,1783.89,1787.72,1780.81,1784.18,58.65904526494667,1774.7475,1754.6090364290073,1777.5074500000003,11.592142857142838,False,RSI_NOT_BELOW_35|CLOSE_NOT_NEAR_OR_BELOW_LOWER_BB
2026-07-14T12:56:15.785296+00:00,MR_TARGET_1R_V1,ETH,ETHUSDT,strategy-lab-v1.0.0:MR_TARGET_1R_V1,1784023200,2026-07-14T10:00:00+00:00,1784.24,1802.88,1784.06,1798.36,72.95747062115265,1775.6654999999998,1753.1226718943653,1777.58825,11.829999999999993,False,RSI_NOT_BELOW_35|CLOSE_NOT_NEAR_OR_BELOW_LOWER_BB
2026-07-14T12:56:15.785296+00:00,MR_TARGET_1R_V1,ETH,ETHUSDT,strategy-lab-v1.0.0:MR_TARGET_1R_V1,1784026800,2026-07-14T11:00:00+00:00,1798.28,1800.9,1793.53,1796.5,77.0310192023632,1776.721,1752.4203235485065,1777.6804000000002,11.320000000000002,False,RSI_NOT_BELOW_35|CLOSE_NOT_NEAR_OR_BELOW_LOWER_BB
2026-07-14T12:56:15.785296+00:00,MR_TARGET_1R_V1,ETH,ETHUSDT,strategy-lab-v1.0.0:MR_TARGET_1R_V1,1784030400,2026-07-14T12:00:00+00:00,1796.5,1851.21,1792.38,1844.55,89.64036500268372,1780.438,1742.3994071763937,1778.0216500000001,14.586428571428574,False,RSI_NOT_BELOW_35|CLOSE_NOT_NEAR_OR_BELOW_LOWER_BB
2026-07-14T12:56:15.785296+00:00,MR_TARGET_1R_V1,SOL,SOLUSDT,strategy-lab-v1.0.0:MR_TARGET_1R_V1,1784019600,2026-07-14T09:00:00+00:00,75.07,75.21,74.8,74.99,48.297213622291004,75.03899999999999,74.23837774200221,78.18915,0.4878571428571427,False,RSI_NOT_BELOW_35|CLOSE_NOT_NEAR_OR_BELOW_LOWER_BB|CLOSE_NOT_ABOVE_MA200
2026-07-14T12:56:15.785296+00:00,MR_TARGET_1R_V1,SOL,SOLUSDT,strategy-lab-v1.0.0:MR_TARGET_1R_V1,1784023200,2026-07-14T10:00:00+00:00,75.0,75.5,74.89,75.37,60.06191950464417,75.0035,74.33932306574117,78.1614,0.47857142857142776,False,RSI_NOT_BELOW_35|CLOSE_NOT_NEAR_OR_BELOW_LOWER_BB|CLOSE_NOT_ABOVE_MA200
2026-07-14T12:56:15.785296+00:00,MR_TARGET_1R_V1,SOL,SOLUSDT,strategy-lab-v1.0.0:MR_TARGET_1R_V1,1784026800,2026-07-14T11:00:00+00:00,75.37,75.5,75.24,75.31,66.66666666666683,74.982,74.3907437103916,78.1343,0.4464285714285704,False,RSI_NOT_BELOW_35|CLOSE_NOT_NEAR_OR_BELOW_LOWER_BB|CLOSE_NOT_ABOVE_MA200
2026-07-14T12:56:15.785296+00:00,MR_TARGET_1R_V1,SOL,SOLUSDT,strategy-lab-v1.0.0:MR_TARGET_1R_V1,1784030400,2026-07-14T12:00:00+00:00,75.31,76.65,75.1,76.64,76.73860911271005,75.0535,74.1215498940386,78.1138,0.5335714285714275,False,RSI_NOT_BELOW_35|CLOSE_NOT_NEAR_OR_BELOW_LOWER_BB|CLOSE_NOT_ABOVE_MA200
2026-07-14T12:56:15.785296+00:00,MR_TARGET_1R_V1,XRP,XRPUSDT,strategy-lab-v1.0.0:MR_TARGET_1R_V1,1784019600,2026-07-14T09:00:00+00:00,1.0675,1.0693,1.0665,1.0674,51.97568389057727,1.065715,1.0564359321588368,1.101326,0.005749999999999985,False,RSI_NOT_BELOW_35|CLOSE_NOT_NEAR_OR_BELOW_LOWER_BB|CLOSE_NOT_ABOVE_MA200
2026-07-14T12:56:15.785296+00:00,MR_TARGET_1R_V1,XRP,XRPUSDT,strategy-lab-v1.0.0:MR_TARGET_1R_V1,1784023200,2026-07-14T10:00:00+00:00,1.0673,1.0711,1.0666,1.07,64.16938110749192,1.0654,1.0572166021726355,1.100938,0.005421428571428561,False,RSI_NOT_BELOW_35|CLOSE_NOT_NEAR_OR_BELOW_LOWER_BB|CLOSE_NOT_ABOVE_MA200
2026-07-14T12:56:15.785296+00:00,MR_TARGET_1R_V1,XRP,XRPUSDT,strategy-lab-v1.0.0:MR_TARGET_1R_V1,1784026800,2026-07-14T11:00:00+00:00,1.07,1.0718,1.0679,1.0716,72.44897959183649,1.0654,1.0572166021726355,1.1005645,0.0050571428571428555,False,RSI_NOT_BELOW_35|CLOSE_NOT_NEAR_OR_BELOW_LOWER_BB|CLOSE_NOT_ABOVE_MA200
2026-07-14T12:56:15.785296+00:00,MR_TARGET_1R_V1,XRP,XRPUSDT,strategy-lab-v1.0.0:MR_TARGET_1R_V1,1784030400,2026-07-14T12:00:00+00:00,1.0715,1.0889,1.0692,1.087,83.7899543378994,1.066375,1.0539012074732301,1.100275,0.006078571428571425,False,RSI_NOT_BELOW_35|CLOSE_NOT_NEAR_OR_BELOW_LOWER_BB|CLOSE_NOT_ABOVE_MA200
2026-07-14T12:56:15.785296+00:00,MR_TARGET_1R_V1,DOGE,DOGEUSDT,strategy-lab-v1.0.0:MR_TARGET_1R_V1,1784019600,2026-07-14T09:00:00+00:00,0.07203,0.07217,0.07199,0.072,54.67625899280571,0.071838,0.07107143362974841,0.0736632,0.00041571428571428315,False,RSI_NOT_BELOW_35|CLOSE_NOT_NEAR_OR_BELOW_LOWER_BB|CLOSE_NOT_ABOVE_MA200
2026-07-14T12:56:15.785296+00:00,MR_TARGET_1R_V1,DOGE,DOGEUSDT,strategy-lab-v1.0.0:MR_TARGET_1R_V1,1784023200,2026-07-14T10:00:00+00:00,0.07202,0.07228,0.07189,0.07219,58.1632653061226,0.0718225,0.07109876316937667,0.0736361,0.00041428571428571225,False,RSI_NOT_BELOW_35|CLOSE_NOT_NEAR_OR_BELOW_LOWER_BB|CLOSE_NOT_ABOVE_MA200
2026-07-14T12:56:15.785296+00:00,MR_TARGET_1R_V1,DOGE,DOGEUSDT,strategy-lab-v1.0.0:MR_TARGET_1R_V1,1784026800,2026-07-14T11:00:00+00:00,0.07218,0.07225,0.07211,0.07219,64.04494382022469,0.0718325,0.0710943977035663,0.07361015,0.0003721428571428556,False,RSI_NOT_BELOW_35|CLOSE_NOT_NEAR_OR_BELOW_LOWER_BB|CLOSE_NOT_ABOVE_MA200
2026-07-14T12:56:15.785296+00:00,MR_TARGET_1R_V1,DOGE,DOGEUSDT,strategy-lab-v1.0.0:MR_TARGET_1R_V1,1784030400,2026-07-14T12:00:00+00:00,0.07219,0.07329,0.07205,0.07318,77.58620689655162,0.0719125,0.07097997922275122,0.07359085,0.00042214285714285504,False,RSI_NOT_BELOW_35|CLOSE_NOT_NEAR_OR_BELOW_LOWER_BB|CLOSE_NOT_ABOVE_MA200
2026-07-14T12:56:15.785296+00:00,MR_TARGET_1R_V1,NEAR,NEARUSDT,strategy-lab-v1.0.0:MR_TARGET_1R_V1,1784019600,2026-07-14T09:00:00+00:00,1.987,1.988,1.972,1.984,70.11494252873563,1.94515,1.8730077100446552,1.933455,0.027285714285714295,False,RSI_NOT_BELOW_35|CLOSE_NOT_NEAR_OR_BELOW_LOWER_BB
2026-07-14T12:56:15.785296+00:00,MR_TARGET_1R_V1,NEAR,NEARUSDT,strategy-lab-v1.0.0:MR_TARGET_1R_V1,1784023200,2026-07-14T10:00:00+00:00,1.983,1.994,1.97,1.97,70.52023121387279,1.9454,1.8729502933063147,1.93328,0.027285714285714295,False,RSI_NOT_BELOW_35|CLOSE_NOT_NEAR_OR_BELOW_LOWER_BB
2026-07-14T12:56:15.785296+00:00,MR_TARGET_1R_V1,NEAR,NEARUSDT,strategy-lab-v1.0.0:MR_TARGET_1R_V1,1784026800,2026-07-14T11:00:00+00:00,1.97,1.991,1.967,1.986,81.65680473372775,1.94785,1.8734153978313781,1.933235,0.02671428571428572,False,RSI_NOT_BELOW_35|CLOSE_NOT_NEAR_OR_BELOW_LOWER_BB
2026-07-14T12:56:15.785296+00:00,MR_TARGET_1R_V1,NEAR,NEARUSDT,strategy-lab-v1.0.0:MR_TARGET_1R_V1,1784030400,2026-07-14T12:00:00+00:00,1.985,2.038,1.974,2.028,84.57711442786065,1.95195,1.8697466545692878,1.93344,0.029571428571428564,False,RSI_NOT_BELOW_35|CLOSE_NOT_NEAR_OR_BELOW_LOWER_BB
2026-07-14T12:56:15.785296+00:00,MR_TARGET_1R_V1,PAXG,PAXGUSDT,strategy-lab-v1.0.0:MR_TARGET_1R_V1,1784019600,2026-07-14T09:00:00+00:00,4012.08,4015.42,4008.71,4012.02,61.41933287950989,4004.6435000000006,3986.560645938954,4093.0092999999997,10.086428571428607,False,RSI_NOT_BELOW_35|CLOSE_NOT_NEAR_OR_BELOW_LOWER_BB|CLOSE_NOT_ABOVE_MA200
2026-07-14T12:56:15.785296+00:00,MR_TARGET_1R_V1,PAXG,PAXGUSDT,strategy-lab-v1.0.0:MR_TARGET_1R_V1,1784023200,2026-07-14T10:00:00+00:00,4012.02,4014.35,4008.26,4012.85,61.87993946527665,4004.7964999999995,3986.4916369578154,4092.2395999999994,9.888571428571433,False,RSI_NOT_BELOW_35|CLOSE_NOT_NEAR_OR_BELOW_LOWER_BB|CLOSE_NOT_ABOVE_MA200
2026-07-14T12:56:15.785296+00:00,MR_TARGET_1R_V1,PAXG,PAXGUSDT,strategy-lab-v1.0.0:MR_TARGET_1R_V1,1784026800,2026-07-14T11:00:00+00:00,4013.92,4023.46,4010.82,4023.23,66.44960781411865,4005.432,3985.5609239346945,4091.5688,10.354285714285718,False,RSI_NOT_BELOW_35|CLOSE_NOT_NEAR_OR_BELOW_LOWER_BB|CLOSE_NOT_ABOVE_MA200
2026-07-14T12:56:15.785296+00:00,MR_TARGET_1R_V1,PAXG,PAXGUSDT,strategy-lab-v1.0.0:MR_TARGET_1R_V1,1784030400,2026-07-14T12:00:00+00:00,4022.6,4093.46,4017.1,4068.18,84.54083552879163,4009.3410000000003,3976.575598797004,4091.1585999999998,15.36285714285717,False,RSI_NOT_BELOW_35|CLOSE_NOT_NEAR_OR_BELOW_LOWER_BB|CLOSE_NOT_ABOVE_MA200
2026-07-14T13:40:11.638095+00:00,MR_TARGET_1R_V1,BTC,BTCUSDT,strategy-lab-v1.0.0:MR_TARGET_1R_V1,1784034000,2026-07-14T13:00:00+00:00,63901.84,64110.59,63689.73,63725.98,80.27083471457945,62548.41399999999,61561.719114183754,63264.792050000004,334.08285714285637,False,RSI_NOT_BELOW_35|CLOSE_NOT_NEAR_OR_BELOW_LOWER_BB
2026-07-14T13:40:11.638095+00:00,MR_TARGET_1R_V1,ETH,ETHUSDT,strategy-lab-v1.0.0:MR_TARGET_1R_V1,1784034000,2026-07-14T13:00:00+00:00,1859.49,1881.4,1853.11,1867.9,90.0592325521503,1786.9920000000002,1731.6345670392857,1778.5744,16.010714285714307,False,RSI_NOT_BELOW_35|CLOSE_NOT_NEAR_OR_BELOW_LOWER_BB
2026-07-14T13:40:11.638095+00:00,MR_TARGET_1R_V1,SOL,SOLUSDT,strategy-lab-v1.0.0:MR_TARGET_1R_V1,1784034000,2026-07-14T13:00:00+00:00,76.79,77.67,76.45,77.06,76.28361858190732,75.188,73.9093037890095,78.09805,0.5935714285714268,False,RSI_NOT_BELOW_35|CLOSE_NOT_NEAR_OR_BELOW_LOWER_BB|CLOSE_NOT_ABOVE_MA200
2026-07-14T13:40:11.638095+00:00,MR_TARGET_1R_V1,XRP,XRPUSDT,strategy-lab-v1.0.0:MR_TARGET_1R_V1,1784034000,2026-07-14T13:00:00+00:00,1.0883,1.1039,1.0843,1.0982,84.63203463203448,1.06845,1.050065930809535,1.1000735,0.006871428571428576,False,RSI_NOT_BELOW_35|CLOSE_NOT_NEAR_OR_BELOW_LOWER_BB|CLOSE_NOT_ABOVE_MA200
2026-07-14T13:40:11.638095+00:00,MR_TARGET_1R_V1,DOGE,DOGEUSDT,strategy-lab-v1.0.0:MR_TARGET_1R_V1,1784034000,2026-07-14T13:00:00+00:00,0.0733,0.07404,0.07303,0.07378,77.25947521865882,0.072063,0.07091344182400341,0.07357745,0.0004457142857142844,False,RSI_NOT_BELOW_35|CLOSE_NOT_NEAR_OR_BELOW_LOWER_BB
2026-07-14T13:40:11.638095+00:00,MR_TARGET_1R_V1,NEAR,NEARUSDT,strategy-lab-v1.0.0:MR_TARGET_1R_V1,1784034000,2026-07-14T13:00:00+00:00,2.03,2.031,2.015,2.03,81.76470588235287,1.9573999999999998,1.8700927265343774,1.933685,0.027928571428571414,False,RSI_NOT_BELOW_35|CLOSE_NOT_NEAR_OR_BELOW_LOWER_BB
2026-07-14T13:40:11.638095+00:00,MR_TARGET_1R_V1,PAXG,PAXGUSDT,strategy-lab-v1.0.0:MR_TARGET_1R_V1,1784034000,2026-07-14T13:00:00+00:00,4065.89,4077.36,4063.4,4069.81,84.69064480059616,4013.2735000000002,3972.519563122767,4090.8064499999996,15.761428571428594,False,RSI_NOT_BELOW_35|CLOSE_NOT_NEAR_OR_BELOW_LOWER_BB|CLOSE_NOT_ABOVE_MA200
2026-07-14T16:57:31.170205+00:00,MR_TARGET_1R_V1,BTC,BTCUSDT,strategy-lab-v1.0.0:MR_TARGET_1R_V1,1783828800000,2026-07-12T04:00:00+00:00,64179.36,64202.31,63896.56,63962.07,40.47725789518489,64135.0745,63834.12095371826,63184.7071,244.78571428571428,False,RSI_NOT_BELOW_35|CLOSE_NOT_NEAR_OR_BELOW_LOWER_BB
2026-07-14T16:57:31.170205+00:00,MR_TARGET_1R_V1,BTC,BTCUSDT,strategy-lab-v1.0.0:MR_TARGET_1R_V1,1783832400000,2026-07-12T05:00:00+00:00,63962.07,63983.92,63860.16,63925.68,44.000764941025544,64125.97450000001,63811.5529412297,63190.9885,211.8057142857137,False,RSI_NOT_BELOW_35|CLOSE_NOT_NEAR_OR_BELOW_LOWER_BB
2026-07-14T16:57:31.170205+00:00,MR_TARGET_1R_V1,BTC,BTCUSDT,strategy-lab-v1.0.0:MR_TARGET_1R_V1,1783836000000,2026-07-12T06:00:00+00:00,63925.68,63925.68,63588.2,63714.75,38.513710337853084,64104.808000000005,63743.06134419715,63196.9983,222.30214285714257,False,RSI_NOT_BELOW_35
2026-07-14T16:57:31.170205+00:00,MR_TARGET_1R_V1,BTC,BTCUSDT,strategy-lab-v1.0.0:MR_TARGET_1R_V1,1783839600000,2026-07-12T07:00:00+00:00,63714.75,63860.16,63691.51,63843.7,38.180391463401,64089.7295,63711.23347468462,63203.6157,217.11785714285674,False,RSI_NOT_BELOW_35|CLOSE_NOT_NEAR_OR_BELOW_LOWER_BB
2026-07-14T16:57:31.170205+00:00,MR_TARGET_1R_V1,BTC,BTCUSDT,strategy-lab-v1.0.0:MR_TARGET_1R_V1,1783843200000,2026-07-12T08:00:00+00:00,63843.7,64060.98,63837.3,63940.08,40.98096006837298,64079.659999999996,63696.51871984274,63209.84930000001,225.28499999999985,False,RSI_NOT_BELOW_35|CLOSE_NOT_NEAR_OR_BELOW_LOWER_BB
2026-07-14T16:57:31.170205+00:00,MR_TARGET_1R_V1,BTC,BTCUSDT,strategy-lab-v1.0.0:MR_TARGET_1R_V1,1783846800000,2026-07-12T09:00:00+00:00,63940.08,64004.49,63722.75,63915.23,41.22345224322594,64065.670000000006,63679.97613466049,63217.407999999996,237.3192857142853,False,RSI_NOT_BELOW_35|CLOSE_NOT_NEAR_OR_BELOW_LOWER_BB
2026-07-14T16:57:31.170205+00:00,MR_TARGET_1R_V1,BTC,BTCUSDT,strategy-lab-v1.0.0:MR_TARGET_1R_V1,1783850400000,2026-07-12T10:00:00+00:00,63915.98,63915.98,63786.4,63807.56,36.070998321838736,64041.164000000004,63655.267630469876,63224.036049999995,234.01285714285663,False,RSI_NOT_BELOW_35|CLOSE_NOT_NEAR_OR_BELOW_LOWER_BB
2026-07-14T16:57:31.170205+00:00,MR_TARGET_1R_V1,BTC,BTCUSDT,strategy-lab-v1.0.0:MR_TARGET_1R_V1,1783854000000,2026-07-12T11:00:00+00:00,63811.98,63992.51,63777.12,63966.54,41.54390969677604,64033.481999999996,63648.06664204895,63231.065950000004,242.76499999999942,False,RSI_NOT_BELOW_35|CLOSE_NOT_NEAR_OR_BELOW_LOWER_BB
2026-07-14T16:57:31.170205+00:00,MR_TARGET_1R_V1,BTC,BTCUSDT,strategy-lab-v1.0.0:MR_TARGET_1R_V1,1783857600000,2026-07-12T12:00:00+00:00,63966.53,64089.48,63929.32,63982.16,45.36188477479102,64025.954000000005,63642.710645959094,63237.8359,233.677857142857,False,RSI_NOT_BELOW_35|CLOSE_NOT_NEAR_OR_BELOW_LOWER_BB
2026-07-14T16:57:31.170205+00:00,MR_TARGET_1R_V1,BTC,BTCUSDT,strategy-lab-v1.0.0:MR_TARGET_1R_V1,1783861200000,2026-07-12T13:00:00+00:00,63982.16,64062.0,63950.0,63980.52,56.85630444265238,64011.405999999995,63644.82021531035,63245.6765,210.3307142857141,False,RSI_NOT_BELOW_35|CLOSE_NOT_NEAR_OR_BELOW_LOWER_BB
2026-07-14T16:57:31.170205+00:00,MR_TARGET_1R_V1,BTC,BTCUSDT,strategy-lab-v1.0.0:MR_TARGET_1R_V1,1783864800000,2026-07-12T14:00:00+00:00,63980.52,64250.56,63917.39,64158.64,61.07045949250055,64005.2385,63653.20808192292,63254.2956,217.84571428571402,False,RSI_NOT_BELOW_35|CLOSE_NOT_NEAR_OR_BELOW_LOWER_BB
2026-07-14T16:57:31.170205+00:00,MR_TARGET_1R_V1,BTC,BTCUSDT,strategy-lab-v1.0.0:MR_TARGET_1R_V1,1783868400000,2026-07-12T15:00:00+00:00,64158.65,64224.5,64075.05,64136.52,51.82930310902995,63999.765,63659.676352820294,63262.42005000001,202.5307142857138,False,RSI_NOT_BELOW_35|CLOSE_NOT_NEAR_OR_BELOW_LOWER_BB
2026-07-14T16:57:31.170205+00:00,MR_TARGET_1R_V1,BTC,BTCUSDT,strategy-lab-v1.0.0:MR_TARGET_1R_V1,1783872000000,2026-07-12T16:00:00+00:00,64136.53,64172.16,64000.01,64131.78,53.71874537653495,63989.4985,63679.718019511776,63270.6035,207.41214285714264,False,RSI_NOT_BELOW_35|CLOSE_NOT_NEAR_OR_BELOW_LOWER_BB
2026-07-14T16:57:31.170205+00:00,MR_TARGET_1R_V1,BTC,BTCUSDT,strategy-lab-v1.0.0:MR_TARGET_1R_V1,1783875600000,2026-07-12T17:00:00+00:00,64131.79,64138.66,63979.51,64034.91,44.44658029295317,63975.7245,63701.82082404892,63278.6328,205.15071428571432,False,RSI_NOT_BELOW_35|CLOSE_NOT_NEAR_OR_BELOW_LOWER_BB
2026-07-14T16:57:31.170205+00:00,MR_TARGET_1R_V1,BTC,BTCUSDT,strategy-lab-v1.0.0:MR_TARGET_1R_V1,1783879200000,2026-07-12T18:00:00+00:00,64034.91,64116.11,63972.55,64109.19,56.35485598769808,63973.27999999999,63705.11731870278,63286.92835,193.56571428571417,False,RSI_NOT_BELOW_35|CLOSE_NOT_NEAR_OR_BELOW_LOWER_BB
2026-07-14T16:57:31.170205+00:00,MR_TARGET_1R_V1,BTC,BTCUSDT,strategy-lab-v1.0.0:MR_TARGET_1R_V1,1783882800000,2026-07-12T19:00:00+00:00,64109.19,64232.49,64104.01,64193.87,61.1205559656004,63994.321500000005,63726.267358357836,63295.75510000001,193.9028571428571,False,RSI_NOT_BELOW_35|CLOSE_NOT_NEAR_OR_BELOW_LOWER_BB
2026-07-14T16:57:31.170205+00:00,MR_TARGET_1R_V1,BTC,BTCUSDT,strategy-lab-v1.0.0:MR_TARGET_1R_V1,1783886400000,2026-07-12T20:00:00+00:00,64193.87,64219.68,64130.1,64161.74,71.76129226994289,64013.04,63753.24873755931,63303.540499999996,176.19571428571413,False,RSI_NOT_BELOW_35|CLOSE_NOT_NEAR_OR_BELOW_LOWER_BB
2026-07-14T16:57:31.170205+00:00,MR_TARGET_1R_V1,BTC,BTCUSDT,strategy-lab-v1.0.0:MR_TARGET_1R_V1,1783890000000,2026-07-12T21:00:00+00:00,64161.74,64198.28,63842.46,63883.78,51.704023672664235,64002.966,63739.5574922093,63310.269400000005,189.56499999999974,False,RSI_NOT_BELOW_35|CLOSE_NOT_NEAR_OR_BELOW_LOWER_BB
2026-07-14T16:57:31.170205+00:00,MR_TARGET_1R_V1,BTC,BTCUSDT,strategy-lab-v1.0.0:MR_TARGET_1R_V1,1783893600000,2026-07-12T22:00:00+00:00,63883.78,63890.43,63625.0,63845.6,45.773992700207465,63993.683999999994,63721.962915693824,63316.27335,192.54714285714257,False,RSI_NOT_BELOW_35|CLOSE_NOT_NEAR_OR_BELOW_LOWER_BB
2026-07-14T16:57:31.170205+00:00,MR_TARGET_1R_V1,BTC,BTCUSDT,strategy-lab-v1.0.0:MR_TARGET_1R_V1,1783897200000,2026-07-12T23:00:00+00:00,63845.6,63879.74,63688.0,63740.32,42.7015614177105,63971.731999999996,63692.718856323016,63320.568849999996,186.11857142857116,False,RSI_NOT_BELOW_35|CLOSE_NOT_NEAR_OR_BELOW_LOWER_BB
2026-07-14T16:57:31.170205+00:00,MR_TARGET_1R_V1,BTC,BTCUSDT,strategy-lab-v1.0.0:MR_TARGET_1R_V1,1783900800000,2026-07-13T00:00:00+00:00,63740.32,64388.01,63520.0,64024.78,57.89856442627955,63974.86750000001,63694.95116229263,63326.36335,238.8635714285712,False,RSI_NOT_BELOW_35|CLOSE_NOT_NEAR_OR_BELOW_LOWER_BB
2026-07-14T16:57:31.170205+00:00,MR_TARGET_1R_V1,BTC,BTCUSDT,strategy-lab-v1.0.0:MR_TARGET_1R_V1,1783904400000,2026-07-13T01:00:00+00:00,64024.78,64024.78,63354.98,63368.77,34.03468850322365,63947.022,63562.00430884217,63327.101449999995,271.32142857142804,True,
2026-07-14T16:57:31.170205+00:00,MR_TARGET_1R_V1,BTC,BTCUSDT,strategy-lab-v1.0.0:MR_TARGET_1R_V1,1783908000000,2026-07-13T02:00:00+00:00,63368.77,63503.44,63186.42,63326.94,32.741926987304424,63927.631499999996,63466.2802916007,63328.16945,282.52571428571383,False,OPEN_TRADE_EXISTS|CLOSE_NOT_ABOVE_MA200
2026-07-14T16:57:31.170205+00:00,MR_TARGET_1R_V1,BTC,BTCUSDT,strategy-lab-v1.0.0:MR_TARGET_1R_V1,1783911600000,2026-07-13T03:00:00+00:00,63326.94,63335.35,62686.15,62758.58,25.214399883165314,63873.3755,63185.627387723805,63325.79245,320.89714285714217,False,CLOSE_NOT_ABOVE_MA200
2026-07-14T16:57:31.170205+00:00,MR_TARGET_1R_V1,BTC,BTCUSDT,strategy-lab-v1.0.0:MR_TARGET_1R_V1,1783915200000,2026-07-13T04:00:00+00:00,62758.57,62857.38,62564.02,62624.46,18.31542077306254,63807.59450000001,62931.94788562898,63323.01194999999,318.05357142857093,False,CLOSE_NOT_ABOVE_MA200
2026-07-14T16:57:31.170205+00:00,MR_TARGET_1R_V1,BTC,BTCUSDT,strategy-lab-v1.0.0:MR_TARGET_1R_V1,1783918800000,2026-07-13T05:00:00+00:00,62624.47,62867.23,62461.0,62754.53,22.676820998271992,63749.559499999996,62763.275242587646,63320.59465000001,336.3949999999999,False,CLOSE_NOT_ABOVE_MA200
2026-07-14T16:57:31.170205+00:00,MR_TARGET_1R_V1,BTC,BTCUSDT,strategy-lab-v1.0.0:MR_TARGET_1R_V1,1783922400000,2026-07-13T06:00:00+00:00,62754.53,62828.01,62660.4,62747.03,22.652099552479882,63696.53300000001,62618.64169486558,63318.629850000005,336.07071428571413,False,CLOSE_NOT_NEAR_OR_BELOW_LOWER_BB|CLOSE_NOT_ABOVE_MA200
2026-07-14T16:57:31.170205+00:00,MR_TARGET_1R_V1,BTC,BTCUSDT,strategy-lab-v1.0.0:MR_TARGET_1R_V1,1783926000000,2026-07-13T07:00:00+00:00,62749.0,63009.49,62695.51,62935.57,29.047419379431204,63644.9845,62525.85409842055,63317.87545,347.1299999999995,False,CLOSE_NOT_NEAR_OR_BELOW_LOWER_BB|CLOSE_NOT_ABOVE_MA200
2026-07-14T16:57:31.170205+00:00,MR_TARGET_1R_V1,BTC,BTCUSDT,strategy-lab-v1.0.0:MR_TARGET_1R_V1,1783929600000,2026-07-13T08:00:00+00:00,62935.58,63226.0,62877.5,63142.5,32.462400899838514,63603.00149999999,62474.65614614268,63318.93520000001,361.7685714285711,False,CLOSE_NOT_NEAR_OR_BELOW_LOWER_BB|CLOSE_NOT_ABOVE_MA200
2026-07-14T16:57:31.170205+00:00,MR_TARGET_1R_V1,BTC,BTCUSDT,strategy-lab-v1.0.0:MR_TARGET_1R_V1,1783933200000,2026-07-13T09:00:00+00:00,63142.5,63147.0,63021.71,63039.0,29.190556674727077,63555.9255,62416.00702339768,63319.97180000001,361.5407142857143,False,CLOSE_NOT_NEAR_OR_BELOW_LOWER_BB|CLOSE_NOT_ABOVE_MA200
2026-07-14T16:57:31.170205+00:00,MR_TARGET_1R_V1,BTC,BTCUSDT,strategy-lab-v1.0.0:MR_TARGET_1R_V1,1783936800000,2026-07-13T10:00:00+00:00,63039.0,63090.09,62790.0,62801.79,27.18166412188127,63488.083,62338.259173996936,63320.78085,376.57714285714246,False,CLOSE_NOT_NEAR_OR_BELOW_LOWER_BB|CLOSE_NOT_ABOVE_MA200
2026-07-14T16:57:31.170205+00:00,MR_TARGET_1R_V1,BTC,BTCUSDT,strategy-lab-v1.0.0:MR_TARGET_1R_V1,1783940400000,2026-07-13T11:00:00+00:00,62801.8,63067.73,62801.8,62842.97,31.029064913949952,63423.40549999999,62281.25745233748,63321.43965,370.1571428571427,False,CLOSE_NOT_NEAR_OR_BELOW_LOWER_BB|CLOSE_NOT_ABOVE_MA200
2026-07-14T16:57:31.170205+00:00,MR_TARGET_1R_V1,BTC,BTCUSDT,strategy-lab-v1.0.0:MR_TARGET_1R_V1,1783944000000,2026-07-13T12:00:00+00:00,62842.97,62928.0,62503.64,62561.5,28.501302545488656,63344.89149999999,62192.47590581044,63320.4591,381.5092857142855,False,CLOSE_NOT_NEAR_OR_BELOW_LOWER_BB|CLOSE_NOT_ABOVE_MA200
2026-07-14T16:57:31.170205+00:00,MR_TARGET_1R_V1,BTC,BTCUSDT,strategy-lab-v1.0.0:MR_TARGET_1R_V1,1783947600000,2026-07-13T13:00:00+00:00,62561.5,62700.0,62088.0,62247.45,26.639083884415186,63255.518500000006,62054.78454431655,63318.2964,411.5278571428571,False,CLOSE_NOT_NEAR_OR_BELOW_LOWER_BB|CLOSE_NOT_ABOVE_MA200
2026-07-14T16:57:31.170205+00:00,MR_TARGET_1R_V1,BTC,BTCUSDT,strategy-lab-v1.0.0:MR_TARGET_1R_V1,1783951200000,2026-07-13T14:00:00+00:00,62247.45,62728.08,62033.0,62716.19,30.639353042305046,63185.868500000004,62030.54102151989,63318.26705,399.1757142857142,False,CLOSE_NOT_NEAR_OR_BELOW_LOWER_BB|CLOSE_NOT_ABOVE_MA200
2026-07-14T16:57:31.170205+00:00,MR_TARGET_1R_V1,BTC,BTCUSDT,strategy-lab-v1.0.0:MR_TARGET_1R_V1,1783954800000,2026-07-13T15:00:00+00:00,62716.27,62908.0,62493.34,62540.62,35.71697130459093,63103.20599999999,62013.47899406861,63316.17795,380.95142857142906,False,RSI_NOT_BELOW_35|CLOSE_NOT_NEAR_OR_BELOW_LOWER_BB|CLOSE_NOT_ABOVE_MA200
2026-07-14T16:57:31.170205+00:00,MR_TARGET_1R_V1,BTC,BTCUSDT,strategy-lab-v1.0.0:MR_TARGET_1R_V1,1783958400000,2026-07-13T16:00:00+00:00,62538.66,62567.99,62140.9,62204.34,32.423783160900825,63005.335999999996,61962.89464854844,63312.90795,388.8135714285714,False,CLOSE_NOT_NEAR_OR_BELOW_LOWER_BB|CLOSE_NOT_ABOVE_MA200
2026-07-14T16:57:31.170205+00:00,MR_TARGET_1R_V1,BTC,BTCUSDT,strategy-lab-v1.0.0:MR_TARGET_1R_V1,1783962000000,2026-07-13T17:00:00+00:00,62203.43,62299.42,61820.83,61830.0,34.52108684780802,62902.647,61822.6219916395,63309.2285,376.62714285714276,False,CLOSE_NOT_NEAR_OR_BELOW_LOWER_BB|CLOSE_NOT_ABOVE_MA200
2026-07-14T16:57:31.170205+00:00,MR_TARGET_1R_V1,BTC,BTCUSDT,strategy-lab-v1.0.0:MR_TARGET_1R_V1,1783965600000,2026-07-13T18:00:00+00:00,61831.55,62032.44,61750.9,61950.68,38.717909218167144,62807.901,61743.02402945549,63305.477999999996,375.7828571428571,False,RSI_NOT_BELOW_35|CLOSE_NOT_NEAR_OR_BELOW_LOWER_BB|CLOSE_NOT_ABOVE_MA200
2026-07-14T16:57:31.170205+00:00,MR_TARGET_1R_V1,BTC,BTCUSDT,strategy-lab-v1.0.0:MR_TARGET_1R_V1,1783969200000,2026-07-13T19:00:00+00:00,61950.68,62225.07,61907.48,62210.67,41.273050533058644,62731.41850000001,61727.41620601308,63303.4813,369.45142857142804,False,RSI_NOT_BELOW_35|CLOSE_NOT_NEAR_OR_BELOW_LOWER_BB|CLOSE_NOT_ABOVE_MA200
2026-07-14T16:57:31.170205+00:00,MR_TARGET_1R_V1,BTC,BTCUSDT,strategy-lab-v1.0.0:MR_TARGET_1R_V1,1783972800000,2026-07-13T20:00:00+00:00,62212.52,62261.51,61976.39,62141.0,40.46567971933362,62637.229499999994,61795.98260250855,63300.7242,377.84499999999963,False,RSI_NOT_BELOW_35|CLOSE_NOT_NEAR_OR_BELOW_LOWER_BB|CLOSE_NOT_ABOVE_MA200
2026-07-14T16:57:31.170205+00:00,MR_TARGET_1R_V1,BTC,BTCUSDT,strategy-lab-v1.0.0:MR_TARGET_1R_V1,1783976400000,2026-07-13T21:00:00+00:00,62140.99,62158.29,61833.2,61997.89,35.034091779667534,62568.6855,61754.05434332912,63297.01965,378.6385714285716,False,RSI_NOT_BELOW_35|CLOSE_NOT_NEAR_OR_BELOW_LOWER_BB|CLOSE_NOT_ABOVE_MA200
2026-07-14T16:57:31.170205+00:00,MR_TARGET_1R_V1,BTC,BTCUSDT,strategy-lab-v1.0.0:MR_TARGET_1R_V1,1783980000000,2026-07-13T22:00:00+00:00,61997.9,62162.2,61819.58,61840.89,28.88909072625775,62494.382999999994,61699.092011742294,63292.42975,378.21857142857124,False,CLOSE_NOT_NEAR_OR_BELOW_LOWER_BB|CLOSE_NOT_ABOVE_MA200
2026-07-14T16:57:31.170205+00:00,MR_TARGET_1R_V1,BTC,BTCUSDT,strategy-lab-v1.0.0:MR_TARGET_1R_V1,1783983600000,2026-07-13T23:00:00+00:00,61840.89,62271.83,61799.3,62264.94,38.62793608631527,62469.701,61678.10782254336,63290.3236,403.02142857142826,False,RSI_NOT_BELOW_35|CLOSE_NOT_NEAR_OR_BELOW_LOWER_BB|CLOSE_NOT_ABOVE_MA200
2026-07-14T16:57:31.170205+00:00,MR_TARGET_1R_V1,BTC,BTCUSDT,strategy-lab-v1.0.0:MR_TARGET_1R_V1,1783987200000,2026-07-14T00:00:00+00:00,62264.94,62592.71,62190.4,62481.0,45.25765849937467,62462.528000000006,61674.08052886201,63289.8787,410.3228571428569,False,RSI_NOT_BELOW_35|CLOSE_NOT_NEAR_OR_BELOW_LOWER_BB|CLOSE_NOT_ABOVE_MA200
2026-07-14T16:57:31.170205+00:00,MR_TARGET_1R_V1,BTC,BTCUSDT,strategy-lab-v1.0.0:MR_TARGET_1R_V1,1783990800000,2026-07-14T01:00:00+00:00,62481.0,62570.0,62382.1,62459.45,44.297202131709135,62447.774,61670.77493056948,63289.31894999999,404.74857142857115,False,RSI_NOT_BELOW_35|CLOSE_NOT_NEAR_OR_BELOW_LOWER_BB|CLOSE_NOT_ABOVE_MA200
2026-07-14T16:57:31.170205+00:00,MR_TARGET_1R_V1,BTC,BTCUSDT,strategy-lab-v1.0.0:MR_TARGET_1R_V1,1783994400000,2026-07-14T02:00:00+00:00,62459.45,62570.19,62242.73,62476.16,48.622570856737106,62434.23049999999,61669.217970286336,63287.8768,397.82714285714246,False,RSI_NOT_BELOW_35|CLOSE_NOT_NEAR_OR_BELOW_LOWER_BB|CLOSE_NOT_ABOVE_MA200
2026-07-14T16:57:31.170205+00:00,MR_TARGET_1R_V1,BTC,BTCUSDT,strategy-lab-v1.0.0:MR_TARGET_1R_V1,1783998000000,2026-07-14T03:00:00+00:00,62476.16,62535.53,62226.36,62500.0,54.49762963965539,62412.452000000005,61681.7374011696,63286.82184999999,376.19642857142804,False,RSI_NOT_BELOW_35|CLOSE_NOT_NEAR_OR_BELOW_LOWER_BB|CLOSE_NOT_ABOVE_MA200
2026-07-14T16:57:31.170205+00:00,MR_TARGET_1R_V1,BTC,BTCUSDT,strategy-lab-v1.0.0:MR_TARGET_1R_V1,1784001600000,2026-07-14T04:00:00+00:00,62500.0,62700.0,62466.4,62673.76,49.15565885672667,62389.015,61726.58839215588,63286.820999999996,343.23357142857066,False,RSI_NOT_BELOW_35|CLOSE_NOT_NEAR_OR_BELOW_LOWER_BB|CLOSE_NOT_ABOVE_MA200
2026-07-14T16:57:31.170205+00:00,MR_TARGET_1R_V1,BTC,BTCUSDT,strategy-lab-v1.0.0:MR_TARGET_1R_V1,1784005200000,2026-07-14T05:00:00+00:00,62671.68,62806.0,62620.39,62654.02,52.40582489668093,62369.766,61764.06281795796,63284.91650000001,326.87285714285616,False,RSI_NOT_BELOW_35|CLOSE_NOT_NEAR_OR_BELOW_LOWER_BB|CLOSE_NOT_ABOVE_MA200
2026-07-14T16:57:31.170205+00:00,MR_TARGET_1R_V1,BTC,BTCUSDT,strategy-lab-v1.0.0:MR_TARGET_1R_V1,1784008800000,2026-07-14T06:00:00+00:00,62654.01,62700.1,62478.75,62546.34,58.035034630529346,62356.993500000004,61778.08890864591,63279.25665,312.17714285714203,False,RSI_NOT_BELOW_35|CLOSE_NOT_NEAR_OR_BELOW_LOWER_BB|CLOSE_NOT_ABOVE_MA200
2026-07-14T16:57:31.170205+00:00,MR_TARGET_1R_V1,BTC,BTCUSDT,strategy-lab-v1.0.0:MR_TARGET_1R_V1,1784012400000,2026-07-14T07:00:00+00:00,62546.34,62575.1,62427.27,62467.62,67.39697472388355,62338.226,61800.69957045831,63273.69255,288.5514285714281,False,RSI_NOT_BELOW_35|CLOSE_NOT_NEAR_OR_BELOW_LOWER_BB|CLOSE_NOT_ABOVE_MA200
2026-07-14T16:57:31.170205+00:00,MR_TARGET_1R_V1,BTC,BTCUSDT,strategy-lab-v1.0.0:MR_TARGET_1R_V1,1784016000000,2026-07-14T08:00:00+00:00,62467.63,62721.92,62400.35,62631.31,68.14461736965289,62341.7165,61797.5700872664,63268.3617,291.41071428571377,False,RSI_NOT_BELOW_35|CLOSE_NOT_NEAR_OR_BELOW_LOWER_BB|CLOSE_NOT_ABOVE_MA200
2026-07-14T16:57:31.170205+00:00,MR_TARGET_1R_V1,BTC,BTCUSDT,strategy-lab-v1.0.0:MR_TARGET_1R_V1,1784019600000,2026-07-14T09:00:00+00:00,62631.32,62663.04,62456.96,62554.05,60.142128021549745,62357.0465,61807.14182523277,63263.578799999996,283.44571428571413,False,RSI_NOT_BELOW_35|CLOSE_NOT_NEAR_OR_BELOW_LOWER_BB|CLOSE_NOT_ABOVE_MA200
2026-07-14T16:57:31.170205+00:00,MR_TARGET_1R_V1,BTC,BTCUSDT,strategy-lab-v1.0.0:MR_TARGET_1R_V1,1784023200000,2026-07-14T10:00:00+00:00,62554.06,62832.32,62535.03,62725.61,66.28685094693915,62357.517499999994,61806.368460306694,63260.265250000004,284.3149999999997,False,RSI_NOT_BELOW_35|CLOSE_NOT_NEAR_OR_BELOW_LOWER_BB|CLOSE_NOT_ABOVE_MA200
2026-07-14T16:57:31.170205+00:00,MR_TARGET_1R_V1,BTC,BTCUSDT,strategy-lab-v1.0.0:MR_TARGET_1R_V1,1784026800000,2026-07-14T11:00:00+00:00,62725.6,62849.99,62641.98,62769.76,72.75868779374574,62368.9745,61794.06260829932,63257.95235000001,275.95214285714195,False,RSI_NOT_BELOW_35|CLOSE_NOT_NEAR_OR_BELOW_LOWER_BB|CLOSE_NOT_ABOVE_MA200
2026-07-14T16:57:31.170205+00:00,MR_TARGET_1R_V1,BTC,BTCUSDT,strategy-lab-v1.0.0:MR_TARGET_1R_V1,1784030400000,2026-07-14T12:00:00+00:00,62769.77,63919.0,62710.88,63897.15,88.56220181834557,62453.615000000005,61579.82395272389,63261.404350000004,337.773571428571,False,RSI_NOT_BELOW_35|CLOSE_NOT_NEAR_OR_BELOW_LOWER_BB
2026-07-14T16:57:31.170205+00:00,MR_TARGET_1R_V1,BTC,BTCUSDT,strategy-lab-v1.0.0:MR_TARGET_1R_V1,1784034000000,2026-07-14T13:00:00+00:00,63901.84,64110.59,63627.79,63780.0,82.10879682612347,62551.115000000005,61551.33197638942,63265.06215,338.50714285714224,False,RSI_NOT_BELOW_35|CLOSE_NOT_NEAR_OR_BELOW_LOWER_BB
2026-07-14T16:57:31.170205+00:00,MR_TARGET_1R_V1,BTC,BTCUSDT,strategy-lab-v1.0.0:MR_TARGET_1R_V1,1784037600000,2026-07-14T14:00:00+00:00,63780.01,64300.0,63517.0,64238.0,83.77287405812706,62665.48100000001,61463.70750666777,63271.6623,365.6992857142853,False,RSI_NOT_BELOW_35|CLOSE_NOT_NEAR_OR_BELOW_LOWER_BB
2026-07-14T16:57:31.170205+00:00,MR_TARGET_1R_V1,BTC,BTCUSDT,strategy-lab-v1.0.0:MR_TARGET_1R_V1,1784041200000,2026-07-14T15:00:00+00:00,64237.86,64918.0,64143.83,64703.12,86.84465493288505,62790.103500000005,61316.61770469317,63280.05655,407.5757142857136,False,RSI_NOT_BELOW_35|CLOSE_NOT_NEAR_OR_BELOW_LOWER_BB
2026-07-14T16:57:31.170205+00:00,MR_TARGET_1R_V1,BTC,BTCUSDT,strategy-lab-v1.0.0:MR_TARGET_1R_V1,1784044800000,2026-07-14T16:00:00+00:00,64703.12,64859.83,64568.9,64718.27,86.83791128446614,62918.96699999999,61256.42818179331,63289.48095,404.96642857142797,False,RSI_NOT_BELOW_35|CLOSE_NOT_NEAR_OR_BELOW_LOWER_BB
2026-07-14T16:57:31.170205+00:00,MR_TARGET_1R_V1,ETH,ETHUSDT,strategy-lab-v1.0.0:MR_TARGET_1R_V1,1783828800000,2026-07-12T04:00:00+00:00,1810.43,1811.41,1803.0,1804.8,47.28169487725583,1808.3305,1784.0537370568086,1772.004,12.230714285714319,False,RSI_NOT_BELOW_35|CLOSE_NOT_NEAR_OR_BELOW_LOWER_BB
2026-07-14T16:57:31.170205+00:00,MR_TARGET_1R_V1,ETH,ETHUSDT,strategy-lab-v1.0.0:MR_TARGET_1R_V1,1783832400000,2026-07-12T05:00:00+00:00,1804.8,1806.03,1800.11,1802.17,43.55535348942945,1808.739,1785.1760749693526,1772.2068,11.312857142857183,False,RSI_NOT_BELOW_35|CLOSE_NOT_NEAR_OR_BELOW_LOWER_BB
2026-07-14T16:57:31.170205+00:00,MR_TARGET_1R_V1,ETH,ETHUSDT,strategy-lab-v1.0.0:MR_TARGET_1R_V1,1783836000000,2026-07-12T06:00:00+00:00,1802.16,1802.16,1788.34,1794.02,34.0294419719274,1808.6045,1784.7396828207313,1772.3982499999997,11.332857142857197,False,CLOSE_NOT_NEAR_OR_BELOW_LOWER_BB
2026-07-14T16:57:31.170205+00:00,MR_TARGET_1R_V1,ETH,ETHUSDT,strategy-lab-v1.0.0:MR_TARGET_1R_V1,1783839600000,2026-07-12T07:00:00+00:00,1794.02,1798.0,1793.09,1797.7,35.79520213238564,1808.5425,1784.5713666308845,1772.60605,10.865000000000057,False,RSI_NOT_BELOW_35|CLOSE_NOT_NEAR_OR_BELOW_LOWER_BB
2026-07-14T16:57:31.170205+00:00,MR_TARGET_1R_V1,ETH,ETHUSDT,strategy-lab-v1.0.0:MR_TARGET_1R_V1,1783843200000,2026-07-12T08:00:00+00:00,1797.69,1807.84,1797.32,1803.92,38.754105307765634,1808.8015,1785.1498063819963,1772.84115,11.138571428571481,False,RSI_NOT_BELOW_35|CLOSE_NOT_NEAR_OR_BELOW_LOWER_BB
2026-07-14T16:57:31.170205+00:00,MR_TARGET_1R_V1,ETH,ETHUSDT,strategy-lab-v1.0.0:MR_TARGET_1R_V1,1783846800000,2026-07-12T09:00:00+00:00,1803.92,1804.8,1795.29,1801.33,38.40823183536322,1808.7905000000003,1785.1251257371682,1773.1172,11.23285714285719,False,RSI_NOT_BELOW_35|CLOSE_NOT_NEAR_OR_BELOW_LOWER_BB
2026-07-14T16:57:31.170205+00:00,MR_TARGET_1R_V1,ETH,ETHUSDT,strategy-lab-v1.0.0:MR_TARGET_1R_V1,1783850400000,2026-07-12T10:00:00+00:00,1801.32,1801.32,1797.91,1798.33,36.30165289256201,1808.2245000000003,1784.1308249171093,1773.3711,11.125714285714318,False,RSI_NOT_BELOW_35|CLOSE_NOT_NEAR_OR_BELOW_LOWER_BB
2026-07-14T16:57:31.170205+00:00,MR_TARGET_1R_V1,ETH,ETHUSDT,strategy-lab-v1.0.0:MR_TARGET_1R_V1,1783854000000,2026-07-12T11:00:00+00:00,1798.33,1805.59,1795.28,1802.65,39.862612385089484,1807.6815,1783.5992764523305,1773.6238,11.39928571428574,False,RSI_NOT_BELOW_35|CLOSE_NOT_NEAR_OR_BELOW_LOWER_BB
2026-07-14T16:57:31.170205+00:00,MR_TARGET_1R_V1,ETH,ETHUSDT,strategy-lab-v1.0.0:MR_TARGET_1R_V1,1783857600000,2026-07-12T12:00:00+00:00,1802.64,1808.33,1801.89,1805.99,46.32535988743374,1806.8805,1783.7094374650205,1773.8543,10.788571428571442,False,RSI_NOT_BELOW_35|CLOSE_NOT_NEAR_OR_BELOW_LOWER_BB
2026-07-14T16:57:31.170205+00:00,MR_TARGET_1R_V1,ETH,ETHUSDT,strategy-lab-v1.0.0:MR_TARGET_1R_V1,1783861200000,2026-07-12T13:00:00+00:00,1805.98,1808.64,1804.2,1804.8,63.30424493418128,1805.9564999999998,1784.0348209812764,1774.1053,9.005000000000011,False,RSI_NOT_BELOW_35|CLOSE_NOT_NEAR_OR_BELOW_LOWER_BB
2026-07-14T16:57:31.170205+00:00,MR_TARGET_1R_V1,ETH,ETHUSDT,strategy-lab-v1.0.0:MR_TARGET_1R_V1,1783864800000,2026-07-12T14:00:00+00:00,1804.86,1821.4,1803.2,1818.51,69.14179104477603,1805.6245,1784.697027649046,1774.4317999999998,9.492142857142865,False,RSI_NOT_BELOW_35|CLOSE_NOT_NEAR_OR_BELOW_LOWER_BB
2026-07-14T16:57:31.170205+00:00,MR_TARGET_1R_V1,ETH,ETHUSDT,strategy-lab-v1.0.0:MR_TARGET_1R_V1,1783868400000,2026-07-12T15:00:00+00:00,1818.47,1825.46,1815.41,1819.96,61.23437500000001,1805.452,1785.063851874191,1774.7474,8.678571428571429,False,RSI_NOT_BELOW_35|CLOSE_NOT_NEAR_OR_BELOW_LOWER_BB
2026-07-14T16:57:31.170205+00:00,MR_TARGET_1R_V1,ETH,ETHUSDT,strategy-lab-v1.0.0:MR_TARGET_1R_V1,1783872000000,2026-07-12T16:00:00+00:00,1819.96,1823.23,1816.39,1820.68,63.24881141045948,1805.2435,1785.5807277895528,1775.0467999999998,8.841428571428569,False,RSI_NOT_BELOW_35|CLOSE_NOT_NEAR_OR_BELOW_LOWER_BB
2026-07-14T16:57:31.170205+00:00,MR_TARGET_1R_V1,ETH,ETHUSDT,strategy-lab-v1.0.0:MR_TARGET_1R_V1,1783875600000,2026-07-12T17:00:00+00:00,1820.69,1821.25,1814.17,1817.2,55.63134253867902,1804.9675,1786.1572401666022,1775.3501999999999,8.562857142857135,False,RSI_NOT_BELOW_35|CLOSE_NOT_NEAR_OR_BELOW_LOWER_BB
2026-07-14T16:57:31.170205+00:00,MR_TARGET_1R_V1,ETH,ETHUSDT,strategy-lab-v1.0.0:MR_TARGET_1R_V1,1783879200000,2026-07-12T18:00:00+00:00,1817.32,1821.33,1814.07,1820.4,63.52288488210818,1805.3485,1785.6337691877384,1775.66415,8.48071428571427,False,RSI_NOT_BELOW_35|CLOSE_NOT_NEAR_OR_BELOW_LOWER_BB
2026-07-14T16:57:31.170205+00:00,MR_TARGET_1R_V1,ETH,ETHUSDT,strategy-lab-v1.0.0:MR_TARGET_1R_V1,1783882800000,2026-07-12T19:00:00+00:00,1820.43,1822.46,1817.48,1820.39,66.5455866327641,1807.0274999999997,1788.215041495064,1775.9829499999998,8.41357142857141,False,RSI_NOT_BELOW_35|CLOSE_NOT_NEAR_OR_BELOW_LOWER_BB
2026-07-14T16:57:31.170205+00:00,MR_TARGET_1R_V1,ETH,ETHUSDT,strategy-lab-v1.0.0:MR_TARGET_1R_V1,1783886400000,2026-07-12T20:00:00+00:00,1820.39,1823.2,1817.48,1820.28,77.9242875372178,1808.6550000000002,1791.2205335613646,1776.2703,7.834285714285686,False,RSI_NOT_BELOW_35|CLOSE_NOT_NEAR_OR_BELOW_LOWER_BB
2026-07-14T16:57:31.170205+00:00,MR_TARGET_1R_V1,ETH,ETHUSDT,strategy-lab-v1.0.0:MR_TARGET_1R_V1,1783890000000,2026-07-12T21:00:00+00:00,1820.39,1822.67,1810.23,1811.4,63.11757947146679,1808.946,1791.5322762167332,1776.5139000000001,8.372142857142828,False,RSI_NOT_BELOW_35|CLOSE_NOT_NEAR_OR_BELOW_LOWER_BB
2026-07-14T16:57:31.170205+00:00,MR_TARGET_1R_V1,ETH,ETHUSDT,strategy-lab-v1.0.0:MR_TARGET_1R_V1,1783893600000,2026-07-12T22:00:00+00:00,1811.45,1811.45,1795.19,1803.96,50.03742514970056,1808.946,1791.5322762167332,1776.6785,8.782142857142828,False,RSI_NOT_BELOW_35|CLOSE_NOT_NEAR_OR_BELOW_LOWER_BB
2026-07-14T16:57:31.170205+00:00,MR_TARGET_1R_V1,ETH,ETHUSDT,strategy-lab-v1.0.0:MR_TARGET_1R_V1,1783897200000,2026-07-12T23:00:00+00:00,1803.85,1807.8,1799.69,1805.51,53.988549618320654,1808.7,1791.2381421377934,1776.75755,8.682142857142821,False,RSI_NOT_BELOW_35|CLOSE_NOT_NEAR_OR_BELOW_LOWER_BB
2026-07-14T16:57:31.170205+00:00,MR_TARGET_1R_V1,ETH,ETHUSDT,strategy-lab-v1.0.0:MR_TARGET_1R_V1,1783900800000,2026-07-13T00:00:00+00:00,1805.56,1844.67,1803.11,1825.36,69.51624548736453,1809.7279999999998,1790.9354891512628,1776.9563499999997,11.40642857142856,False,RSI_NOT_BELOW_35|CLOSE_NOT_NEAR_OR_BELOW_LOWER_BB
2026-07-14T16:57:31.170205+00:00,MR_TARGET_1R_V1,ETH,ETHUSDT,strategy-lab-v1.0.0:MR_TARGET_1R_V1,1783904400000,2026-07-13T01:00:00+00:00,1825.41,1828.84,1804.29,1805.65,51.77221172022685,1809.902,1791.3294744851462,1776.9955000000002,12.423571428571417,False,RSI_NOT_BELOW_35|CLOSE_NOT_NEAR_OR_BELOW_LOWER_BB
2026-07-14T16:57:31.170205+00:00,MR_TARGET_1R_V1,ETH,ETHUSDT,strategy-lab-v1.0.0:MR_TARGET_1R_V1,1783908000000,2026-07-13T02:00:00+00:00,1805.78,1813.62,1798.05,1805.66,49.79707293075887,1810.484,1793.2579982584498,1777.06255,13.075714285714282,False,RSI_NOT_BELOW_35|CLOSE_NOT_NEAR_OR_BELOW_LOWER_BB
2026-07-14T16:57:31.170205+00:00,MR_TARGET_1R_V1,ETH,ETHUSDT,strategy-lab-v1.0.0:MR_TARGET_1R_V1,1783911600000,2026-07-13T03:00:00+00:00,1805.65,1805.65,1773.83,1779.16,37.975989495404285,1809.557,1788.1829436699559,1777.0018000000002,15.03214285714286,False,RSI_NOT_BELOW_35
2026-07-14T16:57:31.170205+00:00,MR_TARGET_1R_V1,ETH,ETHUSDT,strategy-lab-v1.0.0:MR_TARGET_1R_V1,1783915200000,2026-07-13T04:00:00+00:00,1779.23,1783.68,1774.77,1777.46,28.30567593277665,1808.234,1782.7479784195352,1776.9604499999998,14.368571428571434,True,
2026-07-14T16:57:31.170205+00:00,MR_TARGET_1R_V1,ETH,ETHUSDT,strategy-lab-v1.0.0:MR_TARGET_1R_V1,1783918800000,2026-07-13T05:00:00+00:00,1777.56,1785.4,1772.59,1780.51,29.497973183660676,1807.193,1779.0968514383212,1776.92345,14.565714285714307,False,OPEN_TRADE_EXISTS|CLOSE_NOT_NEAR_OR_BELOW_LOWER_BB
2026-07-14T16:57:31.170205+00:00,MR_TARGET_1R_V1,ETH,ETHUSDT,strategy-lab-v1.0.0:MR_TARGET_1R_V1,1783922400000,2026-07-13T06:00:00+00:00,1780.56,1782.43,1774.16,1776.36,27.75993576876745,1806.0945,1775.1269205175809,1776.8895499999999,14.66785714285717,False,OPEN_TRADE_EXISTS|CLOSE_NOT_NEAR_OR_BELOW_LOWER_BB|CLOSE_NOT_ABOVE_MA200
2026-07-14T16:57:31.170205+00:00,MR_TARGET_1R_V1,ETH,ETHUSDT,strategy-lab-v1.0.0:MR_TARGET_1R_V1,1783926000000,2026-07-13T07:00:00+00:00,1776.4,1789.78,1775.01,1785.98,35.24295708073359,1805.261,1773.0933486092015,1776.92275,15.217142857142887,False,OPEN_TRADE_EXISTS|RSI_NOT_BELOW_35|CLOSE_NOT_NEAR_OR_BELOW_LOWER_BB
2026-07-14T16:57:31.170205+00:00,MR_TARGET_1R_V1,ETH,ETHUSDT,strategy-lab-v1.0.0:MR_TARGET_1R_V1,1783929600000,2026-07-13T08:00:00+00:00,1786.0,1792.08,1782.01,1788.7,34.94776828110159,1804.3965,1771.4341667846472,1777.0108000000002,15.41785714285717,False,OPEN_TRADE_EXISTS|CLOSE_NOT_NEAR_OR_BELOW_LOWER_BB
2026-07-14T16:57:31.170205+00:00,MR_TARGET_1R_V1,ETH,ETHUSDT,strategy-lab-v1.0.0:MR_TARGET_1R_V1,1783933200000,2026-07-13T09:00:00+00:00,1788.77,1789.0,1783.32,1784.3,33.5490928981675,1803.3715,1769.2679193815377,1777.1070000000002,15.467857142857172,False,OPEN_TRADE_EXISTS|CLOSE_NOT_NEAR_OR_BELOW_LOWER_BB
2026-07-14T16:57:31.170205+00:00,MR_TARGET_1R_V1,ETH,ETHUSDT,strategy-lab-v1.0.0:MR_TARGET_1R_V1,1783936800000,2026-07-13T10:00:00+00:00,1784.3,1785.24,1775.51,1778.08,31.77892918825559,1801.35,1766.2956775846403,1777.2017500000002,15.754285714285743,False,OPEN_TRADE_EXISTS|CLOSE_NOT_NEAR_OR_BELOW_LOWER_BB
2026-07-14T16:57:31.170205+00:00,MR_TARGET_1R_V1,ETH,ETHUSDT,strategy-lab-v1.0.0:MR_TARGET_1R_V1,1783940400000,2026-07-13T11:00:00+00:00,1778.09,1783.29,1778.09,1779.2,35.098111810440585,1799.312,1764.0834629313108,1777.2980499999999,15.23785714285717,False,OPEN_TRADE_EXISTS|RSI_NOT_BELOW_35|CLOSE_NOT_NEAR_OR_BELOW_LOWER_BB
2026-07-14T16:57:31.170205+00:00,MR_TARGET_1R_V1,ETH,ETHUSDT,strategy-lab-v1.0.0:MR_TARGET_1R_V1,1783944000000,2026-07-13T12:00:00+00:00,1779.2,1782.92,1766.51,1770.57,34.71573743477066,1796.8065,1760.8921305777196,1777.3217499999998,15.248571428571463,False,OPEN_TRADE_EXISTS|CLOSE_NOT_NEAR_OR_BELOW_LOWER_BB|CLOSE_NOT_ABOVE_MA200
2026-07-14T16:57:31.170205+00:00,MR_TARGET_1R_V1,ETH,ETHUSDT,strategy-lab-v1.0.0:MR_TARGET_1R_V1,1783947600000,2026-07-13T13:00:00+00:00,1770.57,1775.01,1761.7,1769.7,33.50529709811151,1794.4315000000001,1757.9479018907123,1777.34935,15.620000000000037,False,OPEN_TRADE_EXISTS|CLOSE_NOT_NEAR_OR_BELOW_LOWER_BB|CLOSE_NOT_ABOVE_MA200
2026-07-14T16:57:31.170205+00:00,MR_TARGET_1R_V1,ETH,ETHUSDT,strategy-lab-v1.0.0:MR_TARGET_1R_V1,1783951200000,2026-07-13T14:00:00+00:00,1769.75,1780.42,1760.97,1780.0,27.090909090909193,1792.4115000000002,1757.4613587842618,1777.4339000000002,14.040714285714314,False,OPEN_TRADE_EXISTS|CLOSE_NOT_NEAR_OR_BELOW_LOWER_BB
2026-07-14T16:57:31.170205+00:00,MR_TARGET_1R_V1,ETH,ETHUSDT,strategy-lab-v1.0.0:MR_TARGET_1R_V1,1783954800000,2026-07-13T15:00:00+00:00,1780.05,1785.23,1773.89,1775.39,31.966626936829627,1790.1615000000002,1756.9553353464291,1777.46905,13.097142857142883,False,OPEN_TRADE_EXISTS|CLOSE_NOT_NEAR_OR_BELOW_LOWER_BB|CLOSE_NOT_ABOVE_MA200
2026-07-14T16:57:31.170205+00:00,MR_TARGET_1R_V1,ETH,ETHUSDT,strategy-lab-v1.0.0:MR_TARGET_1R_V1,1783958400000,2026-07-13T16:00:00+00:00,1775.39,1779.39,1765.52,1770.21,30.09992141012694,1787.658,1756.4207308491907,1777.4904999999999,12.975714285714323,False,OPEN_TRADE_EXISTS|CLOSE_NOT_NEAR_OR_BELOW_LOWER_BB|CLOSE_NOT_ABOVE_MA200
2026-07-14T16:57:31.170205+00:00,MR_TARGET_1R_V1,ETH,ETHUSDT,strategy-lab-v1.0.0:MR_TARGET_1R_V1,1783962000000,2026-07-13T17:00:00+00:00,1770.21,1774.55,1751.12,1751.67,33.053877450376106,1784.6715,1751.7112061451187,1777.46655,12.375714285714318,False,CLOSE_NOT_ABOVE_MA200
2026-07-14T16:57:31.170205+00:00,MR_TARGET_1R_V1,ETH,ETHUSDT,strategy-lab-v1.0.0:MR_TARGET_1R_V1,1783965600000,2026-07-13T18:00:00+00:00,1751.67,1765.61,1748.05,1763.09,42.08961796763179,1782.6280000000002,1749.6367832294698,1777.4821,12.993571428571451,False,RSI_NOT_BELOW_35|CLOSE_NOT_NEAR_OR_BELOW_LOWER_BB|CLOSE_NOT_ABOVE_MA200
2026-07-14T16:57:31.170205+00:00,MR_TARGET_1R_V1,ETH,ETHUSDT,strategy-lab-v1.0.0:MR_TARGET_1R_V1,1783969200000,2026-07-13T19:00:00+00:00,1763.1,1773.48,1762.53,1772.97,46.139668236739745,1781.0010000000002,1749.5086187626255,1777.5539500000002,12.860714285714298,False,RSI_NOT_BELOW_35|CLOSE_NOT_NEAR_OR_BELOW_LOWER_BB|CLOSE_NOT_ABOVE_MA200
2026-07-14T16:57:31.170205+00:00,MR_TARGET_1R_V1,ETH,ETHUSDT,strategy-lab-v1.0.0:MR_TARGET_1R_V1,1783972800000,2026-07-13T20:00:00+00:00,1773.1,1775.29,1759.8,1765.54,44.64038042401431,1778.0100000000002,1753.3067597267045,1777.56445,13.376428571428587,False,RSI_NOT_BELOW_35|CLOSE_NOT_NEAR_OR_BELOW_LOWER_BB|CLOSE_NOT_ABOVE_MA200
2026-07-14T16:57:31.170205+00:00,MR_TARGET_1R_V1,ETH,ETHUSDT,strategy-lab-v1.0.0:MR_TARGET_1R_V1,1783976400000,2026-07-13T21:00:00+00:00,1765.6,1765.62,1751.11,1759.9,36.55115511551159,1775.7224999999999,1753.3144667306522,1777.5397,13.357857142857158,False,RSI_NOT_BELOW_35|CLOSE_NOT_NEAR_OR_BELOW_LOWER_BB|CLOSE_NOT_ABOVE_MA200
2026-07-14T16:57:31.170205+00:00,MR_TARGET_1R_V1,ETH,ETHUSDT,strategy-lab-v1.0.0:MR_TARGET_1R_V1,1783980000000,2026-07-13T22:00:00+00:00,1759.99,1766.6,1753.5,1755.93,33.31636289583547,1773.236,1753.8327256371454,1777.4642000000001,13.574285714285727,False,CLOSE_NOT_NEAR_OR_BELOW_LOWER_BB|CLOSE_NOT_ABOVE_MA200
2026-07-14T16:57:31.170205+00:00,MR_TARGET_1R_V1,ETH,ETHUSDT,strategy-lab-v1.0.0:MR_TARGET_1R_V1,1783983600000,2026-07-13T23:00:00+00:00,1755.88,1775.8,1753.7,1774.57,45.673632725655835,1773.0065,1753.7811643462273,1777.4716500000002,14.74714285714286,False,RSI_NOT_BELOW_35|CLOSE_NOT_NEAR_OR_BELOW_LOWER_BB|CLOSE_NOT_ABOVE_MA200
2026-07-14T16:57:31.170205+00:00,MR_TARGET_1R_V1,ETH,ETHUSDT,strategy-lab-v1.0.0:MR_TARGET_1R_V1,1783987200000,2026-07-14T00:00:00+00:00,1774.57,1786.67,1771.36,1784.18,52.632941988950336,1773.3425,1753.5899144730313,1777.5355000000002,15.1457142857143,False,RSI_NOT_BELOW_35|CLOSE_NOT_NEAR_OR_BELOW_LOWER_BB
2026-07-14T16:57:31.170205+00:00,MR_TARGET_1R_V1,ETH,ETHUSDT,strategy-lab-v1.0.0:MR_TARGET_1R_V1,1783990800000,2026-07-14T01:00:00+00:00,1784.13,1792.62,1781.21,1782.95,51.61707632600259,1773.4645,1753.5072632423671,1777.5602000000001,15.588571428571429,False,RSI_NOT_BELOW_35|CLOSE_NOT_NEAR_OR_BELOW_LOWER_BB
2026-07-14T16:57:31.170205+00:00,MR_TARGET_1R_V1,ETH,ETHUSDT,strategy-lab-v1.0.0:MR_TARGET_1R_V1,1783994400000,2026-07-14T02:00:00+00:00,1782.94,1787.0,1773.24,1780.76,54.65254314674463,1773.6844999999998,1753.5086287920392,1777.5653499999999,15.399285714285709,False,RSI_NOT_BELOW_35|CLOSE_NOT_NEAR_OR_BELOW_LOWER_BB
2026-07-14T16:57:31.170205+00:00,MR_TARGET_1R_V1,ETH,ETHUSDT,strategy-lab-v1.0.0:MR_TARGET_1R_V1,1783998000000,2026-07-14T03:00:00+00:00,1780.76,1782.02,1772.71,1781.6,55.434782608695606,1773.4655000000002,1753.7381307126316,1777.5745500000003,15.113571428571422,False,RSI_NOT_BELOW_35|CLOSE_NOT_NEAR_OR_BELOW_LOWER_BB
2026-07-14T16:57:31.170205+00:00,MR_TARGET_1R_V1,ETH,ETHUSDT,strategy-lab-v1.0.0:MR_TARGET_1R_V1,1784001600000,2026-07-14T04:00:00+00:00,1781.62,1787.7,1780.31,1783.73,51.840884414174326,1773.2169999999999,1754.1493288259887,1777.61485,14.252142857142855,False,RSI_NOT_BELOW_35|CLOSE_NOT_NEAR_OR_BELOW_LOWER_BB
2026-07-14T16:57:31.170205+00:00,MR_TARGET_1R_V1,ETH,ETHUSDT,strategy-lab-v1.0.0:MR_TARGET_1R_V1,1784005200000,2026-07-14T05:00:00+00:00,1783.72,1791.24,1782.34,1784.89,54.85387287962395,1773.2465,1754.108636718008,1777.6130000000003,14.077857142857154,False,RSI_NOT_BELOW_35|CLOSE_NOT_NEAR_OR_BELOW_LOWER_BB
2026-07-14T16:57:31.170205+00:00,MR_TARGET_1R_V1,ETH,ETHUSDT,strategy-lab-v1.0.0:MR_TARGET_1R_V1,1784008800000,2026-07-14T06:00:00+00:00,1784.88,1785.33,1779.4,1780.91,55.53486447341198,1773.3880000000001,1754.0682944121756,1777.5770499999999,13.510714285714275,False,RSI_NOT_BELOW_35|CLOSE_NOT_NEAR_OR_BELOW_LOWER_BB
2026-07-14T16:57:31.170205+00:00,MR_TARGET_1R_V1,ETH,ETHUSDT,strategy-lab-v1.0.0:MR_TARGET_1R_V1,1784012400000,2026-07-14T07:00:00+00:00,1780.91,1783.82,1776.94,1778.59,66.73296867230218,1773.3575,1754.0726978231507,1777.549,12.328571428571406,False,RSI_NOT_BELOW_35|CLOSE_NOT_NEAR_OR_BELOW_LOWER_BB
2026-07-14T16:57:31.170205+00:00,MR_TARGET_1R_V1,ETH,ETHUSDT,strategy-lab-v1.0.0:MR_TARGET_1R_V1,1784016000000,2026-07-14T08:00:00+00:00,1778.59,1787.8,1776.51,1783.89,63.9935414424112,1774.0235,1754.2557977814768,1777.5092000000002,11.880714285714264,False,RSI_NOT_BELOW_35|CLOSE_NOT_NEAR_OR_BELOW_LOWER_BB
2026-07-14T16:57:31.170205+00:00,MR_TARGET_1R_V1,ETH,ETHUSDT,strategy-lab-v1.0.0:MR_TARGET_1R_V1,1784019600000,2026-07-14T09:00:00+00:00,1783.89,1787.72,1780.81,1784.18,58.65904526494667,1774.7475,1754.6090364290073,1777.50745,11.592142857142838,False,RSI_NOT_BELOW_35|CLOSE_NOT_NEAR_OR_BELOW_LOWER_BB
2026-07-14T16:57:31.170205+00:00,MR_TARGET_1R_V1,ETH,ETHUSDT,strategy-lab-v1.0.0:MR_TARGET_1R_V1,1784023200000,2026-07-14T10:00:00+00:00,1784.24,1802.88,1784.06,1798.36,72.95747062115265,1775.6654999999998,1753.1226718943653,1777.58825,11.829999999999993,False,RSI_NOT_BELOW_35|CLOSE_NOT_NEAR_OR_BELOW_LOWER_BB
2026-07-14T16:57:31.170205+00:00,MR_TARGET_1R_V1,ETH,ETHUSDT,strategy-lab-v1.0.0:MR_TARGET_1R_V1,1784026800000,2026-07-14T11:00:00+00:00,1798.28,1800.9,1793.53,1796.5,77.0310192023632,1776.721,1752.4203235485065,1777.6804000000002,11.320000000000002,False,RSI_NOT_BELOW_35|CLOSE_NOT_NEAR_OR_BELOW_LOWER_BB
2026-07-14T16:57:31.170205+00:00,MR_TARGET_1R_V1,ETH,ETHUSDT,strategy-lab-v1.0.0:MR_TARGET_1R_V1,1784030400000,2026-07-14T12:00:00+00:00,1796.5,1864.96,1792.38,1859.4,90.85524757166539,1781.1805,1737.9409452034931,1778.0959000000003,15.568571428571431,False,RSI_NOT_BELOW_35|CLOSE_NOT_NEAR_OR_BELOW_LOWER_BB
2026-07-14T16:57:31.170205+00:00,MR_TARGET_1R_V1,ETH,ETHUSDT,strategy-lab-v1.0.0:MR_TARGET_1R_V1,1784034000000,2026-07-14T13:00:00+00:00,1859.49,1881.4,1853.11,1869.78,90.21711582326593,1787.086,1731.1757170817384,1778.5838,16.010714285714307,False,RSI_NOT_BELOW_35|CLOSE_NOT_NEAR_OR_BELOW_LOWER_BB
2026-07-14T16:57:31.170205+00:00,MR_TARGET_1R_V1,ETH,ETHUSDT,strategy-lab-v1.0.0:MR_TARGET_1R_V1,1784037600000,2026-07-14T14:00:00+00:00,1869.8,1883.39,1857.92,1879.38,90.21628928692115,1792.9005000000002,1725.23070630296,1779.1417000000001,16.736428571428583,False,RSI_NOT_BELOW_35|CLOSE_NOT_NEAR_OR_BELOW_LOWER_BB
2026-07-14T16:57:31.170205+00:00,MR_TARGET_1R_V1,ETH,ETHUSDT,strategy-lab-v1.0.0:MR_TARGET_1R_V1,1784041200000,2026-07-14T15:00:00+00:00,1879.46,1888.34,1871.55,1873.71,86.95439739413668,1797.9375,1722.4106465305224,1779.65815,17.120714285714307,False,RSI_NOT_BELOW_35|CLOSE_NOT_NEAR_OR_BELOW_LOWER_BB
2026-07-14T16:57:31.170205+00:00,MR_TARGET_1R_V1,ETH,ETHUSDT,strategy-lab-v1.0.0:MR_TARGET_1R_V1,1784044800000,2026-07-14T16:00:00+00:00,1873.8,1876.01,1867.58,1873.03,88.03693626844738,1803.312,1722.6483669055262,1780.20375,16.740000000000027,False,RSI_NOT_BELOW_35|CLOSE_NOT_NEAR_OR_BELOW_LOWER_BB
2026-07-14T16:57:31.170205+00:00,MR_TARGET_1R_V1,SOL,SOLUSDT,strategy-lab-v1.0.0:MR_TARGET_1R_V1,1783828800000,2026-07-12T04:00:00+00:00,76.99,77.03,76.55,76.66,29.370629370629487,77.64099999999999,76.3001659312194,79.64125,0.5592857142857152,False,CLOSE_NOT_NEAR_OR_BELOW_LOWER_BB|CLOSE_NOT_ABOVE_MA200
2026-07-14T16:57:31.170205+00:00,MR_TARGET_1R_V1,SOL,SOLUSDT,strategy-lab-v1.0.0:MR_TARGET_1R_V1,1783832400000,2026-07-12T05:00:00+00:00,76.65,76.78,76.32,76.39,28.31460674157327,77.57249999999999,76.12708137551685,79.61035,0.52857142857143,False,CLOSE_NOT_NEAR_OR_BELOW_LOWER_BB|CLOSE_NOT_ABOVE_MA200
2026-07-14T16:57:31.170205+00:00,MR_TARGET_1R_V1,SOL,SOLUSDT,strategy-lab-v1.0.0:MR_TARGET_1R_V1,1783836000000,2026-07-12T06:00:00+00:00,76.38,76.38,75.81,76.3,30.731707317073372,77.4885,75.95499062604665,79.58045,0.5171428571428588,False,CLOSE_NOT_NEAR_OR_BELOW_LOWER_BB|CLOSE_NOT_ABOVE_MA200
2026-07-14T16:57:31.170205+00:00,MR_TARGET_1R_V1,SOL,SOLUSDT,strategy-lab-v1.0.0:MR_TARGET_1R_V1,1783839600000,2026-07-12T07:00:00+00:00,76.3,76.66,76.25,76.45,30.731707317073372,77.41,75.83323115200648,79.5513,0.5185714285714299,False,CLOSE_NOT_NEAR_OR_BELOW_LOWER_BB|CLOSE_NOT_ABOVE_MA200
2026-07-14T16:57:31.170205+00:00,MR_TARGET_1R_V1,SOL,SOLUSDT,strategy-lab-v1.0.0:MR_TARGET_1R_V1,1783843200000,2026-07-12T08:00:00+00:00,76.43,76.78,76.42,76.65,34.03263403263426,77.3415,75.75766572836585,79.523,0.5207142857142871,False,CLOSE_NOT_NEAR_OR_BELOW_LOWER_BB|CLOSE_NOT_ABOVE_MA200
2026-07-14T16:57:31.170205+00:00,MR_TARGET_1R_V1,SOL,SOLUSDT,strategy-lab-v1.0.0:MR_TARGET_1R_V1,1783846800000,2026-07-12T09:00:00+00:00,76.65,76.85,76.34,76.69,33.72365339578462,77.2705,75.70361168234527,79.4971,0.5378571428571429,False,CLOSE_NOT_NEAR_OR_BELOW_LOWER_BB|CLOSE_NOT_ABOVE_MA200
2026-07-14T16:57:31.170205+00:00,MR_TARGET_1R_V1,SOL,SOLUSDT,strategy-lab-v1.0.0:MR_TARGET_1R_V1,1783850400000,2026-07-12T10:00:00+00:00,76.69,76.81,76.6,76.66,32.863849765258195,77.18199999999999,75.68886102455166,79.46985,0.5407142857142863,False,CLOSE_NOT_NEAR_OR_BELOW_LOWER_BB|CLOSE_NOT_ABOVE_MA200
2026-07-14T16:57:31.170205+00:00,MR_TARGET_1R_V1,SOL,SOLUSDT,strategy-lab-v1.0.0:MR_TARGET_1R_V1,1783854000000,2026-07-12T11:00:00+00:00,76.66,77.22,76.47,76.88,35.29411764705874,77.11,75.7071600233801,79.44095,0.5807142857142864,False,RSI_NOT_BELOW_35|CLOSE_NOT_NEAR_OR_BELOW_LOWER_BB|CLOSE_NOT_ABOVE_MA200
2026-07-14T16:57:31.170205+00:00,MR_TARGET_1R_V1,SOL,SOLUSDT,strategy-lab-v1.0.0:MR_TARGET_1R_V1,1783857600000,2026-07-12T12:00:00+00:00,76.88,77.18,76.73,77.13,41.80138568129323,77.07249999999999,75.7146211394226,79.40965,0.5771428571428581,False,RSI_NOT_BELOW_35|CLOSE_NOT_NEAR_OR_BELOW_LOWER_BB|CLOSE_NOT_ABOVE_MA200
2026-07-14T16:57:31.170205+00:00,MR_TARGET_1R_V1,SOL,SOLUSDT,strategy-lab-v1.0.0:MR_TARGET_1R_V1,1783861200000,2026-07-12T13:00:00+00:00,77.13,77.43,77.07,77.11,55.692307692307764,77.0265,75.74108528092955,79.3787,0.519285714285716,False,RSI_NOT_BELOW_35|CLOSE_NOT_NEAR_OR_BELOW_LOWER_BB|CLOSE_NOT_ABOVE_MA200
2026-07-14T16:57:31.170205+00:00,MR_TARGET_1R_V1,SOL,SOLUSDT,strategy-lab-v1.0.0:MR_TARGET_1R_V1,1783864800000,2026-07-12T14:00:00+00:00,77.11,77.65,76.92,77.5,74.5762711864407,77.0005,75.77697272200292,79.3538,0.4835714285714303,False,RSI_NOT_BELOW_35|CLOSE_NOT_NEAR_OR_BELOW_LOWER_BB|CLOSE_NOT_ABOVE_MA200
2026-07-14T16:57:31.170205+00:00,MR_TARGET_1R_V1,SOL,SOLUSDT,strategy-lab-v1.0.0:MR_TARGET_1R_V1,1783868400000,2026-07-12T15:00:00+00:00,77.49,77.56,77.23,77.41,63.63636363636353,76.967,75.82989666256626,79.32765,0.44642857142857345,False,RSI_NOT_BELOW_35|CLOSE_NOT_NEAR_OR_BELOW_LOWER_BB|CLOSE_NOT_ABOVE_MA200
2026-07-14T16:57:31.170205+00:00,MR_TARGET_1R_V1,SOL,SOLUSDT,strategy-lab-v1.0.0:MR_TARGET_1R_V1,1783872000000,2026-07-12T16:00:00+00:00,77.42,77.62,77.34,77.5,64.70588235294119,76.93599999999999,75.89672332846206,79.30395,0.4457142857142874,False,RSI_NOT_BELOW_35|CLOSE_NOT_NEAR_OR_BELOW_LOWER_BB|CLOSE_NOT_ABOVE_MA200
2026-07-14T16:57:31.170205+00:00,MR_TARGET_1R_V1,SOL,SOLUSDT,strategy-lab-v1.0.0:MR_TARGET_1R_V1,1783875600000,2026-07-12T17:00:00+00:00,77.5,77.57,77.2,77.31,56.54008438818569,76.89250000000001,76.00312100316965,79.28235,0.4485714285714297,False,RSI_NOT_BELOW_35|CLOSE_NOT_NEAR_OR_BELOW_LOWER_BB|CLOSE_NOT_ABOVE_MA200
2026-07-14T16:57:31.170205+00:00,MR_TARGET_1R_V1,SOL,SOLUSDT,strategy-lab-v1.0.0:MR_TARGET_1R_V1,1783879200000,2026-07-12T18:00:00+00:00,77.3,77.6,77.18,77.53,69.33333333333343,76.877,76.04527648824686,79.2622,0.44428571428571423,False,RSI_NOT_BELOW_35|CLOSE_NOT_NEAR_OR_BELOW_LOWER_BB|CLOSE_NOT_ABOVE_MA200
2026-07-14T16:57:31.170205+00:00,MR_TARGET_1R_V1,SOL,SOLUSDT,strategy-lab-v1.0.0:MR_TARGET_1R_V1,1783882800000,2026-07-12T19:00:00+00:00,77.52,77.73,77.39,77.63,79.80769230769221,76.9215,76.03071888210236,79.24164999999999,0.43571428571428533,False,RSI_NOT_BELOW_35|CLOSE_NOT_NEAR_OR_BELOW_LOWER_BB|CLOSE_NOT_ABOVE_MA200
2026-07-14T16:57:31.170205+00:00,MR_TARGET_1R_V1,SOL,SOLUSDT,strategy-lab-v1.0.0:MR_TARGET_1R_V1,1783886400000,2026-07-12T20:00:00+00:00,77.63,77.68,77.4,77.42,75.4545454545457,76.99,76.16992683253079,79.2212,0.4142857142857141,False,RSI_NOT_BELOW_35|CLOSE_NOT_NEAR_OR_BELOW_LOWER_BB|CLOSE_NOT_ABOVE_MA200
2026-07-14T16:57:31.170205+00:00,MR_TARGET_1R_V1,SOL,SOLUSDT,strategy-lab-v1.0.0:MR_TARGET_1R_V1,1783890000000,2026-07-12T21:00:00+00:00,77.41,77.69,76.94,77.06,62.65560165975111,77.00399999999999,76.18920186548877,79.1986,0.4385714285714286,False,RSI_NOT_BELOW_35|CLOSE_NOT_NEAR_OR_BELOW_LOWER_BB|CLOSE_NOT_ABOVE_MA200
2026-07-14T16:57:31.170205+00:00,MR_TARGET_1R_V1,SOL,SOLUSDT,strategy-lab-v1.0.0:MR_TARGET_1R_V1,1783893600000,2026-07-12T22:00:00+00:00,77.05,77.05,76.42,76.72,51.372549019607725,77.0,76.18046354565342,79.1735,0.4585714285714287,False,RSI_NOT_BELOW_35|CLOSE_NOT_NEAR_OR_BELOW_LOWER_BB|CLOSE_NOT_ABOVE_MA200
2026-07-14T16:57:31.170205+00:00,MR_TARGET_1R_V1,SOL,SOLUSDT,strategy-lab-v1.0.0:MR_TARGET_1R_V1,1783897200000,2026-07-12T23:00:00+00:00,76.72,76.91,76.6,76.88,53.55805243445691,76.994,76.17279600585302,79.14705,0.4442857142857152,False,RSI_NOT_BELOW_35|CLOSE_NOT_NEAR_OR_BELOW_LOWER_BB|CLOSE_NOT_ABOVE_MA200
2026-07-14T16:57:31.170205+00:00,MR_TARGET_1R_V1,SOL,SOLUSDT,strategy-lab-v1.0.0:MR_TARGET_1R_V1,1783900800000,2026-07-13T00:00:00+00:00,76.86,78.15,76.79,77.47,62.53869969040255,77.0345,76.20334477983775,79.1237,0.5264285714285718,False,RSI_NOT_BELOW_35|CLOSE_NOT_NEAR_OR_BELOW_LOWER_BB|CLOSE_NOT_ABOVE_MA200
2026-07-14T16:57:31.170205+00:00,MR_TARGET_1R_V1,SOL,SOLUSDT,strategy-lab-v1.0.0:MR_TARGET_1R_V1,1783904400000,2026-07-13T01:00:00+00:00,77.48,77.61,76.22,76.26,42.65402843601905,77.02799999999999,76.17503810166986,79.09270000000001,0.5721428571428575,False,RSI_NOT_BELOW_35|CLOSE_NOT_NEAR_OR_BELOW_LOWER_BB|CLOSE_NOT_ABOVE_MA200
2026-07-14T16:57:31.170205+00:00,MR_TARGET_1R_V1,SOL,SOLUSDT,strategy-lab-v1.0.0:MR_TARGET_1R_V1,1783908000000,2026-07-13T02:00:00+00:00,76.26,76.62,76.07,76.43,41.54589371980687,77.0345,76.20209444980048,79.06389999999999,0.5792857142857153,False,RSI_NOT_BELOW_35|CLOSE_NOT_NEAR_OR_BELOW_LOWER_BB|CLOSE_NOT_ABOVE_MA200
2026-07-14T16:57:31.170205+00:00,MR_TARGET_1R_V1,SOL,SOLUSDT,strategy-lab-v1.0.0:MR_TARGET_1R_V1,1783911600000,2026-07-13T03:00:00+00:00,76.43,76.44,75.39,75.82,36.36363636363631,77.003,76.04612801273997,79.03395,0.6285714285714283,False,RSI_NOT_BELOW_35|CLOSE_NOT_ABOVE_MA200
2026-07-14T16:57:31.170205+00:00,MR_TARGET_1R_V1,SOL,SOLUSDT,strategy-lab-v1.0.0:MR_TARGET_1R_V1,1783915200000,2026-07-13T04:00:00+00:00,75.8,76.09,75.67,75.86,31.278538812785428,76.9635,75.89311175267898,79.0037,0.6064285714285711,False,CLOSE_NOT_ABOVE_MA200
2026-07-14T16:57:31.170205+00:00,MR_TARGET_1R_V1,SOL,SOLUSDT,strategy-lab-v1.0.0:MR_TARGET_1R_V1,1783918800000,2026-07-13T05:00:00+00:00,75.87,76.41,75.69,76.35,38.912133891213365,76.94649999999999,75.84882472925595,78.97585,0.634285714285714,False,RSI_NOT_BELOW_35|CLOSE_NOT_NEAR_OR_BELOW_LOWER_BB|CLOSE_NOT_ABOVE_MA200
2026-07-14T16:57:31.170205+00:00,MR_TARGET_1R_V1,SOL,SOLUSDT,strategy-lab-v1.0.0:MR_TARGET_1R_V1,1783922400000,2026-07-13T06:00:00+00:00,76.36,76.56,76.23,76.34,37.65957446808511,76.93050000000001,75.80754897702396,78.9483,0.6378571428571423,False,RSI_NOT_BELOW_35|CLOSE_NOT_NEAR_OR_BELOW_LOWER_BB|CLOSE_NOT_ABOVE_MA200
2026-07-14T16:57:31.170205+00:00,MR_TARGET_1R_V1,SOL,SOLUSDT,strategy-lab-v1.0.0:MR_TARGET_1R_V1,1783926000000,2026-07-13T07:00:00+00:00,76.33,76.64,76.17,76.39,39.91228070175435,76.90599999999999,75.75859597351108,78.92165,0.6450000000000001,False,RSI_NOT_BELOW_35|CLOSE_NOT_NEAR_OR_BELOW_LOWER_BB|CLOSE_NOT_ABOVE_MA200
2026-07-14T16:57:31.170205+00:00,MR_TARGET_1R_V1,SOL,SOLUSDT,strategy-lab-v1.0.0:MR_TARGET_1R_V1,1783929600000,2026-07-13T08:00:00+00:00,76.39,76.84,76.31,76.66,40.56399132321033,76.88250000000001,75.73515741820371,78.8988,0.6528571428571439,False,RSI_NOT_BELOW_35|CLOSE_NOT_NEAR_OR_BELOW_LOWER_BB|CLOSE_NOT_ABOVE_MA200
2026-07-14T16:57:31.170205+00:00,MR_TARGET_1R_V1,SOL,SOLUSDT,strategy-lab-v1.0.0:MR_TARGET_1R_V1,1783933200000,2026-07-13T09:00:00+00:00,76.66,76.67,76.54,76.55,38.3116883116883,76.8545,75.70340530363355,78.8777,0.6378571428571433,False,RSI_NOT_BELOW_35|CLOSE_NOT_NEAR_OR_BELOW_LOWER_BB|CLOSE_NOT_ABOVE_MA200
2026-07-14T16:57:31.170205+00:00,MR_TARGET_1R_V1,SOL,SOLUSDT,strategy-lab-v1.0.0:MR_TARGET_1R_V1,1783936800000,2026-07-13T10:00:00+00:00,76.56,76.56,76.03,76.22,37.341772151898695,76.7905,75.64777562378192,78.8573,0.6557142857142862,False,RSI_NOT_BELOW_35|CLOSE_NOT_NEAR_OR_BELOW_LOWER_BB|CLOSE_NOT_ABOVE_MA200
2026-07-14T16:57:31.170205+00:00,MR_TARGET_1R_V1,SOL,SOLUSDT,strategy-lab-v1.0.0:MR_TARGET_1R_V1,1783940400000,2026-07-13T11:00:00+00:00,76.22,76.5,76.22,76.28,41.216216216216196,76.73400000000001,75.60776023866897,78.83625,0.6221428571428577,False,RSI_NOT_BELOW_35|CLOSE_NOT_NEAR_OR_BELOW_LOWER_BB|CLOSE_NOT_ABOVE_MA200
2026-07-14T16:57:31.170205+00:00,MR_TARGET_1R_V1,SOL,SOLUSDT,strategy-lab-v1.0.0:MR_TARGET_1R_V1,1783944000000,2026-07-13T12:00:00+00:00,76.3,76.33,75.67,75.79,39.86928104575169,76.6485,75.5083022101394,78.81255,0.6235714285714289,False,RSI_NOT_BELOW_35|CLOSE_NOT_NEAR_OR_BELOW_LOWER_BB|CLOSE_NOT_ABOVE_MA200
2026-07-14T16:57:31.170205+00:00,MR_TARGET_1R_V1,SOL,SOLUSDT,strategy-lab-v1.0.0:MR_TARGET_1R_V1,1783947600000,2026-07-13T13:00:00+00:00,75.79,75.87,75.03,75.32,34.08163265306122,76.549,75.31372027459244,78.78715,0.6614285714285718,False,CLOSE_NOT_NEAR_OR_BELOW_LOWER_BB|CLOSE_NOT_ABOVE_MA200
2026-07-14T16:57:31.170205+00:00,MR_TARGET_1R_V1,SOL,SOLUSDT,strategy-lab-v1.0.0:MR_TARGET_1R_V1,1783951200000,2026-07-13T14:00:00+00:00,75.31,76.11,75.28,76.08,36.29191321499015,76.4765,75.31184940861948,78.7649,0.6235714285714289,False,RSI_NOT_BELOW_35|CLOSE_NOT_NEAR_OR_BELOW_LOWER_BB|CLOSE_NOT_ABOVE_MA200
2026-07-14T16:57:31.170205+00:00,MR_TARGET_1R_V1,SOL,SOLUSDT,strategy-lab-v1.0.0:MR_TARGET_1R_V1,1783954800000,2026-07-13T15:00:00+00:00,76.09,76.25,75.68,75.74,43.80952380952372,76.382,75.30354555033463,78.74045,0.5649999999999997,False,RSI_NOT_BELOW_35|CLOSE_NOT_NEAR_OR_BELOW_LOWER_BB|CLOSE_NOT_ABOVE_MA200
2026-07-14T16:57:31.170205+00:00,MR_TARGET_1R_V1,SOL,SOLUSDT,strategy-lab-v1.0.0:MR_TARGET_1R_V1,1783958400000,2026-07-13T16:00:00+00:00,75.74,75.96,75.12,75.21,36.622807017543764,76.2715,75.18824056662172,78.7144,0.5857142857142839,False,RSI_NOT_BELOW_35|CLOSE_NOT_NEAR_OR_BELOW_LOWER_BB|CLOSE_NOT_ABOVE_MA200
2026-07-14T16:57:31.170205+00:00,MR_TARGET_1R_V1,SOL,SOLUSDT,strategy-lab-v1.0.0:MR_TARGET_1R_V1,1783962000000,2026-07-13T17:00:00+00:00,75.22,75.39,74.44,74.51,35.91397849462376,76.144,74.8772498273128,78.6878,0.5785714285714272,False,RSI_NOT_BELOW_35|CLOSE_NOT_ABOVE_MA200
2026-07-14T16:57:31.170205+00:00,MR_TARGET_1R_V1,SOL,SOLUSDT,strategy-lab-v1.0.0:MR_TARGET_1R_V1,1783965600000,2026-07-13T18:00:00+00:00,74.52,74.96,74.48,74.77,38.80903490759744,76.04650000000001,74.67615296366101,78.6598,0.5828571428571406,False,RSI_NOT_BELOW_35|CLOSE_NOT_NEAR_OR_BELOW_LOWER_BB|CLOSE_NOT_ABOVE_MA200
2026-07-14T16:57:31.170205+00:00,MR_TARGET_1R_V1,SOL,SOLUSDT,strategy-lab-v1.0.0:MR_TARGET_1R_V1,1783969200000,2026-07-13T19:00:00+00:00,74.78,75.17,74.66,75.1,36.730360934182535,75.9575,74.58403904314571,78.63285,0.5678571428571411,False,RSI_NOT_BELOW_35|CLOSE_NOT_NEAR_OR_BELOW_LOWER_BB|CLOSE_NOT_ABOVE_MA200
2026-07-14T16:57:31.170205+00:00,MR_TARGET_1R_V1,SOL,SOLUSDT,strategy-lab-v1.0.0:MR_TARGET_1R_V1,1783972800000,2026-07-13T20:00:00+00:00,75.1,75.26,74.52,74.72,34.05511811023612,75.82000000000001,74.53177641692015,78.6029,0.5971428571428561,False,CLOSE_NOT_NEAR_OR_BELOW_LOWER_BB|CLOSE_NOT_ABOVE_MA200
2026-07-14T16:57:31.170205+00:00,MR_TARGET_1R_V1,SOL,SOLUSDT,strategy-lab-v1.0.0:MR_TARGET_1R_V1,1783976400000,2026-07-13T21:00:00+00:00,74.73,74.73,74.02,74.34,31.053604436229165,75.72399999999999,74.30202391018585,78.56875,0.6142857142857139,False,CLOSE_NOT_NEAR_OR_BELOW_LOWER_BB|CLOSE_NOT_ABOVE_MA200
2026-07-14T16:57:31.170205+00:00,MR_TARGET_1R_V1,SOL,SOLUSDT,strategy-lab-v1.0.0:MR_TARGET_1R_V1,1783980000000,2026-07-13T22:00:00+00:00,74.33,74.65,74.32,74.41,28.40690978886748,75.623,74.13073862879082,78.53395,0.6000000000000004,False,CLOSE_NOT_NEAR_OR_BELOW_LOWER_BB|CLOSE_NOT_ABOVE_MA200
2026-07-14T16:57:31.170205+00:00,MR_TARGET_1R_V1,SOL,SOLUSDT,strategy-lab-v1.0.0:MR_TARGET_1R_V1,1783983600000,2026-07-13T23:00:00+00:00,74.42,74.92,74.31,74.91,35.357142857142804,75.5775,74.056817587396,78.5021,0.634285714285715,False,RSI_NOT_BELOW_35|CLOSE_NOT_NEAR_OR_BELOW_LOWER_BB|CLOSE_NOT_ABOVE_MA200
2026-07-14T16:57:31.170205+00:00,MR_TARGET_1R_V1,SOL,SOLUSDT,strategy-lab-v1.0.0:MR_TARGET_1R_V1,1783987200000,2026-07-14T00:00:00+00:00,74.92,75.4,74.73,75.35,42.381786339754754,75.55199999999999,74.03401976297346,78.47375,0.644285714285715,False,RSI_NOT_BELOW_35|CLOSE_NOT_NEAR_OR_BELOW_LOWER_BB|CLOSE_NOT_ABOVE_MA200
2026-07-14T16:57:31.170205+00:00,MR_TARGET_1R_V1,SOL,SOLUSDT,strategy-lab-v1.0.0:MR_TARGET_1R_V1,1783990800000,2026-07-14T01:00:00+00:00,75.36,75.46,75.13,75.22,40.83044982698956,75.4955,74.01692670117335,78.4445,0.6478571428571434,False,RSI_NOT_BELOW_35|CLOSE_NOT_NEAR_OR_BELOW_LOWER_BB|CLOSE_NOT_ABOVE_MA200
2026-07-14T16:57:31.170205+00:00,MR_TARGET_1R_V1,SOL,SOLUSDT,strategy-lab-v1.0.0:MR_TARGET_1R_V1,1783994400000,2026-07-14T02:00:00+00:00,75.21,75.25,74.79,74.98,42.67631103074135,75.4275,73.98590539679036,78.41475,0.6335714285714289,False,RSI_NOT_BELOW_35|CLOSE_NOT_NEAR_OR_BELOW_LOWER_BB|CLOSE_NOT_ABOVE_MA200
2026-07-14T16:57:31.170205+00:00,MR_TARGET_1R_V1,SOL,SOLUSDT,strategy-lab-v1.0.0:MR_TARGET_1R_V1,1783998000000,2026-07-14T03:00:00+00:00,74.99,75.1,74.47,75.07,47.57281553398056,75.3615,73.98271393972699,78.38525,0.6185714285714283,False,RSI_NOT_BELOW_35|CLOSE_NOT_NEAR_OR_BELOW_LOWER_BB|CLOSE_NOT_ABOVE_MA200
2026-07-14T16:57:31.170205+00:00,MR_TARGET_1R_V1,SOL,SOLUSDT,strategy-lab-v1.0.0:MR_TARGET_1R_V1,1784001600000,2026-07-14T04:00:00+00:00,75.07,75.26,74.95,75.05,38.32199546485243,75.28099999999999,74.03307532278458,78.35545,0.5814285714285715,False,RSI_NOT_BELOW_35|CLOSE_NOT_NEAR_OR_BELOW_LOWER_BB|CLOSE_NOT_ABOVE_MA200
2026-07-14T16:57:31.170205+00:00,MR_TARGET_1R_V1,SOL,SOLUSDT,strategy-lab-v1.0.0:MR_TARGET_1R_V1,1784005200000,2026-07-14T05:00:00+00:00,75.05,75.4,75.01,75.32,45.16129032258054,75.2195,74.11477424217446,78.32345000000001,0.5685714285714292,False,RSI_NOT_BELOW_35|CLOSE_NOT_NEAR_OR_BELOW_LOWER_BB|CLOSE_NOT_ABOVE_MA200
2026-07-14T16:57:31.170205+00:00,MR_TARGET_1R_V1,SOL,SOLUSDT,strategy-lab-v1.0.0:MR_TARGET_1R_V1,1784008800000,2026-07-14T06:00:00+00:00,75.31,75.35,75.01,75.06,48.157248157248226,75.1615,74.15559195251096,78.29,0.5328571428571435,False,RSI_NOT_BELOW_35|CLOSE_NOT_NEAR_OR_BELOW_LOWER_BB|CLOSE_NOT_ABOVE_MA200
2026-07-14T16:57:31.170205+00:00,MR_TARGET_1R_V1,SOL,SOLUSDT,strategy-lab-v1.0.0:MR_TARGET_1R_V1,1784012400000,2026-07-14T07:00:00+00:00,75.04,75.16,74.8,74.88,55.21126760563375,75.0915,74.22093064606935,78.2568,0.49071428571428605,False,RSI_NOT_BELOW_35|CLOSE_NOT_NEAR_OR_BELOW_LOWER_BB|CLOSE_NOT_ABOVE_MA200
2026-07-14T16:57:31.170205+00:00,MR_TARGET_1R_V1,SOL,SOLUSDT,strategy-lab-v1.0.0:MR_TARGET_1R_V1,1784016000000,2026-07-14T08:00:00+00:00,74.85,75.3,74.76,75.07,54.310344827586235,75.0555,74.24604400984164,78.22155,0.4950000000000005,False,RSI_NOT_BELOW_35|CLOSE_NOT_NEAR_OR_BELOW_LOWER_BB|CLOSE_NOT_ABOVE_MA200
2026-07-14T16:57:31.170205+00:00,MR_TARGET_1R_V1,SOL,SOLUSDT,strategy-lab-v1.0.0:MR_TARGET_1R_V1,1784019600000,2026-07-14T09:00:00+00:00,75.07,75.21,74.8,74.99,48.297213622291004,75.039,74.23837774200112,78.18915,0.4878571428571427,False,RSI_NOT_BELOW_35|CLOSE_NOT_NEAR_OR_BELOW_LOWER_BB|CLOSE_NOT_ABOVE_MA200
2026-07-14T16:57:31.170205+00:00,MR_TARGET_1R_V1,SOL,SOLUSDT,strategy-lab-v1.0.0:MR_TARGET_1R_V1,1784023200000,2026-07-14T10:00:00+00:00,75.0,75.5,74.89,75.37,60.06191950464417,75.0035,74.33932306573982,78.1614,0.47857142857142776,False,RSI_NOT_BELOW_35|CLOSE_NOT_NEAR_OR_BELOW_LOWER_BB|CLOSE_NOT_ABOVE_MA200
2026-07-14T16:57:31.170205+00:00,MR_TARGET_1R_V1,SOL,SOLUSDT,strategy-lab-v1.0.0:MR_TARGET_1R_V1,1784026800000,2026-07-14T11:00:00+00:00,75.37,75.5,75.24,75.31,66.66666666666683,74.982,74.39074371039011,78.1343,0.4464285714285704,False,RSI_NOT_BELOW_35|CLOSE_NOT_NEAR_OR_BELOW_LOWER_BB|CLOSE_NOT_ABOVE_MA200
2026-07-14T16:57:31.170205+00:00,MR_TARGET_1R_V1,SOL,SOLUSDT,strategy-lab-v1.0.0:MR_TARGET_1R_V1,1784030400000,2026-07-14T12:00:00+00:00,75.31,76.88,75.1,76.78,77.49419953596309,75.06049999999999,74.08014343221292,78.1145,0.5499999999999982,False,RSI_NOT_BELOW_35|CLOSE_NOT_NEAR_OR_BELOW_LOWER_BB|CLOSE_NOT_ABOVE_MA200
2026-07-14T16:57:31.170205+00:00,MR_TARGET_1R_V1,SOL,SOLUSDT,strategy-lab-v1.0.0:MR_TARGET_1R_V1,1784034000000,2026-07-14T13:00:00+00:00,76.79,77.67,76.45,76.87,75.12820512820538,75.1785,73.95389761554894,78.0971,0.5935714285714268,False,RSI_NOT_BELOW_35|CLOSE_NOT_NEAR_OR_BELOW_LOWER_BB|CLOSE_NOT_ABOVE_MA200
2026-07-14T16:57:31.170205+00:00,MR_TARGET_1R_V1,SOL,SOLUSDT,strategy-lab-v1.0.0:MR_TARGET_1R_V1,1784037600000,2026-07-14T14:00:00+00:00,76.88,77.43,76.61,77.28,74.93540051679611,75.304,73.79187037592565,78.082,0.6042857142857129,False,RSI_NOT_BELOW_35|CLOSE_NOT_NEAR_OR_BELOW_LOWER_BB|CLOSE_NOT_ABOVE_MA200
2026-07-14T16:57:31.170205+00:00,MR_TARGET_1R_V1,SOL,SOLUSDT,strategy-lab-v1.0.0:MR_TARGET_1R_V1,1784041200000,2026-07-14T15:00:00+00:00,77.28,77.86,77.12,77.31,77.71883289124686,75.4145,73.67261050867077,78.06479999999999,0.6335714285714269,False,RSI_NOT_BELOW_35|CLOSE_NOT_NEAR_OR_BELOW_LOWER_BB|CLOSE_NOT_ABOVE_MA200
2026-07-14T16:57:31.170205+00:00,MR_TARGET_1R_V1,SOL,SOLUSDT,strategy-lab-v1.0.0:MR_TARGET_1R_V1,1784044800000,2026-07-14T16:00:00+00:00,77.33,77.6,77.06,77.37,83.28690807799454,75.547,73.64114481137648,78.04965,0.6392857142857125,False,RSI_NOT_BELOW_35|CLOSE_NOT_NEAR_OR_BELOW_LOWER_BB|CLOSE_NOT_ABOVE_MA200
2026-07-14T16:57:31.170205+00:00,MR_TARGET_1R_V1,XRP,XRPUSDT,strategy-lab-v1.0.0:MR_TARGET_1R_V1,1783828800000,2026-07-12T04:00:00+00:00,1.099,1.0994,1.0938,1.0948,30.387931034482946,1.106555,1.0914522221098313,1.1185885,0.0060714285714285375,False,CLOSE_NOT_NEAR_OR_BELOW_LOWER_BB|CLOSE_NOT_ABOVE_MA200
2026-07-14T16:57:31.170205+00:00,MR_TARGET_1R_V1,XRP,XRPUSDT,strategy-lab-v1.0.0:MR_TARGET_1R_V1,1783832400000,2026-07-12T05:00:00+00:00,1.0949,1.0959,1.0931,1.0938,30.12820512820535,1.1059700000000001,1.0898752679425918,1.1183955,0.005635714285714267,False,CLOSE_NOT_NEAR_OR_BELOW_LOWER_BB|CLOSE_NOT_ABOVE_MA200
2026-07-14T16:57:31.170205+00:00,MR_TARGET_1R_V1,XRP,XRPUSDT,strategy-lab-v1.0.0:MR_TARGET_1R_V1,1783836000000,2026-07-12T06:00:00+00:00,1.0937,1.0937,1.086,1.0909,28.65853658536598,1.10512,1.0877756522175157,1.1182045,0.005828571428571421,False,CLOSE_NOT_NEAR_OR_BELOW_LOWER_BB|CLOSE_NOT_ABOVE_MA200
2026-07-14T16:57:31.170205+00:00,MR_TARGET_1R_V1,XRP,XRPUSDT,strategy-lab-v1.0.0:MR_TARGET_1R_V1,1783839600000,2026-07-12T07:00:00+00:00,1.0908,1.0928,1.0896,1.0908,25.26539278131655,1.104285,1.0859024784101916,1.1179890000000001,0.005649999999999996,False,CLOSE_NOT_NEAR_OR_BELOW_LOWER_BB|CLOSE_NOT_ABOVE_MA200
2026-07-14T16:57:31.170205+00:00,MR_TARGET_1R_V1,XRP,XRPUSDT,strategy-lab-v1.0.0:MR_TARGET_1R_V1,1783843200000,2026-07-12T08:00:00+00:00,1.0907,1.0943,1.0904,1.0932,25.581395348837376,1.103555,1.0846370217782193,1.1177515,0.005607142857142858,False,CLOSE_NOT_NEAR_OR_BELOW_LOWER_BB|CLOSE_NOT_ABOVE_MA200
2026-07-14T16:57:31.170205+00:00,MR_TARGET_1R_V1,XRP,XRPUSDT,strategy-lab-v1.0.0:MR_TARGET_1R_V1,1783846800000,2026-07-12T09:00:00+00:00,1.0932,1.0962,1.0899,1.0942,27.991452991453343,1.102865,1.0836416522166463,1.1175615,0.005692857142857134,False,CLOSE_NOT_NEAR_OR_BELOW_LOWER_BB|CLOSE_NOT_ABOVE_MA200
2026-07-14T16:57:31.170205+00:00,MR_TARGET_1R_V1,XRP,XRPUSDT,strategy-lab-v1.0.0:MR_TARGET_1R_V1,1783850400000,2026-07-12T10:00:00+00:00,1.0941,1.0955,1.093,1.094,28.54030501089366,1.1019150000000002,1.0829123396599383,1.1173585,0.005685714285714278,False,CLOSE_NOT_NEAR_OR_BELOW_LOWER_BB|CLOSE_NOT_ABOVE_MA200
2026-07-14T16:57:31.170205+00:00,MR_TARGET_1R_V1,XRP,XRPUSDT,strategy-lab-v1.0.0:MR_TARGET_1R_V1,1783854000000,2026-07-12T11:00:00+00:00,1.0939,1.0979,1.0922,1.0957,30.655391120507232,1.10108,1.082531404365835,1.117153,0.0059071428571428565,False,CLOSE_NOT_NEAR_OR_BELOW_LOWER_BB|CLOSE_NOT_ABOVE_MA200
2026-07-14T16:57:31.170205+00:00,MR_TARGET_1R_V1,XRP,XRPUSDT,strategy-lab-v1.0.0:MR_TARGET_1R_V1,1783857600000,2026-07-12T12:00:00+00:00,1.0957,1.0995,1.0953,1.0985,38.963963963963984,1.1004099999999999,1.0825166604570369,1.11691,0.005649999999999996,False,RSI_NOT_BELOW_35|CLOSE_NOT_NEAR_OR_BELOW_LOWER_BB|CLOSE_NOT_ABOVE_MA200
2026-07-14T16:57:31.170205+00:00,MR_TARGET_1R_V1,XRP,XRPUSDT,strategy-lab-v1.0.0:MR_TARGET_1R_V1,1783861200000,2026-07-12T13:00:00+00:00,1.0985,1.1008,1.0965,1.0977,52.42424242424213,1.09959,1.0828130038445567,1.116706,0.005042857142857142,False,RSI_NOT_BELOW_35|CLOSE_NOT_NEAR_OR_BELOW_LOWER_BB|CLOSE_NOT_ABOVE_MA200
2026-07-14T16:57:31.170205+00:00,MR_TARGET_1R_V1,XRP,XRPUSDT,strategy-lab-v1.0.0:MR_TARGET_1R_V1,1783864800000,2026-07-12T14:00:00+00:00,1.0977,1.1032,1.0953,1.1012,63.41463414634118,1.098835,1.0838730114958017,1.1165275,0.004921428571428569,False,RSI_NOT_BELOW_35|CLOSE_NOT_NEAR_OR_BELOW_LOWER_BB|CLOSE_NOT_ABOVE_MA200
2026-07-14T16:57:31.170205+00:00,MR_TARGET_1R_V1,XRP,XRPUSDT,strategy-lab-v1.0.0:MR_TARGET_1R_V1,1783868400000,2026-07-12T15:00:00+00:00,1.1011,1.1026,1.0991,1.1013,55.88235294117616,1.09816,1.0850345438174607,1.1163415,0.004714285714285719,False,RSI_NOT_BELOW_35|CLOSE_NOT_NEAR_OR_BELOW_LOWER_BB|CLOSE_NOT_ABOVE_MA200
2026-07-14T16:57:31.170205+00:00,MR_TARGET_1R_V1,XRP,XRPUSDT,strategy-lab-v1.0.0:MR_TARGET_1R_V1,1783872000000,2026-07-12T16:00:00+00:00,1.1013,1.1032,1.0992,1.1011,61.53846153846153,1.09753,1.0863890664664149,1.1161425,0.004721428571428575,False,RSI_NOT_BELOW_35|CLOSE_NOT_NEAR_OR_BELOW_LOWER_BB|CLOSE_NOT_ABOVE_MA200
2026-07-14T16:57:31.170205+00:00,MR_TARGET_1R_V1,XRP,XRPUSDT,strategy-lab-v1.0.0:MR_TARGET_1R_V1,1783875600000,2026-07-12T17:00:00+00:00,1.1011,1.102,1.0968,1.0979,47.52066115702507,1.096725,1.0885211289625105,1.1159515,0.004778571428571442,False,RSI_NOT_BELOW_35|CLOSE_NOT_NEAR_OR_BELOW_LOWER_BB|CLOSE_NOT_ABOVE_MA200
2026-07-14T16:57:31.170205+00:00,MR_TARGET_1R_V1,XRP,XRPUSDT,strategy-lab-v1.0.0:MR_TARGET_1R_V1,1783879200000,2026-07-12T18:00:00+00:00,1.0979,1.1009,1.0966,1.1002,62.16216216216232,1.09632,1.0898187385839546,1.115749,0.004685714285714309,False,RSI_NOT_BELOW_35|CLOSE_NOT_NEAR_OR_BELOW_LOWER_BB|CLOSE_NOT_ABOVE_MA200
2026-07-14T16:57:31.170205+00:00,MR_TARGET_1R_V1,XRP,XRPUSDT,strategy-lab-v1.0.0:MR_TARGET_1R_V1,1783882800000,2026-07-12T19:00:00+00:00,1.1002,1.101,1.0976,1.0997,63.5944700460823,1.0965,1.0898357671109302,1.115551,0.004728571428571447,False,RSI_NOT_BELOW_35|CLOSE_NOT_NEAR_OR_BELOW_LOWER_BB|CLOSE_NOT_ABOVE_MA200
2026-07-14T16:57:31.170205+00:00,MR_TARGET_1R_V1,XRP,XRPUSDT,strategy-lab-v1.0.0:MR_TARGET_1R_V1,1783886400000,2026-07-12T20:00:00+00:00,1.0998,1.1005,1.0981,1.0987,69.69696969696973,1.0968149999999999,1.0903635583006772,1.1153095,0.004342857142857156,False,RSI_NOT_BELOW_35|CLOSE_NOT_NEAR_OR_BELOW_LOWER_BB|CLOSE_NOT_ABOVE_MA200
2026-07-14T16:57:31.170205+00:00,MR_TARGET_1R_V1,XRP,XRPUSDT,strategy-lab-v1.0.0:MR_TARGET_1R_V1,1783890000000,2026-07-12T21:00:00+00:00,1.0987,1.1004,1.0928,1.0936,55.64516129032238,1.09659,1.0900207078007018,1.1150165,0.0046571428571428675,False,RSI_NOT_BELOW_35|CLOSE_NOT_NEAR_OR_BELOW_LOWER_BB|CLOSE_NOT_ABOVE_MA200
2026-07-14T16:57:31.170205+00:00,MR_TARGET_1R_V1,XRP,XRPUSDT,strategy-lab-v1.0.0:MR_TARGET_1R_V1,1783893600000,2026-07-12T22:00:00+00:00,1.0936,1.0936,1.0803,1.0858,37.748344370861176,1.09611,1.088033144176119,1.1145815000000001,0.005328571428571428,False,RSI_NOT_BELOW_35|CLOSE_NOT_ABOVE_MA200
2026-07-14T16:57:31.170205+00:00,MR_TARGET_1R_V1,XRP,XRPUSDT,strategy-lab-v1.0.0:MR_TARGET_1R_V1,1783897200000,2026-07-12T23:00:00+00:00,1.0858,1.0869,1.0831,1.0854,35.13513513513493,1.095425,1.0862319863483318,1.1141505,0.0051500000000000035,False,RSI_NOT_BELOW_35|CLOSE_NOT_ABOVE_MA200
2026-07-14T16:57:31.170205+00:00,MR_TARGET_1R_V1,XRP,XRPUSDT,strategy-lab-v1.0.0:MR_TARGET_1R_V1,1783900800000,2026-07-13T00:00:00+00:00,1.0853,1.1023,1.0828,1.0925,47.945205479451985,1.09531,1.0860314440778882,1.1137469999999998,0.006364285714285727,False,RSI_NOT_BELOW_35|CLOSE_NOT_NEAR_OR_BELOW_LOWER_BB|CLOSE_NOT_ABOVE_MA200
2026-07-14T16:57:31.170205+00:00,MR_TARGET_1R_V1,XRP,XRPUSDT,strategy-lab-v1.0.0:MR_TARGET_1R_V1,1783904400000,2026-07-13T01:00:00+00:00,1.0925,1.0935,1.0791,1.0802,33.545647558386705,1.09463,1.0832524607229965,1.1132465,0.006985714285714294,False,CLOSE_NOT_ABOVE_MA200
2026-07-14T16:57:31.170205+00:00,MR_TARGET_1R_V1,XRP,XRPUSDT,strategy-lab-v1.0.0:MR_TARGET_1R_V1,1783908000000,2026-07-13T02:00:00+00:00,1.0802,1.0829,1.076,1.0792,28.697571743929416,1.094045,1.0808953270002726,1.1127725,0.007178571428571431,False,CLOSE_NOT_ABOVE_MA200
2026-07-14T16:57:31.170205+00:00,MR_TARGET_1R_V1,XRP,XRPUSDT,strategy-lab-v1.0.0:MR_TARGET_1R_V1,1783911600000,2026-07-13T03:00:00+00:00,1.0791,1.0791,1.0667,1.0717,25.000000000000213,1.09309,1.0767492656223852,1.1122935,0.007764285714285716,False,CLOSE_NOT_ABOVE_MA200
2026-07-14T16:57:31.170205+00:00,MR_TARGET_1R_V1,XRP,XRPUSDT,strategy-lab-v1.0.0:MR_TARGET_1R_V1,1783915200000,2026-07-13T04:00:00+00:00,1.0715,1.075,1.0694,1.072,20.081967213114837,1.09203,1.0732821894611728,1.1118435,0.0076000000000000035,False,CLOSE_NOT_ABOVE_MA200
2026-07-14T16:57:31.170205+00:00,MR_TARGET_1R_V1,XRP,XRPUSDT,strategy-lab-v1.0.0:MR_TARGET_1R_V1,1783918800000,2026-07-13T05:00:00+00:00,1.072,1.0782,1.0695,1.0755,25.287356321838942,1.091095,1.0710527970272787,1.111396,0.007971428571428582,False,CLOSE_NOT_NEAR_OR_BELOW_LOWER_BB|CLOSE_NOT_ABOVE_MA200
2026-07-14T16:57:31.170205+00:00,MR_TARGET_1R_V1,XRP,XRPUSDT,strategy-lab-v1.0.0:MR_TARGET_1R_V1,1783922400000,2026-07-13T06:00:00+00:00,1.0755,1.0772,1.0741,1.0771,27.611940298507392,1.09025,1.0693617736511747,1.110975,0.007907142857142859,False,CLOSE_NOT_NEAR_OR_BELOW_LOWER_BB|CLOSE_NOT_ABOVE_MA200
2026-07-14T16:57:31.170205+00:00,MR_TARGET_1R_V1,XRP,XRPUSDT,strategy-lab-v1.0.0:MR_TARGET_1R_V1,1783926000000,2026-07-13T07:00:00+00:00,1.0771,1.0809,1.0757,1.0788,31.66986564299414,1.089405,1.0681037817249868,1.1105875,0.007907142857142843,False,CLOSE_NOT_NEAR_OR_BELOW_LOWER_BB|CLOSE_NOT_ABOVE_MA200
2026-07-14T16:57:31.170205+00:00,MR_TARGET_1R_V1,XRP,XRPUSDT,strategy-lab-v1.0.0:MR_TARGET_1R_V1,1783929600000,2026-07-13T08:00:00+00:00,1.0788,1.0823,1.0777,1.079,28.799999999999912,1.08843,1.0670981365089742,1.1102400000000001,0.007928571428571412,False,CLOSE_NOT_NEAR_OR_BELOW_LOWER_BB|CLOSE_NOT_ABOVE_MA200
2026-07-14T16:57:31.170205+00:00,MR_TARGET_1R_V1,XRP,XRPUSDT,strategy-lab-v1.0.0:MR_TARGET_1R_V1,1783933200000,2026-07-13T09:00:00+00:00,1.079,1.0798,1.0776,1.0778,28.4023668639054,1.087435,1.0660691136387987,1.1099075,0.007842857142857136,False,CLOSE_NOT_NEAR_OR_BELOW_LOWER_BB|CLOSE_NOT_ABOVE_MA200
2026-07-14T16:57:31.170205+00:00,MR_TARGET_1R_V1,XRP,XRPUSDT,strategy-lab-v1.0.0:MR_TARGET_1R_V1,1783936800000,2026-07-13T10:00:00+00:00,1.0778,1.0784,1.0749,1.0771,28.5714285714285,1.08623,1.0653934839764474,1.1096110000000001,0.00792142857142857,False,CLOSE_NOT_NEAR_OR_BELOW_LOWER_BB|CLOSE_NOT_ABOVE_MA200
2026-07-14T16:57:31.170205+00:00,MR_TARGET_1R_V1,XRP,XRPUSDT,strategy-lab-v1.0.0:MR_TARGET_1R_V1,1783940400000,2026-07-13T11:00:00+00:00,1.0771,1.0802,1.0764,1.0765,31.372549019607888,1.08499,1.0649519462022938,1.1093065000000002,0.007649999999999998,False,CLOSE_NOT_NEAR_OR_BELOW_LOWER_BB|CLOSE_NOT_ABOVE_MA200
2026-07-14T16:57:31.170205+00:00,MR_TARGET_1R_V1,XRP,XRPUSDT,strategy-lab-v1.0.0:MR_TARGET_1R_V1,1783944000000,2026-07-13T12:00:00+00:00,1.0765,1.0777,1.0698,1.0729,34.53237410071928,1.08358,1.0643212773009276,1.1089849999999999,0.007264285714285723,False,CLOSE_NOT_NEAR_OR_BELOW_LOWER_BB|CLOSE_NOT_ABOVE_MA200
2026-07-14T16:57:31.170205+00:00,MR_TARGET_1R_V1,XRP,XRPUSDT,strategy-lab-v1.0.0:MR_TARGET_1R_V1,1783947600000,2026-07-13T13:00:00+00:00,1.0728,1.073,1.0647,1.0678,31.03448275862077,1.0820750000000001,1.0628233117623476,1.108647,0.007585714285714291,False,CLOSE_NOT_NEAR_OR_BELOW_LOWER_BB|CLOSE_NOT_ABOVE_MA200
2026-07-14T16:57:31.170205+00:00,MR_TARGET_1R_V1,XRP,XRPUSDT,strategy-lab-v1.0.0:MR_TARGET_1R_V1,1783951200000,2026-07-13T14:00:00+00:00,1.0678,1.077,1.0662,1.0763,33.054393305439206,1.08088,1.063390506010757,1.108341,0.0069642857142857085,False,CLOSE_NOT_NEAR_OR_BELOW_LOWER_BB|CLOSE_NOT_ABOVE_MA200
2026-07-14T16:57:31.170205+00:00,MR_TARGET_1R_V1,XRP,XRPUSDT,strategy-lab-v1.0.0:MR_TARGET_1R_V1,1783954800000,2026-07-13T15:00:00+00:00,1.0764,1.0793,1.0711,1.0716,39.303482587064636,1.079475,1.0638426137458232,1.1080035,0.006521428571428567,False,RSI_NOT_BELOW_35|CLOSE_NOT_NEAR_OR_BELOW_LOWER_BB|CLOSE_NOT_ABOVE_MA200
2026-07-14T16:57:31.170205+00:00,MR_TARGET_1R_V1,XRP,XRPUSDT,strategy-lab-v1.0.0:MR_TARGET_1R_V1,1783958400000,2026-07-13T16:00:00+00:00,1.0716,1.0735,1.0654,1.0675,36.48960739030007,1.0779150000000002,1.0641528381058871,1.107652,0.006607142857142859,False,RSI_NOT_BELOW_35|CLOSE_NOT_NEAR_OR_BELOW_LOWER_BB|CLOSE_NOT_ABOVE_MA200
2026-07-14T16:57:31.170205+00:00,MR_TARGET_1R_V1,XRP,XRPUSDT,strategy-lab-v1.0.0:MR_TARGET_1R_V1,1783962000000,2026-07-13T17:00:00+00:00,1.0675,1.0696,1.0572,1.058,34.878587196467834,1.076135,1.0617530286469559,1.107308,0.006600000000000018,False,CLOSE_NOT_ABOVE_MA200
2026-07-14T16:57:31.170205+00:00,MR_TARGET_1R_V1,XRP,XRPUSDT,strategy-lab-v1.0.0:MR_TARGET_1R_V1,1783965600000,2026-07-13T18:00:00+00:00,1.0579,1.062,1.0556,1.0605,37.894736842105104,1.07487,1.0596828870419757,1.106968,0.006657142857142869,False,RSI_NOT_BELOW_35|CLOSE_NOT_NEAR_OR_BELOW_LOWER_BB|CLOSE_NOT_ABOVE_MA200
2026-07-14T16:57:31.170205+00:00,MR_TARGET_1R_V1,XRP,XRPUSDT,strategy-lab-v1.0.0:MR_TARGET_1R_V1,1783969200000,2026-07-13T19:00:00+00:00,1.0605,1.0698,1.0595,1.0661,40.524193548387224,1.073905,1.059068224743908,1.106643,0.0067714285714285715,False,RSI_NOT_BELOW_35|CLOSE_NOT_NEAR_OR_BELOW_LOWER_BB|CLOSE_NOT_ABOVE_MA200
2026-07-14T16:57:31.170205+00:00,MR_TARGET_1R_V1,XRP,XRPUSDT,strategy-lab-v1.0.0:MR_TARGET_1R_V1,1783972800000,2026-07-13T20:00:00+00:00,1.0661,1.0671,1.058,1.0613,35.03787878787874,1.0723449999999999,1.059191373123743,1.106275,0.0072,False,RSI_NOT_BELOW_35|CLOSE_NOT_NEAR_OR_BELOW_LOWER_BB|CLOSE_NOT_ABOVE_MA200
2026-07-14T16:57:31.170205+00:00,MR_TARGET_1R_V1,XRP,XRPUSDT,strategy-lab-v1.0.0:MR_TARGET_1R_V1,1783976400000,2026-07-13T21:00:00+00:00,1.0613,1.0614,1.0524,1.0584,31.11111111111107,1.071255,1.0572972817050998,1.105894,0.007471428571428573,False,CLOSE_NOT_NEAR_OR_BELOW_LOWER_BB|CLOSE_NOT_ABOVE_MA200
2026-07-14T16:57:31.170205+00:00,MR_TARGET_1R_V1,XRP,XRPUSDT,strategy-lab-v1.0.0:MR_TARGET_1R_V1,1783980000000,2026-07-13T22:00:00+00:00,1.0584,1.0626,1.0572,1.0574,30.291970802919636,1.070165,1.0554737406938755,1.1055005,0.00752857142857144,False,CLOSE_NOT_NEAR_OR_BELOW_LOWER_BB|CLOSE_NOT_ABOVE_MA200
2026-07-14T16:57:31.170205+00:00,MR_TARGET_1R_V1,XRP,XRPUSDT,strategy-lab-v1.0.0:MR_TARGET_1R_V1,1783983600000,2026-07-13T23:00:00+00:00,1.0574,1.0662,1.0563,1.0662,40.7051282051282,1.06989,1.0551182837828574,1.1051515,0.008078571428571426,False,RSI_NOT_BELOW_35|CLOSE_NOT_NEAR_OR_BELOW_LOWER_BB|CLOSE_NOT_ABOVE_MA200
2026-07-14T16:57:31.170205+00:00,MR_TARGET_1R_V1,XRP,XRPUSDT,strategy-lab-v1.0.0:MR_TARGET_1R_V1,1783987200000,2026-07-14T00:00:00+00:00,1.0663,1.0695,1.0633,1.0681,42.92452830188689,1.0696949999999998,1.0549368869769948,1.1048229999999999,0.008271428571428565,False,RSI_NOT_BELOW_35|CLOSE_NOT_NEAR_OR_BELOW_LOWER_BB|CLOSE_NOT_ABOVE_MA200
2026-07-14T16:57:31.170205+00:00,MR_TARGET_1R_V1,XRP,XRPUSDT,strategy-lab-v1.0.0:MR_TARGET_1R_V1,1783990800000,2026-07-14T01:00:00+00:00,1.0681,1.0697,1.0639,1.0641,40.74626865671647,1.069125,1.0544272620788167,1.1044755,0.008414285714285707,False,RSI_NOT_BELOW_35|CLOSE_NOT_NEAR_OR_BELOW_LOWER_BB|CLOSE_NOT_ABOVE_MA200
2026-07-14T16:57:31.170205+00:00,MR_TARGET_1R_V1,XRP,XRPUSDT,strategy-lab-v1.0.0:MR_TARGET_1R_V1,1783994400000,2026-07-14T02:00:00+00:00,1.0641,1.0664,1.0615,1.0648,43.6817472698908,1.06851,1.0541736266789752,1.1041255,0.008199999999999985,False,RSI_NOT_BELOW_35|CLOSE_NOT_NEAR_OR_BELOW_LOWER_BB|CLOSE_NOT_ABOVE_MA200
2026-07-14T16:57:31.170205+00:00,MR_TARGET_1R_V1,XRP,XRPUSDT,strategy-lab-v1.0.0:MR_TARGET_1R_V1,1783998000000,2026-07-14T03:00:00+00:00,1.0648,1.0663,1.0598,1.0652,47.811447811447685,1.06783,1.0542396946318418,1.1037805,0.008071428571428554,False,RSI_NOT_BELOW_35|CLOSE_NOT_NEAR_OR_BELOW_LOWER_BB|CLOSE_NOT_ABOVE_MA200
2026-07-14T16:57:31.170205+00:00,MR_TARGET_1R_V1,XRP,XRPUSDT,strategy-lab-v1.0.0:MR_TARGET_1R_V1,1784001600000,2026-07-14T04:00:00+00:00,1.065,1.0681,1.0631,1.0671,41.287878787878725,1.067235,1.0546479789068344,1.1034345,0.0076571428571428546,False,RSI_NOT_BELOW_35|CLOSE_NOT_NEAR_OR_BELOW_LOWER_BB|CLOSE_NOT_ABOVE_MA200
2026-07-14T16:57:31.170205+00:00,MR_TARGET_1R_V1,XRP,XRPUSDT,strategy-lab-v1.0.0:MR_TARGET_1R_V1,1784005200000,2026-07-14T05:00:00+00:00,1.0671,1.0721,1.0664,1.0703,48.73294346978551,1.06686,1.0551371334563684,1.1030674999999999,0.00747857142857143,False,RSI_NOT_BELOW_35|CLOSE_NOT_NEAR_OR_BELOW_LOWER_BB|CLOSE_NOT_ABOVE_MA200
2026-07-14T16:57:31.170205+00:00,MR_TARGET_1R_V1,XRP,XRPUSDT,strategy-lab-v1.0.0:MR_TARGET_1R_V1,1784008800000,2026-07-14T06:00:00+00:00,1.0703,1.0704,1.068,1.0686,51.124744376278215,1.0664349999999998,1.0556490322641037,1.102626,0.00707142857142857,False,RSI_NOT_BELOW_35|CLOSE_NOT_NEAR_OR_BELOW_LOWER_BB|CLOSE_NOT_ABOVE_MA200
2026-07-14T16:57:31.170205+00:00,MR_TARGET_1R_V1,XRP,XRPUSDT,strategy-lab-v1.0.0:MR_TARGET_1R_V1,1784012400000,2026-07-14T07:00:00+00:00,1.0685,1.0702,1.0661,1.0676,61.881188118811885,1.06599,1.0562147455276194,1.102183,0.0064785714285714125,False,RSI_NOT_BELOW_35|CLOSE_NOT_NEAR_OR_BELOW_LOWER_BB|CLOSE_NOT_ABOVE_MA200
2026-07-14T16:57:31.170205+00:00,MR_TARGET_1R_V1,XRP,XRPUSDT,strategy-lab-v1.0.0:MR_TARGET_1R_V1,1784016000000,2026-07-14T08:00:00+00:00,1.0675,1.0702,1.0665,1.0678,59.580052493438366,1.0657349999999999,1.0564397807987225,1.101747,0.0062857142857142756,False,RSI_NOT_BELOW_35|CLOSE_NOT_NEAR_OR_BELOW_LOWER_BB|CLOSE_NOT_ABOVE_MA200
2026-07-14T16:57:31.170205+00:00,MR_TARGET_1R_V1,XRP,XRPUSDT,strategy-lab-v1.0.0:MR_TARGET_1R_V1,1784019600000,2026-07-14T09:00:00+00:00,1.0675,1.0693,1.0665,1.0674,51.97568389057727,1.0657150000000002,1.056435932158897,1.101326,0.005749999999999985,False,RSI_NOT_BELOW_35|CLOSE_NOT_NEAR_OR_BELOW_LOWER_BB|CLOSE_NOT_ABOVE_MA200
2026-07-14T16:57:31.170205+00:00,MR_TARGET_1R_V1,XRP,XRPUSDT,strategy-lab-v1.0.0:MR_TARGET_1R_V1,1784023200000,2026-07-14T10:00:00+00:00,1.0673,1.0711,1.0666,1.07,64.16938110749192,1.0654,1.0572166021727036,1.100938,0.005421428571428561,False,RSI_NOT_BELOW_35|CLOSE_NOT_NEAR_OR_BELOW_LOWER_BB|CLOSE_NOT_ABOVE_MA200
2026-07-14T16:57:31.170205+00:00,MR_TARGET_1R_V1,XRP,XRPUSDT,strategy-lab-v1.0.0:MR_TARGET_1R_V1,1784026800000,2026-07-14T11:00:00+00:00,1.07,1.0718,1.0679,1.0716,72.44897959183649,1.0654,1.0572166021727036,1.1005645,0.0050571428571428555,False,RSI_NOT_BELOW_35|CLOSE_NOT_NEAR_OR_BELOW_LOWER_BB|CLOSE_NOT_ABOVE_MA200
2026-07-14T16:57:31.170205+00:00,MR_TARGET_1R_V1,XRP,XRPUSDT,strategy-lab-v1.0.0:MR_TARGET_1R_V1,1784030400000,2026-07-14T12:00:00+00:00,1.0715,1.0903,1.0692,1.0883,84.25720620842561,1.0664399999999998,1.053531026376981,1.1002815000000001,0.00617857142857143,False,RSI_NOT_BELOW_35|CLOSE_NOT_NEAR_OR_BELOW_LOWER_BB|CLOSE_NOT_ABOVE_MA200
2026-07-14T16:57:31.170205+00:00,MR_TARGET_1R_V1,XRP,XRPUSDT,strategy-lab-v1.0.0:MR_TARGET_1R_V1,1784034000000,2026-07-14T13:00:00+00:00,1.0883,1.1039,1.0843,1.0981,84.59869848156168,1.068445,1.050093272560879,1.100073,0.006871428571428576,False,RSI_NOT_BELOW_35|CLOSE_NOT_NEAR_OR_BELOW_LOWER_BB|CLOSE_NOT_ABOVE_MA200
2026-07-14T16:57:31.170205+00:00,MR_TARGET_1R_V1,XRP,XRPUSDT,strategy-lab-v1.0.0:MR_TARGET_1R_V1,1784037600000,2026-07-14T14:00:00+00:00,1.0982,1.1036,1.0939,1.102,85.2390852390851,1.0705200000000001,1.0474521349058958,1.099899,0.007121428571428564,False,RSI_NOT_BELOW_35|CLOSE_NOT_NEAR_OR_BELOW_LOWER_BB
2026-07-14T16:57:31.170205+00:00,MR_TARGET_1R_V1,XRP,XRPUSDT,strategy-lab-v1.0.0:MR_TARGET_1R_V1,1784041200000,2026-07-14T15:00:00+00:00,1.102,1.1099,1.1001,1.1038,93.24618736383421,1.072405,1.0452845667438777,1.0996940000000002,0.00740714285714285,False,RSI_NOT_BELOW_35|CLOSE_NOT_NEAR_OR_BELOW_LOWER_BB
2026-07-14T16:57:31.170205+00:00,MR_TARGET_1R_V1,XRP,XRPUSDT,strategy-lab-v1.0.0:MR_TARGET_1R_V1,1784044800000,2026-07-14T16:00:00+00:00,1.1037,1.108,1.1015,1.1058,93.4322033898303,1.07463,1.0443959728120815,1.0995165,0.007521428571428583,False,RSI_NOT_BELOW_35|CLOSE_NOT_NEAR_OR_BELOW_LOWER_BB
2026-07-14T16:57:31.170205+00:00,MR_TARGET_1R_V1,DOGE,DOGEUSDT,strategy-lab-v1.0.0:MR_TARGET_1R_V1,1783828800000,2026-07-12T04:00:00+00:00,0.07338,0.0735,0.073,0.07309,28.747433264887036,0.0743265,0.07259420354731032,0.0749127,0.0005428571428571435,False,CLOSE_NOT_NEAR_OR_BELOW_LOWER_BB|CLOSE_NOT_ABOVE_MA200
2026-07-14T16:57:31.170205+00:00,MR_TARGET_1R_V1,DOGE,DOGEUSDT,strategy-lab-v1.0.0:MR_TARGET_1R_V1,1783832400000,2026-07-12T05:00:00+00:00,0.07307,0.07324,0.07299,0.07309,26.63847780126845,0.074277,0.07246463028054394,0.0748878,0.0005142857142857152,False,CLOSE_NOT_NEAR_OR_BELOW_LOWER_BB|CLOSE_NOT_ABOVE_MA200
2026-07-14T16:57:31.170205+00:00,MR_TARGET_1R_V1,DOGE,DOGEUSDT,strategy-lab-v1.0.0:MR_TARGET_1R_V1,1783836000000,2026-07-12T06:00:00+00:00,0.07308,0.07308,0.07252,0.07283,27.03862660944209,0.074197,0.07228044997456336,0.0748632,0.0005235714285714298,False,CLOSE_NOT_NEAR_OR_BELOW_LOWER_BB|CLOSE_NOT_ABOVE_MA200
2026-07-14T16:57:31.170205+00:00,MR_TARGET_1R_V1,DOGE,DOGEUSDT,strategy-lab-v1.0.0:MR_TARGET_1R_V1,1783839600000,2026-07-12T07:00:00+00:00,0.07283,0.07299,0.07272,0.07285,26.406926406926246,0.07411999999999999,0.07211878037187289,0.07484009999999999,0.0005178571428571443,False,CLOSE_NOT_NEAR_OR_BELOW_LOWER_BB|CLOSE_NOT_ABOVE_MA200
2026-07-14T16:57:31.170205+00:00,MR_TARGET_1R_V1,DOGE,DOGEUSDT,strategy-lab-v1.0.0:MR_TARGET_1R_V1,1783843200000,2026-07-12T08:00:00+00:00,0.07289,0.07319,0.07287,0.07298,26.406926406926246,0.074041,0.07199133758877195,0.07481850000000001,0.0005257142857142871,False,CLOSE_NOT_NEAR_OR_BELOW_LOWER_BB|CLOSE_NOT_ABOVE_MA200
2026-07-14T16:57:31.170205+00:00,MR_TARGET_1R_V1,DOGE,DOGEUSDT,strategy-lab-v1.0.0:MR_TARGET_1R_V1,1783846800000,2026-07-12T09:00:00+00:00,0.07298,0.0731,0.07268,0.07293,23.672566371681228,0.073957,0.07187013536615305,0.07479925,0.0005292857142857153,False,CLOSE_NOT_NEAR_OR_BELOW_LOWER_BB|CLOSE_NOT_ABOVE_MA200
2026-07-14T16:57:31.170205+00:00,MR_TARGET_1R_V1,DOGE,DOGEUSDT,strategy-lab-v1.0.0:MR_TARGET_1R_V1,1783850400000,2026-07-12T10:00:00+00:00,0.07294,0.073,0.07285,0.07295,24.999999999999915,0.07384650000000001,0.07179235029756811,0.07477935000000001,0.000522142857142858,False,CLOSE_NOT_NEAR_OR_BELOW_LOWER_BB|CLOSE_NOT_ABOVE_MA200
2026-07-14T16:57:31.170205+00:00,MR_TARGET_1R_V1,DOGE,DOGEUSDT,strategy-lab-v1.0.0:MR_TARGET_1R_V1,1783854000000,2026-07-12T11:00:00+00:00,0.07297,0.07324,0.07282,0.07321,29.067245119305795,0.073742,0.07178385189528448,0.07475915,0.0005371428571428581,False,CLOSE_NOT_NEAR_OR_BELOW_LOWER_BB|CLOSE_NOT_ABOVE_MA200
2026-07-14T16:57:31.170205+00:00,MR_TARGET_1R_V1,DOGE,DOGEUSDT,strategy-lab-v1.0.0:MR_TARGET_1R_V1,1783857600000,2026-07-12T12:00:00+00:00,0.0732,0.07344,0.07312,0.07334,35.16746411483261,0.07366049999999999,0.07177941015631868,0.0747372,0.0005171428571428578,False,RSI_NOT_BELOW_35|CLOSE_NOT_NEAR_OR_BELOW_LOWER_BB|CLOSE_NOT_ABOVE_MA200
2026-07-14T16:57:31.170205+00:00,MR_TARGET_1R_V1,DOGE,DOGEUSDT,strategy-lab-v1.0.0:MR_TARGET_1R_V1,1783861200000,2026-07-12T13:00:00+00:00,0.07333,0.0735,0.07322,0.07323,50.86505190311434,0.07357050000000001,0.07179059578909401,0.0747178,0.0004292857142857154,False,RSI_NOT_BELOW_35|CLOSE_NOT_NEAR_OR_BELOW_LOWER_BB|CLOSE_NOT_ABOVE_MA200
2026-07-14T16:57:31.170205+00:00,MR_TARGET_1R_V1,DOGE,DOGEUSDT,strategy-lab-v1.0.0:MR_TARGET_1R_V1,1783864800000,2026-07-12T14:00:00+00:00,0.07322,0.07384,0.07315,0.07368,69.81818181818178,0.07349649999999999,0.07187069220078114,0.0747014,0.0004050000000000006,False,RSI_NOT_BELOW_35|CLOSE_NOT_NEAR_OR_BELOW_LOWER_BB|CLOSE_NOT_ABOVE_MA200
2026-07-14T16:57:31.170205+00:00,MR_TARGET_1R_V1,DOGE,DOGEUSDT,strategy-lab-v1.0.0:MR_TARGET_1R_V1,1783868400000,2026-07-12T15:00:00+00:00,0.0737,0.07382,0.07355,0.07367,59.22330097087395,0.0734145,0.07201285132789959,0.07468545,0.00036857142857142845,False,RSI_NOT_BELOW_35|CLOSE_NOT_NEAR_OR_BELOW_LOWER_BB|CLOSE_NOT_ABOVE_MA200
2026-07-14T16:57:31.170205+00:00,MR_TARGET_1R_V1,DOGE,DOGEUSDT,strategy-lab-v1.0.0:MR_TARGET_1R_V1,1783872000000,2026-07-12T16:00:00+00:00,0.07368,0.07374,0.07344,0.07358,60.39603960396051,0.073337,0.072171888846504,0.07466865,0.00037142857142857116,False,RSI_NOT_BELOW_35|CLOSE_NOT_NEAR_OR_BELOW_LOWER_BB|CLOSE_NOT_ABOVE_MA200
2026-07-14T16:57:31.170205+00:00,MR_TARGET_1R_V1,DOGE,DOGEUSDT,strategy-lab-v1.0.0:MR_TARGET_1R_V1,1783875600000,2026-07-12T17:00:00+00:00,0.0736,0.07364,0.07329,0.07337,50.0,0.07324850000000001,0.07242617950286961,0.0746516,0.0003664285714285711,False,RSI_NOT_BELOW_35|CLOSE_NOT_NEAR_OR_BELOW_LOWER_BB|CLOSE_NOT_ABOVE_MA200
2026-07-14T16:57:31.170205+00:00,MR_TARGET_1R_V1,DOGE,DOGEUSDT,strategy-lab-v1.0.0:MR_TARGET_1R_V1,1783879200000,2026-07-12T18:00:00+00:00,0.07338,0.07363,0.0733,0.07362,63.31658291457299,0.0732005,0.07261738851837685,0.07463435,0.0003542857142857137,False,RSI_NOT_BELOW_35|CLOSE_NOT_NEAR_OR_BELOW_LOWER_BB|CLOSE_NOT_ABOVE_MA200
2026-07-14T16:57:31.170205+00:00,MR_TARGET_1R_V1,DOGE,DOGEUSDT,strategy-lab-v1.0.0:MR_TARGET_1R_V1,1783882800000,2026-07-12T19:00:00+00:00,0.07362,0.07369,0.07341,0.07362,63.31658291457299,0.07322250000000001,0.07261160311835732,0.07461820000000001,0.000356428571428571,False,RSI_NOT_BELOW_35|CLOSE_NOT_NEAR_OR_BELOW_LOWER_BB|CLOSE_NOT_ABOVE_MA200
2026-07-14T16:57:31.170205+00:00,MR_TARGET_1R_V1,DOGE,DOGEUSDT,strategy-lab-v1.0.0:MR_TARGET_1R_V1,1783886400000,2026-07-12T20:00:00+00:00,0.07361,0.07362,0.07338,0.07338,63.95939086294404,0.07326200000000001,0.0727217185918424,0.07459975,0.00033285714285714266,False,RSI_NOT_BELOW_35|CLOSE_NOT_NEAR_OR_BELOW_LOWER_BB|CLOSE_NOT_ABOVE_MA200
2026-07-14T16:57:31.170205+00:00,MR_TARGET_1R_V1,DOGE,DOGEUSDT,strategy-lab-v1.0.0:MR_TARGET_1R_V1,1783890000000,2026-07-12T21:00:00+00:00,0.07339,0.07352,0.07283,0.07291,51.2396694214877,0.073243,0.0726816765638237,0.07457865,0.00036285714285714296,False,RSI_NOT_BELOW_35|CLOSE_NOT_NEAR_OR_BELOW_LOWER_BB|CLOSE_NOT_ABOVE_MA200
2026-07-14T16:57:31.170205+00:00,MR_TARGET_1R_V1,DOGE,DOGEUSDT,strategy-lab-v1.0.0:MR_TARGET_1R_V1,1783893600000,2026-07-12T22:00:00+00:00,0.07289,0.07289,0.07235,0.07267,43.87351778656118,0.07321849999999999,0.07260452035864308,0.07455384999999999,0.0003785714285714285,False,RSI_NOT_BELOW_35|CLOSE_NOT_NEAR_OR_BELOW_LOWER_BB|CLOSE_NOT_ABOVE_MA200
2026-07-14T16:57:31.170205+00:00,MR_TARGET_1R_V1,DOGE,DOGEUSDT,strategy-lab-v1.0.0:MR_TARGET_1R_V1,1783897200000,2026-07-12T23:00:00+00:00,0.07266,0.07277,0.07251,0.07268,44.979919678714836,0.073184,0.07253160748011588,0.07452505,0.00036714285714285657,False,RSI_NOT_BELOW_35|CLOSE_NOT_NEAR_OR_BELOW_LOWER_BB|CLOSE_NOT_ABOVE_MA200
2026-07-14T16:57:31.170205+00:00,MR_TARGET_1R_V1,DOGE,DOGEUSDT,strategy-lab-v1.0.0:MR_TARGET_1R_V1,1783900800000,2026-07-13T00:00:00+00:00,0.07266,0.07412,0.07258,0.07339,56.91823899371065,0.073199,0.07254216212045836,0.07450019999999999,0.00046642857142857103,False,RSI_NOT_BELOW_35|CLOSE_NOT_NEAR_OR_BELOW_LOWER_BB|CLOSE_NOT_ABOVE_MA200
2026-07-14T16:57:31.170205+00:00,MR_TARGET_1R_V1,DOGE,DOGEUSDT,strategy-lab-v1.0.0:MR_TARGET_1R_V1,1783904400000,2026-07-13T01:00:00+00:00,0.07337,0.07345,0.07242,0.07245,40.15544041450778,0.07316700000000001,0.07243408527098937,0.07446715,0.0005099999999999995,False,RSI_NOT_BELOW_35|CLOSE_NOT_NEAR_OR_BELOW_LOWER_BB|CLOSE_NOT_ABOVE_MA200
2026-07-14T16:57:31.170205+00:00,MR_TARGET_1R_V1,DOGE,DOGEUSDT,strategy-lab-v1.0.0:MR_TARGET_1R_V1,1783908000000,2026-07-13T02:00:00+00:00,0.07245,0.07287,0.07235,0.07266,41.37055837563448,0.07315849999999999,0.07240645545344655,0.07443490000000001,0.0005242857142857142,False,RSI_NOT_BELOW_35|CLOSE_NOT_NEAR_OR_BELOW_LOWER_BB|CLOSE_NOT_ABOVE_MA200
2026-07-14T16:57:31.170205+00:00,MR_TARGET_1R_V1,DOGE,DOGEUSDT,strategy-lab-v1.0.0:MR_TARGET_1R_V1,1783911600000,2026-07-13T03:00:00+00:00,0.07265,0.07272,0.07157,0.07197,36.061946902654846,0.0731145,0.07220824451725755,0.07440235,0.000586428571428572,False,RSI_NOT_BELOW_35|CLOSE_NOT_ABOVE_MA200
2026-07-14T16:57:31.170205+00:00,MR_TARGET_1R_V1,DOGE,DOGEUSDT,strategy-lab-v1.0.0:MR_TARGET_1R_V1,1783915200000,2026-07-13T04:00:00+00:00,0.07196,0.07224,0.07187,0.07198,29.166666666666686,0.0730645,0.07203246366343005,0.0743722,0.0005635714285714291,False,CLOSE_NOT_ABOVE_MA200
2026-07-14T16:57:31.170205+00:00,MR_TARGET_1R_V1,DOGE,DOGEUSDT,strategy-lab-v1.0.0:MR_TARGET_1R_V1,1783918800000,2026-07-13T05:00:00+00:00,0.07199,0.0724,0.07182,0.07228,34.09610983981686,0.07303200000000001,0.07194556362358365,0.07434285,0.0005857142857142876,False,CLOSE_NOT_NEAR_OR_BELOW_LOWER_BB|CLOSE_NOT_ABOVE_MA200
2026-07-14T16:57:31.170205+00:00,MR_TARGET_1R_V1,DOGE,DOGEUSDT,strategy-lab-v1.0.0:MR_TARGET_1R_V1,1783922400000,2026-07-13T06:00:00+00:00,0.07229,0.07235,0.07206,0.07231,35.266821345707555,0.073,0.07186900044208641,0.07431499999999999,0.0005850000000000022,False,RSI_NOT_BELOW_35|CLOSE_NOT_NEAR_OR_BELOW_LOWER_BB|CLOSE_NOT_ABOVE_MA200
2026-07-14T16:57:31.170205+00:00,MR_TARGET_1R_V1,DOGE,DOGEUSDT,strategy-lab-v1.0.0:MR_TARGET_1R_V1,1783926000000,2026-07-13T07:00:00+00:00,0.07229,0.07247,0.07219,0.07233,37.37864077669904,0.072956,0.07179308297802434,0.07428875,0.0005800000000000022,False,RSI_NOT_BELOW_35|CLOSE_NOT_NEAR_OR_BELOW_LOWER_BB|CLOSE_NOT_ABOVE_MA200
2026-07-14T16:57:31.170205+00:00,MR_TARGET_1R_V1,DOGE,DOGEUSDT,strategy-lab-v1.0.0:MR_TARGET_1R_V1,1783929600000,2026-07-13T08:00:00+00:00,0.07233,0.07263,0.07225,0.0725,36.13861386138598,0.072914,0.07174891802863459,0.0742658,0.0005835714285714313,False,RSI_NOT_BELOW_35|CLOSE_NOT_NEAR_OR_BELOW_LOWER_BB|CLOSE_NOT_ABOVE_MA200
2026-07-14T16:57:31.170205+00:00,MR_TARGET_1R_V1,DOGE,DOGEUSDT,strategy-lab-v1.0.0:MR_TARGET_1R_V1,1783933200000,2026-07-13T09:00:00+00:00,0.07249,0.0725,0.07227,0.07232,34.597156398104104,0.07286849999999999,0.07168539772208793,0.07424349999999999,0.0005800000000000022,False,CLOSE_NOT_NEAR_OR_BELOW_LOWER_BB|CLOSE_NOT_ABOVE_MA200
2026-07-14T16:57:31.170205+00:00,MR_TARGET_1R_V1,DOGE,DOGEUSDT,strategy-lab-v1.0.0:MR_TARGET_1R_V1,1783936800000,2026-07-13T10:00:00+00:00,0.0723,0.0723,0.07203,0.07218,35.43689320388336,0.0727935,0.07163577334832409,0.0742253,0.0005835714285714304,False,RSI_NOT_BELOW_35|CLOSE_NOT_NEAR_OR_BELOW_LOWER_BB|CLOSE_NOT_ABOVE_MA200
2026-07-14T16:57:31.170205+00:00,MR_TARGET_1R_V1,DOGE,DOGEUSDT,strategy-lab-v1.0.0:MR_TARGET_1R_V1,1783940400000,2026-07-13T11:00:00+00:00,0.07218,0.07241,0.07215,0.07224,40.97035040431259,0.072722,0.0716140722045184,0.07420695000000001,0.0005528571428571446,False,RSI_NOT_BELOW_35|CLOSE_NOT_NEAR_OR_BELOW_LOWER_BB|CLOSE_NOT_ABOVE_MA200
2026-07-14T16:57:31.170205+00:00,MR_TARGET_1R_V1,DOGE,DOGEUSDT,strategy-lab-v1.0.0:MR_TARGET_1R_V1,1783944000000,2026-07-13T12:00:00+00:00,0.07223,0.07229,0.07189,0.07207,41.758241758241695,0.0726465,0.0715776262937088,0.0741871,0.0005414285714285727,False,RSI_NOT_BELOW_35|CLOSE_NOT_NEAR_OR_BELOW_LOWER_BB|CLOSE_NOT_ABOVE_MA200
2026-07-14T16:57:31.170205+00:00,MR_TARGET_1R_V1,DOGE,DOGEUSDT,strategy-lab-v1.0.0:MR_TARGET_1R_V1,1783947600000,2026-07-13T13:00:00+00:00,0.07207,0.07231,0.07182,0.07204,41.25683060109302,0.07258,0.07153420843376862,0.07416845,0.0005578571428571447,False,RSI_NOT_BELOW_35|CLOSE_NOT_NEAR_OR_BELOW_LOWER_BB|CLOSE_NOT_ABOVE_MA200
2026-07-14T16:57:31.170205+00:00,MR_TARGET_1R_V1,DOGE,DOGEUSDT,strategy-lab-v1.0.0:MR_TARGET_1R_V1,1783951200000,2026-07-13T14:00:00+00:00,0.07204,0.0725,0.07183,0.0725,36.950146627565836,0.072524,0.07159335721138523,0.07415185,0.0004957142857142868,False,RSI_NOT_BELOW_35|CLOSE_NOT_NEAR_OR_BELOW_LOWER_BB|CLOSE_NOT_ABOVE_MA200
2026-07-14T16:57:31.170205+00:00,MR_TARGET_1R_V1,DOGE,DOGEUSDT,strategy-lab-v1.0.0:MR_TARGET_1R_V1,1783954800000,2026-07-13T15:00:00+00:00,0.0725,0.07253,0.07199,0.07199,42.281879194630754,0.0724425,0.07163236729482099,0.07413130000000001,0.0004607142857142865,False,RSI_NOT_BELOW_35|CLOSE_NOT_NEAR_OR_BELOW_LOWER_BB|CLOSE_NOT_ABOVE_MA200
2026-07-14T16:57:31.170205+00:00,MR_TARGET_1R_V1,DOGE,DOGEUSDT,strategy-lab-v1.0.0:MR_TARGET_1R_V1,1783958400000,2026-07-13T16:00:00+00:00,0.07202,0.07212,0.07145,0.07158,33.01886792452814,0.0723525,0.07157989725602308,0.07410945,0.000471428571428572,False,CLOSE_NOT_NEAR_OR_BELOW_LOWER_BB|CLOSE_NOT_ABOVE_MA200
2026-07-14T16:57:31.170205+00:00,MR_TARGET_1R_V1,DOGE,DOGEUSDT,strategy-lab-v1.0.0:MR_TARGET_1R_V1,1783962000000,2026-07-13T17:00:00+00:00,0.07159,0.07173,0.07084,0.07088,32.91536050156712,0.072251,0.0712880898276575,0.0740864,0.00045285714285714276,False,CLOSE_NOT_ABOVE_MA200
2026-07-14T16:57:31.170205+00:00,MR_TARGET_1R_V1,DOGE,DOGEUSDT,strategy-lab-v1.0.0:MR_TARGET_1R_V1,1783965600000,2026-07-13T18:00:00+00:00,0.07091,0.07141,0.07088,0.07131,40.720221606648074,0.072183,0.0711579712199159,0.07406399999999999,0.0004642857142857147,False,RSI_NOT_BELOW_35|CLOSE_NOT_NEAR_OR_BELOW_LOWER_BB|CLOSE_NOT_ABOVE_MA200
2026-07-14T16:57:31.170205+00:00,MR_TARGET_1R_V1,DOGE,DOGEUSDT,strategy-lab-v1.0.0:MR_TARGET_1R_V1,1783969200000,2026-07-13T19:00:00+00:00,0.07131,0.07181,0.07126,0.07174,42.780748663101576,0.072136,0.07112027562793805,0.0740434,0.0004621428571428564,False,RSI_NOT_BELOW_35|CLOSE_NOT_NEAR_OR_BELOW_LOWER_BB|CLOSE_NOT_ABOVE_MA200
2026-07-14T16:57:31.170205+00:00,MR_TARGET_1R_V1,DOGE,DOGEUSDT,strategy-lab-v1.0.0:MR_TARGET_1R_V1,1783972800000,2026-07-13T20:00:00+00:00,0.07174,0.07189,0.07148,0.07171,41.97860962566836,0.07205199999999999,0.07120037566967548,0.07401965,0.00047071428571428465,False,RSI_NOT_BELOW_35|CLOSE_NOT_NEAR_OR_BELOW_LOWER_BB|CLOSE_NOT_ABOVE_MA200
2026-07-14T16:57:31.170205+00:00,MR_TARGET_1R_V1,DOGE,DOGEUSDT,strategy-lab-v1.0.0:MR_TARGET_1R_V1,1783976400000,2026-07-13T21:00:00+00:00,0.07171,0.07174,0.07101,0.07144,38.847117794486095,0.0720015,0.07113070094166295,0.0739941,0.0005028571428571412,False,RSI_NOT_BELOW_35|CLOSE_NOT_NEAR_OR_BELOW_LOWER_BB|CLOSE_NOT_ABOVE_MA200
2026-07-14T16:57:31.170205+00:00,MR_TARGET_1R_V1,DOGE,DOGEUSDT,strategy-lab-v1.0.0:MR_TARGET_1R_V1,1783980000000,2026-07-13T22:00:00+00:00,0.07145,0.07177,0.07123,0.07126,34.500000000000014,0.07193150000000001,0.07105861340942786,0.0739654,0.0005142857142857121,False,CLOSE_NOT_NEAR_OR_BELOW_LOWER_BB|CLOSE_NOT_ABOVE_MA200
2026-07-14T16:57:31.170205+00:00,MR_TARGET_1R_V1,DOGE,DOGEUSDT,strategy-lab-v1.0.0:MR_TARGET_1R_V1,1783983600000,2026-07-13T23:00:00+00:00,0.07125,0.07194,0.07115,0.07191,45.413870246085054,0.07192849999999999,0.07105575089515904,0.07393949999999999,0.0005542857142857126,False,RSI_NOT_BELOW_35|CLOSE_NOT_NEAR_OR_BELOW_LOWER_BB|CLOSE_NOT_ABOVE_MA200
2026-07-14T16:57:31.170205+00:00,MR_TARGET_1R_V1,DOGE,DOGEUSDT,strategy-lab-v1.0.0:MR_TARGET_1R_V1,1783987200000,2026-07-14T00:00:00+00:00,0.07194,0.07235,0.07177,0.07227,50.959488272921185,0.07194300000000001,0.07105776330848712,0.07391589999999999,0.0005749999999999981,False,RSI_NOT_BELOW_35|CLOSE_NOT_NEAR_OR_BELOW_LOWER_BB|CLOSE_NOT_ABOVE_MA200
2026-07-14T16:57:31.170205+00:00,MR_TARGET_1R_V1,DOGE,DOGEUSDT,strategy-lab-v1.0.0:MR_TARGET_1R_V1,1783990800000,2026-07-14T01:00:00+00:00,0.07229,0.07229,0.07183,0.07185,46.138613861386105,0.0719215,0.07104925519491333,0.07388900000000001,0.0005892857142857118,False,RSI_NOT_BELOW_35|CLOSE_NOT_NEAR_OR_BELOW_LOWER_BB|CLOSE_NOT_ABOVE_MA200
2026-07-14T16:57:31.170205+00:00,MR_TARGET_1R_V1,DOGE,DOGEUSDT,strategy-lab-v1.0.0:MR_TARGET_1R_V1,1783994400000,2026-07-14T02:00:00+00:00,0.07183,0.07196,0.07169,0.07176,46.88128772635822,0.071894,0.07103795327230303,0.07386015,0.0005799999999999972,False,RSI_NOT_BELOW_35|CLOSE_NOT_NEAR_OR_BELOW_LOWER_BB|CLOSE_NOT_ABOVE_MA200
2026-07-14T16:57:31.170205+00:00,MR_TARGET_1R_V1,DOGE,DOGEUSDT,strategy-lab-v1.0.0:MR_TARGET_1R_V1,1783998000000,2026-07-14T03:00:00+00:00,0.07177,0.07198,0.07136,0.07196,49.22178988326837,0.07187550000000001,0.0710422539379027,0.0738338,0.0005892857142857108,False,RSI_NOT_BELOW_35|CLOSE_NOT_NEAR_OR_BELOW_LOWER_BB|CLOSE_NOT_ABOVE_MA200
2026-07-14T16:57:31.170205+00:00,MR_TARGET_1R_V1,DOGE,DOGEUSDT,strategy-lab-v1.0.0:MR_TARGET_1R_V1,1784001600000,2026-07-14T04:00:00+00:00,0.07196,0.07208,0.07185,0.07201,44.820295983086766,0.071851,0.07106517813723422,0.07380865,0.0005578571428571406,False,RSI_NOT_BELOW_35|CLOSE_NOT_NEAR_OR_BELOW_LOWER_BB|CLOSE_NOT_ABOVE_MA200
2026-07-14T16:57:31.170205+00:00,MR_TARGET_1R_V1,DOGE,DOGEUSDT,strategy-lab-v1.0.0:MR_TARGET_1R_V1,1784005200000,2026-07-14T05:00:00+00:00,0.07202,0.07234,0.07201,0.07227,53.125000000000036,0.07184850000000001,0.07106836475531439,0.07378080000000001,0.0005428571428571406,False,RSI_NOT_BELOW_35|CLOSE_NOT_NEAR_OR_BELOW_LOWER_BB|CLOSE_NOT_ABOVE_MA200
2026-07-14T16:57:31.170205+00:00,MR_TARGET_1R_V1,DOGE,DOGEUSDT,strategy-lab-v1.0.0:MR_TARGET_1R_V1,1784008800000,2026-07-14T06:00:00+00:00,0.07228,0.07236,0.07217,0.07223,57.90754257907542,0.071851,0.07106632427079673,0.07375040000000001,0.0005085714285714257,False,RSI_NOT_BELOW_35|CLOSE_NOT_NEAR_OR_BELOW_LOWER_BB|CLOSE_NOT_ABOVE_MA200
2026-07-14T16:57:31.170205+00:00,MR_TARGET_1R_V1,DOGE,DOGEUSDT,strategy-lab-v1.0.0:MR_TARGET_1R_V1,1784012400000,2026-07-14T07:00:00+00:00,0.07219,0.07226,0.07201,0.07206,66.48044692737437,0.071842,0.07107137428021076,0.0737217,0.00046285714285713986,False,RSI_NOT_BELOW_35|CLOSE_NOT_NEAR_OR_BELOW_LOWER_BB|CLOSE_NOT_ABOVE_MA200
2026-07-14T16:57:31.170205+00:00,MR_TARGET_1R_V1,DOGE,DOGEUSDT,strategy-lab-v1.0.0:MR_TARGET_1R_V1,1784016000000,2026-07-14T08:00:00+00:00,0.07208,0.0722,0.07196,0.07203,61.320754716981156,0.07184,0.0710715470085941,0.0736916,0.0004421428571428542,False,RSI_NOT_BELOW_35|CLOSE_NOT_NEAR_OR_BELOW_LOWER_BB|CLOSE_NOT_ABOVE_MA200
2026-07-14T16:57:31.170205+00:00,MR_TARGET_1R_V1,DOGE,DOGEUSDT,strategy-lab-v1.0.0:MR_TARGET_1R_V1,1784019600000,2026-07-14T09:00:00+00:00,0.07203,0.07217,0.07199,0.072,54.67625899280571,0.07183799999999999,0.07107143362974841,0.0736632,0.00041571428571428315,False,RSI_NOT_BELOW_35|CLOSE_NOT_NEAR_OR_BELOW_LOWER_BB|CLOSE_NOT_ABOVE_MA200
2026-07-14T16:57:31.170205+00:00,MR_TARGET_1R_V1,DOGE,DOGEUSDT,strategy-lab-v1.0.0:MR_TARGET_1R_V1,1784023200000,2026-07-14T10:00:00+00:00,0.07202,0.07228,0.07189,0.07219,58.1632653061226,0.0718225,0.07109876316937667,0.07363610000000001,0.00041428571428571225,False,RSI_NOT_BELOW_35|CLOSE_NOT_NEAR_OR_BELOW_LOWER_BB|CLOSE_NOT_ABOVE_MA200
2026-07-14T16:57:31.170205+00:00,MR_TARGET_1R_V1,DOGE,DOGEUSDT,strategy-lab-v1.0.0:MR_TARGET_1R_V1,1784026800000,2026-07-14T11:00:00+00:00,0.07218,0.07225,0.07211,0.07219,64.04494382022469,0.0718325,0.0710943977035663,0.07361014999999999,0.0003721428571428556,False,RSI_NOT_BELOW_35|CLOSE_NOT_NEAR_OR_BELOW_LOWER_BB|CLOSE_NOT_ABOVE_MA200
2026-07-14T16:57:31.170205+00:00,MR_TARGET_1R_V1,DOGE,DOGEUSDT,strategy-lab-v1.0.0:MR_TARGET_1R_V1,1784030400000,2026-07-14T12:00:00+00:00,0.07219,0.0734,0.07205,0.07329,78.27298050139265,0.071918,0.0709548468449926,0.0735914,0.00042999999999999885,False,RSI_NOT_BELOW_35|CLOSE_NOT_NEAR_OR_BELOW_LOWER_BB|CLOSE_NOT_ABOVE_MA200
2026-07-14T16:57:31.170205+00:00,MR_TARGET_1R_V1,DOGE,DOGEUSDT,strategy-lab-v1.0.0:MR_TARGET_1R_V1,1784034000000,2026-07-14T13:00:00+00:00,0.0733,0.07404,0.07303,0.07381,77.45664739884387,0.0720645,0.07090594098121818,0.07357759999999999,0.0004457142857142844,False,RSI_NOT_BELOW_35|CLOSE_NOT_NEAR_OR_BELOW_LOWER_BB
2026-07-14T16:57:31.170205+00:00,MR_TARGET_1R_V1,DOGE,DOGEUSDT,strategy-lab-v1.0.0:MR_TARGET_1R_V1,1784037600000,2026-07-14T14:00:00+00:00,0.07383,0.0746,0.0736,0.07449,79.36507936507931,0.0722235,0.07070564262857121,0.0735672,0.00047571428571428466,False,RSI_NOT_BELOW_35|CLOSE_NOT_NEAR_OR_BELOW_LOWER_BB
2026-07-14T16:57:31.170205+00:00,MR_TARGET_1R_V1,DOGE,DOGEUSDT,strategy-lab-v1.0.0:MR_TARGET_1R_V1,1784041200000,2026-07-14T15:00:00+00:00,0.07448,0.07511,0.07428,0.07483,90.27027027027027,0.072378,0.0705017207030933,0.0735569,0.0005021428571428567,False,RSI_NOT_BELOW_35|CLOSE_NOT_NEAR_OR_BELOW_LOWER_BB
2026-07-14T16:57:31.170205+00:00,MR_TARGET_1R_V1,DOGE,DOGEUSDT,strategy-lab-v1.0.0:MR_TARGET_1R_V1,1784044800000,2026-07-14T16:00:00+00:00,0.07484,0.07533,0.0745,0.07457,86.30490956072344,0.072521,0.07044486031298454,0.073545,0.0005421428571428571,False,RSI_NOT_BELOW_35|CLOSE_NOT_NEAR_OR_BELOW_LOWER_BB
2026-07-14T16:57:31.170205+00:00,MR_TARGET_1R_V1,NEAR,NEARUSDT,strategy-lab-v1.0.0:MR_TARGET_1R_V1,1783828800000,2026-07-12T04:00:00+00:00,1.888,1.894,1.885,1.887,40.35087719298246,1.89425,1.870151244845402,1.95396,0.017642857142857134,False,RSI_NOT_BELOW_35|CLOSE_NOT_NEAR_OR_BELOW_LOWER_BB|CLOSE_NOT_ABOVE_MA200
2026-07-14T16:57:31.170205+00:00,MR_TARGET_1R_V1,NEAR,NEARUSDT,strategy-lab-v1.0.0:MR_TARGET_1R_V1,1783832400000,2026-07-12T05:00:00+00:00,1.887,1.892,1.88,1.886,41.81818181818182,1.8941,1.8698356228185995,1.953115,0.016142857142857143,False,RSI_NOT_BELOW_35|CLOSE_NOT_NEAR_OR_BELOW_LOWER_BB|CLOSE_NOT_ABOVE_MA200
2026-07-14T16:57:31.170205+00:00,MR_TARGET_1R_V1,NEAR,NEARUSDT,strategy-lab-v1.0.0:MR_TARGET_1R_V1,1783836000000,2026-07-12T06:00:00+00:00,1.885,1.885,1.858,1.871,38.016528925619866,1.8932000000000002,1.8669885521193266,1.9522699999999997,0.017142857142857126,False,RSI_NOT_BELOW_35|CLOSE_NOT_NEAR_OR_BELOW_LOWER_BB|CLOSE_NOT_ABOVE_MA200
2026-07-14T16:57:31.170205+00:00,MR_TARGET_1R_V1,NEAR,NEARUSDT,strategy-lab-v1.0.0:MR_TARGET_1R_V1,1783839600000,2026-07-12T07:00:00+00:00,1.871,1.884,1.871,1.875,38.524590163934405,1.8918500000000003,1.8648220515021716,1.95142,0.01721428571428569,False,RSI_NOT_BELOW_35|CLOSE_NOT_NEAR_OR_BELOW_LOWER_BB|CLOSE_NOT_ABOVE_MA200
2026-07-14T16:57:31.170205+00:00,MR_TARGET_1R_V1,NEAR,NEARUSDT,strategy-lab-v1.0.0:MR_TARGET_1R_V1,1783843200000,2026-07-12T08:00:00+00:00,1.876,1.889,1.876,1.883,44.715447154471576,1.8909499999999997,1.8640020872793217,1.9505450000000002,0.016928571428571404,False,RSI_NOT_BELOW_35|CLOSE_NOT_NEAR_OR_BELOW_LOWER_BB|CLOSE_NOT_ABOVE_MA200
2026-07-14T16:57:31.170205+00:00,MR_TARGET_1R_V1,NEAR,NEARUSDT,strategy-lab-v1.0.0:MR_TARGET_1R_V1,1783846800000,2026-07-12T09:00:00+00:00,1.883,1.893,1.868,1.892,46.874999999999986,1.8902999999999999,1.8641229107805835,1.94991,0.017999999999999967,False,RSI_NOT_BELOW_35|CLOSE_NOT_NEAR_OR_BELOW_LOWER_BB|CLOSE_NOT_ABOVE_MA200
2026-07-14T16:57:31.170205+00:00,MR_TARGET_1R_V1,NEAR,NEARUSDT,strategy-lab-v1.0.0:MR_TARGET_1R_V1,1783850400000,2026-07-12T10:00:00+00:00,1.89,1.89,1.878,1.879,40.87591240875912,1.8887999999999998,1.8636635722505903,1.949255,0.0184285714285714,False,RSI_NOT_BELOW_35|CLOSE_NOT_NEAR_OR_BELOW_LOWER_BB|CLOSE_NOT_ABOVE_MA200
2026-07-14T16:57:31.170205+00:00,MR_TARGET_1R_V1,NEAR,NEARUSDT,strategy-lab-v1.0.0:MR_TARGET_1R_V1,1783854000000,2026-07-12T11:00:00+00:00,1.877,1.894,1.873,1.889,42.55319148936171,1.8880500000000002,1.8638965323400287,1.948655,0.01892857142857139,False,RSI_NOT_BELOW_35|CLOSE_NOT_NEAR_OR_BELOW_LOWER_BB|CLOSE_NOT_ABOVE_MA200
2026-07-14T16:57:31.170205+00:00,MR_TARGET_1R_V1,NEAR,NEARUSDT,strategy-lab-v1.0.0:MR_TARGET_1R_V1,1783857600000,2026-07-12T12:00:00+00:00,1.888,1.901,1.883,1.883,45.454545454545446,1.8872,1.8635983051455771,1.9480200000000003,0.018714285714285666,False,RSI_NOT_BELOW_35|CLOSE_NOT_NEAR_OR_BELOW_LOWER_BB|CLOSE_NOT_ABOVE_MA200
2026-07-14T16:57:31.170205+00:00,MR_TARGET_1R_V1,NEAR,NEARUSDT,strategy-lab-v1.0.0:MR_TARGET_1R_V1,1783861200000,2026-07-12T13:00:00+00:00,1.883,1.894,1.88,1.88,57.14285714285711,1.8860499999999998,1.8634183849449204,1.947435,0.017071428571428533,False,RSI_NOT_BELOW_35|CLOSE_NOT_NEAR_OR_BELOW_LOWER_BB|CLOSE_NOT_ABOVE_MA200
2026-07-14T16:57:31.170205+00:00,MR_TARGET_1R_V1,NEAR,NEARUSDT,strategy-lab-v1.0.0:MR_TARGET_1R_V1,1783864800000,2026-07-12T14:00:00+00:00,1.881,1.9,1.879,1.9,63.11475409836061,1.88625,1.8632033082634123,1.946975,0.016928571428571387,False,RSI_NOT_BELOW_35|CLOSE_NOT_NEAR_OR_BELOW_LOWER_BB|CLOSE_NOT_ABOVE_MA200
2026-07-14T16:57:31.170205+00:00,MR_TARGET_1R_V1,NEAR,NEARUSDT,strategy-lab-v1.0.0:MR_TARGET_1R_V1,1783868400000,2026-07-12T15:00:00+00:00,1.9,1.908,1.896,1.898,54.80769230769232,1.88615,1.8633265471498877,1.9465800000000002,0.016214285714285674,False,RSI_NOT_BELOW_35|CLOSE_NOT_NEAR_OR_BELOW_LOWER_BB|CLOSE_NOT_ABOVE_MA200
2026-07-14T16:57:31.170205+00:00,MR_TARGET_1R_V1,NEAR,NEARUSDT,strategy-lab-v1.0.0:MR_TARGET_1R_V1,1783872000000,2026-07-12T16:00:00+00:00,1.899,1.909,1.89,1.899,58.58585858585865,1.8859000000000001,1.8637649599051347,1.9462050000000002,0.01671428571428568,False,RSI_NOT_BELOW_35|CLOSE_NOT_NEAR_OR_BELOW_LOWER_BB|CLOSE_NOT_ABOVE_MA200
2026-07-14T16:57:31.170205+00:00,MR_TARGET_1R_V1,NEAR,NEARUSDT,strategy-lab-v1.0.0:MR_TARGET_1R_V1,1783875600000,2026-07-12T17:00:00+00:00,1.9,1.909,1.89,1.894,53.06122448979592,1.8851,1.865494898623029,1.9458749999999998,0.017071428571428546,False,RSI_NOT_BELOW_35|CLOSE_NOT_NEAR_OR_BELOW_LOWER_BB|CLOSE_NOT_ABOVE_MA200
2026-07-14T16:57:31.170205+00:00,MR_TARGET_1R_V1,NEAR,NEARUSDT,strategy-lab-v1.0.0:MR_TARGET_1R_V1,1783879200000,2026-07-12T18:00:00+00:00,1.895,1.91,1.891,1.906,58.715596330275176,1.88565,1.86441535849134,1.9455999999999998,0.017785714285714262,False,RSI_NOT_BELOW_35|CLOSE_NOT_NEAR_OR_BELOW_LOWER_BB|CLOSE_NOT_ABOVE_MA200
2026-07-14T16:57:31.170205+00:00,MR_TARGET_1R_V1,NEAR,NEARUSDT,strategy-lab-v1.0.0:MR_TARGET_1R_V1,1783882800000,2026-07-12T19:00:00+00:00,1.908,1.935,1.906,1.932,67.16417910447761,1.889,1.8616065701307543,1.945425,0.018999999999999986,False,RSI_NOT_BELOW_35|CLOSE_NOT_NEAR_OR_BELOW_LOWER_BB|CLOSE_NOT_ABOVE_MA200
2026-07-14T16:57:31.170205+00:00,MR_TARGET_1R_V1,NEAR,NEARUSDT,strategy-lab-v1.0.0:MR_TARGET_1R_V1,1783886400000,2026-07-12T20:00:00+00:00,1.932,1.937,1.909,1.914,65.69343065693425,1.8912999999999998,1.8636225723738407,1.94511,0.019,False,RSI_NOT_BELOW_35|CLOSE_NOT_NEAR_OR_BELOW_LOWER_BB|CLOSE_NOT_ABOVE_MA200
2026-07-14T16:57:31.170205+00:00,MR_TARGET_1R_V1,NEAR,NEARUSDT,strategy-lab-v1.0.0:MR_TARGET_1R_V1,1783890000000,2026-07-12T21:00:00+00:00,1.915,1.92,1.894,1.896,56.953642384105926,1.8916999999999997,1.8639936830307366,1.9447299999999998,0.019928571428571438,False,RSI_NOT_BELOW_35|CLOSE_NOT_NEAR_OR_BELOW_LOWER_BB|CLOSE_NOT_ABOVE_MA200
2026-07-14T16:57:31.170205+00:00,MR_TARGET_1R_V1,NEAR,NEARUSDT,strategy-lab-v1.0.0:MR_TARGET_1R_V1,1783893600000,2026-07-12T22:00:00+00:00,1.896,1.9,1.887,1.896,54.5454545454545,1.8923999999999999,1.8650036498781082,1.9441,0.019857142857142858,False,RSI_NOT_BELOW_35|CLOSE_NOT_NEAR_OR_BELOW_LOWER_BB|CLOSE_NOT_ABOVE_MA200
2026-07-14T16:57:31.170205+00:00,MR_TARGET_1R_V1,NEAR,NEARUSDT,strategy-lab-v1.0.0:MR_TARGET_1R_V1,1783897200000,2026-07-12T23:00:00+00:00,1.897,1.897,1.882,1.887,48.251748251748296,1.89235,1.8649180842812378,1.9433500000000001,0.01914285714285716,False,RSI_NOT_BELOW_35|CLOSE_NOT_NEAR_OR_BELOW_LOWER_BB|CLOSE_NOT_ABOVE_MA200
2026-07-14T16:57:31.170205+00:00,MR_TARGET_1R_V1,NEAR,NEARUSDT,strategy-lab-v1.0.0:MR_TARGET_1R_V1,1783900800000,2026-07-13T00:00:00+00:00,1.886,1.932,1.882,1.905,58.78378378378377,1.89325,1.8654013016461943,1.9427949999999998,0.021714285714285735,False,RSI_NOT_BELOW_35|CLOSE_NOT_NEAR_OR_BELOW_LOWER_BB|CLOSE_NOT_ABOVE_MA200
2026-07-14T16:57:31.170205+00:00,MR_TARGET_1R_V1,NEAR,NEARUSDT,strategy-lab-v1.0.0:MR_TARGET_1R_V1,1783904400000,2026-07-13T01:00:00+00:00,1.905,1.912,1.876,1.879,46.951219512195124,1.8928999999999998,1.8645246585923396,1.942045,0.022785714285714315,False,RSI_NOT_BELOW_35|CLOSE_NOT_NEAR_OR_BELOW_LOWER_BB|CLOSE_NOT_ABOVE_MA200
2026-07-14T16:57:31.170205+00:00,MR_TARGET_1R_V1,NEAR,NEARUSDT,strategy-lab-v1.0.0:MR_TARGET_1R_V1,1783908000000,2026-07-13T02:00:00+00:00,1.878,1.9,1.874,1.889,51.785714285714285,1.8938,1.867172194983415,1.94149,0.02335714285714287,False,RSI_NOT_BELOW_35|CLOSE_NOT_NEAR_OR_BELOW_LOWER_BB|CLOSE_NOT_ABOVE_MA200
2026-07-14T16:57:31.170205+00:00,MR_TARGET_1R_V1,NEAR,NEARUSDT,strategy-lab-v1.0.0:MR_TARGET_1R_V1,1783911600000,2026-07-13T03:00:00+00:00,1.888,1.895,1.858,1.864,45.789473684210584,1.8932499999999997,1.8647061740475932,1.94081,0.025000000000000005,False,RSI_NOT_BELOW_35|CLOSE_NOT_ABOVE_MA200
2026-07-14T16:57:31.170205+00:00,MR_TARGET_1R_V1,NEAR,NEARUSDT,strategy-lab-v1.0.0:MR_TARGET_1R_V1,1783915200000,2026-07-13T04:00:00+00:00,1.863,1.873,1.861,1.862,38.95348837209309,1.8922,1.8608210261480516,1.940155,0.024357142857142872,False,RSI_NOT_BELOW_35|CLOSE_NOT_NEAR_OR_BELOW_LOWER_BB|CLOSE_NOT_ABOVE_MA200
2026-07-14T16:57:31.170205+00:00,MR_TARGET_1R_V1,NEAR,NEARUSDT,strategy-lab-v1.0.0:MR_TARGET_1R_V1,1783918800000,2026-07-13T05:00:00+00:00,1.86,1.897,1.854,1.893,48.75621890547266,1.89225,1.8608692734309533,1.9396249999999997,0.02657142857142858,False,RSI_NOT_BELOW_35|CLOSE_NOT_NEAR_OR_BELOW_LOWER_BB|CLOSE_NOT_ABOVE_MA200
2026-07-14T16:57:31.170205+00:00,MR_TARGET_1R_V1,NEAR,NEARUSDT,strategy-lab-v1.0.0:MR_TARGET_1R_V1,1783922400000,2026-07-13T06:00:00+00:00,1.893,1.901,1.885,1.894,48.75621890547261,1.893,1.8622103913632981,1.9390749999999999,0.026357142857142857,False,RSI_NOT_BELOW_35|CLOSE_NOT_NEAR_OR_BELOW_LOWER_BB|CLOSE_NOT_ABOVE_MA200
2026-07-14T16:57:31.170205+00:00,MR_TARGET_1R_V1,NEAR,NEARUSDT,strategy-lab-v1.0.0:MR_TARGET_1R_V1,1783926000000,2026-07-13T07:00:00+00:00,1.895,1.919,1.888,1.911,53.990610328638525,1.8941,1.8624020505394865,1.9386499999999998,0.027214285714285715,False,RSI_NOT_BELOW_35|CLOSE_NOT_NEAR_OR_BELOW_LOWER_BB|CLOSE_NOT_ABOVE_MA200
2026-07-14T16:57:31.170205+00:00,MR_TARGET_1R_V1,NEAR,NEARUSDT,strategy-lab-v1.0.0:MR_TARGET_1R_V1,1783929600000,2026-07-13T08:00:00+00:00,1.912,1.93,1.912,1.92,53.33333333333334,1.8959500000000002,1.8627748587041255,1.938325,0.027214285714285715,False,RSI_NOT_BELOW_35|CLOSE_NOT_NEAR_OR_BELOW_LOWER_BB|CLOSE_NOT_ABOVE_MA200
2026-07-14T16:57:31.170205+00:00,MR_TARGET_1R_V1,NEAR,NEARUSDT,strategy-lab-v1.0.0:MR_TARGET_1R_V1,1783933200000,2026-07-13T09:00:00+00:00,1.919,1.928,1.907,1.916,45.74468085106382,1.8977499999999998,1.8643262060800805,1.9380099999999998,0.026642857142857128,False,RSI_NOT_BELOW_35|CLOSE_NOT_NEAR_OR_BELOW_LOWER_BB|CLOSE_NOT_ABOVE_MA200
2026-07-14T16:57:31.170205+00:00,MR_TARGET_1R_V1,NEAR,NEARUSDT,strategy-lab-v1.0.0:MR_TARGET_1R_V1,1783936800000,2026-07-13T10:00:00+00:00,1.916,1.927,1.907,1.921,52.000000000000036,1.8988,1.8638737920752735,1.937765,0.026071428571428554,False,RSI_NOT_BELOW_35|CLOSE_NOT_NEAR_OR_BELOW_LOWER_BB|CLOSE_NOT_ABOVE_MA200
2026-07-14T16:57:31.170205+00:00,MR_TARGET_1R_V1,NEAR,NEARUSDT,strategy-lab-v1.0.0:MR_TARGET_1R_V1,1783940400000,2026-07-13T11:00:00+00:00,1.921,1.926,1.91,1.914,55.487804878048784,1.8996,1.8640562241735457,1.93751,0.02535714285714284,False,RSI_NOT_BELOW_35|CLOSE_NOT_NEAR_OR_BELOW_LOWER_BB|CLOSE_NOT_ABOVE_MA200
2026-07-14T16:57:31.170205+00:00,MR_TARGET_1R_V1,NEAR,NEARUSDT,strategy-lab-v1.0.0:MR_TARGET_1R_V1,1783944000000,2026-07-13T12:00:00+00:00,1.914,1.915,1.892,1.897,50.27624309392269,1.8994999999999997,1.8639387851725893,1.937145,0.026071428571428572,False,RSI_NOT_BELOW_35|CLOSE_NOT_NEAR_OR_BELOW_LOWER_BB|CLOSE_NOT_ABOVE_MA200
2026-07-14T16:57:31.170205+00:00,MR_TARGET_1R_V1,NEAR,NEARUSDT,strategy-lab-v1.0.0:MR_TARGET_1R_V1,1783947600000,2026-07-13T13:00:00+00:00,1.896,1.914,1.887,1.912,56.68449197860961,1.9003999999999999,1.864531350736315,1.936935,0.026928571428571413,False,RSI_NOT_BELOW_35|CLOSE_NOT_NEAR_OR_BELOW_LOWER_BB|CLOSE_NOT_ABOVE_MA200
2026-07-14T16:57:31.170205+00:00,MR_TARGET_1R_V1,NEAR,NEARUSDT,strategy-lab-v1.0.0:MR_TARGET_1R_V1,1783951200000,2026-07-13T14:00:00+00:00,1.913,1.977,1.906,1.965,63.51351351351353,1.90335,1.8577417770571885,1.937005,0.02842857142857142,False,RSI_NOT_BELOW_35|CLOSE_NOT_NEAR_OR_BELOW_LOWER_BB
2026-07-14T16:57:31.170205+00:00,MR_TARGET_1R_V1,NEAR,NEARUSDT,strategy-lab-v1.0.0:MR_TARGET_1R_V1,1783954800000,2026-07-13T15:00:00+00:00,1.965,1.969,1.933,1.937,62.946428571428584,1.9035999999999997,1.8573165256273771,1.9369049999999999,0.02842857142857142,False,RSI_NOT_BELOW_35|CLOSE_NOT_NEAR_OR_BELOW_LOWER_BB
2026-07-14T16:57:31.170205+00:00,MR_TARGET_1R_V1,NEAR,NEARUSDT,strategy-lab-v1.0.0:MR_TARGET_1R_V1,1783958400000,2026-07-13T16:00:00+00:00,1.937,1.96,1.92,1.946,62.78026905829596,1.9052,1.8555025151541729,1.936875,0.02942857142857144,False,RSI_NOT_BELOW_35|CLOSE_NOT_NEAR_OR_BELOW_LOWER_BB
2026-07-14T16:57:31.170205+00:00,MR_TARGET_1R_V1,NEAR,NEARUSDT,strategy-lab-v1.0.0:MR_TARGET_1R_V1,1783962000000,2026-07-13T17:00:00+00:00,1.944,1.954,1.914,1.92,62.499999999999964,1.9064,1.8564904818696755,1.9368299999999998,0.029642857142857162,False,RSI_NOT_BELOW_35|CLOSE_NOT_NEAR_OR_BELOW_LOWER_BB|CLOSE_NOT_ABOVE_MA200
2026-07-14T16:57:31.170205+00:00,MR_TARGET_1R_V1,NEAR,NEARUSDT,strategy-lab-v1.0.0:MR_TARGET_1R_V1,1783965600000,2026-07-13T18:00:00+00:00,1.919,1.932,1.891,1.894,56.451612903225765,1.9062999999999999,1.856299600001588,1.93658,0.03171428571428573,False,RSI_NOT_BELOW_35|CLOSE_NOT_NEAR_OR_BELOW_LOWER_BB|CLOSE_NOT_ABOVE_MA200
2026-07-14T16:57:31.170205+00:00,MR_TARGET_1R_V1,NEAR,NEARUSDT,strategy-lab-v1.0.0:MR_TARGET_1R_V1,1783969200000,2026-07-13T19:00:00+00:00,1.894,1.918,1.886,1.914,54.43037974683543,1.9076499999999998,1.8583538541060134,1.93642,0.030928571428571448,False,RSI_NOT_BELOW_35|CLOSE_NOT_NEAR_OR_BELOW_LOWER_BB|CLOSE_NOT_ABOVE_MA200
2026-07-14T16:57:31.170205+00:00,MR_TARGET_1R_V1,NEAR,NEARUSDT,strategy-lab-v1.0.0:MR_TARGET_1R_V1,1783972800000,2026-07-13T20:00:00+00:00,1.915,1.917,1.893,1.899,50.996015936255,1.9073499999999999,1.8579201507184049,1.9361,0.03150000000000002,False,RSI_NOT_BELOW_35|CLOSE_NOT_NEAR_OR_BELOW_LOWER_BB|CLOSE_NOT_ABOVE_MA200
2026-07-14T16:57:31.170205+00:00,MR_TARGET_1R_V1,NEAR,NEARUSDT,strategy-lab-v1.0.0:MR_TARGET_1R_V1,1783976400000,2026-07-13T21:00:00+00:00,1.899,1.909,1.877,1.879,43.7007874015748,1.9073499999999999,1.8579201507184049,1.9356049999999998,0.031571428571428584,False,RSI_NOT_BELOW_35|CLOSE_NOT_NEAR_OR_BELOW_LOWER_BB|CLOSE_NOT_ABOVE_MA200
2026-07-14T16:57:31.170205+00:00,MR_TARGET_1R_V1,NEAR,NEARUSDT,strategy-lab-v1.0.0:MR_TARGET_1R_V1,1783980000000,2026-07-13T22:00:00+00:00,1.88,1.899,1.875,1.889,43.921568627450995,1.9073499999999999,1.8579201507184049,1.935165,0.03192857142857145,False,RSI_NOT_BELOW_35|CLOSE_NOT_NEAR_OR_BELOW_LOWER_BB|CLOSE_NOT_ABOVE_MA200
2026-07-14T16:57:31.170205+00:00,MR_TARGET_1R_V1,NEAR,NEARUSDT,strategy-lab-v1.0.0:MR_TARGET_1R_V1,1783983600000,2026-07-13T23:00:00+00:00,1.888,1.923,1.884,1.922,51.05633802816901,1.91025,1.8646786274070972,1.934885,0.03321428571428575,False,RSI_NOT_BELOW_35|CLOSE_NOT_NEAR_OR_BELOW_LOWER_BB|CLOSE_NOT_ABOVE_MA200
2026-07-14T16:57:31.170205+00:00,MR_TARGET_1R_V1,NEAR,NEARUSDT,strategy-lab-v1.0.0:MR_TARGET_1R_V1,1783987200000,2026-07-14T00:00:00+00:00,1.921,1.946,1.913,1.943,53.666666666666664,1.9143000000000001,1.8723471693445943,1.9347400000000001,0.034142857142857176,False,RSI_NOT_BELOW_35|CLOSE_NOT_NEAR_OR_BELOW_LOWER_BB
2026-07-14T16:57:31.170205+00:00,MR_TARGET_1R_V1,NEAR,NEARUSDT,strategy-lab-v1.0.0:MR_TARGET_1R_V1,1783990800000,2026-07-14T01:00:00+00:00,1.946,1.963,1.932,1.962,57.6923076923077,1.9177499999999998,1.8721786274070975,1.93468,0.035214285714285753,False,RSI_NOT_BELOW_35|CLOSE_NOT_NEAR_OR_BELOW_LOWER_BB
2026-07-14T16:57:31.170205+00:00,MR_TARGET_1R_V1,NEAR,NEARUSDT,strategy-lab-v1.0.0:MR_TARGET_1R_V1,1783994400000,2026-07-14T02:00:00+00:00,1.962,1.968,1.942,1.958,60.20066889632107,1.92095,1.8735475739017386,1.9345499999999998,0.03542857142857146,False,RSI_NOT_BELOW_35|CLOSE_NOT_NEAR_OR_BELOW_LOWER_BB
2026-07-14T16:57:31.170205+00:00,MR_TARGET_1R_V1,NEAR,NEARUSDT,strategy-lab-v1.0.0:MR_TARGET_1R_V1,1783998000000,2026-07-14T03:00:00+00:00,1.958,1.963,1.936,1.959,58.24561403508774,1.92335,1.8734129396139387,1.9343499999999998,0.035428571428571476,False,RSI_NOT_BELOW_35|CLOSE_NOT_NEAR_OR_BELOW_LOWER_BB
2026-07-14T16:57:31.170205+00:00,MR_TARGET_1R_V1,NEAR,NEARUSDT,strategy-lab-v1.0.0:MR_TARGET_1R_V1,1784001600000,2026-07-14T04:00:00+00:00,1.959,1.973,1.952,1.968,50.622406639004126,1.92575,1.87220422519002,1.934155,0.0318571428571429,False,RSI_NOT_BELOW_35|CLOSE_NOT_NEAR_OR_BELOW_LOWER_BB
2026-07-14T16:57:31.170205+00:00,MR_TARGET_1R_V1,NEAR,NEARUSDT,strategy-lab-v1.0.0:MR_TARGET_1R_V1,1784005200000,2026-07-14T05:00:00+00:00,1.967,2.001,1.963,1.991,61.4406779661017,1.9295000000000002,1.8691394168351476,1.9339849999999998,0.03200000000000003,False,RSI_NOT_BELOW_35|CLOSE_NOT_NEAR_OR_BELOW_LOWER_BB
2026-07-14T16:57:31.170205+00:00,MR_TARGET_1R_V1,NEAR,NEARUSDT,strategy-lab-v1.0.0:MR_TARGET_1R_V1,1784008800000,2026-07-14T06:00:00+00:00,1.991,2.008,1.986,1.997,60.94420600858371,1.9333000000000002,1.8663489731221317,1.933835,0.030714285714285743,False,RSI_NOT_BELOW_35|CLOSE_NOT_NEAR_OR_BELOW_LOWER_BB
2026-07-14T16:57:31.170205+00:00,MR_TARGET_1R_V1,NEAR,NEARUSDT,strategy-lab-v1.0.0:MR_TARGET_1R_V1,1784012400000,2026-07-14T07:00:00+00:00,1.997,2.01,1.985,1.99,66.35514018691589,1.9370999999999998,1.866437704537702,1.933715,0.029642857142857144,False,RSI_NOT_BELOW_35|CLOSE_NOT_NEAR_OR_BELOW_LOWER_BB
2026-07-14T16:57:31.170205+00:00,MR_TARGET_1R_V1,NEAR,NEARUSDT,strategy-lab-v1.0.0:MR_TARGET_1R_V1,1784016000000,2026-07-14T08:00:00+00:00,1.99,2.007,1.983,1.986,73.95833333333333,1.94155,1.8703419246152444,1.933545,0.02842857142857144,False,RSI_NOT_BELOW_35|CLOSE_NOT_NEAR_OR_BELOW_LOWER_BB
2026-07-14T16:57:31.170205+00:00,MR_TARGET_1R_V1,NEAR,NEARUSDT,strategy-lab-v1.0.0:MR_TARGET_1R_V1,1784019600000,2026-07-14T09:00:00+00:00,1.987,1.988,1.972,1.984,70.11494252873563,1.9451500000000004,1.8730077100446556,1.933455,0.027285714285714295,False,RSI_NOT_BELOW_35|CLOSE_NOT_NEAR_OR_BELOW_LOWER_BB
2026-07-14T16:57:31.170205+00:00,MR_TARGET_1R_V1,NEAR,NEARUSDT,strategy-lab-v1.0.0:MR_TARGET_1R_V1,1784023200000,2026-07-14T10:00:00+00:00,1.983,1.994,1.97,1.97,70.52023121387279,1.9454,1.8729502933063147,1.93328,0.027285714285714295,False,RSI_NOT_BELOW_35|CLOSE_NOT_NEAR_OR_BELOW_LOWER_BB
2026-07-14T16:57:31.170205+00:00,MR_TARGET_1R_V1,NEAR,NEARUSDT,strategy-lab-v1.0.0:MR_TARGET_1R_V1,1784026800000,2026-07-14T11:00:00+00:00,1.97,1.991,1.967,1.986,81.65680473372775,1.94785,1.8734153978313781,1.933235,0.02671428571428572,False,RSI_NOT_BELOW_35|CLOSE_NOT_NEAR_OR_BELOW_LOWER_BB
2026-07-14T16:57:31.170205+00:00,MR_TARGET_1R_V1,NEAR,NEARUSDT,strategy-lab-v1.0.0:MR_TARGET_1R_V1,1784030400000,2026-07-14T12:00:00+00:00,1.985,2.038,1.974,2.027,84.49999999999996,1.9518999999999997,1.8698807339706027,1.9334349999999998,0.029571428571428564,False,RSI_NOT_BELOW_35|CLOSE_NOT_NEAR_OR_BELOW_LOWER_BB
2026-07-14T16:57:31.170205+00:00,MR_TARGET_1R_V1,NEAR,NEARUSDT,strategy-lab-v1.0.0:MR_TARGET_1R_V1,1784034000000,2026-07-14T13:00:00+00:00,2.03,2.031,2.015,2.024,79.99999999999991,1.9571,1.8707567315883804,1.933655,0.027928571428571414,False,RSI_NOT_BELOW_35|CLOSE_NOT_NEAR_OR_BELOW_LOWER_BB
2026-07-14T16:57:31.170205+00:00,MR_TARGET_1R_V1,NEAR,NEARUSDT,strategy-lab-v1.0.0:MR_TARGET_1R_V1,1784037600000,2026-07-14T14:00:00+00:00,2.026,2.044,2.018,2.04,79.39393939393929,1.9644000000000001,1.8759683314643394,1.933955,0.027428571428571438,False,RSI_NOT_BELOW_35|CLOSE_NOT_NEAR_OR_BELOW_LOWER_BB
2026-07-14T16:57:31.170205+00:00,MR_TARGET_1R_V1,NEAR,NEARUSDT,strategy-lab-v1.0.0:MR_TARGET_1R_V1,1784041200000,2026-07-14T15:00:00+00:00,2.041,2.064,2.036,2.044,77.33333333333326,1.9708999999999999,1.8791919850830858,1.934235,0.027214285714285715,False,RSI_NOT_BELOW_35|CLOSE_NOT_NEAR_OR_BELOW_LOWER_BB
2026-07-14T16:57:31.170205+00:00,MR_TARGET_1R_V1,NEAR,NEARUSDT,strategy-lab-v1.0.0:MR_TARGET_1R_V1,1784044800000,2026-07-14T16:00:00+00:00,2.043,2.043,2.025,2.041,77.85234899328844,1.9780000000000002,1.8876805668751135,1.934545,0.02671428571428572,False,RSI_NOT_BELOW_35|CLOSE_NOT_NEAR_OR_BELOW_LOWER_BB
2026-07-14T16:57:31.170205+00:00,MR_TARGET_1R_V1,PAXG,PAXGUSDT,strategy-lab-v1.0.0:MR_TARGET_1R_V1,1783828800000,2026-07-12T04:00:00+00:00,4100.09,4100.61,4099.43,4099.47,45.29206625980898,4103.26,4094.0115558066213,4123.43595,2.7942857142858037,False,RSI_NOT_BELOW_35|CLOSE_NOT_NEAR_OR_BELOW_LOWER_BB|CLOSE_NOT_ABOVE_MA200
2026-07-14T16:57:31.170205+00:00,MR_TARGET_1R_V1,PAXG,PAXGUSDT,strategy-lab-v1.0.0:MR_TARGET_1R_V1,1783832400000,2026-07-12T05:00:00+00:00,4099.83,4099.86,4096.05,4098.24,42.173730591691026,4102.617,4093.863321687542,4123.077850000001,2.6164285714286115,False,RSI_NOT_BELOW_35|CLOSE_NOT_NEAR_OR_BELOW_LOWER_BB|CLOSE_NOT_ABOVE_MA200
2026-07-14T16:57:31.170205+00:00,MR_TARGET_1R_V1,PAXG,PAXGUSDT,strategy-lab-v1.0.0:MR_TARGET_1R_V1,1783836000000,2026-07-12T06:00:00+00:00,4098.13,4098.14,4095.84,4096.37,34.49141900376955,4101.9105,4093.5434826701526,4122.728050000001,2.551428571428557,False,CLOSE_NOT_NEAR_OR_BELOW_LOWER_BB|CLOSE_NOT_ABOVE_MA200
2026-07-14T16:57:31.170205+00:00,MR_TARGET_1R_V1,PAXG,PAXGUSDT,strategy-lab-v1.0.0:MR_TARGET_1R_V1,1783839600000,2026-07-12T07:00:00+00:00,4096.67,4096.79,4095.2,4095.98,28.103989242494833,4101.1805,4093.4424447534975,4122.38255,2.5114285714285285,False,CLOSE_NOT_NEAR_OR_BELOW_LOWER_BB|CLOSE_NOT_ABOVE_MA200
2026-07-14T16:57:31.170205+00:00,MR_TARGET_1R_V1,PAXG,PAXGUSDT,strategy-lab-v1.0.0:MR_TARGET_1R_V1,1783843200000,2026-07-12T08:00:00+00:00,4095.89,4096.37,4095.86,4096.37,33.467336683419234,4100.5765,4093.332378866426,4122.0849,2.341428571428488,False,CLOSE_NOT_NEAR_OR_BELOW_LOWER_BB|CLOSE_NOT_ABOVE_MA200
2026-07-14T16:57:31.170205+00:00,MR_TARGET_1R_V1,PAXG,PAXGUSDT,strategy-lab-v1.0.0:MR_TARGET_1R_V1,1783846800000,2026-07-12T09:00:00+00:00,4095.79,4097.12,4095.71,4097.12,33.866133866135584,4099.9165,4094.0737942057763,4121.77395,2.369999999999891,False,CLOSE_NOT_NEAR_OR_BELOW_LOWER_BB|CLOSE_NOT_ABOVE_MA200
2026-07-14T16:57:31.170205+00:00,MR_TARGET_1R_V1,PAXG,PAXGUSDT,strategy-lab-v1.0.0:MR_TARGET_1R_V1,1783850400000,2026-07-12T10:00:00+00:00,4096.68,4097.65,4096.68,4097.64,33.33333333333562,4099.717,4093.8495232000587,4121.4651,2.303571428571234,False,CLOSE_NOT_NEAR_OR_BELOW_LOWER_BB|CLOSE_NOT_ABOVE_MA200
2026-07-14T16:57:31.170205+00:00,MR_TARGET_1R_V1,PAXG,PAXGUSDT,strategy-lab-v1.0.0:MR_TARGET_1R_V1,1783854000000,2026-07-12T11:00:00+00:00,4097.71,4097.71,4095.63,4095.63,40.61349693251805,4099.4,4093.3708342204054,4121.1371,2.0028571428569455,False,RSI_NOT_BELOW_35|CLOSE_NOT_NEAR_OR_BELOW_LOWER_BB|CLOSE_NOT_ABOVE_MA200
2026-07-14T16:57:31.170205+00:00,MR_TARGET_1R_V1,PAXG,PAXGUSDT,strategy-lab-v1.0.0:MR_TARGET_1R_V1,1783857600000,2026-07-12T12:00:00+00:00,4095.54,4095.68,4094.84,4094.99,33.24708926261427,4098.960499999999,4092.9913343130875,4120.804700000001,1.9449999999998064,False,CLOSE_NOT_NEAR_OR_BELOW_LOWER_BB|CLOSE_NOT_ABOVE_MA200
2026-07-14T16:57:31.170205+00:00,MR_TARGET_1R_V1,PAXG,PAXGUSDT,strategy-lab-v1.0.0:MR_TARGET_1R_V1,1783861200000,2026-07-12T13:00:00+00:00,4094.8,4095.77,4093.39,4093.39,33.57282821685297,4098.3425,4092.766670465502,4120.4766,1.9342857142855467,False,CLOSE_NOT_NEAR_OR_BELOW_LOWER_BB|CLOSE_NOT_ABOVE_MA200
2026-07-14T16:57:31.170205+00:00,MR_TARGET_1R_V1,PAXG,PAXGUSDT,strategy-lab-v1.0.0:MR_TARGET_1R_V1,1783864800000,2026-07-12T14:00:00+00:00,4094.02,4095.19,4092.75,4095.13,45.382585751980606,4097.9515,4092.6320478667667,4120.15325,1.8785714285712791,False,RSI_NOT_BELOW_35|CLOSE_NOT_NEAR_OR_BELOW_LOWER_BB|CLOSE_NOT_ABOVE_MA200
2026-07-14T16:57:31.170205+00:00,MR_TARGET_1R_V1,PAXG,PAXGUSDT,strategy-lab-v1.0.0:MR_TARGET_1R_V1,1783868400000,2026-07-12T15:00:00+00:00,4095.8,4098.36,4095.24,4097.09,48.9833641404809,4097.6269999999995,4092.9699833586565,4119.83265,1.8728571428569336,False,RSI_NOT_BELOW_35|CLOSE_NOT_NEAR_OR_BELOW_LOWER_BB|CLOSE_NOT_ABOVE_MA200
2026-07-14T16:57:31.170205+00:00,MR_TARGET_1R_V1,PAXG,PAXGUSDT,strategy-lab-v1.0.0:MR_TARGET_1R_V1,1783872000000,2026-07-12T16:00:00+00:00,4097.19,4097.91,4096.71,4096.71,39.902845246358375,4097.2495,4093.715858960261,4119.51215,1.800714285714061,False,RSI_NOT_BELOW_35|CLOSE_NOT_NEAR_OR_BELOW_LOWER_BB|CLOSE_NOT_ABOVE_MA200
2026-07-14T16:57:31.170205+00:00,MR_TARGET_1R_V1,PAXG,PAXGUSDT,strategy-lab-v1.0.0:MR_TARGET_1R_V1,1783875600000,2026-07-12T17:00:00+00:00,4096.72,4096.72,4093.01,4093.28,30.71633237822475,4096.979,4093.1150232922914,4119.15475,1.9821428571426298,False,CLOSE_NOT_NEAR_OR_BELOW_LOWER_BB|CLOSE_NOT_ABOVE_MA200
2026-07-14T16:57:31.170205+00:00,MR_TARGET_1R_V1,PAXG,PAXGUSDT,strategy-lab-v1.0.0:MR_TARGET_1R_V1,1783879200000,2026-07-12T18:00:00+00:00,4093.27,4093.58,4092.12,4092.85,30.911188004614274,4096.613,4092.642140647455,4118.8054999999995,2.0021428571426765,False,CLOSE_NOT_NEAR_OR_BELOW_LOWER_BB|CLOSE_NOT_ABOVE_MA200
2026-07-14T16:57:31.170205+00:00,MR_TARGET_1R_V1,PAXG,PAXGUSDT,strategy-lab-v1.0.0:MR_TARGET_1R_V1,1783882800000,2026-07-12T19:00:00+00:00,4092.59,4093.76,4091.66,4093.76,36.83901292597177,4096.38,4092.3148505565373,4118.46325,1.8799999999998818,False,RSI_NOT_BELOW_35|CLOSE_NOT_NEAR_OR_BELOW_LOWER_BB|CLOSE_NOT_ABOVE_MA200
2026-07-14T16:57:31.170205+00:00,MR_TARGET_1R_V1,PAXG,PAXGUSDT,strategy-lab-v1.0.0:MR_TARGET_1R_V1,1783886400000,2026-07-12T20:00:00+00:00,4093.5,4097.28,4092.84,4097.28,52.43706480985486,4096.4175000000005,4092.33371315472,4118.1363,2.025714285714165,False,RSI_NOT_BELOW_35|CLOSE_NOT_NEAR_OR_BELOW_LOWER_BB|CLOSE_NOT_ABOVE_MA200
2026-07-14T16:57:31.170205+00:00,MR_TARGET_1R_V1,PAXG,PAXGUSDT,strategy-lab-v1.0.0:MR_TARGET_1R_V1,1783890000000,2026-07-12T21:00:00+00:00,4096.85,4097.21,4085.0,4085.0,32.035340314136604,4095.7965000000004,4089.392937632251,4117.74735,2.789285714285565,False,CLOSE_NOT_ABOVE_MA200
2026-07-14T16:57:31.170205+00:00,MR_TARGET_1R_V1,PAXG,PAXGUSDT,strategy-lab-v1.0.0:MR_TARGET_1R_V1,1783893600000,2026-07-12T22:00:00+00:00,4090.41,4092.66,4065.0,4068.18,20.004256224729346,4094.2244999999994,4080.7808673436975,4117.27215,4.728571428571286,False,CLOSE_NOT_ABOVE_MA200
2026-07-14T16:57:31.170205+00:00,MR_TARGET_1R_V1,PAXG,PAXGUSDT,strategy-lab-v1.0.0:MR_TARGET_1R_V1,1783897200000,2026-07-12T23:00:00+00:00,4067.14,4077.5,4064.13,4077.5,32.343412526998364,4093.0989999999997,4078.1019457559983,4116.834,5.582857142857002,False,CLOSE_NOT_ABOVE_MA200
2026-07-14T16:57:31.170205+00:00,MR_TARGET_1R_V1,PAXG,PAXGUSDT,strategy-lab-v1.0.0:MR_TARGET_1R_V1,1783900800000,2026-07-13T00:00:00+00:00,4077.72,4082.98,4055.48,4062.32,24.85046995158089,4091.2415,4071.4308500612065,4116.3300500000005,7.477857142857049,False,CLOSE_NOT_ABOVE_MA200
2026-07-14T16:57:31.170205+00:00,MR_TARGET_1R_V1,PAXG,PAXGUSDT,strategy-lab-v1.0.0:MR_TARGET_1R_V1,1783904400000,2026-07-13T01:00:00+00:00,4063.31,4081.13,4061.5,4066.48,29.860439408594758,4089.6534999999994,4067.4002878498995,4115.8287,8.731428571428491,False,CLOSE_NOT_ABOVE_MA200
2026-07-14T16:57:31.170205+00:00,MR_TARGET_1R_V1,PAXG,PAXGUSDT,strategy-lab-v1.0.0:MR_TARGET_1R_V1,1783908000000,2026-07-13T02:00:00+00:00,4066.93,4069.28,4059.79,4062.32,28.475424957175065,4087.951,4062.9707438764676,4115.33,9.349285714285672,False,CLOSE_NOT_ABOVE_MA200
2026-07-14T16:57:31.170205+00:00,MR_TARGET_1R_V1,PAXG,PAXGUSDT,strategy-lab-v1.0.0:MR_TARGET_1R_V1,1783911600000,2026-07-13T03:00:00+00:00,4060.01,4060.21,4047.41,4052.33,25.640721404841088,4085.7685000000006,4056.6852035740935,4114.78275,10.244285714285686,False,CLOSE_NOT_ABOVE_MA200
2026-07-14T16:57:31.170205+00:00,MR_TARGET_1R_V1,PAXG,PAXGUSDT,strategy-lab-v1.0.0:MR_TARGET_1R_V1,1783915200000,2026-07-13T04:00:00+00:00,4052.11,4052.11,4045.37,4048.9,23.112713737350163,4083.3949999999995,4050.6431600517303,4114.21005,10.567142857142828,False,CLOSE_NOT_ABOVE_MA200
2026-07-14T16:57:31.170205+00:00,MR_TARGET_1R_V1,PAXG,PAXGUSDT,strategy-lab-v1.0.0:MR_TARGET_1R_V1,1783918800000,2026-07-13T05:00:00+00:00,4051.74,4065.4,4047.12,4048.06,21.107837360046986,4080.942,4045.4363454644626,4113.6303,11.642142857142874,False,CLOSE_NOT_NEAR_OR_BELOW_LOWER_BB|CLOSE_NOT_ABOVE_MA200
2026-07-14T16:57:31.170205+00:00,MR_TARGET_1R_V1,PAXG,PAXGUSDT,strategy-lab-v1.0.0:MR_TARGET_1R_V1,1783922400000,2026-07-13T06:00:00+00:00,4048.77,4055.93,4038.8,4044.81,20.41723666210659,4078.3005,4040.3784607748107,4113.03345,12.780000000000005,False,CLOSE_NOT_NEAR_OR_BELOW_LOWER_BB|CLOSE_NOT_ABOVE_MA200
2026-07-14T16:57:31.170205+00:00,MR_TARGET_1R_V1,PAXG,PAXGUSDT,strategy-lab-v1.0.0:MR_TARGET_1R_V1,1783926000000,2026-07-13T07:00:00+00:00,4046.44,4060.0,4046.38,4060.0,33.27301970245266,4076.5189999999993,4038.673188659817,4112.5108,13.600000000000007,False,CLOSE_NOT_NEAR_OR_BELOW_LOWER_BB|CLOSE_NOT_ABOVE_MA200
2026-07-14T16:57:31.170205+00:00,MR_TARGET_1R_V1,PAXG,PAXGUSDT,strategy-lab-v1.0.0:MR_TARGET_1R_V1,1783929600000,2026-07-13T08:00:00+00:00,4060.74,4072.41,4058.28,4068.33,38.58260383684109,4075.186,4038.1674336312626,4112.0401,14.50499999999998,False,RSI_NOT_BELOW_35|CLOSE_NOT_NEAR_OR_BELOW_LOWER_BB|CLOSE_NOT_ABOVE_MA200
2026-07-14T16:57:31.170205+00:00,MR_TARGET_1R_V1,PAXG,PAXGUSDT,strategy-lab-v1.0.0:MR_TARGET_1R_V1,1783933200000,2026-07-13T09:00:00+00:00,4069.53,4069.53,4062.3,4063.61,36.44212609047562,4073.697,4037.3372777238806,4111.5361,14.871428571428526,False,RSI_NOT_BELOW_35|CLOSE_NOT_NEAR_OR_BELOW_LOWER_BB|CLOSE_NOT_ABOVE_MA200
2026-07-14T16:57:31.170205+00:00,MR_TARGET_1R_V1,PAXG,PAXGUSDT,strategy-lab-v1.0.0:MR_TARGET_1R_V1,1783936800000,2026-07-13T10:00:00+00:00,4062.37,4062.63,4042.07,4054.05,31.561886889021693,4071.643,4035.7197489779055,4111.0027,16.092857142857124,False,CLOSE_NOT_NEAR_OR_BELOW_LOWER_BB|CLOSE_NOT_ABOVE_MA200
2026-07-14T16:57:31.170205+00:00,MR_TARGET_1R_V1,PAXG,PAXGUSDT,strategy-lab-v1.0.0:MR_TARGET_1R_V1,1783940400000,2026-07-13T11:00:00+00:00,4053.17,4060.0,4049.06,4050.01,33.94806863014962,4069.2889999999998,4034.183415316131,4110.452850000001,15.99714285714286,False,CLOSE_NOT_NEAR_OR_BELOW_LOWER_BB|CLOSE_NOT_ABOVE_MA200
2026-07-14T16:57:31.170205+00:00,MR_TARGET_1R_V1,PAXG,PAXGUSDT,strategy-lab-v1.0.0:MR_TARGET_1R_V1,1783944000000,2026-07-13T12:00:00+00:00,4050.57,4059.04,4048.94,4058.48,45.18084260731326,4067.3775,4034.350671587387,4109.935,14.742857142857149,False,RSI_NOT_BELOW_35|CLOSE_NOT_NEAR_OR_BELOW_LOWER_BB|CLOSE_NOT_ABOVE_MA200
2026-07-14T16:57:31.170205+00:00,MR_TARGET_1R_V1,PAXG,PAXGUSDT,strategy-lab-v1.0.0:MR_TARGET_1R_V1,1783947600000,2026-07-13T13:00:00+00:00,4058.43,4058.53,4033.55,4033.55,31.096774193548313,4064.3909999999996,4030.4827898438143,4109.289,15.572142857142873,False,CLOSE_NOT_NEAR_OR_BELOW_LOWER_BB|CLOSE_NOT_ABOVE_MA200
2026-07-14T16:57:31.170205+00:00,MR_TARGET_1R_V1,PAXG,PAXGUSDT,strategy-lab-v1.0.0:MR_TARGET_1R_V1,1783951200000,2026-07-13T14:00:00+00:00,4035.0,4036.75,3997.44,4009.79,28.959384763277882,4060.2380000000003,4021.314382696417,4108.5252,16.415714285714298,False,CLOSE_NOT_ABOVE_MA200
2026-07-14T16:57:31.170205+00:00,MR_TARGET_1R_V1,PAXG,PAXGUSDT,strategy-lab-v1.0.0:MR_TARGET_1R_V1,1783954800000,2026-07-13T15:00:00+00:00,4012.08,4014.69,4007.03,4010.52,26.952224052718208,4056.076,4014.658732876304,4107.76505,15.56071428571428,False,CLOSE_NOT_ABOVE_MA200
2026-07-14T16:57:31.170205+00:00,MR_TARGET_1R_V1,PAXG,PAXGUSDT,strategy-lab-v1.0.0:MR_TARGET_1R_V1,1783958400000,2026-07-13T16:00:00+00:00,4010.98,4013.15,3984.24,3990.0,23.75145180023219,4050.7120000000004,4004.517263676526,4106.8966,16.947857142857142,False,CLOSE_NOT_ABOVE_MA200
2026-07-14T16:57:31.170205+00:00,MR_TARGET_1R_V1,PAXG,PAXGUSDT,strategy-lab-v1.0.0:MR_TARGET_1R_V1,1783962000000,2026-07-13T17:00:00+00:00,3992.27,3998.28,3990.0,3990.64,25.979285102406223,4045.994,3995.679874587795,4106.0376,16.474285714285706,False,CLOSE_NOT_ABOVE_MA200
2026-07-14T16:57:31.170205+00:00,MR_TARGET_1R_V1,PAXG,PAXGUSDT,strategy-lab-v1.0.0:MR_TARGET_1R_V1,1783965600000,2026-07-13T18:00:00+00:00,3989.41,4001.93,3983.84,3998.78,31.174879807692335,4042.5240000000003,3989.319336144329,4105.20225,17.26928571428568,False,CLOSE_NOT_NEAR_OR_BELOW_LOWER_BB|CLOSE_NOT_ABOVE_MA200
2026-07-14T16:57:31.170205+00:00,MR_TARGET_1R_V1,PAXG,PAXGUSDT,strategy-lab-v1.0.0:MR_TARGET_1R_V1,1783969200000,2026-07-13T19:00:00+00:00,3996.05,4000.89,3991.12,3998.6,31.330212894458697,4038.579,3984.6375169281123,4104.3597,16.661428571428523,False,CLOSE_NOT_NEAR_OR_BELOW_LOWER_BB|CLOSE_NOT_ABOVE_MA200
2026-07-14T16:57:31.170205+00:00,MR_TARGET_1R_V1,PAXG,PAXGUSDT,strategy-lab-v1.0.0:MR_TARGET_1R_V1,1783972800000,2026-07-13T20:00:00+00:00,3999.12,4002.07,3993.21,3998.72,32.181241784582014,4035.399,3979.953035710481,4103.520399999999,16.07071428571427,False,CLOSE_NOT_NEAR_OR_BELOW_LOWER_BB|CLOSE_NOT_ABOVE_MA200
2026-07-14T16:57:31.170205+00:00,MR_TARGET_1R_V1,PAXG,PAXGUSDT,strategy-lab-v1.0.0:MR_TARGET_1R_V1,1783976400000,2026-07-13T21:00:00+00:00,3998.71,4001.37,3995.25,4001.0,24.660711218003797,4032.125,3976.6738396875735,4102.70105,15.422857142857115,False,CLOSE_NOT_NEAR_OR_BELOW_LOWER_BB|CLOSE_NOT_ABOVE_MA200
2026-07-14T16:57:31.170205+00:00,MR_TARGET_1R_V1,PAXG,PAXGUSDT,strategy-lab-v1.0.0:MR_TARGET_1R_V1,1783980000000,2026-07-13T22:00:00+00:00,3997.6,4000.99,3994.76,3994.76,17.825592582874236,4028.7470000000003,3972.8357427793453,4101.852,14.859285714285695,False,CLOSE_NOT_NEAR_OR_BELOW_LOWER_BB|CLOSE_NOT_ABOVE_MA200
2026-07-14T16:57:31.170205+00:00,MR_TARGET_1R_V1,PAXG,PAXGUSDT,strategy-lab-v1.0.0:MR_TARGET_1R_V1,1783983600000,2026-07-13T23:00:00+00:00,3994.26,3996.1,3987.72,3995.35,19.029038112522528,4025.8979999999997,3969.2813785536955,4101.00445,14.94142857142856,False,CLOSE_NOT_NEAR_OR_BELOW_LOWER_BB|CLOSE_NOT_ABOVE_MA200
2026-07-14T16:57:31.170205+00:00,MR_TARGET_1R_V1,PAXG,PAXGUSDT,strategy-lab-v1.0.0:MR_TARGET_1R_V1,1783987200000,2026-07-14T00:00:00+00:00,3995.04,4000.33,3979.8,3996.05,21.38346161436752,4023.2555,3966.2478442071683,4100.16385,14.869285714285686,False,CLOSE_NOT_NEAR_OR_BELOW_LOWER_BB|CLOSE_NOT_ABOVE_MA200
2026-07-14T16:57:31.170205+00:00,MR_TARGET_1R_V1,PAXG,PAXGUSDT,strategy-lab-v1.0.0:MR_TARGET_1R_V1,1783990800000,2026-07-14T01:00:00+00:00,3992.28,4005.13,3987.53,4002.79,27.306805074971024,4020.9919999999997,3964.51108478084,4099.34735,15.344999999999962,False,CLOSE_NOT_NEAR_OR_BELOW_LOWER_BB|CLOSE_NOT_ABOVE_MA200
2026-07-14T16:57:31.170205+00:00,MR_TARGET_1R_V1,PAXG,PAXGUSDT,strategy-lab-v1.0.0:MR_TARGET_1R_V1,1783994400000,2026-07-14T02:00:00+00:00,4002.88,4011.99,4002.88,4010.09,26.48002333041717,4019.2560000000003,3963.683072274409,4098.5676,15.280714285714241,False,CLOSE_NOT_NEAR_OR_BELOW_LOWER_BB|CLOSE_NOT_ABOVE_MA200
2026-07-14T16:57:31.170205+00:00,MR_TARGET_1R_V1,PAXG,PAXGUSDT,strategy-lab-v1.0.0:MR_TARGET_1R_V1,1783998000000,2026-07-14T03:00:00+00:00,4007.66,4011.86,4005.72,4010.22,35.05828102984481,4016.7670000000007,3964.346727547507,4097.78185,13.934999999999977,False,RSI_NOT_BELOW_35|CLOSE_NOT_NEAR_OR_BELOW_LOWER_BB|CLOSE_NOT_ABOVE_MA200
2026-07-14T16:57:31.170205+00:00,MR_TARGET_1R_V1,PAXG,PAXGUSDT,strategy-lab-v1.0.0:MR_TARGET_1R_V1,1784001600000,2026-07-14T04:00:00+00:00,4010.31,4016.18,4007.04,4015.45,54.75310715485376,4014.1230000000005,3967.3413762146556,4097.0028999999995,11.779999999999973,False,RSI_NOT_BELOW_35|CLOSE_NOT_NEAR_OR_BELOW_LOWER_BB|CLOSE_NOT_ABOVE_MA200
2026-07-14T16:57:31.170205+00:00,MR_TARGET_1R_V1,PAXG,PAXGUSDT,strategy-lab-v1.0.0:MR_TARGET_1R_V1,1784005200000,2026-07-14T05:00:00+00:00,4015.59,4025.06,4013.35,4024.65,60.388178209086945,4012.175,3970.8747285724,4096.253549999999,12.0692857142857,False,RSI_NOT_BELOW_35|CLOSE_NOT_NEAR_OR_BELOW_LOWER_BB|CLOSE_NOT_ABOVE_MA200
2026-07-14T16:57:31.170205+00:00,MR_TARGET_1R_V1,PAXG,PAXGUSDT,strategy-lab-v1.0.0:MR_TARGET_1R_V1,1784008800000,2026-07-14T06:00:00+00:00,4024.13,4025.32,4013.74,4014.94,71.80069930069925,4010.2195,3973.5965233460834,4095.41575,10.831428571428562,False,RSI_NOT_BELOW_35|CLOSE_NOT_NEAR_OR_BELOW_LOWER_BB|CLOSE_NOT_ABOVE_MA200
2026-07-14T16:57:31.170205+00:00,MR_TARGET_1R_V1,PAXG,PAXGUSDT,strategy-lab-v1.0.0:MR_TARGET_1R_V1,1784012400000,2026-07-14T07:00:00+00:00,4014.94,4021.61,4010.28,4010.28,66.0405096373736,4008.233,3976.47136207005,4094.6220499999995,11.049285714285686,False,RSI_NOT_BELOW_35|CLOSE_NOT_NEAR_OR_BELOW_LOWER_BB|CLOSE_NOT_ABOVE_MA200
2026-07-14T16:57:31.170205+00:00,MR_TARGET_1R_V1,PAXG,PAXGUSDT,strategy-lab-v1.0.0:MR_TARGET_1R_V1,1784016000000,2026-07-14T08:00:00+00:00,4009.79,4015.4,4008.22,4008.22,58.56002901704711,4005.72,3983.843327492666,4093.8378500000003,10.270000000000014,False,RSI_NOT_BELOW_35|CLOSE_NOT_NEAR_OR_BELOW_LOWER_BB|CLOSE_NOT_ABOVE_MA200
2026-07-14T16:57:31.170205+00:00,MR_TARGET_1R_V1,PAXG,PAXGUSDT,strategy-lab-v1.0.0:MR_TARGET_1R_V1,1784019600000,2026-07-14T09:00:00+00:00,4012.08,4015.42,4008.71,4012.02,61.41933287950989,4004.6435000000006,3986.560645938955,4093.0092999999997,10.086428571428607,False,RSI_NOT_BELOW_35|CLOSE_NOT_NEAR_OR_BELOW_LOWER_BB|CLOSE_NOT_ABOVE_MA200
2026-07-14T16:57:31.170205+00:00,MR_TARGET_1R_V1,PAXG,PAXGUSDT,strategy-lab-v1.0.0:MR_TARGET_1R_V1,1784023200000,2026-07-14T10:00:00+00:00,4012.02,4014.35,4008.26,4012.85,61.87993946527665,4004.7964999999995,3986.4916369578164,4092.2396000000003,9.888571428571433,False,RSI_NOT_BELOW_35|CLOSE_NOT_NEAR_OR_BELOW_LOWER_BB|CLOSE_NOT_ABOVE_MA200
2026-07-14T16:57:31.170205+00:00,MR_TARGET_1R_V1,PAXG,PAXGUSDT,strategy-lab-v1.0.0:MR_TARGET_1R_V1,1784026800000,2026-07-14T11:00:00+00:00,4013.92,4023.46,4010.82,4023.23,66.44960781411865,4005.432,3985.5609239346954,4091.5688,10.354285714285718,False,RSI_NOT_BELOW_35|CLOSE_NOT_NEAR_OR_BELOW_LOWER_BB|CLOSE_NOT_ABOVE_MA200
2026-07-14T16:57:31.170205+00:00,MR_TARGET_1R_V1,PAXG,PAXGUSDT,strategy-lab-v1.0.0:MR_TARGET_1R_V1,1784030400000,2026-07-14T12:00:00+00:00,4022.6,4093.46,4017.1,4067.66,84.46482602117979,4009.3149999999996,3976.736105298164,4091.1560000000004,15.36285714285717,False,RSI_NOT_BELOW_35|CLOSE_NOT_NEAR_OR_BELOW_LOWER_BB|CLOSE_NOT_ABOVE_MA200
2026-07-14T16:57:31.170205+00:00,MR_TARGET_1R_V1,PAXG,PAXGUSDT,strategy-lab-v1.0.0:MR_TARGET_1R_V1,1784034000000,2026-07-14T13:00:00+00:00,4065.89,4078.15,4063.4,4066.09,83.13659359190561,4013.0875,3973.3460058786986,4090.78785,15.817857142857163,False,RSI_NOT_BELOW_35|CLOSE_NOT_NEAR_OR_BELOW_LOWER_BB|CLOSE_NOT_ABOVE_MA200
2026-07-14T16:57:31.170205+00:00,MR_TARGET_1R_V1,PAXG,PAXGUSDT,strategy-lab-v1.0.0:MR_TARGET_1R_V1,1784037600000,2026-07-14T14:00:00+00:00,4069.37,4080.04,4063.31,4071.51,83.85070877444824,4016.7239999999997,3970.1602091750074,4090.4284500000003,15.54642857142861,False,RSI_NOT_BELOW_35|CLOSE_NOT_NEAR_OR_BELOW_LOWER_BB|CLOSE_NOT_ABOVE_MA200
2026-07-14T16:57:31.170205+00:00,MR_TARGET_1R_V1,PAXG,PAXGUSDT,strategy-lab-v1.0.0:MR_TARGET_1R_V1,1784041200000,2026-07-14T15:00:00+00:00,4071.01,4089.65,4055.36,4055.36,71.74650450897659,4019.5620000000004,3970.891455889689,4089.9272,16.738571428571472,False,RSI_NOT_BELOW_35|CLOSE_NOT_NEAR_OR_BELOW_LOWER_BB|CLOSE_NOT_ABOVE_MA200
2026-07-14T16:57:31.170205+00:00,MR_TARGET_1R_V1,PAXG,PAXGUSDT,strategy-lab-v1.0.0:MR_TARGET_1R_V1,1784044800000,2026-07-14T16:00:00+00:00,4055.15,4056.46,4046.84,4053.58,68.8513220632855,4022.3050000000003,3972.4723526692205,4089.49255,16.768571428571477,False,RSI_NOT_BELOW_35|CLOSE_NOT_NEAR_OR_BELOW_LOWER_BB|CLOSE_NOT_ABOVE_MA200
2026-07-15T13:14:00.074864+00:00,MR_TARGET_1R_V1,BTC,BTCUSDT,strategy-lab-v1.0.0:MR_TARGET_1R_V1,1784048399999,2026-07-14T16:59:59.999000+00:00,64744.0,64896.86,64606.0,64730.0,86.54076317707401,62988.252,61351.63819634812,63342.5429,398.80928571428586,False,RSI_NOT_BELOW_35|CLOSE_NOT_NEAR_OR_BELOW_LOWER_BB
2026-07-15T13:14:00.074864+00:00,MR_TARGET_1R_V1,BTC,BTCUSDT,strategy-lab-v1.0.0:MR_TARGET_1R_V1,1784051999999,2026-07-14T17:59:59.999000+00:00,64730.01,64730.01,64231.77,64621.43,83.35450004233351,63116.070499999994,61390.91779699108,63352.3262,413.68357142857195,False,RSI_NOT_BELOW_35|CLOSE_NOT_NEAR_OR_BELOW_LOWER_BB
2026-07-15T13:14:00.074864+00:00,MR_TARGET_1R_V1,BTC,BTCUSDT,strategy-lab-v1.0.0:MR_TARGET_1R_V1,1784055599999,2026-07-14T18:59:59.999000+00:00,64621.43,64648.88,64477.23,64571.98,80.9831850391966,63248.46949999999,61503.2583531931,63361.0758,409.5700000000002,False,RSI_NOT_BELOW_35|CLOSE_NOT_NEAR_OR_BELOW_LOWER_BB
2026-07-15T13:14:00.074864+00:00,MR_TARGET_1R_V1,BTC,BTCUSDT,strategy-lab-v1.0.0:MR_TARGET_1R_V1,1784059199999,2026-07-14T19:59:59.999000+00:00,64571.99,64704.0,64487.38,64569.59,81.14393313687707,63360.22300000001,61577.57954005519,63371.50455,412.5921428571434,False,RSI_NOT_BELOW_35|CLOSE_NOT_NEAR_OR_BELOW_LOWER_BB
2026-07-15T13:14:00.074864+00:00,MR_TARGET_1R_V1,BTC,BTCUSDT,strategy-lab-v1.0.0:MR_TARGET_1R_V1,1784062799999,2026-07-14T20:59:59.999000+00:00,64569.59,64599.0,64419.99,64572.02,84.39686256228785,63461.346999999994,61644.98732737893,63385.5946,410.63071428571493,False,RSI_NOT_BELOW_35|CLOSE_NOT_NEAR_OR_BELOW_LOWER_BB
2026-07-15T13:14:00.074864+00:00,MR_TARGET_1R_V1,BTC,BTCUSDT,strategy-lab-v1.0.0:MR_TARGET_1R_V1,1784066399999,2026-07-14T21:59:59.999000+00:00,64572.02,64893.92,64526.0,64676.9,86.82065595678941,63568.170999999995,61729.85396974755,63400.13805000001,426.97785714285783,False,RSI_NOT_BELOW_35|CLOSE_NOT_NEAR_OR_BELOW_LOWER_BB
2026-07-15T13:14:00.074864+00:00,MR_TARGET_1R_V1,BTC,BTCUSDT,strategy-lab-v1.0.0:MR_TARGET_1R_V1,1784069999999,2026-07-14T22:59:59.999000+00:00,64676.89,65100.0,64516.0,64860.89,86.96159646332156,63684.015499999994,61826.55245968419,63414.1825,446.69642857142907,False,RSI_NOT_BELOW_35|CLOSE_NOT_NEAR_OR_BELOW_LOWER_BB
2026-07-15T13:14:00.074864+00:00,MR_TARGET_1R_V1,BTC,BTCUSDT,strategy-lab-v1.0.0:MR_TARGET_1R_V1,1784073599999,2026-07-14T23:59:59.999000+00:00,64860.89,65048.0,64782.0,65043.98,90.19748868710481,63807.56999999999,61933.51375720463,63421.6725,450.8600000000006,False,RSI_NOT_BELOW_35|CLOSE_NOT_NEAR_OR_BELOW_LOWER_BB
2026-07-15T13:14:00.074864+00:00,MR_TARGET_1R_V1,BTC,BTCUSDT,strategy-lab-v1.0.0:MR_TARGET_1R_V1,1784077199999,2026-07-15T00:59:59.999000+00:00,65043.99,65065.01,64765.12,64824.58,83.16634776682741,63911.5375,62054.120355189676,63427.1354,450.90000000000043,False,RSI_NOT_BELOW_35|CLOSE_NOT_NEAR_OR_BELOW_LOWER_BB
2026-07-15T13:14:00.074864+00:00,MR_TARGET_1R_V1,BTC,BTCUSDT,strategy-lab-v1.0.0:MR_TARGET_1R_V1,1784080799999,2026-07-15T01:59:59.999000+00:00,64824.57,64853.08,64644.48,64674.35,78.96940520681567,64008.405000000006,62204.81576908839,63432.57025,450.8385714285718,False,RSI_NOT_BELOW_35|CLOSE_NOT_NEAR_OR_BELOW_LOWER_BB
2026-07-15T13:14:00.074864+00:00,MR_TARGET_1R_V1,BTC,BTCUSDT,strategy-lab-v1.0.0:MR_TARGET_1R_V1,1784084399999,2026-07-15T02:59:59.999000+00:00,64674.35,64755.99,64488.0,64490.87,61.92500011231568,64101.746,62404.29182189197,63436.5426,383.6449999999999,False,RSI_NOT_BELOW_35|CLOSE_NOT_NEAR_OR_BELOW_LOWER_BB
2026-07-15T13:14:00.074864+00:00,MR_TARGET_1R_V1,BTC,BTCUSDT,strategy-lab-v1.0.0:MR_TARGET_1R_V1,1784087999999,2026-07-15T03:59:59.999000+00:00,64490.87,64840.0,64490.86,64792.01,69.77549002501014,64213.3005,62647.40235951338,63441.81005,374.0864285714285,False,RSI_NOT_BELOW_35|CLOSE_NOT_NEAR_OR_BELOW_LOWER_BB
2026-07-15T13:14:00.074864+00:00,MR_TARGET_1R_V1,BTC,BTCUSDT,strategy-lab-v1.0.0:MR_TARGET_1R_V1,1784091599999,2026-07-15T04:59:59.999000+00:00,64792.0,64885.99,64714.0,64746.01,61.09124199576469,64314.9085,62894.4065585682,63446.4001,331.69285714285695,False,RSI_NOT_BELOW_35|CLOSE_NOT_NEAR_OR_BELOW_LOWER_BB
2026-07-15T13:14:00.074864+00:00,MR_TARGET_1R_V1,BTC,BTCUSDT,strategy-lab-v1.0.0:MR_TARGET_1R_V1,1784095199999,2026-07-15T05:59:59.999000+00:00,64746.01,64964.96,64602.5,64944.06,55.725806913209944,64430.634,63215.99995326141,63448.6705,302.45499999999964,False,RSI_NOT_BELOW_35|CLOSE_NOT_NEAR_OR_BELOW_LOWER_BB
2026-07-15T13:14:00.074864+00:00,MR_TARGET_1R_V1,BTC,BTCUSDT,strategy-lab-v1.0.0:MR_TARGET_1R_V1,1784098799999,2026-07-15T06:59:59.999000+00:00,64944.06,65277.37,64814.0,64814.0,52.254234740977694,64531.333999999995,63565.73866182949,63451.5205,314.7771428571427,False,RSI_NOT_BELOW_35|CLOSE_NOT_NEAR_OR_BELOW_LOWER_BB
2026-07-15T13:14:00.074864+00:00,MR_TARGET_1R_V1,BTC,BTCUSDT,strategy-lab-v1.0.0:MR_TARGET_1R_V1,1784102399999,2026-07-15T07:59:59.999000+00:00,64814.01,64876.0,64485.0,64549.34,48.21493128636861,64616.5515,64038.070822870985,63454.0571,307.1171428571423,False,RSI_NOT_BELOW_35|CLOSE_NOT_NEAR_OR_BELOW_LOWER_BB
2026-07-15T13:14:00.074864+00:00,MR_TARGET_1R_V1,BTC,BTCUSDT,strategy-lab-v1.0.0:MR_TARGET_1R_V1,1784105999999,2026-07-15T08:59:59.999000+00:00,64549.33,64797.02,64549.33,64768.01,54.47869973086214,64656.952000000005,64160.477375044546,63456.877199999995,312.54857142857094,False,RSI_NOT_BELOW_35|CLOSE_NOT_NEAR_OR_BELOW_LOWER_BB
2026-07-15T13:14:00.074864+00:00,MR_TARGET_1R_V1,BTC,BTCUSDT,strategy-lab-v1.0.0:MR_TARGET_1R_V1,1784109599999,2026-07-15T09:59:59.999000+00:00,64768.0,64917.94,64653.18,64671.83,52.23988502624602,64698.54299999999,64372.76204167878,63461.036349999995,315.9871428571423,False,RSI_NOT_BELOW_35|CLOSE_NOT_NEAR_OR_BELOW_LOWER_BB
2026-07-15T13:14:00.074864+00:00,MR_TARGET_1R_V1,BTC,BTCUSDT,strategy-lab-v1.0.0:MR_TARGET_1R_V1,1784113199999,2026-07-15T10:59:59.999000+00:00,64671.84,64855.56,64614.0,64663.0,51.987625947060785,64716.441999999995,64444.16947721319,63467.7413,320.45499999999913,False,RSI_NOT_BELOW_35|CLOSE_NOT_NEAR_OR_BELOW_LOWER_BB
2026-07-15T13:14:00.074864+00:00,MR_TARGET_1R_V1,BTC,BTCUSDT,strategy-lab-v1.0.0:MR_TARGET_1R_V1,1784116799999,2026-07-15T11:59:59.999000+00:00,64663.0,64767.37,64616.11,64732.15,51.22618101760817,64715.85,64443.76822074844,63475.447,304.97928571428514,False,RSI_NOT_BELOW_35|CLOSE_NOT_NEAR_OR_BELOW_LOWER_BB
2026-07-15T13:14:00.074864+00:00,MR_TARGET_1R_V1,BTC,BTCUSDT,strategy-lab-v1.0.0:MR_TARGET_1R_V1,1784120399999,2026-07-15T12:59:59.999000+00:00,64732.15,65249.9,64606.0,65164.0,56.06028494995581,64737.55,64402.479000657026,63485.766950000005,309.25785714285666,False,RSI_NOT_BELOW_35|CLOSE_NOT_NEAR_OR_BELOW_LOWER_BB
2026-07-15T13:14:00.074864+00:00,MR_TARGET_1R_V1,ETH,ETHUSDT,strategy-lab-v1.0.0:MR_TARGET_1R_V1,1784048399999,2026-07-14T16:59:59.999000+00:00,1875.22,1877.07,1868.76,1873.79,87.47429887326258,1805.2145,1725.1183818730888,1781.63255,16.62285714285713,False,RSI_NOT_BELOW_35|CLOSE_NOT_NEAR_OR_BELOW_LOWER_BB
2026-07-15T13:14:00.074864+00:00,MR_TARGET_1R_V1,ETH,ETHUSDT,strategy-lab-v1.0.0:MR_TARGET_1R_V1,1784051999999,2026-07-14T17:59:59.999000+00:00,1873.8,1873.8,1860.56,1871.54,85.77126577126575,1810.7075,1728.2729211207445,1782.1969,16.91071428571427,False,RSI_NOT_BELOW_35|CLOSE_NOT_NEAR_OR_BELOW_LOWER_BB
2026-07-15T13:14:00.074864+00:00,MR_TARGET_1R_V1,ETH,ETHUSDT,strategy-lab-v1.0.0:MR_TARGET_1R_V1,1784055599999,2026-07-14T18:59:59.999000+00:00,1871.55,1876.83,1868.18,1874.79,85.88273299951541,1816.5220000000002,1733.236857843669,1782.7154,16.976428571428546,False,RSI_NOT_BELOW_35|CLOSE_NOT_NEAR_OR_BELOW_LOWER_BB
2026-07-15T13:14:00.074864+00:00,MR_TARGET_1R_V1,ETH,ETHUSDT,strategy-lab-v1.0.0:MR_TARGET_1R_V1,1784059199999,2026-07-14T19:59:59.999000+00:00,1874.79,1881.56,1874.43,1876.74,85.97785977859778,1821.523,1736.4067467694897,1783.3009,16.86214285714282,False,RSI_NOT_BELOW_35|CLOSE_NOT_NEAR_OR_BELOW_LOWER_BB
2026-07-15T13:14:00.074864+00:00,MR_TARGET_1R_V1,ETH,ETHUSDT,strategy-lab-v1.0.0:MR_TARGET_1R_V1,1784062799999,2026-07-14T20:59:59.999000+00:00,1876.74,1878.55,1873.63,1875.42,87.758945386064,1825.993,1739.4266226702282,1783.97375,16.822142857142808,False,RSI_NOT_BELOW_35|CLOSE_NOT_NEAR_OR_BELOW_LOWER_BB
2026-07-15T13:14:00.074864+00:00,MR_TARGET_1R_V1,ETH,ETHUSDT,strategy-lab-v1.0.0:MR_TARGET_1R_V1,1784066399999,2026-07-14T21:59:59.999000+00:00,1875.41,1879.74,1874.4,1876.46,89.29779684792473,1830.574,1743.5081331175043,1784.6316,16.69357142857138,False,RSI_NOT_BELOW_35|CLOSE_NOT_NEAR_OR_BELOW_LOWER_BB
2026-07-15T13:14:00.074864+00:00,MR_TARGET_1R_V1,ETH,ETHUSDT,strategy-lab-v1.0.0:MR_TARGET_1R_V1,1784069999999,2026-07-14T22:59:59.999000+00:00,1876.46,1896.14,1872.06,1882.04,89.37320770176154,1835.5430000000001,1748.6390249240546,1785.2828999999997,17.655714285714257,False,RSI_NOT_BELOW_35|CLOSE_NOT_NEAR_OR_BELOW_LOWER_BB
2026-07-15T13:14:00.074864+00:00,MR_TARGET_1R_V1,ETH,ETHUSDT,strategy-lab-v1.0.0:MR_TARGET_1R_V1,1784073599999,2026-07-14T23:59:59.999000+00:00,1882.04,1893.32,1878.69,1891.87,90.14587448715997,1840.9540000000002,1754.1717743083263,1785.7994,18.224999999999973,False,RSI_NOT_BELOW_35|CLOSE_NOT_NEAR_OR_BELOW_LOWER_BB
2026-07-15T13:14:00.074864+00:00,MR_TARGET_1R_V1,ETH,ETHUSDT,strategy-lab-v1.0.0:MR_TARGET_1R_V1,1784077199999,2026-07-15T00:59:59.999000+00:00,1891.87,1893.32,1878.13,1881.58,81.82528520081263,1845.7365000000002,1761.0947152184829,1786.24475,17.96071428571424,False,RSI_NOT_BELOW_35|CLOSE_NOT_NEAR_OR_BELOW_LOWER_BB
2026-07-15T13:14:00.074864+00:00,MR_TARGET_1R_V1,ETH,ETHUSDT,strategy-lab-v1.0.0:MR_TARGET_1R_V1,1784080799999,2026-07-15T01:59:59.999000+00:00,1881.58,1881.98,1867.23,1870.2,76.25427801645677,1849.8944999999999,1769.1126170125333,1786.65445,18.504999999999946,False,RSI_NOT_BELOW_35|CLOSE_NOT_NEAR_OR_BELOW_LOWER_BB
2026-07-15T13:14:00.074864+00:00,MR_TARGET_1R_V1,ETH,ETHUSDT,strategy-lab-v1.0.0:MR_TARGET_1R_V1,1784084399999,2026-07-15T02:59:59.999000+00:00,1870.19,1873.04,1864.38,1864.6,52.22555638909725,1853.9649999999997,1779.0464507615047,1787.01405,13.884999999999925,False,RSI_NOT_BELOW_35|CLOSE_NOT_NEAR_OR_BELOW_LOWER_BB
2026-07-15T13:14:00.074864+00:00,MR_TARGET_1R_V1,ETH,ETHUSDT,strategy-lab-v1.0.0:MR_TARGET_1R_V1,1784087999999,2026-07-15T03:59:59.999000+00:00,1864.6,1878.96,1864.46,1876.08,52.93755388594653,1858.7085,1791.166346562307,1787.43065,12.889285714285652,False,RSI_NOT_BELOW_35|CLOSE_NOT_NEAR_OR_BELOW_LOWER_BB
2026-07-15T13:14:00.074864+00:00,MR_TARGET_1R_V1,ETH,ETHUSDT,strategy-lab-v1.0.0:MR_TARGET_1R_V1,1784091599999,2026-07-15T04:59:59.999000+00:00,1876.08,1880.59,1873.31,1876.49,46.74564459930309,1863.2364999999998,1804.2125583237535,1787.8479,11.616428571428514,False,RSI_NOT_BELOW_35|CLOSE_NOT_NEAR_OR_BELOW_LOWER_BB
2026-07-15T13:14:00.074864+00:00,MR_TARGET_1R_V1,ETH,ETHUSDT,strategy-lab-v1.0.0:MR_TARGET_1R_V1,1784095199999,2026-07-15T05:59:59.999000+00:00,1876.5,1883.54,1871.64,1882.68,55.18055555555558,1868.0609999999997,1820.3210817344539,1788.1869,11.327142857142787,False,RSI_NOT_BELOW_35|CLOSE_NOT_NEAR_OR_BELOW_LOWER_BB
2026-07-15T13:14:00.074864+00:00,MR_TARGET_1R_V1,ETH,ETHUSDT,strategy-lab-v1.0.0:MR_TARGET_1R_V1,1784098799999,2026-07-15T06:59:59.999000+00:00,1882.69,1891.89,1875.52,1875.87,51.34401654174199,1871.8485,1835.6446414901525,1788.5347499999998,11.902857142857085,False,RSI_NOT_BELOW_35|CLOSE_NOT_NEAR_OR_BELOW_LOWER_BB
2026-07-15T13:14:00.074864+00:00,MR_TARGET_1R_V1,ETH,ETHUSDT,strategy-lab-v1.0.0:MR_TARGET_1R_V1,1784102399999,2026-07-15T07:59:59.999000+00:00,1875.87,1877.16,1864.7,1870.04,49.073616600790515,1875.446,1862.348587431057,1788.88715,11.847142857142801,False,RSI_NOT_BELOW_35|CLOSE_NOT_NEAR_OR_BELOW_LOWER_BB
2026-07-15T13:14:00.074864+00:00,MR_TARGET_1R_V1,ETH,ETHUSDT,strategy-lab-v1.0.0:MR_TARGET_1R_V1,1784105999999,2026-07-15T08:59:59.999000+00:00,1870.04,1879.64,1870.03,1879.22,52.54920013810569,1876.355,1864.9717166423252,1789.2645499999999,11.915714285714248,False,RSI_NOT_BELOW_35|CLOSE_NOT_NEAR_OR_BELOW_LOWER_BB
2026-07-15T13:14:00.074864+00:00,MR_TARGET_1R_V1,ETH,ETHUSDT,strategy-lab-v1.0.0:MR_TARGET_1R_V1,1784109599999,2026-07-15T09:59:59.999000+00:00,1879.22,1886.59,1879.18,1879.86,51.82285580743158,1876.7825,1865.5479677444441,1789.7006499999998,11.935714285714246,False,RSI_NOT_BELOW_35|CLOSE_NOT_NEAR_OR_BELOW_LOWER_BB
2026-07-15T13:14:00.074864+00:00,MR_TARGET_1R_V1,ETH,ETHUSDT,strategy-lab-v1.0.0:MR_TARGET_1R_V1,1784113199999,2026-07-15T10:59:59.999000+00:00,1879.86,1886.55,1874.98,1878.11,51.56377165445869,1876.6300000000003,1865.555631394923,1790.1983500000001,12.410714285714253,False,RSI_NOT_BELOW_35|CLOSE_NOT_NEAR_OR_BELOW_LOWER_BB
2026-07-15T13:14:00.074864+00:00,MR_TARGET_1R_V1,ETH,ETHUSDT,strategy-lab-v1.0.0:MR_TARGET_1R_V1,1784116799999,2026-07-15T11:59:59.999000+00:00,1878.12,1885.71,1877.48,1884.62,54.459991254919025,1877.1,1865.5186166628882,1790.76365,12.617142857142833,False,RSI_NOT_BELOW_35|CLOSE_NOT_NEAR_OR_BELOW_LOWER_BB
2026-07-15T13:14:00.074864+00:00,MR_TARGET_1R_V1,ETH,ETHUSDT,strategy-lab-v1.0.0:MR_TARGET_1R_V1,1784120399999,2026-07-15T12:59:59.999000+00:00,1884.62,1929.94,1879.25,1927.16,67.56462161320462,1879.7685000000001,1855.1787791597553,1791.5667999999998,14.51785714285711,False,RSI_NOT_BELOW_35|CLOSE_NOT_NEAR_OR_BELOW_LOWER_BB
2026-07-15T13:14:00.074864+00:00,MR_TARGET_1R_V1,SOL,SOLUSDT,strategy-lab-v1.0.0:MR_TARGET_1R_V1,1784048399999,2026-07-14T16:59:59.999000+00:00,77.39,77.65,77.12,77.28,80.55555555555577,75.6275,73.7695454795667,78.1148,0.643571428571431,False,RSI_NOT_BELOW_35|CLOSE_NOT_NEAR_OR_BELOW_LOWER_BB|CLOSE_NOT_ABOVE_MA200
2026-07-15T13:14:00.074864+00:00,MR_TARGET_1R_V1,SOL,SOLUSDT,strategy-lab-v1.0.0:MR_TARGET_1R_V1,1784051999999,2026-07-14T17:59:59.999000+00:00,77.29,77.3,76.81,77.18,77.96143250688732,75.7655,73.87704587029535,78.1003,0.6350000000000021,False,RSI_NOT_BELOW_35|CLOSE_NOT_NEAR_OR_BELOW_LOWER_BB|CLOSE_NOT_ABOVE_MA200
2026-07-15T13:14:00.074864+00:00,MR_TARGET_1R_V1,SOL,SOLUSDT,strategy-lab-v1.0.0:MR_TARGET_1R_V1,1784055599999,2026-07-14T18:59:59.999000+00:00,77.18,77.34,77.0,77.29,78.60962566844947,75.904,73.99504845530366,78.0834,0.6378571428571453,False,RSI_NOT_BELOW_35|CLOSE_NOT_NEAR_OR_BELOW_LOWER_BB|CLOSE_NOT_ABOVE_MA200
2026-07-15T13:14:00.074864+00:00,MR_TARGET_1R_V1,SOL,SOLUSDT,strategy-lab-v1.0.0:MR_TARGET_1R_V1,1784059199999,2026-07-14T19:59:59.999000+00:00,77.3,77.53,77.11,77.17,74.37325905292496,76.012,74.07340669556542,78.0673,0.6407142857142877,False,RSI_NOT_BELOW_35|CLOSE_NOT_NEAR_OR_BELOW_LOWER_BB|CLOSE_NOT_ABOVE_MA200
2026-07-15T13:14:00.074864+00:00,MR_TARGET_1R_V1,SOL,SOLUSDT,strategy-lab-v1.0.0:MR_TARGET_1R_V1,1784062799999,2026-07-14T20:59:59.999000+00:00,77.18,77.22,76.93,77.18,80.23952095808421,76.09849999999999,74.11408799640836,78.0559,0.6371428571428582,False,RSI_NOT_BELOW_35|CLOSE_NOT_NEAR_OR_BELOW_LOWER_BB|CLOSE_NOT_ABOVE_MA200
2026-07-15T13:14:00.074864+00:00,MR_TARGET_1R_V1,SOL,SOLUSDT,strategy-lab-v1.0.0:MR_TARGET_1R_V1,1784066399999,2026-07-14T21:59:59.999000+00:00,77.18,77.41,77.13,77.21,85.22012578616383,76.19399999999999,74.18876285691726,78.04115,0.6321428571428578,False,RSI_NOT_BELOW_35|CLOSE_NOT_NEAR_OR_BELOW_LOWER_BB|CLOSE_NOT_ABOVE_MA200
2026-07-15T13:14:00.074864+00:00,MR_TARGET_1R_V1,SOL,SOLUSDT,strategy-lab-v1.0.0:MR_TARGET_1R_V1,1784069999999,2026-07-14T22:59:59.999000+00:00,77.22,77.95,77.1,77.62,86.17647058823566,76.321,74.29246456772415,78.0278,0.654285714285715,False,RSI_NOT_BELOW_35|CLOSE_NOT_NEAR_OR_BELOW_LOWER_BB|CLOSE_NOT_ABOVE_MA200
2026-07-15T13:14:00.074864+00:00,MR_TARGET_1R_V1,SOL,SOLUSDT,strategy-lab-v1.0.0:MR_TARGET_1R_V1,1784073599999,2026-07-14T23:59:59.999000+00:00,77.63,77.92,77.55,77.87,89.07563025210116,76.457,74.3962710027763,78.00965000000001,0.6500000000000006,False,RSI_NOT_BELOW_35|CLOSE_NOT_NEAR_OR_BELOW_LOWER_BB|CLOSE_NOT_ABOVE_MA200
2026-07-15T13:14:00.074864+00:00,MR_TARGET_1R_V1,SOL,SOLUSDT,strategy-lab-v1.0.0:MR_TARGET_1R_V1,1784077199999,2026-07-15T00:59:59.999000+00:00,77.87,77.92,77.47,77.66,82.30088495575231,76.58250000000001,74.5499166683753,77.98745,0.6364285714285722,False,RSI_NOT_BELOW_35|CLOSE_NOT_NEAR_OR_BELOW_LOWER_BB|CLOSE_NOT_ABOVE_MA200
2026-07-15T13:14:00.074864+00:00,MR_TARGET_1R_V1,SOL,SOLUSDT,strategy-lab-v1.0.0:MR_TARGET_1R_V1,1784080799999,2026-07-15T01:59:59.999000+00:00,77.67,77.82,77.28,77.44,78.81355932203385,76.68350000000001,74.69167395337882,77.96640000000001,0.6550000000000001,False,RSI_NOT_BELOW_35|CLOSE_NOT_NEAR_OR_BELOW_LOWER_BB|CLOSE_NOT_ABOVE_MA200
2026-07-15T13:14:00.074864+00:00,MR_TARGET_1R_V1,SOL,SOLUSDT,strategy-lab-v1.0.0:MR_TARGET_1R_V1,1784084399999,2026-07-15T02:59:59.999000+00:00,77.43,77.59,77.03,77.29,59.64125560538135,76.78999999999999,74.91080868456704,77.9429,0.567142857142857,False,RSI_NOT_BELOW_35|CLOSE_NOT_NEAR_OR_BELOW_LOWER_BB|CLOSE_NOT_ABOVE_MA200
2026-07-15T13:14:00.074864+00:00,MR_TARGET_1R_V1,SOL,SOLUSDT,strategy-lab-v1.0.0:MR_TARGET_1R_V1,1784087999999,2026-07-15T03:59:59.999000+00:00,77.3,77.9,77.23,77.78,65.90909090909105,76.93050000000001,75.20251302088279,77.92145000000001,0.5271428571428568,False,RSI_NOT_BELOW_35|CLOSE_NOT_NEAR_OR_BELOW_LOWER_BB|CLOSE_NOT_ABOVE_MA200
2026-07-15T13:14:00.074864+00:00,MR_TARGET_1R_V1,SOL,SOLUSDT,strategy-lab-v1.0.0:MR_TARGET_1R_V1,1784091599999,2026-07-15T04:59:59.999000+00:00,77.78,78.18,77.54,78.02,63.562753036437364,77.0735,75.48774749724345,77.90105,0.5142857142857145,False,RSI_NOT_BELOW_35|CLOSE_NOT_NEAR_OR_BELOW_LOWER_BB
2026-07-15T13:14:00.074864+00:00,MR_TARGET_1R_V1,SOL,SOLUSDT,strategy-lab-v1.0.0:MR_TARGET_1R_V1,1784095199999,2026-07-15T05:59:59.999000+00:00,78.02,78.33,77.65,78.26,66.41791044776141,77.2325,75.85400988396773,77.87825000000001,0.5078571428571428,False,RSI_NOT_BELOW_35|CLOSE_NOT_NEAR_OR_BELOW_LOWER_BB
2026-07-15T13:14:00.074864+00:00,MR_TARGET_1R_V1,SOL,SOLUSDT,strategy-lab-v1.0.0:MR_TARGET_1R_V1,1784098799999,2026-07-15T06:59:59.999000+00:00,78.26,78.7,77.94,77.94,61.37931034482751,77.35600000000001,76.20793379981873,77.85634999999999,0.5242857142857146,False,RSI_NOT_BELOW_35|CLOSE_NOT_NEAR_OR_BELOW_LOWER_BB
2026-07-15T13:14:00.074864+00:00,MR_TARGET_1R_V1,SOL,SOLUSDT,strategy-lab-v1.0.0:MR_TARGET_1R_V1,1784102399999,2026-07-15T07:59:59.999000+00:00,77.95,78.01,77.4,77.42,53.61445783132522,77.457,76.74084079982262,77.83375,0.5328571428571435,False,RSI_NOT_BELOW_35|CLOSE_NOT_NEAR_OR_BELOW_LOWER_BB|CLOSE_NOT_ABOVE_MA200
2026-07-15T13:14:00.074864+00:00,MR_TARGET_1R_V1,SOL,SOLUSDT,strategy-lab-v1.0.0:MR_TARGET_1R_V1,1784105999999,2026-07-15T08:59:59.999000+00:00,77.42,77.62,77.23,77.58,54.302670623145275,77.49300000000001,76.83009427518034,77.80985,0.5364285714285718,False,RSI_NOT_BELOW_35|CLOSE_NOT_NEAR_OR_BELOW_LOWER_BB|CLOSE_NOT_ABOVE_MA200
2026-07-15T13:14:00.074864+00:00,MR_TARGET_1R_V1,SOL,SOLUSDT,strategy-lab-v1.0.0:MR_TARGET_1R_V1,1784109599999,2026-07-15T09:59:59.999000+00:00,77.57,77.91,77.43,77.49,54.79041916167654,77.5205,76.90791612819248,77.7878,0.5407142857142853,False,RSI_NOT_BELOW_35|CLOSE_NOT_NEAR_OR_BELOW_LOWER_BB|CLOSE_NOT_ABOVE_MA200
2026-07-15T13:14:00.074864+00:00,MR_TARGET_1R_V1,SOL,SOLUSDT,strategy-lab-v1.0.0:MR_TARGET_1R_V1,1784113199999,2026-07-15T10:59:59.999000+00:00,77.49,77.71,77.23,77.37,52.753623188405776,77.5215,76.90996831643922,77.7679,0.5542857142857136,False,RSI_NOT_BELOW_35|CLOSE_NOT_NEAR_OR_BELOW_LOWER_BB|CLOSE_NOT_ABOVE_MA200
2026-07-15T13:14:00.074864+00:00,MR_TARGET_1R_V1,SOL,SOLUSDT,strategy-lab-v1.0.0:MR_TARGET_1R_V1,1784116799999,2026-07-15T11:59:59.999000+00:00,77.37,77.53,77.34,77.52,54.34173669467791,77.5285,76.92041201294656,77.75025000000001,0.5478571428571419,False,RSI_NOT_BELOW_35|CLOSE_NOT_NEAR_OR_BELOW_LOWER_BB|CLOSE_NOT_ABOVE_MA200
2026-07-15T13:14:00.074864+00:00,MR_TARGET_1R_V1,SOL,SOLUSDT,strategy-lab-v1.0.0:MR_TARGET_1R_V1,1784120399999,2026-07-15T12:59:59.999000+00:00,77.53,78.31,77.26,78.28,58.41836734693876,77.57849999999999,76.89999355198442,77.73705,0.5621428571428554,False,RSI_NOT_BELOW_35|CLOSE_NOT_NEAR_OR_BELOW_LOWER_BB
2026-07-15T13:14:00.074864+00:00,MR_TARGET_1R_V1,XRP,XRPUSDT,strategy-lab-v1.0.0:MR_TARGET_1R_V1,1784048399999,2026-07-14T16:59:59.999000+00:00,1.1047,1.1086,1.1028,1.1048,93.12638580931285,1.0756299999999999,1.0459513814337675,1.1003405000000002,0.0074785714285714455,False,RSI_NOT_BELOW_35|CLOSE_NOT_NEAR_OR_BELOW_LOWER_BB
2026-07-15T13:14:00.074864+00:00,MR_TARGET_1R_V1,XRP,XRPUSDT,strategy-lab-v1.0.0:MR_TARGET_1R_V1,1784051999999,2026-07-14T17:59:59.999000+00:00,1.1047,1.1052,1.0981,1.1044,92.2566371681419,1.07787,1.0466466049251542,1.100182,0.007535714285714297,False,RSI_NOT_BELOW_35|CLOSE_NOT_NEAR_OR_BELOW_LOWER_BB
2026-07-15T13:14:00.074864+00:00,MR_TARGET_1R_V1,XRP,XRPUSDT,strategy-lab-v1.0.0:MR_TARGET_1R_V1,1784055599999,2026-07-14T18:59:59.999000+00:00,1.1044,1.1133,1.1033,1.1122,93.13725490196107,1.0805449999999999,1.0472510080495008,1.1000295,0.007907142857142875,False,RSI_NOT_BELOW_35|CLOSE_NOT_NEAR_OR_BELOW_LOWER_BB
2026-07-15T13:14:00.074864+00:00,MR_TARGET_1R_V1,XRP,XRPUSDT,strategy-lab-v1.0.0:MR_TARGET_1R_V1,1784059199999,2026-07-14T19:59:59.999000+00:00,1.1123,1.121,1.1109,1.1153,93.11023622047273,1.082935,1.0469740614694236,1.0999299999999999,0.008221428571428586,False,RSI_NOT_BELOW_35|CLOSE_NOT_NEAR_OR_BELOW_LOWER_BB
2026-07-15T13:14:00.074864+00:00,MR_TARGET_1R_V1,XRP,XRPUSDT,strategy-lab-v1.0.0:MR_TARGET_1R_V1,1784062799999,2026-07-14T20:59:59.999000+00:00,1.1152,1.1158,1.1096,1.1104,87.43068391866925,1.08499,1.0477075698216989,1.0999055,0.008492857142857144,False,RSI_NOT_BELOW_35|CLOSE_NOT_NEAR_OR_BELOW_LOWER_BB
2026-07-15T13:14:00.074864+00:00,MR_TARGET_1R_V1,XRP,XRPUSDT,strategy-lab-v1.0.0:MR_TARGET_1R_V1,1784066399999,2026-07-14T21:59:59.999000+00:00,1.1104,1.1112,1.1069,1.108,85.22522522522556,1.08713,1.0497237919590894,1.0998655,0.00850714285714284,False,RSI_NOT_BELOW_35|CLOSE_NOT_NEAR_OR_BELOW_LOWER_BB
2026-07-15T13:14:00.074864+00:00,MR_TARGET_1R_V1,XRP,XRPUSDT,strategy-lab-v1.0.0:MR_TARGET_1R_V1,1784069999999,2026-07-14T22:59:59.999000+00:00,1.1081,1.1139,1.105,1.1102,85.7885615251303,1.0893450000000002,1.051983229431679,1.0997985,0.008849999999999978,False,RSI_NOT_BELOW_35|CLOSE_NOT_NEAR_OR_BELOW_LOWER_BB
2026-07-15T13:14:00.074864+00:00,MR_TARGET_1R_V1,XRP,XRPUSDT,strategy-lab-v1.0.0:MR_TARGET_1R_V1,1784073599999,2026-07-14T23:59:59.999000+00:00,1.1103,1.1127,1.109,1.1117,86.8824531516186,1.09162,1.054633375390557,1.099634,0.008899999999999988,False,RSI_NOT_BELOW_35|CLOSE_NOT_NEAR_OR_BELOW_LOWER_BB
2026-07-15T13:14:00.074864+00:00,MR_TARGET_1R_V1,XRP,XRPUSDT,strategy-lab-v1.0.0:MR_TARGET_1R_V1,1784077199999,2026-07-15T00:59:59.999000+00:00,1.1118,1.1123,1.1066,1.1082,81.20805369127557,1.09362,1.0576020822367553,1.0994080000000002,0.008978571428571423,False,RSI_NOT_BELOW_35|CLOSE_NOT_NEAR_OR_BELOW_LOWER_BB
2026-07-15T13:14:00.074864+00:00,MR_TARGET_1R_V1,XRP,XRPUSDT,strategy-lab-v1.0.0:MR_TARGET_1R_V1,1784080799999,2026-07-15T01:59:59.999000+00:00,1.1083,1.1085,1.1022,1.1033,74.44444444444458,1.0952100000000002,1.060452848217959,1.099191,0.009164285714285705,False,RSI_NOT_BELOW_35|CLOSE_NOT_NEAR_OR_BELOW_LOWER_BB
2026-07-15T13:14:00.074864+00:00,MR_TARGET_1R_V1,XRP,XRPUSDT,strategy-lab-v1.0.0:MR_TARGET_1R_V1,1784084399999,2026-07-15T02:59:59.999000+00:00,1.1033,1.1042,1.099,1.0996,60.320641282565184,1.096695,1.0639082054021767,1.098948,0.008050000000000002,False,RSI_NOT_BELOW_35|CLOSE_NOT_NEAR_OR_BELOW_LOWER_BB
2026-07-15T13:14:00.074864+00:00,MR_TARGET_1R_V1,XRP,XRPUSDT,strategy-lab-v1.0.0:MR_TARGET_1R_V1,1784087999999,2026-07-15T03:59:59.999000+00:00,1.0995,1.1052,1.0994,1.1042,55.70469798657732,1.09846,1.068140606866234,1.098724,0.007064285714285713,False,RSI_NOT_BELOW_35|CLOSE_NOT_NEAR_OR_BELOW_LOWER_BB
2026-07-15T13:14:00.074864+00:00,MR_TARGET_1R_V1,XRP,XRPUSDT,strategy-lab-v1.0.0:MR_TARGET_1R_V1,1784091599999,2026-07-15T04:59:59.999000+00:00,1.1042,1.1065,1.1013,1.1033,50.359712230215784,1.10018,1.0730256559644713,1.09852,0.006721428571428577,False,RSI_NOT_BELOW_35|CLOSE_NOT_NEAR_OR_BELOW_LOWER_BB
2026-07-15T13:14:00.074864+00:00,MR_TARGET_1R_V1,XRP,XRPUSDT,strategy-lab-v1.0.0:MR_TARGET_1R_V1,1784095199999,2026-07-15T05:59:59.999000+00:00,1.1034,1.1071,1.0997,1.1066,52.19399538106237,1.10209,1.0790896608720688,1.0982845,0.006550000000000008,False,RSI_NOT_BELOW_35|CLOSE_NOT_NEAR_OR_BELOW_LOWER_BB
2026-07-15T13:14:00.074864+00:00,MR_TARGET_1R_V1,XRP,XRPUSDT,strategy-lab-v1.0.0:MR_TARGET_1R_V1,1784098799999,2026-07-15T06:59:59.999000+00:00,1.1067,1.1139,1.1058,1.1074,52.95454545454539,1.10391,1.0857968114347627,1.098083,0.00671428571428572,False,RSI_NOT_BELOW_35|CLOSE_NOT_NEAR_OR_BELOW_LOWER_BB
2026-07-15T13:14:00.074864+00:00,MR_TARGET_1R_V1,XRP,XRPUSDT,strategy-lab-v1.0.0:MR_TARGET_1R_V1,1784102399999,2026-07-15T07:59:59.999000+00:00,1.1074,1.1081,1.1018,1.1038,49.36440677966085,1.1054749999999998,1.0944761136927486,1.097877,0.006657142857142885,False,RSI_NOT_BELOW_35|CLOSE_NOT_NEAR_OR_BELOW_LOWER_BB
2026-07-15T13:14:00.074864+00:00,MR_TARGET_1R_V1,XRP,XRPUSDT,strategy-lab-v1.0.0:MR_TARGET_1R_V1,1784105999999,2026-07-15T08:59:59.999000+00:00,1.1039,1.109,1.1032,1.1079,45.05747126436786,1.106405,1.098258473132688,1.0976730000000001,0.006357142857142887,False,RSI_NOT_BELOW_35|CLOSE_NOT_NEAR_OR_BELOW_LOWER_BB
2026-07-15T13:14:00.074864+00:00,MR_TARGET_1R_V1,XRP,XRPUSDT,strategy-lab-v1.0.0:MR_TARGET_1R_V1,1784109599999,2026-07-15T09:59:59.999000+00:00,1.108,1.1125,1.1077,1.1088,42.13075060532696,1.1068900000000002,1.0994133964930701,1.097511,0.005978571428571468,False,RSI_NOT_BELOW_35|CLOSE_NOT_NEAR_OR_BELOW_LOWER_BB
2026-07-15T13:14:00.074864+00:00,MR_TARGET_1R_V1,XRP,XRPUSDT,strategy-lab-v1.0.0:MR_TARGET_1R_V1,1784113199999,2026-07-15T10:59:59.999000+00:00,1.1087,1.11,1.1061,1.1084,47.282608695652186,1.10716,1.0998773081899726,1.097399,0.005814285714285756,False,RSI_NOT_BELOW_35|CLOSE_NOT_NEAR_OR_BELOW_LOWER_BB
2026-07-15T13:14:00.074864+00:00,MR_TARGET_1R_V1,XRP,XRPUSDT,strategy-lab-v1.0.0:MR_TARGET_1R_V1,1784116799999,2026-07-15T11:59:59.999000+00:00,1.1083,1.1094,1.1069,1.1083,50.4347826086956,1.1073400000000002,1.1001318379596574,1.0972935,0.005685714285714326,False,RSI_NOT_BELOW_35|CLOSE_NOT_NEAR_OR_BELOW_LOWER_BB
2026-07-15T13:14:00.074864+00:00,MR_TARGET_1R_V1,XRP,XRPUSDT,strategy-lab-v1.0.0:MR_TARGET_1R_V1,1784120399999,2026-07-15T12:59:59.999000+00:00,1.1084,1.1217,1.1055,1.1211,62.08425720620829,1.108155,1.0988879670336271,1.0972724999999999,0.006207142857142903,False,RSI_NOT_BELOW_35|CLOSE_NOT_NEAR_OR_BELOW_LOWER_BB
2026-07-15T13:14:00.074864+00:00,MR_TARGET_1R_V1,DOGE,DOGEUSDT,strategy-lab-v1.0.0:MR_TARGET_1R_V1,1784048399999,2026-07-14T16:59:59.999000+00:00,0.07491,0.07538,0.07452,0.07458,84.81012658227839,0.072596,0.0705391149764746,0.07360835,0.0005535714285714281,False,RSI_NOT_BELOW_35|CLOSE_NOT_NEAR_OR_BELOW_LOWER_BB
2026-07-15T13:14:00.074864+00:00,MR_TARGET_1R_V1,DOGE,DOGEUSDT,strategy-lab-v1.0.0:MR_TARGET_1R_V1,1784051999999,2026-07-14T17:59:59.999000+00:00,0.07457,0.07464,0.07407,0.07456,83.46666666666674,0.0727485,0.07058671115739698,0.0735975,0.0005492857142857145,False,RSI_NOT_BELOW_35|CLOSE_NOT_NEAR_OR_BELOW_LOWER_BB
2026-07-15T13:14:00.074864+00:00,MR_TARGET_1R_V1,DOGE,DOGEUSDT,strategy-lab-v1.0.0:MR_TARGET_1R_V1,1784055599999,2026-07-14T18:59:59.999000+00:00,0.07456,0.07463,0.07419,0.07446,81.20104438642302,0.072904,0.07071967035454749,0.0735841,0.0005635714285714281,False,RSI_NOT_BELOW_35|CLOSE_NOT_NEAR_OR_BELOW_LOWER_BB
2026-07-15T13:14:00.074864+00:00,MR_TARGET_1R_V1,DOGE,DOGEUSDT,strategy-lab-v1.0.0:MR_TARGET_1R_V1,1784059199999,2026-07-14T19:59:59.999000+00:00,0.07445,0.07457,0.07414,0.07424,75.00000000000009,0.0730175,0.07080339182739358,0.07357164999999999,0.0005685714285714282,False,RSI_NOT_BELOW_35|CLOSE_NOT_NEAR_OR_BELOW_LOWER_BB
2026-07-15T13:14:00.074864+00:00,MR_TARGET_1R_V1,DOGE,DOGEUSDT,strategy-lab-v1.0.0:MR_TARGET_1R_V1,1784062799999,2026-07-14T20:59:59.999000+00:00,0.07424,0.07428,0.07402,0.0741,73.2467532467532,0.0731055,0.07086633520034759,0.07356745,0.0005749999999999991,False,RSI_NOT_BELOW_35|CLOSE_NOT_NEAR_OR_BELOW_LOWER_BB
2026-07-15T13:14:00.074864+00:00,MR_TARGET_1R_V1,DOGE,DOGEUSDT,strategy-lab-v1.0.0:MR_TARGET_1R_V1,1784066399999,2026-07-14T21:59:59.999000+00:00,0.0741,0.07469,0.07407,0.07433,77.02020202020185,0.073226,0.07099562424690317,0.07356275,0.0006007142857142858,False,RSI_NOT_BELOW_35|CLOSE_NOT_NEAR_OR_BELOW_LOWER_BB
2026-07-15T13:14:00.074864+00:00,MR_TARGET_1R_V1,DOGE,DOGEUSDT,strategy-lab-v1.0.0:MR_TARGET_1R_V1,1784069999999,2026-07-14T22:59:59.999000+00:00,0.07433,0.07461,0.07401,0.07437,78.826530612245,0.073353,0.07116621148713413,0.07355665,0.000625714285714285,False,RSI_NOT_BELOW_35|CLOSE_NOT_NEAR_OR_BELOW_LOWER_BB
2026-07-15T13:14:00.074864+00:00,MR_TARGET_1R_V1,DOGE,DOGEUSDT,strategy-lab-v1.0.0:MR_TARGET_1R_V1,1784073599999,2026-07-14T23:59:59.999000+00:00,0.07438,0.07466,0.07423,0.07445,79.64824120603008,0.073473,0.07132228755989975,0.07354764999999999,0.0006407142857142851,False,RSI_NOT_BELOW_35|CLOSE_NOT_NEAR_OR_BELOW_LOWER_BB
2026-07-15T13:14:00.074864+00:00,MR_TARGET_1R_V1,DOGE,DOGEUSDT,strategy-lab-v1.0.0:MR_TARGET_1R_V1,1784077199999,2026-07-15T00:59:59.999000+00:00,0.07444,0.07452,0.07394,0.07411,72.22222222222206,0.073575,0.0715082586035012,0.0735342,0.0006542857142857134,False,RSI_NOT_BELOW_35|CLOSE_NOT_NEAR_OR_BELOW_LOWER_BB
2026-07-15T13:14:00.074864+00:00,MR_TARGET_1R_V1,DOGE,DOGEUSDT,strategy-lab-v1.0.0:MR_TARGET_1R_V1,1784080799999,2026-07-15T01:59:59.999000+00:00,0.07412,0.07419,0.07387,0.07402,70.68557919621745,0.073658,0.07166094616997895,0.07352115,0.0006664285714285707,False,RSI_NOT_BELOW_35|CLOSE_NOT_NEAR_OR_BELOW_LOWER_BB
2026-07-15T13:14:00.074864+00:00,MR_TARGET_1R_V1,DOGE,DOGEUSDT,strategy-lab-v1.0.0:MR_TARGET_1R_V1,1784084399999,2026-07-15T02:59:59.999000+00:00,0.07402,0.07411,0.07367,0.07374,55.68513119533527,0.0737295,0.07183063217942859,0.07350575,0.0006014285714285702,False,RSI_NOT_BELOW_35|CLOSE_NOT_NEAR_OR_BELOW_LOWER_BB
2026-07-15T13:14:00.074864+00:00,MR_TARGET_1R_V1,DOGE,DOGEUSDT,strategy-lab-v1.0.0:MR_TARGET_1R_V1,1784087999999,2026-07-15T03:59:59.999000+00:00,0.07375,0.0742,0.07371,0.07404,52.20125786163523,0.073822,0.0720565697408276,0.07349125,0.0005642857142857136,False,RSI_NOT_BELOW_35|CLOSE_NOT_NEAR_OR_BELOW_LOWER_BB
2026-07-15T13:14:00.074864+00:00,MR_TARGET_1R_V1,DOGE,DOGEUSDT,strategy-lab-v1.0.0:MR_TARGET_1R_V1,1784091599999,2026-07-15T04:59:59.999000+00:00,0.07404,0.07423,0.07381,0.0741,41.53846153846168,0.0739215,0.07233833513176884,0.07347745,0.0005214285714285705,False,RSI_NOT_BELOW_35|CLOSE_NOT_NEAR_OR_BELOW_LOWER_BB
2026-07-15T13:14:00.074864+00:00,MR_TARGET_1R_V1,DOGE,DOGEUSDT,strategy-lab-v1.0.0:MR_TARGET_1R_V1,1784095199999,2026-07-15T05:59:59.999000+00:00,0.0741,0.07452,0.07385,0.07442,40.392156862745054,0.074038,0.07268487620669754,0.07346174999999999,0.0005092857142857141,False,RSI_NOT_BELOW_35|CLOSE_NOT_NEAR_OR_BELOW_LOWER_BB
2026-07-15T13:14:00.074864+00:00,MR_TARGET_1R_V1,DOGE,DOGEUSDT,strategy-lab-v1.0.0:MR_TARGET_1R_V1,1784098799999,2026-07-15T06:59:59.999000+00:00,0.07443,0.07492,0.07435,0.07442,46.39639639639654,0.0741455,0.07305520692013517,0.07344855,0.0004885714285714285,False,RSI_NOT_BELOW_35|CLOSE_NOT_NEAR_OR_BELOW_LOWER_BB
2026-07-15T13:14:00.074864+00:00,MR_TARGET_1R_V1,DOGE,DOGEUSDT,strategy-lab-v1.0.0:MR_TARGET_1R_V1,1784102399999,2026-07-15T07:59:59.999000+00:00,0.07442,0.07442,0.07387,0.07401,39.463601532567154,0.07423249999999999,0.07355527404066219,0.0734353,0.0004871428571428566,False,RSI_NOT_BELOW_35|CLOSE_NOT_NEAR_OR_BELOW_LOWER_BB
2026-07-15T13:14:00.074864+00:00,MR_TARGET_1R_V1,DOGE,DOGEUSDT,strategy-lab-v1.0.0:MR_TARGET_1R_V1,1784105999999,2026-07-15T08:59:59.999000+00:00,0.07401,0.0743,0.07392,0.07421,45.38745387453872,0.07427550000000001,0.0737318282240166,0.0734224,0.000482857142857143,False,RSI_NOT_BELOW_35|CLOSE_NOT_NEAR_OR_BELOW_LOWER_BB
2026-07-15T13:14:00.074864+00:00,MR_TARGET_1R_V1,DOGE,DOGEUSDT,strategy-lab-v1.0.0:MR_TARGET_1R_V1,1784109599999,2026-07-15T09:59:59.999000+00:00,0.07421,0.07452,0.07338,0.0737,40.99999999999998,0.0742655,0.07368824875487273,0.0734106,0.0005335714285714289,False,RSI_NOT_BELOW_35|CLOSE_NOT_NEAR_OR_BELOW_LOWER_BB
2026-07-15T13:14:00.074864+00:00,MR_TARGET_1R_V1,DOGE,DOGEUSDT,strategy-lab-v1.0.0:MR_TARGET_1R_V1,1784113199999,2026-07-15T10:59:59.999000+00:00,0.07369,0.07388,0.07362,0.07379,44.745762711864295,0.07422799999999999,0.07362988295459748,0.07340295,0.0005335714285714289,False,RSI_NOT_BELOW_35|CLOSE_NOT_NEAR_OR_BELOW_LOWER_BB
2026-07-15T13:14:00.074864+00:00,MR_TARGET_1R_V1,DOGE,DOGEUSDT,strategy-lab-v1.0.0:MR_TARGET_1R_V1,1784116799999,2026-07-15T11:59:59.999000+00:00,0.07378,0.07387,0.07356,0.07386,41.57706093189964,0.07417549999999999,0.07364561416323787,0.0733965,0.0005114285714285714,False,RSI_NOT_BELOW_35|CLOSE_NOT_NEAR_OR_BELOW_LOWER_BB
2026-07-15T13:14:00.074864+00:00,MR_TARGET_1R_V1,DOGE,DOGEUSDT,strategy-lab-v1.0.0:MR_TARGET_1R_V1,1784120399999,2026-07-15T12:59:59.999000+00:00,0.07385,0.07477,0.07366,0.07469,54.46927374301679,0.07418100000000001,0.07363247835047186,0.0733964,0.0005478571428571436,False,RSI_NOT_BELOW_35|CLOSE_NOT_NEAR_OR_BELOW_LOWER_BB
2026-07-15T13:14:00.074864+00:00,MR_TARGET_1R_V1,NEAR,NEARUSDT,strategy-lab-v1.0.0:MR_TARGET_1R_V1,1784048399999,2026-07-14T16:59:59.999000+00:00,2.046,2.047,2.026,2.038,76.31578947368425,1.9802499999999998,1.8899507751971305,1.9364400000000002,0.02771428571428569,False,RSI_NOT_BELOW_35|CLOSE_NOT_NEAR_OR_BELOW_LOWER_BB
2026-07-15T13:14:00.074864+00:00,MR_TARGET_1R_V1,NEAR,NEARUSDT,strategy-lab-v1.0.0:MR_TARGET_1R_V1,1784051999999,2026-07-14T17:59:59.999000+00:00,2.037,2.047,2.019,2.04,76.15894039735106,1.9881999999999997,1.9066828852326132,1.9367500000000002,0.02778571428571427,False,RSI_NOT_BELOW_35|CLOSE_NOT_NEAR_OR_BELOW_LOWER_BB
2026-07-15T13:14:00.074864+00:00,MR_TARGET_1R_V1,NEAR,NEARUSDT,strategy-lab-v1.0.0:MR_TARGET_1R_V1,1784055599999,2026-07-14T18:59:59.999000+00:00,2.041,2.046,2.022,2.029,69.281045751634,1.9950500000000002,1.9247692060375003,1.9367949999999998,0.027928571428571414,False,RSI_NOT_BELOW_35|CLOSE_NOT_NEAR_OR_BELOW_LOWER_BB
2026-07-15T13:14:00.074864+00:00,MR_TARGET_1R_V1,NEAR,NEARUSDT,strategy-lab-v1.0.0:MR_TARGET_1R_V1,1784059199999,2026-07-14T19:59:59.999000+00:00,2.028,2.031,2.018,2.023,60.740740740740826,2.0000999999999998,1.9374393265277217,1.9369299999999998,0.026071428571428586,False,RSI_NOT_BELOW_35|CLOSE_NOT_NEAR_OR_BELOW_LOWER_BB
2026-07-15T13:14:00.074864+00:00,MR_TARGET_1R_V1,NEAR,NEARUSDT,strategy-lab-v1.0.0:MR_TARGET_1R_V1,1784062799999,2026-07-14T20:59:59.999000+00:00,2.023,2.03,2.016,2.02,57.251908396946625,2.0038,1.9457875875350843,1.937165,0.0255,False,RSI_NOT_BELOW_35|CLOSE_NOT_NEAR_OR_BELOW_LOWER_BB
2026-07-15T13:14:00.074864+00:00,MR_TARGET_1R_V1,NEAR,NEARUSDT,strategy-lab-v1.0.0:MR_TARGET_1R_V1,1784066399999,2026-07-14T21:59:59.999000+00:00,2.02,2.026,2.015,2.016,59.05511811023618,2.0064,1.9511608834248815,1.93725,0.024357142857142855,False,RSI_NOT_BELOW_35|CLOSE_NOT_NEAR_OR_BELOW_LOWER_BB
2026-07-15T13:14:00.074864+00:00,MR_TARGET_1R_V1,NEAR,NEARUSDT,strategy-lab-v1.0.0:MR_TARGET_1R_V1,1784069999999,2026-07-14T22:59:59.999000+00:00,2.016,2.027,2.01,2.012,59.05511811023618,2.0090999999999997,1.958503952723561,1.9372749999999999,0.02378571428571433,False,RSI_NOT_BELOW_35|CLOSE_NOT_NEAR_OR_BELOW_LOWER_BB
2026-07-15T13:14:00.074864+00:00,MR_TARGET_1R_V1,NEAR,NEARUSDT,strategy-lab-v1.0.0:MR_TARGET_1R_V1,1784073599999,2026-07-14T23:59:59.999000+00:00,2.012,2.015,2.002,2.013,60.79999999999998,2.0117,1.9661671547122337,1.9369550000000002,0.023500000000000076,False,RSI_NOT_BELOW_35|CLOSE_NOT_NEAR_OR_BELOW_LOWER_BB
2026-07-15T13:14:00.074864+00:00,MR_TARGET_1R_V1,NEAR,NEARUSDT,strategy-lab-v1.0.0:MR_TARGET_1R_V1,1784077199999,2026-07-15T00:59:59.999000+00:00,2.013,2.016,2.002,2.007,63.8655462184875,2.01355,1.9721230763874544,1.936665,0.022642857142857235,False,RSI_NOT_BELOW_35|CLOSE_NOT_NEAR_OR_BELOW_LOWER_BB
2026-07-15T13:14:00.074864+00:00,MR_TARGET_1R_V1,NEAR,NEARUSDT,strategy-lab-v1.0.0:MR_TARGET_1R_V1,1784080799999,2026-07-15T01:59:59.999000+00:00,2.008,2.023,2.001,2.014,61.26126126126121,2.01455,1.9741050992089273,1.93638,0.022357142857142964,False,RSI_NOT_BELOW_35|CLOSE_NOT_NEAR_OR_BELOW_LOWER_BB
2026-07-15T13:14:00.074864+00:00,MR_TARGET_1R_V1,NEAR,NEARUSDT,strategy-lab-v1.0.0:MR_TARGET_1R_V1,1784084399999,2026-07-15T02:59:59.999000+00:00,2.014,2.028,2.009,2.021,44.155844155844186,2.01555,1.9755076474217645,1.93613,0.019000000000000128,False,RSI_NOT_BELOW_35|CLOSE_NOT_NEAR_OR_BELOW_LOWER_BB
2026-07-15T13:14:00.074864+00:00,MR_TARGET_1R_V1,NEAR,NEARUSDT,strategy-lab-v1.0.0:MR_TARGET_1R_V1,1784087999999,2026-07-15T03:59:59.999000+00:00,2.021,2.025,2.008,2.022,45.454545454545354,2.017,1.9782495161320561,1.935895,0.01907142857142869,False,RSI_NOT_BELOW_35|CLOSE_NOT_NEAR_OR_BELOW_LOWER_BB
2026-07-15T13:14:00.074864+00:00,MR_TARGET_1R_V1,NEAR,NEARUSDT,strategy-lab-v1.0.0:MR_TARGET_1R_V1,1784091599999,2026-07-15T04:59:59.999000+00:00,2.021,2.026,2.009,2.023,35.384615384615614,2.0187,1.982087980115817,1.935675,0.018428571428571523,False,RSI_NOT_BELOW_35|CLOSE_NOT_NEAR_OR_BELOW_LOWER_BB
2026-07-15T13:14:00.074864+00:00,MR_TARGET_1R_V1,NEAR,NEARUSDT,strategy-lab-v1.0.0:MR_TARGET_1R_V1,1784095199999,2026-07-15T05:59:59.999000+00:00,2.024,2.03,2.01,2.029,37.31343283582092,2.02085,1.9872447920702778,1.935405,0.017857142857142953,False,RSI_NOT_BELOW_35|CLOSE_NOT_NEAR_OR_BELOW_LOWER_BB
2026-07-15T13:14:00.074864+00:00,MR_TARGET_1R_V1,NEAR,NEARUSDT,strategy-lab-v1.0.0:MR_TARGET_1R_V1,1784098799999,2026-07-15T06:59:59.999000+00:00,2.029,2.042,2.024,2.024,39.0625000000001,2.0233499999999998,1.997517655932922,1.935155,0.0176428571428572,False,RSI_NOT_BELOW_35|CLOSE_NOT_NEAR_OR_BELOW_LOWER_BB
2026-07-15T13:14:00.074864+00:00,MR_TARGET_1R_V1,NEAR,NEARUSDT,strategy-lab-v1.0.0:MR_TARGET_1R_V1,1784102399999,2026-07-15T07:59:59.999000+00:00,2.024,2.025,2.002,2.007,29.113924050632775,2.02425,2.0023057524622074,1.934925,0.01728571428571435,False,CLOSE_NOT_NEAR_OR_BELOW_LOWER_BB
2026-07-15T13:14:00.074864+00:00,MR_TARGET_1R_V1,NEAR,NEARUSDT,strategy-lab-v1.0.0:MR_TARGET_1R_V1,1784105999999,2026-07-15T08:59:59.999000+00:00,2.008,2.029,1.999,2.024,47.058823529411804,2.02395,2.0021649133579897,1.934655,0.017714285714285762,False,RSI_NOT_BELOW_35|CLOSE_NOT_NEAR_OR_BELOW_LOWER_BB
2026-07-15T13:14:00.074864+00:00,MR_TARGET_1R_V1,NEAR,NEARUSDT,strategy-lab-v1.0.0:MR_TARGET_1R_V1,1784109599999,2026-07-15T09:59:59.999000+00:00,2.023,2.042,2.022,2.034,56.17977528089875,2.0242,2.0020767091055625,1.9344899999999998,0.01821428571428574,False,RSI_NOT_BELOW_35|CLOSE_NOT_NEAR_OR_BELOW_LOWER_BB
2026-07-15T13:14:00.074864+00:00,MR_TARGET_1R_V1,NEAR,NEARUSDT,strategy-lab-v1.0.0:MR_TARGET_1R_V1,1784113199999,2026-07-15T10:59:59.999000+00:00,2.034,2.062,2.033,2.052,65.38461538461551,2.0247,2.000624286095737,1.93457,0.01928571428571432,False,RSI_NOT_BELOW_35|CLOSE_NOT_NEAR_OR_BELOW_LOWER_BB
2026-07-15T13:14:00.074864+00:00,MR_TARGET_1R_V1,NEAR,NEARUSDT,strategy-lab-v1.0.0:MR_TARGET_1R_V1,1784116799999,2026-07-15T11:59:59.999000+00:00,2.052,2.094,2.049,2.08,75.00000000000017,2.0263999999999998,1.9934006060661718,1.934865,0.021714285714285766,False,RSI_NOT_BELOW_35|CLOSE_NOT_NEAR_OR_BELOW_LOWER_BB
2026-07-15T13:14:00.074864+00:00,MR_TARGET_1R_V1,NEAR,NEARUSDT,strategy-lab-v1.0.0:MR_TARGET_1R_V1,1784120399999,2026-07-15T12:59:59.999000+00:00,2.08,2.099,2.066,2.089,78.9473684210528,2.02895,1.9862910032935606,1.935255,0.02285714285714291,False,RSI_NOT_BELOW_35|CLOSE_NOT_NEAR_OR_BELOW_LOWER_BB
2026-07-15T13:14:00.074864+00:00,MR_TARGET_1R_V1,BNB,BNBUSDT,strategy-lab-v1.0.0:MR_TARGET_1R_V1,1783907999999,2026-07-13T01:59:59.999000+00:00,577.93,579.08,572.19,572.3,32.42518981688251,577.277,570.289725567146,576.4575,2.892857142857151,False,CLOSE_NOT_NEAR_OR_BELOW_LOWER_BB|CLOSE_NOT_ABOVE_MA200
2026-07-15T13:14:00.074864+00:00,MR_TARGET_1R_V1,BNB,BNBUSDT,strategy-lab-v1.0.0:MR_TARGET_1R_V1,1783911599999,2026-07-13T02:59:59.999000+00:00,572.31,573.77,570.87,572.04,25.0,577.2845,570.320086241469,576.43335,2.777142857142865,False,CLOSE_NOT_NEAR_OR_BELOW_LOWER_BB|CLOSE_NOT_ABOVE_MA200
2026-07-15T13:14:00.074864+00:00,MR_TARGET_1R_V1,BNB,BNBUSDT,strategy-lab-v1.0.0:MR_TARGET_1R_V1,1783915199999,2026-07-13T03:59:59.999000+00:00,572.05,572.05,566.67,569.04,23.066546762589894,577.118,569.5578370387924,576.40095,3.0207142857142912,False,CLOSE_NOT_ABOVE_MA200
2026-07-15T13:14:00.074864+00:00,MR_TARGET_1R_V1,BNB,BNBUSDT,strategy-lab-v1.0.0:MR_TARGET_1R_V1,1783918799999,2026-07-13T04:59:59.999000+00:00,569.05,569.63,567.28,567.31,19.624573378839642,576.799,568.2177322614885,576.37145,2.941428571428576,False,CLOSE_NOT_ABOVE_MA200
2026-07-15T13:14:00.074864+00:00,MR_TARGET_1R_V1,BNB,BNBUSDT,strategy-lab-v1.0.0:MR_TARGET_1R_V1,1783922399999,2026-07-13T05:59:59.999000+00:00,567.32,569.53,566.28,568.59,24.22744128553795,576.508,567.2540546792183,576.341,3.0714285714285796,False,CLOSE_NOT_NEAR_OR_BELOW_LOWER_BB|CLOSE_NOT_ABOVE_MA200
2026-07-15T13:14:00.074864+00:00,MR_TARGET_1R_V1,BNB,BNBUSDT,strategy-lab-v1.0.0:MR_TARGET_1R_V1,1783925999999,2026-07-13T06:59:59.999000+00:00,568.6,569.34,567.69,568.57,24.14503502266203,576.2155,566.3654391372429,576.3005,3.0992857142857133,False,CLOSE_NOT_NEAR_OR_BELOW_LOWER_BB|CLOSE_NOT_ABOVE_MA200
2026-07-15T13:14:00.074864+00:00,MR_TARGET_1R_V1,BNB,BNBUSDT,strategy-lab-v1.0.0:MR_TARGET_1R_V1,1783929599999,2026-07-13T07:59:59.999000+00:00,568.57,570.58,567.88,570.11,30.84618591079638,575.7125,565.6955406310088,576.2742,3.125,False,CLOSE_NOT_NEAR_OR_BELOW_LOWER_BB|CLOSE_NOT_ABOVE_MA200
2026-07-15T13:14:00.074864+00:00,MR_TARGET_1R_V1,BNB,BNBUSDT,strategy-lab-v1.0.0:MR_TARGET_1R_V1,1783933199999,2026-07-13T08:59:59.999000+00:00,570.11,571.1,569.43,570.37,31.161825726141018,575.116,565.3208146520844,576.2597499999999,3.194285714285716,False,CLOSE_NOT_NEAR_OR_BELOW_LOWER_BB|CLOSE_NOT_ABOVE_MA200
2026-07-15T13:14:00.074864+00:00,MR_TARGET_1R_V1,BNB,BNBUSDT,strategy-lab-v1.0.0:MR_TARGET_1R_V1,1783936799999,2026-07-13T09:59:59.999000+00:00,570.37,570.4,569.29,569.62,29.05073649754503,574.546,564.865307049595,576.24785,3.20214285714286,False,CLOSE_NOT_NEAR_OR_BELOW_LOWER_BB|CLOSE_NOT_ABOVE_MA200
2026-07-15T13:14:00.074864+00:00,MR_TARGET_1R_V1,BNB,BNBUSDT,strategy-lab-v1.0.0:MR_TARGET_1R_V1,1783940399999,2026-07-13T10:59:59.999000+00:00,569.62,570.39,568.45,569.65,30.405117270788836,573.951,564.6084802114193,576.2492,3.22071428571428,False,CLOSE_NOT_NEAR_OR_BELOW_LOWER_BB|CLOSE_NOT_ABOVE_MA200
2026-07-15T13:14:00.074864+00:00,MR_TARGET_1R_V1,BNB,BNBUSDT,strategy-lab-v1.0.0:MR_TARGET_1R_V1,1783943999999,2026-07-13T11:59:59.999000+00:00,569.65,570.92,569.31,569.66,35.051546391752495,573.379,564.4663777147226,576.2453,3.068571428571431,False,RSI_NOT_BELOW_35|CLOSE_NOT_NEAR_OR_BELOW_LOWER_BB|CLOSE_NOT_ABOVE_MA200
2026-07-15T13:14:00.074864+00:00,MR_TARGET_1R_V1,BNB,BNBUSDT,strategy-lab-v1.0.0:MR_TARGET_1R_V1,1783947599999,2026-07-13T12:59:59.999000+00:00,569.67,569.77,567.56,568.41,35.64653020469294,572.7434999999999,564.3308327059709,576.2299499999999,3.0221428571428612,False,RSI_NOT_BELOW_35|CLOSE_NOT_NEAR_OR_BELOW_LOWER_BB|CLOSE_NOT_ABOVE_MA200
2026-07-15T13:14:00.074864+00:00,MR_TARGET_1R_V1,BNB,BNBUSDT,strategy-lab-v1.0.0:MR_TARGET_1R_V1,1783951199999,2026-07-13T13:59:59.999000+00:00,568.41,569.57,566.41,568.05,35.45183714001982,572.1809999999999,564.0991935187715,576.21215,3.116428571428579,False,RSI_NOT_BELOW_35|CLOSE_NOT_NEAR_OR_BELOW_LOWER_BB|CLOSE_NOT_ABOVE_MA200
2026-07-15T13:14:00.074864+00:00,MR_TARGET_1R_V1,BNB,BNBUSDT,strategy-lab-v1.0.0:MR_TARGET_1R_V1,1783954799999,2026-07-13T14:59:59.999000+00:00,568.06,570.73,565.61,570.7,30.74054342035197,571.7434999999999,564.3664429309495,576.2076,2.9957142857142975,False,CLOSE_NOT_NEAR_OR_BELOW_LOWER_BB|CLOSE_NOT_ABOVE_MA200
2026-07-15T13:14:00.074864+00:00,MR_TARGET_1R_V1,BNB,BNBUSDT,strategy-lab-v1.0.0:MR_TARGET_1R_V1,1783958399999,2026-07-13T15:59:59.999000+00:00,570.71,571.78,568.31,568.72,38.16137566137599,571.1865,564.7186741674634,576.173,2.7514285714285864,False,RSI_NOT_BELOW_35|CLOSE_NOT_NEAR_OR_BELOW_LOWER_BB|CLOSE_NOT_ABOVE_MA200
2026-07-15T13:14:00.074864+00:00,MR_TARGET_1R_V1,BNB,BNBUSDT,strategy-lab-v1.0.0:MR_TARGET_1R_V1,1783961999999,2026-07-13T16:59:59.999000+00:00,568.72,568.88,565.67,566.07,32.952598515134554,570.548,564.74088849771,576.11175,2.7735714285714477,False,CLOSE_NOT_NEAR_OR_BELOW_LOWER_BB|CLOSE_NOT_ABOVE_MA200
2026-07-15T13:14:00.074864+00:00,MR_TARGET_1R_V1,BNB,BNBUSDT,strategy-lab-v1.0.0:MR_TARGET_1R_V1,1783965599999,2026-07-13T17:59:59.999000+00:00,566.07,566.7,562.4,562.62,32.126948775055936,569.8915,563.6339404916909,576.0518,2.6964285714285956,False,CLOSE_NOT_ABOVE_MA200
2026-07-15T13:14:00.074864+00:00,MR_TARGET_1R_V1,BNB,BNBUSDT,strategy-lab-v1.0.0:MR_TARGET_1R_V1,1783969199999,2026-07-13T18:59:59.999000+00:00,562.62,565.33,562.37,564.44,42.049861495845256,569.4055000000001,563.0405947375448,575.99335,2.7400000000000255,False,RSI_NOT_BELOW_35|CLOSE_NOT_NEAR_OR_BELOW_LOWER_BB|CLOSE_NOT_ABOVE_MA200
2026-07-15T13:14:00.074864+00:00,MR_TARGET_1R_V1,BNB,BNBUSDT,strategy-lab-v1.0.0:MR_TARGET_1R_V1,1783972799999,2026-07-13T19:59:59.999000+00:00,564.44,566.35,564.04,566.29,43.82384532760455,569.0245000000001,562.8751472698316,575.9395499999999,2.6728571428571724,False,RSI_NOT_BELOW_35|CLOSE_NOT_NEAR_OR_BELOW_LOWER_BB|CLOSE_NOT_ABOVE_MA200
2026-07-15T13:14:00.074864+00:00,MR_TARGET_1R_V1,BNB,BNBUSDT,strategy-lab-v1.0.0:MR_TARGET_1R_V1,1783976399999,2026-07-13T20:59:59.999000+00:00,566.29,566.7,564.45,565.34,41.739130434782545,568.395,563.5905250026634,575.84765,2.715714285714317,False,RSI_NOT_BELOW_35|CLOSE_NOT_NEAR_OR_BELOW_LOWER_BB|CLOSE_NOT_ABOVE_MA200
2026-07-15T13:14:00.074864+00:00,MR_TARGET_1R_V1,BNB,BNBUSDT,strategy-lab-v1.0.0:MR_TARGET_1R_V1,1783979999999,2026-07-13T21:59:59.999000+00:00,565.35,565.59,563.31,564.86,35.80313683071931,568.0229999999999,563.3348357537269,575.73755,2.6857142857143197,False,RSI_NOT_BELOW_35|CLOSE_NOT_NEAR_OR_BELOW_LOWER_BB|CLOSE_NOT_ABOVE_MA200
2026-07-15T13:14:00.074864+00:00,MR_TARGET_1R_V1,BNB,BNBUSDT,strategy-lab-v1.0.0:MR_TARGET_1R_V1,1783983599999,2026-07-13T22:59:59.999000+00:00,564.86,566.64,564.69,565.31,36.45610278372572,567.6865,563.2400664853691,575.62765,2.70571428571431,False,RSI_NOT_BELOW_35|CLOSE_NOT_NEAR_OR_BELOW_LOWER_BB|CLOSE_NOT_ABOVE_MA200
2026-07-15T13:14:00.074864+00:00,MR_TARGET_1R_V1,BNB,BNBUSDT,strategy-lab-v1.0.0:MR_TARGET_1R_V1,1783987199999,2026-07-13T23:59:59.999000+00:00,565.31,567.5,565.09,567.49,44.70412729985084,567.609,563.2058107013174,575.5283999999999,2.7985714285714494,False,RSI_NOT_BELOW_35|CLOSE_NOT_NEAR_OR_BELOW_LOWER_BB|CLOSE_NOT_ABOVE_MA200
2026-07-15T13:14:00.074864+00:00,MR_TARGET_1R_V1,BNB,BNBUSDT,strategy-lab-v1.0.0:MR_TARGET_1R_V1,1783990799999,2026-07-14T00:59:59.999000+00:00,567.5,569.9,566.74,569.28,49.1540923639689,567.7075,563.2476978743409,575.446,2.8857142857143083,False,RSI_NOT_BELOW_35|CLOSE_NOT_NEAR_OR_BELOW_LOWER_BB|CLOSE_NOT_ABOVE_MA200
2026-07-15T13:14:00.074864+00:00,MR_TARGET_1R_V1,BNB,BNBUSDT,strategy-lab-v1.0.0:MR_TARGET_1R_V1,1783994399999,2026-07-14T01:59:59.999000+00:00,569.27,570.57,568.61,569.95,50.64358632933883,567.7755,563.2234302509701,575.369,2.91071428571431,False,RSI_NOT_BELOW_35|CLOSE_NOT_NEAR_OR_BELOW_LOWER_BB|CLOSE_NOT_ABOVE_MA200
2026-07-15T13:14:00.074864+00:00,MR_TARGET_1R_V1,BNB,BNBUSDT,strategy-lab-v1.0.0:MR_TARGET_1R_V1,1783997999999,2026-07-14T02:59:59.999000+00:00,569.95,570.42,567.57,570.0,53.72714486638544,567.847,563.2032596971802,575.2660500000001,2.9564285714285865,False,RSI_NOT_BELOW_35|CLOSE_NOT_NEAR_OR_BELOW_LOWER_BB|CLOSE_NOT_ABOVE_MA200
2026-07-15T13:14:00.074864+00:00,MR_TARGET_1R_V1,BNB,BNBUSDT,strategy-lab-v1.0.0:MR_TARGET_1R_V1,1784001599999,2026-07-14T03:59:59.999000+00:00,570.0,570.54,568.02,569.98,54.59742734635556,567.8405,563.2091007513892,575.1687000000001,2.910714285714294,False,RSI_NOT_BELOW_35|CLOSE_NOT_NEAR_OR_BELOW_LOWER_BB|CLOSE_NOT_ABOVE_MA200
2026-07-15T13:14:00.074864+00:00,MR_TARGET_1R_V1,BNB,BNBUSDT,strategy-lab-v1.0.0:MR_TARGET_1R_V1,1784005199999,2026-07-14T04:59:59.999000+00:00,569.99,571.5,569.81,571.16,51.17827868852441,567.88,563.1505433715878,575.08415,2.6657142857142975,False,RSI_NOT_BELOW_35|CLOSE_NOT_NEAR_OR_BELOW_LOWER_BB|CLOSE_NOT_ABOVE_MA200
2026-07-15T13:14:00.074864+00:00,MR_TARGET_1R_V1,BNB,BNBUSDT,strategy-lab-v1.0.0:MR_TARGET_1R_V1,1784008799999,2026-07-14T05:59:59.999000+00:00,571.17,571.68,570.0,570.45,54.739726027397374,567.9215,563.1177170115593,574.98815,2.537857142857149,False,RSI_NOT_BELOW_35|CLOSE_NOT_NEAR_OR_BELOW_LOWER_BB|CLOSE_NOT_ABOVE_MA200
2026-07-15T13:14:00.074864+00:00,MR_TARGET_1R_V1,BNB,BNBUSDT,strategy-lab-v1.0.0:MR_TARGET_1R_V1,1784012399999,2026-07-14T06:59:59.999000+00:00,570.44,570.45,568.93,569.28,59.57066189624314,567.903,563.1231962383345,574.8768,2.4171428571428675,False,RSI_NOT_BELOW_35|CLOSE_NOT_NEAR_OR_BELOW_LOWER_BB|CLOSE_NOT_ABOVE_MA200
2026-07-15T13:14:00.074864+00:00,MR_TARGET_1R_V1,BNB,BNBUSDT,strategy-lab-v1.0.0:MR_TARGET_1R_V1,1784015999999,2026-07-14T07:59:59.999000+00:00,569.29,570.46,568.93,570.15,76.5327695560256,567.9275,563.1070731516771,574.7782,2.219285714285726,False,RSI_NOT_BELOW_35|CLOSE_NOT_NEAR_OR_BELOW_LOWER_BB|CLOSE_NOT_ABOVE_MA200
2026-07-15T13:14:00.074864+00:00,MR_TARGET_1R_V1,BNB,BNBUSDT,strategy-lab-v1.0.0:MR_TARGET_1R_V1,1784019599999,2026-07-14T08:59:59.999000+00:00,570.16,571.74,569.14,570.68,74.18604651162798,568.0409999999999,563.0757531783372,574.6727500000001,2.193571428571439,False,RSI_NOT_BELOW_35|CLOSE_NOT_NEAR_OR_BELOW_LOWER_BB|CLOSE_NOT_ABOVE_MA200
2026-07-15T13:14:00.074864+00:00,MR_TARGET_1R_V1,BNB,BNBUSDT,strategy-lab-v1.0.0:MR_TARGET_1R_V1,1784023199999,2026-07-14T09:59:59.999000+00:00,570.68,571.24,569.48,569.99,65.75809199318618,568.138,563.1005657324356,574.58005,2.15428571428572,False,RSI_NOT_BELOW_35|CLOSE_NOT_NEAR_OR_BELOW_LOWER_BB|CLOSE_NOT_ABOVE_MA200
2026-07-15T13:14:00.074864+00:00,MR_TARGET_1R_V1,BNB,BNBUSDT,strategy-lab-v1.0.0:MR_TARGET_1R_V1,1784026799999,2026-07-14T10:59:59.999000+00:00,569.99,571.18,569.32,570.95,73.8723404255322,568.1505,563.0865273499917,574.50275,2.12642857142857,False,RSI_NOT_BELOW_35|CLOSE_NOT_NEAR_OR_BELOW_LOWER_BB|CLOSE_NOT_ABOVE_MA200
2026-07-15T13:14:00.074864+00:00,MR_TARGET_1R_V1,BNB,BNBUSDT,strategy-lab-v1.0.0:MR_TARGET_1R_V1,1784030399999,2026-07-14T11:59:59.999000+00:00,570.96,571.46,570.45,570.96,77.03900709219903,568.2625,563.0560199030409,574.4304999999999,2.0357142857142776,False,RSI_NOT_BELOW_35|CLOSE_NOT_NEAR_OR_BELOW_LOWER_BB|CLOSE_NOT_ABOVE_MA200
2026-07-15T13:14:00.074864+00:00,MR_TARGET_1R_V1,BNB,BNBUSDT,strategy-lab-v1.0.0:MR_TARGET_1R_V1,1784033999999,2026-07-14T12:59:59.999000+00:00,570.96,577.94,570.21,577.41,85.01157407407443,568.8295,562.3800489380855,574.3972,2.4485714285714266,False,RSI_NOT_BELOW_35|CLOSE_NOT_NEAR_OR_BELOW_LOWER_BB
2026-07-15T13:14:00.074864+00:00,MR_TARGET_1R_V1,BNB,BNBUSDT,strategy-lab-v1.0.0:MR_TARGET_1R_V1,1784037599999,2026-07-14T13:59:59.999000+00:00,577.42,582.0,576.24,578.97,84.4537815126054,569.647,562.4514066262725,574.3762,2.6878571428571427,False,RSI_NOT_BELOW_35|CLOSE_NOT_NEAR_OR_BELOW_LOWER_BB
2026-07-15T13:14:00.074864+00:00,MR_TARGET_1R_V1,BNB,BNBUSDT,strategy-lab-v1.0.0:MR_TARGET_1R_V1,1784041199999,2026-07-14T14:59:59.999000+00:00,578.97,582.29,577.57,581.48,85.0978135788266,570.499,562.0459321545352,574.37165,2.79928571428571,False,RSI_NOT_BELOW_35|CLOSE_NOT_NEAR_OR_BELOW_LOWER_BB
2026-07-15T13:14:00.074864+00:00,MR_TARGET_1R_V1,BNB,BNBUSDT,strategy-lab-v1.0.0:MR_TARGET_1R_V1,1784044799999,2026-07-14T15:59:59.999000+00:00,581.48,584.64,581.09,582.87,85.69060773480692,571.328,561.541755367863,574.3756,2.9128571428571326,False,RSI_NOT_BELOW_35|CLOSE_NOT_NEAR_OR_BELOW_LOWER_BB
2026-07-15T13:14:00.074864+00:00,MR_TARGET_1R_V1,BNB,BNBUSDT,strategy-lab-v1.0.0:MR_TARGET_1R_V1,1784048399999,2026-07-14T16:59:59.999000+00:00,582.87,583.41,581.54,581.63,80.14515292897897,572.1425,561.7901111452462,574.3806,2.8428571428571394,False,RSI_NOT_BELOW_35|CLOSE_NOT_NEAR_OR_BELOW_LOWER_BB
2026-07-15T13:14:00.074864+00:00,MR_TARGET_1R_V1,BNB,BNBUSDT,strategy-lab-v1.0.0:MR_TARGET_1R_V1,1784051999999,2026-07-14T17:59:59.999000+00:00,581.63,581.67,579.1,580.84,77.06879361914284,572.9415,562.4944577870082,574.39765,2.846428571428565,False,RSI_NOT_BELOW_35|CLOSE_NOT_NEAR_OR_BELOW_LOWER_BB
2026-07-15T13:14:00.074864+00:00,MR_TARGET_1R_V1,BNB,BNBUSDT,strategy-lab-v1.0.0:MR_TARGET_1R_V1,1784055599999,2026-07-14T18:59:59.999000+00:00,580.85,581.12,579.7,579.89,72.0121028744328,573.6705,563.4224124223085,574.3961999999999,2.8271428571428436,False,RSI_NOT_BELOW_35|CLOSE_NOT_NEAR_OR_BELOW_LOWER_BB
2026-07-15T13:14:00.074864+00:00,MR_TARGET_1R_V1,BNB,BNBUSDT,strategy-lab-v1.0.0:MR_TARGET_1R_V1,1784059199999,2026-07-14T19:59:59.999000+00:00,579.88,581.56,579.88,580.64,75.6416708605937,574.328,564.0630526547851,574.41035,2.8271428571428436,False,RSI_NOT_BELOW_35|CLOSE_NOT_NEAR_OR_BELOW_LOWER_BB
2026-07-15T13:14:00.074864+00:00,MR_TARGET_1R_V1,BNB,BNBUSDT,strategy-lab-v1.0.0:MR_TARGET_1R_V1,1784062799999,2026-07-14T20:59:59.999000+00:00,580.65,580.97,579.5,579.9,77.31481481481491,574.859,564.5947768925245,574.4501,2.82357142857141,False,RSI_NOT_BELOW_35|CLOSE_NOT_NEAR_OR_BELOW_LOWER_BB
2026-07-15T13:14:00.074864+00:00,MR_TARGET_1R_V1,BNB,BNBUSDT,strategy-lab-v1.0.0:MR_TARGET_1R_V1,1784066399999,2026-07-14T21:59:59.999000+00:00,579.91,581.25,579.56,580.68,77.20930232558146,575.3955,565.0920976978458,574.4883,2.8349999999999795,False,RSI_NOT_BELOW_35|CLOSE_NOT_NEAR_OR_BELOW_LOWER_BB
2026-07-15T13:14:00.074864+00:00,MR_TARGET_1R_V1,BNB,BNBUSDT,strategy-lab-v1.0.0:MR_TARGET_1R_V1,1784069999999,2026-07-14T22:59:59.999000+00:00,580.68,582.91,579.27,581.67,77.73851590106017,575.979,565.6421825013674,574.5111499999999,2.909285714285691,False,RSI_NOT_BELOW_35|CLOSE_NOT_NEAR_OR_BELOW_LOWER_BB
2026-07-15T13:14:00.074864+00:00,MR_TARGET_1R_V1,BNB,BNBUSDT,strategy-lab-v1.0.0:MR_TARGET_1R_V1,1784073599999,2026-07-14T23:59:59.999000+00:00,581.75,582.9,581.11,581.87,80.74534161490674,576.5735,566.3178064105815,574.4968,2.9114285714285466,False,RSI_NOT_BELOW_35|CLOSE_NOT_NEAR_OR_BELOW_LOWER_BB
2026-07-15T13:14:00.074864+00:00,MR_TARGET_1R_V1,BNB,BNBUSDT,strategy-lab-v1.0.0:MR_TARGET_1R_V1,1784077199999,2026-07-15T00:59:59.999000+00:00,581.88,583.17,581.44,582.22,80.117584179583,577.1265000000001,566.9053742792177,574.48135,2.9021428571428323,False,RSI_NOT_BELOW_35|CLOSE_NOT_NEAR_OR_BELOW_LOWER_BB
2026-07-15T13:14:00.074864+00:00,MR_TARGET_1R_V1,BNB,BNBUSDT,strategy-lab-v1.0.0:MR_TARGET_1R_V1,1784080799999,2026-07-15T01:59:59.999000+00:00,582.23,582.23,579.95,580.09,71.91550648103691,577.6085,567.790992627961,574.4665,2.9928571428571167,False,RSI_NOT_BELOW_35|CLOSE_NOT_NEAR_OR_BELOW_LOWER_BB
2026-07-15T13:14:00.074864+00:00,MR_TARGET_1R_V1,BNB,BNBUSDT,strategy-lab-v1.0.0:MR_TARGET_1R_V1,1784084399999,2026-07-15T02:59:59.999000+00:00,580.08,581.11,579.2,579.94,58.70612525808696,578.1415,569.0606690358183,574.4442,2.5771428571428276,False,RSI_NOT_BELOW_35|CLOSE_NOT_NEAR_OR_BELOW_LOWER_BB
2026-07-15T13:14:00.074864+00:00,MR_TARGET_1R_V1,BNB,BNBUSDT,strategy-lab-v1.0.0:MR_TARGET_1R_V1,1784087999999,2026-07-15T03:59:59.999000+00:00,579.95,581.29,579.67,580.71,56.33187772925768,578.6695000000001,570.3092979091388,574.422,2.2814285714285427,False,RSI_NOT_BELOW_35|CLOSE_NOT_NEAR_OR_BELOW_LOWER_BB
2026-07-15T13:14:00.074864+00:00,MR_TARGET_1R_V1,BNB,BNBUSDT,strategy-lab-v1.0.0:MR_TARGET_1R_V1,1784091599999,2026-07-15T04:59:59.999000+00:00,580.72,581.24,577.29,579.66,42.58957654723112,579.1185,571.6007629069619,574.3917,2.2264285714285523,False,RSI_NOT_BELOW_35|CLOSE_NOT_NEAR_OR_BELOW_LOWER_BB
2026-07-15T13:14:00.074864+00:00,MR_TARGET_1R_V1,BNB,BNBUSDT,strategy-lab-v1.0.0:MR_TARGET_1R_V1,1784095199999,2026-07-15T05:59:59.999000+00:00,579.67,580.77,578.71,580.6,40.40574809805599,579.6490000000001,573.3909079584876,574.34715,2.11999999999998,False,RSI_NOT_BELOW_35|CLOSE_NOT_NEAR_OR_BELOW_LOWER_BB
2026-07-15T13:14:00.074864+00:00,MR_TARGET_1R_V1,BNB,BNBUSDT,strategy-lab-v1.0.0:MR_TARGET_1R_V1,1784098799999,2026-07-15T06:59:59.999000+00:00,580.6,582.28,579.78,579.78,41.89307624890451,580.0905,575.2683698690265,574.3055,2.16499999999998,False,RSI_NOT_BELOW_35|CLOSE_NOT_NEAR_OR_BELOW_LOWER_BB
2026-07-15T13:14:00.074864+00:00,MR_TARGET_1R_V1,BNB,BNBUSDT,strategy-lab-v1.0.0:MR_TARGET_1R_V1,1784102399999,2026-07-15T07:59:59.999000+00:00,579.79,580.19,576.49,576.49,34.36376707404759,580.367,577.3893089481876,574.2579,2.2457142857142736,True,
2026-07-15T13:14:00.074864+00:00,MR_TARGET_1R_V1,BNB,BNBUSDT,strategy-lab-v1.0.0:MR_TARGET_1R_V1,1784105999999,2026-07-15T08:59:59.999000+00:00,576.5,577.7,575.8,577.13,39.85294117647072,580.353,577.317753057815,574.2090000000001,2.279999999999997,False,OPEN_TRADE_EXISTS|RSI_NOT_BELOW_35
2026-07-15T13:14:00.074864+00:00,MR_TARGET_1R_V1,BNB,BNBUSDT,strategy-lab-v1.0.0:MR_TARGET_1R_V1,1784109599999,2026-07-15T09:59:59.999000+00:00,577.12,577.98,576.56,577.14,36.391912908242745,580.2615,576.9658405819104,574.1800499999999,2.2614285714285773,False,OPEN_TRADE_EXISTS|RSI_NOT_BELOW_35|CLOSE_NOT_NEAR_OR_BELOW_LOWER_BB
2026-07-15T13:14:00.074864+00:00,MR_TARGET_1R_V1,BNB,BNBUSDT,strategy-lab-v1.0.0:MR_TARGET_1R_V1,1784113199999,2026-07-15T10:59:59.999000+00:00,577.14,578.86,576.99,578.82,46.086956521739445,580.1285,576.8255844697385,574.16925,2.290000000000004,False,OPEN_TRADE_EXISTS|RSI_NOT_BELOW_35|CLOSE_NOT_NEAR_OR_BELOW_LOWER_BB
2026-07-15T13:14:00.074864+00:00,MR_TARGET_1R_V1,BNB,BNBUSDT,strategy-lab-v1.0.0:MR_TARGET_1R_V1,1784116799999,2026-07-15T11:59:59.999000+00:00,578.82,579.1,577.83,579.01,43.67903103709333,579.9354999999999,576.8521091717002,574.1684,2.259999999999999,False,OPEN_TRADE_EXISTS|RSI_NOT_BELOW_35|CLOSE_NOT_NEAR_OR_BELOW_LOWER_BB
2026-07-15T13:14:00.074864+00:00,MR_TARGET_1R_V1,BNB,BNBUSDT,strategy-lab-v1.0.0:MR_TARGET_1R_V1,1784120399999,2026-07-15T12:59:59.999000+00:00,579.02,584.52,577.22,582.59,52.91139240506349,579.9835,576.7689874397441,574.18715,2.5214285714285682,False,RSI_NOT_BELOW_35|CLOSE_NOT_NEAR_OR_BELOW_LOWER_BB
2026-07-15T13:14:00.074864+00:00,MR_TARGET_1R_V1,PAXG,PAXGUSDT,strategy-lab-v1.0.0:MR_TARGET_1R_V1,1784048399999,2026-07-14T16:59:59.999000+00:00,4061.09,4061.25,4051.64,4055.87,68.31993569131822,4026.9900000000002,3976.7682250412777,4092.9551500000002,17.046428571428514,False,RSI_NOT_BELOW_35|CLOSE_NOT_NEAR_OR_BELOW_LOWER_BB|CLOSE_NOT_ABOVE_MA200
2026-07-15T13:14:00.074864+00:00,MR_TARGET_1R_V1,PAXG,PAXGUSDT,strategy-lab-v1.0.0:MR_TARGET_1R_V1,1784051999999,2026-07-14T17:59:59.999000+00:00,4055.88,4058.34,4048.28,4057.71,67.80754778630931,4029.6505000000006,3978.84206271834,4092.5443,17.27999999999994,False,RSI_NOT_BELOW_35|CLOSE_NOT_NEAR_OR_BELOW_LOWER_BB|CLOSE_NOT_ABOVE_MA200
2026-07-15T13:14:00.074864+00:00,MR_TARGET_1R_V1,PAXG,PAXGUSDT,strategy-lab-v1.0.0:MR_TARGET_1R_V1,1784055599999,2026-07-14T18:59:59.999000+00:00,4057.46,4057.52,4038.76,4049.8,62.279792746114076,4032.1715000000004,3982.6334805502456,4092.0412999999994,18.002857142857074,False,RSI_NOT_BELOW_35|CLOSE_NOT_NEAR_OR_BELOW_LOWER_BB|CLOSE_NOT_ABOVE_MA200
2026-07-15T13:14:00.074864+00:00,MR_TARGET_1R_V1,PAXG,PAXGUSDT,strategy-lab-v1.0.0:MR_TARGET_1R_V1,1784059199999,2026-07-14T19:59:59.999000+00:00,4049.43,4052.34,4043.53,4050.88,59.531343538869365,4034.7709999999997,3987.069262966594,4091.5445999999997,17.692857142857097,False,RSI_NOT_BELOW_35|CLOSE_NOT_NEAR_OR_BELOW_LOWER_BB|CLOSE_NOT_ABOVE_MA200
2026-07-15T13:14:00.074864+00:00,MR_TARGET_1R_V1,PAXG,PAXGUSDT,strategy-lab-v1.0.0:MR_TARGET_1R_V1,1784062799999,2026-07-14T20:59:59.999000+00:00,4050.8,4052.35,4044.73,4047.53,61.59631890983098,4037.0259999999994,3991.435584603734,4091.09865,17.40714285714278,False,RSI_NOT_BELOW_35|CLOSE_NOT_NEAR_OR_BELOW_LOWER_BB|CLOSE_NOT_ABOVE_MA200
2026-07-15T13:14:00.074864+00:00,MR_TARGET_1R_V1,PAXG,PAXGUSDT,strategy-lab-v1.0.0:MR_TARGET_1R_V1,1784066399999,2026-07-14T21:59:59.999000+00:00,4047.12,4055.46,4047.12,4051.46,65.12575274530633,4039.1590000000006,3995.08390639824,4090.6722499999996,17.360714285714234,False,RSI_NOT_BELOW_35|CLOSE_NOT_NEAR_OR_BELOW_LOWER_BB|CLOSE_NOT_ABOVE_MA200
2026-07-15T13:14:00.074864+00:00,MR_TARGET_1R_V1,PAXG,PAXGUSDT,strategy-lab-v1.0.0:MR_TARGET_1R_V1,1784069999999,2026-07-14T22:59:59.999000+00:00,4051.47,4051.47,4044.82,4045.0,64.03134523291251,4040.8945,3998.814746447919,4090.2261,17.287142857142758,False,RSI_NOT_BELOW_35|CLOSE_NOT_NEAR_OR_BELOW_LOWER_BB|CLOSE_NOT_ABOVE_MA200
2026-07-15T13:14:00.074864+00:00,MR_TARGET_1R_V1,PAXG,PAXGUSDT,strategy-lab-v1.0.0:MR_TARGET_1R_V1,1784073599999,2026-07-14T23:59:59.999000+00:00,4045.0,4050.63,4043.11,4048.07,63.47480106100798,4042.5925,4002.2689521029733,4089.7428000000004,17.17785714285706,False,RSI_NOT_BELOW_35|CLOSE_NOT_NEAR_OR_BELOW_LOWER_BB|CLOSE_NOT_ABOVE_MA200
2026-07-15T13:14:00.074864+00:00,MR_TARGET_1R_V1,PAXG,PAXGUSDT,strategy-lab-v1.0.0:MR_TARGET_1R_V1,1784077199999,2026-07-15T00:59:59.999000+00:00,4048.26,4055.93,4047.01,4055.39,65.32359607151845,4044.412500000001,4005.2451856294224,4089.2578000000003,17.29714285714275,False,RSI_NOT_BELOW_35|CLOSE_NOT_NEAR_OR_BELOW_LOWER_BB|CLOSE_NOT_ABOVE_MA200
2026-07-15T13:14:00.074864+00:00,MR_TARGET_1R_V1,PAXG,PAXGUSDT,strategy-lab-v1.0.0:MR_TARGET_1R_V1,1784080799999,2026-07-15T01:59:59.999000+00:00,4054.85,4057.68,4032.57,4033.73,52.38203266787666,4044.6695,4005.8549772153037,4088.6388,18.020714285714153,False,RSI_NOT_BELOW_35|CLOSE_NOT_NEAR_OR_BELOW_LOWER_BB|CLOSE_NOT_ABOVE_MA200
2026-07-15T13:14:00.074864+00:00,MR_TARGET_1R_V1,PAXG,PAXGUSDT,strategy-lab-v1.0.0:MR_TARGET_1R_V1,1784084399999,2026-07-15T02:59:59.999000+00:00,4033.73,4038.08,4025.64,4032.48,28.11730467875529,4045.2275,4007.465102366856,4087.9991999999997,13.412857142857026,False,CLOSE_NOT_NEAR_OR_BELOW_LOWER_BB|CLOSE_NOT_ABOVE_MA200
2026-07-15T13:14:00.074864+00:00,MR_TARGET_1R_V1,PAXG,PAXGUSDT,strategy-lab-v1.0.0:MR_TARGET_1R_V1,1784087999999,2026-07-15T03:59:59.999000+00:00,4031.68,4035.98,4024.65,4028.16,26.970152458664288,4045.7705,4009.3412515997975,4087.3425,13.139285714285604,False,CLOSE_NOT_NEAR_OR_BELOW_LOWER_BB|CLOSE_NOT_ABOVE_MA200
2026-07-15T13:14:00.074864+00:00,MR_TARGET_1R_V1,PAXG,PAXGUSDT,strategy-lab-v1.0.0:MR_TARGET_1R_V1,1784091599999,2026-07-15T04:59:59.999000+00:00,4027.96,4031.0,4025.26,4029.43,21.39142493932718,4046.6034999999997,4012.546043092538,4086.68555,12.29285714285704,False,CLOSE_NOT_NEAR_OR_BELOW_LOWER_BB|CLOSE_NOT_ABOVE_MA200
2026-07-15T13:14:00.074864+00:00,MR_TARGET_1R_V1,PAXG,PAXGUSDT,strategy-lab-v1.0.0:MR_TARGET_1R_V1,1784095199999,2026-07-15T05:59:59.999000+00:00,4029.43,4033.03,4017.99,4031.2,28.79045996592825,4047.2840000000006,4015.079109439659,4086.03085,11.15285714285707,False,CLOSE_NOT_NEAR_OR_BELOW_LOWER_BB|CLOSE_NOT_ABOVE_MA200
2026-07-15T13:14:00.074864+00:00,MR_TARGET_1R_V1,PAXG,PAXGUSDT,strategy-lab-v1.0.0:MR_TARGET_1R_V1,1784098799999,2026-07-15T06:59:59.999000+00:00,4031.2,4032.02,4018.2,4028.44,29.8279158699808,4047.7619999999997,4017.0064661239057,4085.3754,11.453571428571356,False,CLOSE_NOT_NEAR_OR_BELOW_LOWER_BB|CLOSE_NOT_ABOVE_MA200
2026-07-15T13:14:00.074864+00:00,MR_TARGET_1R_V1,PAXG,PAXGUSDT,strategy-lab-v1.0.0:MR_TARGET_1R_V1,1784102399999,2026-07-15T07:59:59.999000+00:00,4028.44,4029.99,4017.46,4020.7,24.9560156990117,4047.4255000000003,4015.6569265507,4084.71875,11.629999999999914,False,CLOSE_NOT_NEAR_OR_BELOW_LOWER_BB|CLOSE_NOT_ABOVE_MA200
2026-07-15T13:14:00.074864+00:00,MR_TARGET_1R_V1,PAXG,PAXGUSDT,strategy-lab-v1.0.0:MR_TARGET_1R_V1,1784105999999,2026-07-15T08:59:59.999000+00:00,4020.58,4028.98,4015.23,4027.91,35.04577128022923,4045.2419999999997,4014.4255345309734,4084.1525,11.258571428571356,False,RSI_NOT_BELOW_35|CLOSE_NOT_NEAR_OR_BELOW_LOWER_BB|CLOSE_NOT_ABOVE_MA200
2026-07-15T13:14:00.074864+00:00,MR_TARGET_1R_V1,PAXG,PAXGUSDT,strategy-lab-v1.0.0:MR_TARGET_1R_V1,1784109599999,2026-07-15T09:59:59.999000+00:00,4027.51,4030.0,4022.81,4026.68,33.501499863648505,4043.023,4013.602693339399,4083.6030499999997,11.142857142857078,False,CLOSE_NOT_NEAR_OR_BELOW_LOWER_BB|CLOSE_NOT_ABOVE_MA200
2026-07-15T13:14:00.074864+00:00,MR_TARGET_1R_V1,PAXG,PAXGUSDT,strategy-lab-v1.0.0:MR_TARGET_1R_V1,1784113199999,2026-07-15T10:59:59.999000+00:00,4026.96,4031.87,4023.51,4024.59,34.08712541620406,4040.3055,4014.8896754215225,4083.0686,11.195714285714205,False,CLOSE_NOT_NEAR_OR_BELOW_LOWER_BB|CLOSE_NOT_ABOVE_MA200
2026-07-15T13:14:00.074864+00:00,MR_TARGET_1R_V1,PAXG,PAXGUSDT,strategy-lab-v1.0.0:MR_TARGET_1R_V1,1784116799999,2026-07-15T11:59:59.999000+00:00,4025.32,4035.58,4024.34,4035.16,39.64684959349574,4039.0095,4015.3827156440193,4082.60925,11.402857142857036,False,RSI_NOT_BELOW_35|CLOSE_NOT_NEAR_OR_BELOW_LOWER_BB|CLOSE_NOT_ABOVE_MA200
2026-07-15T13:14:00.074864+00:00,MR_TARGET_1R_V1,PAXG,PAXGUSDT,strategy-lab-v1.0.0:MR_TARGET_1R_V1,1784120399999,2026-07-15T12:59:59.999000+00:00,4034.75,4065.7,4032.08,4062.54,58.8016860698515,4039.343,4014.6112058070185,4082.30755,13.329285714285627,False,RSI_NOT_BELOW_35|CLOSE_NOT_NEAR_OR_BELOW_LOWER_BB|CLOSE_NOT_ABOVE_MA200
2026-07-15T16:53:58.937105+00:00,MR_TARGET_1R_V1,BTC,BTCUSDT,strategy-lab-v1.0.0:MR_TARGET_1R_V1,1784120400000,2026-07-15T13:00:00+00:00,65105.44,65528.76,64819.17,65057.05,51.451720376713126,64713.20850000001,64351.688055637635,63442.7779,344.67000000000087,False,RSI_NOT_BELOW_35|CLOSE_NOT_NEAR_OR_BELOW_LOWER_BB
2026-07-15T16:53:58.937105+00:00,MR_TARGET_1R_V1,BTC,BTCUSDT,strategy-lab-v1.0.0:MR_TARGET_1R_V1,1784124000000,2026-07-15T14:00:00+00:00,65057.06,65466.18,65002.41,65339.5,61.614371217991994,64753.5135,64310.59020093797,63453.06035,356.0592857142864,False,RSI_NOT_BELOW_35|CLOSE_NOT_NEAR_OR_BELOW_LOWER_BB
2026-07-15T16:53:58.937105+00:00,MR_TARGET_1R_V1,BTC,BTCUSDT,strategy-lab-v1.0.0:MR_TARGET_1R_V1,1784127600000,2026-07-15T15:00:00+00:00,65339.51,65559.5,65200.0,65369.98,66.12989941033646,64794.89200000001,64288.50718645895,63464.73295,366.2264285714295,False,RSI_NOT_BELOW_35|CLOSE_NOT_NEAR_OR_BELOW_LOWER_BB
2026-07-15T16:53:58.937105+00:00,MR_TARGET_1R_V1,BTC,BTCUSDT,strategy-lab-v1.0.0:MR_TARGET_1R_V1,1784131200000,2026-07-15T16:00:00+00:00,65369.99,65415.5,64723.69,65002.41,61.28088713889671,64818.94,64321.17399798598,63474.516299999996,395.70071428571515,False,RSI_NOT_BELOW_35|CLOSE_NOT_NEAR_OR_BELOW_LOWER_BB
2026-07-15T16:53:58.937105+00:00,MR_TARGET_1R_V1,ETH,ETHUSDT,strategy-lab-v1.0.0:MR_TARGET_1R_V1,1784120400000,2026-07-15T13:00:00+00:00,1925.63,1944.82,1915.43,1923.8,63.92878138909884,1881.2010000000002,1850.1604201729604,1790.9184999999998,15.584999999999955,False,RSI_NOT_BELOW_35|CLOSE_NOT_NEAR_OR_BELOW_LOWER_BB
2026-07-15T16:53:58.937105+00:00,MR_TARGET_1R_V1,ETH,ETHUSDT,strategy-lab-v1.0.0:MR_TARGET_1R_V1,1784124000000,2026-07-15T14:00:00+00:00,1923.69,1933.73,1917.51,1931.59,71.95780807820944,1884.0965,1846.3277418658122,1791.688,15.665714285714248,False,RSI_NOT_BELOW_35|CLOSE_NOT_NEAR_OR_BELOW_LOWER_BB
2026-07-15T16:53:58.937105+00:00,MR_TARGET_1R_V1,ETH,ETHUSDT,strategy-lab-v1.0.0:MR_TARGET_1R_V1,1784127600000,2026-07-15T15:00:00+00:00,1931.59,1936.0,1923.96,1930.0,78.45722300140264,1886.7994999999999,1844.309797494584,1792.48845,15.477857142857115,False,RSI_NOT_BELOW_35|CLOSE_NOT_NEAR_OR_BELOW_LOWER_BB
2026-07-15T16:53:58.937105+00:00,MR_TARGET_1R_V1,ETH,ETHUSDT,strategy-lab-v1.0.0:MR_TARGET_1R_V1,1784131200000,2026-07-15T16:00:00+00:00,1930.01,1931.34,1902.44,1913.12,70.97183455975649,1888.7450000000001,1845.1894081661299,1793.2095000000002,16.92928571428568,False,RSI_NOT_BELOW_35|CLOSE_NOT_NEAR_OR_BELOW_LOWER_BB
2026-07-15T16:53:58.937105+00:00,MR_TARGET_1R_V1,SOL,SOLUSDT,strategy-lab-v1.0.0:MR_TARGET_1R_V1,1784120400000,2026-07-15T13:00:00+00:00,78.23,78.96,77.65,78.03,52.879581151832454,77.56800000000001,76.89104800760975,77.6566,0.625714285714284,False,RSI_NOT_BELOW_35|CLOSE_NOT_NEAR_OR_BELOW_LOWER_BB
2026-07-15T16:53:58.937105+00:00,MR_TARGET_1R_V1,SOL,SOLUSDT,strategy-lab-v1.0.0:MR_TARGET_1R_V1,1784124000000,2026-07-15T14:00:00+00:00,78.04,78.31,77.72,78.15,57.21925133689848,77.613,76.9075327789322,77.63995,0.634999999999999,False,RSI_NOT_BELOW_35|CLOSE_NOT_NEAR_OR_BELOW_LOWER_BB
2026-07-15T16:53:58.937105+00:00,MR_TARGET_1R_V1,SOL,SOLUSDT,strategy-lab-v1.0.0:MR_TARGET_1R_V1,1784127600000,2026-07-15T15:00:00+00:00,78.15,78.19,77.68,77.99,58.152173913043384,77.65599999999999,76.96893668413956,77.62275,0.6328571428571418,False,RSI_NOT_BELOW_35|CLOSE_NOT_NEAR_OR_BELOW_LOWER_BB
2026-07-15T16:53:58.937105+00:00,MR_TARGET_1R_V1,SOL,SOLUSDT,strategy-lab-v1.0.0:MR_TARGET_1R_V1,1784131200000,2026-07-15T16:00:00+00:00,78.01,78.06,77.01,77.4,51.81598062954002,77.6695,77.01444351388515,77.60375,0.6692857142857126,False,RSI_NOT_BELOW_35|CLOSE_NOT_NEAR_OR_BELOW_LOWER_BB|CLOSE_NOT_ABOVE_MA200
2026-07-15T16:53:58.937105+00:00,MR_TARGET_1R_V1,XRP,XRPUSDT,strategy-lab-v1.0.0:MR_TARGET_1R_V1,1784120400000,2026-07-15T13:00:00+00:00,1.1202,1.1286,1.1168,1.1209,61.04783599088847,1.10831,1.0975224330824893,1.0964260000000001,0.006871428571428544,False,RSI_NOT_BELOW_35|CLOSE_NOT_NEAR_OR_BELOW_LOWER_BB
2026-07-15T16:53:58.937105+00:00,MR_TARGET_1R_V1,XRP,XRPUSDT,strategy-lab-v1.0.0:MR_TARGET_1R_V1,1784124000000,2026-07-15T14:00:00+00:00,1.121,1.1293,1.1175,1.1248,69.45701357466083,1.1089600000000002,1.0960514911783055,1.0963915,0.007299999999999989,False,RSI_NOT_BELOW_35|CLOSE_NOT_NEAR_OR_BELOW_LOWER_BB
2026-07-15T16:53:58.937105+00:00,MR_TARGET_1R_V1,XRP,XRPUSDT,strategy-lab-v1.0.0:MR_TARGET_1R_V1,1784127600000,2026-07-15T15:00:00+00:00,1.1248,1.1279,1.1197,1.1254,78.84130982367759,1.1095000000000002,1.0949001369869522,1.0963889999999998,0.007428571428571419,False,RSI_NOT_BELOW_35|CLOSE_NOT_NEAR_OR_BELOW_LOWER_BB
2026-07-15T16:53:58.937105+00:00,MR_TARGET_1R_V1,XRP,XRPUSDT,strategy-lab-v1.0.0:MR_TARGET_1R_V1,1784131200000,2026-07-15T16:00:00+00:00,1.1254,1.1263,1.107,1.1129,64.53608247422687,1.10966,1.0949849327088506,1.0963345000000002,0.00842142857142858,False,RSI_NOT_BELOW_35|CLOSE_NOT_NEAR_OR_BELOW_LOWER_BB
2026-07-15T16:53:58.937105+00:00,MR_TARGET_1R_V1,DOGE,DOGEUSDT,strategy-lab-v1.0.0:MR_TARGET_1R_V1,1784120400000,2026-07-15T13:00:00+00:00,0.07467,0.07518,0.07422,0.07449,51.1568123393317,0.07412049999999999,0.0735617343961908,0.07333145,0.0005785714285714283,False,RSI_NOT_BELOW_35|CLOSE_NOT_NEAR_OR_BELOW_LOWER_BB
2026-07-15T16:53:58.937105+00:00,MR_TARGET_1R_V1,DOGE,DOGEUSDT,strategy-lab-v1.0.0:MR_TARGET_1R_V1,1784124000000,2026-07-15T14:00:00+00:00,0.0745,0.07512,0.07443,0.0748,59.125964010282765,0.07414050000000001,0.07351813435184755,0.0733288,0.0005878571428571429,False,RSI_NOT_BELOW_35|CLOSE_NOT_NEAR_OR_BELOW_LOWER_BB
2026-07-15T16:53:58.937105+00:00,MR_TARGET_1R_V1,DOGE,DOGEUSDT,strategy-lab-v1.0.0:MR_TARGET_1R_V1,1784127600000,2026-07-15T15:00:00+00:00,0.07481,0.07494,0.07427,0.07458,57.78894472361799,0.074163,0.07351190553680728,0.0733271,0.0006121428571428578,False,RSI_NOT_BELOW_35|CLOSE_NOT_NEAR_OR_BELOW_LOWER_BB
2026-07-15T16:53:58.937105+00:00,MR_TARGET_1R_V1,DOGE,DOGEUSDT,strategy-lab-v1.0.0:MR_TARGET_1R_V1,1784131200000,2026-07-15T16:00:00+00:00,0.07459,0.07461,0.07329,0.07382,51.68539325842693,0.0741515,0.07348488841894231,0.0733226,0.0006721428571428573,False,RSI_NOT_BELOW_35|CLOSE_NOT_NEAR_OR_BELOW_LOWER_BB
2026-07-15T16:53:58.937105+00:00,MR_TARGET_1R_V1,NEAR,NEARUSDT,strategy-lab-v1.0.0:MR_TARGET_1R_V1,1784120400000,2026-07-15T13:00:00+00:00,2.089,2.11,2.069,2.084,79.3650793650793,2.0292000000000003,1.9797971660731841,1.9337799999999998,0.02428571428571426,False,RSI_NOT_BELOW_35|CLOSE_NOT_NEAR_OR_BELOW_LOWER_BB
2026-07-15T16:53:58.937105+00:00,MR_TARGET_1R_V1,NEAR,NEARUSDT,strategy-lab-v1.0.0:MR_TARGET_1R_V1,1784124000000,2026-07-15T14:00:00+00:00,2.085,2.089,2.062,2.077,77.51937984496112,2.0317,1.9781123148475268,1.9340799999999998,0.025142857142857116,False,RSI_NOT_BELOW_35|CLOSE_NOT_NEAR_OR_BELOW_LOWER_BB
2026-07-15T16:53:58.937105+00:00,MR_TARGET_1R_V1,NEAR,NEARUSDT,strategy-lab-v1.0.0:MR_TARGET_1R_V1,1784127600000,2026-07-15T15:00:00+00:00,2.076,2.079,2.062,2.079,76.79999999999988,2.0346,1.9774811764826992,1.9343549999999998,0.025214285714285713,False,RSI_NOT_BELOW_35|CLOSE_NOT_NEAR_OR_BELOW_LOWER_BB
2026-07-15T16:53:58.937105+00:00,MR_TARGET_1R_V1,NEAR,NEARUSDT,strategy-lab-v1.0.0:MR_TARGET_1R_V1,1784131200000,2026-07-15T16:00:00+00:00,2.08,2.08,2.046,2.067,68.70229007633587,2.03705,1.9787971889090268,1.9345949999999998,0.026357142857142888,False,RSI_NOT_BELOW_35|CLOSE_NOT_NEAR_OR_BELOW_LOWER_BB
2026-07-15T16:53:58.937105+00:00,MR_TARGET_1R_V1,PAXG,PAXGUSDT,strategy-lab-v1.0.0:MR_TARGET_1R_V1,1784120400000,2026-07-15T13:00:00+00:00,4059.81,4065.02,4046.35,4053.63,54.650934119960695,4035.7275,4011.01226593284,4078.5061499999997,13.067142857142828,False,RSI_NOT_BELOW_35|CLOSE_NOT_NEAR_OR_BELOW_LOWER_BB|CLOSE_NOT_ABOVE_MA200
2026-07-15T16:53:58.937105+00:00,MR_TARGET_1R_V1,PAXG,PAXGUSDT,strategy-lab-v1.0.0:MR_TARGET_1R_V1,1784124000000,2026-07-15T14:00:00+00:00,4051.94,4055.94,4044.82,4051.74,50.005206706237516,4036.0099999999998,4010.705310316178,4078.1648499999997,13.32142857142854,False,RSI_NOT_BELOW_35|CLOSE_NOT_NEAR_OR_BELOW_LOWER_BB|CLOSE_NOT_ABOVE_MA200
2026-07-15T16:53:58.937105+00:00,MR_TARGET_1R_V1,PAXG,PAXGUSDT,strategy-lab-v1.0.0:MR_TARGET_1R_V1,1784127600000,2026-07-15T15:00:00+00:00,4051.34,4051.34,4030.96,4037.24,54.829869833295014,4035.514,4010.7192155485372,4077.7515999999996,13.03285714285708,False,RSI_NOT_BELOW_35|CLOSE_NOT_NEAR_OR_BELOW_LOWER_BB|CLOSE_NOT_ABOVE_MA200
2026-07-15T16:53:58.937105+00:00,MR_TARGET_1R_V1,PAXG,PAXGUSDT,strategy-lab-v1.0.0:MR_TARGET_1R_V1,1784131200000,2026-07-15T16:00:00+00:00,4037.68,4037.69,4019.08,4028.88,50.057333472323634,4034.736,4010.134628168444,4077.30175,13.559999999999945,False,RSI_NOT_BELOW_35|CLOSE_NOT_NEAR_OR_BELOW_LOWER_BB|CLOSE_NOT_ABOVE_MA200
