timestamp,candidate_id,asset,symbol,strategy_version,candle_close_time,candle_time,open,high,low,close,rsi,ma20,bb_lower,ma200,atr,atr_pct,rsi_prev,planned_reward_r,passed,rejection_reasons
2026-09-16T07:37:24.395516+00:00,SIE_FIX_BREAKOUT_QUALITY_R_QUALITY_V1,BTC,BTCUSDT,strategy-lab-v1.0.0:SIE_FIX_BREAKOUT_QUALITY_R_QUALITY_V1,1789326000000,2026-09-13T19:00:00+00:00,77312.33,77386.25,77193.06,77253.72,48.80802614693133,77078.716,76625.16198264783,78370.8743,249.63285714285823,0.003231337690183181,53.80977856488413,1.5000000000000324,False,TREND_SUPPORT_NOT_CONFIRMED|CLOSE_NOT_ABOVE_BREAKOUT_HIGH|CLOSE_NOT_ABOVE_MA200|RSI_NOT_MOMENTUM_SUPPORTIVE
2026-09-16T07:37:24.395516+00:00,SIE_FIX_BREAKOUT_QUALITY_R_QUALITY_V1,BTC,BTCUSDT,strategy-lab-v1.0.0:SIE_FIX_BREAKOUT_QUALITY_R_QUALITY_V1,1789329600000,2026-09-13T20:00:00+00:00,77253.73,77344.55,77226.99,77322.58,57.63673749143237,77082.197,76622.32254647567,78358.93355,238.75071428571496,0.003087723072428713,48.80802614693133,1.4999999999999662,False,TREND_SUPPORT_NOT_CONFIRMED|PLANNED_REWARD_TOO_LOW|CLOSE_NOT_ABOVE_BREAKOUT_HIGH|CLOSE_NOT_ABOVE_MA200
2026-09-16T07:37:24.395516+00:00,SIE_FIX_BREAKOUT_QUALITY_R_QUALITY_V1,BTC,BTCUSDT,strategy-lab-v1.0.0:SIE_FIX_BREAKOUT_QUALITY_R_QUALITY_V1,1789333200000,2026-09-13T21:00:00+00:00,77323.31,77425.43,77270.29,77280.56,56.010342667501995,77081.2485,76623.09594487092,78347.2138,243.53142857142873,0.003151263766352479,57.63673749143237,1.5000000000000333,False,TREND_SUPPORT_NOT_CONFIRMED|CLOSE_NOT_ABOVE_BREAKOUT_HIGH|CLOSE_NOT_ABOVE_MA200
2026-09-16T07:37:24.395516+00:00,SIE_FIX_BREAKOUT_QUALITY_R_QUALITY_V1,BTC,BTCUSDT,strategy-lab-v1.0.0:SIE_FIX_BREAKOUT_QUALITY_R_QUALITY_V1,1789336800000,2026-09-13T22:00:00+00:00,77280.55,77280.55,76623.13,76676.7,47.16630657425843,77051.6825,76569.85021644554,78331.9813,259.7735714285705,0.0033879075576879352,56.010342667501995,1.5,False,TREND_SUPPORT_NOT_CONFIRMED|CLOSE_NOT_ABOVE_BREAKOUT_HIGH|CLOSE_NOT_ABOVE_MA200|RSI_NOT_MOMENTUM_SUPPORTIVE
2026-09-16T07:37:24.395516+00:00,SIE_FIX_BREAKOUT_QUALITY_R_QUALITY_V1,BTC,BTCUSDT,strategy-lab-v1.0.0:SIE_FIX_BREAKOUT_QUALITY_R_QUALITY_V1,1789340400000,2026-09-13T23:00:00+00:00,76676.7,76838.72,76592.32,76799.85,50.891470821230754,77032.8715,76542.63032856364,78316.97050000001,253.37499999999895,0.003299160089505369,47.16630657425843,1.5,False,TREND_SUPPORT_NOT_CONFIRMED|CLOSE_NOT_ABOVE_BREAKOUT_HIGH|CLOSE_NOT_ABOVE_MA200
2026-09-16T07:37:24.395516+00:00,SIE_FIX_BREAKOUT_QUALITY_R_QUALITY_V1,BTC,BTCUSDT,strategy-lab-v1.0.0:SIE_FIX_BREAKOUT_QUALITY_R_QUALITY_V1,1789344000000,2026-09-14T00:00:00+00:00,76799.85,77048.16,76347.27,76767.39,53.466681462575714,77011.81950000001,76514.00421765195,78300.59264999999,290.114999999999,0.003779143722353971,50.891470821230754,1.5,False,TREND_SUPPORT_NOT_CONFIRMED|CLOSE_NOT_ABOVE_BREAKOUT_HIGH|CLOSE_NOT_ABOVE_MA200
2026-09-16T07:37:24.395516+00:00,SIE_FIX_BREAKOUT_QUALITY_R_QUALITY_V1,BTC,BTCUSDT,strategy-lab-v1.0.0:SIE_FIX_BREAKOUT_QUALITY_R_QUALITY_V1,1789347600000,2026-09-14T01:00:00+00:00,76767.4,77127.67,76599.09,77076.83,57.962246370999914,77001.0895,76518.83604960355,78285.6533,305.1671428571416,0.003959259129587213,53.466681462575714,1.5000000000000264,False,TREND_SUPPORT_NOT_CONFIRMED|CLOSE_NOT_ABOVE_BREAKOUT_HIGH|CLOSE_NOT_ABOVE_MA200
2026-09-16T07:37:24.395516+00:00,SIE_FIX_BREAKOUT_QUALITY_R_QUALITY_V1,BTC,BTCUSDT,strategy-lab-v1.0.0:SIE_FIX_BREAKOUT_QUALITY_R_QUALITY_V1,1789351200000,2026-09-14T02:00:00+00:00,77074.05,77690.0,76973.84,77568.87,67.05951271901813,77024.546,76483.34722334184,78273.49755,342.6421428571422,0.004417263560203239,57.962246370999914,1.5,False,TREND_SUPPORT_NOT_CONFIRMED|CLOSE_NOT_ABOVE_MA200
2026-09-16T07:37:24.395516+00:00,SIE_FIX_BREAKOUT_QUALITY_R_QUALITY_V1,BTC,BTCUSDT,strategy-lab-v1.0.0:SIE_FIX_BREAKOUT_QUALITY_R_QUALITY_V1,1789354800000,2026-09-14T03:00:00+00:00,77569.04,77823.52,77461.68,77566.5,65.77214869763131,77047.862,76457.67533489794,78262.564,341.90142857142826,0.004407849117485361,67.05951271901813,1.4999999999999765,False,TREND_SUPPORT_NOT_CONFIRMED|PLANNED_REWARD_TOO_LOW|CLOSE_NOT_ABOVE_BREAKOUT_HIGH|CLOSE_NOT_ABOVE_MA200
2026-09-16T07:37:24.395516+00:00,SIE_FIX_BREAKOUT_QUALITY_R_QUALITY_V1,BTC,BTCUSDT,strategy-lab-v1.0.0:SIE_FIX_BREAKOUT_QUALITY_R_QUALITY_V1,1789358400000,2026-09-14T04:00:00+00:00,77566.5,77668.01,77491.93,77646.46,61.19248211563568,77091.3005,76460.55648081368,78252.09585,325.2028571428569,0.004188250915017335,65.77214869763131,1.5,False,TREND_SUPPORT_NOT_CONFIRMED|CLOSE_NOT_ABOVE_BREAKOUT_HIGH|CLOSE_NOT_ABOVE_MA200
2026-09-16T07:37:24.395516+00:00,SIE_FIX_BREAKOUT_QUALITY_R_QUALITY_V1,BTC,BTCUSDT,strategy-lab-v1.0.0:SIE_FIX_BREAKOUT_QUALITY_R_QUALITY_V1,1789362000000,2026-09-14T05:00:00+00:00,77646.45,77656.73,77455.0,77576.64,61.278575086018186,77131.828,76485.89718566745,78240.4191,325.5728571428564,0.004196789873122326,61.19248211563568,1.4999999999999751,False,TREND_SUPPORT_NOT_CONFIRMED|PLANNED_REWARD_TOO_LOW|CLOSE_NOT_ABOVE_BREAKOUT_HIGH|CLOSE_NOT_ABOVE_MA200
2026-09-16T07:37:24.395516+00:00,SIE_FIX_BREAKOUT_QUALITY_R_QUALITY_V1,BTC,BTCUSDT,strategy-lab-v1.0.0:SIE_FIX_BREAKOUT_QUALITY_R_QUALITY_V1,1789365600000,2026-09-14T06:00:00+00:00,77576.65,77862.41,77334.0,77557.56,57.691777218138235,77177.5845,76547.34688257359,78229.25505,346.43785714285644,0.0044668483271373734,61.278575086018186,1.5,False,TREND_SUPPORT_NOT_CONFIRMED|CLOSE_NOT_ABOVE_BREAKOUT_HIGH|CLOSE_NOT_ABOVE_MA200
2026-09-16T07:37:24.395516+00:00,SIE_FIX_BREAKOUT_QUALITY_R_QUALITY_V1,BTC,BTCUSDT,strategy-lab-v1.0.0:SIE_FIX_BREAKOUT_QUALITY_R_QUALITY_V1,1789369200000,2026-09-14T07:00:00+00:00,77557.57,77855.51,77478.89,77855.5,62.58058977938612,77232.403,76567.51787160238,78219.3747,360.4871428571423,0.0046302077933754494,57.691777218138235,1.4999999999999776,False,TREND_SUPPORT_NOT_CONFIRMED|PLANNED_REWARD_TOO_LOW|CLOSE_NOT_ABOVE_BREAKOUT_HIGH|CLOSE_NOT_ABOVE_MA200
2026-09-16T07:37:24.395516+00:00,SIE_FIX_BREAKOUT_QUALITY_R_QUALITY_V1,BTC,BTCUSDT,strategy-lab-v1.0.0:SIE_FIX_BREAKOUT_QUALITY_R_QUALITY_V1,1789372800000,2026-09-14T08:00:00+00:00,77855.51,77954.47,77609.54,77705.03,58.35478641243523,77281.1455,76627.84727053711,78208.5387,378.9257142857147,0.004876463136115059,62.58058977938612,1.5,False,TREND_SUPPORT_NOT_CONFIRMED|CLOSE_NOT_ABOVE_BREAKOUT_HIGH|CLOSE_NOT_ABOVE_MA200
2026-09-16T07:37:24.395516+00:00,SIE_FIX_BREAKOUT_QUALITY_R_QUALITY_V1,BTC,BTCUSDT,strategy-lab-v1.0.0:SIE_FIX_BREAKOUT_QUALITY_R_QUALITY_V1,1789376400000,2026-09-14T09:00:00+00:00,77705.03,78343.92,77567.09,78120.42,66.00932445711983,77346.2625,76633.64192236043,78199.36925,420.61428571428615,0.005384178499223202,58.35478641243523,1.4999999999999807,False,TREND_SUPPORT_NOT_CONFIRMED|PLANNED_REWARD_TOO_LOW|CLOSE_NOT_ABOVE_MA200
2026-09-16T07:37:24.395516+00:00,SIE_FIX_BREAKOUT_QUALITY_R_QUALITY_V1,BTC,BTCUSDT,strategy-lab-v1.0.0:SIE_FIX_BREAKOUT_QUALITY_R_QUALITY_V1,1789380000000,2026-09-14T10:00:00+00:00,78120.44,78139.74,77855.69,77868.6,59.44730121599269,77380.791,76637.8468053283,78189.17719999999,432.50642857142935,0.005554311090367996,66.00932445711983,1.5,False,TREND_SUPPORT_NOT_CONFIRMED|CLOSE_NOT_ABOVE_BREAKOUT_HIGH|CLOSE_NOT_ABOVE_MA200
2026-09-16T07:37:24.395516+00:00,SIE_FIX_BREAKOUT_QUALITY_R_QUALITY_V1,BTC,BTCUSDT,strategy-lab-v1.0.0:SIE_FIX_BREAKOUT_QUALITY_R_QUALITY_V1,1789383600000,2026-09-14T11:00:00+00:00,77868.58,77898.23,77648.26,77745.43,57.82353911348803,77412.799,76664.9500955304,78177.745,439.28000000000094,0.005650235647291436,59.44730121599269,1.5000000000000184,False,TREND_SUPPORT_NOT_CONFIRMED|CLOSE_NOT_ABOVE_BREAKOUT_HIGH|CLOSE_NOT_ABOVE_MA200
2026-09-16T07:37:24.395516+00:00,SIE_FIX_BREAKOUT_QUALITY_R_QUALITY_V1,BTC,BTCUSDT,strategy-lab-v1.0.0:SIE_FIX_BREAKOUT_QUALITY_R_QUALITY_V1,1789387200000,2026-09-14T12:00:00+00:00,77745.42,78046.66,77565.49,77659.24,70.02486446826725,77432.9405,76681.33528896206,78166.70240000001,426.6900000000013,0.005494388047063058,57.82353911348803,1.5,False,TREND_SUPPORT_NOT_CONFIRMED|CLOSE_NOT_ABOVE_BREAKOUT_HIGH|CLOSE_NOT_ABOVE_MA200
2026-09-16T07:37:24.395516+00:00,SIE_FIX_BREAKOUT_QUALITY_R_QUALITY_V1,BTC,BTCUSDT,strategy-lab-v1.0.0:SIE_FIX_BREAKOUT_QUALITY_R_QUALITY_V1,1789390800000,2026-09-14T13:00:00+00:00,77659.24,78465.88,77420.04,78148.75,73.91955058411284,77475.4485,76665.17119580631,78157.48625,483.79285714285965,0.006190666608779535,70.02486446826725,1.5000000000000167,False,TREND_SUPPORT_NOT_CONFIRMED|CLOSE_NOT_ABOVE_BREAKOUT_HIGH|CLOSE_NOT_ABOVE_MA200
2026-09-16T07:37:24.395516+00:00,SIE_FIX_BREAKOUT_QUALITY_R_QUALITY_V1,BTC,BTCUSDT,strategy-lab-v1.0.0:SIE_FIX_BREAKOUT_QUALITY_R_QUALITY_V1,1789394400000,2026-09-14T14:00:00+00:00,78148.76,78687.69,78132.77,78498.28,77.59067563991803,77534.74549999999,76614.74509142432,78151.07515,473.36642857143096,0.006030277715275175,73.91955058411284,1.5,False,TREND_SUPPORT_NOT_CONFIRMED
2026-09-16T07:37:24.395516+00:00,SIE_FIX_BREAKOUT_QUALITY_R_QUALITY_V1,BTC,BTCUSDT,strategy-lab-v1.0.0:SIE_FIX_BREAKOUT_QUALITY_R_QUALITY_V1,1789398000000,2026-09-14T15:00:00+00:00,78498.28,78666.99,78270.9,78552.45,75.60542225121985,77599.682,76589.29436192023,78144.78705,463.9028571428602,0.005905644663442837,77.59067563991803,1.4999999999999827,False,TREND_SUPPORT_NOT_CONFIRMED|PLANNED_REWARD_TOO_LOW|CLOSE_NOT_ABOVE_BREAKOUT_HIGH
2026-09-16T07:37:24.395516+00:00,SIE_FIX_BREAKOUT_QUALITY_R_QUALITY_V1,BTC,BTCUSDT,strategy-lab-v1.0.0:SIE_FIX_BREAKOUT_QUALITY_R_QUALITY_V1,1789401600000,2026-09-14T16:00:00+00:00,78552.45,78894.77,78402.22,78752.83,72.85813576337951,77671.19450000001,76552.70445227521,78139.32855,447.93071428571733,0.0056878046704571415,75.60542225121985,1.500000000000018,False,TREND_SUPPORT_NOT_CONFIRMED
2026-09-16T07:37:24.395516+00:00,SIE_FIX_BREAKOUT_QUALITY_R_QUALITY_V1,BTC,BTCUSDT,strategy-lab-v1.0.0:SIE_FIX_BREAKOUT_QUALITY_R_QUALITY_V1,1789405200000,2026-09-14T17:00:00+00:00,78752.84,79044.28,78691.01,78941.8,74.76768477164671,77754.2565,76523.08169182228,78134.58515,447.318571428574,0.005666434910637634,72.85813576337951,1.5,False,TREND_SUPPORT_NOT_CONFIRMED
2026-09-16T07:37:24.395516+00:00,SIE_FIX_BREAKOUT_QUALITY_R_QUALITY_V1,BTC,BTCUSDT,strategy-lab-v1.0.0:SIE_FIX_BREAKOUT_QUALITY_R_QUALITY_V1,1789408800000,2026-09-14T18:00:00+00:00,78941.81,79336.77,78838.58,79219.79,76.44758827741771,77881.41100000001,76597.49105444402,78130.681,470.32642857143117,0.005936981511456054,74.76768477164671,1.5,False,TREND_SUPPORT_NOT_CONFIRMED
2026-09-16T07:37:24.395516+00:00,SIE_FIX_BREAKOUT_QUALITY_R_QUALITY_V1,BTC,BTCUSDT,strategy-lab-v1.0.0:SIE_FIX_BREAKOUT_QUALITY_R_QUALITY_V1,1789412400000,2026-09-14T19:00:00+00:00,79219.79,79247.94,78956.59,78982.77,72.37898797757876,77990.557,76721.9189431199,78125.97989999999,476.72785714286044,0.006035846262961661,76.44758827741771,1.5000000000000169,False,TREND_SUPPORT_NOT_CONFIRMED|CLOSE_NOT_ABOVE_BREAKOUT_HIGH
2026-09-16T07:37:24.395516+00:00,SIE_FIX_BREAKOUT_QUALITY_R_QUALITY_V1,BTC,BTCUSDT,strategy-lab-v1.0.0:SIE_FIX_BREAKOUT_QUALITY_R_QUALITY_V1,1789416000000,2026-09-14T20:00:00+00:00,78982.77,79591.17,78968.87,79089.64,73.72066810758614,78106.66949999999,76882.78909124287,78121.8258,483.43428571428893,0.0061124856013289345,72.37898797757876,1.5000000000000167,False,TREND_SUPPORT_NOT_CONFIRMED|CLOSE_NOT_ABOVE_BREAKOUT_HIGH
2026-09-16T07:37:24.395516+00:00,SIE_FIX_BREAKOUT_QUALITY_R_QUALITY_V1,BTC,BTCUSDT,strategy-lab-v1.0.0:SIE_FIX_BREAKOUT_QUALITY_R_QUALITY_V1,1789419600000,2026-09-14T21:00:00+00:00,79089.64,79107.15,78725.01,78742.7,63.530908181380134,78189.963,77032.84368609823,78116.40275,483.82857142857495,0.006144424453677293,73.72066810758614,1.5,False,CLOSE_NOT_ABOVE_BREAKOUT_HIGH
2026-09-16T07:37:24.395516+00:00,SIE_FIX_BREAKOUT_QUALITY_R_QUALITY_V1,BTC,BTCUSDT,strategy-lab-v1.0.0:SIE_FIX_BREAKOUT_QUALITY_R_QUALITY_V1,1789423200000,2026-09-14T22:00:00+00:00,78742.71,78843.54,78469.1,78541.29,62.55887017324654,78238.584,77108.53801452131,78111.4167,485.93642857143067,0.00618701868242081,63.530908181380134,1.5,False,CLOSE_NOT_ABOVE_BREAKOUT_HIGH
2026-09-16T07:37:24.395516+00:00,SIE_FIX_BREAKOUT_QUALITY_R_QUALITY_V1,BTC,BTCUSDT,strategy-lab-v1.0.0:SIE_FIX_BREAKOUT_QUALITY_R_QUALITY_V1,1789426800000,2026-09-14T23:00:00+00:00,78541.3,78564.19,78110.0,78175.01,50.83210121179784,78269.0095,77180.99753536932,78103.76,462.89071428571646,0.0059212108100237726,62.55887017324654,1.4999999999999825,False,PLANNED_REWARD_TOO_LOW|CLOSE_NOT_ABOVE_BREAKOUT_HIGH
2026-09-16T07:37:24.395516+00:00,SIE_FIX_BREAKOUT_QUALITY_R_QUALITY_V1,BTC,BTCUSDT,strategy-lab-v1.0.0:SIE_FIX_BREAKOUT_QUALITY_R_QUALITY_V1,1789430400000,2026-09-15T00:00:00+00:00,78175.0,78242.76,77919.7,77938.07,51.06373856561434,78283.59,77221.84130760592,78095.05425,465.67714285714464,0.0059749637482316995,50.83210121179784,1.4999999999999827,False,PLANNED_REWARD_TOO_LOW|CLOSE_NOT_ABOVE_BREAKOUT_HIGH|CLOSE_NOT_ABOVE_MA200
2026-09-16T07:37:24.395516+00:00,SIE_FIX_BREAKOUT_QUALITY_R_QUALITY_V1,BTC,BTCUSDT,strategy-lab-v1.0.0:SIE_FIX_BREAKOUT_QUALITY_R_QUALITY_V1,1789434000000,2026-09-15T01:00:00+00:00,77938.06,78065.0,77721.53,77893.88,52.329438643731834,78299.452,77271.4816745798,78085.81774999999,472.3557142857161,0.00606409276679652,51.06373856561434,1.499999999999983,False,PLANNED_REWARD_TOO_LOW|CLOSE_NOT_ABOVE_BREAKOUT_HIGH|CLOSE_NOT_ABOVE_MA200
2026-09-16T07:37:24.395516+00:00,SIE_FIX_BREAKOUT_QUALITY_R_QUALITY_V1,BTC,BTCUSDT,strategy-lab-v1.0.0:SIE_FIX_BREAKOUT_QUALITY_R_QUALITY_V1,1789437600000,2026-09-15T02:00:00+00:00,77893.87,78001.0,77762.39,77886.8,53.661723436574746,78315.914,77326.15918851561,78075.54235,455.03000000000196,0.005842196623818181,52.329438643731834,1.5,False,CLOSE_NOT_ABOVE_BREAKOUT_HIGH|CLOSE_NOT_ABOVE_MA200
2026-09-16T07:37:24.395516+00:00,SIE_FIX_BREAKOUT_QUALITY_R_QUALITY_V1,BTC,BTCUSDT,strategy-lab-v1.0.0:SIE_FIX_BREAKOUT_QUALITY_R_QUALITY_V1,1789441200000,2026-09-15T03:00:00+00:00,77886.82,77887.62,77629.99,77660.32,41.413729454161945,78306.155,77294.82017768816,78064.69405,398.72928571428616,0.005134273020176663,53.661723436574746,1.5,False,CLOSE_NOT_ABOVE_BREAKOUT_HIGH|CLOSE_NOT_ABOVE_MA200|RSI_NOT_MOMENTUM_SUPPORTIVE
2026-09-16T07:37:24.395516+00:00,SIE_FIX_BREAKOUT_QUALITY_R_QUALITY_V1,BTC,BTCUSDT,strategy-lab-v1.0.0:SIE_FIX_BREAKOUT_QUALITY_R_QUALITY_V1,1789444800000,2026-09-15T04:00:00+00:00,77660.32,77724.43,77513.68,77547.75,31.771686310306748,78298.291,77266.14947457021,78052.88355,374.14571428571486,0.0048247139895833836,41.413729454161945,1.5,False,CLOSE_NOT_ABOVE_BREAKOUT_HIGH|CLOSE_NOT_ABOVE_MA200|RSI_NOT_MOMENTUM_SUPPORTIVE
2026-09-16T07:37:24.395516+00:00,SIE_FIX_BREAKOUT_QUALITY_R_QUALITY_V1,BTC,BTCUSDT,strategy-lab-v1.0.0:SIE_FIX_BREAKOUT_QUALITY_R_QUALITY_V1,1789448400000,2026-09-15T05:00:00+00:00,77547.76,77649.15,77281.65,77610.01,31.982732910704925,78272.77050000001,77199.86348012387,78041.2078,372.10357142857123,0.0047945306466082305,31.771686310306748,1.4999999999999782,False,PLANNED_REWARD_TOO_LOW|CLOSE_NOT_ABOVE_BREAKOUT_HIGH|CLOSE_NOT_ABOVE_MA200|RSI_NOT_MOMENTUM_SUPPORTIVE
2026-09-16T07:37:24.395516+00:00,SIE_FIX_BREAKOUT_QUALITY_R_QUALITY_V1,BTC,BTCUSDT,strategy-lab-v1.0.0:SIE_FIX_BREAKOUT_QUALITY_R_QUALITY_V1,1789452000000,2026-09-15T06:00:00+00:00,77610.09,77711.6,77161.42,77265.01,23.046739130434375,78242.591,77094.57891344493,78027.28915,376.22000000000014,0.004869215703201231,31.982732910704925,1.5,False,CLOSE_NOT_ABOVE_BREAKOUT_HIGH|CLOSE_NOT_ABOVE_MA200|RSI_NOT_MOMENTUM_SUPPORTIVE
2026-09-16T07:37:24.395516+00:00,SIE_FIX_BREAKOUT_QUALITY_R_QUALITY_V1,BTC,BTCUSDT,strategy-lab-v1.0.0:SIE_FIX_BREAKOUT_QUALITY_R_QUALITY_V1,1789455600000,2026-09-15T07:00:00+00:00,77265.01,77294.12,76828.02,76878.62,15.11858308931383,78199.2505,76921.33511903789,78009.9866,384.2792857142849,0.004998519558679447,23.046739130434375,1.499999999999979,False,PLANNED_REWARD_TOO_LOW|CLOSE_NOT_ABOVE_BREAKOUT_HIGH|CLOSE_NOT_ABOVE_MA200|RSI_NOT_MOMENTUM_SUPPORTIVE
2026-09-16T07:37:24.395516+00:00,SIE_FIX_BREAKOUT_QUALITY_R_QUALITY_V1,BTC,BTCUSDT,strategy-lab-v1.0.0:SIE_FIX_BREAKOUT_QUALITY_R_QUALITY_V1,1789459200000,2026-09-15T08:00:00+00:00,76877.81,76968.68,76647.52,76955.06,8.910797679135598,78164.0415,76793.13349498599,77994.00325000001,371.634285714284,0.004829237813787475,15.11858308931383,1.5,False,CLOSE_NOT_ABOVE_BREAKOUT_HIGH|CLOSE_NOT_ABOVE_MA200|RSI_NOT_MOMENTUM_SUPPORTIVE
2026-09-16T07:37:24.395516+00:00,SIE_FIX_BREAKOUT_QUALITY_R_QUALITY_V1,BTC,BTCUSDT,strategy-lab-v1.0.0:SIE_FIX_BREAKOUT_QUALITY_R_QUALITY_V1,1789462800000,2026-09-15T09:00:00+00:00,76955.06,77026.0,76816.25,76946.72,9.717116639429307,78103.94,76633.8149856286,77979.15179999999,365.8057142857121,0.004754013092250224,8.910797679135598,1.5,False,CLOSE_NOT_ABOVE_BREAKOUT_HIGH|CLOSE_NOT_ABOVE_MA200|RSI_NOT_MOMENTUM_SUPPORTIVE
2026-09-16T07:37:24.395516+00:00,SIE_FIX_BREAKOUT_QUALITY_R_QUALITY_V1,BTC,BTCUSDT,strategy-lab-v1.0.0:SIE_FIX_BREAKOUT_QUALITY_R_QUALITY_V1,1789466400000,2026-09-15T10:00:00+00:00,76946.71,77135.0,76827.51,77014.58,8.301650202155713,78029.755,76498.2543843356,77964.91345,343.3192857142837,0.004457847925863956,9.717116639429307,1.4999999999999765,False,PLANNED_REWARD_TOO_LOW|CLOSE_NOT_ABOVE_BREAKOUT_HIGH|CLOSE_NOT_ABOVE_MA200|RSI_NOT_MOMENTUM_SUPPORTIVE
2026-09-16T07:37:24.395516+00:00,SIE_FIX_BREAKOUT_QUALITY_R_QUALITY_V1,BTC,BTCUSDT,strategy-lab-v1.0.0:SIE_FIX_BREAKOUT_QUALITY_R_QUALITY_V1,1789470000000,2026-09-15T11:00:00+00:00,77014.58,77182.74,76795.43,76895.19,9.13727589211851,77946.892,76359.17837218658,77951.48675,343.68857142857036,0.004469571782429699,8.301650202155713,1.5000000000000235,False,TREND_SUPPORT_NOT_CONFIRMED|CLOSE_NOT_ABOVE_BREAKOUT_HIGH|CLOSE_NOT_ABOVE_MA200|RSI_NOT_MOMENTUM_SUPPORTIVE
2026-09-16T07:37:24.395516+00:00,SIE_FIX_BREAKOUT_QUALITY_R_QUALITY_V1,BTC,BTCUSDT,strategy-lab-v1.0.0:SIE_FIX_BREAKOUT_QUALITY_R_QUALITY_V1,1789473600000,2026-09-15T12:00:00+00:00,76895.59,77100.0,76818.29,76914.72,10.87624774503901,77854.9865,76251.79696791983,77937.5179,337.0650000000002,0.0043823210953638034,9.13727589211851,1.5,False,TREND_SUPPORT_NOT_CONFIRMED|CLOSE_NOT_ABOVE_BREAKOUT_HIGH|CLOSE_NOT_ABOVE_MA200|RSI_NOT_MOMENTUM_SUPPORTIVE
2026-09-16T07:37:24.395516+00:00,SIE_FIX_BREAKOUT_QUALITY_R_QUALITY_V1,BTC,BTCUSDT,strategy-lab-v1.0.0:SIE_FIX_BREAKOUT_QUALITY_R_QUALITY_V1,1789477200000,2026-09-15T13:00:00+00:00,76914.71,77099.91,76068.72,76571.36,10.997504657486175,77736.4645,76121.7405299731,77921.67365,378.27928571428595,0.004940218976315504,10.87624774503901,1.5,False,TREND_SUPPORT_NOT_CONFIRMED|CLOSE_NOT_ABOVE_BREAKOUT_HIGH|CLOSE_NOT_ABOVE_MA200|RSI_NOT_MOMENTUM_SUPPORTIVE
2026-09-16T07:37:24.395516+00:00,SIE_FIX_BREAKOUT_QUALITY_R_QUALITY_V1,BTC,BTCUSDT,strategy-lab-v1.0.0:SIE_FIX_BREAKOUT_QUALITY_R_QUALITY_V1,1789480800000,2026-09-15T14:00:00+00:00,76579.01,76649.67,75538.01,75869.26,8.968302135272083,77568.938,75909.92847388376,77902.79234999999,434.6078571428578,0.005728378755016958,10.997504657486175,1.5,False,TREND_SUPPORT_NOT_CONFIRMED|CLOSE_NOT_ABOVE_BREAKOUT_HIGH|CLOSE_NOT_ABOVE_MA200|RSI_NOT_MOMENTUM_SUPPORTIVE
2026-09-16T07:37:24.395516+00:00,SIE_FIX_BREAKOUT_QUALITY_R_QUALITY_V1,BTC,BTCUSDT,strategy-lab-v1.0.0:SIE_FIX_BREAKOUT_QUALITY_R_QUALITY_V1,1789484400000,2026-09-15T15:00:00+00:00,75869.26,76559.88,75765.8,76466.09,26.773554396592857,77443.10399999999,75851.73779987621,77888.20045,466.79428571428645,0.006104592057921184,8.968302135272083,1.4999999999999827,False,TREND_SUPPORT_NOT_CONFIRMED|PLANNED_REWARD_TOO_LOW|CLOSE_NOT_ABOVE_BREAKOUT_HIGH|CLOSE_NOT_ABOVE_MA200|RSI_NOT_MOMENTUM_SUPPORTIVE
2026-09-16T07:37:24.395516+00:00,SIE_FIX_BREAKOUT_QUALITY_R_QUALITY_V1,BTC,BTCUSDT,strategy-lab-v1.0.0:SIE_FIX_BREAKOUT_QUALITY_R_QUALITY_V1,1789488000000,2026-09-15T16:00:00+00:00,76464.95,76530.28,76199.77,76330.6,25.699866335211297,77305.152,75834.90024066612,77872.7642,473.35857142857174,0.006201426052311546,26.773554396592857,1.499999999999983,False,TREND_SUPPORT_NOT_CONFIRMED|PLANNED_REWARD_TOO_LOW|CLOSE_NOT_ABOVE_BREAKOUT_HIGH|CLOSE_NOT_ABOVE_MA200|RSI_NOT_MOMENTUM_SUPPORTIVE
2026-09-16T07:37:24.395516+00:00,SIE_FIX_BREAKOUT_QUALITY_R_QUALITY_V1,BTC,BTCUSDT,strategy-lab-v1.0.0:SIE_FIX_BREAKOUT_QUALITY_R_QUALITY_V1,1789491600000,2026-09-15T17:00:00+00:00,76329.49,77297.04,76133.32,76911.06,39.464907396471176,77213.56999999999,75892.2660851642,77860.81294999999,538.0792857142858,0.0069961236487221185,25.699866335211297,1.5,False,TREND_SUPPORT_NOT_CONFIRMED|CLOSE_NOT_ABOVE_BREAKOUT_HIGH|CLOSE_NOT_ABOVE_MA200|RSI_NOT_MOMENTUM_SUPPORTIVE
2026-09-16T07:37:24.395516+00:00,SIE_FIX_BREAKOUT_QUALITY_R_QUALITY_V1,BTC,BTCUSDT,strategy-lab-v1.0.0:SIE_FIX_BREAKOUT_QUALITY_R_QUALITY_V1,1789495200000,2026-09-15T18:00:00+00:00,76909.14,77170.93,74887.5,75931.01,31.725556685882097,77083.056,75796.92522530546,77843.7148,686.1278571428567,0.009036200850520185,39.464907396471176,1.5000000000000118,False,TREND_SUPPORT_NOT_CONFIRMED|CLOSE_NOT_ABOVE_BREAKOUT_HIGH|CLOSE_NOT_ABOVE_MA200|RSI_NOT_MOMENTUM_SUPPORTIVE
2026-09-16T07:37:24.395516+00:00,SIE_FIX_BREAKOUT_QUALITY_R_QUALITY_V1,BTC,BTCUSDT,strategy-lab-v1.0.0:SIE_FIX_BREAKOUT_QUALITY_R_QUALITY_V1,1789498800000,2026-09-15T19:00:00+00:00,75930.01,76263.1,75754.58,76126.33,33.71929701353659,76980.622,75732.92264022442,77827.3008,696.2007142857141,0.00914533400317228,31.725556685882097,1.4999999999999885,False,TREND_SUPPORT_NOT_CONFIRMED|PLANNED_REWARD_TOO_LOW|CLOSE_NOT_ABOVE_BREAKOUT_HIGH|CLOSE_NOT_ABOVE_MA200|RSI_NOT_MOMENTUM_SUPPORTIVE
2026-09-16T07:37:24.395516+00:00,SIE_FIX_BREAKOUT_QUALITY_R_QUALITY_V1,BTC,BTCUSDT,strategy-lab-v1.0.0:SIE_FIX_BREAKOUT_QUALITY_R_QUALITY_V1,1789502400000,2026-09-15T20:00:00+00:00,76126.35,76187.2,75545.08,75874.28,34.421466033098824,76877.4325,75622.19603208036,77808.68340000001,702.7678571428561,0.009262267228669005,33.71929701353659,1.4999999999999885,False,TREND_SUPPORT_NOT_CONFIRMED|PLANNED_REWARD_TOO_LOW|CLOSE_NOT_ABOVE_BREAKOUT_HIGH|CLOSE_NOT_ABOVE_MA200|RSI_NOT_MOMENTUM_SUPPORTIVE
2026-09-16T07:37:24.395516+00:00,SIE_FIX_BREAKOUT_QUALITY_R_QUALITY_V1,BTC,BTCUSDT,strategy-lab-v1.0.0:SIE_FIX_BREAKOUT_QUALITY_R_QUALITY_V1,1789506000000,2026-09-15T21:00:00+00:00,75873.92,75901.01,75333.0,75390.09,33.68344437355995,76752.243,75429.8461665327,77788.90965,710.047142857142,0.00941830873072498,34.421466033098824,1.4999999999999887,False,TREND_SUPPORT_NOT_CONFIRMED|PLANNED_REWARD_TOO_LOW|CLOSE_NOT_ABOVE_BREAKOUT_HIGH|CLOSE_NOT_ABOVE_MA200|RSI_NOT_MOMENTUM_SUPPORTIVE
2026-09-16T07:37:24.395516+00:00,SIE_FIX_BREAKOUT_QUALITY_R_QUALITY_V1,BTC,BTCUSDT,strategy-lab-v1.0.0:SIE_FIX_BREAKOUT_QUALITY_R_QUALITY_V1,1789509600000,2026-09-15T22:00:00+00:00,75390.1,75697.71,75064.47,75611.0,35.71935535967772,76638.45300000001,75334.61868210364,77771.04415,732.3385714285718,0.009685608858877303,33.68344437355995,1.499999999999989,False,TREND_SUPPORT_NOT_CONFIRMED|PLANNED_REWARD_TOO_LOW|CLOSE_NOT_ABOVE_BREAKOUT_HIGH|CLOSE_NOT_ABOVE_MA200|RSI_NOT_MOMENTUM_SUPPORTIVE
2026-09-16T07:37:24.395516+00:00,SIE_FIX_BREAKOUT_QUALITY_R_QUALITY_V1,BTC,BTCUSDT,strategy-lab-v1.0.0:SIE_FIX_BREAKOUT_QUALITY_R_QUALITY_V1,1789513200000,2026-09-15T23:00:00+00:00,75611.0,75894.96,75507.17,75584.17,35.579558755982276,76534.6455,75242.22914449406,77754.90105,745.0557142857152,0.009857298350775237,35.71935535967772,1.5000000000000109,False,TREND_SUPPORT_NOT_CONFIRMED|CLOSE_NOT_ABOVE_BREAKOUT_HIGH|CLOSE_NOT_ABOVE_MA200|RSI_NOT_MOMENTUM_SUPPORTIVE
2026-09-16T07:37:24.395516+00:00,SIE_FIX_BREAKOUT_QUALITY_R_QUALITY_V1,BTC,BTCUSDT,strategy-lab-v1.0.0:SIE_FIX_BREAKOUT_QUALITY_R_QUALITY_V1,1789516800000,2026-09-16T00:00:00+00:00,75584.17,75860.78,75523.35,75712.21,36.38983812479762,76442.8685,75191.20886183505,77738.4072,747.1942857142858,0.00986887432970568,35.579558755982276,1.5,False,TREND_SUPPORT_NOT_CONFIRMED|CLOSE_NOT_ABOVE_BREAKOUT_HIGH|CLOSE_NOT_ABOVE_MA200|RSI_NOT_MOMENTUM_SUPPORTIVE
2026-09-16T07:37:24.395516+00:00,SIE_FIX_BREAKOUT_QUALITY_R_QUALITY_V1,BTC,BTCUSDT,strategy-lab-v1.0.0:SIE_FIX_BREAKOUT_QUALITY_R_QUALITY_V1,1789520400000,2026-09-16T01:00:00+00:00,75712.21,75901.02,75394.31,75434.59,35.224913914841466,76334.0975,75129.85143770411,77719.70555,755.7228571428568,0.010018253657146634,36.38983812479762,1.5000000000000107,False,TREND_SUPPORT_NOT_CONFIRMED|CLOSE_NOT_ABOVE_BREAKOUT_HIGH|CLOSE_NOT_ABOVE_MA200|RSI_NOT_MOMENTUM_SUPPORTIVE
2026-09-16T07:37:24.395516+00:00,SIE_FIX_BREAKOUT_QUALITY_R_QUALITY_V1,BTC,BTCUSDT,strategy-lab-v1.0.0:SIE_FIX_BREAKOUT_QUALITY_R_QUALITY_V1,1789524000000,2026-09-16T02:00:00+00:00,75434.59,76054.53,75420.87,75824.85,39.74434978008899,76262.08949999999,75118.40468458136,77702.85470000001,780.8621428571423,0.01029823524685037,35.224913914841466,1.4999999999999896,False,TREND_SUPPORT_NOT_CONFIRMED|PLANNED_REWARD_TOO_LOW|CLOSE_NOT_ABOVE_BREAKOUT_HIGH|CLOSE_NOT_ABOVE_MA200|RSI_NOT_MOMENTUM_SUPPORTIVE
2026-09-16T07:37:24.395516+00:00,SIE_FIX_BREAKOUT_QUALITY_R_QUALITY_V1,BTC,BTCUSDT,strategy-lab-v1.0.0:SIE_FIX_BREAKOUT_QUALITY_R_QUALITY_V1,1789527600000,2026-09-16T03:00:00+00:00,75824.86,76016.38,75691.95,75755.41,41.904599382092684,76205.929,75078.66603084147,77684.8707,730.3792857142855,0.009641282196404,39.74434978008899,1.500000000000011,False,TREND_SUPPORT_NOT_CONFIRMED|CLOSE_NOT_ABOVE_BREAKOUT_HIGH|CLOSE_NOT_ABOVE_MA200|RSI_NOT_MOMENTUM_SUPPORTIVE
2026-09-16T07:37:24.395516+00:00,SIE_FIX_BREAKOUT_QUALITY_R_QUALITY_V1,BTC,BTCUSDT,strategy-lab-v1.0.0:SIE_FIX_BREAKOUT_QUALITY_R_QUALITY_V1,1789531200000,2026-09-16T04:00:00+00:00,75755.41,75962.07,75745.58,75796.36,49.167511716501835,76147.99399999999,75062.35785153399,77667.74975,666.4385714285714,0.008792487811137256,41.904599382092684,1.5000000000000122,False,TREND_SUPPORT_NOT_CONFIRMED|CLOSE_NOT_ABOVE_BREAKOUT_HIGH|CLOSE_NOT_ABOVE_MA200|RSI_NOT_MOMENTUM_SUPPORTIVE
2026-09-16T07:37:24.395516+00:00,SIE_FIX_BREAKOUT_QUALITY_R_QUALITY_V1,BTC,BTCUSDT,strategy-lab-v1.0.0:SIE_FIX_BREAKOUT_QUALITY_R_QUALITY_V1,1789534800000,2026-09-16T05:00:00+00:00,75796.36,75940.24,75610.34,75905.89,42.801595419337346,76095.9525,75070.32937198704,77651.5818,633.2828571428576,0.008343000222286538,49.167511716501835,1.5000000000000127,False,TREND_SUPPORT_NOT_CONFIRMED|CLOSE_NOT_ABOVE_BREAKOUT_HIGH|CLOSE_NOT_ABOVE_MA200|RSI_NOT_MOMENTUM_SUPPORTIVE
2026-09-16T07:37:24.395516+00:00,SIE_FIX_BREAKOUT_QUALITY_R_QUALITY_V1,BTC,BTCUSDT,strategy-lab-v1.0.0:SIE_FIX_BREAKOUT_QUALITY_R_QUALITY_V1,1789538400000,2026-09-16T06:00:00+00:00,75905.03,75979.27,75749.56,75969.0,45.26547884653654,76043.6735,75108.0354738109,77636.7896,626.0828571428584,0.008241293911238247,42.801595419337346,1.4999999999999871,False,TREND_SUPPORT_NOT_CONFIRMED|PLANNED_REWARD_TOO_LOW|CLOSE_NOT_ABOVE_BREAKOUT_HIGH|CLOSE_NOT_ABOVE_MA200|RSI_NOT_MOMENTUM_SUPPORTIVE
2026-09-16T07:37:24.395516+00:00,SIE_FIX_BREAKOUT_QUALITY_R_QUALITY_V1,BTC,BTCUSDT,strategy-lab-v1.0.0:SIE_FIX_BREAKOUT_QUALITY_R_QUALITY_V1,1789542000000,2026-09-16T07:00:00+00:00,75969.0,76040.0,75688.46,75750.17,33.210206153659485,75986.4225,75129.38072797543,77620.0806,568.0700000000018,0.0074992570973768345,45.26547884653654,1.5,False,TREND_SUPPORT_NOT_CONFIRMED|CLOSE_NOT_ABOVE_BREAKOUT_HIGH|CLOSE_NOT_ABOVE_MA200|RSI_NOT_MOMENTUM_SUPPORTIVE
2026-09-16T07:37:24.395516+00:00,SIE_FIX_BREAKOUT_QUALITY_R_QUALITY_V1,BNB,BNBUSDT,strategy-lab-v1.0.0:SIE_FIX_BREAKOUT_QUALITY_R_QUALITY_V1,1789326000000,2026-09-13T19:00:00+00:00,721.99,722.64,720.46,720.79,38.324420677361864,721.246,712.3841573022291,737.68695,2.914285714285719,0.004043182777626936,40.018613308515675,1.5,False,TREND_SUPPORT_NOT_CONFIRMED|CLOSE_NOT_ABOVE_BREAKOUT_HIGH|CLOSE_NOT_ABOVE_MA200|RSI_NOT_MOMENTUM_SUPPORTIVE
2026-09-16T07:37:24.395516+00:00,SIE_FIX_BREAKOUT_QUALITY_R_QUALITY_V1,BNB,BNBUSDT,strategy-lab-v1.0.0:SIE_FIX_BREAKOUT_QUALITY_R_QUALITY_V1,1789329600000,2026-09-13T20:00:00+00:00,720.87,722.44,720.87,722.0,51.334379905808454,720.9504999999999,712.6189395819249,737.4805500000001,2.701428571428583,0.0037415908191531623,38.324420677361864,1.5000000000000233,False,TREND_SUPPORT_NOT_CONFIRMED|CLOSE_NOT_ABOVE_BREAKOUT_HIGH|CLOSE_NOT_ABOVE_MA200
2026-09-16T07:37:24.395516+00:00,SIE_FIX_BREAKOUT_QUALITY_R_QUALITY_V1,BNB,BNBUSDT,strategy-lab-v1.0.0:SIE_FIX_BREAKOUT_QUALITY_R_QUALITY_V1,1789333200000,2026-09-13T21:00:00+00:00,722.01,722.59,720.97,721.21,47.58441558441573,720.6055,712.9438696904618,737.2815,2.6828571428571553,0.003719938912185293,51.334379905808454,1.5,False,TREND_SUPPORT_NOT_CONFIRMED|CLOSE_NOT_ABOVE_BREAKOUT_HIGH|CLOSE_NOT_ABOVE_MA200|RSI_NOT_MOMENTUM_SUPPORTIVE
2026-09-16T07:37:24.395516+00:00,SIE_FIX_BREAKOUT_QUALITY_R_QUALITY_V1,BNB,BNBUSDT,strategy-lab-v1.0.0:SIE_FIX_BREAKOUT_QUALITY_R_QUALITY_V1,1789336800000,2026-09-13T22:00:00+00:00,721.3,721.3,715.05,715.6,45.10093549975384,719.9970000000001,712.7883604612219,737.0112000000001,2.747857142857153,0.0038399345204823267,47.58441558441573,1.500000000000023,False,TREND_SUPPORT_NOT_CONFIRMED|CLOSE_NOT_ABOVE_BREAKOUT_HIGH|CLOSE_NOT_ABOVE_MA200|RSI_NOT_MOMENTUM_SUPPORTIVE
2026-09-16T07:37:24.395516+00:00,SIE_FIX_BREAKOUT_QUALITY_R_QUALITY_V1,BNB,BNBUSDT,strategy-lab-v1.0.0:SIE_FIX_BREAKOUT_QUALITY_R_QUALITY_V1,1789340400000,2026-09-13T23:00:00+00:00,715.43,716.79,715.25,716.12,50.1294665976177,719.458,712.8038025277247,736.7416000000001,2.537142857142864,0.0035429018281054347,45.10093549975384,1.5000000000000249,False,TREND_SUPPORT_NOT_CONFIRMED|CLOSE_NOT_ABOVE_BREAKOUT_HIGH|CLOSE_NOT_ABOVE_MA200
2026-09-16T07:37:24.395516+00:00,SIE_FIX_BREAKOUT_QUALITY_R_QUALITY_V1,BNB,BNBUSDT,strategy-lab-v1.0.0:SIE_FIX_BREAKOUT_QUALITY_R_QUALITY_V1,1789344000000,2026-09-14T00:00:00+00:00,716.17,720.0,713.67,718.39,59.2464055528012,719.064,713.1814107741543,736.46675,2.8478571428571513,0.003964221582785327,50.1294665976177,1.5,False,TREND_SUPPORT_NOT_CONFIRMED|CLOSE_NOT_ABOVE_BREAKOUT_HIGH|CLOSE_NOT_ABOVE_MA200
2026-09-16T07:37:24.395516+00:00,SIE_FIX_BREAKOUT_QUALITY_R_QUALITY_V1,BNB,BNBUSDT,strategy-lab-v1.0.0:SIE_FIX_BREAKOUT_QUALITY_R_QUALITY_V1,1789347600000,2026-09-14T01:00:00+00:00,718.61,719.88,714.38,719.2,58.295281582953,718.7225,713.7791170490203,736.1816,3.0435714285714375,0.004231884633720018,59.2464055528012,1.5,False,TREND_SUPPORT_NOT_CONFIRMED|CLOSE_NOT_ABOVE_BREAKOUT_HIGH|CLOSE_NOT_ABOVE_MA200
2026-09-16T07:37:24.395516+00:00,SIE_FIX_BREAKOUT_QUALITY_R_QUALITY_V1,BNB,BNBUSDT,strategy-lab-v1.0.0:SIE_FIX_BREAKOUT_QUALITY_R_QUALITY_V1,1789351200000,2026-09-14T02:00:00+00:00,719.24,724.54,718.76,723.27,67.21382289416846,718.8115,713.614434385633,735.9139499999999,3.317857142857146,0.0045873009289160984,58.295281582953,1.5,False,TREND_SUPPORT_NOT_CONFIRMED|CLOSE_NOT_ABOVE_BREAKOUT_HIGH|CLOSE_NOT_ABOVE_MA200
2026-09-16T07:37:24.395516+00:00,SIE_FIX_BREAKOUT_QUALITY_R_QUALITY_V1,BNB,BNBUSDT,strategy-lab-v1.0.0:SIE_FIX_BREAKOUT_QUALITY_R_QUALITY_V1,1789354800000,2026-09-14T03:00:00+00:00,723.15,724.8,721.26,722.49,61.1600928074247,718.829,713.5850743712333,735.65815,3.1878571428571427,0.004412320091429837,67.21382289416846,1.4999999999999802,False,TREND_SUPPORT_NOT_CONFIRMED|PLANNED_REWARD_TOO_LOW|CLOSE_NOT_ABOVE_BREAKOUT_HIGH|CLOSE_NOT_ABOVE_MA200
2026-09-16T07:37:24.395516+00:00,SIE_FIX_BREAKOUT_QUALITY_R_QUALITY_V1,BNB,BNBUSDT,strategy-lab-v1.0.0:SIE_FIX_BREAKOUT_QUALITY_R_QUALITY_V1,1789358400000,2026-09-14T04:00:00+00:00,721.85,725.29,721.85,724.41,63.46573548668697,719.17,713.4292578876912,735.4265999999999,3.267857142857135,0.004511060232267825,61.1600928074247,1.5,False,TREND_SUPPORT_NOT_CONFIRMED|CLOSE_NOT_ABOVE_BREAKOUT_HIGH|CLOSE_NOT_ABOVE_MA200
2026-09-16T07:37:24.395516+00:00,SIE_FIX_BREAKOUT_QUALITY_R_QUALITY_V1,BNB,BNBUSDT,strategy-lab-v1.0.0:SIE_FIX_BREAKOUT_QUALITY_R_QUALITY_V1,1789362000000,2026-09-14T05:00:00+00:00,724.25,725.51,723.8,724.63,63.401836466987305,719.598,713.5760647628827,735.1925,3.2235714285714203,0.004448575726331259,63.46573548668697,1.5,False,TREND_SUPPORT_NOT_CONFIRMED|CLOSE_NOT_ABOVE_BREAKOUT_HIGH|CLOSE_NOT_ABOVE_MA200
2026-09-16T07:37:24.395516+00:00,SIE_FIX_BREAKOUT_QUALITY_R_QUALITY_V1,BNB,BNBUSDT,strategy-lab-v1.0.0:SIE_FIX_BREAKOUT_QUALITY_R_QUALITY_V1,1789365600000,2026-09-14T06:00:00+00:00,724.68,726.27,722.24,723.48,56.22988505747135,720.039,714.2404660473501,734.9579000000001,3.319999999999993,0.004588931276607498,63.401836466987305,1.499999999999981,False,TREND_SUPPORT_NOT_CONFIRMED|PLANNED_REWARD_TOO_LOW|CLOSE_NOT_ABOVE_BREAKOUT_HIGH|CLOSE_NOT_ABOVE_MA200
2026-09-16T07:37:24.395516+00:00,SIE_FIX_BREAKOUT_QUALITY_R_QUALITY_V1,BNB,BNBUSDT,strategy-lab-v1.0.0:SIE_FIX_BREAKOUT_QUALITY_R_QUALITY_V1,1789369200000,2026-09-14T07:00:00+00:00,723.1,724.91,722.94,724.52,58.190601668862584,720.4685,714.6784904145128,734.7480499999999,3.368571428571418,0.004649383631330285,56.22988505747135,1.5,False,TREND_SUPPORT_NOT_CONFIRMED|CLOSE_NOT_ABOVE_BREAKOUT_HIGH|CLOSE_NOT_ABOVE_MA200
2026-09-16T07:37:24.395516+00:00,SIE_FIX_BREAKOUT_QUALITY_R_QUALITY_V1,BNB,BNBUSDT,strategy-lab-v1.0.0:SIE_FIX_BREAKOUT_QUALITY_R_QUALITY_V1,1789372800000,2026-09-14T08:00:00+00:00,724.35,725.45,723.23,723.54,53.457446808510525,720.8805,715.4593028074943,734.53055,3.4114285714285626,0.004714913579661888,58.190601668862584,1.5000000000000184,False,TREND_SUPPORT_NOT_CONFIRMED|CLOSE_NOT_ABOVE_BREAKOUT_HIGH|CLOSE_NOT_ABOVE_MA200
2026-09-16T07:37:24.395516+00:00,SIE_FIX_BREAKOUT_QUALITY_R_QUALITY_V1,BNB,BNBUSDT,strategy-lab-v1.0.0:SIE_FIX_BREAKOUT_QUALITY_R_QUALITY_V1,1789376400000,2026-09-14T09:00:00+00:00,723.75,728.0,721.61,724.64,58.566978193146504,721.2284999999999,715.7802809331827,734.3270000000001,3.712142857142851,0.005122740750086734,53.457446808510525,1.5,False,TREND_SUPPORT_NOT_CONFIRMED|CLOSE_NOT_ABOVE_BREAKOUT_HIGH|CLOSE_NOT_ABOVE_MA200
2026-09-16T07:37:24.395516+00:00,SIE_FIX_BREAKOUT_QUALITY_R_QUALITY_V1,BNB,BNBUSDT,strategy-lab-v1.0.0:SIE_FIX_BREAKOUT_QUALITY_R_QUALITY_V1,1789380000000,2026-09-14T10:00:00+00:00,724.78,725.02,722.6,722.73,51.57531290461809,721.4530000000001,716.1477041552776,734.11985,3.7671428571428414,0.005212379252477192,58.566978193146504,1.5000000000000169,False,TREND_SUPPORT_NOT_CONFIRMED|CLOSE_NOT_ABOVE_BREAKOUT_HIGH|CLOSE_NOT_ABOVE_MA200
2026-09-16T07:37:24.395516+00:00,SIE_FIX_BREAKOUT_QUALITY_R_QUALITY_V1,BNB,BNBUSDT,strategy-lab-v1.0.0:SIE_FIX_BREAKOUT_QUALITY_R_QUALITY_V1,1789383600000,2026-09-14T11:00:00+00:00,722.64,722.91,720.46,721.69,51.024765157984675,721.6125,716.4830170825871,733.9033499999999,3.8264285714285506,0.005302039063072164,51.57531290461809,1.5,False,TREND_SUPPORT_NOT_CONFIRMED|CLOSE_NOT_ABOVE_BREAKOUT_HIGH|CLOSE_NOT_ABOVE_MA200
2026-09-16T07:37:24.395516+00:00,SIE_FIX_BREAKOUT_QUALITY_R_QUALITY_V1,BNB,BNBUSDT,strategy-lab-v1.0.0:SIE_FIX_BREAKOUT_QUALITY_R_QUALITY_V1,1789387200000,2026-09-14T12:00:00+00:00,721.79,723.01,719.72,719.91,61.00051046452262,721.5695,716.3982391286041,733.6876,3.6149999999999767,0.005021461015960296,51.024765157984675,1.5,False,TREND_SUPPORT_NOT_CONFIRMED|CLOSE_NOT_ABOVE_BREAKOUT_HIGH|CLOSE_NOT_ABOVE_MA200
2026-09-16T07:37:24.395516+00:00,SIE_FIX_BREAKOUT_QUALITY_R_QUALITY_V1,BNB,BNBUSDT,strategy-lab-v1.0.0:SIE_FIX_BREAKOUT_QUALITY_R_QUALITY_V1,1789390800000,2026-09-14T13:00:00+00:00,719.88,723.19,716.91,721.03,62.159484893511596,721.5815,716.4164200393383,733.48245,3.953571428571414,0.005483227367198888,61.00051046452262,1.5,False,TREND_SUPPORT_NOT_CONFIRMED|CLOSE_NOT_ABOVE_BREAKOUT_HIGH|CLOSE_NOT_ABOVE_MA200
2026-09-16T07:37:24.395516+00:00,SIE_FIX_BREAKOUT_QUALITY_R_QUALITY_V1,BNB,BNBUSDT,strategy-lab-v1.0.0:SIE_FIX_BREAKOUT_QUALITY_R_QUALITY_V1,1789394400000,2026-09-14T14:00:00+00:00,720.96,723.36,719.7,721.68,58.8583737210554,721.5665,716.4043947124231,733.2897,3.762857142857123,0.005214024419212287,62.159484893511596,1.5,False,TREND_SUPPORT_NOT_CONFIRMED|CLOSE_NOT_ABOVE_BREAKOUT_HIGH|CLOSE_NOT_ABOVE_MA200
2026-09-16T07:37:24.395516+00:00,SIE_FIX_BREAKOUT_QUALITY_R_QUALITY_V1,BNB,BNBUSDT,strategy-lab-v1.0.0:SIE_FIX_BREAKOUT_QUALITY_R_QUALITY_V1,1789398000000,2026-09-14T15:00:00+00:00,721.2,722.8,720.13,722.38,58.61321776814725,721.646,716.4852039373727,733.1188999999999,3.560714285714263,0.004929142952067143,58.8583737210554,1.5000000000000178,False,TREND_SUPPORT_NOT_CONFIRMED|CLOSE_NOT_ABOVE_BREAKOUT_HIGH|CLOSE_NOT_ABOVE_MA200
2026-09-16T07:37:24.395516+00:00,SIE_FIX_BREAKOUT_QUALITY_R_QUALITY_V1,BNB,BNBUSDT,strategy-lab-v1.0.0:SIE_FIX_BREAKOUT_QUALITY_R_QUALITY_V1,1789401600000,2026-09-14T16:00:00+00:00,722.27,726.3,721.84,724.65,54.14165666266507,721.7785,716.4546544913447,732.9572499999999,3.466428571428545,0.004783590107539564,58.61321776814725,1.4999999999999818,False,TREND_SUPPORT_NOT_CONFIRMED|PLANNED_REWARD_TOO_LOW|CLOSE_NOT_ABOVE_BREAKOUT_HIGH|CLOSE_NOT_ABOVE_MA200
2026-09-16T07:37:24.395516+00:00,SIE_FIX_BREAKOUT_QUALITY_R_QUALITY_V1,BNB,BNBUSDT,strategy-lab-v1.0.0:SIE_FIX_BREAKOUT_QUALITY_R_QUALITY_V1,1789405200000,2026-09-14T17:00:00+00:00,724.64,726.88,723.84,726.08,60.369728480647076,722.0219999999999,716.3879868654725,732.7995,3.4307142857142594,0.00472498111188059,54.14165666266507,1.5,False,TREND_SUPPORT_NOT_CONFIRMED|CLOSE_NOT_ABOVE_BREAKOUT_HIGH|CLOSE_NOT_ABOVE_MA200
2026-09-16T07:37:24.395516+00:00,SIE_FIX_BREAKOUT_QUALITY_R_QUALITY_V1,BNB,BNBUSDT,strategy-lab-v1.0.0:SIE_FIX_BREAKOUT_QUALITY_R_QUALITY_V1,1789408800000,2026-09-14T18:00:00+00:00,726.17,728.24,725.78,727.3,58.69957856712819,722.607,717.3442778906706,732.64705,3.3607142857142662,0.004620808862524772,60.369728480647076,1.5000000000000189,False,TREND_SUPPORT_NOT_CONFIRMED|CLOSE_NOT_ABOVE_BREAKOUT_HIGH|CLOSE_NOT_ABOVE_MA200
2026-09-16T07:37:24.395516+00:00,SIE_FIX_BREAKOUT_QUALITY_R_QUALITY_V1,BNB,BNBUSDT,strategy-lab-v1.0.0:SIE_FIX_BREAKOUT_QUALITY_R_QUALITY_V1,1789412400000,2026-09-14T19:00:00+00:00,726.98,726.98,724.97,725.49,52.362637362637415,723.0755,718.5961720370103,732.4848999999999,3.4049999999999727,0.004693379646859327,58.69957856712819,1.5,False,TREND_SUPPORT_NOT_CONFIRMED|CLOSE_NOT_ABOVE_BREAKOUT_HIGH|CLOSE_NOT_ABOVE_MA200
2026-09-16T07:37:24.395516+00:00,SIE_FIX_BREAKOUT_QUALITY_R_QUALITY_V1,BNB,BNBUSDT,strategy-lab-v1.0.0:SIE_FIX_BREAKOUT_QUALITY_R_QUALITY_V1,1789416000000,2026-09-14T20:00:00+00:00,725.28,733.51,725.28,726.73,58.88463641334064,723.4925,719.2914150210904,732.3421,3.704999999999976,0.005098179516464128,52.362637362637415,1.5,False,TREND_SUPPORT_NOT_CONFIRMED|CLOSE_NOT_ABOVE_BREAKOUT_HIGH|CLOSE_NOT_ABOVE_MA200
2026-09-16T07:37:24.395516+00:00,SIE_FIX_BREAKOUT_QUALITY_R_QUALITY_V1,BNB,BNBUSDT,strategy-lab-v1.0.0:SIE_FIX_BREAKOUT_QUALITY_R_QUALITY_V1,1789419600000,2026-09-14T21:00:00+00:00,727.01,727.01,723.14,723.54,47.60273972602736,723.7095,719.9978832363755,732.2078,3.840714285714268,0.005308226615963552,58.88463641334064,1.4999999999999836,False,TREND_SUPPORT_NOT_CONFIRMED|PLANNED_REWARD_TOO_LOW|CLOSE_NOT_ABOVE_BREAKOUT_HIGH|CLOSE_NOT_ABOVE_MA200|RSI_NOT_MOMENTUM_SUPPORTIVE
2026-09-16T07:37:24.395516+00:00,SIE_FIX_BREAKOUT_QUALITY_R_QUALITY_V1,BNB,BNBUSDT,strategy-lab-v1.0.0:SIE_FIX_BREAKOUT_QUALITY_R_QUALITY_V1,1789423200000,2026-09-14T22:00:00+00:00,723.6,724.77,717.0,722.42,47.278911564625844,723.667,719.9169594668832,732.1114499999999,4.237142857142836,0.0058652070224285546,47.60273972602736,1.4999999999999851,False,TREND_SUPPORT_NOT_CONFIRMED|PLANNED_REWARD_TOO_LOW|CLOSE_NOT_ABOVE_BREAKOUT_HIGH|CLOSE_NOT_ABOVE_MA200|RSI_NOT_MOMENTUM_SUPPORTIVE
2026-09-16T07:37:24.395516+00:00,SIE_FIX_BREAKOUT_QUALITY_R_QUALITY_V1,BNB,BNBUSDT,strategy-lab-v1.0.0:SIE_FIX_BREAKOUT_QUALITY_R_QUALITY_V1,1789426800000,2026-09-14T23:00:00+00:00,722.26,722.55,719.36,720.52,40.364826941066404,723.5685,719.6026897423075,731.9833,4.008571428571405,0.0055634422758166395,47.278911564625844,1.4999999999999842,False,TREND_SUPPORT_NOT_CONFIRMED|PLANNED_REWARD_TOO_LOW|CLOSE_NOT_ABOVE_BREAKOUT_HIGH|CLOSE_NOT_ABOVE_MA200|RSI_NOT_MOMENTUM_SUPPORTIVE
2026-09-16T07:37:24.395516+00:00,SIE_FIX_BREAKOUT_QUALITY_R_QUALITY_V1,BNB,BNBUSDT,strategy-lab-v1.0.0:SIE_FIX_BREAKOUT_QUALITY_R_QUALITY_V1,1789430400000,2026-09-15T00:00:00+00:00,720.42,720.6,718.76,718.76,40.6500235515779,723.286,718.8260520182382,731.8391499999999,3.9671428571428384,0.005519426313571761,40.364826941066404,1.499999999999984,False,TREND_SUPPORT_NOT_CONFIRMED|PLANNED_REWARD_TOO_LOW|CLOSE_NOT_ABOVE_BREAKOUT_HIGH|CLOSE_NOT_ABOVE_MA200|RSI_NOT_MOMENTUM_SUPPORTIVE
2026-09-16T07:37:24.395516+00:00,SIE_FIX_BREAKOUT_QUALITY_R_QUALITY_V1,BNB,BNBUSDT,strategy-lab-v1.0.0:SIE_FIX_BREAKOUT_QUALITY_R_QUALITY_V1,1789434000000,2026-09-15T01:00:00+00:00,719.03,721.06,718.23,720.61,47.549909255898285,723.085,718.5242478690437,731.7016500000001,3.994285714285695,0.005542922960111149,40.6500235515779,1.5,False,TREND_SUPPORT_NOT_CONFIRMED|CLOSE_NOT_ABOVE_BREAKOUT_HIGH|CLOSE_NOT_ABOVE_MA200|RSI_NOT_MOMENTUM_SUPPORTIVE
2026-09-16T07:37:24.395516+00:00,SIE_FIX_BREAKOUT_QUALITY_R_QUALITY_V1,BNB,BNBUSDT,strategy-lab-v1.0.0:SIE_FIX_BREAKOUT_QUALITY_R_QUALITY_V1,1789437600000,2026-09-15T02:00:00+00:00,720.39,722.2,719.9,721.36,53.450737743931576,722.979,718.361702522035,731.5603,3.923571428571417,0.005439130848080593,47.549909255898285,1.499999999999984,False,TREND_SUPPORT_NOT_CONFIRMED|PLANNED_REWARD_TOO_LOW|CLOSE_NOT_ABOVE_BREAKOUT_HIGH|CLOSE_NOT_ABOVE_MA200
2026-09-16T07:37:24.395516+00:00,SIE_FIX_BREAKOUT_QUALITY_R_QUALITY_V1,BNB,BNBUSDT,strategy-lab-v1.0.0:SIE_FIX_BREAKOUT_QUALITY_R_QUALITY_V1,1789441200000,2026-09-15T03:00:00+00:00,721.49,722.26,718.96,721.15,50.29850746268657,722.8105,718.1844888672828,731.4218000000001,3.7107142857142645,0.005145551252463794,53.450737743931576,1.500000000000017,False,TREND_SUPPORT_NOT_CONFIRMED|CLOSE_NOT_ABOVE_BREAKOUT_HIGH|CLOSE_NOT_ABOVE_MA200
2026-09-16T07:37:24.395516+00:00,SIE_FIX_BREAKOUT_QUALITY_R_QUALITY_V1,BNB,BNBUSDT,strategy-lab-v1.0.0:SIE_FIX_BREAKOUT_QUALITY_R_QUALITY_V1,1789444800000,2026-09-15T04:00:00+00:00,721.0,721.54,719.87,720.51,47.08810353409667,722.659,717.9409287839177,731.26825,3.5685714285714067,0.004952840944013833,50.29850746268657,1.5000000000000178,False,TREND_SUPPORT_NOT_CONFIRMED|CLOSE_NOT_ABOVE_BREAKOUT_HIGH|CLOSE_NOT_ABOVE_MA200|RSI_NOT_MOMENTUM_SUPPORTIVE
2026-09-16T07:37:24.395516+00:00,SIE_FIX_BREAKOUT_QUALITY_R_QUALITY_V1,BNB,BNBUSDT,strategy-lab-v1.0.0:SIE_FIX_BREAKOUT_QUALITY_R_QUALITY_V1,1789448400000,2026-09-15T05:00:00+00:00,720.73,722.05,718.4,722.05,49.211657907309984,722.5295,717.894586947954,731.1215000000001,3.638571428571408,0.005039223639043568,47.08810353409667,1.5,False,TREND_SUPPORT_NOT_CONFIRMED|CLOSE_NOT_ABOVE_BREAKOUT_HIGH|CLOSE_NOT_ABOVE_MA200|RSI_NOT_MOMENTUM_SUPPORTIVE
2026-09-16T07:37:24.395516+00:00,SIE_FIX_BREAKOUT_QUALITY_R_QUALITY_V1,BNB,BNBUSDT,strategy-lab-v1.0.0:SIE_FIX_BREAKOUT_QUALITY_R_QUALITY_V1,1789452000000,2026-09-15T06:00:00+00:00,721.98,723.27,717.46,718.32,35.86422510049137,722.309,717.3266435294103,730.95795,3.7349999999999812,0.005199632475776786,49.211657907309984,1.5,False,TREND_SUPPORT_NOT_CONFIRMED|CLOSE_NOT_ABOVE_BREAKOUT_HIGH|CLOSE_NOT_ABOVE_MA200|RSI_NOT_MOMENTUM_SUPPORTIVE
2026-09-16T07:37:24.395516+00:00,SIE_FIX_BREAKOUT_QUALITY_R_QUALITY_V1,BNB,BNBUSDT,strategy-lab-v1.0.0:SIE_FIX_BREAKOUT_QUALITY_R_QUALITY_V1,1789455600000,2026-09-15T07:00:00+00:00,718.53,719.0,714.43,714.43,26.559356136820654,721.946,715.8932406292643,730.7657,3.8442857142857014,0.005380913055562759,35.86422510049137,1.5,False,TREND_SUPPORT_NOT_CONFIRMED|CLOSE_NOT_ABOVE_BREAKOUT_HIGH|CLOSE_NOT_ABOVE_MA200|RSI_NOT_MOMENTUM_SUPPORTIVE
2026-09-16T07:37:24.395516+00:00,SIE_FIX_BREAKOUT_QUALITY_R_QUALITY_V1,BNB,BNBUSDT,strategy-lab-v1.0.0:SIE_FIX_BREAKOUT_QUALITY_R_QUALITY_V1,1789459200000,2026-09-15T08:00:00+00:00,714.49,717.22,713.75,717.13,30.68742878845434,721.807,715.4533928355595,730.5994999999999,3.916428571428558,0.005461253289401584,26.559356136820654,1.4999999999999838,False,TREND_SUPPORT_NOT_CONFIRMED|PLANNED_REWARD_TOO_LOW|CLOSE_NOT_ABOVE_BREAKOUT_HIGH|CLOSE_NOT_ABOVE_MA200|RSI_NOT_MOMENTUM_SUPPORTIVE
2026-09-16T07:37:24.395516+00:00,SIE_FIX_BREAKOUT_QUALITY_R_QUALITY_V1,BNB,BNBUSDT,strategy-lab-v1.0.0:SIE_FIX_BREAKOUT_QUALITY_R_QUALITY_V1,1789462800000,2026-09-15T09:00:00+00:00,716.98,718.29,716.49,717.58,34.16099319183034,721.6345,715.02374671463,730.4453500000001,3.878571428571417,0.005405071808817716,30.68742878845434,1.5000000000000162,False,TREND_SUPPORT_NOT_CONFIRMED|CLOSE_NOT_ABOVE_BREAKOUT_HIGH|CLOSE_NOT_ABOVE_MA200|RSI_NOT_MOMENTUM_SUPPORTIVE
2026-09-16T07:37:24.395516+00:00,SIE_FIX_BREAKOUT_QUALITY_R_QUALITY_V1,BNB,BNBUSDT,strategy-lab-v1.0.0:SIE_FIX_BREAKOUT_QUALITY_R_QUALITY_V1,1789466400000,2026-09-15T10:00:00+00:00,717.45,719.96,717.25,719.69,36.37770897832832,721.535,714.8702974559976,730.303,3.484285714285704,0.004841370193118848,34.16099319183034,1.4999999999999818,False,TREND_SUPPORT_NOT_CONFIRMED|PLANNED_REWARD_TOO_LOW|CLOSE_NOT_ABOVE_BREAKOUT_HIGH|CLOSE_NOT_ABOVE_MA200|RSI_NOT_MOMENTUM_SUPPORTIVE
2026-09-16T07:37:24.395516+00:00,SIE_FIX_BREAKOUT_QUALITY_R_QUALITY_V1,BNB,BNBUSDT,strategy-lab-v1.0.0:SIE_FIX_BREAKOUT_QUALITY_R_QUALITY_V1,1789470000000,2026-09-15T11:00:00+00:00,719.57,720.0,717.16,718.74,39.830508474576426,721.3530000000001,714.5924257640321,730.1668,3.4107142857142776,0.00474540763796961,36.37770897832832,1.5000000000000184,False,TREND_SUPPORT_NOT_CONFIRMED|CLOSE_NOT_ABOVE_BREAKOUT_HIGH|CLOSE_NOT_ABOVE_MA200|RSI_NOT_MOMENTUM_SUPPORTIVE
2026-09-16T07:37:24.395516+00:00,SIE_FIX_BREAKOUT_QUALITY_R_QUALITY_V1,BNB,BNBUSDT,strategy-lab-v1.0.0:SIE_FIX_BREAKOUT_QUALITY_R_QUALITY_V1,1789473600000,2026-09-15T12:00:00+00:00,718.7,721.29,717.82,720.48,45.99504541701088,721.1445000000001,714.548299654344,730.0364,3.1035714285714158,0.004307644110275672,39.830508474576426,1.4999999999999796,False,TREND_SUPPORT_NOT_CONFIRMED|PLANNED_REWARD_TOO_LOW|CLOSE_NOT_ABOVE_BREAKOUT_HIGH|CLOSE_NOT_ABOVE_MA200|RSI_NOT_MOMENTUM_SUPPORTIVE
2026-09-16T07:37:24.395516+00:00,SIE_FIX_BREAKOUT_QUALITY_R_QUALITY_V1,BNB,BNBUSDT,strategy-lab-v1.0.0:SIE_FIX_BREAKOUT_QUALITY_R_QUALITY_V1,1789477200000,2026-09-15T13:00:00+00:00,720.26,721.9,714.8,720.03,48.924022837066296,720.842,714.6355175823953,729.8947000000001,3.382857142857136,0.004698216939373548,45.99504541701088,1.4999999999999813,False,TREND_SUPPORT_NOT_CONFIRMED|PLANNED_REWARD_TOO_LOW|CLOSE_NOT_ABOVE_BREAKOUT_HIGH|CLOSE_NOT_ABOVE_MA200|RSI_NOT_MOMENTUM_SUPPORTIVE
2026-09-16T07:37:24.395516+00:00,SIE_FIX_BREAKOUT_QUALITY_R_QUALITY_V1,BNB,BNBUSDT,strategy-lab-v1.0.0:SIE_FIX_BREAKOUT_QUALITY_R_QUALITY_V1,1789480800000,2026-09-15T14:00:00+00:00,720.24,721.09,711.0,715.32,43.312597200622236,720.243,714.3402409840787,729.7451000000001,3.97214285714285,0.005552959314911997,48.924022837066296,1.499999999999984,False,TREND_SUPPORT_NOT_CONFIRMED|PLANNED_REWARD_TOO_LOW|CLOSE_NOT_ABOVE_BREAKOUT_HIGH|CLOSE_NOT_ABOVE_MA200|RSI_NOT_MOMENTUM_SUPPORTIVE
2026-09-16T07:37:24.395516+00:00,SIE_FIX_BREAKOUT_QUALITY_R_QUALITY_V1,BNB,BNBUSDT,strategy-lab-v1.0.0:SIE_FIX_BREAKOUT_QUALITY_R_QUALITY_V1,1789484400000,2026-09-15T15:00:00+00:00,715.68,719.28,714.24,717.91,44.89795918367339,719.864,714.4004502381655,729.61625,4.1299999999999955,0.005752810240837982,43.312597200622236,1.4999999999999847,False,TREND_SUPPORT_NOT_CONFIRMED|PLANNED_REWARD_TOO_LOW|CLOSE_NOT_ABOVE_BREAKOUT_HIGH|CLOSE_NOT_ABOVE_MA200|RSI_NOT_MOMENTUM_SUPPORTIVE
2026-09-16T07:37:24.395516+00:00,SIE_FIX_BREAKOUT_QUALITY_R_QUALITY_V1,BNB,BNBUSDT,strategy-lab-v1.0.0:SIE_FIX_BREAKOUT_QUALITY_R_QUALITY_V1,1789488000000,2026-09-15T16:00:00+00:00,718.25,720.26,715.63,719.03,45.65784569511734,719.479,715.0104212550248,729.48645,4.296428571428562,0.0059753119778431524,44.89795918367339,1.5,False,TREND_SUPPORT_NOT_CONFIRMED|CLOSE_NOT_ABOVE_BREAKOUT_HIGH|CLOSE_NOT_ABOVE_MA200|RSI_NOT_MOMENTUM_SUPPORTIVE
2026-09-16T07:37:24.395516+00:00,SIE_FIX_BREAKOUT_QUALITY_R_QUALITY_V1,BNB,BNBUSDT,strategy-lab-v1.0.0:SIE_FIX_BREAKOUT_QUALITY_R_QUALITY_V1,1789491600000,2026-09-15T17:00:00+00:00,719.07,724.32,716.99,722.29,51.90763052208834,719.4165,715.1463043370304,729.3847999999999,4.584285714285711,0.006346876897486759,45.65784569511734,1.5000000000000138,False,TREND_SUPPORT_NOT_CONFIRMED|CLOSE_NOT_ABOVE_BREAKOUT_HIGH|CLOSE_NOT_ABOVE_MA200
2026-09-16T07:37:24.395516+00:00,SIE_FIX_BREAKOUT_QUALITY_R_QUALITY_V1,BNB,BNBUSDT,strategy-lab-v1.0.0:SIE_FIX_BREAKOUT_QUALITY_R_QUALITY_V1,1789495200000,2026-09-15T18:00:00+00:00,722.32,724.54,706.48,718.06,46.34000597550038,719.1985,715.1231728965583,729.25705,5.7549999999999955,0.008014650586301974,51.90763052208834,1.5,False,TREND_SUPPORT_NOT_CONFIRMED|CLOSE_NOT_ABOVE_BREAKOUT_HIGH|CLOSE_NOT_ABOVE_MA200|RSI_NOT_MOMENTUM_SUPPORTIVE
2026-09-16T07:37:24.395516+00:00,SIE_FIX_BREAKOUT_QUALITY_R_QUALITY_V1,BNB,BNBUSDT,strategy-lab-v1.0.0:SIE_FIX_BREAKOUT_QUALITY_R_QUALITY_V1,1789498800000,2026-09-15T19:00:00+00:00,717.12,722.0,716.97,718.79,45.009185548071066,719.1120000000001,715.0793254532449,729.1267,5.853571428571423,0.008143646167269194,46.34000597550038,1.5,False,TREND_SUPPORT_NOT_CONFIRMED|CLOSE_NOT_ABOVE_BREAKOUT_HIGH|CLOSE_NOT_ABOVE_MA200|RSI_NOT_MOMENTUM_SUPPORTIVE
2026-09-16T07:37:24.395516+00:00,SIE_FIX_BREAKOUT_QUALITY_R_QUALITY_V1,BNB,BNBUSDT,strategy-lab-v1.0.0:SIE_FIX_BREAKOUT_QUALITY_R_QUALITY_V1,1789502400000,2026-09-15T20:00:00+00:00,719.28,719.99,711.8,714.78,44.62659380692159,718.913,714.4596277945755,728.9657,6.023571428571431,0.008427168399467572,45.009185548071066,1.5,False,TREND_SUPPORT_NOT_CONFIRMED|CLOSE_NOT_ABOVE_BREAKOUT_HIGH|CLOSE_NOT_ABOVE_MA200|RSI_NOT_MOMENTUM_SUPPORTIVE
2026-09-16T07:37:24.395516+00:00,SIE_FIX_BREAKOUT_QUALITY_R_QUALITY_V1,BNB,BNBUSDT,strategy-lab-v1.0.0:SIE_FIX_BREAKOUT_QUALITY_R_QUALITY_V1,1789506000000,2026-09-15T21:00:00+00:00,714.77,714.96,710.27,710.86,44.5859872611466,718.4255,712.8329961779137,728.79345,6.03214285714286,0.0084856974047532,44.62659380692159,1.5000000000000104,False,TREND_SUPPORT_NOT_CONFIRMED|CLOSE_NOT_ABOVE_BREAKOUT_HIGH|CLOSE_NOT_ABOVE_MA200|RSI_NOT_MOMENTUM_SUPPORTIVE
2026-09-16T07:37:24.395516+00:00,SIE_FIX_BREAKOUT_QUALITY_R_QUALITY_V1,BNB,BNBUSDT,strategy-lab-v1.0.0:SIE_FIX_BREAKOUT_QUALITY_R_QUALITY_V1,1789509600000,2026-09-15T22:00:00+00:00,710.73,714.0,708.41,712.84,43.34883720930239,717.9995,712.0777182579858,728.64065,6.183571428571432,0.008674557303983267,44.5859872611466,1.5,False,TREND_SUPPORT_NOT_CONFIRMED|CLOSE_NOT_ABOVE_BREAKOUT_HIGH|CLOSE_NOT_ABOVE_MA200|RSI_NOT_MOMENTUM_SUPPORTIVE
2026-09-16T07:37:24.395516+00:00,SIE_FIX_BREAKOUT_QUALITY_R_QUALITY_V1,BNB,BNBUSDT,strategy-lab-v1.0.0:SIE_FIX_BREAKOUT_QUALITY_R_QUALITY_V1,1789513200000,2026-09-15T23:00:00+00:00,712.99,714.95,711.5,711.67,41.037306642402065,717.5255,711.1854543376994,728.5268,6.301428571428581,0.008854424903998457,43.34883720930239,1.50000000000001,False,TREND_SUPPORT_NOT_CONFIRMED|CLOSE_NOT_ABOVE_BREAKOUT_HIGH|CLOSE_NOT_ABOVE_MA200|RSI_NOT_MOMENTUM_SUPPORTIVE
2026-09-16T07:37:24.395516+00:00,SIE_FIX_BREAKOUT_QUALITY_R_QUALITY_V1,BNB,BNBUSDT,strategy-lab-v1.0.0:SIE_FIX_BREAKOUT_QUALITY_R_QUALITY_V1,1789516800000,2026-09-16T00:00:00+00:00,711.6,715.49,711.37,713.66,40.821917808219055,717.183,710.7850375118278,728.3964500000001,6.402142857142865,0.008970858472021502,41.037306642402065,1.5,False,TREND_SUPPORT_NOT_CONFIRMED|CLOSE_NOT_ABOVE_BREAKOUT_HIGH|CLOSE_NOT_ABOVE_MA200|RSI_NOT_MOMENTUM_SUPPORTIVE
2026-09-16T07:37:24.395516+00:00,SIE_FIX_BREAKOUT_QUALITY_R_QUALITY_V1,BNB,BNBUSDT,strategy-lab-v1.0.0:SIE_FIX_BREAKOUT_QUALITY_R_QUALITY_V1,1789520400000,2026-09-16T01:00:00+00:00,713.37,714.46,708.34,708.38,36.06777837547064,716.4995,709.4407282229794,728.23525,6.636428571428577,0.009368458414168352,40.821917808219055,1.5,False,TREND_SUPPORT_NOT_CONFIRMED|CLOSE_NOT_ABOVE_BREAKOUT_HIGH|CLOSE_NOT_ABOVE_MA200|RSI_NOT_MOMENTUM_SUPPORTIVE
2026-09-16T07:37:24.395516+00:00,SIE_FIX_BREAKOUT_QUALITY_R_QUALITY_V1,BNB,BNBUSDT,strategy-lab-v1.0.0:SIE_FIX_BREAKOUT_QUALITY_R_QUALITY_V1,1789524000000,2026-09-16T02:00:00+00:00,708.61,714.33,707.95,712.55,39.98990154001505,716.211,709.0033515623982,728.09955,6.844285714285726,0.00960534097857796,36.06777837547064,1.5,False,TREND_SUPPORT_NOT_CONFIRMED|CLOSE_NOT_ABOVE_BREAKOUT_HIGH|CLOSE_NOT_ABOVE_MA200|RSI_NOT_MOMENTUM_SUPPORTIVE
2026-09-16T07:37:24.395516+00:00,SIE_FIX_BREAKOUT_QUALITY_R_QUALITY_V1,BNB,BNBUSDT,strategy-lab-v1.0.0:SIE_FIX_BREAKOUT_QUALITY_R_QUALITY_V1,1789527600000,2026-09-16T03:00:00+00:00,712.56,715.31,712.56,713.86,42.37706943414878,716.1825,708.9424727210413,727.96095,6.534285714285724,0.009153455459453848,39.98990154001505,1.5,False,TREND_SUPPORT_NOT_CONFIRMED|CLOSE_NOT_ABOVE_BREAKOUT_HIGH|CLOSE_NOT_ABOVE_MA200|RSI_NOT_MOMENTUM_SUPPORTIVE
2026-09-16T07:37:24.395516+00:00,SIE_FIX_BREAKOUT_QUALITY_R_QUALITY_V1,BNB,BNBUSDT,strategy-lab-v1.0.0:SIE_FIX_BREAKOUT_QUALITY_R_QUALITY_V1,1789531200000,2026-09-16T04:00:00+00:00,714.0,715.78,713.46,714.89,49.41560206577866,716.0705,708.8232674937211,727.8361499999999,5.979285714285717,0.00836392412019432,42.37706943414878,1.4999999999999893,False,TREND_SUPPORT_NOT_CONFIRMED|PLANNED_REWARD_TOO_LOW|CLOSE_NOT_ABOVE_BREAKOUT_HIGH|CLOSE_NOT_ABOVE_MA200|RSI_NOT_MOMENTUM_SUPPORTIVE
2026-09-16T07:37:24.395516+00:00,SIE_FIX_BREAKOUT_QUALITY_R_QUALITY_V1,BNB,BNBUSDT,strategy-lab-v1.0.0:SIE_FIX_BREAKOUT_QUALITY_R_QUALITY_V1,1789534800000,2026-09-16T05:00:00+00:00,714.48,715.35,712.77,714.78,45.438647624599255,715.9304999999999,708.697150913991,727.7144499999999,5.803571428571437,0.008119381388079461,49.41560206577866,1.4999999999999891,False,TREND_SUPPORT_NOT_CONFIRMED|PLANNED_REWARD_TOO_LOW|CLOSE_NOT_ABOVE_BREAKOUT_HIGH|CLOSE_NOT_ABOVE_MA200|RSI_NOT_MOMENTUM_SUPPORTIVE
2026-09-16T07:37:24.395516+00:00,SIE_FIX_BREAKOUT_QUALITY_R_QUALITY_V1,BNB,BNBUSDT,strategy-lab-v1.0.0:SIE_FIX_BREAKOUT_QUALITY_R_QUALITY_V1,1789538400000,2026-09-16T06:00:00+00:00,714.96,714.96,711.36,713.75,42.28521332554067,715.6335,708.5558838052584,727.5917,5.73000000000001,0.008028021015761836,45.438647624599255,1.499999999999989,False,TREND_SUPPORT_NOT_CONFIRMED|PLANNED_REWARD_TOO_LOW|CLOSE_NOT_ABOVE_BREAKOUT_HIGH|CLOSE_NOT_ABOVE_MA200|RSI_NOT_MOMENTUM_SUPPORTIVE
2026-09-16T07:37:24.395516+00:00,SIE_FIX_BREAKOUT_QUALITY_R_QUALITY_V1,BNB,BNBUSDT,strategy-lab-v1.0.0:SIE_FIX_BREAKOUT_QUALITY_R_QUALITY_V1,1789542000000,2026-09-16T07:00:00+00:00,713.68,714.27,711.62,711.86,34.12480974124817,715.2895000000001,708.1805550009112,727.4522000000001,5.395714285714291,0.007579740799755979,42.28521332554067,1.5,False,TREND_SUPPORT_NOT_CONFIRMED|CLOSE_NOT_ABOVE_BREAKOUT_HIGH|CLOSE_NOT_ABOVE_MA200|RSI_NOT_MOMENTUM_SUPPORTIVE
2026-09-16T07:37:24.395516+00:00,SIE_FIX_BREAKOUT_QUALITY_R_QUALITY_V1,PAXG,PAXGUSDT,strategy-lab-v1.0.0:SIE_FIX_BREAKOUT_QUALITY_R_QUALITY_V1,1789326000000,2026-09-13T19:00:00+00:00,4352.96,4356.38,4347.03,4349.23,39.743231928550436,4352.928,4346.819004665199,4386.5517,4.480000000000018,0.0010300673912393731,44.904358733144804,1.5000000000001128,False,TREND_SUPPORT_NOT_CONFIRMED|CLOSE_NOT_ABOVE_BREAKOUT_HIGH|CLOSE_NOT_ABOVE_MA200|RSI_NOT_MOMENTUM_SUPPORTIVE
2026-09-16T07:37:24.395516+00:00,SIE_FIX_BREAKOUT_QUALITY_R_QUALITY_V1,PAXG,PAXGUSDT,strategy-lab-v1.0.0:SIE_FIX_BREAKOUT_QUALITY_R_QUALITY_V1,1789329600000,2026-09-13T20:00:00+00:00,4348.18,4349.38,4339.28,4347.98,39.9326977005038,4352.58,4346.182944427267,4386.1256,5.07857142857152,0.0011680300803066069,39.743231928550436,1.4999999999999005,False,TREND_SUPPORT_NOT_CONFIRMED|PLANNED_REWARD_TOO_LOW|CLOSE_NOT_ABOVE_BREAKOUT_HIGH|CLOSE_NOT_ABOVE_MA200|RSI_NOT_MOMENTUM_SUPPORTIVE
2026-09-16T07:37:24.395516+00:00,SIE_FIX_BREAKOUT_QUALITY_R_QUALITY_V1,PAXG,PAXGUSDT,strategy-lab-v1.0.0:SIE_FIX_BREAKOUT_QUALITY_R_QUALITY_V1,1789333200000,2026-09-13T21:00:00+00:00,4347.93,4349.38,4329.6,4332.35,27.537649129668964,4351.5405,4340.659877821069,4385.62995,6.35071428571434,0.0014658820930244186,39.9326977005038,1.5000000000000795,False,TREND_SUPPORT_NOT_CONFIRMED|CLOSE_NOT_ABOVE_BREAKOUT_HIGH|CLOSE_NOT_ABOVE_MA200|RSI_NOT_MOMENTUM_SUPPORTIVE
2026-09-16T07:37:24.395516+00:00,SIE_FIX_BREAKOUT_QUALITY_R_QUALITY_V1,PAXG,PAXGUSDT,strategy-lab-v1.0.0:SIE_FIX_BREAKOUT_QUALITY_R_QUALITY_V1,1789336800000,2026-09-13T22:00:00+00:00,4337.58,4344.1,4331.15,4344.1,41.18303571428578,4350.93,4339.820558969927,4385.19605,7.174285714285816,0.0016515010506861754,27.537649129668964,1.5,False,TREND_SUPPORT_NOT_CONFIRMED|CLOSE_NOT_ABOVE_BREAKOUT_HIGH|CLOSE_NOT_ABOVE_MA200|RSI_NOT_MOMENTUM_SUPPORTIVE
2026-09-16T07:37:24.395516+00:00,SIE_FIX_BREAKOUT_QUALITY_R_QUALITY_V1,PAXG,PAXGUSDT,strategy-lab-v1.0.0:SIE_FIX_BREAKOUT_QUALITY_R_QUALITY_V1,1789340400000,2026-09-13T23:00:00+00:00,4344.48,4344.76,4333.47,4333.47,36.87892632781225,4349.8189999999995,4336.593222291272,4384.6982,7.6971428571429374,0.001776207717404975,41.18303571428578,1.4999999999999343,False,TREND_SUPPORT_NOT_CONFIRMED|PLANNED_REWARD_TOO_LOW|CLOSE_NOT_ABOVE_BREAKOUT_HIGH|CLOSE_NOT_ABOVE_MA200|RSI_NOT_MOMENTUM_SUPPORTIVE
2026-09-16T07:37:24.395516+00:00,SIE_FIX_BREAKOUT_QUALITY_R_QUALITY_V1,PAXG,PAXGUSDT,strategy-lab-v1.0.0:SIE_FIX_BREAKOUT_QUALITY_R_QUALITY_V1,1789344000000,2026-09-14T00:00:00+00:00,4334.87,4348.01,4331.87,4338.71,42.12310195227746,4348.9295,4335.236027869065,4384.21165,8.64928571428579,0.0019935155182728946,36.87892632781225,1.5000000000000584,False,TREND_SUPPORT_NOT_CONFIRMED|CLOSE_NOT_ABOVE_BREAKOUT_HIGH|CLOSE_NOT_ABOVE_MA200|RSI_NOT_MOMENTUM_SUPPORTIVE
2026-09-16T07:37:24.395516+00:00,SIE_FIX_BREAKOUT_QUALITY_R_QUALITY_V1,PAXG,PAXGUSDT,strategy-lab-v1.0.0:SIE_FIX_BREAKOUT_QUALITY_R_QUALITY_V1,1789347600000,2026-09-14T01:00:00+00:00,4338.59,4356.0,4329.6,4352.17,49.72915685350915,4348.709,4335.378177219664,4383.7962,10.182142857142935,0.0023395554073354064,42.12310195227746,1.5000000000000495,False,TREND_SUPPORT_NOT_CONFIRMED|CLOSE_NOT_ABOVE_BREAKOUT_HIGH|CLOSE_NOT_ABOVE_MA200|RSI_NOT_MOMENTUM_SUPPORTIVE
2026-09-16T07:37:24.395516+00:00,SIE_FIX_BREAKOUT_QUALITY_R_QUALITY_V1,PAXG,PAXGUSDT,strategy-lab-v1.0.0:SIE_FIX_BREAKOUT_QUALITY_R_QUALITY_V1,1789351200000,2026-09-14T02:00:00+00:00,4355.18,4357.49,4331.99,4331.99,41.08776026464245,4347.5505,4332.7206564741655,4383.27925,11.624285714285763,0.0026833593139147975,49.72915685350915,1.4999999999999565,False,TREND_SUPPORT_NOT_CONFIRMED|PLANNED_REWARD_TOO_LOW|CLOSE_NOT_ABOVE_BREAKOUT_HIGH|CLOSE_NOT_ABOVE_MA200|RSI_NOT_MOMENTUM_SUPPORTIVE
2026-09-16T07:37:24.395516+00:00,SIE_FIX_BREAKOUT_QUALITY_R_QUALITY_V1,PAXG,PAXGUSDT,strategy-lab-v1.0.0:SIE_FIX_BREAKOUT_QUALITY_R_QUALITY_V1,1789354800000,2026-09-14T03:00:00+00:00,4333.12,4338.83,4330.61,4333.62,41.77324742763734,4346.4655,4330.910626197851,4382.77475,12.026428571428628,0.0027751460837426053,41.08776026464245,1.499999999999958,False,TREND_SUPPORT_NOT_CONFIRMED|PLANNED_REWARD_TOO_LOW|CLOSE_NOT_ABOVE_BREAKOUT_HIGH|CLOSE_NOT_ABOVE_MA200|RSI_NOT_MOMENTUM_SUPPORTIVE
2026-09-16T07:37:24.395516+00:00,SIE_FIX_BREAKOUT_QUALITY_R_QUALITY_V1,PAXG,PAXGUSDT,strategy-lab-v1.0.0:SIE_FIX_BREAKOUT_QUALITY_R_QUALITY_V1,1789358400000,2026-09-14T04:00:00+00:00,4333.73,4334.34,4327.79,4334.01,43.06770168025954,4345.407999999999,4329.489774470727,4382.28045,12.068571428571497,0.0027846201159137836,41.77324742763734,1.5,False,TREND_SUPPORT_NOT_CONFIRMED|CLOSE_NOT_ABOVE_BREAKOUT_HIGH|CLOSE_NOT_ABOVE_MA200|RSI_NOT_MOMENTUM_SUPPORTIVE
2026-09-16T07:37:24.395516+00:00,SIE_FIX_BREAKOUT_QUALITY_R_QUALITY_V1,PAXG,PAXGUSDT,strategy-lab-v1.0.0:SIE_FIX_BREAKOUT_QUALITY_R_QUALITY_V1,1789362000000,2026-09-14T05:00:00+00:00,4332.75,4340.69,4330.41,4340.69,47.77714718123309,4344.85,4329.092573814204,4381.8085,12.34500000000006,0.0028440178865572203,43.06770168025954,1.4999999999999591,False,TREND_SUPPORT_NOT_CONFIRMED|PLANNED_REWARD_TOO_LOW|CLOSE_NOT_ABOVE_BREAKOUT_HIGH|CLOSE_NOT_ABOVE_MA200|RSI_NOT_MOMENTUM_SUPPORTIVE
2026-09-16T07:37:24.395516+00:00,SIE_FIX_BREAKOUT_QUALITY_R_QUALITY_V1,PAXG,PAXGUSDT,strategy-lab-v1.0.0:SIE_FIX_BREAKOUT_QUALITY_R_QUALITY_V1,1789365600000,2026-09-14T06:00:00+00:00,4341.67,4341.67,4323.76,4325.06,36.197424119607334,4343.586499999999,4325.859867747909,4381.2671,12.887142857142928,0.0029796448736301756,47.77714718123309,1.5000000000000393,False,TREND_SUPPORT_NOT_CONFIRMED|CLOSE_NOT_ABOVE_BREAKOUT_HIGH|CLOSE_NOT_ABOVE_MA200|RSI_NOT_MOMENTUM_SUPPORTIVE
2026-09-16T07:37:24.395516+00:00,SIE_FIX_BREAKOUT_QUALITY_R_QUALITY_V1,PAXG,PAXGUSDT,strategy-lab-v1.0.0:SIE_FIX_BREAKOUT_QUALITY_R_QUALITY_V1,1789369200000,2026-09-14T07:00:00+00:00,4322.39,4328.01,4312.25,4315.33,34.27426232304266,4341.7215,4320.658509447828,4380.68215,13.730714285714384,0.0031818457188012004,36.197424119607334,1.5,False,TREND_SUPPORT_NOT_CONFIRMED|CLOSE_NOT_ABOVE_BREAKOUT_HIGH|CLOSE_NOT_ABOVE_MA200|RSI_NOT_MOMENTUM_SUPPORTIVE
2026-09-16T07:37:24.395516+00:00,SIE_FIX_BREAKOUT_QUALITY_R_QUALITY_V1,PAXG,PAXGUSDT,strategy-lab-v1.0.0:SIE_FIX_BREAKOUT_QUALITY_R_QUALITY_V1,1789372800000,2026-09-14T08:00:00+00:00,4316.06,4321.83,4308.77,4313.89,33.273839877613455,4339.9005,4316.014281818779,4380.0875,14.520714285714348,0.003366037215996316,34.27426232304266,1.5,False,TREND_SUPPORT_NOT_CONFIRMED|CLOSE_NOT_ABOVE_BREAKOUT_HIGH|CLOSE_NOT_ABOVE_MA200|RSI_NOT_MOMENTUM_SUPPORTIVE
2026-09-16T07:37:24.395516+00:00,SIE_FIX_BREAKOUT_QUALITY_R_QUALITY_V1,PAXG,PAXGUSDT,strategy-lab-v1.0.0:SIE_FIX_BREAKOUT_QUALITY_R_QUALITY_V1,1789376400000,2026-09-14T09:00:00+00:00,4313.23,4314.15,4285.35,4291.95,28.87594040418935,4336.9615,4305.778251115367,4379.3886,15.909999999999984,0.0037069397360174243,33.273839877613455,1.5000000000000318,False,TREND_SUPPORT_NOT_CONFIRMED|CLOSE_NOT_ABOVE_BREAKOUT_HIGH|CLOSE_NOT_ABOVE_MA200|RSI_NOT_MOMENTUM_SUPPORTIVE
2026-09-16T07:37:24.395516+00:00,SIE_FIX_BREAKOUT_QUALITY_R_QUALITY_V1,PAXG,PAXGUSDT,strategy-lab-v1.0.0:SIE_FIX_BREAKOUT_QUALITY_R_QUALITY_V1,1789380000000,2026-09-14T10:00:00+00:00,4292.43,4302.75,4289.51,4301.96,34.05847304974374,4334.653499999999,4300.430611007382,4378.7413,16.134285714285657,0.0037504499610144346,28.87594040418935,1.5,False,TREND_SUPPORT_NOT_CONFIRMED|CLOSE_NOT_ABOVE_BREAKOUT_HIGH|CLOSE_NOT_ABOVE_MA200|RSI_NOT_MOMENTUM_SUPPORTIVE
2026-09-16T07:37:24.395516+00:00,SIE_FIX_BREAKOUT_QUALITY_R_QUALITY_V1,PAXG,PAXGUSDT,strategy-lab-v1.0.0:SIE_FIX_BREAKOUT_QUALITY_R_QUALITY_V1,1789383600000,2026-09-14T11:00:00+00:00,4302.4,4304.53,4292.47,4293.48,35.83351556235854,4332.057999999999,4293.844696243309,4378.0441,15.582857142857067,0.0036294234846458045,34.05847304974374,1.4999999999999676,False,TREND_SUPPORT_NOT_CONFIRMED|PLANNED_REWARD_TOO_LOW|CLOSE_NOT_ABOVE_BREAKOUT_HIGH|CLOSE_NOT_ABOVE_MA200|RSI_NOT_MOMENTUM_SUPPORTIVE
2026-09-16T07:37:24.395516+00:00,SIE_FIX_BREAKOUT_QUALITY_R_QUALITY_V1,PAXG,PAXGUSDT,strategy-lab-v1.0.0:SIE_FIX_BREAKOUT_QUALITY_R_QUALITY_V1,1789387200000,2026-09-14T12:00:00+00:00,4296.16,4300.68,4275.0,4279.12,26.759656652360377,4328.2285,4285.214557481311,4377.27995,16.49214285714275,0.003854096836999839,35.83351556235854,1.5,False,TREND_SUPPORT_NOT_CONFIRMED|CLOSE_NOT_ABOVE_BREAKOUT_HIGH|CLOSE_NOT_ABOVE_MA200|RSI_NOT_MOMENTUM_SUPPORTIVE
2026-09-16T07:37:24.395516+00:00,SIE_FIX_BREAKOUT_QUALITY_R_QUALITY_V1,PAXG,PAXGUSDT,strategy-lab-v1.0.0:SIE_FIX_BREAKOUT_QUALITY_R_QUALITY_V1,1789390800000,2026-09-14T13:00:00+00:00,4278.8,4289.17,4264.5,4279.56,29.202993596173286,4324.596,4278.16194852911,4376.51305,17.447857142857043,0.004077021269209227,26.759656652360377,1.4999999999999711,False,TREND_SUPPORT_NOT_CONFIRMED|PLANNED_REWARD_TOO_LOW|CLOSE_NOT_ABOVE_BREAKOUT_HIGH|CLOSE_NOT_ABOVE_MA200|RSI_NOT_MOMENTUM_SUPPORTIVE
2026-09-16T07:37:24.395516+00:00,SIE_FIX_BREAKOUT_QUALITY_R_QUALITY_V1,PAXG,PAXGUSDT,strategy-lab-v1.0.0:SIE_FIX_BREAKOUT_QUALITY_R_QUALITY_V1,1789394400000,2026-09-14T14:00:00+00:00,4279.34,4289.17,4272.15,4285.49,29.577897160399004,4321.2080000000005,4273.7543124298945,4375.78305,17.510714285714194,0.004086047169801865,29.202993596173286,1.4999999999999711,False,TREND_SUPPORT_NOT_CONFIRMED|PLANNED_REWARD_TOO_LOW|CLOSE_NOT_ABOVE_BREAKOUT_HIGH|CLOSE_NOT_ABOVE_MA200|RSI_NOT_MOMENTUM_SUPPORTIVE
2026-09-16T07:37:24.395516+00:00,SIE_FIX_BREAKOUT_QUALITY_R_QUALITY_V1,PAXG,PAXGUSDT,strategy-lab-v1.0.0:SIE_FIX_BREAKOUT_QUALITY_R_QUALITY_V1,1789398000000,2026-09-14T15:00:00+00:00,4283.24,4304.27,4280.6,4295.0,27.376335575781596,4318.496499999999,4271.562835205938,4375.12985,17.315714285714225,0.004031598203891555,29.577897160399004,1.500000000000029,False,TREND_SUPPORT_NOT_CONFIRMED|CLOSE_NOT_ABOVE_BREAKOUT_HIGH|CLOSE_NOT_ABOVE_MA200|RSI_NOT_MOMENTUM_SUPPORTIVE
2026-09-16T07:37:24.395516+00:00,SIE_FIX_BREAKOUT_QUALITY_R_QUALITY_V1,PAXG,PAXGUSDT,strategy-lab-v1.0.0:SIE_FIX_BREAKOUT_QUALITY_R_QUALITY_V1,1789401600000,2026-09-14T16:00:00+00:00,4294.6,4323.09,4293.49,4320.41,45.5996352029184,4317.118,4272.150847721906,4374.59965,17.608571428571395,0.004075671389653156,27.376335575781596,1.4999999999999714,False,TREND_SUPPORT_NOT_CONFIRMED|PLANNED_REWARD_TOO_LOW|CLOSE_NOT_ABOVE_BREAKOUT_HIGH|CLOSE_NOT_ABOVE_MA200|RSI_NOT_MOMENTUM_SUPPORTIVE
2026-09-16T07:37:24.395516+00:00,SIE_FIX_BREAKOUT_QUALITY_R_QUALITY_V1,PAXG,PAXGUSDT,strategy-lab-v1.0.0:SIE_FIX_BREAKOUT_QUALITY_R_QUALITY_V1,1789405200000,2026-09-14T17:00:00+00:00,4321.28,4321.28,4313.77,4317.67,43.98975054638636,4316.384,4271.95936791372,4374.04255,17.557857142857042,0.004066512063880992,45.5996352029184,1.5000000000000289,False,TREND_SUPPORT_NOT_CONFIRMED|CLOSE_NOT_ABOVE_BREAKOUT_HIGH|CLOSE_NOT_ABOVE_MA200|RSI_NOT_MOMENTUM_SUPPORTIVE
2026-09-16T07:37:24.395516+00:00,SIE_FIX_BREAKOUT_QUALITY_R_QUALITY_V1,PAXG,PAXGUSDT,strategy-lab-v1.0.0:SIE_FIX_BREAKOUT_QUALITY_R_QUALITY_V1,1789408800000,2026-09-14T18:00:00+00:00,4318.05,4318.05,4310.25,4313.05,42.34589541338001,4314.831499999999,4272.258096436256,4373.45635,17.647142857142757,0.004091569273980769,43.98975054638636,1.5000000000000286,False,TREND_SUPPORT_NOT_CONFIRMED|CLOSE_NOT_ABOVE_BREAKOUT_HIGH|CLOSE_NOT_ABOVE_MA200|RSI_NOT_MOMENTUM_SUPPORTIVE
2026-09-16T07:37:24.395516+00:00,SIE_FIX_BREAKOUT_QUALITY_R_QUALITY_V1,PAXG,PAXGUSDT,strategy-lab-v1.0.0:SIE_FIX_BREAKOUT_QUALITY_R_QUALITY_V1,1789412400000,2026-09-14T19:00:00+00:00,4312.74,4312.74,4288.88,4289.78,33.418018370138824,4312.647,4269.6418453787055,4372.7529,18.639285714285638,0.0043450446676252955,42.34589541338001,1.500000000000027,False,TREND_SUPPORT_NOT_CONFIRMED|CLOSE_NOT_ABOVE_BREAKOUT_HIGH|CLOSE_NOT_ABOVE_MA200|RSI_NOT_MOMENTUM_SUPPORTIVE
2026-09-16T07:37:24.395516+00:00,SIE_FIX_BREAKOUT_QUALITY_R_QUALITY_V1,PAXG,PAXGUSDT,strategy-lab-v1.0.0:SIE_FIX_BREAKOUT_QUALITY_R_QUALITY_V1,1789416000000,2026-09-14T20:00:00+00:00,4290.51,4306.76,4288.51,4306.76,44.09143742735374,4311.0495,4269.693597652192,4372.1551,18.663571428571363,0.00433355270053854,33.418018370138824,1.5,False,TREND_SUPPORT_NOT_CONFIRMED|CLOSE_NOT_ABOVE_BREAKOUT_HIGH|CLOSE_NOT_ABOVE_MA200|RSI_NOT_MOMENTUM_SUPPORTIVE
2026-09-16T07:37:24.395516+00:00,SIE_FIX_BREAKOUT_QUALITY_R_QUALITY_V1,PAXG,PAXGUSDT,strategy-lab-v1.0.0:SIE_FIX_BREAKOUT_QUALITY_R_QUALITY_V1,1789419600000,2026-09-14T21:00:00+00:00,4306.21,4307.66,4303.05,4303.05,45.87476484815922,4308.5935,4271.704447274273,4371.5351,17.86714285714275,0.004152204333471084,44.09143742735374,1.5000000000000282,False,TREND_SUPPORT_NOT_CONFIRMED|CLOSE_NOT_ABOVE_BREAKOUT_HIGH|CLOSE_NOT_ABOVE_MA200|RSI_NOT_MOMENTUM_SUPPORTIVE
2026-09-16T07:37:24.395516+00:00,SIE_FIX_BREAKOUT_QUALITY_R_QUALITY_V1,PAXG,PAXGUSDT,strategy-lab-v1.0.0:SIE_FIX_BREAKOUT_QUALITY_R_QUALITY_V1,1789423200000,2026-09-14T22:00:00+00:00,4305.36,4305.36,4300.0,4303.01,46.31036353771025,4307.1445,4271.801047155074,4370.92115,17.317142857142763,0.004024425427117939,45.87476484815922,1.5,False,TREND_SUPPORT_NOT_CONFIRMED|CLOSE_NOT_ABOVE_BREAKOUT_HIGH|CLOSE_NOT_ABOVE_MA200|RSI_NOT_MOMENTUM_SUPPORTIVE
2026-09-16T07:37:24.395516+00:00,SIE_FIX_BREAKOUT_QUALITY_R_QUALITY_V1,PAXG,PAXGUSDT,strategy-lab-v1.0.0:SIE_FIX_BREAKOUT_QUALITY_R_QUALITY_V1,1789426800000,2026-09-14T23:00:00+00:00,4302.37,4303.14,4293.41,4294.06,50.78467831907793,4305.1665,4271.58733784545,4370.259300000001,15.954999999999993,0.0037155978258338242,46.31036353771025,1.5000000000000318,False,TREND_SUPPORT_NOT_CONFIRMED|CLOSE_NOT_ABOVE_BREAKOUT_HIGH|CLOSE_NOT_ABOVE_MA200
2026-09-16T07:37:24.395516+00:00,SIE_FIX_BREAKOUT_QUALITY_R_QUALITY_V1,PAXG,PAXGUSDT,strategy-lab-v1.0.0:SIE_FIX_BREAKOUT_QUALITY_R_QUALITY_V1,1789430400000,2026-09-15T00:00:00+00:00,4294.55,4298.13,4283.71,4295.72,47.52577319587638,4303.252,4272.1979074516485,4369.61715,16.03928571428573,0.0037337828616124252,50.78467831907793,1.5000000000000315,False,TREND_SUPPORT_NOT_CONFIRMED|CLOSE_NOT_ABOVE_BREAKOUT_HIGH|CLOSE_NOT_ABOVE_MA200|RSI_NOT_MOMENTUM_SUPPORTIVE
2026-09-16T07:37:24.395516+00:00,SIE_FIX_BREAKOUT_QUALITY_R_QUALITY_V1,PAXG,PAXGUSDT,strategy-lab-v1.0.0:SIE_FIX_BREAKOUT_QUALITY_R_QUALITY_V1,1789434000000,2026-09-15T01:00:00+00:00,4294.0,4309.37,4291.69,4309.37,56.052411061171775,4301.686,4275.576376180388,4369.0707,16.440714285714357,0.0038151085392329636,47.52577319587638,1.4999999999999694,False,TREND_SUPPORT_NOT_CONFIRMED|PLANNED_REWARD_TOO_LOW|CLOSE_NOT_ABOVE_BREAKOUT_HIGH|CLOSE_NOT_ABOVE_MA200
2026-09-16T07:37:24.395516+00:00,SIE_FIX_BREAKOUT_QUALITY_R_QUALITY_V1,PAXG,PAXGUSDT,strategy-lab-v1.0.0:SIE_FIX_BREAKOUT_QUALITY_R_QUALITY_V1,1789437600000,2026-09-15T02:00:00+00:00,4311.28,4319.01,4307.89,4314.2,64.40775423032693,4301.143,4276.595406961137,4368.54165,15.400714285714328,0.0035697729093955607,56.052411061171775,1.5000000000000329,False,TREND_SUPPORT_NOT_CONFIRMED|CLOSE_NOT_ABOVE_BREAKOUT_HIGH|CLOSE_NOT_ABOVE_MA200
2026-09-16T07:37:24.395516+00:00,SIE_FIX_BREAKOUT_QUALITY_R_QUALITY_V1,PAXG,PAXGUSDT,strategy-lab-v1.0.0:SIE_FIX_BREAKOUT_QUALITY_R_QUALITY_V1,1789441200000,2026-09-15T03:00:00+00:00,4314.54,4315.2,4298.62,4305.89,60.15739526271128,4300.671,4276.881384702529,4367.97,14.822857142857174,0.003442460709134969,64.40775423032693,1.4999999999999658,False,TREND_SUPPORT_NOT_CONFIRMED|PLANNED_REWARD_TOO_LOW|CLOSE_NOT_ABOVE_BREAKOUT_HIGH|CLOSE_NOT_ABOVE_MA200
2026-09-16T07:37:24.395516+00:00,SIE_FIX_BREAKOUT_QUALITY_R_QUALITY_V1,PAXG,PAXGUSDT,strategy-lab-v1.0.0:SIE_FIX_BREAKOUT_QUALITY_R_QUALITY_V1,1789444800000,2026-09-15T04:00:00+00:00,4305.59,4310.17,4303.28,4305.64,58.12958928427365,4300.258500000001,4277.122921965259,4367.393599999999,14.099285714285738,0.003274608586478604,60.15739526271128,1.5,False,TREND_SUPPORT_NOT_CONFIRMED|CLOSE_NOT_ABOVE_BREAKOUT_HIGH|CLOSE_NOT_ABOVE_MA200
2026-09-16T07:37:24.395516+00:00,SIE_FIX_BREAKOUT_QUALITY_R_QUALITY_V1,PAXG,PAXGUSDT,strategy-lab-v1.0.0:SIE_FIX_BREAKOUT_QUALITY_R_QUALITY_V1,1789448400000,2026-09-15T05:00:00+00:00,4305.64,4308.19,4291.61,4292.68,49.089338985712146,4300.295,4277.209720274564,4366.764700000001,13.592857142857156,0.00316652001613378,58.12958928427365,1.499999999999963,False,TREND_SUPPORT_NOT_CONFIRMED|PLANNED_REWARD_TOO_LOW|CLOSE_NOT_ABOVE_BREAKOUT_HIGH|CLOSE_NOT_ABOVE_MA200|RSI_NOT_MOMENTUM_SUPPORTIVE
2026-09-16T07:37:24.395516+00:00,SIE_FIX_BREAKOUT_QUALITY_R_QUALITY_V1,PAXG,PAXGUSDT,strategy-lab-v1.0.0:SIE_FIX_BREAKOUT_QUALITY_R_QUALITY_V1,1789452000000,2026-09-15T06:00:00+00:00,4294.51,4296.26,4287.96,4292.74,36.4402626678426,4299.834000000001,4276.532900970091,4366.0942000000005,12.071428571428571,0.0028120567682712143,49.089338985712146,1.5,False,TREND_SUPPORT_NOT_CONFIRMED|CLOSE_NOT_ABOVE_BREAKOUT_HIGH|CLOSE_NOT_ABOVE_MA200|RSI_NOT_MOMENTUM_SUPPORTIVE
2026-09-16T07:37:24.395516+00:00,SIE_FIX_BREAKOUT_QUALITY_R_QUALITY_V1,PAXG,PAXGUSDT,strategy-lab-v1.0.0:SIE_FIX_BREAKOUT_QUALITY_R_QUALITY_V1,1789455600000,2026-09-15T07:00:00+00:00,4293.54,4294.55,4277.98,4279.15,32.937632884478774,4299.1175,4274.2502799100575,4365.383199999999,12.718571428571522,0.0029722191156121014,36.4402626678426,1.4999999999999603,False,TREND_SUPPORT_NOT_CONFIRMED|PLANNED_REWARD_TOO_LOW|CLOSE_NOT_ABOVE_BREAKOUT_HIGH|CLOSE_NOT_ABOVE_MA200|RSI_NOT_MOMENTUM_SUPPORTIVE
2026-09-16T07:37:24.395516+00:00,SIE_FIX_BREAKOUT_QUALITY_R_QUALITY_V1,PAXG,PAXGUSDT,strategy-lab-v1.0.0:SIE_FIX_BREAKOUT_QUALITY_R_QUALITY_V1,1789459200000,2026-09-15T08:00:00+00:00,4277.0,4277.12,4264.43,4264.98,30.368373764599838,4298.4105,4270.671123312668,4364.65315,13.212857142857176,0.003097988066264596,32.937632884478774,1.4999999999999618,False,TREND_SUPPORT_NOT_CONFIRMED|PLANNED_REWARD_TOO_LOW|CLOSE_NOT_ABOVE_BREAKOUT_HIGH|CLOSE_NOT_ABOVE_MA200|RSI_NOT_MOMENTUM_SUPPORTIVE
2026-09-16T07:37:24.395516+00:00,SIE_FIX_BREAKOUT_QUALITY_R_QUALITY_V1,PAXG,PAXGUSDT,strategy-lab-v1.0.0:SIE_FIX_BREAKOUT_QUALITY_R_QUALITY_V1,1789462800000,2026-09-15T09:00:00+00:00,4265.44,4275.09,4264.18,4271.83,41.53381756438075,4298.023999999999,4269.056573189844,4363.98175,12.265714285714305,0.002871302061578833,30.368373764599838,1.5000000000000413,False,TREND_SUPPORT_NOT_CONFIRMED|CLOSE_NOT_ABOVE_BREAKOUT_HIGH|CLOSE_NOT_ABOVE_MA200|RSI_NOT_MOMENTUM_SUPPORTIVE
2026-09-16T07:37:24.395516+00:00,SIE_FIX_BREAKOUT_QUALITY_R_QUALITY_V1,PAXG,PAXGUSDT,strategy-lab-v1.0.0:SIE_FIX_BREAKOUT_QUALITY_R_QUALITY_V1,1789466400000,2026-09-15T10:00:00+00:00,4272.41,4284.76,4272.26,4283.04,38.168395849959836,4297.9015,4268.703287537562,4363.3639,11.885714285714325,0.0027750649738770418,41.53381756438075,1.5,False,TREND_SUPPORT_NOT_CONFIRMED|CLOSE_NOT_ABOVE_BREAKOUT_HIGH|CLOSE_NOT_ABOVE_MA200|RSI_NOT_MOMENTUM_SUPPORTIVE
2026-09-16T07:37:24.395516+00:00,SIE_FIX_BREAKOUT_QUALITY_R_QUALITY_V1,PAXG,PAXGUSDT,strategy-lab-v1.0.0:SIE_FIX_BREAKOUT_QUALITY_R_QUALITY_V1,1789470000000,2026-09-15T11:00:00+00:00,4283.58,4287.0,4281.03,4286.58,41.7707604676724,4297.4805,4267.886950381853,4362.7845,11.982857142857224,0.0027954353220649617,38.168395849959836,1.4999999999999578,False,TREND_SUPPORT_NOT_CONFIRMED|PLANNED_REWARD_TOO_LOW|CLOSE_NOT_ABOVE_BREAKOUT_HIGH|CLOSE_NOT_ABOVE_MA200|RSI_NOT_MOMENTUM_SUPPORTIVE
2026-09-16T07:37:24.395516+00:00,SIE_FIX_BREAKOUT_QUALITY_R_QUALITY_V1,PAXG,PAXGUSDT,strategy-lab-v1.0.0:SIE_FIX_BREAKOUT_QUALITY_R_QUALITY_V1,1789473600000,2026-09-15T12:00:00+00:00,4285.74,4297.11,4274.01,4294.65,46.13320999074899,4296.1925,4268.523160380094,4362.268550000001,13.250000000000066,0.003085233953872857,41.7707604676724,1.5000000000000382,False,TREND_SUPPORT_NOT_CONFIRMED|CLOSE_NOT_ABOVE_BREAKOUT_HIGH|CLOSE_NOT_ABOVE_MA200|RSI_NOT_MOMENTUM_SUPPORTIVE
2026-09-16T07:37:24.395516+00:00,SIE_FIX_BREAKOUT_QUALITY_R_QUALITY_V1,PAXG,PAXGUSDT,strategy-lab-v1.0.0:SIE_FIX_BREAKOUT_QUALITY_R_QUALITY_V1,1789477200000,2026-09-15T13:00:00+00:00,4294.53,4298.69,4286.6,4297.18,51.534225019669506,4295.168,4269.296541131167,4361.78965,13.418571428571406,0.0031226458813853283,46.13320999074899,1.5000000000000377,False,TREND_SUPPORT_NOT_CONFIRMED|CLOSE_NOT_ABOVE_BREAKOUT_HIGH|CLOSE_NOT_ABOVE_MA200
2026-09-16T07:37:24.395516+00:00,SIE_FIX_BREAKOUT_QUALITY_R_QUALITY_V1,PAXG,PAXGUSDT,strategy-lab-v1.0.0:SIE_FIX_BREAKOUT_QUALITY_R_QUALITY_V1,1789480800000,2026-09-15T14:00:00+00:00,4296.04,4300.76,4275.0,4277.7,42.46025104602492,4293.400500000001,4267.828852047596,4361.21155,14.228571428571415,0.003326220031458825,51.534225019669506,1.5,False,TREND_SUPPORT_NOT_CONFIRMED|CLOSE_NOT_ABOVE_BREAKOUT_HIGH|CLOSE_NOT_ABOVE_MA200|RSI_NOT_MOMENTUM_SUPPORTIVE
2026-09-16T07:37:24.395516+00:00,SIE_FIX_BREAKOUT_QUALITY_R_QUALITY_V1,PAXG,PAXGUSDT,strategy-lab-v1.0.0:SIE_FIX_BREAKOUT_QUALITY_R_QUALITY_V1,1789484400000,2026-09-15T15:00:00+00:00,4278.77,4293.24,4278.68,4290.1,41.85200845665988,4293.4165,4267.853534385626,4360.63725,14.07571428571425,0.0032809758014298615,42.46025104602492,1.5,False,TREND_SUPPORT_NOT_CONFIRMED|CLOSE_NOT_ABOVE_BREAKOUT_HIGH|CLOSE_NOT_ABOVE_MA200|RSI_NOT_MOMENTUM_SUPPORTIVE
2026-09-16T07:37:24.395516+00:00,SIE_FIX_BREAKOUT_QUALITY_R_QUALITY_V1,PAXG,PAXGUSDT,strategy-lab-v1.0.0:SIE_FIX_BREAKOUT_QUALITY_R_QUALITY_V1,1789488000000,2026-09-15T16:00:00+00:00,4290.53,4297.88,4286.17,4296.34,42.53718870132059,4292.8955,4268.026261591844,4360.067050000001,14.117857142857117,0.003286019528914638,41.85200845665988,1.4999999999999643,False,TREND_SUPPORT_NOT_CONFIRMED|PLANNED_REWARD_TOO_LOW|CLOSE_NOT_ABOVE_BREAKOUT_HIGH|CLOSE_NOT_ABOVE_MA200|RSI_NOT_MOMENTUM_SUPPORTIVE
2026-09-16T07:37:24.395516+00:00,SIE_FIX_BREAKOUT_QUALITY_R_QUALITY_V1,PAXG,PAXGUSDT,strategy-lab-v1.0.0:SIE_FIX_BREAKOUT_QUALITY_R_QUALITY_V1,1789491600000,2026-09-15T17:00:00+00:00,4296.33,4298.71,4290.28,4293.88,44.723662244090995,4292.437,4267.999135854341,4359.5066,13.535714285714286,0.0031523270994332133,42.53718870132059,1.5000000000000373,False,TREND_SUPPORT_NOT_CONFIRMED|CLOSE_NOT_ABOVE_BREAKOUT_HIGH|CLOSE_NOT_ABOVE_MA200|RSI_NOT_MOMENTUM_SUPPORTIVE
2026-09-16T07:37:24.395516+00:00,SIE_FIX_BREAKOUT_QUALITY_R_QUALITY_V1,PAXG,PAXGUSDT,strategy-lab-v1.0.0:SIE_FIX_BREAKOUT_QUALITY_R_QUALITY_V1,1789495200000,2026-09-15T18:00:00+00:00,4295.04,4308.15,4294.93,4307.51,50.73512068558844,4292.661999999999,4267.7604316959405,4359.08585,14.062857142857085,0.0032647300047723826,44.723662244090995,1.5,False,TREND_SUPPORT_NOT_CONFIRMED|CLOSE_NOT_ABOVE_BREAKOUT_HIGH|CLOSE_NOT_ABOVE_MA200
2026-09-16T07:37:24.395516+00:00,SIE_FIX_BREAKOUT_QUALITY_R_QUALITY_V1,PAXG,PAXGUSDT,strategy-lab-v1.0.0:SIE_FIX_BREAKOUT_QUALITY_R_QUALITY_V1,1789498800000,2026-09-15T19:00:00+00:00,4306.98,4309.52,4295.0,4296.11,51.36511979622674,4292.764499999999,4267.823911815241,4358.6274,13.915714285714264,0.003239142918992825,50.73512068558844,1.5,False,TREND_SUPPORT_NOT_CONFIRMED|CLOSE_NOT_ABOVE_BREAKOUT_HIGH|CLOSE_NOT_ABOVE_MA200
2026-09-16T07:37:24.395516+00:00,SIE_FIX_BREAKOUT_QUALITY_R_QUALITY_V1,PAXG,PAXGUSDT,strategy-lab-v1.0.0:SIE_FIX_BREAKOUT_QUALITY_R_QUALITY_V1,1789502400000,2026-09-15T20:00:00+00:00,4296.62,4297.28,4290.99,4293.67,50.363252870869566,4292.662,4267.754011241337,4358.10485,13.772142857142821,0.0032075457259507184,51.36511979622674,1.4999999999999634,False,TREND_SUPPORT_NOT_CONFIRMED|PLANNED_REWARD_TOO_LOW|CLOSE_NOT_ABOVE_BREAKOUT_HIGH|CLOSE_NOT_ABOVE_MA200
2026-09-16T07:37:24.395516+00:00,SIE_FIX_BREAKOUT_QUALITY_R_QUALITY_V1,PAXG,PAXGUSDT,strategy-lab-v1.0.0:SIE_FIX_BREAKOUT_QUALITY_R_QUALITY_V1,1789506000000,2026-09-15T21:00:00+00:00,4294.28,4295.66,4293.23,4295.66,57.091315179108314,4291.9765,4268.217408876775,4357.5661,12.762142857142797,0.0029709387747500495,50.363252870869566,1.5,False,TREND_SUPPORT_NOT_CONFIRMED|CLOSE_NOT_ABOVE_BREAKOUT_HIGH|CLOSE_NOT_ABOVE_MA200
2026-09-16T07:37:24.395516+00:00,SIE_FIX_BREAKOUT_QUALITY_R_QUALITY_V1,PAXG,PAXGUSDT,strategy-lab-v1.0.0:SIE_FIX_BREAKOUT_QUALITY_R_QUALITY_V1,1789509600000,2026-09-15T22:00:00+00:00,4296.07,4297.35,4289.28,4289.28,61.18578530657328,4290.7305,4269.2604795295465,4356.9356,12.287142857142888,0.0028646166389563956,57.091315179108314,1.5,False,TREND_SUPPORT_NOT_CONFIRMED|CLOSE_NOT_ABOVE_BREAKOUT_HIGH|CLOSE_NOT_ABOVE_MA200
2026-09-16T07:37:24.395516+00:00,SIE_FIX_BREAKOUT_QUALITY_R_QUALITY_V1,PAXG,PAXGUSDT,strategy-lab-v1.0.0:SIE_FIX_BREAKOUT_QUALITY_R_QUALITY_V1,1789513200000,2026-09-15T23:00:00+00:00,4288.58,4288.64,4281.58,4282.36,54.84405189069813,4289.554,4268.975464191987,4356.276449999999,12.057857142857172,0.0028157037574741903,61.18578530657328,1.5,False,TREND_SUPPORT_NOT_CONFIRMED|CLOSE_NOT_ABOVE_BREAKOUT_HIGH|CLOSE_NOT_ABOVE_MA200
2026-09-16T07:37:24.395516+00:00,SIE_FIX_BREAKOUT_QUALITY_R_QUALITY_V1,PAXG,PAXGUSDT,strategy-lab-v1.0.0:SIE_FIX_BREAKOUT_QUALITY_R_QUALITY_V1,1789516800000,2026-09-16T00:00:00+00:00,4283.89,4289.86,4279.34,4279.57,48.26967188590794,4288.2505,4268.632552630266,4355.6062,11.88571428571426,0.0027773150773826014,54.84405189069813,1.5,False,TREND_SUPPORT_NOT_CONFIRMED|CLOSE_NOT_ABOVE_BREAKOUT_HIGH|CLOSE_NOT_ABOVE_MA200|RSI_NOT_MOMENTUM_SUPPORTIVE
2026-09-16T07:37:24.395516+00:00,SIE_FIX_BREAKOUT_QUALITY_R_QUALITY_V1,PAXG,PAXGUSDT,strategy-lab-v1.0.0:SIE_FIX_BREAKOUT_QUALITY_R_QUALITY_V1,1789520400000,2026-09-16T01:00:00+00:00,4281.61,4295.16,4280.52,4282.23,47.81165107153622,4287.728,4268.053218578047,4354.97825,12.572857142857108,0.002936053678307123,48.26967188590794,1.5,False,TREND_SUPPORT_NOT_CONFIRMED|CLOSE_NOT_ABOVE_BREAKOUT_HIGH|CLOSE_NOT_ABOVE_MA200|RSI_NOT_MOMENTUM_SUPPORTIVE
2026-09-16T07:37:24.395516+00:00,SIE_FIX_BREAKOUT_QUALITY_R_QUALITY_V1,PAXG,PAXGUSDT,strategy-lab-v1.0.0:SIE_FIX_BREAKOUT_QUALITY_R_QUALITY_V1,1789524000000,2026-09-16T02:00:00+00:00,4283.11,4324.27,4283.11,4324.27,61.10527894421126,4289.3045,4264.022191185304,4354.54435,13.925714285714353,0.003220361884367616,47.81165107153622,1.5,False,TREND_SUPPORT_NOT_CONFIRMED|CLOSE_NOT_ABOVE_MA200
2026-09-16T07:37:24.395516+00:00,SIE_FIX_BREAKOUT_QUALITY_R_QUALITY_V1,PAXG,PAXGUSDT,strategy-lab-v1.0.0:SIE_FIX_BREAKOUT_QUALITY_R_QUALITY_V1,1789527600000,2026-09-16T03:00:00+00:00,4323.17,4341.07,4323.17,4327.86,61.41199226305578,4291.74,4261.871102464241,4354.1366499999995,14.340714285714382,0.003313580911978295,61.10527894421126,1.5000000000000353,False,TREND_SUPPORT_NOT_CONFIRMED|CLOSE_NOT_ABOVE_MA200
2026-09-16T07:37:24.395516+00:00,SIE_FIX_BREAKOUT_QUALITY_R_QUALITY_V1,PAXG,PAXGUSDT,strategy-lab-v1.0.0:SIE_FIX_BREAKOUT_QUALITY_R_QUALITY_V1,1789531200000,2026-09-16T04:00:00+00:00,4328.08,4329.54,4321.11,4323.56,69.2301241194233,4294.669,4264.385046559246,4353.6927,13.102857142857244,0.0030305713677749916,61.41199226305578,1.5000000000000386,False,TREND_SUPPORT_NOT_CONFIRMED|CLOSE_NOT_ABOVE_BREAKOUT_HIGH|CLOSE_NOT_ABOVE_MA200
2026-09-16T07:37:24.395516+00:00,SIE_FIX_BREAKOUT_QUALITY_R_QUALITY_V1,PAXG,PAXGUSDT,strategy-lab-v1.0.0:SIE_FIX_BREAKOUT_QUALITY_R_QUALITY_V1,1789534800000,2026-09-16T05:00:00+00:00,4322.85,4333.62,4321.61,4328.0,67.02911574406903,4297.4775,4265.800469283694,4353.263349999999,12.850714285714405,0.002969203855294456,69.2301241194233,1.4999999999999607,False,TREND_SUPPORT_NOT_CONFIRMED|PLANNED_REWARD_TOO_LOW|CLOSE_NOT_ABOVE_BREAKOUT_HIGH|CLOSE_NOT_ABOVE_MA200
2026-09-16T07:37:24.395516+00:00,SIE_FIX_BREAKOUT_QUALITY_R_QUALITY_V1,PAXG,PAXGUSDT,strategy-lab-v1.0.0:SIE_FIX_BREAKOUT_QUALITY_R_QUALITY_V1,1789538400000,2026-09-16T06:00:00+00:00,4331.47,4334.64,4323.94,4334.64,67.14720630372511,4300.0575,4265.253323885605,4352.89365,12.778571428571597,0.0029480121598498598,67.02911574406903,1.4999999999999605,False,TREND_SUPPORT_NOT_CONFIRMED|PLANNED_REWARD_TOO_LOW|CLOSE_NOT_ABOVE_BREAKOUT_HIGH|CLOSE_NOT_ABOVE_MA200
2026-09-16T07:37:24.395516+00:00,SIE_FIX_BREAKOUT_QUALITY_R_QUALITY_V1,PAXG,PAXGUSDT,strategy-lab-v1.0.0:SIE_FIX_BREAKOUT_QUALITY_R_QUALITY_V1,1789542000000,2026-09-16T07:00:00+00:00,4333.07,4338.01,4332.22,4334.61,68.64073226544602,4302.459000000001,4265.166798187801,4352.44585,12.590000000000146,0.0029045288964866843,67.14720630372511,1.5,False,TREND_SUPPORT_NOT_CONFIRMED|CLOSE_NOT_ABOVE_BREAKOUT_HIGH|CLOSE_NOT_ABOVE_MA200
2026-09-16T13:27:06.952279+00:00,SIE_FIX_BREAKOUT_QUALITY_R_QUALITY_V1,BTC,BTCUSDT,strategy-lab-v1.0.0:SIE_FIX_BREAKOUT_QUALITY_R_QUALITY_V1,1789545600000,2026-09-16T08:00:00+00:00,75690.46,75690.46,75271.81,75670.39,44.90351446696356,75921.22050000001,75165.24486162335,77601.64125,437.2014285714322,0.005777708144115977,32.64635297596739,1.5,False,TREND_SUPPORT_NOT_CONFIRMED|CLOSE_NOT_ABOVE_BREAKOUT_HIGH|CLOSE_NOT_ABOVE_MA200|RSI_NOT_MOMENTUM_SUPPORTIVE
2026-09-16T13:27:06.952279+00:00,SIE_FIX_BREAKOUT_QUALITY_R_QUALITY_V1,BTC,BTCUSDT,strategy-lab-v1.0.0:SIE_FIX_BREAKOUT_QUALITY_R_QUALITY_V1,1789549200000,2026-09-16T09:00:00+00:00,75670.39,75929.81,75657.87,75924.05,46.13260936066084,75888.85500000001,75194.03531779461,77584.1919,420.30285714286066,0.005535832942827216,44.90351446696356,1.5000000000000193,False,TREND_SUPPORT_NOT_CONFIRMED|CLOSE_NOT_ABOVE_BREAKOUT_HIGH|CLOSE_NOT_ABOVE_MA200|RSI_NOT_MOMENTUM_SUPPORTIVE
2026-09-16T13:27:06.952279+00:00,SIE_FIX_BREAKOUT_QUALITY_R_QUALITY_V1,BTC,BTCUSDT,strategy-lab-v1.0.0:SIE_FIX_BREAKOUT_QUALITY_R_QUALITY_V1,1789552800000,2026-09-16T10:00:00+00:00,75924.04,75980.47,75829.26,75920.0,50.96569787090234,75891.392,75196.50650245094,77569.2219,385.2378571428614,0.005074260499774255,46.13260936066084,1.5,False,TREND_SUPPORT_NOT_CONFIRMED|CLOSE_NOT_ABOVE_BREAKOUT_HIGH|CLOSE_NOT_ABOVE_MA200
2026-09-16T13:27:06.952279+00:00,SIE_FIX_BREAKOUT_QUALITY_R_QUALITY_V1,BTC,BTCUSDT,strategy-lab-v1.0.0:SIE_FIX_BREAKOUT_QUALITY_R_QUALITY_V1,1789556400000,2026-09-16T11:00:00+00:00,75930.4,76250.0,75804.45,76182.14,68.46141295480477,75877.1945,75219.23485052367,77555.75655,376.49071428571915,0.004941981339533375,50.96569787090234,1.5,False,TREND_SUPPORT_NOT_CONFIRMED|CLOSE_NOT_ABOVE_BREAKOUT_HIGH|CLOSE_NOT_ABOVE_MA200
2026-09-16T13:27:06.952279+00:00,SIE_FIX_BREAKOUT_QUALITY_R_QUALITY_V1,BTC,BTCUSDT,strategy-lab-v1.0.0:SIE_FIX_BREAKOUT_QUALITY_R_QUALITY_V1,1789560000000,2026-09-16T12:00:00+00:00,76182.14,76232.38,75722.4,75901.21,56.58021830516475,75855.725,75231.17141384426,77542.01325,367.6864285714338,0.004844276245022099,68.46141295480477,1.5,False,TREND_SUPPORT_NOT_CONFIRMED|CLOSE_NOT_ABOVE_BREAKOUT_HIGH|CLOSE_NOT_ABOVE_MA200
2026-09-16T13:27:06.952279+00:00,SIE_FIX_BREAKOUT_QUALITY_R_QUALITY_V1,BTC,BTCUSDT,strategy-lab-v1.0.0:SIE_FIX_BREAKOUT_QUALITY_R_QUALITY_V1,1789563600000,2026-09-16T13:00:00+00:00,75899.72,75899.72,75606.4,75679.13,51.97798718557598,75794.1285,75396.15685139803,77527.6249,361.04500000000553,0.004770734018744739,56.58021830516475,1.5000000000000224,False,TREND_SUPPORT_NOT_CONFIRMED|CLOSE_NOT_ABOVE_BREAKOUT_HIGH|CLOSE_NOT_ABOVE_MA200
2026-09-16T13:27:06.952279+00:00,SIE_FIX_BREAKOUT_QUALITY_R_QUALITY_V1,BNB,BNBUSDT,strategy-lab-v1.0.0:SIE_FIX_BREAKOUT_QUALITY_R_QUALITY_V1,1789545600000,2026-09-16T08:00:00+00:00,708.86,708.98,703.68,706.96,33.44272076372327,714.482,706.6456779035007,727.27345,4.699285714285728,0.006647173410498087,31.59526493799332,1.4999999999999865,False,TREND_SUPPORT_NOT_CONFIRMED|PLANNED_REWARD_TOO_LOW|CLOSE_NOT_ABOVE_BREAKOUT_HIGH|CLOSE_NOT_ABOVE_MA200|RSI_NOT_MOMENTUM_SUPPORTIVE
2026-09-16T13:27:06.952279+00:00,SIE_FIX_BREAKOUT_QUALITY_R_QUALITY_V1,BNB,BNBUSDT,strategy-lab-v1.0.0:SIE_FIX_BREAKOUT_QUALITY_R_QUALITY_V1,1789549200000,2026-09-16T09:00:00+00:00,707.17,710.31,706.95,710.31,38.26784726065295,713.996,706.3941439108539,727.1128,4.580000000000008,0.006447888949895128,33.44272076372327,1.4999999999999862,False,TREND_SUPPORT_NOT_CONFIRMED|PLANNED_REWARD_TOO_LOW|CLOSE_NOT_ABOVE_BREAKOUT_HIGH|CLOSE_NOT_ABOVE_MA200|RSI_NOT_MOMENTUM_SUPPORTIVE
2026-09-16T13:27:06.952279+00:00,SIE_FIX_BREAKOUT_QUALITY_R_QUALITY_V1,BNB,BNBUSDT,strategy-lab-v1.0.0:SIE_FIX_BREAKOUT_QUALITY_R_QUALITY_V1,1789552800000,2026-09-16T10:00:00+00:00,710.4,711.34,710.07,710.89,44.05380617548151,713.7745,706.082242919007,726.9753,4.085714285714289,0.005747322772460281,38.26784726065295,1.5,False,TREND_SUPPORT_NOT_CONFIRMED|CLOSE_NOT_ABOVE_BREAKOUT_HIGH|CLOSE_NOT_ABOVE_MA200|RSI_NOT_MOMENTUM_SUPPORTIVE
2026-09-16T13:27:06.952279+00:00,SIE_FIX_BREAKOUT_QUALITY_R_QUALITY_V1,BNB,BNBUSDT,strategy-lab-v1.0.0:SIE_FIX_BREAKOUT_QUALITY_R_QUALITY_V1,1789556400000,2026-09-16T11:00:00+00:00,710.8,715.42,710.59,713.7,54.493670886075996,713.564,706.1091883994235,726.8301999999999,4.09571428571428,0.0057387057387057305,44.05380617548151,1.5,False,TREND_SUPPORT_NOT_CONFIRMED|CLOSE_NOT_ABOVE_BREAKOUT_HIGH|CLOSE_NOT_ABOVE_MA200
2026-09-16T13:27:06.952279+00:00,SIE_FIX_BREAKOUT_QUALITY_R_QUALITY_V1,BNB,BNBUSDT,strategy-lab-v1.0.0:SIE_FIX_BREAKOUT_QUALITY_R_QUALITY_V1,1789560000000,2026-09-16T12:00:00+00:00,713.55,714.09,711.48,712.36,49.224806201550365,713.2305,706.1988701035897,726.66475,3.882857142857136,0.005450695073919276,54.493670886075996,1.4999999999999838,False,TREND_SUPPORT_NOT_CONFIRMED|PLANNED_REWARD_TOO_LOW|CLOSE_NOT_ABOVE_BREAKOUT_HIGH|CLOSE_NOT_ABOVE_MA200|RSI_NOT_MOMENTUM_SUPPORTIVE
2026-09-16T13:27:06.952279+00:00,SIE_FIX_BREAKOUT_QUALITY_R_QUALITY_V1,BNB,BNBUSDT,strategy-lab-v1.0.0:SIE_FIX_BREAKOUT_QUALITY_R_QUALITY_V1,1789563600000,2026-09-16T13:00:00+00:00,712.06,712.22,709.88,711.5,49.72267536704737,712.691,706.9933166111047,726.4675500000001,3.8135714285714193,0.00535990362413411,49.224806201550365,1.5,False,TREND_SUPPORT_NOT_CONFIRMED|CLOSE_NOT_ABOVE_BREAKOUT_HIGH|CLOSE_NOT_ABOVE_MA200|RSI_NOT_MOMENTUM_SUPPORTIVE
2026-09-16T13:27:06.952279+00:00,SIE_FIX_BREAKOUT_QUALITY_R_QUALITY_V1,PAXG,PAXGUSDT,strategy-lab-v1.0.0:SIE_FIX_BREAKOUT_QUALITY_R_QUALITY_V1,1789545600000,2026-09-16T08:00:00+00:00,4329.31,4336.78,4324.02,4330.85,61.1206403659234,4303.942,4265.792659979468,4351.9314,12.791428571428696,0.0029535607493745325,64.76379652819743,1.4999999999999605,False,TREND_SUPPORT_NOT_CONFIRMED|PLANNED_REWARD_TOO_LOW|CLOSE_NOT_ABOVE_BREAKOUT_HIGH|CLOSE_NOT_ABOVE_MA200
2026-09-16T13:27:06.952279+00:00,SIE_FIX_BREAKOUT_QUALITY_R_QUALITY_V1,PAXG,PAXGUSDT,strategy-lab-v1.0.0:SIE_FIX_BREAKOUT_QUALITY_R_QUALITY_V1,1789549200000,2026-09-16T09:00:00+00:00,4331.01,4339.71,4328.5,4339.69,71.28345379957037,4306.067499999999,4265.034097569757,4351.44545,12.555000000000096,0.002893063790270756,61.1206403659234,1.4999999999999598,False,TREND_SUPPORT_NOT_CONFIRMED|PLANNED_REWARD_TOO_LOW|CLOSE_NOT_ABOVE_BREAKOUT_HIGH|CLOSE_NOT_ABOVE_MA200
2026-09-16T13:27:06.952279+00:00,SIE_FIX_BREAKOUT_QUALITY_R_QUALITY_V1,PAXG,PAXGUSDT,strategy-lab-v1.0.0:SIE_FIX_BREAKOUT_QUALITY_R_QUALITY_V1,1789552800000,2026-09-16T10:00:00+00:00,4339.7,4350.87,4338.08,4349.14,75.35423713319321,4309.639499999999,4266.711555499915,4351.07655,13.019285714285811,0.0029935310691966252,71.28345379957037,1.5,False,TREND_SUPPORT_NOT_CONFIRMED|CLOSE_NOT_ABOVE_MA200
2026-09-16T13:27:06.952279+00:00,SIE_FIX_BREAKOUT_QUALITY_R_QUALITY_V1,PAXG,PAXGUSDT,strategy-lab-v1.0.0:SIE_FIX_BREAKOUT_QUALITY_R_QUALITY_V1,1789556400000,2026-09-16T11:00:00+00:00,4351.54,4354.69,4338.82,4341.08,69.66914948900039,4312.1885,4268.163945362817,4350.59245,13.979285714285782,0.0032202322266085357,75.35423713319321,1.5,False,TREND_SUPPORT_NOT_CONFIRMED|CLOSE_NOT_ABOVE_BREAKOUT_HIGH|CLOSE_NOT_ABOVE_MA200
2026-09-16T13:27:06.952279+00:00,SIE_FIX_BREAKOUT_QUALITY_R_QUALITY_V1,PAXG,PAXGUSDT,strategy-lab-v1.0.0:SIE_FIX_BREAKOUT_QUALITY_R_QUALITY_V1,1789560000000,2026-09-16T12:00:00+00:00,4340.44,4350.31,4334.35,4350.31,75.79240977094074,4314.887,4268.524854191135,4350.16335,14.54285714285717,0.003342947317054915,69.66914948900039,1.5000000000000346,False,TREND_SUPPORT_NOT_CONFIRMED|CLOSE_NOT_ABOVE_BREAKOUT_HIGH
2026-09-16T13:27:06.952279+00:00,SIE_FIX_BREAKOUT_QUALITY_R_QUALITY_V1,PAXG,PAXGUSDT,strategy-lab-v1.0.0:SIE_FIX_BREAKOUT_QUALITY_R_QUALITY_V1,1789563600000,2026-09-16T13:00:00+00:00,4349.39,4361.18,4345.14,4354.62,81.22731201382877,4317.924000000001,4269.550055194946,4349.839199999999,15.138571428571465,0.003476439144763829,75.79240977094074,1.5000000000000333,False,TREND_SUPPORT_NOT_CONFIRMED|CLOSE_NOT_ABOVE_BREAKOUT_HIGH
2026-09-16T18:09:16.199311+00:00,SIE_FIX_BREAKOUT_QUALITY_R_QUALITY_V1,BTC,BTCUSDT,strategy-lab-v1.0.0:SIE_FIX_BREAKOUT_QUALITY_R_QUALITY_V1,1789567200000,2026-09-16T14:00:00+00:00,75582.09,75766.6,75349.25,75632.96,48.362785970160374,75774.3745,75368.64727012879,77513.7862,373.7828571428628,0.004942063052178081,49.95855772888361,1.5,False,TREND_SUPPORT_NOT_CONFIRMED|CLOSE_NOT_ABOVE_BREAKOUT_HIGH|CLOSE_NOT_ABOVE_MA200|RSI_NOT_MOMENTUM_SUPPORTIVE
2026-09-16T18:09:16.199311+00:00,SIE_FIX_BREAKOUT_QUALITY_R_QUALITY_V1,BTC,BTCUSDT,strategy-lab-v1.0.0:SIE_FIX_BREAKOUT_QUALITY_R_QUALITY_V1,1789570800000,2026-09-16T15:00:00+00:00,75637.85,75894.32,75469.96,75730.9,56.61232086191579,75754.603,75382.2397259732,77500.1853,367.9007142857195,0.004858000027541196,48.362785970160374,1.5,False,TREND_SUPPORT_NOT_CONFIRMED|CLOSE_NOT_ABOVE_BREAKOUT_HIGH|CLOSE_NOT_ABOVE_MA200
2026-09-16T18:09:16.199311+00:00,SIE_FIX_BREAKOUT_QUALITY_R_QUALITY_V1,BTC,BTCUSDT,strategy-lab-v1.0.0:SIE_FIX_BREAKOUT_QUALITY_R_QUALITY_V1,1789574400000,2026-09-16T16:00:00+00:00,75730.91,75832.95,75569.23,75701.55,46.72018641470878,75745.96650000001,75377.11089327704,77486.78995,341.47642857143364,0.004510824792509977,56.61232086191579,1.5,False,TREND_SUPPORT_NOT_CONFIRMED|CLOSE_NOT_ABOVE_BREAKOUT_HIGH|CLOSE_NOT_ABOVE_MA200|RSI_NOT_MOMENTUM_SUPPORTIVE
2026-09-16T18:09:16.199311+00:00,SIE_FIX_BREAKOUT_QUALITY_R_QUALITY_V1,BTC,BTCUSDT,strategy-lab-v1.0.0:SIE_FIX_BREAKOUT_QUALITY_R_QUALITY_V1,1789578000000,2026-09-16T17:00:00+00:00,75701.56,75850.0,75274.11,75681.25,47.974368219213886,75760.5245,75427.78624614426,77471.5318,359.4378571428616,0.004749364699220238,46.72018641470878,1.5,False,TREND_SUPPORT_NOT_CONFIRMED|CLOSE_NOT_ABOVE_BREAKOUT_HIGH|CLOSE_NOT_ABOVE_MA200|RSI_NOT_MOMENTUM_SUPPORTIVE
2026-09-16T18:09:16.199311+00:00,SIE_FIX_BREAKOUT_QUALITY_R_QUALITY_V1,BTC,BTCUSDT,strategy-lab-v1.0.0:SIE_FIX_BREAKOUT_QUALITY_R_QUALITY_V1,1789581600000,2026-09-16T18:00:00+00:00,75688.82,76140.2,75217.43,75994.29,54.7067244355877,75779.689,75439.53700468618,77458.83245,409.886428571433,0.00539364771447214,47.974368219213886,1.4999999999999802,False,TREND_SUPPORT_NOT_CONFIRMED|PLANNED_REWARD_TOO_LOW|CLOSE_NOT_ABOVE_BREAKOUT_HIGH|CLOSE_NOT_ABOVE_MA200
2026-09-16T18:09:16.199311+00:00,SIE_FIX_BREAKOUT_QUALITY_R_QUALITY_V1,BNB,BNBUSDT,strategy-lab-v1.0.0:SIE_FIX_BREAKOUT_QUALITY_R_QUALITY_V1,1789567200000,2026-09-16T14:00:00+00:00,710.69,711.46,707.82,709.2,42.79715762273912,712.216,706.8662246776059,726.2727,3.8157142857142747,0.005380307791475288,48.705656759348116,1.5,False,TREND_SUPPORT_NOT_CONFIRMED|CLOSE_NOT_ABOVE_BREAKOUT_HIGH|CLOSE_NOT_ABOVE_MA200|RSI_NOT_MOMENTUM_SUPPORTIVE
2026-09-16T18:09:16.199311+00:00,SIE_FIX_BREAKOUT_QUALITY_R_QUALITY_V1,BNB,BNBUSDT,strategy-lab-v1.0.0:SIE_FIX_BREAKOUT_QUALITY_R_QUALITY_V1,1789570800000,2026-09-16T15:00:00+00:00,709.5,713.3,708.3,711.4,55.41606886657102,711.8465,707.423418381931,726.0565000000001,3.735714285714274,0.00525121490822923,42.79715762273912,1.4999999999999831,False,TREND_SUPPORT_NOT_CONFIRMED|PLANNED_REWARD_TOO_LOW|CLOSE_NOT_ABOVE_BREAKOUT_HIGH|CLOSE_NOT_ABOVE_MA200
2026-09-16T18:09:16.199311+00:00,SIE_FIX_BREAKOUT_QUALITY_R_QUALITY_V1,BNB,BNBUSDT,strategy-lab-v1.0.0:SIE_FIX_BREAKOUT_QUALITY_R_QUALITY_V1,1789574400000,2026-09-16T16:00:00+00:00,711.18,713.66,710.31,712.95,50.79176563737152,711.755,707.5061625119216,725.8466999999999,3.519285714285705,0.004936230751505301,55.41606886657102,1.5,False,TREND_SUPPORT_NOT_CONFIRMED|CLOSE_NOT_ABOVE_BREAKOUT_HIGH|CLOSE_NOT_ABOVE_MA200
2026-09-16T18:09:16.199311+00:00,SIE_FIX_BREAKOUT_QUALITY_R_QUALITY_V1,BNB,BNBUSDT,strategy-lab-v1.0.0:SIE_FIX_BREAKOUT_QUALITY_R_QUALITY_V1,1789578000000,2026-09-16T17:00:00+00:00,712.91,713.69,708.48,712.51,47.2324723247232,711.8375,707.5973119145374,725.6360000000001,3.694285714285708,0.005184889635634178,50.79176563737152,1.5,False,TREND_SUPPORT_NOT_CONFIRMED|CLOSE_NOT_ABOVE_BREAKOUT_HIGH|CLOSE_NOT_ABOVE_MA200|RSI_NOT_MOMENTUM_SUPPORTIVE
2026-09-16T18:09:16.199311+00:00,SIE_FIX_BREAKOUT_QUALITY_R_QUALITY_V1,BNB,BNBUSDT,strategy-lab-v1.0.0:SIE_FIX_BREAKOUT_QUALITY_R_QUALITY_V1,1789581600000,2026-09-16T18:00:00+00:00,712.85,720.46,710.43,720.19,58.5373711340207,712.205,706.620125784756,725.45505,4.2450000000000045,0.005894277898887799,47.2324723247232,1.5,False,TREND_SUPPORT_NOT_CONFIRMED|CLOSE_NOT_ABOVE_BREAKOUT_HIGH|CLOSE_NOT_ABOVE_MA200
2026-09-16T18:09:16.199311+00:00,SIE_FIX_BREAKOUT_QUALITY_R_QUALITY_V1,PAXG,PAXGUSDT,strategy-lab-v1.0.0:SIE_FIX_BREAKOUT_QUALITY_R_QUALITY_V1,1789567200000,2026-09-16T14:00:00+00:00,4333.68,4356.02,4326.17,4355.53,76.08516483516462,4319.3150000000005,4270.544565308455,4349.47625,17.285000000000114,0.00396851818263222,70.4509742300439,1.5000000000000293,False,TREND_SUPPORT_NOT_CONFIRMED|CLOSE_NOT_ABOVE_BREAKOUT_HIGH
2026-09-16T18:09:16.199311+00:00,SIE_FIX_BREAKOUT_QUALITY_R_QUALITY_V1,PAXG,PAXGUSDT,strategy-lab-v1.0.0:SIE_FIX_BREAKOUT_QUALITY_R_QUALITY_V1,1789570800000,2026-09-16T15:00:00+00:00,4355.18,4360.16,4343.89,4352.29,73.96360651251875,4322.124,4272.558194286763,4349.2826000000005,17.3335714285715,0.003982632459824943,76.08516483516462,1.5,False,TREND_SUPPORT_NOT_CONFIRMED|CLOSE_NOT_ABOVE_BREAKOUT_HIGH
2026-09-16T18:09:16.199311+00:00,SIE_FIX_BREAKOUT_QUALITY_R_QUALITY_V1,PAXG,PAXGUSDT,strategy-lab-v1.0.0:SIE_FIX_BREAKOUT_QUALITY_R_QUALITY_V1,1789574400000,2026-09-16T16:00:00+00:00,4352.29,4352.29,4343.9,4347.33,60.56828597616838,4324.807,4275.887498735143,4349.0533,14.930000000000032,0.0034342918527004006,73.96360651251875,1.5,False,TREND_SUPPORT_NOT_CONFIRMED|CLOSE_NOT_ABOVE_BREAKOUT_HIGH|CLOSE_NOT_ABOVE_MA200
2026-09-16T18:09:16.199311+00:00,SIE_FIX_BREAKOUT_QUALITY_R_QUALITY_V1,PAXG,PAXGUSDT,strategy-lab-v1.0.0:SIE_FIX_BREAKOUT_QUALITY_R_QUALITY_V1,1789578000000,2026-09-16T17:00:00+00:00,4346.65,4370.35,4342.13,4370.35,66.52921496926794,4328.5415,4277.72560592145,4348.910749999999,15.667142857142933,0.0035848714306961527,60.56828597616838,1.4999999999999678,False,TREND_SUPPORT_NOT_CONFIRMED|PLANNED_REWARD_TOO_LOW
2026-09-16T18:09:16.199311+00:00,SIE_FIX_BREAKOUT_QUALITY_R_QUALITY_V1,PAXG,PAXGUSDT,strategy-lab-v1.0.0:SIE_FIX_BREAKOUT_QUALITY_R_QUALITY_V1,1789581600000,2026-09-16T18:00:00+00:00,4353.13,4363.8,4318.12,4334.14,53.29718274744446,4330.7845,4283.2439230261925,4348.5912,18.795714285714375,0.004336665240558536,66.52921496926794,1.4999999999999731,False,TREND_SUPPORT_NOT_CONFIRMED|PLANNED_REWARD_TOO_LOW|CLOSE_NOT_ABOVE_BREAKOUT_HIGH|CLOSE_NOT_ABOVE_MA200
2026-09-16T22:53:11.345463+00:00,SIE_FIX_BREAKOUT_QUALITY_R_QUALITY_V1,BTC,BTCUSDT,strategy-lab-v1.0.0:SIE_FIX_BREAKOUT_QUALITY_R_QUALITY_V1,1789585200000,2026-09-16T19:00:00+00:00,75555.99,76108.27,75160.8,76000.0,52.091956271423086,75778.5655,75434.24339345009,77444.63155,501.5478571428612,0.006599313909774489,43.72352925816648,1.5,False,TREND_SUPPORT_NOT_CONFIRMED|CLOSE_NOT_ABOVE_BREAKOUT_HIGH|CLOSE_NOT_ABOVE_MA200
2026-09-16T22:53:11.345463+00:00,SIE_FIX_BREAKOUT_QUALITY_R_QUALITY_V1,BTC,BTCUSDT,strategy-lab-v1.0.0:SIE_FIX_BREAKOUT_QUALITY_R_QUALITY_V1,1789588800000,2026-09-16T20:00:00+00:00,75992.8,76345.0,75940.46,76101.98,52.90577746700458,75798.054,75427.81450478647,77433.0302,514.0357142857174,0.006754564260821039,52.091956271423086,1.5000000000000158,False,TREND_SUPPORT_NOT_CONFIRMED|CLOSE_NOT_ABOVE_BREAKOUT_HIGH|CLOSE_NOT_ABOVE_MA200
2026-09-16T22:53:11.345463+00:00,SIE_FIX_BREAKOUT_QUALITY_R_QUALITY_V1,BTC,BTCUSDT,strategy-lab-v1.0.0:SIE_FIX_BREAKOUT_QUALITY_R_QUALITY_V1,1789592400000,2026-09-16T21:00:00+00:00,76102.99,76148.8,75857.6,75907.46,54.92246549737325,75821.69750000001,75488.81021854427,77422.9045,507.39571428571696,0.006684398533236614,52.90577746700458,1.500000000000016,False,TREND_SUPPORT_NOT_CONFIRMED|CLOSE_NOT_ABOVE_BREAKOUT_HIGH|CLOSE_NOT_ABOVE_MA200
2026-09-16T22:53:11.345463+00:00,SIE_FIX_BREAKOUT_QUALITY_R_QUALITY_V1,BTC,BTCUSDT,strategy-lab-v1.0.0:SIE_FIX_BREAKOUT_QUALITY_R_QUALITY_V1,1789596000000,2026-09-16T22:00:00+00:00,75907.47,75924.81,75592.58,75637.47,49.329285685179926,75812.3285,75469.91238441695,77408.39875,501.2228571428589,0.006626647574844305,54.92246549737325,1.5,False,TREND_SUPPORT_NOT_CONFIRMED|CLOSE_NOT_ABOVE_BREAKOUT_HIGH|CLOSE_NOT_ABOVE_MA200|RSI_NOT_MOMENTUM_SUPPORTIVE
2026-09-16T22:53:11.345463+00:00,SIE_FIX_BREAKOUT_QUALITY_R_QUALITY_V1,BNB,BNBUSDT,strategy-lab-v1.0.0:SIE_FIX_BREAKOUT_QUALITY_R_QUALITY_V1,1789585200000,2026-09-16T19:00:00+00:00,715.44,719.58,712.32,718.6,56.50988411724616,712.2769999999999,707.0058517379887,725.25955,4.590714285714284,0.006388413979563435,49.62818003913906,1.5,False,TREND_SUPPORT_NOT_CONFIRMED|CLOSE_NOT_ABOVE_BREAKOUT_HIGH|CLOSE_NOT_ABOVE_MA200
2026-09-16T22:53:11.345463+00:00,SIE_FIX_BREAKOUT_QUALITY_R_QUALITY_V1,BNB,BNBUSDT,strategy-lab-v1.0.0:SIE_FIX_BREAKOUT_QUALITY_R_QUALITY_V1,1789588800000,2026-09-16T20:00:00+00:00,718.51,721.2,718.28,719.98,60.491748063321,712.593,706.358396243537,725.1008499999999,4.542142857142859,0.006308706987892524,56.50988411724616,1.5,False,TREND_SUPPORT_NOT_CONFIRMED|CLOSE_NOT_ABOVE_BREAKOUT_HIGH|CLOSE_NOT_ABOVE_MA200
2026-09-16T22:53:11.345463+00:00,SIE_FIX_BREAKOUT_QUALITY_R_QUALITY_V1,BNB,BNBUSDT,strategy-lab-v1.0.0:SIE_FIX_BREAKOUT_QUALITY_R_QUALITY_V1,1789592400000,2026-09-16T21:00:00+00:00,719.9,720.61,719.06,720.56,71.99999999999986,713.202,706.3805995572684,724.9701999999999,4.266428571428581,0.005920990023632427,60.491748063321,1.4999999999999851,False,TREND_SUPPORT_NOT_CONFIRMED|PLANNED_REWARD_TOO_LOW|CLOSE_NOT_ABOVE_BREAKOUT_HIGH|CLOSE_NOT_ABOVE_MA200
2026-09-16T22:53:11.345463+00:00,SIE_FIX_BREAKOUT_QUALITY_R_QUALITY_V1,BNB,BNBUSDT,strategy-lab-v1.0.0:SIE_FIX_BREAKOUT_QUALITY_R_QUALITY_V1,1789596000000,2026-09-16T22:00:00+00:00,720.37,720.55,717.87,717.92,70.98009188361394,713.4705000000001,706.3564280998787,724.80715,4.062142857142858,0.005658211022318445,71.99999999999986,1.5,False,TREND_SUPPORT_NOT_CONFIRMED|CLOSE_NOT_ABOVE_BREAKOUT_HIGH|CLOSE_NOT_ABOVE_MA200
2026-09-16T22:53:11.345463+00:00,SIE_FIX_BREAKOUT_QUALITY_R_QUALITY_V1,PAXG,PAXGUSDT,strategy-lab-v1.0.0:SIE_FIX_BREAKOUT_QUALITY_R_QUALITY_V1,1789585200000,2026-09-16T19:00:00+00:00,4266.67,4292.7,4241.98,4274.52,38.417222559127055,4327.0305,4270.622320282848,4347.5957,25.550714285714353,0.0059774464233912465,37.55709768095572,1.5000000000000198,False,TREND_SUPPORT_NOT_CONFIRMED|CLOSE_NOT_ABOVE_BREAKOUT_HIGH|CLOSE_NOT_ABOVE_MA200|RSI_NOT_MOMENTUM_SUPPORTIVE
2026-09-16T22:53:11.345463+00:00,SIE_FIX_BREAKOUT_QUALITY_R_QUALITY_V1,PAXG,PAXGUSDT,strategy-lab-v1.0.0:SIE_FIX_BREAKOUT_QUALITY_R_QUALITY_V1,1789588800000,2026-09-16T20:00:00+00:00,4270.55,4276.49,4262.07,4269.81,35.8406499803436,4326.5425000000005,4268.359448558859,4346.8872,25.81642857142859,0.006046271045182008,38.417222559127055,1.5000000000000195,False,TREND_SUPPORT_NOT_CONFIRMED|CLOSE_NOT_ABOVE_BREAKOUT_HIGH|CLOSE_NOT_ABOVE_MA200|RSI_NOT_MOMENTUM_SUPPORTIVE
2026-09-16T22:53:11.345463+00:00,SIE_FIX_BREAKOUT_QUALITY_R_QUALITY_V1,PAXG,PAXGUSDT,strategy-lab-v1.0.0:SIE_FIX_BREAKOUT_QUALITY_R_QUALITY_V1,1789592400000,2026-09-16T21:00:00+00:00,4270.46,4275.18,4268.95,4269.84,36.908134358559565,4325.923000000001,4265.639938332542,4346.252149999999,25.53857142857149,0.005981154195138809,35.8406499803436,1.5,False,TREND_SUPPORT_NOT_CONFIRMED|CLOSE_NOT_ABOVE_BREAKOUT_HIGH|CLOSE_NOT_ABOVE_MA200|RSI_NOT_MOMENTUM_SUPPORTIVE
2026-09-16T22:53:11.345463+00:00,SIE_FIX_BREAKOUT_QUALITY_R_QUALITY_V1,PAXG,PAXGUSDT,strategy-lab-v1.0.0:SIE_FIX_BREAKOUT_QUALITY_R_QUALITY_V1,1789596000000,2026-09-16T22:00:00+00:00,4268.52,4278.5,4261.16,4269.18,36.00127116720402,4323.1685,4257.998678985956,4345.6,25.865714285714407,0.006058707828134303,36.908134358559565,1.4999999999999805,False,TREND_SUPPORT_NOT_CONFIRMED|PLANNED_REWARD_TOO_LOW|CLOSE_NOT_ABOVE_BREAKOUT_HIGH|CLOSE_NOT_ABOVE_MA200|RSI_NOT_MOMENTUM_SUPPORTIVE
2026-09-17T04:45:04.354830+00:00,SIE_FIX_BREAKOUT_QUALITY_R_QUALITY_V1,BTC,BTCUSDT,strategy-lab-v1.0.0:SIE_FIX_BREAKOUT_QUALITY_R_QUALITY_V1,1789599600000,2026-09-16T23:00:00+00:00,75620.08,76214.79,75576.81,76144.99,54.0277241007169,75830.938,75458.61403893464,77394.53675,528.7192857142873,0.006943585989233004,48.982192928152685,1.5,False,TREND_SUPPORT_NOT_CONFIRMED|CLOSE_NOT_ABOVE_BREAKOUT_HIGH|CLOSE_NOT_ABOVE_MA200
2026-09-17T04:45:04.354830+00:00,SIE_FIX_BREAKOUT_QUALITY_R_QUALITY_V1,BTC,BTCUSDT,strategy-lab-v1.0.0:SIE_FIX_BREAKOUT_QUALITY_R_QUALITY_V1,1789603200000,2026-09-17T00:00:00+00:00,76144.99,76445.86,76115.14,76268.48,56.08766744229926,75854.544,75436.87710907446,77382.22505,541.5414285714297,0.00710046179721203,54.0277241007169,1.4999999999999851,False,TREND_SUPPORT_NOT_CONFIRMED|PLANNED_REWARD_TOO_LOW|CLOSE_NOT_ABOVE_BREAKOUT_HIGH|CLOSE_NOT_ABOVE_MA200
2026-09-17T04:45:04.354830+00:00,SIE_FIX_BREAKOUT_QUALITY_R_QUALITY_V1,BTC,BTCUSDT,strategy-lab-v1.0.0:SIE_FIX_BREAKOUT_QUALITY_R_QUALITY_V1,1789606800000,2026-09-17T01:00:00+00:00,76268.49,76714.68,76148.8,76298.04,52.203757225433456,75874.1515,75414.02295968718,77371.24935,550.1364285714288,0.007210361217292461,56.08766744229926,1.5,False,TREND_SUPPORT_NOT_CONFIRMED|CLOSE_NOT_ABOVE_BREAKOUT_HIGH|CLOSE_NOT_ABOVE_MA200
2026-09-17T04:45:04.354830+00:00,SIE_FIX_BREAKOUT_QUALITY_R_QUALITY_V1,BTC,BTCUSDT,strategy-lab-v1.0.0:SIE_FIX_BREAKOUT_QUALITY_R_QUALITY_V1,1789610400000,2026-09-17T02:00:00+00:00,76298.04,76418.45,75969.49,76303.74,58.54857138002958,75890.8885,75395.19930987133,77360.6501,545.7778571428561,0.007152701258717541,52.203757225433456,1.4999999999999851,False,TREND_SUPPORT_NOT_CONFIRMED|PLANNED_REWARD_TOO_LOW|CLOSE_NOT_ABOVE_BREAKOUT_HIGH|CLOSE_NOT_ABOVE_MA200
2026-09-17T04:45:04.354830+00:00,SIE_FIX_BREAKOUT_QUALITY_R_QUALITY_V1,BTC,BTCUSDT,strategy-lab-v1.0.0:SIE_FIX_BREAKOUT_QUALITY_R_QUALITY_V1,1789614000000,2026-09-17T03:00:00+00:00,76303.74,76463.59,76297.88,76364.57,68.66499052998711,75924.59400000001,75397.33310987499,77350.3006,529.5271428571411,0.006934199234764775,58.54857138002958,1.4999999999999847,False,TREND_SUPPORT_NOT_CONFIRMED|PLANNED_REWARD_TOO_LOW|CLOSE_NOT_ABOVE_BREAKOUT_HIGH|CLOSE_NOT_ABOVE_MA200
2026-09-17T04:45:04.354830+00:00,SIE_FIX_BREAKOUT_QUALITY_R_QUALITY_V1,BTC,BTCUSDT,strategy-lab-v1.0.0:SIE_FIX_BREAKOUT_QUALITY_R_QUALITY_V1,1789617600000,2026-09-17T04:00:00+00:00,76364.58,76364.58,76100.78,76273.59,64.99454641631668,75954.754,75420.15017403591,77339.25625,518.5592857142838,0.006798674163813238,68.66499052998711,1.5,False,TREND_SUPPORT_NOT_CONFIRMED|CLOSE_NOT_ABOVE_BREAKOUT_HIGH|CLOSE_NOT_ABOVE_MA200
2026-09-17T04:45:04.354830+00:00,SIE_FIX_BREAKOUT_QUALITY_R_QUALITY_V1,BNB,BNBUSDT,strategy-lab-v1.0.0:SIE_FIX_BREAKOUT_QUALITY_R_QUALITY_V1,1789599600000,2026-09-16T23:00:00+00:00,718.48,726.06,717.85,725.7,75.9878419452888,714.086,705.1497179990735,724.65715,4.409285714285716,0.006075907006043427,72.28070175438589,1.5000000000000144,False,TREND_SUPPORT_NOT_CONFIRMED
2026-09-17T04:45:04.354830+00:00,SIE_FIX_BREAKOUT_QUALITY_R_QUALITY_V1,BNB,BNBUSDT,strategy-lab-v1.0.0:SIE_FIX_BREAKOUT_QUALITY_R_QUALITY_V1,1789603200000,2026-09-17T00:00:00+00:00,726.03,728.25,723.66,723.66,70.55037013195995,714.5245,704.660879011738,724.4966499999999,4.646428571428577,0.006420734283266419,75.9878419452888,1.5,False,TREND_SUPPORT_NOT_CONFIRMED|CLOSE_NOT_ABOVE_BREAKOUT_HIGH|CLOSE_NOT_ABOVE_MA200
2026-09-17T04:45:04.354830+00:00,SIE_FIX_BREAKOUT_QUALITY_R_QUALITY_V1,BNB,BNBUSDT,strategy-lab-v1.0.0:SIE_FIX_BREAKOUT_QUALITY_R_QUALITY_V1,1789606800000,2026-09-17T01:00:00+00:00,723.67,728.4,722.59,725.22,69.31589537223326,715.0465,704.1347278707774,724.36245,4.716428571428578,0.006503445259960533,70.55037013195995,1.4999999999999867,False,TREND_SUPPORT_NOT_CONFIRMED|PLANNED_REWARD_TOO_LOW|CLOSE_NOT_ABOVE_BREAKOUT_HIGH
2026-09-17T04:45:04.354830+00:00,SIE_FIX_BREAKOUT_QUALITY_R_QUALITY_V1,BNB,BNBUSDT,strategy-lab-v1.0.0:SIE_FIX_BREAKOUT_QUALITY_R_QUALITY_V1,1789610400000,2026-09-17T02:00:00+00:00,725.19,725.19,721.86,723.07,67.48285994123408,715.5125,704.0784598129062,724.2305,4.770000000000006,0.006596871672175592,69.31589537223326,1.4999999999999867,False,TREND_SUPPORT_NOT_CONFIRMED|PLANNED_REWARD_TOO_LOW|CLOSE_NOT_ABOVE_BREAKOUT_HIGH|CLOSE_NOT_ABOVE_MA200
2026-09-17T04:45:04.354830+00:00,SIE_FIX_BREAKOUT_QUALITY_R_QUALITY_V1,BNB,BNBUSDT,strategy-lab-v1.0.0:SIE_FIX_BREAKOUT_QUALITY_R_QUALITY_V1,1789614000000,2026-09-17T03:00:00+00:00,723.23,725.88,723.23,724.74,72.53246753246748,716.288,704.5633650803076,724.1102000000001,4.757142857142859,0.006563930315896541,67.48285994123408,1.4999999999999867,False,TREND_SUPPORT_NOT_CONFIRMED|PLANNED_REWARD_TOO_LOW|CLOSE_NOT_ABOVE_BREAKOUT_HIGH
2026-09-17T04:45:04.354830+00:00,SIE_FIX_BREAKOUT_QUALITY_R_QUALITY_V1,BNB,BNBUSDT,strategy-lab-v1.0.0:SIE_FIX_BREAKOUT_QUALITY_R_QUALITY_V1,1789617600000,2026-09-17T04:00:00+00:00,724.63,724.89,721.89,723.62,73.82683410442814,717.121,705.8054869316469,723.97255,4.711428571428574,0.006510915358100349,72.53246753246748,1.4999999999999867,False,TREND_SUPPORT_NOT_CONFIRMED|PLANNED_REWARD_TOO_LOW|CLOSE_NOT_ABOVE_BREAKOUT_HIGH|CLOSE_NOT_ABOVE_MA200
2026-09-17T04:45:04.354830+00:00,SIE_FIX_BREAKOUT_QUALITY_R_QUALITY_V1,PAXG,PAXGUSDT,strategy-lab-v1.0.0:SIE_FIX_BREAKOUT_QUALITY_R_QUALITY_V1,1789599600000,2026-09-16T23:00:00+00:00,4268.38,4276.5,4263.22,4273.49,34.81233366981765,4320.3949999999995,4251.623480168004,4344.9937,26.01357142857153,0.0060871960455205305,35.82237882278545,1.5,False,TREND_SUPPORT_NOT_CONFIRMED|CLOSE_NOT_ABOVE_BREAKOUT_HIGH|CLOSE_NOT_ABOVE_MA200|RSI_NOT_MOMENTUM_SUPPORTIVE
2026-09-17T04:45:04.354830+00:00,SIE_FIX_BREAKOUT_QUALITY_R_QUALITY_V1,PAXG,PAXGUSDT,strategy-lab-v1.0.0:SIE_FIX_BREAKOUT_QUALITY_R_QUALITY_V1,1789603200000,2026-09-17T00:00:00+00:00,4272.76,4293.75,4267.2,4293.75,37.892896174863466,4318.9045,4249.186329204987,4344.48605,26.996428571428687,0.0062873778332293885,34.81233366981765,1.5000000000000187,False,TREND_SUPPORT_NOT_CONFIRMED|CLOSE_NOT_ABOVE_BREAKOUT_HIGH|CLOSE_NOT_ABOVE_MA200|RSI_NOT_MOMENTUM_SUPPORTIVE
2026-09-17T04:45:04.354830+00:00,SIE_FIX_BREAKOUT_QUALITY_R_QUALITY_V1,PAXG,PAXGUSDT,strategy-lab-v1.0.0:SIE_FIX_BREAKOUT_QUALITY_R_QUALITY_V1,1789606800000,2026-09-17T01:00:00+00:00,4295.45,4315.98,4294.9,4299.32,40.77167859984093,4317.4705,4247.380823021129,4344.03925,27.45071428571438,0.006384896747791367,37.892896174863466,1.5,False,TREND_SUPPORT_NOT_CONFIRMED|CLOSE_NOT_ABOVE_BREAKOUT_HIGH|CLOSE_NOT_ABOVE_MA200|RSI_NOT_MOMENTUM_SUPPORTIVE
2026-09-17T04:45:04.354830+00:00,SIE_FIX_BREAKOUT_QUALITY_R_QUALITY_V1,PAXG,PAXGUSDT,strategy-lab-v1.0.0:SIE_FIX_BREAKOUT_QUALITY_R_QUALITY_V1,1789610400000,2026-09-17T02:00:00+00:00,4298.99,4299.65,4275.0,4278.25,34.86770264594708,4314.651,4243.030781653484,4343.5539,28.071428571428637,0.006561427820120058,40.77167859984093,1.5,False,TREND_SUPPORT_NOT_CONFIRMED|CLOSE_NOT_ABOVE_BREAKOUT_HIGH|CLOSE_NOT_ABOVE_MA200|RSI_NOT_MOMENTUM_SUPPORTIVE
2026-09-17T04:45:04.354830+00:00,SIE_FIX_BREAKOUT_QUALITY_R_QUALITY_V1,PAXG,PAXGUSDT,strategy-lab-v1.0.0:SIE_FIX_BREAKOUT_QUALITY_R_QUALITY_V1,1789614000000,2026-09-17T03:00:00+00:00,4279.71,4296.31,4278.42,4296.09,42.01624661528853,4313.052,4241.273753267424,4343.23235,27.450000000000077,0.0063895309455807665,34.86770264594708,1.5,False,TREND_SUPPORT_NOT_CONFIRMED|CLOSE_NOT_ABOVE_BREAKOUT_HIGH|CLOSE_NOT_ABOVE_MA200|RSI_NOT_MOMENTUM_SUPPORTIVE
2026-09-17T04:45:04.354830+00:00,SIE_FIX_BREAKOUT_QUALITY_R_QUALITY_V1,PAXG,PAXGUSDT,strategy-lab-v1.0.0:SIE_FIX_BREAKOUT_QUALITY_R_QUALITY_V1,1789617600000,2026-09-17T04:00:00+00:00,4293.82,4295.77,4290.43,4294.56,36.17272191227853,4311.2375,4239.515926432471,4342.91335,25.7221428571429,0.005989471065055069,42.01624661528853,1.5,False,TREND_SUPPORT_NOT_CONFIRMED|CLOSE_NOT_ABOVE_BREAKOUT_HIGH|CLOSE_NOT_ABOVE_MA200|RSI_NOT_MOMENTUM_SUPPORTIVE
2026-09-17T11:33:02.168454+00:00,SIE_FIX_BREAKOUT_QUALITY_R_QUALITY_V1,BTC,BTCUSDT,strategy-lab-v1.0.0:SIE_FIX_BREAKOUT_QUALITY_R_QUALITY_V1,1789621200000,2026-09-17T05:00:00+00:00,76460.82,76561.57,76234.53,76249.28,61.49360554836208,75980.37700000001,75404.85554573088,77329.0096,522.1664285714266,0.0068481489736221335,69.32915553729228,1.4999999999999845,False,TREND_SUPPORT_NOT_CONFIRMED|PLANNED_REWARD_TOO_LOW|CLOSE_NOT_ABOVE_BREAKOUT_HIGH|CLOSE_NOT_ABOVE_MA200
2026-09-17T11:33:02.168454+00:00,SIE_FIX_BREAKOUT_QUALITY_R_QUALITY_V1,BTC,BTCUSDT,strategy-lab-v1.0.0:SIE_FIX_BREAKOUT_QUALITY_R_QUALITY_V1,1789624800000,2026-09-17T06:00:00+00:00,76250.29,76528.17,76221.6,76402.92,64.7385652504654,76004.523,75401.30474098917,77318.29715,525.2271428571403,0.006874438082433764,61.49360554836208,1.5,False,TREND_SUPPORT_NOT_CONFIRMED|CLOSE_NOT_ABOVE_BREAKOUT_HIGH|CLOSE_NOT_ABOVE_MA200
2026-09-17T11:33:02.168454+00:00,SIE_FIX_BREAKOUT_QUALITY_R_QUALITY_V1,BTC,BTCUSDT,strategy-lab-v1.0.0:SIE_FIX_BREAKOUT_QUALITY_R_QUALITY_V1,1789628400000,2026-09-17T07:00:00+00:00,76402.92,76603.15,76342.38,76388.12,64.8885575031488,76014.822,75393.07626230326,77308.0022,502.71857142856817,0.006581109358740183,64.7385652504654,1.499999999999984,False,TREND_SUPPORT_NOT_CONFIRMED|PLANNED_REWARD_TOO_LOW|CLOSE_NOT_ABOVE_BREAKOUT_HIGH|CLOSE_NOT_ABOVE_MA200
2026-09-17T11:33:02.168454+00:00,SIE_FIX_BREAKOUT_QUALITY_R_QUALITY_V1,BTC,BTCUSDT,strategy-lab-v1.0.0:SIE_FIX_BREAKOUT_QUALITY_R_QUALITY_V1,1789632000000,2026-09-17T08:00:00+00:00,76388.14,76518.3,76310.33,76497.65,69.96615976998798,76044.644,75391.15077599834,77296.6568,404.1121428571392,0.005282673949554518,64.8885575031488,1.5,False,TREND_SUPPORT_NOT_CONFIRMED|CLOSE_NOT_ABOVE_BREAKOUT_HIGH|CLOSE_NOT_ABOVE_MA200
2026-09-17T11:33:02.168454+00:00,SIE_FIX_BREAKOUT_QUALITY_R_QUALITY_V1,BTC,BTCUSDT,strategy-lab-v1.0.0:SIE_FIX_BREAKOUT_QUALITY_R_QUALITY_V1,1789635600000,2026-09-17T09:00:00+00:00,76497.73,76695.0,76392.3,76394.34,59.77327702434759,76085.256,75451.12342416422,77284.23,358.0571428571389,0.0046869590450959965,69.96615976998798,1.5000000000000226,False,TREND_SUPPORT_NOT_CONFIRMED|CLOSE_NOT_ABOVE_BREAKOUT_HIGH|CLOSE_NOT_ABOVE_MA200
2026-09-17T11:33:02.168454+00:00,SIE_FIX_BREAKOUT_QUALITY_R_QUALITY_V1,BTC,BTCUSDT,strategy-lab-v1.0.0:SIE_FIX_BREAKOUT_QUALITY_R_QUALITY_V1,1789639200000,2026-09-17T10:00:00+00:00,76394.34,76402.08,76184.37,76330.8,55.78120262758986,76120.148,75513.1897197664,77272.2984,344.71214285713984,0.004516029477709389,59.77327702434759,1.5000000000000235,False,TREND_SUPPORT_NOT_CONFIRMED|CLOSE_NOT_ABOVE_BREAKOUT_HIGH|CLOSE_NOT_ABOVE_MA200
2026-09-17T11:33:02.168454+00:00,SIE_FIX_BREAKOUT_QUALITY_R_QUALITY_V1,BTC,BTCUSDT,strategy-lab-v1.0.0:SIE_FIX_BREAKOUT_QUALITY_R_QUALITY_V1,1789642800000,2026-09-17T11:00:00+00:00,76330.8,76387.52,76262.3,76266.05,59.69565711133808,76146.90550000001,75564.2485028403,77260.5301,332.85642857142585,0.004364411537917931,55.78120262758986,1.5,False,TREND_SUPPORT_NOT_CONFIRMED|CLOSE_NOT_ABOVE_BREAKOUT_HIGH|CLOSE_NOT_ABOVE_MA200
2026-09-17T11:33:02.168454+00:00,SIE_FIX_BREAKOUT_QUALITY_R_QUALITY_V1,BNB,BNBUSDT,strategy-lab-v1.0.0:SIE_FIX_BREAKOUT_QUALITY_R_QUALITY_V1,1789621200000,2026-09-17T05:00:00+00:00,725.0,726.06,724.19,724.19,73.2630047289924,717.86,706.4989173051129,723.83875,4.5007142857142854,0.0062148252333148555,76.08991825613057,1.499999999999986,False,TREND_SUPPORT_NOT_CONFIRMED|PLANNED_REWARD_TOO_LOW|CLOSE_NOT_ABOVE_BREAKOUT_HIGH
2026-09-17T11:33:02.168454+00:00,SIE_FIX_BREAKOUT_QUALITY_R_QUALITY_V1,BNB,BNBUSDT,strategy-lab-v1.0.0:SIE_FIX_BREAKOUT_QUALITY_R_QUALITY_V1,1789624800000,2026-09-17T06:00:00+00:00,724.1,725.76,723.29,725.01,72.53363228699543,718.566,707.2704798260523,723.6903,4.437857142857142,0.006121097837074168,73.2630047289924,1.5000000000000142,False,TREND_SUPPORT_NOT_CONFIRMED|CLOSE_NOT_ABOVE_BREAKOUT_HIGH
2026-09-17T11:33:02.168454+00:00,SIE_FIX_BREAKOUT_QUALITY_R_QUALITY_V1,BNB,BNBUSDT,strategy-lab-v1.0.0:SIE_FIX_BREAKOUT_QUALITY_R_QUALITY_V1,1789628400000,2026-09-17T07:00:00+00:00,724.99,726.86,723.41,723.72,70.30061571894255,719.067,707.7903904031372,723.54875,4.312142857142858,0.0059583027374438425,72.53363228699543,1.4999999999999853,False,TREND_SUPPORT_NOT_CONFIRMED|PLANNED_REWARD_TOO_LOW|CLOSE_NOT_ABOVE_BREAKOUT_HIGH
2026-09-17T11:33:02.168454+00:00,SIE_FIX_BREAKOUT_QUALITY_R_QUALITY_V1,BNB,BNBUSDT,strategy-lab-v1.0.0:SIE_FIX_BREAKOUT_QUALITY_R_QUALITY_V1,1789632000000,2026-09-17T08:00:00+00:00,723.98,726.1,723.43,725.41,69.75285872371819,719.7194999999999,708.5611462235661,723.4055500000001,3.7750000000000017,0.005203953626225171,70.30061571894255,1.5,False,TREND_SUPPORT_NOT_CONFIRMED|CLOSE_NOT_ABOVE_BREAKOUT_HIGH
2026-09-17T11:33:02.168454+00:00,SIE_FIX_BREAKOUT_QUALITY_R_QUALITY_V1,BNB,BNBUSDT,strategy-lab-v1.0.0:SIE_FIX_BREAKOUT_QUALITY_R_QUALITY_V1,1789635600000,2026-09-17T09:00:00+00:00,726.15,726.8,724.55,724.55,62.35978396343992,720.404,709.8397538839702,723.2552499999999,3.4171428571428595,0.004716227806421724,69.75285872371819,1.5,False,TREND_SUPPORT_NOT_CONFIRMED|CLOSE_NOT_ABOVE_BREAKOUT_HIGH
2026-09-17T11:33:02.168454+00:00,SIE_FIX_BREAKOUT_QUALITY_R_QUALITY_V1,BNB,BNBUSDT,strategy-lab-v1.0.0:SIE_FIX_BREAKOUT_QUALITY_R_QUALITY_V1,1789639200000,2026-09-17T10:00:00+00:00,724.54,725.13,721.96,722.96,56.13673805601328,721.092,711.823201588121,723.11095,3.4349999999999943,0.004751300210246755,62.35978396343992,1.5,False,TREND_SUPPORT_NOT_CONFIRMED|CLOSE_NOT_ABOVE_BREAKOUT_HIGH|CLOSE_NOT_ABOVE_MA200
2026-09-17T11:33:02.168454+00:00,SIE_FIX_BREAKOUT_QUALITY_R_QUALITY_V1,BNB,BNBUSDT,strategy-lab-v1.0.0:SIE_FIX_BREAKOUT_QUALITY_R_QUALITY_V1,1789642800000,2026-09-17T11:00:00+00:00,723.23,723.23,721.54,721.9,52.70597738287569,721.617,713.4836289891554,722.97125,3.444999999999993,0.004772129103753973,56.13673805601328,1.5,False,TREND_SUPPORT_NOT_CONFIRMED|CLOSE_NOT_ABOVE_BREAKOUT_HIGH|CLOSE_NOT_ABOVE_MA200
2026-09-17T11:33:02.168454+00:00,SIE_FIX_BREAKOUT_QUALITY_R_QUALITY_V1,PAXG,PAXGUSDT,strategy-lab-v1.0.0:SIE_FIX_BREAKOUT_QUALITY_R_QUALITY_V1,1789621200000,2026-09-17T05:00:00+00:00,4298.39,4302.96,4284.75,4301.99,38.65072202166067,4309.543,4239.078968012024,4342.6289,26.02357142857149,0.00604919384484192,37.08073411083999,1.5,False,TREND_SUPPORT_NOT_CONFIRMED|CLOSE_NOT_ABOVE_BREAKOUT_HIGH|CLOSE_NOT_ABOVE_MA200|RSI_NOT_MOMENTUM_SUPPORTIVE
2026-09-17T11:33:02.168454+00:00,SIE_FIX_BREAKOUT_QUALITY_R_QUALITY_V1,PAXG,PAXGUSDT,strategy-lab-v1.0.0:SIE_FIX_BREAKOUT_QUALITY_R_QUALITY_V1,1789624800000,2026-09-17T06:00:00+00:00,4303.53,4313.0,4301.77,4308.09,41.191523749663396,4307.4905,4239.408442605982,4342.385450000001,26.226428571428578,0.006087716034583441,38.65072202166067,1.5,False,TREND_SUPPORT_NOT_CONFIRMED|CLOSE_NOT_ABOVE_BREAKOUT_HIGH|CLOSE_NOT_ABOVE_MA200|RSI_NOT_MOMENTUM_SUPPORTIVE
2026-09-17T11:33:02.168454+00:00,SIE_FIX_BREAKOUT_QUALITY_R_QUALITY_V1,PAXG,PAXGUSDT,strategy-lab-v1.0.0:SIE_FIX_BREAKOUT_QUALITY_R_QUALITY_V1,1789628400000,2026-09-17T07:00:00+00:00,4309.29,4331.21,4309.13,4324.19,39.30590306737081,4306.646,4239.844521154077,4342.2499,25.862142857142835,0.0059808063145104255,41.191523749663396,1.4999999999999805,False,TREND_SUPPORT_NOT_CONFIRMED|PLANNED_REWARD_TOO_LOW|CLOSE_NOT_ABOVE_BREAKOUT_HIGH|CLOSE_NOT_ABOVE_MA200|RSI_NOT_MOMENTUM_SUPPORTIVE
2026-09-17T11:33:02.168454+00:00,SIE_FIX_BREAKOUT_QUALITY_R_QUALITY_V1,PAXG,PAXGUSDT,strategy-lab-v1.0.0:SIE_FIX_BREAKOUT_QUALITY_R_QUALITY_V1,1789632000000,2026-09-17T08:00:00+00:00,4325.49,4326.27,4309.21,4310.86,67.48607796340497,4304.6735,4240.883868154359,4341.99665,19.359999999999996,0.004490983237683432,39.30590306737081,1.5000000000000262,False,TREND_SUPPORT_NOT_CONFIRMED|CLOSE_NOT_ABOVE_BREAKOUT_HIGH|CLOSE_NOT_ABOVE_MA200
2026-09-17T11:33:02.168454+00:00,SIE_FIX_BREAKOUT_QUALITY_R_QUALITY_V1,PAXG,PAXGUSDT,strategy-lab-v1.0.0:SIE_FIX_BREAKOUT_QUALITY_R_QUALITY_V1,1789635600000,2026-09-17T09:00:00+00:00,4311.41,4316.22,4304.05,4305.06,62.32644494672279,4303.2055,4240.887315984399,4341.6445,16.606428571428555,0.003857420935231693,67.48607796340497,1.5,False,TREND_SUPPORT_NOT_CONFIRMED|CLOSE_NOT_ABOVE_BREAKOUT_HIGH|CLOSE_NOT_ABOVE_MA200
2026-09-17T11:33:02.168454+00:00,SIE_FIX_BREAKOUT_QUALITY_R_QUALITY_V1,PAXG,PAXGUSDT,strategy-lab-v1.0.0:SIE_FIX_BREAKOUT_QUALITY_R_QUALITY_V1,1789639200000,2026-09-17T10:00:00+00:00,4305.06,4324.58,4305.06,4324.58,69.74547552094614,4301.658,4243.1962156960435,4341.34875,16.97071428571423,0.0039242456575469134,62.32644494672279,1.5,False,TREND_SUPPORT_NOT_CONFIRMED|CLOSE_NOT_ABOVE_BREAKOUT_HIGH|CLOSE_NOT_ABOVE_MA200
2026-09-17T11:33:02.168454+00:00,SIE_FIX_BREAKOUT_QUALITY_R_QUALITY_V1,PAXG,PAXGUSDT,strategy-lab-v1.0.0:SIE_FIX_BREAKOUT_QUALITY_R_QUALITY_V1,1789642800000,2026-09-17T11:00:00+00:00,4324.64,4337.0,4324.3,4326.19,70.08626220859784,4300.353,4245.411103017803,4341.0943,17.432857142857042,0.004029609689555254,69.74547552094614,1.5,False,TREND_SUPPORT_NOT_CONFIRMED|CLOSE_NOT_ABOVE_BREAKOUT_HIGH|CLOSE_NOT_ABOVE_MA200
2026-09-17T16:52:36.925658+00:00,SIE_FIX_BREAKOUT_QUALITY_R_QUALITY_V1,BTC,BTCUSDT,strategy-lab-v1.0.0:SIE_FIX_BREAKOUT_QUALITY_R_QUALITY_V1,1789646400000,2026-09-17T12:00:00+00:00,76398.6,77105.42,76327.3,76659.83,78.46867419077495,76201.454,75609.52320514448,77248.69714999999,378.13357142856796,0.004932616879382174,63.260491681152104,1.4999999999999787,False,TREND_SUPPORT_NOT_CONFIRMED|PLANNED_REWARD_TOO_LOW|CLOSE_NOT_ABOVE_BREAKOUT_HIGH|CLOSE_NOT_ABOVE_MA200
2026-09-17T16:52:36.925658+00:00,SIE_FIX_BREAKOUT_QUALITY_R_QUALITY_V1,BTC,BTCUSDT,strategy-lab-v1.0.0:SIE_FIX_BREAKOUT_QUALITY_R_QUALITY_V1,1789650000000,2026-09-17T13:00:00+00:00,76659.83,76816.07,75921.88,76618.25,67.62213285671707,76248.30399999999,75680.65647142417,77237.17945,396.43428571428274,0.005174149575516052,78.46867419077495,1.5,False,TREND_SUPPORT_NOT_CONFIRMED|CLOSE_NOT_ABOVE_BREAKOUT_HIGH|CLOSE_NOT_ABOVE_MA200
2026-09-17T16:52:36.925658+00:00,SIE_FIX_BREAKOUT_QUALITY_R_QUALITY_V1,BTC,BTCUSDT,strategy-lab-v1.0.0:SIE_FIX_BREAKOUT_QUALITY_R_QUALITY_V1,1789653600000,2026-09-17T14:00:00+00:00,76618.24,77021.1,76314.72,76423.62,55.48608851860749,76291.68549999999,75817.36145087199,77223.5463,423.26714285714013,0.005538433574033004,67.62213285671707,1.5,False,TREND_SUPPORT_NOT_CONFIRMED|CLOSE_NOT_ABOVE_BREAKOUT_HIGH|CLOSE_NOT_ABOVE_MA200
2026-09-17T16:52:36.925658+00:00,SIE_FIX_BREAKOUT_QUALITY_R_QUALITY_V1,BTC,BTCUSDT,strategy-lab-v1.0.0:SIE_FIX_BREAKOUT_QUALITY_R_QUALITY_V1,1789657200000,2026-09-17T15:00:00+00:00,76423.62,76796.43,76186.47,76702.31,62.15432904207276,76326.801,75840.223852943,77210.76389999999,426.41571428571166,0.0055593594806429125,55.48608851860749,1.5,False,TREND_SUPPORT_NOT_CONFIRMED|CLOSE_NOT_ABOVE_BREAKOUT_HIGH|CLOSE_NOT_ABOVE_MA200
2026-09-17T16:52:36.925658+00:00,SIE_FIX_BREAKOUT_QUALITY_R_QUALITY_V1,BTC,BTCUSDT,strategy-lab-v1.0.0:SIE_FIX_BREAKOUT_QUALITY_R_QUALITY_V1,1789660800000,2026-09-17T16:00:00+00:00,76704.34,76745.24,76452.67,76582.32,57.83690417248059,76350.818,75863.58176330767,77195.19859999999,415.24499999999847,0.005422204498375062,62.15432904207276,1.5,False,TREND_SUPPORT_NOT_CONFIRMED|CLOSE_NOT_ABOVE_BREAKOUT_HIGH|CLOSE_NOT_ABOVE_MA200
2026-09-17T16:52:36.925658+00:00,SIE_FIX_BREAKOUT_QUALITY_R_QUALITY_V1,BNB,BNBUSDT,strategy-lab-v1.0.0:SIE_FIX_BREAKOUT_QUALITY_R_QUALITY_V1,1789646400000,2026-09-17T12:00:00+00:00,723.92,731.89,723.92,728.71,68.9149560117304,722.5070000000001,714.8203021394129,722.8537,3.9592857142857105,0.005433280336877099,56.847649918962986,1.500000000000016,False,TREND_SUPPORT_NOT_CONFIRMED
2026-09-17T16:52:36.925658+00:00,SIE_FIX_BREAKOUT_QUALITY_R_QUALITY_V1,BNB,BNBUSDT,strategy-lab-v1.0.0:SIE_FIX_BREAKOUT_QUALITY_R_QUALITY_V1,1789650000000,2026-09-17T13:00:00+00:00,728.84,729.68,722.96,726.77,52.441807393883934,723.22,716.8404639667164,722.7309000000001,3.8528571428571388,0.005301343124863628,68.9149560117304,1.5000000000000164,False,CLOSE_NOT_ABOVE_BREAKOUT_HIGH
2026-09-17T16:52:36.925658+00:00,SIE_FIX_BREAKOUT_QUALITY_R_QUALITY_V1,BNB,BNBUSDT,strategy-lab-v1.0.0:SIE_FIX_BREAKOUT_QUALITY_R_QUALITY_V1,1789653600000,2026-09-17T14:00:00+00:00,726.81,728.82,724.36,725.06,53.243744207599605,723.738,718.6601831462754,722.5838,3.843571428571425,0.005301039125826035,52.441807393883934,1.5,False,CLOSE_NOT_ABOVE_BREAKOUT_HIGH
2026-09-17T16:52:36.925658+00:00,SIE_FIX_BREAKOUT_QUALITY_R_QUALITY_V1,BNB,BNBUSDT,strategy-lab-v1.0.0:SIE_FIX_BREAKOUT_QUALITY_R_QUALITY_V1,1789657200000,2026-09-17T15:00:00+00:00,724.88,728.0,723.88,727.19,54.44695259593688,724.1675,719.461143128706,722.4499000000001,3.7228571428571433,0.005119510915795243,53.243744207599605,1.4999999999999831,False,PLANNED_REWARD_TOO_LOW|CLOSE_NOT_ABOVE_BREAKOUT_HIGH
2026-09-17T16:52:36.925658+00:00,SIE_FIX_BREAKOUT_QUALITY_R_QUALITY_V1,BNB,BNBUSDT,strategy-lab-v1.0.0:SIE_FIX_BREAKOUT_QUALITY_R_QUALITY_V1,1789660800000,2026-09-17T16:00:00+00:00,726.72,727.53,725.54,726.71,58.88671875,724.504,720.0900792938727,722.29625,3.625,0.004988234646557774,54.44695259593688,1.5,False,CLOSE_NOT_ABOVE_BREAKOUT_HIGH
2026-09-17T16:52:36.925658+00:00,SIE_FIX_BREAKOUT_QUALITY_R_QUALITY_V1,PAXG,PAXGUSDT,strategy-lab-v1.0.0:SIE_FIX_BREAKOUT_QUALITY_R_QUALITY_V1,1789646400000,2026-09-17T12:00:00+00:00,4347.53,4377.2,4341.59,4361.77,76.90849560572158,4302.049,4242.070968721853,4341.0756,19.75285714285701,0.004528633362799278,73.73395931142434,1.4999999999999745,False,TREND_SUPPORT_NOT_CONFIRMED|PLANNED_REWARD_TOO_LOW|CLOSE_NOT_ABOVE_BREAKOUT_HIGH
2026-09-17T16:52:36.925658+00:00,SIE_FIX_BREAKOUT_QUALITY_R_QUALITY_V1,PAXG,PAXGUSDT,strategy-lab-v1.0.0:SIE_FIX_BREAKOUT_QUALITY_R_QUALITY_V1,1789650000000,2026-09-17T13:00:00+00:00,4359.75,4368.78,4352.13,4362.76,76.30694878293198,4301.669500000001,4243.351853108152,4340.882799999999,19.99357142857129,0.0045827804941301585,76.90849560572158,1.5,False,TREND_SUPPORT_NOT_CONFIRMED|CLOSE_NOT_ABOVE_BREAKOUT_HIGH
2026-09-17T16:52:36.925658+00:00,SIE_FIX_BREAKOUT_QUALITY_R_QUALITY_V1,PAXG,PAXGUSDT,strategy-lab-v1.0.0:SIE_FIX_BREAKOUT_QUALITY_R_QUALITY_V1,1789653600000,2026-09-17T14:00:00+00:00,4362.38,4372.8,4348.03,4352.14,68.24345435230929,4305.931500000001,4245.965176025603,4340.627850000001,19.86642857142845,0.004564749427047027,76.30694878293198,1.5,False,TREND_SUPPORT_NOT_CONFIRMED|CLOSE_NOT_ABOVE_BREAKOUT_HIGH
2026-09-17T16:52:36.925658+00:00,SIE_FIX_BREAKOUT_QUALITY_R_QUALITY_V1,PAXG,PAXGUSDT,strategy-lab-v1.0.0:SIE_FIX_BREAKOUT_QUALITY_R_QUALITY_V1,1789657200000,2026-09-17T15:00:00+00:00,4349.79,4366.72,4349.79,4366.72,69.93610979649824,4310.541499999999,4246.880966770986,4340.41685,19.487857142857074,0.004462813540336241,68.24345435230929,1.5,False,TREND_SUPPORT_NOT_CONFIRMED|CLOSE_NOT_ABOVE_BREAKOUT_HIGH
2026-09-17T16:52:36.925658+00:00,SIE_FIX_BREAKOUT_QUALITY_R_QUALITY_V1,PAXG,PAXGUSDT,strategy-lab-v1.0.0:SIE_FIX_BREAKOUT_QUALITY_R_QUALITY_V1,1789660800000,2026-09-17T16:00:00+00:00,4367.16,4367.16,4353.06,4356.05,74.52092788704013,4314.853499999999,4251.130005031484,4340.1861499999995,18.73428571428563,0.0043007508440641475,69.93610979649824,1.5000000000000269,False,TREND_SUPPORT_NOT_CONFIRMED|CLOSE_NOT_ABOVE_BREAKOUT_HIGH
2026-09-17T21:17:35.519180+00:00,SIE_FIX_BREAKOUT_QUALITY_R_QUALITY_V1,BTC,BTCUSDT,strategy-lab-v1.0.0:SIE_FIX_BREAKOUT_QUALITY_R_QUALITY_V1,1789664400000,2026-09-17T17:00:00+00:00,76688.03,76911.12,76506.3,76608.24,57.20657040949711,76391.1425,75925.46171392991,77184.06835,432.3242857142842,0.0056433131176787795,61.494331947476795,1.5,False,TREND_SUPPORT_NOT_CONFIRMED|CLOSE_NOT_ABOVE_BREAKOUT_HIGH|CLOSE_NOT_ABOVE_MA200
2026-09-17T21:17:35.519180+00:00,SIE_FIX_BREAKOUT_QUALITY_R_QUALITY_V1,BTC,BTCUSDT,strategy-lab-v1.0.0:SIE_FIX_BREAKOUT_QUALITY_R_QUALITY_V1,1789668000000,2026-09-17T18:00:00+00:00,76608.24,76728.22,76388.47,76506.4,51.34359155759895,76435.4585,76130.9058024731,77172.0916,427.1907142857131,0.005583725208423258,57.20657040949711,1.4999999999999811,False,TREND_SUPPORT_NOT_CONFIRMED|PLANNED_REWARD_TOO_LOW|CLOSE_NOT_ABOVE_BREAKOUT_HIGH|CLOSE_NOT_ABOVE_MA200
2026-09-17T21:17:35.519180+00:00,SIE_FIX_BREAKOUT_QUALITY_R_QUALITY_V1,BTC,BTCUSDT,strategy-lab-v1.0.0:SIE_FIX_BREAKOUT_QUALITY_R_QUALITY_V1,1789671600000,2026-09-17T19:00:00+00:00,76506.41,76623.26,76430.55,76524.57,59.1590532528631,76454.4375,76178.71061013447,77158.24315000001,417.59571428571195,0.005457014842235793,51.34359155759895,1.5000000000000193,False,TREND_SUPPORT_NOT_CONFIRMED|CLOSE_NOT_ABOVE_BREAKOUT_HIGH|CLOSE_NOT_ABOVE_MA200
2026-09-17T21:17:35.519180+00:00,SIE_FIX_BREAKOUT_QUALITY_R_QUALITY_V1,BTC,BTCUSDT,strategy-lab-v1.0.0:SIE_FIX_BREAKOUT_QUALITY_R_QUALITY_V1,1789675200000,2026-09-17T20:00:00+00:00,76524.55,76676.28,76424.55,76498.54,53.4765346635445,76465.9405,76203.32098530444,77142.79925000001,413.67857142856934,0.005407666230343342,59.1590532528631,1.5000000000000195,False,TREND_SUPPORT_NOT_CONFIRMED|CLOSE_NOT_ABOVE_BREAKOUT_HIGH|CLOSE_NOT_ABOVE_MA200
2026-09-17T21:17:35.519180+00:00,SIE_FIX_BREAKOUT_QUALITY_R_QUALITY_V1,BTC,BTCUSDT,strategy-lab-v1.0.0:SIE_FIX_BREAKOUT_QUALITY_R_QUALITY_V1,1789678800000,2026-09-17T21:00:00+00:00,76498.54,76562.35,76427.27,76450.18,52.20261502860619,76473.5475,76222.25263973633,77129.4519,404.7007142857131,0.005293652863678191,53.4765346635445,1.5,False,TREND_SUPPORT_NOT_CONFIRMED|CLOSE_NOT_ABOVE_BREAKOUT_HIGH|CLOSE_NOT_ABOVE_MA200
2026-09-17T21:17:35.519180+00:00,SIE_FIX_BREAKOUT_QUALITY_R_QUALITY_V1,BNB,BNBUSDT,strategy-lab-v1.0.0:SIE_FIX_BREAKOUT_QUALITY_R_QUALITY_V1,1789664400000,2026-09-17T17:00:00+00:00,728.16,729.78,727.68,728.57,59.71588026382562,724.965,720.4718296270922,722.1880500000001,3.6021428571428618,0.0049441273414261655,61.69802219006261,1.5,False,CLOSE_NOT_ABOVE_BREAKOUT_HIGH
2026-09-17T21:17:35.519180+00:00,SIE_FIX_BREAKOUT_QUALITY_R_QUALITY_V1,BNB,BNBUSDT,strategy-lab-v1.0.0:SIE_FIX_BREAKOUT_QUALITY_R_QUALITY_V1,1789668000000,2026-09-17T18:00:00+00:00,728.67,728.98,726.84,727.46,57.13592233009725,725.4185,721.9594812084955,722.0748,3.5278571428571417,0.0048495548110647204,59.71588026382562,1.499999999999982,False,PLANNED_REWARD_TOO_LOW|CLOSE_NOT_ABOVE_BREAKOUT_HIGH
2026-09-17T21:17:35.519180+00:00,SIE_FIX_BREAKOUT_QUALITY_R_QUALITY_V1,BNB,BNBUSDT,strategy-lab-v1.0.0:SIE_FIX_BREAKOUT_QUALITY_R_QUALITY_V1,1789671600000,2026-09-17T19:00:00+00:00,727.48,733.38,727.21,731.94,65.65656565656566,725.7305,721.2510380903523,721.9841,3.835000000000004,0.005239500505505921,57.13592233009725,1.5000000000000164,True,
2026-09-17T21:17:35.519180+00:00,SIE_FIX_BREAKOUT_QUALITY_R_QUALITY_V1,BNB,BNBUSDT,strategy-lab-v1.0.0:SIE_FIX_BREAKOUT_QUALITY_R_QUALITY_V1,1789675200000,2026-09-17T20:00:00+00:00,732.11,736.31,731.02,734.25,67.60670731707319,726.26,720.5500893176871,721.9050500000001,4.036428571428571,0.00549734909285471,65.65656565656566,1.4999999999999845,False,OPEN_TRADE_EXISTS|PLANNED_REWARD_TOO_LOW
2026-09-17T21:17:35.519180+00:00,SIE_FIX_BREAKOUT_QUALITY_R_QUALITY_V1,BNB,BNBUSDT,strategy-lab-v1.0.0:SIE_FIX_BREAKOUT_QUALITY_R_QUALITY_V1,1789678800000,2026-09-17T21:00:00+00:00,734.35,735.09,733.07,733.26,68.38858905165756,726.662,720.2168200956069,721.84655,3.9342857142857093,0.005365471612096268,67.60670731707319,1.499999999999984,False,OPEN_TRADE_EXISTS|PLANNED_REWARD_TOO_LOW|CLOSE_NOT_ABOVE_BREAKOUT_HIGH
2026-09-17T21:17:35.519180+00:00,SIE_FIX_BREAKOUT_QUALITY_R_QUALITY_V1,PAXG,PAXGUSDT,strategy-lab-v1.0.0:SIE_FIX_BREAKOUT_QUALITY_R_QUALITY_V1,1789664400000,2026-09-17T17:00:00+00:00,4355.73,4360.88,4353.97,4355.4,70.96500530222691,4319.2725,4256.390114588804,4340.0223,18.029999999999877,0.004139688662350158,75.86959312026714,1.499999999999972,False,TREND_SUPPORT_NOT_CONFIRMED|PLANNED_REWARD_TOO_LOW|CLOSE_NOT_ABOVE_BREAKOUT_HIGH
2026-09-17T21:17:35.519180+00:00,SIE_FIX_BREAKOUT_QUALITY_R_QUALITY_V1,PAXG,PAXGUSDT,strategy-lab-v1.0.0:SIE_FIX_BREAKOUT_QUALITY_R_QUALITY_V1,1789668000000,2026-09-17T18:00:00+00:00,4356.14,4360.84,4343.16,4348.25,67.04483324220902,4323.281,4263.83584211475,4339.74165,18.72571428571421,0.004306494402510024,70.96500530222691,1.500000000000027,False,TREND_SUPPORT_NOT_CONFIRMED|CLOSE_NOT_ABOVE_BREAKOUT_HIGH
2026-09-17T21:17:35.519180+00:00,SIE_FIX_BREAKOUT_QUALITY_R_QUALITY_V1,PAXG,PAXGUSDT,strategy-lab-v1.0.0:SIE_FIX_BREAKOUT_QUALITY_R_QUALITY_V1,1789671600000,2026-09-17T19:00:00+00:00,4349.84,4351.1,4339.14,4340.91,62.969874700080084,4326.652,4271.383565754019,4339.39815,18.27928571428564,0.004210934047074378,67.04483324220902,1.4999999999999725,False,TREND_SUPPORT_NOT_CONFIRMED|PLANNED_REWARD_TOO_LOW|CLOSE_NOT_ABOVE_BREAKOUT_HIGH
2026-09-17T21:17:35.519180+00:00,SIE_FIX_BREAKOUT_QUALITY_R_QUALITY_V1,PAXG,PAXGUSDT,strategy-lab-v1.0.0:SIE_FIX_BREAKOUT_QUALITY_R_QUALITY_V1,1789675200000,2026-09-17T20:00:00+00:00,4340.42,4340.51,4337.32,4338.34,60.32352740427285,4328.8815,4275.537984077236,4339.08265,17.733571428571395,0.0040876398411769,62.969874700080084,1.5000000000000284,False,TREND_SUPPORT_NOT_CONFIRMED|CLOSE_NOT_ABOVE_BREAKOUT_HIGH|CLOSE_NOT_ABOVE_MA200
2026-09-17T21:17:35.519180+00:00,SIE_FIX_BREAKOUT_QUALITY_R_QUALITY_V1,PAXG,PAXGUSDT,strategy-lab-v1.0.0:SIE_FIX_BREAKOUT_QUALITY_R_QUALITY_V1,1789678800000,2026-09-17T21:00:00+00:00,4339.45,4339.45,4338.94,4339.43,55.794676806083956,4330.887000000001,4279.148037080337,4338.70265,16.161428571428523,0.0037243206069526463,60.32352740427285,1.5000000000000313,False,TREND_SUPPORT_NOT_CONFIRMED|CLOSE_NOT_ABOVE_BREAKOUT_HIGH
2026-09-18T00:08:57.636885+00:00,SIE_FIX_BREAKOUT_QUALITY_R_QUALITY_V1,BTC,BTCUSDT,strategy-lab-v1.0.0:SIE_FIX_BREAKOUT_QUALITY_R_QUALITY_V1,1789682400000,2026-09-17T22:00:00+00:00,76312.39,76400.35,76182.88,76359.87,45.119099913562316,76471.29199999999,76220.40845557253,77116.0359,412.4442857142848,0.0054013225233919965,48.70266618985204,1.4999999999999805,False,TREND_SUPPORT_NOT_CONFIRMED|PLANNED_REWARD_TOO_LOW|CLOSE_NOT_ABOVE_BREAKOUT_HIGH|CLOSE_NOT_ABOVE_MA200|RSI_NOT_MOMENTUM_SUPPORTIVE
2026-09-18T00:08:57.636885+00:00,SIE_FIX_BREAKOUT_QUALITY_R_QUALITY_V1,BTC,BTCUSDT,strategy-lab-v1.0.0:SIE_FIX_BREAKOUT_QUALITY_R_QUALITY_V1,1789686000000,2026-09-17T23:00:00+00:00,76359.87,76445.68,76296.78,76348.74,48.271732209454264,76470.5005,76218.17941792503,77104.86925,401.4585714285703,0.005258221306973373,45.119099913562316,1.5,False,TREND_SUPPORT_NOT_CONFIRMED|CLOSE_NOT_ABOVE_BREAKOUT_HIGH|CLOSE_NOT_ABOVE_MA200|RSI_NOT_MOMENTUM_SUPPORTIVE
2026-09-18T00:08:57.636885+00:00,SIE_FIX_BREAKOUT_QUALITY_R_QUALITY_V1,BTC,BTCUSDT,strategy-lab-v1.0.0:SIE_FIX_BREAKOUT_QUALITY_R_QUALITY_V1,1789689600000,2026-09-18T00:00:00+00:00,76348.74,76377.59,76307.49,76327.71,49.878987726457574,76463.845,76203.94534878731,77092.5919,390.91499999999775,0.005121534499069836,48.271732209454264,1.5,False,TREND_SUPPORT_NOT_CONFIRMED|CLOSE_NOT_ABOVE_BREAKOUT_HIGH|CLOSE_NOT_ABOVE_MA200|RSI_NOT_MOMENTUM_SUPPORTIVE
2026-09-18T00:08:57.636885+00:00,SIE_FIX_BREAKOUT_QUALITY_R_QUALITY_V1,BNB,BNBUSDT,strategy-lab-v1.0.0:SIE_FIX_BREAKOUT_QUALITY_R_QUALITY_V1,1789682400000,2026-09-17T22:00:00+00:00,733.27,735.26,732.92,734.88,68.63439590712318,727.264,720.0782546663543,721.8049500000001,3.912142857142856,0.0053235124879474965,69.00038895371443,1.5,False,OPEN_TRADE_EXISTS|CLOSE_NOT_ABOVE_BREAKOUT_HIGH
2026-09-18T00:08:57.636885+00:00,SIE_FIX_BREAKOUT_QUALITY_R_QUALITY_V1,BNB,BNBUSDT,strategy-lab-v1.0.0:SIE_FIX_BREAKOUT_QUALITY_R_QUALITY_V1,1789686000000,2026-09-17T23:00:00+00:00,734.9,738.72,734.76,737.54,73.86990077177506,727.9040000000001,719.54686795605,721.7976999999998,4.034285714285716,0.005469921243980958,68.63439590712318,1.5,True,
2026-09-18T00:08:57.636885+00:00,SIE_FIX_BREAKOUT_QUALITY_R_QUALITY_V1,BNB,BNBUSDT,strategy-lab-v1.0.0:SIE_FIX_BREAKOUT_QUALITY_R_QUALITY_V1,1789689600000,2026-09-18T00:00:00+00:00,737.55,738.43,736.8,738.43,79.17766880422454,728.5995,719.2306249874906,721.78675,3.9242857142857184,0.005314363872385627,73.86990077177506,1.499999999999984,False,OPEN_TRADE_EXISTS|PLANNED_REWARD_TOO_LOW|CLOSE_NOT_ABOVE_BREAKOUT_HIGH
2026-09-18T00:08:57.636885+00:00,SIE_FIX_BREAKOUT_QUALITY_R_QUALITY_V1,PAXG,PAXGUSDT,strategy-lab-v1.0.0:SIE_FIX_BREAKOUT_QUALITY_R_QUALITY_V1,1789682400000,2026-09-17T22:00:00+00:00,4339.0,4345.41,4337.13,4340.35,62.38139222436849,4333.9655,4288.128444913503,4338.30385,15.827857142857088,0.0036466776049989256,55.615789875544095,1.5,False,TREND_SUPPORT_NOT_CONFIRMED|CLOSE_NOT_ABOVE_BREAKOUT_HIGH
2026-09-18T00:08:57.636885+00:00,SIE_FIX_BREAKOUT_QUALITY_R_QUALITY_V1,PAXG,PAXGUSDT,strategy-lab-v1.0.0:SIE_FIX_BREAKOUT_QUALITY_R_QUALITY_V1,1789686000000,2026-09-17T23:00:00+00:00,4341.0,4344.64,4337.57,4342.07,66.08990522563235,4336.2645,4293.766030627532,4338.0269,15.463571428571413,0.0035613362816747343,62.38139222436849,1.4999999999999674,False,TREND_SUPPORT_NOT_CONFIRMED|PLANNED_REWARD_TOO_LOW|CLOSE_NOT_ABOVE_BREAKOUT_HIGH
2026-09-18T00:08:57.636885+00:00,SIE_FIX_BREAKOUT_QUALITY_R_QUALITY_V1,PAXG,PAXGUSDT,strategy-lab-v1.0.0:SIE_FIX_BREAKOUT_QUALITY_R_QUALITY_V1,1789689600000,2026-09-18T00:00:00+00:00,4340.28,4341.78,4338.86,4341.78,58.97891000208804,4338.4349999999995,4299.625708071357,4337.6768999999995,14.29857142857145,0.0032932510234446356,66.08990522563235,1.5,False,CLOSE_NOT_ABOVE_BREAKOUT_HIGH
2026-09-18T07:21:54.848081+00:00,SIE_FIX_BREAKOUT_QUALITY_R_QUALITY_V1,BTC,BTCUSDT,strategy-lab-v1.0.0:SIE_FIX_BREAKOUT_QUALITY_R_QUALITY_V1,1789693200000,2026-09-18T01:00:00+00:00,76526.11,76700.0,76444.32,76662.85,58.792705094315714,76494.4435,76250.34400296853,77083.1237,403.8221428571404,0.005267507571883127,56.814391481225506,1.5,False,TREND_SUPPORT_NOT_CONFIRMED|CLOSE_NOT_ABOVE_BREAKOUT_HIGH|CLOSE_NOT_ABOVE_MA200
2026-09-18T07:21:54.848081+00:00,SIE_FIX_BREAKOUT_QUALITY_R_QUALITY_V1,BTC,BTCUSDT,strategy-lab-v1.0.0:SIE_FIX_BREAKOUT_QUALITY_R_QUALITY_V1,1789696800000,2026-09-18T02:00:00+00:00,76663.57,76969.37,76568.46,76909.34,58.388187753400324,76519.7645,76220.14396796149,77075.67365,376.87857142856853,0.004900296523524562,58.792705094315714,1.5,False,TREND_SUPPORT_NOT_CONFIRMED|CLOSE_NOT_ABOVE_BREAKOUT_HIGH|CLOSE_NOT_ABOVE_MA200
2026-09-18T07:21:54.848081+00:00,SIE_FIX_BREAKOUT_QUALITY_R_QUALITY_V1,BTC,BTCUSDT,strategy-lab-v1.0.0:SIE_FIX_BREAKOUT_QUALITY_R_QUALITY_V1,1789700400000,2026-09-18T03:00:00+00:00,76909.34,77528.05,76900.0,77312.13,68.76893447589373,76565.965,76115.03586958136,77071.16955,357.86857142856854,0.004628879988542141,58.388187753400324,1.5,False,TREND_SUPPORT_NOT_CONFIRMED
2026-09-18T07:21:54.848081+00:00,SIE_FIX_BREAKOUT_QUALITY_R_QUALITY_V1,BTC,BTCUSDT,strategy-lab-v1.0.0:SIE_FIX_BREAKOUT_QUALITY_R_QUALITY_V1,1789704000000,2026-09-18T04:00:00+00:00,77312.13,77505.0,77143.09,77505.0,79.27839629180396,76616.33249999999,76009.19701360905,77067.17510000001,333.26357142856847,0.004299897702452338,68.76893447589373,1.5,False,TREND_SUPPORT_NOT_CONFIRMED|CLOSE_NOT_ABOVE_BREAKOUT_HIGH
2026-09-18T07:21:54.848081+00:00,SIE_FIX_BREAKOUT_QUALITY_R_QUALITY_V1,BTC,BTCUSDT,strategy-lab-v1.0.0:SIE_FIX_BREAKOUT_QUALITY_R_QUALITY_V1,1789707600000,2026-09-18T05:00:00+00:00,77508.49,77646.65,77370.95,77426.77,72.00320726981184,76667.954,75975.52347203619,77063.66755,309.38785714285456,0.003995877099649831,79.27839629180396,1.5,False,TREND_SUPPORT_NOT_CONFIRMED|CLOSE_NOT_ABOVE_BREAKOUT_HIGH
2026-09-18T07:21:54.848081+00:00,SIE_FIX_BREAKOUT_QUALITY_R_QUALITY_V1,BTC,BTCUSDT,strategy-lab-v1.0.0:SIE_FIX_BREAKOUT_QUALITY_R_QUALITY_V1,1789711200000,2026-09-18T06:00:00+00:00,77426.78,77606.38,77332.07,77527.38,74.22240691681262,76727.78300000001,75959.58377776381,77061.843,308.0835714285682,0.003973867960307289,72.00320726981184,1.5,False,TREND_SUPPORT_NOT_CONFIRMED|CLOSE_NOT_ABOVE_BREAKOUT_HIGH
2026-09-18T07:21:54.848081+00:00,SIE_FIX_BREAKOUT_QUALITY_R_QUALITY_V1,BTC,BTCUSDT,strategy-lab-v1.0.0:SIE_FIX_BREAKOUT_QUALITY_R_QUALITY_V1,1789714800000,2026-09-18T07:00:00+00:00,77527.38,77736.74,77494.83,77598.13,78.71660236140517,76787.7525,75947.7574986843,77058.41375,296.4471428571404,0.0038202872009562654,74.22240691681262,1.5,False,TREND_SUPPORT_NOT_CONFIRMED|CLOSE_NOT_ABOVE_BREAKOUT_HIGH
2026-09-18T07:21:54.848081+00:00,SIE_FIX_BREAKOUT_QUALITY_R_QUALITY_V1,BNB,BNBUSDT,strategy-lab-v1.0.0:SIE_FIX_BREAKOUT_QUALITY_R_QUALITY_V1,1789693200000,2026-09-18T01:00:00+00:00,737.4,743.73,736.99,742.91,81.60613128956989,729.4970000000001,718.6014080472874,721.7910499999999,4.35642857142858,0.0058640058303543905,78.55477855477828,1.4999999999999856,False,PLANNED_REWARD_TOO_LOW
2026-09-18T07:21:54.848081+00:00,SIE_FIX_BREAKOUT_QUALITY_R_QUALITY_V1,BNB,BNBUSDT,strategy-lab-v1.0.0:SIE_FIX_BREAKOUT_QUALITY_R_QUALITY_V1,1789696800000,2026-09-18T02:00:00+00:00,743.04,751.36,743.04,747.82,81.69154228855702,730.6375,717.3472481212722,721.83175,4.390714285714296,0.005871351776783578,81.60613128956989,1.5,True,
2026-09-18T07:21:54.848081+00:00,SIE_FIX_BREAKOUT_QUALITY_R_QUALITY_V1,BNB,BNBUSDT,strategy-lab-v1.0.0:SIE_FIX_BREAKOUT_QUALITY_R_QUALITY_V1,1789700400000,2026-09-18T03:00:00+00:00,747.32,753.19,746.78,750.52,88.41798770624384,731.9775,716.5197901114026,721.901,4.3685714285714505,0.005820726201262392,81.69154228855702,1.5000000000000144,False,OPEN_TRADE_EXISTS|CLOSE_NOT_ABOVE_BREAKOUT_HIGH
2026-09-18T07:21:54.848081+00:00,SIE_FIX_BREAKOUT_QUALITY_R_QUALITY_V1,BNB,BNBUSDT,strategy-lab-v1.0.0:SIE_FIX_BREAKOUT_QUALITY_R_QUALITY_V1,1789704000000,2026-09-18T04:00:00+00:00,750.8,752.31,748.44,751.04,93.7079407806191,733.259,716.0421130572321,721.9891500000001,4.3264285714285835,0.005760583419562984,88.41798770624384,1.5,False,OPEN_TRADE_EXISTS|CLOSE_NOT_ABOVE_BREAKOUT_HIGH
2026-09-18T07:21:54.848081+00:00,SIE_FIX_BREAKOUT_QUALITY_R_QUALITY_V1,BNB,BNBUSDT,strategy-lab-v1.0.0:SIE_FIX_BREAKOUT_QUALITY_R_QUALITY_V1,1789707600000,2026-09-18T05:00:00+00:00,751.17,753.97,750.4,752.09,93.47067039106143,734.6360000000001,716.0729006898077,722.1225999999999,4.2871428571428725,0.005700305624516843,93.7079407806191,1.5000000000000147,False,CLOSE_NOT_ABOVE_BREAKOUT_HIGH
2026-09-18T07:21:54.848081+00:00,SIE_FIX_BREAKOUT_QUALITY_R_QUALITY_V1,BNB,BNBUSDT,strategy-lab-v1.0.0:SIE_FIX_BREAKOUT_QUALITY_R_QUALITY_V1,1789711200000,2026-09-18T06:00:00+00:00,752.3,754.88,751.38,754.41,93.81409196162751,736.2085,716.570932660839,722.3002,4.3671428571428725,0.005788818887796918,93.47067039106143,1.5,True,
2026-09-18T07:21:54.848081+00:00,SIE_FIX_BREAKOUT_QUALITY_R_QUALITY_V1,BNB,BNBUSDT,strategy-lab-v1.0.0:SIE_FIX_BREAKOUT_QUALITY_R_QUALITY_V1,1789714800000,2026-09-18T07:00:00+00:00,754.35,757.96,753.75,757.18,94.21947449768157,737.8705,717.0752452768644,722.4733,4.517857142857159,0.005966688426605509,93.81409196162751,1.500000000000014,False,OPEN_TRADE_EXISTS
2026-09-18T07:21:54.848081+00:00,SIE_FIX_BREAKOUT_QUALITY_R_QUALITY_V1,PAXG,PAXGUSDT,strategy-lab-v1.0.0:SIE_FIX_BREAKOUT_QUALITY_R_QUALITY_V1,1789693200000,2026-09-18T01:00:00+00:00,4355.64,4360.58,4343.32,4343.7,48.97810976242336,4341.1255,4305.5927796003125,4337.3673499999995,14.54357142857147,0.0033481988692984025,63.653308480894744,1.5000000000000346,False,CLOSE_NOT_ABOVE_BREAKOUT_HIGH|RSI_NOT_MOMENTUM_SUPPORTIVE
2026-09-18T07:21:54.848081+00:00,SIE_FIX_BREAKOUT_QUALITY_R_QUALITY_V1,PAXG,PAXGUSDT,strategy-lab-v1.0.0:SIE_FIX_BREAKOUT_QUALITY_R_QUALITY_V1,1789696800000,2026-09-18T02:00:00+00:00,4343.27,4352.07,4340.17,4342.18,38.02713604693787,4342.83,4310.691137543429,4337.05825,12.850000000000039,0.002959343002823475,48.97810976242336,1.4999999999999607,False,PLANNED_REWARD_TOO_LOW|CLOSE_NOT_ABOVE_BREAKOUT_HIGH|RSI_NOT_MOMENTUM_SUPPORTIVE
2026-09-18T07:21:54.848081+00:00,SIE_FIX_BREAKOUT_QUALITY_R_QUALITY_V1,PAXG,PAXGUSDT,strategy-lab-v1.0.0:SIE_FIX_BREAKOUT_QUALITY_R_QUALITY_V1,1789700400000,2026-09-18T03:00:00+00:00,4343.08,4355.2,4330.45,4352.67,44.47486584163826,4344.254,4313.034285459306,4336.832,13.428571428571493,0.0030851342804695723,38.02713604693787,1.5000000000000375,False,CLOSE_NOT_ABOVE_BREAKOUT_HIGH|RSI_NOT_MOMENTUM_SUPPORTIVE
2026-09-18T07:21:54.848081+00:00,SIE_FIX_BREAKOUT_QUALITY_R_QUALITY_V1,PAXG,PAXGUSDT,strategy-lab-v1.0.0:SIE_FIX_BREAKOUT_QUALITY_R_QUALITY_V1,1789704000000,2026-09-18T04:00:00+00:00,4352.16,4364.09,4348.3,4364.09,56.48680924980994,4346.9155,4318.595934696091,4336.63145,12.787142857142888,0.0029300822982896517,44.47486584163826,1.4999999999999605,False,PLANNED_REWARD_TOO_LOW|CLOSE_NOT_ABOVE_BREAKOUT_HIGH
2026-09-18T07:21:54.848081+00:00,SIE_FIX_BREAKOUT_QUALITY_R_QUALITY_V1,PAXG,PAXGUSDT,strategy-lab-v1.0.0:SIE_FIX_BREAKOUT_QUALITY_R_QUALITY_V1,1789707600000,2026-09-18T05:00:00+00:00,4363.9,4372.78,4357.67,4372.77,53.50887368054761,4350.301,4327.074597006804,4336.48145,12.657142857142844,0.002894536611151019,56.48680924980994,1.50000000000004,False,CLOSE_NOT_ABOVE_BREAKOUT_HIGH
2026-09-18T07:21:54.848081+00:00,SIE_FIX_BREAKOUT_QUALITY_R_QUALITY_V1,PAXG,PAXGUSDT,strategy-lab-v1.0.0:SIE_FIX_BREAKOUT_QUALITY_R_QUALITY_V1,1789711200000,2026-09-18T06:00:00+00:00,4377.0,4391.1,4375.04,4389.21,66.00210970464155,4353.532499999999,4327.683640934223,4336.429099999999,12.86714285714288,0.002931539583921225,53.50887368054761,1.5000000000000393,True,
2026-09-18T07:21:54.848081+00:00,SIE_FIX_BREAKOUT_QUALITY_R_QUALITY_V1,PAXG,PAXGUSDT,strategy-lab-v1.0.0:SIE_FIX_BREAKOUT_QUALITY_R_QUALITY_V1,1789714800000,2026-09-18T07:00:00+00:00,4387.93,4389.09,4384.0,4385.95,66.14864150544477,4355.5464999999995,4326.3959629380115,4336.390350000001,12.745714285714323,0.0029060327376541737,66.00210970464155,1.5,False,OPEN_TRADE_EXISTS|CLOSE_NOT_ABOVE_BREAKOUT_HIGH
2026-09-18T12:56:01.367183+00:00,SIE_FIX_BREAKOUT_QUALITY_R_QUALITY_V1,BTC,BTCUSDT,strategy-lab-v1.0.0:SIE_FIX_BREAKOUT_QUALITY_R_QUALITY_V1,1789718400000,2026-09-18T08:00:00+00:00,77734.78,78204.0,77581.31,78191.55,88.03727095023805,76871.171,75814.45744027034,77059.29615000001,320.2664285714262,0.00409592121618546,80.28007741103094,1.5,False,TREND_SUPPORT_NOT_CONFIRMED
2026-09-18T12:56:01.367183+00:00,SIE_FIX_BREAKOUT_QUALITY_R_QUALITY_V1,BTC,BTCUSDT,strategy-lab-v1.0.0:SIE_FIX_BREAKOUT_QUALITY_R_QUALITY_V1,1789722000000,2026-09-18T09:00:00+00:00,78191.55,78409.69,77922.07,78148.14,86.23441663653786,76947.6655,75761.67474449657,77059.68484999999,341.33142857142644,0.004367748593522846,88.03727095023805,1.5,False,TREND_SUPPORT_NOT_CONFIRMED|CLOSE_NOT_ABOVE_BREAKOUT_HIGH
2026-09-18T12:56:01.367183+00:00,SIE_FIX_BREAKOUT_QUALITY_R_QUALITY_V1,BTC,BTCUSDT,strategy-lab-v1.0.0:SIE_FIX_BREAKOUT_QUALITY_R_QUALITY_V1,1789725600000,2026-09-18T10:00:00+00:00,78148.14,78300.0,78036.6,78221.46,87.65681963228872,77037.55750000001,75755.43522271296,77059.16165,342.16499999999775,0.004374311090588155,86.23441663653786,1.5,False,TREND_SUPPORT_NOT_CONFIRMED|CLOSE_NOT_ABOVE_BREAKOUT_HIGH
2026-09-18T12:56:01.367183+00:00,SIE_FIX_BREAKOUT_QUALITY_R_QUALITY_V1,BTC,BTCUSDT,strategy-lab-v1.0.0:SIE_FIX_BREAKOUT_QUALITY_R_QUALITY_V1,1789729200000,2026-09-18T11:00:00+00:00,78221.46,78398.31,77949.01,77995.19,84.81430257197619,77102.2015,75765.01939918807,77057.65179999999,357.5442857142833,0.004584183790234799,87.65681963228872,1.4999999999999774,False,PLANNED_REWARD_TOO_LOW|CLOSE_NOT_ABOVE_BREAKOUT_HIGH
2026-09-18T12:56:01.367183+00:00,SIE_FIX_BREAKOUT_QUALITY_R_QUALITY_V1,BTC,BTCUSDT,strategy-lab-v1.0.0:SIE_FIX_BREAKOUT_QUALITY_R_QUALITY_V1,1789732800000,2026-09-18T12:00:00+00:00,77995.71,78124.09,77913.68,78015.6,84.87494786861653,77168.58,75789.09338993055,77055.88620000001,357.03999999999775,0.004576520593317205,84.81430257197619,1.5000000000000226,False,CLOSE_NOT_ABOVE_BREAKOUT_HIGH
2026-09-18T12:56:01.367183+00:00,SIE_FIX_BREAKOUT_QUALITY_R_QUALITY_V1,BNB,BNBUSDT,strategy-lab-v1.0.0:SIE_FIX_BREAKOUT_QUALITY_R_QUALITY_V1,1789718400000,2026-09-18T08:00:00+00:00,753.07,754.21,750.72,754.21,91.94104735026671,738.9165,718.0958532521175,722.6175999999999,4.749285714285723,0.006297033603751904,88.2765211850909,1.4999999999999867,False,OPEN_TRADE_EXISTS|PLANNED_REWARD_TOO_LOW|CLOSE_NOT_ABOVE_BREAKOUT_HIGH
2026-09-18T12:56:01.367183+00:00,SIE_FIX_BREAKOUT_QUALITY_R_QUALITY_V1,BNB,BNBUSDT,strategy-lab-v1.0.0:SIE_FIX_BREAKOUT_QUALITY_R_QUALITY_V1,1789722000000,2026-09-18T09:00:00+00:00,754.17,755.34,749.6,751.02,81.17647058823528,740.129,719.4550996422997,722.7707,4.718571428571441,0.006282883849393414,91.94104735026671,1.4999999999999867,False,PLANNED_REWARD_TOO_LOW|CLOSE_NOT_ABOVE_BREAKOUT_HIGH
2026-09-18T12:56:01.367183+00:00,SIE_FIX_BREAKOUT_QUALITY_R_QUALITY_V1,BNB,BNBUSDT,strategy-lab-v1.0.0:SIE_FIX_BREAKOUT_QUALITY_R_QUALITY_V1,1789725600000,2026-09-18T10:00:00+00:00,750.93,774.53,748.66,752.05,80.35470668485675,741.4784999999999,721.4003364634577,722.9064,6.188571428571444,0.00822893614596296,81.17647058823528,1.5,False,CLOSE_NOT_ABOVE_BREAKOUT_HIGH
2026-09-18T12:56:01.367183+00:00,SIE_FIX_BREAKOUT_QUALITY_R_QUALITY_V1,BNB,BNBUSDT,strategy-lab-v1.0.0:SIE_FIX_BREAKOUT_QUALITY_R_QUALITY_V1,1789729200000,2026-09-18T11:00:00+00:00,752.03,753.21,748.21,748.89,74.27490542244644,742.5635,723.3651258240407,723.0349500000001,6.40000000000001,0.008545981385784308,80.35470668485675,1.5,False,CLOSE_NOT_ABOVE_BREAKOUT_HIGH
2026-09-18T12:56:01.367183+00:00,SIE_FIX_BREAKOUT_QUALITY_R_QUALITY_V1,BNB,BNBUSDT,strategy-lab-v1.0.0:SIE_FIX_BREAKOUT_QUALITY_R_QUALITY_V1,1789732800000,2026-09-18T12:00:00+00:00,748.39,749.02,744.51,745.58,65.90368608799062,743.4465,725.435607434662,723.1516499999999,6.555000000000007,0.008791813085114952,74.27490542244644,1.5,False,CLOSE_NOT_ABOVE_BREAKOUT_HIGH
2026-09-18T12:56:01.367183+00:00,SIE_FIX_BREAKOUT_QUALITY_R_QUALITY_V1,PAXG,PAXGUSDT,strategy-lab-v1.0.0:SIE_FIX_BREAKOUT_QUALITY_R_QUALITY_V1,1789718400000,2026-09-18T08:00:00+00:00,4387.27,4390.71,4378.45,4387.41,72.77273784601073,4356.942,4324.2937041179375,4336.30605,12.49142857142858,0.002847107649257439,67.77512998266954,1.5000000000000404,False,CLOSE_NOT_ABOVE_BREAKOUT_HIGH
2026-09-18T12:56:01.367183+00:00,SIE_FIX_BREAKOUT_QUALITY_R_QUALITY_V1,PAXG,PAXGUSDT,strategy-lab-v1.0.0:SIE_FIX_BREAKOUT_QUALITY_R_QUALITY_V1,1789722000000,2026-09-18T09:00:00+00:00,4387.33,4389.28,4368.22,4370.13,65.23144286905782,4357.3105,4324.244159122867,4336.0986,13.14142857142854,0.0030071024366388503,72.77273784601073,1.5,False,CLOSE_NOT_ABOVE_BREAKOUT_HIGH
2026-09-18T12:56:01.367183+00:00,SIE_FIX_BREAKOUT_QUALITY_R_QUALITY_V1,PAXG,PAXGUSDT,strategy-lab-v1.0.0:SIE_FIX_BREAKOUT_QUALITY_R_QUALITY_V1,1789725600000,2026-09-18T10:00:00+00:00,4370.52,4374.91,4369.75,4374.91,68.63344542953226,4358.449,4324.614109191802,4335.87755,13.253571428571377,0.0030294500752178623,65.23144286905782,1.5000000000000382,False,CLOSE_NOT_ABOVE_BREAKOUT_HIGH
2026-09-18T12:56:01.367183+00:00,SIE_FIX_BREAKOUT_QUALITY_R_QUALITY_V1,PAXG,PAXGUSDT,strategy-lab-v1.0.0:SIE_FIX_BREAKOUT_QUALITY_R_QUALITY_V1,1789729200000,2026-09-18T11:00:00+00:00,4375.54,4379.64,4364.78,4371.64,66.23363744545861,4358.695,4324.552996836701,4335.67735,13.942142857142828,0.0031892248348772607,68.63344542953226,1.5,False,CLOSE_NOT_ABOVE_BREAKOUT_HIGH
2026-09-18T12:56:01.367183+00:00,SIE_FIX_BREAKOUT_QUALITY_R_QUALITY_V1,PAXG,PAXGUSDT,strategy-lab-v1.0.0:SIE_FIX_BREAKOUT_QUALITY_R_QUALITY_V1,1789732800000,2026-09-18T12:00:00+00:00,4373.46,4373.46,4347.69,4358.91,58.276846236175366,4358.697,4324.554951379528,4335.42575,15.191428571428592,0.003485143894099349,66.23363744545861,1.5000000000000333,False,CLOSE_NOT_ABOVE_BREAKOUT_HIGH
2026-09-18T17:38:59.275811+00:00,SIE_FIX_BREAKOUT_QUALITY_R_QUALITY_V1,BTC,BTCUSDT,strategy-lab-v1.0.0:SIE_FIX_BREAKOUT_QUALITY_R_QUALITY_V1,1789736400000,2026-09-18T13:00:00+00:00,77977.65,80462.52,77900.0,80022.05,91.70225761260227,77337.37299999999,75509.22877649762,77063.30644999999,529.4414285714271,0.006616194268597556,84.11684816992411,1.5,True,
2026-09-18T17:38:59.275811+00:00,SIE_FIX_BREAKOUT_QUALITY_R_QUALITY_V1,BTC,BTCUSDT,strategy-lab-v1.0.0:SIE_FIX_BREAKOUT_QUALITY_R_QUALITY_V1,1789740000000,2026-09-18T14:00:00+00:00,80024.05,80950.0,80024.05,80908.96,92.85358103153244,77557.501,75199.23267965192,77075.8791,572.3492857142846,0.007073991381353618,91.70225761260227,1.5,True,
2026-09-18T17:38:59.275811+00:00,SIE_FIX_BREAKOUT_QUALITY_R_QUALITY_V1,BTC,BTCUSDT,strategy-lab-v1.0.0:SIE_FIX_BREAKOUT_QUALITY_R_QUALITY_V1,1789743600000,2026-09-18T15:00:00+00:00,80913.02,81127.8,80471.0,80700.62,88.93440172794472,77766.30350000001,75092.45128751469,77088.98465,601.0007142857139,0.0074472874469330465,92.85358103153244,1.5000000000000135,False,OPEN_TRADE_EXISTS|CLOSE_NOT_ABOVE_BREAKOUT_HIGH
2026-09-18T17:38:59.275811+00:00,SIE_FIX_BREAKOUT_QUALITY_R_QUALITY_V1,BTC,BTCUSDT,strategy-lab-v1.0.0:SIE_FIX_BREAKOUT_QUALITY_R_QUALITY_V1,1789747200000,2026-09-18T16:00:00+00:00,80700.63,81253.15,80631.63,80824.06,88.66542875767897,77982.57949999999,75065.23232734796,77102.6777,616.7585714285711,0.007630878372462001,88.93440172794472,1.500000000000013,False,OPEN_TRADE_EXISTS|CLOSE_NOT_ABOVE_BREAKOUT_HIGH
2026-09-18T17:38:59.275811+00:00,SIE_FIX_BREAKOUT_QUALITY_R_QUALITY_V1,BTC,BTCUSDT,strategy-lab-v1.0.0:SIE_FIX_BREAKOUT_QUALITY_R_QUALITY_V1,1789750800000,2026-09-18T17:00:00+00:00,80825.32,80939.98,80552.76,80617.25,83.9591313353825,78195.995,75165.60361459413,77115.96495,599.5564285714281,0.007437073685488256,88.66542875767897,1.5,False,OPEN_TRADE_EXISTS|CLOSE_NOT_ABOVE_BREAKOUT_HIGH
2026-09-18T17:38:59.275811+00:00,SIE_FIX_BREAKOUT_QUALITY_R_QUALITY_V1,BNB,BNBUSDT,strategy-lab-v1.0.0:SIE_FIX_BREAKOUT_QUALITY_R_QUALITY_V1,1789736400000,2026-09-18T13:00:00+00:00,745.9,761.6,745.17,757.9,73.87429643527207,744.9295,727.2259077374067,723.32745,7.445714285714295,0.00982413812602493,66.5565896127289,1.4999999999999916,False,PLANNED_REWARD_TOO_LOW|CLOSE_NOT_ABOVE_BREAKOUT_HIGH
2026-09-18T17:38:59.275811+00:00,SIE_FIX_BREAKOUT_QUALITY_R_QUALITY_V1,BNB,BNBUSDT,strategy-lab-v1.0.0:SIE_FIX_BREAKOUT_QUALITY_R_QUALITY_V1,1789740000000,2026-09-18T14:00:00+00:00,757.96,761.2,755.1,760.0,75.03361721201259,746.5564999999999,729.6090526700872,723.5225999999999,7.555714285714292,0.00994172932330828,73.87429643527207,1.5,False,CLOSE_NOT_ABOVE_BREAKOUT_HIGH
2026-09-18T17:38:59.275811+00:00,SIE_FIX_BREAKOUT_QUALITY_R_QUALITY_V1,BNB,BNBUSDT,strategy-lab-v1.0.0:SIE_FIX_BREAKOUT_QUALITY_R_QUALITY_V1,1789743600000,2026-09-18T15:00:00+00:00,760.15,760.89,753.38,756.86,66.40790402258298,747.8025,731.6931885621955,723.7127500000001,7.61071428571429,0.010055643429054633,75.03361721201259,1.5000000000000082,False,CLOSE_NOT_ABOVE_BREAKOUT_HIGH
2026-09-18T17:38:59.275811+00:00,SIE_FIX_BREAKOUT_QUALITY_R_QUALITY_V1,BNB,BNBUSDT,strategy-lab-v1.0.0:SIE_FIX_BREAKOUT_QUALITY_R_QUALITY_V1,1789747200000,2026-09-18T16:00:00+00:00,756.63,761.0,755.88,758.3,63.42213114754091,749.0049999999999,733.5443615914415,723.9134999999999,7.3728571428571446,0.009722876358772444,66.40790402258298,1.5,False,CLOSE_NOT_ABOVE_BREAKOUT_HIGH
2026-09-18T17:38:59.275811+00:00,SIE_FIX_BREAKOUT_QUALITY_R_QUALITY_V1,BNB,BNBUSDT,strategy-lab-v1.0.0:SIE_FIX_BREAKOUT_QUALITY_R_QUALITY_V1,1789750800000,2026-09-18T17:00:00+00:00,758.12,759.24,756.36,758.01,60.22386022386027,750.231,736.0502385253753,724.1179000000001,7.120714285714281,0.009393958240279523,63.42213114754091,1.4999999999999911,False,PLANNED_REWARD_TOO_LOW|CLOSE_NOT_ABOVE_BREAKOUT_HIGH
2026-09-18T17:38:59.275811+00:00,SIE_FIX_BREAKOUT_QUALITY_R_QUALITY_V1,PAXG,PAXGUSDT,strategy-lab-v1.0.0:SIE_FIX_BREAKOUT_QUALITY_R_QUALITY_V1,1789736400000,2026-09-18T13:00:00+00:00,4365.31,4367.38,4344.6,4344.75,51.07578676942852,4358.486,4323.685885977165,4335.03675,16.313571428571386,0.003754777933959695,61.82231053079766,1.5,False,CLOSE_NOT_ABOVE_BREAKOUT_HIGH
2026-09-18T17:38:59.275811+00:00,SIE_FIX_BREAKOUT_QUALITY_R_QUALITY_V1,PAXG,PAXGUSDT,strategy-lab-v1.0.0:SIE_FIX_BREAKOUT_QUALITY_R_QUALITY_V1,1789740000000,2026-09-18T14:00:00+00:00,4344.63,4355.29,4340.37,4349.11,47.963453163692044,4358.529,4323.777492464322,4334.665849999999,16.215714285714252,0.0037285132557498555,51.07578676942852,1.500000000000031,False,CLOSE_NOT_ABOVE_BREAKOUT_HIGH|RSI_NOT_MOMENTUM_SUPPORTIVE
2026-09-18T17:38:59.275811+00:00,SIE_FIX_BREAKOUT_QUALITY_R_QUALITY_V1,PAXG,PAXGUSDT,strategy-lab-v1.0.0:SIE_FIX_BREAKOUT_QUALITY_R_QUALITY_V1,1789743600000,2026-09-18T15:00:00+00:00,4348.75,4352.35,4343.07,4350.99,53.34987593052112,4359.033,4325.033989955555,4334.37805,15.645714285714282,0.003595897551066374,47.963453163692044,1.5,False,CLOSE_NOT_ABOVE_BREAKOUT_HIGH
2026-09-18T17:38:59.275811+00:00,SIE_FIX_BREAKOUT_QUALITY_R_QUALITY_V1,PAXG,PAXGUSDT,strategy-lab-v1.0.0:SIE_FIX_BREAKOUT_QUALITY_R_QUALITY_V1,1789747200000,2026-09-18T16:00:00+00:00,4352.07,4377.67,4350.81,4377.67,63.24550272449054,4360.9995,4327.469040727835,4334.293,16.714285714285715,0.00381807804477855,53.34987593052112,1.4999999999999698,False,PLANNED_REWARD_TOO_LOW|CLOSE_NOT_ABOVE_BREAKOUT_HIGH
2026-09-18T17:38:59.275811+00:00,SIE_FIX_BREAKOUT_QUALITY_R_QUALITY_V1,PAXG,PAXGUSDT,strategy-lab-v1.0.0:SIE_FIX_BREAKOUT_QUALITY_R_QUALITY_V1,1789750800000,2026-09-18T17:00:00+00:00,4377.61,4388.58,4375.59,4388.48,63.333085114304765,4363.4785,4329.521646037917,4334.2679,15.8742857142857,0.0036172628596429063,63.24550272449054,1.5,False,CLOSE_NOT_ABOVE_BREAKOUT_HIGH
2026-09-18T20:50:42.625443+00:00,SIE_FIX_BREAKOUT_QUALITY_R_QUALITY_V1,BTC,BTCUSDT,strategy-lab-v1.0.0:SIE_FIX_BREAKOUT_QUALITY_R_QUALITY_V1,1789754400000,2026-09-18T18:00:00+00:00,80994.65,81132.82,80776.12,80926.37,86.35508735540783,78443.18950000001,75257.35246671947,77133.33155,603.471428571429,0.007457043094499716,88.12051121200602,1.5000000000000133,False,OPEN_TRADE_EXISTS|CLOSE_NOT_ABOVE_BREAKOUT_HIGH
2026-09-18T20:50:42.625443+00:00,SIE_FIX_BREAKOUT_QUALITY_R_QUALITY_V1,BTC,BTCUSDT,strategy-lab-v1.0.0:SIE_FIX_BREAKOUT_QUALITY_R_QUALITY_V1,1789758000000,2026-09-18T19:00:00+00:00,80926.37,81388.47,80884.96,81193.47,88.48000555741662,78685.426,75437.30218169828,77150.24715,619.7435714285717,0.007632923822920386,86.35508735540783,1.5,False,OPEN_TRADE_EXISTS|CLOSE_NOT_ABOVE_BREAKOUT_HIGH
2026-09-18T20:50:42.625443+00:00,SIE_FIX_BREAKOUT_QUALITY_R_QUALITY_V1,BTC,BTCUSDT,strategy-lab-v1.0.0:SIE_FIX_BREAKOUT_QUALITY_R_QUALITY_V1,1789761600000,2026-09-18T20:00:00+00:00,81199.62,81226.79,80918.68,81161.78,87.65874200072894,78917.2095,75656.94100114562,77171.71380000001,622.1578571428576,0.0076656507181441505,88.48000555741662,1.499999999999987,False,OPEN_TRADE_EXISTS|PLANNED_REWARD_TOO_LOW|CLOSE_NOT_ABOVE_BREAKOUT_HIGH
2026-09-18T20:50:42.625443+00:00,SIE_FIX_BREAKOUT_QUALITY_R_QUALITY_V1,BNB,BNBUSDT,strategy-lab-v1.0.0:SIE_FIX_BREAKOUT_QUALITY_R_QUALITY_V1,1789754400000,2026-09-18T18:00:00+00:00,761.29,765.39,760.46,764.34,65.88628762541813,751.8675,737.8897635952665,724.3709,7.365714285714286,0.009636698701774454,63.682604272634805,1.5,False,CLOSE_NOT_ABOVE_BREAKOUT_HIGH
2026-09-18T20:50:42.625443+00:00,SIE_FIX_BREAKOUT_QUALITY_R_QUALITY_V1,BNB,BNBUSDT,strategy-lab-v1.0.0:SIE_FIX_BREAKOUT_QUALITY_R_QUALITY_V1,1789758000000,2026-09-18T19:00:00+00:00,764.12,768.18,763.98,766.07,66.4315937940762,753.2940000000001,739.6366116698608,724.61865,7.410714285714278,0.0096736777131519,65.88628762541813,1.5,False,CLOSE_NOT_ABOVE_BREAKOUT_HIGH
2026-09-18T20:50:42.625443+00:00,SIE_FIX_BREAKOUT_QUALITY_R_QUALITY_V1,BNB,BNBUSDT,strategy-lab-v1.0.0:SIE_FIX_BREAKOUT_QUALITY_R_QUALITY_V1,1789761600000,2026-09-18T20:00:00+00:00,766.17,766.17,762.88,764.76,62.46087165904166,754.6490000000001,742.1354235328092,724.91545,7.395714285714275,0.00967063429796835,66.4315937940762,1.5,False,CLOSE_NOT_ABOVE_BREAKOUT_HIGH
2026-09-18T20:50:42.625443+00:00,SIE_FIX_BREAKOUT_QUALITY_R_QUALITY_V1,PAXG,PAXGUSDT,strategy-lab-v1.0.0:SIE_FIX_BREAKOUT_QUALITY_R_QUALITY_V1,1789754400000,2026-09-18T18:00:00+00:00,4386.08,4386.08,4372.4,4374.35,53.88048411497741,4365.0585,4332.857796731243,4334.21835,15.75214285714284,0.00360102480531801,62.665857911896275,1.499999999999968,False,PLANNED_REWARD_TOO_LOW|CLOSE_NOT_ABOVE_BREAKOUT_HIGH
2026-09-18T20:50:42.625443+00:00,SIE_FIX_BREAKOUT_QUALITY_R_QUALITY_V1,PAXG,PAXGUSDT,strategy-lab-v1.0.0:SIE_FIX_BREAKOUT_QUALITY_R_QUALITY_V1,1789758000000,2026-09-18T19:00:00+00:00,4374.21,4378.64,4367.91,4370.11,48.958985597995934,4366.4605,4335.990314916832,4334.19115,15.439285714285754,0.003532928396375779,53.88048411497741,1.5,False,CLOSE_NOT_ABOVE_BREAKOUT_HIGH|RSI_NOT_MOMENTUM_SUPPORTIVE
2026-09-18T20:50:42.625443+00:00,SIE_FIX_BREAKOUT_QUALITY_R_QUALITY_V1,PAXG,PAXGUSDT,strategy-lab-v1.0.0:SIE_FIX_BREAKOUT_QUALITY_R_QUALITY_V1,1789761600000,2026-09-18T20:00:00+00:00,4370.42,4375.0,4368.3,4372.07,42.43467514124278,4367.37,4337.373951593543,4334.316750000001,14.60857142857146,0.003341339783802972,48.958985597995934,1.5,False,CLOSE_NOT_ABOVE_BREAKOUT_HIGH|RSI_NOT_MOMENTUM_SUPPORTIVE
2026-09-19T00:12:58.646945+00:00,SIE_FIX_BREAKOUT_QUALITY_R_QUALITY_V1,BTC,BTCUSDT,strategy-lab-v1.0.0:SIE_FIX_BREAKOUT_QUALITY_R_QUALITY_V1,1789765200000,2026-09-18T21:00:00+00:00,81099.99,81294.85,81081.0,81223.78,86.31636141076898,79142.16649999999,75914.18864740955,77191.79860000001,616.5442857142864,0.007590686935701421,86.55045905349208,1.499999999999987,False,OPEN_TRADE_EXISTS|PLANNED_REWARD_TOO_LOW|CLOSE_NOT_ABOVE_BREAKOUT_HIGH
2026-09-19T00:12:58.646945+00:00,SIE_FIX_BREAKOUT_QUALITY_R_QUALITY_V1,BTC,BTCUSDT,strategy-lab-v1.0.0:SIE_FIX_BREAKOUT_QUALITY_R_QUALITY_V1,1789768800000,2026-09-18T22:00:00+00:00,81223.78,81364.5,81062.31,81133.49,83.1513091766315,79353.374,76185.19193371978,77210.51205,593.6514285714293,0.007316971432776148,86.31636141076898,1.4999999999999865,False,OPEN_TRADE_EXISTS|PLANNED_REWARD_TOO_LOW|CLOSE_NOT_ABOVE_BREAKOUT_HIGH
2026-09-19T00:12:58.646945+00:00,SIE_FIX_BREAKOUT_QUALITY_R_QUALITY_V1,BTC,BTCUSDT,strategy-lab-v1.0.0:SIE_FIX_BREAKOUT_QUALITY_R_QUALITY_V1,1789772400000,2026-09-18T23:00:00+00:00,81133.49,81196.49,80844.12,80875.04,79.30776539170844,79531.5195,76442.79931228101,77228.79355,583.9907142857161,0.007220901705714348,83.1513091766315,1.5,False,OPEN_TRADE_EXISTS|CLOSE_NOT_ABOVE_BREAKOUT_HIGH
2026-09-19T00:12:58.646945+00:00,SIE_FIX_BREAKOUT_QUALITY_R_QUALITY_V1,BTC,BTCUSDT,strategy-lab-v1.0.0:SIE_FIX_BREAKOUT_QUALITY_R_QUALITY_V1,1789776000000,2026-09-19T00:00:00+00:00,80875.04,80933.58,80822.48,80900.0,79.09040753113679,79701.2695,76704.91777381314,77247.49245,573.1121428571454,0.0070842044852551965,79.30776539170844,1.5,False,OPEN_TRADE_EXISTS|CLOSE_NOT_ABOVE_BREAKOUT_HIGH
2026-09-19T00:12:58.646945+00:00,SIE_FIX_BREAKOUT_QUALITY_R_QUALITY_V1,BNB,BNBUSDT,strategy-lab-v1.0.0:SIE_FIX_BREAKOUT_QUALITY_R_QUALITY_V1,1789765200000,2026-09-18T21:00:00+00:00,764.12,764.95,763.18,763.71,63.46666666666664,755.6245000000001,743.9301313124546,725.17645,7.089999999999999,0.009283628602479997,60.579168612797815,1.5000000000000089,False,CLOSE_NOT_ABOVE_BREAKOUT_HIGH
2026-09-19T00:12:58.646945+00:00,SIE_FIX_BREAKOUT_QUALITY_R_QUALITY_V1,BNB,BNBUSDT,strategy-lab-v1.0.0:SIE_FIX_BREAKOUT_QUALITY_R_QUALITY_V1,1789768800000,2026-09-18T22:00:00+00:00,763.78,764.61,761.59,764.0,62.25895316804401,756.4334999999999,744.7721068156393,725.4492,7.056428571428569,0.009236163051608074,63.46666666666664,1.5000000000000089,False,CLOSE_NOT_ABOVE_BREAKOUT_HIGH
2026-09-19T00:12:58.646945+00:00,SIE_FIX_BREAKOUT_QUALITY_R_QUALITY_V1,BNB,BNBUSDT,strategy-lab-v1.0.0:SIE_FIX_BREAKOUT_QUALITY_R_QUALITY_V1,1789772400000,2026-09-18T23:00:00+00:00,764.19,764.6,760.42,761.34,63.096446700507684,756.9745,745.4576332819967,725.7147500000001,6.945000000000001,0.009122074237528569,62.25895316804401,1.499999999999991,False,PLANNED_REWARD_TOO_LOW|CLOSE_NOT_ABOVE_BREAKOUT_HIGH
2026-09-19T00:12:58.646945+00:00,SIE_FIX_BREAKOUT_QUALITY_R_QUALITY_V1,BNB,BNBUSDT,strategy-lab-v1.0.0:SIE_FIX_BREAKOUT_QUALITY_R_QUALITY_V1,1789776000000,2026-09-19T00:00:00+00:00,760.91,761.24,759.88,761.23,61.928274428274506,757.484,746.1624251978686,725.9810000000001,5.201428571428575,0.006832926410452261,63.096446700507684,1.5000000000000122,False,CLOSE_NOT_ABOVE_BREAKOUT_HIGH
2026-09-19T00:12:58.646945+00:00,SIE_FIX_BREAKOUT_QUALITY_R_QUALITY_V1,PAXG,PAXGUSDT,strategy-lab-v1.0.0:SIE_FIX_BREAKOUT_QUALITY_R_QUALITY_V1,1789765200000,2026-09-18T21:00:00+00:00,4370.7,4373.94,4370.1,4373.44,43.498152384303765,4368.782,4340.768911202044,4334.3394,14.37785714285714,0.0032875395896267336,41.662193594560584,1.5,False,CLOSE_NOT_ABOVE_BREAKOUT_HIGH|RSI_NOT_MOMENTUM_SUPPORTIVE
2026-09-19T00:12:58.646945+00:00,SIE_FIX_BREAKOUT_QUALITY_R_QUALITY_V1,PAXG,PAXGUSDT,strategy-lab-v1.0.0:SIE_FIX_BREAKOUT_QUALITY_R_QUALITY_V1,1789768800000,2026-09-18T22:00:00+00:00,4372.26,4374.47,4371.41,4374.47,44.31858096241676,4370.3965,4345.113223096044,4334.4215,13.720714285714296,0.0031365432351151785,43.498152384303765,1.5,False,CLOSE_NOT_ABOVE_BREAKOUT_HIGH|RSI_NOT_MOMENTUM_SUPPORTIVE
2026-09-19T00:12:58.646945+00:00,SIE_FIX_BREAKOUT_QUALITY_R_QUALITY_V1,PAXG,PAXGUSDT,strategy-lab-v1.0.0:SIE_FIX_BREAKOUT_QUALITY_R_QUALITY_V1,1789772400000,2026-09-18T23:00:00+00:00,4373.16,4374.68,4367.63,4369.03,49.46099568796533,4371.2145,4347.254214129373,4334.44175,12.72000000000006,0.0029114013865778124,44.31858096241676,1.5,False,CLOSE_NOT_ABOVE_BREAKOUT_HIGH|RSI_NOT_MOMENTUM_SUPPORTIVE
2026-09-19T00:12:58.646945+00:00,SIE_FIX_BREAKOUT_QUALITY_R_QUALITY_V1,PAXG,PAXGUSDT,strategy-lab-v1.0.0:SIE_FIX_BREAKOUT_QUALITY_R_QUALITY_V1,1789776000000,2026-09-19T00:00:00+00:00,4369.02,4369.02,4366.76,4366.98,46.00745141476176,4371.359,4347.537869128395,4334.4524,12.513571428571465,0.002865497764718745,49.46099568796533,1.5,False,CLOSE_NOT_ABOVE_BREAKOUT_HIGH|RSI_NOT_MOMENTUM_SUPPORTIVE
2026-09-19T07:17:15.575218+00:00,SIE_FIX_BREAKOUT_QUALITY_R_QUALITY_V1,BTC,BTCUSDT,strategy-lab-v1.0.0:SIE_FIX_BREAKOUT_QUALITY_R_QUALITY_V1,1789779600000,2026-09-19T01:00:00+00:00,81659.0,81720.0,81029.99,81262.5,79.54013261510676,79930.937,76981.6957318146,77271.16285000001,642.192857142859,0.007902696288483113,82.04512220597414,1.5000000000000127,False,CLOSE_NOT_ABOVE_BREAKOUT_HIGH
2026-09-19T07:17:15.575218+00:00,SIE_FIX_BREAKOUT_QUALITY_R_QUALITY_V1,BTC,BTCUSDT,strategy-lab-v1.0.0:SIE_FIX_BREAKOUT_QUALITY_R_QUALITY_V1,1789783200000,2026-09-19T02:00:00+00:00,81262.5,81426.93,81228.0,81276.05,79.8427519316721,80118.3705,77331.98442905021,77291.4501,641.3728571428583,0.007891289711333883,79.54013261510676,1.4999999999999873,False,PLANNED_REWARD_TOO_LOW|CLOSE_NOT_ABOVE_BREAKOUT_HIGH
2026-09-19T07:17:15.575218+00:00,SIE_FIX_BREAKOUT_QUALITY_R_QUALITY_V1,BTC,BTCUSDT,strategy-lab-v1.0.0:SIE_FIX_BREAKOUT_QUALITY_R_QUALITY_V1,1789786800000,2026-09-19T03:00:00+00:00,81276.05,81380.0,81092.99,81105.04,64.82366113591604,80286.88350000001,77696.7554302291,77311.35729999999,478.83642857142905,0.005903904721228534,79.8427519316721,1.5000000000000169,False,CLOSE_NOT_ABOVE_BREAKOUT_HIGH
2026-09-19T07:17:15.575218+00:00,SIE_FIX_BREAKOUT_QUALITY_R_QUALITY_V1,BTC,BTCUSDT,strategy-lab-v1.0.0:SIE_FIX_BREAKOUT_QUALITY_R_QUALITY_V1,1789790400000,2026-09-19T04:00:00+00:00,81105.04,81208.2,80892.0,81002.41,51.62882630384533,80427.4265,78007.90894114341,77330.1743,435.14000000000044,0.005371938933668769,64.82366113591604,1.4999999999999813,False,PLANNED_REWARD_TOO_LOW|CLOSE_NOT_ABOVE_BREAKOUT_HIGH
2026-09-19T07:17:15.575218+00:00,SIE_FIX_BREAKOUT_QUALITY_R_QUALITY_V1,BTC,BTCUSDT,strategy-lab-v1.0.0:SIE_FIX_BREAKOUT_QUALITY_R_QUALITY_V1,1789794000000,2026-09-19T05:00:00+00:00,81002.41,81126.01,80985.52,81022.5,56.00437251434506,80571.14450000001,78379.5152275674,77349.65694999999,398.26071428571385,0.004915433543592383,51.62882630384533,1.5,False,CLOSE_NOT_ABOVE_BREAKOUT_HIGH
2026-09-19T07:17:15.575218+00:00,SIE_FIX_BREAKOUT_QUALITY_R_QUALITY_V1,BTC,BTCUSDT,strategy-lab-v1.0.0:SIE_FIX_BREAKOUT_QUALITY_R_QUALITY_V1,1789797600000,2026-09-19T06:00:00+00:00,81022.5,81077.04,80843.61,81023.15,53.89214064803188,80711.22899999999,78797.7498274662,77370.762,370.53999999999985,0.004573260851991065,56.00437251434506,1.5,False,CLOSE_NOT_ABOVE_BREAKOUT_HIGH
2026-09-19T07:17:15.575218+00:00,SIE_FIX_BREAKOUT_QUALITY_R_QUALITY_V1,BTC,BTCUSDT,strategy-lab-v1.0.0:SIE_FIX_BREAKOUT_QUALITY_R_QUALITY_V1,1789801200000,2026-09-19T07:00:00+00:00,81023.15,81084.74,81023.15,81078.96,51.72587419457854,80865.41750000001,79410.09010818752,77393.47405,342.99357142857167,0.004230364713959968,53.89214064803188,1.4999999999999765,False,PLANNED_REWARD_TOO_LOW|CLOSE_NOT_ABOVE_BREAKOUT_HIGH
2026-09-19T07:17:15.575218+00:00,SIE_FIX_BREAKOUT_QUALITY_R_QUALITY_V1,BNB,BNBUSDT,strategy-lab-v1.0.0:SIE_FIX_BREAKOUT_QUALITY_R_QUALITY_V1,1789779600000,2026-09-19T01:00:00+00:00,764.16,764.16,759.41,762.13,66.7679837892604,758.118,746.6979323994882,726.24235,5.398571428571431,0.007083530931168477,64.44987775061131,1.5,False,CLOSE_NOT_ABOVE_BREAKOUT_HIGH
2026-09-19T07:17:15.575218+00:00,SIE_FIX_BREAKOUT_QUALITY_R_QUALITY_V1,BNB,BNBUSDT,strategy-lab-v1.0.0:SIE_FIX_BREAKOUT_QUALITY_R_QUALITY_V1,1789783200000,2026-09-19T02:00:00+00:00,762.19,764.36,761.26,761.66,71.30105490938598,758.4805,747.0940335156045,726.4819,5.297857142857148,0.006955672009633101,66.7679837892604,1.499999999999988,False,PLANNED_REWARD_TOO_LOW|CLOSE_NOT_ABOVE_BREAKOUT_HIGH
2026-09-19T07:17:15.575218+00:00,SIE_FIX_BREAKOUT_QUALITY_R_QUALITY_V1,BNB,BNBUSDT,strategy-lab-v1.0.0:SIE_FIX_BREAKOUT_QUALITY_R_QUALITY_V1,1789786800000,2026-09-19T03:00:00+00:00,761.34,762.48,758.54,759.54,53.025830258302555,758.8275,747.7605024396738,726.7091,4.40571428571429,0.005800503312155108,71.30105490938598,1.5,False,CLOSE_NOT_ABOVE_BREAKOUT_HIGH
2026-09-19T07:17:15.575218+00:00,SIE_FIX_BREAKOUT_QUALITY_R_QUALITY_V1,BNB,BNBUSDT,strategy-lab-v1.0.0:SIE_FIX_BREAKOUT_QUALITY_R_QUALITY_V1,1789790400000,2026-09-19T04:00:00+00:00,759.61,767.28,759.13,760.2,50.38971161340617,759.1270000000001,748.2535403849434,726.93625,4.552142857142859,0.005988085842071637,53.025830258302555,1.4999999999999862,False,PLANNED_REWARD_TOO_LOW|CLOSE_NOT_ABOVE_BREAKOUT_HIGH
2026-09-19T07:17:15.575218+00:00,SIE_FIX_BREAKOUT_QUALITY_R_QUALITY_V1,BNB,BNBUSDT,strategy-lab-v1.0.0:SIE_FIX_BREAKOUT_QUALITY_R_QUALITY_V1,1789794000000,2026-09-19T05:00:00+00:00,760.39,764.52,760.37,763.5,62.85824941905495,759.751,749.3897956298375,727.1832499999999,4.324285714285712,0.005663766488913834,50.38971161340617,1.5,False,CLOSE_NOT_ABOVE_BREAKOUT_HIGH
2026-09-19T07:17:15.575218+00:00,SIE_FIX_BREAKOUT_QUALITY_R_QUALITY_V1,BNB,BNBUSDT,strategy-lab-v1.0.0:SIE_FIX_BREAKOUT_QUALITY_R_QUALITY_V1,1789797600000,2026-09-19T06:00:00+00:00,763.68,764.32,756.81,761.71,56.51509361864745,760.234,750.4704014830455,727.4331,4.4950000000000045,0.005901195993225774,62.85824941905495,1.500000000000014,False,CLOSE_NOT_ABOVE_BREAKOUT_HIGH
2026-09-19T07:17:15.575218+00:00,SIE_FIX_BREAKOUT_QUALITY_R_QUALITY_V1,BNB,BNBUSDT,strategy-lab-v1.0.0:SIE_FIX_BREAKOUT_QUALITY_R_QUALITY_V1,1789801200000,2026-09-19T07:00:00+00:00,761.79,762.35,761.13,762.28,52.10437710437711,760.9035,752.618882265893,727.70135,4.2071428571428635,0.005519156815268489,56.51509361864745,1.5,False,CLOSE_NOT_ABOVE_BREAKOUT_HIGH
2026-09-19T07:17:15.575218+00:00,SIE_FIX_BREAKOUT_QUALITY_R_QUALITY_V1,PAXG,PAXGUSDT,strategy-lab-v1.0.0:SIE_FIX_BREAKOUT_QUALITY_R_QUALITY_V1,1789779600000,2026-09-19T01:00:00+00:00,4366.12,4366.84,4361.9,4366.04,47.11280676428115,4370.978999999999,4347.024791267457,4334.50715,11.92642857142859,0.0027316352052268395,45.60790576961465,1.5000000000000424,False,CLOSE_NOT_ABOVE_BREAKOUT_HIGH|RSI_NOT_MOMENTUM_SUPPORTIVE
2026-09-19T07:17:15.575218+00:00,SIE_FIX_BREAKOUT_QUALITY_R_QUALITY_V1,PAXG,PAXGUSDT,strategy-lab-v1.0.0:SIE_FIX_BREAKOUT_QUALITY_R_QUALITY_V1,1789783200000,2026-09-19T02:00:00+00:00,4365.46,4367.28,4363.9,4365.91,50.313842087875614,4369.814,4347.296444715241,4334.65885,10.327142857142851,0.0023654044304950977,47.11280676428115,1.5000000000000488,False,CLOSE_NOT_ABOVE_BREAKOUT_HIGH
2026-09-19T07:17:15.575218+00:00,SIE_FIX_BREAKOUT_QUALITY_R_QUALITY_V1,PAXG,PAXGUSDT,strategy-lab-v1.0.0:SIE_FIX_BREAKOUT_QUALITY_R_QUALITY_V1,1789786800000,2026-09-19T03:00:00+00:00,4365.91,4368.42,4365.76,4368.03,66.0906828863695,4368.8045,4347.927615677808,4334.8728,8.890000000000002,0.002035242431943005,50.313842087875614,1.5,False,CLOSE_NOT_ABOVE_BREAKOUT_HIGH
2026-09-19T07:17:15.575218+00:00,SIE_FIX_BREAKOUT_QUALITY_R_QUALITY_V1,PAXG,PAXGUSDT,strategy-lab-v1.0.0:SIE_FIX_BREAKOUT_QUALITY_R_QUALITY_V1,1789790400000,2026-09-19T04:00:00+00:00,4368.15,4369.18,4367.66,4369.05,64.44927536231883,4367.8865,4348.8273150488485,4335.09765,7.932857142857172,0.0018156938334093617,66.0906828863695,1.5,False,CLOSE_NOT_ABOVE_BREAKOUT_HIGH
2026-09-19T07:17:15.575218+00:00,SIE_FIX_BREAKOUT_QUALITY_R_QUALITY_V1,PAXG,PAXGUSDT,strategy-lab-v1.0.0:SIE_FIX_BREAKOUT_QUALITY_R_QUALITY_V1,1789794000000,2026-09-19T05:00:00+00:00,4369.04,4369.04,4365.52,4366.18,60.85155022146032,4367.689,4348.645043583274,4335.3071,7.52214285714282,0.0017228201441861811,64.44927536231883,1.4999999999999327,False,PLANNED_REWARD_TOO_LOW|CLOSE_NOT_ABOVE_BREAKOUT_HIGH
2026-09-19T07:17:15.575218+00:00,SIE_FIX_BREAKOUT_QUALITY_R_QUALITY_V1,PAXG,PAXGUSDT,strategy-lab-v1.0.0:SIE_FIX_BREAKOUT_QUALITY_R_QUALITY_V1,1789797600000,2026-09-19T06:00:00+00:00,4365.64,4366.74,4362.34,4363.47,34.57192524989199,4367.117,4348.288963352432,4335.5086,5.917857142857104,0.0013562273014039521,60.85155022146032,1.5,False,CLOSE_NOT_ABOVE_BREAKOUT_HIGH|RSI_NOT_MOMENTUM_SUPPORTIVE
2026-09-19T07:17:15.575218+00:00,SIE_FIX_BREAKOUT_QUALITY_R_QUALITY_V1,PAXG,PAXGUSDT,strategy-lab-v1.0.0:SIE_FIX_BREAKOUT_QUALITY_R_QUALITY_V1,1789801200000,2026-09-19T07:00:00+00:00,4363.47,4364.65,4363.28,4363.28,19.8412698412712,4366.6990000000005,4347.920046993984,4335.715200000001,5.059285714285709,0.0011595143365279582,34.57192524989199,1.5,False,CLOSE_NOT_ABOVE_BREAKOUT_HIGH|RSI_NOT_MOMENTUM_SUPPORTIVE
2026-09-19T12:27:54.502896+00:00,SIE_FIX_BREAKOUT_QUALITY_R_QUALITY_V1,BTC,BTCUSDT,strategy-lab-v1.0.0:SIE_FIX_BREAKOUT_QUALITY_R_QUALITY_V1,1789804800000,2026-09-19T08:00:00+00:00,81073.15,81385.55,81039.0,81297.65,57.15861239221977,81031.12700000001,80416.9816570649,77415.53964999999,353.52214285714166,0.00434849153520602,51.61078534761849,1.5000000000000229,False,CLOSE_NOT_ABOVE_BREAKOUT_HIGH
2026-09-19T12:27:54.502896+00:00,SIE_FIX_BREAKOUT_QUALITY_R_QUALITY_V1,BTC,BTCUSDT,strategy-lab-v1.0.0:SIE_FIX_BREAKOUT_QUALITY_R_QUALITY_V1,1789808400000,2026-09-19T09:00:00+00:00,81297.66,81499.81,81219.01,81298.84,52.263752884206276,81094.96650000001,80680.76926812134,77437.28835,337.6142857142851,0.004152756493380288,57.15861239221977,1.5,False,CLOSE_NOT_ABOVE_BREAKOUT_HIGH
2026-09-19T12:27:54.502896+00:00,SIE_FIX_BREAKOUT_QUALITY_R_QUALITY_V1,BTC,BTCUSDT,strategy-lab-v1.0.0:SIE_FIX_BREAKOUT_QUALITY_R_QUALITY_V1,1789812000000,2026-09-19T10:00:00+00:00,81298.84,81308.96,81165.11,81189.6,51.9122184807242,81108.9985,80702.00565601382,77459.168,325.88142857142833,0.004013832172734295,52.263752884206276,1.5,False,CLOSE_NOT_ABOVE_BREAKOUT_HIGH
2026-09-19T12:27:54.502896+00:00,SIE_FIX_BREAKOUT_QUALITY_R_QUALITY_V1,BTC,BTCUSDT,strategy-lab-v1.0.0:SIE_FIX_BREAKOUT_QUALITY_R_QUALITY_V1,1789815600000,2026-09-19T11:00:00+00:00,81189.6,81350.0,81175.12,81280.0,51.2170411741785,81137.9675,80770.84345289876,77481.2363,323.0978571428568,0.003975121273903258,51.9122184807242,1.5,False,CLOSE_NOT_ABOVE_BREAKOUT_HIGH
2026-09-19T12:27:54.502896+00:00,SIE_FIX_BREAKOUT_QUALITY_R_QUALITY_V1,BTC,BTCUSDT,strategy-lab-v1.0.0:SIE_FIX_BREAKOUT_QUALITY_R_QUALITY_V1,1789819200000,2026-09-19T12:00:00+00:00,81280.0,81342.15,81188.01,81251.46,52.62394626215,81159.3375,80819.01135619084,77502.06360000001,312.5228571428566,0.003846366048596008,51.2170411741785,1.4999999999999742,False,PLANNED_REWARD_TOO_LOW|CLOSE_NOT_ABOVE_BREAKOUT_HIGH
2026-09-19T12:27:54.502896+00:00,SIE_FIX_BREAKOUT_QUALITY_R_QUALITY_V1,BNB,BNBUSDT,strategy-lab-v1.0.0:SIE_FIX_BREAKOUT_QUALITY_R_QUALITY_V1,1789804800000,2026-09-19T08:00:00+00:00,760.8,766.96,760.08,765.85,52.89382905327709,761.8265,756.8482542245976,727.9561500000001,4.472142857142866,0.00583945009746408,49.00414937759333,1.5000000000000142,False,CLOSE_NOT_ABOVE_BREAKOUT_HIGH
2026-09-19T12:27:54.502896+00:00,SIE_FIX_BREAKOUT_QUALITY_R_QUALITY_V1,BNB,BNBUSDT,strategy-lab-v1.0.0:SIE_FIX_BREAKOUT_QUALITY_R_QUALITY_V1,1789808400000,2026-09-19T09:00:00+00:00,765.98,769.68,764.33,766.56,50.977263661746896,762.2595,757.2166140206906,728.2241500000001,4.554285714285721,0.005941199272445369,52.89382905327709,1.4999999999999862,False,PLANNED_REWARD_TOO_LOW|CLOSE_NOT_ABOVE_BREAKOUT_HIGH
2026-09-19T12:27:54.502896+00:00,SIE_FIX_BREAKOUT_QUALITY_R_QUALITY_V1,BNB,BNBUSDT,strategy-lab-v1.0.0:SIE_FIX_BREAKOUT_QUALITY_R_QUALITY_V1,1789812000000,2026-09-19T10:00:00+00:00,766.32,767.48,764.89,764.98,53.13929313929313,762.5085,757.4447216675376,728.4957,4.500714285714301,0.005883440463429503,50.977263661746896,1.499999999999986,False,PLANNED_REWARD_TOO_LOW|CLOSE_NOT_ABOVE_BREAKOUT_HIGH
2026-09-19T12:27:54.502896+00:00,SIE_FIX_BREAKOUT_QUALITY_R_QUALITY_V1,BNB,BNBUSDT,strategy-lab-v1.0.0:SIE_FIX_BREAKOUT_QUALITY_R_QUALITY_V1,1789815600000,2026-09-19T11:00:00+00:00,764.88,767.99,764.56,767.65,57.439577039274845,763.048,758.2123507157446,728.7740000000001,4.619285714285728,0.006017437262145155,53.13929313929313,1.5,False,CLOSE_NOT_ABOVE_BREAKOUT_HIGH
2026-09-19T12:27:54.502896+00:00,SIE_FIX_BREAKOUT_QUALITY_R_QUALITY_V1,BNB,BNBUSDT,strategy-lab-v1.0.0:SIE_FIX_BREAKOUT_QUALITY_R_QUALITY_V1,1789819200000,2026-09-19T12:00:00+00:00,767.45,768.72,766.92,768.72,58.65737344093915,763.5690000000001,758.6472771308897,729.0357,4.532142857142877,0.005895700459390776,57.439577039274845,1.5,False,CLOSE_NOT_ABOVE_BREAKOUT_HIGH
2026-09-19T12:27:54.502896+00:00,SIE_FIX_BREAKOUT_QUALITY_R_QUALITY_V1,PAXG,PAXGUSDT,strategy-lab-v1.0.0:SIE_FIX_BREAKOUT_QUALITY_R_QUALITY_V1,1789804800000,2026-09-19T08:00:00+00:00,4363.31,4364.25,4362.12,4362.61,28.04786836200526,4366.546,4347.677954632179,4335.83415,4.317142857142828,0.000989577995086159,19.669551534226414,1.500000000000117,False,CLOSE_NOT_ABOVE_BREAKOUT_HIGH|RSI_NOT_MOMENTUM_SUPPORTIVE
2026-09-19T12:27:54.502896+00:00,SIE_FIX_BREAKOUT_QUALITY_R_QUALITY_V1,PAXG,PAXGUSDT,strategy-lab-v1.0.0:SIE_FIX_BREAKOUT_QUALITY_R_QUALITY_V1,1789808400000,2026-09-19T09:00:00+00:00,4364.02,4365.77,4362.23,4364.22,37.78515138946737,4367.5195,4351.448368770301,4335.970899999999,3.8035714285714284,0.0008715352178788943,28.04786836200526,1.5,False,CLOSE_NOT_ABOVE_BREAKOUT_HIGH|RSI_NOT_MOMENTUM_SUPPORTIVE
2026-09-19T12:27:54.502896+00:00,SIE_FIX_BREAKOUT_QUALITY_R_QUALITY_V1,PAXG,PAXGUSDT,strategy-lab-v1.0.0:SIE_FIX_BREAKOUT_QUALITY_R_QUALITY_V1,1789812000000,2026-09-19T10:00:00+00:00,4362.88,4366.2,4362.88,4364.53,37.39565943238836,4368.2905,4354.509753322036,4336.14595,3.5621428571428493,0.0008161572625558421,37.78515138946737,1.5000000000001419,False,CLOSE_NOT_ABOVE_BREAKOUT_HIGH|RSI_NOT_MOMENTUM_SUPPORTIVE
2026-09-19T12:27:54.502896+00:00,SIE_FIX_BREAKOUT_QUALITY_R_QUALITY_V1,PAXG,PAXGUSDT,strategy-lab-v1.0.0:SIE_FIX_BREAKOUT_QUALITY_R_QUALITY_V1,1789815600000,2026-09-19T11:00:00+00:00,4363.16,4366.32,4363.16,4364.78,29.709465791942222,4368.98,4357.551500535843,4336.4087,3.5135714285714648,0.0008049824798893564,37.39565943238836,1.5,False,CLOSE_NOT_ABOVE_BREAKOUT_HIGH|RSI_NOT_MOMENTUM_SUPPORTIVE
2026-09-19T12:27:54.502896+00:00,SIE_FIX_BREAKOUT_QUALITY_R_QUALITY_V1,PAXG,PAXGUSDT,strategy-lab-v1.0.0:SIE_FIX_BREAKOUT_QUALITY_R_QUALITY_V1,1789819200000,2026-09-19T12:00:00+00:00,4366.03,4366.57,4364.87,4366.57,32.12669683257897,4368.425,4357.680843448544,4336.549849999999,3.422857142857148,0.0007838777674140454,29.709465791942222,1.4999999999998523,False,PLANNED_REWARD_TOO_LOW|CLOSE_NOT_ABOVE_BREAKOUT_HIGH|RSI_NOT_MOMENTUM_SUPPORTIVE
2026-09-19T17:12:43.192028+00:00,SIE_FIX_BREAKOUT_QUALITY_R_QUALITY_V1,BTC,BTCUSDT,strategy-lab-v1.0.0:SIE_FIX_BREAKOUT_QUALITY_R_QUALITY_V1,1789822800000,2026-09-19T13:00:00+00:00,81309.99,81335.99,81145.88,81323.5,61.1865539846146,81178.70700000001,80836.46744914558,77522.84735,301.4235714285699,0.0037064756365450323,53.92326842713613,1.5000000000000269,False,CLOSE_NOT_ABOVE_BREAKOUT_HIGH
2026-09-19T17:12:43.192028+00:00,SIE_FIX_BREAKOUT_QUALITY_R_QUALITY_V1,BTC,BTCUSDT,strategy-lab-v1.0.0:SIE_FIX_BREAKOUT_QUALITY_R_QUALITY_V1,1789826400000,2026-09-19T14:00:00+00:00,81324.88,81606.0,81305.92,81554.89,46.465556985281545,81210.133,80851.3218047328,77544.29625000001,263.0349999999983,0.003225251116150096,61.1865539846146,1.5,False,CLOSE_NOT_ABOVE_BREAKOUT_HIGH|RSI_NOT_MOMENTUM_SUPPORTIVE
2026-09-19T17:12:43.192028+00:00,SIE_FIX_BREAKOUT_QUALITY_R_QUALITY_V1,BTC,BTCUSDT,strategy-lab-v1.0.0:SIE_FIX_BREAKOUT_QUALITY_R_QUALITY_V1,1789830000000,2026-09-19T15:00:00+00:00,81554.89,81925.0,81531.4,81626.45,66.10811624222166,81231.78199999999,80829.93726029435,77566.43085,241.86285714285623,0.0029630451543936585,46.465556985281545,1.5,False,CLOSE_NOT_ABOVE_BREAKOUT_HIGH
2026-09-19T17:12:43.192028+00:00,SIE_FIX_BREAKOUT_QUALITY_R_QUALITY_V1,BTC,BTCUSDT,strategy-lab-v1.0.0:SIE_FIX_BREAKOUT_QUALITY_R_QUALITY_V1,1789833600000,2026-09-19T16:00:00+00:00,81626.45,81889.17,81441.37,81813.35,70.61685570887028,81267.45,80797.81097755283,77588.81225,259.6392857142855,0.003173556463759099,66.10811624222166,1.499999999999969,False,PLANNED_REWARD_TOO_LOW|CLOSE_NOT_ABOVE_BREAKOUT_HIGH
2026-09-19T17:12:43.192028+00:00,SIE_FIX_BREAKOUT_QUALITY_R_QUALITY_V1,BTC,BTCUSDT,strategy-lab-v1.0.0:SIE_FIX_BREAKOUT_QUALITY_R_QUALITY_V1,1789837200000,2026-09-19T17:00:00+00:00,81813.35,81829.76,81742.5,81742.5,76.49679940144722,81293.386,80780.91825102338,77612.49495000001,245.37142857142837,0.0030017607556831315,70.61685570887028,1.5,False,CLOSE_NOT_ABOVE_BREAKOUT_HIGH
2026-09-19T17:12:43.192028+00:00,SIE_FIX_BREAKOUT_QUALITY_R_QUALITY_V1,BNB,BNBUSDT,strategy-lab-v1.0.0:SIE_FIX_BREAKOUT_QUALITY_R_QUALITY_V1,1789822800000,2026-09-19T13:00:00+00:00,772.95,772.95,768.37,769.44,62.52319109461969,764.1885,757.7988105709024,729.3217999999999,4.897142857142869,0.0063645545554466484,64.21086059066377,1.5000000000000129,False,CLOSE_NOT_ABOVE_BREAKOUT_HIGH
2026-09-19T17:12:43.192028+00:00,SIE_FIX_BREAKOUT_QUALITY_R_QUALITY_V1,BNB,BNBUSDT,strategy-lab-v1.0.0:SIE_FIX_BREAKOUT_QUALITY_R_QUALITY_V1,1789826400000,2026-09-19T14:00:00+00:00,769.3,772.8,769.04,769.78,59.800995024875576,764.4604999999999,757.6208670419879,729.59585,4.846428571428581,0.006295861897462368,62.52319109461969,1.500000000000013,False,CLOSE_NOT_ABOVE_BREAKOUT_HIGH
2026-09-19T17:12:43.192028+00:00,SIE_FIX_BREAKOUT_QUALITY_R_QUALITY_V1,BNB,BNBUSDT,strategy-lab-v1.0.0:SIE_FIX_BREAKOUT_QUALITY_R_QUALITY_V1,1789830000000,2026-09-19T15:00:00+00:00,770.11,771.26,766.48,766.81,57.45697896749514,764.4975000000001,757.615564589062,729.86175,4.848571428571437,0.006323041468644693,59.800995024875576,1.500000000000013,False,CLOSE_NOT_ABOVE_BREAKOUT_HIGH
2026-09-19T17:12:43.192028+00:00,SIE_FIX_BREAKOUT_QUALITY_R_QUALITY_V1,BNB,BNBUSDT,strategy-lab-v1.0.0:SIE_FIX_BREAKOUT_QUALITY_R_QUALITY_V1,1789833600000,2026-09-19T16:00:00+00:00,766.68,768.4,764.63,768.16,60.07439553626783,764.7320000000001,757.6883713896655,730.1311999999999,4.896428571428577,0.006374230071116144,57.45697896749514,1.5000000000000129,False,CLOSE_NOT_ABOVE_BREAKOUT_HIGH
2026-09-19T17:12:43.192028+00:00,SIE_FIX_BREAKOUT_QUALITY_R_QUALITY_V1,BNB,BNBUSDT,strategy-lab-v1.0.0:SIE_FIX_BREAKOUT_QUALITY_R_QUALITY_V1,1789837200000,2026-09-19T17:00:00+00:00,767.96,768.74,767.87,768.65,64.87104146261836,764.979,757.7519732254318,730.4113000000001,4.677142857142859,0.0060848797985336095,60.07439553626783,1.5,False,CLOSE_NOT_ABOVE_BREAKOUT_HIGH
2026-09-19T17:12:43.192028+00:00,SIE_FIX_BREAKOUT_QUALITY_R_QUALITY_V1,PAXG,PAXGUSDT,strategy-lab-v1.0.0:SIE_FIX_BREAKOUT_QUALITY_R_QUALITY_V1,1789822800000,2026-09-19T13:00:00+00:00,4366.54,4366.54,4364.71,4365.75,40.585533869117214,4367.407,4360.307326486222,4336.6274,3.0657142857142907,0.0007022193862942887,32.03443588581844,1.5,False,CLOSE_NOT_ABOVE_BREAKOUT_HIGH|RSI_NOT_MOMENTUM_SUPPORTIVE
2026-09-19T17:12:43.192028+00:00,SIE_FIX_BREAKOUT_QUALITY_R_QUALITY_V1,PAXG,PAXGUSDT,strategy-lab-v1.0.0:SIE_FIX_BREAKOUT_QUALITY_R_QUALITY_V1,1789826400000,2026-09-19T14:00:00+00:00,4365.8,4366.57,4363.77,4366.57,51.50130548302878,4367.018,4360.669839321328,4336.67705,2.982142857142857,0.0006829485974444146,40.585533869117214,1.5,False,CLOSE_NOT_ABOVE_BREAKOUT_HIGH
2026-09-19T17:12:43.192028+00:00,SIE_FIX_BREAKOUT_QUALITY_R_QUALITY_V1,PAXG,PAXGUSDT,strategy-lab-v1.0.0:SIE_FIX_BREAKOUT_QUALITY_R_QUALITY_V1,1789830000000,2026-09-19T15:00:00+00:00,4366.58,4367.41,4365.03,4366.73,52.23880597014784,4366.849,4360.661157403244,4336.7628,2.7992857142856855,0.0006410484995146679,51.50130548302878,1.5,False,CLOSE_NOT_ABOVE_BREAKOUT_HIGH
2026-09-19T17:12:43.192028+00:00,SIE_FIX_BREAKOUT_QUALITY_R_QUALITY_V1,PAXG,PAXGUSDT,strategy-lab-v1.0.0:SIE_FIX_BREAKOUT_QUALITY_R_QUALITY_V1,1789833600000,2026-09-19T16:00:00+00:00,4366.73,4367.53,4364.45,4367.53,55.03731343283521,4366.696999999999,4360.737086913197,4336.841100000001,2.7778571428571013,0.0006360247423273799,52.23880597014784,1.4999999999998181,False,PLANNED_REWARD_TOO_LOW|CLOSE_NOT_ABOVE_BREAKOUT_HIGH
2026-09-19T17:12:43.192028+00:00,SIE_FIX_BREAKOUT_QUALITY_R_QUALITY_V1,PAXG,PAXGUSDT,strategy-lab-v1.0.0:SIE_FIX_BREAKOUT_QUALITY_R_QUALITY_V1,1789837200000,2026-09-19T17:00:00+00:00,4366.63,4366.63,4365.21,4366.49,44.86666666666709,4366.3495,4361.255140471833,4336.93725,2.7535714285713766,0.0006306143901786966,55.03731343283521,1.5000000000001834,False,CLOSE_NOT_ABOVE_BREAKOUT_HIGH|RSI_NOT_MOMENTUM_SUPPORTIVE
2026-09-19T20:32:52.102821+00:00,SIE_FIX_BREAKOUT_QUALITY_R_QUALITY_V1,BTC,BTCUSDT,strategy-lab-v1.0.0:SIE_FIX_BREAKOUT_QUALITY_R_QUALITY_V1,1789840800000,2026-09-19T18:00:00+00:00,81437.1,81521.99,81308.01,81412.24,64.32441123220087,81292.05350000001,80818.64240404198,77633.19595,261.510000000001,0.00321217055322395,61.00775707750507,1.5,False,CLOSE_NOT_ABOVE_BREAKOUT_HIGH
2026-09-19T20:32:52.102821+00:00,SIE_FIX_BREAKOUT_QUALITY_R_QUALITY_V1,BTC,BTCUSDT,strategy-lab-v1.0.0:SIE_FIX_BREAKOUT_QUALITY_R_QUALITY_V1,1789844400000,2026-09-19T19:00:00+00:00,81412.24,81445.33,81281.2,81345.02,60.91320060095037,81315.5525,80882.32012360114,77654.9247,263.1985714285734,0.003235583093206854,64.32441123220087,1.5000000000000306,False,CLOSE_NOT_ABOVE_BREAKOUT_HIGH
2026-09-19T20:32:52.102821+00:00,SIE_FIX_BREAKOUT_QUALITY_R_QUALITY_V1,BTC,BTCUSDT,strategy-lab-v1.0.0:SIE_FIX_BREAKOUT_QUALITY_R_QUALITY_V1,1789848000000,2026-09-19T20:00:00+00:00,81342.96,81414.01,81230.01,81239.75,56.8445534292289,81294.65900000001,80890.071175812,77671.16915,259.66785714285965,0.0031963153153826748,60.91320060095037,1.5,False,CLOSE_NOT_ABOVE_BREAKOUT_HIGH
2026-09-19T20:32:52.102821+00:00,SIE_FIX_BREAKOUT_QUALITY_R_QUALITY_V1,BNB,BNBUSDT,strategy-lab-v1.0.0:SIE_FIX_BREAKOUT_QUALITY_R_QUALITY_V1,1789840800000,2026-09-19T18:00:00+00:00,762.6,763.92,761.28,763.44,54.507512520868154,764.647,757.5381010697646,730.63605,4.714999999999999,0.0061759928743581665,54.240134340890144,1.5,False,CLOSE_NOT_ABOVE_BREAKOUT_HIGH
2026-09-19T20:32:52.102821+00:00,SIE_FIX_BREAKOUT_QUALITY_R_QUALITY_V1,BNB,BNBUSDT,strategy-lab-v1.0.0:SIE_FIX_BREAKOUT_QUALITY_R_QUALITY_V1,1789844400000,2026-09-19T19:00:00+00:00,763.6,763.91,762.49,762.95,49.16993661334144,764.7275000000001,757.7347012040741,730.8860500000001,4.5078571428571435,0.005908456835778417,54.507512520868154,1.499999999999986,False,PLANNED_REWARD_TOO_LOW|CLOSE_NOT_ABOVE_BREAKOUT_HIGH|RSI_NOT_MOMENTUM_SUPPORTIVE
2026-09-19T20:32:52.102821+00:00,SIE_FIX_BREAKOUT_QUALITY_R_QUALITY_V1,BNB,BNBUSDT,strategy-lab-v1.0.0:SIE_FIX_BREAKOUT_QUALITY_R_QUALITY_V1,1789848000000,2026-09-19T20:00:00+00:00,762.9,763.12,760.56,762.04,50.51162790697664,764.636,757.5534004772044,731.0794999999999,4.154285714285712,0.005451532353007339,49.16993661334144,1.5,False,CLOSE_NOT_ABOVE_BREAKOUT_HIGH
2026-09-19T20:32:52.102821+00:00,SIE_FIX_BREAKOUT_QUALITY_R_QUALITY_V1,PAXG,PAXGUSDT,strategy-lab-v1.0.0:SIE_FIX_BREAKOUT_QUALITY_R_QUALITY_V1,1789840800000,2026-09-19T18:00:00+00:00,4364.21,4365.61,4364.21,4365.16,39.09141895681395,4365.7545,4362.173028374811,4337.044150000001,2.9349999999999454,0.0006723693976852957,38.26037521318971,1.5,False,CLOSE_NOT_ABOVE_BREAKOUT_HIGH|RSI_NOT_MOMENTUM_SUPPORTIVE
2026-09-19T20:32:52.102821+00:00,SIE_FIX_BREAKOUT_QUALITY_R_QUALITY_V1,PAXG,PAXGUSDT,strategy-lab-v1.0.0:SIE_FIX_BREAKOUT_QUALITY_R_QUALITY_V1,1789844400000,2026-09-19T19:00:00+00:00,4364.82,4365.16,4362.78,4363.63,42.268041237113174,4365.4845000000005,4362.124104338471,4337.1787,2.8528571428571143,0.0006537807153349652,39.09141895681395,1.5,False,CLOSE_NOT_ABOVE_BREAKOUT_HIGH|RSI_NOT_MOMENTUM_SUPPORTIVE
2026-09-19T20:32:52.102821+00:00,SIE_FIX_BREAKOUT_QUALITY_R_QUALITY_V1,PAXG,PAXGUSDT,strategy-lab-v1.0.0:SIE_FIX_BREAKOUT_QUALITY_R_QUALITY_V1,1789848000000,2026-09-19T20:00:00+00:00,4364.46,4364.6,4363.22,4364.4,53.19587628865762,4365.398999999999,4362.0196515417865,4337.028600000001,2.6371428571428623,0.0006042394961834072,42.268041237113174,1.4999999999998084,False,PLANNED_REWARD_TOO_LOW|CLOSE_NOT_ABOVE_BREAKOUT_HIGH
2026-09-20T00:05:48.912827+00:00,SIE_FIX_BREAKOUT_QUALITY_R_QUALITY_V1,BTC,BTCUSDT,strategy-lab-v1.0.0:SIE_FIX_BREAKOUT_QUALITY_R_QUALITY_V1,1789851600000,2026-09-19T21:00:00+00:00,81129.99,81200.0,80869.6,81063.73,49.72428730316694,81279.1505,80857.11165038517,77679.81195,281.2585714285732,0.00346959819673451,53.10566340749174,1.5,False,CLOSE_NOT_ABOVE_BREAKOUT_HIGH|RSI_NOT_MOMENTUM_SUPPORTIVE
2026-09-20T00:05:48.912827+00:00,SIE_FIX_BREAKOUT_QUALITY_R_QUALITY_V1,BTC,BTCUSDT,strategy-lab-v1.0.0:SIE_FIX_BREAKOUT_QUALITY_R_QUALITY_V1,1789855200000,2026-09-19T22:00:00+00:00,81063.73,81247.23,80916.67,81232.47,48.02788434773159,81276.9715,80854.44139501787,77692.08975,280.11642857142994,0.003448330803820565,49.72428730316694,1.4999999999999711,False,PLANNED_REWARD_TOO_LOW|CLOSE_NOT_ABOVE_BREAKOUT_HIGH|RSI_NOT_MOMENTUM_SUPPORTIVE
2026-09-20T00:05:48.912827+00:00,SIE_FIX_BREAKOUT_QUALITY_R_QUALITY_V1,BTC,BTCUSDT,strategy-lab-v1.0.0:SIE_FIX_BREAKOUT_QUALITY_R_QUALITY_V1,1789858800000,2026-09-19T23:00:00+00:00,81232.47,81340.8,81185.28,81233.91,48.03574561801582,81283.41500000001,80867.6934763027,77709.78755,271.1678571428586,0.0033381115982581487,48.02788434773159,1.5,False,CLOSE_NOT_ABOVE_BREAKOUT_HIGH|RSI_NOT_MOMENTUM_SUPPORTIVE
2026-09-20T00:05:48.912827+00:00,SIE_FIX_BREAKOUT_QUALITY_R_QUALITY_V1,BTC,BTCUSDT,strategy-lab-v1.0.0:SIE_FIX_BREAKOUT_QUALITY_R_QUALITY_V1,1789862400000,2026-09-20T00:00:00+00:00,81233.91,81240.0,81196.5,81217.89,50.90698077034032,81294.189,80897.41953030604,77726.40980000001,264.000000000001,0.0032505153729061546,48.03574561801582,1.5,False,CLOSE_NOT_ABOVE_BREAKOUT_HIGH
2026-09-20T00:05:48.912827+00:00,SIE_FIX_BREAKOUT_QUALITY_R_QUALITY_V1,BNB,BNBUSDT,strategy-lab-v1.0.0:SIE_FIX_BREAKOUT_QUALITY_R_QUALITY_V1,1789851600000,2026-09-19T21:00:00+00:00,761.97,762.11,756.09,759.57,48.18101153504894,764.4939999999999,757.127463771872,731.19225,4.371428571428567,0.005755135894556876,50.07685213648933,1.4999999999999856,False,PLANNED_REWARD_TOO_LOW|CLOSE_NOT_ABOVE_BREAKOUT_HIGH|RSI_NOT_MOMENTUM_SUPPORTIVE
2026-09-20T00:05:48.912827+00:00,SIE_FIX_BREAKOUT_QUALITY_R_QUALITY_V1,BNB,BNBUSDT,strategy-lab-v1.0.0:SIE_FIX_BREAKOUT_QUALITY_R_QUALITY_V1,1789855200000,2026-09-19T22:00:00+00:00,759.26,761.52,757.54,761.41,42.74509803921552,764.4815,757.0949493164725,731.33375,4.164285714285711,0.005469176546519892,48.18101153504894,1.5,False,CLOSE_NOT_ABOVE_BREAKOUT_HIGH|RSI_NOT_MOMENTUM_SUPPORTIVE
2026-09-20T00:05:48.912827+00:00,SIE_FIX_BREAKOUT_QUALITY_R_QUALITY_V1,BNB,BNBUSDT,strategy-lab-v1.0.0:SIE_FIX_BREAKOUT_QUALITY_R_QUALITY_V1,1789858800000,2026-09-19T23:00:00+00:00,761.76,763.44,761.59,761.76,42.06349206349208,764.5925,757.4434108971617,731.4977500000001,3.9271428571428664,0.00515535451735831,42.74509803921552,1.5,False,CLOSE_NOT_ABOVE_BREAKOUT_HIGH|RSI_NOT_MOMENTUM_SUPPORTIVE
2026-09-20T00:05:48.912827+00:00,SIE_FIX_BREAKOUT_QUALITY_R_QUALITY_V1,BNB,BNBUSDT,strategy-lab-v1.0.0:SIE_FIX_BREAKOUT_QUALITY_R_QUALITY_V1,1789862400000,2026-09-20T00:00:00+00:00,761.79,761.79,761.52,761.52,44.01384083044973,764.6585,757.6498417118308,731.65355,3.7614285714285773,0.004939369381537684,42.06349206349208,1.5000000000000169,False,CLOSE_NOT_ABOVE_BREAKOUT_HIGH|RSI_NOT_MOMENTUM_SUPPORTIVE
2026-09-20T00:05:48.912827+00:00,SIE_FIX_BREAKOUT_QUALITY_R_QUALITY_V1,PAXG,PAXGUSDT,strategy-lab-v1.0.0:SIE_FIX_BREAKOUT_QUALITY_R_QUALITY_V1,1789851600000,2026-09-19T21:00:00+00:00,4364.23,4365.43,4363.05,4363.92,53.25721961047762,4365.221,4361.665902813996,4336.83885,2.659285714285748,0.0006093800331549955,48.23529411764639,1.5,False,CLOSE_NOT_ABOVE_BREAKOUT_HIGH
2026-09-20T00:05:48.912827+00:00,SIE_FIX_BREAKOUT_QUALITY_R_QUALITY_V1,PAXG,PAXGUSDT,strategy-lab-v1.0.0:SIE_FIX_BREAKOUT_QUALITY_R_QUALITY_V1,1789855200000,2026-09-19T22:00:00+00:00,4363.92,4366.19,4363.37,4366.19,60.64209274673004,4365.235,4361.666978138809,4336.8019,2.708571428571434,0.0006203512509926123,53.25721961047762,1.5000000000001865,False,CLOSE_NOT_ABOVE_BREAKOUT_HIGH
2026-09-20T00:05:48.912827+00:00,SIE_FIX_BREAKOUT_QUALITY_R_QUALITY_V1,PAXG,PAXGUSDT,strategy-lab-v1.0.0:SIE_FIX_BREAKOUT_QUALITY_R_QUALITY_V1,1789858800000,2026-09-19T23:00:00+00:00,4366.19,4366.21,4364.62,4365.73,54.818123803444124,4365.12,4361.778670922831,4336.77135,2.5692857142856673,0.0005885122795696637,60.64209274673004,1.5,False,CLOSE_NOT_ABOVE_BREAKOUT_HIGH
2026-09-20T00:05:48.912827+00:00,SIE_FIX_BREAKOUT_QUALITY_R_QUALITY_V1,PAXG,PAXGUSDT,strategy-lab-v1.0.0:SIE_FIX_BREAKOUT_QUALITY_R_QUALITY_V1,1789862400000,2026-09-20T00:00:00+00:00,4365.77,4365.77,4364.04,4364.04,48.56304985337301,4364.8695,4362.030877270237,4336.77075,2.4557142857142935,0.0005627158059308104,54.818123803444124,1.5000000000002058,False,CLOSE_NOT_ABOVE_BREAKOUT_HIGH|RSI_NOT_MOMENTUM_SUPPORTIVE
2026-09-20T04:48:56.433424+00:00,SIE_FIX_BREAKOUT_QUALITY_R_QUALITY_V1,BTC,BTCUSDT,strategy-lab-v1.0.0:SIE_FIX_BREAKOUT_QUALITY_R_QUALITY_V1,1789866000000,2026-09-20T01:00:00+00:00,81261.98,81281.78,81000.0,81071.71,43.78175695443737,81298.9375,80909.71463808129,77744.47125,277.9028571428581,0.003427864752610474,52.353348715112524,1.500000000000029,False,CLOSE_NOT_ABOVE_BREAKOUT_HIGH|RSI_NOT_MOMENTUM_SUPPORTIVE
2026-09-20T04:48:56.433424+00:00,SIE_FIX_BREAKOUT_QUALITY_R_QUALITY_V1,BTC,BTCUSDT,strategy-lab-v1.0.0:SIE_FIX_BREAKOUT_QUALITY_R_QUALITY_V1,1789869600000,2026-09-20T02:00:00+00:00,81071.71,81131.5,80220.45,80305.44,29.16830837249229,81263.052,80689.86872453816,77760.82854999999,331.47714285714443,0.004127704709134828,43.78175695443737,1.5000000000000244,False,CLOSE_NOT_ABOVE_BREAKOUT_HIGH|RSI_NOT_MOMENTUM_SUPPORTIVE
2026-09-20T04:48:56.433424+00:00,SIE_FIX_BREAKOUT_QUALITY_R_QUALITY_V1,BTC,BTCUSDT,strategy-lab-v1.0.0:SIE_FIX_BREAKOUT_QUALITY_R_QUALITY_V1,1789873200000,2026-09-20T03:00:00+00:00,80303.45,80498.62,80085.0,80458.82,33.05200354373633,81232.33550000002,80563.8219834395,77776.83585,347.44214285714406,0.004318260482283285,29.16830837249229,1.5,False,CLOSE_NOT_ABOVE_BREAKOUT_HIGH|RSI_NOT_MOMENTUM_SUPPORTIVE
2026-09-20T04:48:56.433424+00:00,SIE_FIX_BREAKOUT_QUALITY_R_QUALITY_V1,BTC,BTCUSDT,strategy-lab-v1.0.0:SIE_FIX_BREAKOUT_QUALITY_R_QUALITY_V1,1789876800000,2026-09-20T04:00:00+00:00,80459.85,80500.0,80304.0,80331.85,25.004904845988094,81184.0455,80410.1564538286,77791.9653,340.0078571428582,0.0042325411047157285,33.05200354373633,1.5000000000000238,False,CLOSE_NOT_ABOVE_BREAKOUT_HIGH|RSI_NOT_MOMENTUM_SUPPORTIVE
2026-09-20T04:48:56.433424+00:00,SIE_FIX_BREAKOUT_QUALITY_R_QUALITY_V1,BNB,BNBUSDT,strategy-lab-v1.0.0:SIE_FIX_BREAKOUT_QUALITY_R_QUALITY_V1,1789866000000,2026-09-20T01:00:00+00:00,763.2,763.98,759.32,760.44,38.05895992050359,764.5895,757.4586950664858,731.82665,4.001428571428578,0.00526199117803979,47.0431893687708,1.5,False,CLOSE_NOT_ABOVE_BREAKOUT_HIGH|RSI_NOT_MOMENTUM_SUPPORTIVE
2026-09-20T04:48:56.433424+00:00,SIE_FIX_BREAKOUT_QUALITY_R_QUALITY_V1,BNB,BNBUSDT,strategy-lab-v1.0.0:SIE_FIX_BREAKOUT_QUALITY_R_QUALITY_V1,1789869600000,2026-09-20T02:00:00+00:00,761.04,762.74,746.57,748.11,16.63084363245555,763.9095,753.827076729782,731.9556,4.691428571428576,0.006271041118857622,38.05895992050359,1.5000000000000135,False,CLOSE_NOT_ABOVE_BREAKOUT_HIGH|RSI_NOT_MOMENTUM_SUPPORTIVE
2026-09-20T04:48:56.433424+00:00,SIE_FIX_BREAKOUT_QUALITY_R_QUALITY_V1,BNB,BNBUSDT,strategy-lab-v1.0.0:SIE_FIX_BREAKOUT_QUALITY_R_QUALITY_V1,1789873200000,2026-09-20T03:00:00+00:00,747.74,752.62,745.92,750.05,22.8050490883588,763.3720000000001,751.6680269993548,732.0805499999999,4.842857142857148,0.006456712409648888,16.63084363245555,1.5,False,CLOSE_NOT_ABOVE_BREAKOUT_HIGH|RSI_NOT_MOMENTUM_SUPPORTIVE
2026-09-20T04:48:56.433424+00:00,SIE_FIX_BREAKOUT_QUALITY_R_QUALITY_V1,BNB,BNBUSDT,strategy-lab-v1.0.0:SIE_FIX_BREAKOUT_QUALITY_R_QUALITY_V1,1789876800000,2026-09-20T04:00:00+00:00,749.81,750.26,747.0,747.8,20.740149094781614,762.4694999999999,749.016087830597,732.1894,4.807142857142862,0.006428380392007037,22.8050490883588,1.5,False,CLOSE_NOT_ABOVE_BREAKOUT_HIGH|RSI_NOT_MOMENTUM_SUPPORTIVE
2026-09-20T04:48:56.433424+00:00,SIE_FIX_BREAKOUT_QUALITY_R_QUALITY_V1,PAXG,PAXGUSDT,strategy-lab-v1.0.0:SIE_FIX_BREAKOUT_QUALITY_R_QUALITY_V1,1789866000000,2026-09-20T01:00:00+00:00,4364.25,4365.05,4362.84,4362.84,44.61111111111195,4364.6905,4361.774842440902,4336.7779,2.4621428571428754,0.0005643440642202958,47.888953152112194,1.5000000000002052,False,CLOSE_NOT_ABOVE_BREAKOUT_HIGH|RSI_NOT_MOMENTUM_SUPPORTIVE
2026-09-20T04:48:56.433424+00:00,SIE_FIX_BREAKOUT_QUALITY_R_QUALITY_V1,PAXG,PAXGUSDT,strategy-lab-v1.0.0:SIE_FIX_BREAKOUT_QUALITY_R_QUALITY_V1,1789869600000,2026-09-20T02:00:00+00:00,4362.83,4362.85,4358.98,4359.37,31.811263318111642,4364.485500000001,4360.784611052474,4336.8214,2.5950000000000597,0.0005952694999506946,44.61111111111195,1.4999999999998053,False,PLANNED_REWARD_TOO_LOW|CLOSE_NOT_ABOVE_BREAKOUT_HIGH|RSI_NOT_MOMENTUM_SUPPORTIVE
2026-09-20T04:48:56.433424+00:00,SIE_FIX_BREAKOUT_QUALITY_R_QUALITY_V1,PAXG,PAXGUSDT,strategy-lab-v1.0.0:SIE_FIX_BREAKOUT_QUALITY_R_QUALITY_V1,1789873200000,2026-09-20T03:00:00+00:00,4359.04,4361.16,4358.13,4361.16,38.91839690970464,4364.396,4360.471108154112,4336.8592499999995,2.6807142857143327,0.0006146791875818207,31.811263318111642,1.4999999999998115,False,PLANNED_REWARD_TOO_LOW|CLOSE_NOT_ABOVE_BREAKOUT_HIGH|RSI_NOT_MOMENTUM_SUPPORTIVE
2026-09-20T04:48:56.433424+00:00,SIE_FIX_BREAKOUT_QUALITY_R_QUALITY_V1,PAXG,PAXGUSDT,strategy-lab-v1.0.0:SIE_FIX_BREAKOUT_QUALITY_R_QUALITY_V1,1789876800000,2026-09-20T04:00:00+00:00,4360.58,4361.66,4358.71,4359.64,33.81597384399879,4364.2474999999995,4359.865432565339,4336.88435,2.691428571428657,0.0006173511050060685,38.91839690970464,1.5000000000001876,False,CLOSE_NOT_ABOVE_BREAKOUT_HIGH|RSI_NOT_MOMENTUM_SUPPORTIVE
2026-09-20T11:14:44.391350+00:00,SIE_FIX_BREAKOUT_QUALITY_R_QUALITY_V1,BTC,BTCUSDT,strategy-lab-v1.0.0:SIE_FIX_BREAKOUT_QUALITY_R_QUALITY_V1,1789880400000,2026-09-20T05:00:00+00:00,80395.95,80613.94,80377.51,80456.01,25.31737931150839,81145.1085,80323.41141463567,77809.03465,330.29428571428645,0.004105277973818071,25.67755312763667,1.4999999999999756,False,PLANNED_REWARD_TOO_LOW|CLOSE_NOT_ABOVE_BREAKOUT_HIGH|RSI_NOT_MOMENTUM_SUPPORTIVE
2026-09-20T11:14:44.391350+00:00,SIE_FIX_BREAKOUT_QUALITY_R_QUALITY_V1,BTC,BTCUSDT,strategy-lab-v1.0.0:SIE_FIX_BREAKOUT_QUALITY_R_QUALITY_V1,1789884000000,2026-09-20T06:00:00+00:00,80456.02,80573.62,80178.85,80272.5,17.459526353802644,81099.25349999999,80194.45042963816,77824.7891,326.50642857142833,0.004067475518657427,25.31737931150839,1.5,False,CLOSE_NOT_ABOVE_BREAKOUT_HIGH|RSI_NOT_MOMENTUM_SUPPORTIVE
2026-09-20T11:14:44.391350+00:00,SIE_FIX_BREAKOUT_QUALITY_R_QUALITY_V1,BTC,BTCUSDT,strategy-lab-v1.0.0:SIE_FIX_BREAKOUT_QUALITY_R_QUALITY_V1,1789887600000,2026-09-20T07:00:00+00:00,80272.5,80400.0,80254.83,80284.56,21.23539982030519,81049.4815,80082.54260403184,77840.16915,307.2028571428569,0.0038264251201333968,17.459526353802644,1.4999999999999736,False,PLANNED_REWARD_TOO_LOW|CLOSE_NOT_ABOVE_BREAKOUT_HIGH|RSI_NOT_MOMENTUM_SUPPORTIVE
2026-09-20T11:14:44.391350+00:00,SIE_FIX_BREAKOUT_QUALITY_R_QUALITY_V1,BTC,BTCUSDT,strategy-lab-v1.0.0:SIE_FIX_BREAKOUT_QUALITY_R_QUALITY_V1,1789891200000,2026-09-20T08:00:00+00:00,80284.56,80429.01,80119.2,80228.2,20.906678460857748,80995.39199999999,79973.33727679332,77854.9546,314.047857142856,0.003914432296160901,21.23539982030519,1.5000000000000258,False,CLOSE_NOT_ABOVE_BREAKOUT_HIGH|RSI_NOT_MOMENTUM_SUPPORTIVE
2026-09-20T11:14:44.391350+00:00,SIE_FIX_BREAKOUT_QUALITY_R_QUALITY_V1,BTC,BTCUSDT,strategy-lab-v1.0.0:SIE_FIX_BREAKOUT_QUALITY_R_QUALITY_V1,1789894800000,2026-09-20T09:00:00+00:00,80228.2,80544.67,80219.99,80430.01,28.91186407865412,80950.7175,79911.9619933094,77870.85455,325.5157142857123,0.004047192264252017,20.906678460857748,1.4999999999999751,False,PLANNED_REWARD_TOO_LOW|CLOSE_NOT_ABOVE_BREAKOUT_HIGH|RSI_NOT_MOMENTUM_SUPPORTIVE
2026-09-20T11:14:44.391350+00:00,SIE_FIX_BREAKOUT_QUALITY_R_QUALITY_V1,BTC,BTCUSDT,strategy-lab-v1.0.0:SIE_FIX_BREAKOUT_QUALITY_R_QUALITY_V1,1789898400000,2026-09-20T10:00:00+00:00,80430.01,80483.3,80283.0,80283.01,29.871131811297772,80887.1235,79848.37521745224,77885.91614999999,313.03642857142717,0.0038991615856384457,28.91186407865412,1.4999999999999742,False,PLANNED_REWARD_TOO_LOW|CLOSE_NOT_ABOVE_BREAKOUT_HIGH|RSI_NOT_MOMENTUM_SUPPORTIVE
2026-09-20T11:14:44.391350+00:00,SIE_FIX_BREAKOUT_QUALITY_R_QUALITY_V1,BTC,BTCUSDT,strategy-lab-v1.0.0:SIE_FIX_BREAKOUT_QUALITY_R_QUALITY_V1,1789902000000,2026-09-20T11:00:00+00:00,80283.01,80386.46,80241.84,80327.51,32.29985094003925,80822.1765,79814.48693350848,77901.25755000001,299.76642857142826,0.0037318028228614116,29.871131811297772,1.4999999999999731,False,PLANNED_REWARD_TOO_LOW|CLOSE_NOT_ABOVE_BREAKOUT_HIGH|RSI_NOT_MOMENTUM_SUPPORTIVE
2026-09-20T11:14:44.391350+00:00,SIE_FIX_BREAKOUT_QUALITY_R_QUALITY_V1,BNB,BNBUSDT,strategy-lab-v1.0.0:SIE_FIX_BREAKOUT_QUALITY_R_QUALITY_V1,1789880400000,2026-09-20T05:00:00+00:00,748.98,751.22,748.69,751.07,27.905670971364557,761.751,747.7777557095593,732.3335000000001,4.646428571428577,0.006186412147241371,21.377607025246917,1.5,False,CLOSE_NOT_ABOVE_BREAKOUT_HIGH|RSI_NOT_MOMENTUM_SUPPORTIVE
2026-09-20T11:14:44.391350+00:00,SIE_FIX_BREAKOUT_QUALITY_R_QUALITY_V1,BNB,BNBUSDT,strategy-lab-v1.0.0:SIE_FIX_BREAKOUT_QUALITY_R_QUALITY_V1,1789884000000,2026-09-20T06:00:00+00:00,751.14,753.23,749.89,751.63,26.27045650301463,761.0835,746.5277117698721,732.47085,4.6157142857142945,0.006140939405976736,27.905670971364557,1.5,False,CLOSE_NOT_ABOVE_BREAKOUT_HIGH|RSI_NOT_MOMENTUM_SUPPORTIVE
2026-09-20T11:14:44.391350+00:00,SIE_FIX_BREAKOUT_QUALITY_R_QUALITY_V1,BNB,BNBUSDT,strategy-lab-v1.0.0:SIE_FIX_BREAKOUT_QUALITY_R_QUALITY_V1,1789887600000,2026-09-20T07:00:00+00:00,751.99,751.99,747.54,747.54,27.452745274527345,760.0780000000001,744.7193430274546,732.57505,4.440000000000014,0.005939481499317781,26.27045650301463,1.4999999999999858,False,PLANNED_REWARD_TOO_LOW|CLOSE_NOT_ABOVE_BREAKOUT_HIGH|RSI_NOT_MOMENTUM_SUPPORTIVE
2026-09-20T11:14:44.391350+00:00,SIE_FIX_BREAKOUT_QUALITY_R_QUALITY_V1,BNB,BNBUSDT,strategy-lab-v1.0.0:SIE_FIX_BREAKOUT_QUALITY_R_QUALITY_V1,1789891200000,2026-09-20T08:00:00+00:00,747.62,750.68,747.62,749.17,29.070108536227508,758.889,744.0265413877678,732.6872999999999,4.475714285714299,0.0059742305294049405,27.452745274527345,1.4999999999999858,False,PLANNED_REWARD_TOO_LOW|CLOSE_NOT_ABOVE_BREAKOUT_HIGH|RSI_NOT_MOMENTUM_SUPPORTIVE
2026-09-20T11:14:44.391350+00:00,SIE_FIX_BREAKOUT_QUALITY_R_QUALITY_V1,BNB,BNBUSDT,strategy-lab-v1.0.0:SIE_FIX_BREAKOUT_QUALITY_R_QUALITY_V1,1789894800000,2026-09-20T09:00:00+00:00,749.28,752.85,749.28,750.47,32.120343839541576,757.9404999999999,743.4765704163664,732.7902499999999,4.637142857142878,0.006178984978937037,29.070108536227508,1.5000000000000135,False,CLOSE_NOT_ABOVE_BREAKOUT_HIGH|RSI_NOT_MOMENTUM_SUPPORTIVE
2026-09-20T11:14:44.391350+00:00,SIE_FIX_BREAKOUT_QUALITY_R_QUALITY_V1,BNB,BNBUSDT,strategy-lab-v1.0.0:SIE_FIX_BREAKOUT_QUALITY_R_QUALITY_V1,1789898400000,2026-09-20T10:00:00+00:00,750.47,751.24,747.89,748.72,31.613085166384735,756.8875,742.9684915942154,732.87555,4.693571428571447,0.006268793979820823,32.120343839541576,1.5000000000000135,False,CLOSE_NOT_ABOVE_BREAKOUT_HIGH|RSI_NOT_MOMENTUM_SUPPORTIVE
2026-09-20T11:14:44.391350+00:00,SIE_FIX_BREAKOUT_QUALITY_R_QUALITY_V1,BNB,BNBUSDT,strategy-lab-v1.0.0:SIE_FIX_BREAKOUT_QUALITY_R_QUALITY_V1,1789902000000,2026-09-20T11:00:00+00:00,748.72,750.11,748.17,749.0,34.24739195230994,755.997,742.4574961686072,732.9528999999999,4.402142857142882,0.005877360289910389,31.613085166384735,1.5,False,CLOSE_NOT_ABOVE_BREAKOUT_HIGH|RSI_NOT_MOMENTUM_SUPPORTIVE
2026-09-20T11:14:44.391350+00:00,SIE_FIX_BREAKOUT_QUALITY_R_QUALITY_V1,PAXG,PAXGUSDT,strategy-lab-v1.0.0:SIE_FIX_BREAKOUT_QUALITY_R_QUALITY_V1,1789880400000,2026-09-20T05:00:00+00:00,4360.61,4361.51,4360.25,4361.39,38.320209973754785,4364.1095000000005,4359.567339830813,4336.9222,2.650000000000091,0.0006076044563774601,33.92689784442382,1.5,False,CLOSE_NOT_ABOVE_BREAKOUT_HIGH|RSI_NOT_MOMENTUM_SUPPORTIVE
2026-09-20T11:14:44.391350+00:00,SIE_FIX_BREAKOUT_QUALITY_R_QUALITY_V1,PAXG,PAXGUSDT,strategy-lab-v1.0.0:SIE_FIX_BREAKOUT_QUALITY_R_QUALITY_V1,1789884000000,2026-09-20T06:00:00+00:00,4360.41,4361.92,4360.12,4361.1,35.61521252796524,4363.938,4359.216811166395,4336.968349999999,2.5585714285715375,0.0005866802936349859,38.320209973754785,1.4999999999998026,False,PLANNED_REWARD_TOO_LOW|CLOSE_NOT_ABOVE_BREAKOUT_HIGH|RSI_NOT_MOMENTUM_SUPPORTIVE
2026-09-20T11:14:44.391350+00:00,SIE_FIX_BREAKOUT_QUALITY_R_QUALITY_V1,PAXG,PAXGUSDT,strategy-lab-v1.0.0:SIE_FIX_BREAKOUT_QUALITY_R_QUALITY_V1,1789887600000,2026-09-20T07:00:00+00:00,4361.01,4361.25,4359.86,4359.86,39.87975951903819,4363.692,4358.668875075957,4336.990099999999,2.3242857142858417,0.0005331101719518154,35.61521252796524,1.5,False,CLOSE_NOT_ABOVE_BREAKOUT_HIGH|RSI_NOT_MOMENTUM_SUPPORTIVE
2026-09-20T11:14:44.391350+00:00,SIE_FIX_BREAKOUT_QUALITY_R_QUALITY_V1,PAXG,PAXGUSDT,strategy-lab-v1.0.0:SIE_FIX_BREAKOUT_QUALITY_R_QUALITY_V1,1789891200000,2026-09-20T08:00:00+00:00,4359.86,4362.06,4359.67,4361.17,40.029985007496904,4363.4235,4358.464337671285,4337.012650000001,2.372857142857291,0.0005440872845720967,39.87975951903819,1.499999999999787,False,PLANNED_REWARD_TOO_LOW|CLOSE_NOT_ABOVE_BREAKOUT_HIGH|RSI_NOT_MOMENTUM_SUPPORTIVE
2026-09-20T11:14:44.391350+00:00,SIE_FIX_BREAKOUT_QUALITY_R_QUALITY_V1,PAXG,PAXGUSDT,strategy-lab-v1.0.0:SIE_FIX_BREAKOUT_QUALITY_R_QUALITY_V1,1789894800000,2026-09-20T09:00:00+00:00,4361.28,4362.63,4360.69,4361.92,45.553822152886134,4363.232,4358.351817216278,4337.0428,2.341428571428748,0.0005367885177694107,40.029985007496904,1.5,False,CLOSE_NOT_ABOVE_BREAKOUT_HIGH|RSI_NOT_MOMENTUM_SUPPORTIVE
2026-09-20T11:14:44.391350+00:00,SIE_FIX_BREAKOUT_QUALITY_R_QUALITY_V1,PAXG,PAXGUSDT,strategy-lab-v1.0.0:SIE_FIX_BREAKOUT_QUALITY_R_QUALITY_V1,1789898400000,2026-09-20T10:00:00+00:00,4362.39,4362.39,4359.89,4360.4,43.6254980079674,4362.9235,4358.147404209238,4337.0653,2.3950000000001768,0.0005492615356389728,45.553822152886134,1.500000000000211,False,CLOSE_NOT_ABOVE_BREAKOUT_HIGH|RSI_NOT_MOMENTUM_SUPPORTIVE
2026-09-20T11:14:44.391350+00:00,SIE_FIX_BREAKOUT_QUALITY_R_QUALITY_V1,PAXG,PAXGUSDT,strategy-lab-v1.0.0:SIE_FIX_BREAKOUT_QUALITY_R_QUALITY_V1,1789902000000,2026-09-20T11:00:00+00:00,4359.26,4360.29,4359.26,4359.87,39.69465648854944,4362.580499999999,4357.964508340287,4337.094150000001,2.300000000000117,0.0005275386651437124,43.6254980079674,1.5,False,CLOSE_NOT_ABOVE_BREAKOUT_HIGH|RSI_NOT_MOMENTUM_SUPPORTIVE
2026-09-20T15:58:48.128540+00:00,SIE_FIX_BREAKOUT_QUALITY_R_QUALITY_V1,BTC,BTCUSDT,strategy-lab-v1.0.0:SIE_FIX_BREAKOUT_QUALITY_R_QUALITY_V1,1789905600000,2026-09-20T12:00:00+00:00,80437.36,80494.15,80285.78,80451.14,30.79883416314813,80759.8395,79859.41609989115,77918.05685,299.0199999999989,0.003716790091476627,35.86100393135828,1.499999999999973,False,PLANNED_REWARD_TOO_LOW|CLOSE_NOT_ABOVE_BREAKOUT_HIGH|RSI_NOT_MOMENTUM_SUPPORTIVE
2026-09-20T15:58:48.128540+00:00,SIE_FIX_BREAKOUT_QUALITY_R_QUALITY_V1,BTC,BTCUSDT,strategy-lab-v1.0.0:SIE_FIX_BREAKOUT_QUALITY_R_QUALITY_V1,1789909200000,2026-09-20T13:00:00+00:00,80451.15,80614.9,80388.0,80522.05,33.0836573101526,80714.087,79864.40379625373,77934.6671,304.1185714285696,0.0037768359279050845,30.79883416314813,1.5,False,CLOSE_NOT_ABOVE_BREAKOUT_HIGH|RSI_NOT_MOMENTUM_SUPPORTIVE
2026-09-20T15:58:48.128540+00:00,SIE_FIX_BREAKOUT_QUALITY_R_QUALITY_V1,BTC,BTCUSDT,strategy-lab-v1.0.0:SIE_FIX_BREAKOUT_QUALITY_R_QUALITY_V1,1789912800000,2026-09-20T14:00:00+00:00,80522.05,80746.18,80377.5,80639.59,35.764145520243034,80675.4545,79888.29625363307,77951.46974999999,321.07857142856875,0.003981649353978223,33.0836573101526,1.5,False,CLOSE_NOT_ABOVE_BREAKOUT_HIGH|RSI_NOT_MOMENTUM_SUPPORTIVE
2026-09-20T15:58:48.128540+00:00,SIE_FIX_BREAKOUT_QUALITY_R_QUALITY_V1,BTC,BTCUSDT,strategy-lab-v1.0.0:SIE_FIX_BREAKOUT_QUALITY_R_QUALITY_V1,1789916400000,2026-09-20T15:00:00+00:00,80639.59,80918.95,80628.06,80916.02,46.58027104794952,80654.00450000001,79919.36958725529,77969.76484999999,321.72928571428304,0.003976088859959783,35.764145520243034,1.500000000000025,False,CLOSE_NOT_ABOVE_BREAKOUT_HIGH|RSI_NOT_MOMENTUM_SUPPORTIVE
2026-09-20T15:58:48.128540+00:00,SIE_FIX_BREAKOUT_QUALITY_R_QUALITY_V1,BNB,BNBUSDT,strategy-lab-v1.0.0:SIE_FIX_BREAKOUT_QUALITY_R_QUALITY_V1,1789905600000,2026-09-20T12:00:00+00:00,752.08,753.67,751.01,752.25,37.054833239118274,755.3745,743.2213564148904,733.0654499999999,4.504285714285735,0.005987751032616464,40.394487976222656,1.5,False,CLOSE_NOT_ABOVE_BREAKOUT_HIGH|RSI_NOT_MOMENTUM_SUPPORTIVE
2026-09-20T15:58:48.128540+00:00,SIE_FIX_BREAKOUT_QUALITY_R_QUALITY_V1,BNB,BNBUSDT,strategy-lab-v1.0.0:SIE_FIX_BREAKOUT_QUALITY_R_QUALITY_V1,1789909200000,2026-09-20T13:00:00+00:00,752.61,753.68,749.54,751.77,35.933539847930234,754.8345,743.0541800128228,733.1602500000001,4.655000000000014,0.0061920534205940824,37.054833239118274,1.4999999999999865,False,PLANNED_REWARD_TOO_LOW|CLOSE_NOT_ABOVE_BREAKOUT_HIGH|RSI_NOT_MOMENTUM_SUPPORTIVE
2026-09-20T15:58:48.128540+00:00,SIE_FIX_BREAKOUT_QUALITY_R_QUALITY_V1,BNB,BNBUSDT,strategy-lab-v1.0.0:SIE_FIX_BREAKOUT_QUALITY_R_QUALITY_V1,1789912800000,2026-09-20T14:00:00+00:00,751.78,754.79,751.57,753.1,35.73446327683621,754.3174999999999,743.2045546208358,733.2678500000001,4.713571428571429,0.006258891818578447,35.933539847930234,1.4999999999999867,False,PLANNED_REWARD_TOO_LOW|CLOSE_NOT_ABOVE_BREAKOUT_HIGH|RSI_NOT_MOMENTUM_SUPPORTIVE
2026-09-20T15:58:48.128540+00:00,SIE_FIX_BREAKOUT_QUALITY_R_QUALITY_V1,BNB,BNBUSDT,strategy-lab-v1.0.0:SIE_FIX_BREAKOUT_QUALITY_R_QUALITY_V1,1789916400000,2026-09-20T15:00:00+00:00,753.54,756.6,753.54,756.49,44.51845684152092,753.9945,743.5484395463992,733.38305,4.630714285714289,0.0061213159271296235,35.73446327683621,1.5000000000000135,False,CLOSE_NOT_ABOVE_BREAKOUT_HIGH|RSI_NOT_MOMENTUM_SUPPORTIVE
2026-09-20T15:58:48.128540+00:00,SIE_FIX_BREAKOUT_QUALITY_R_QUALITY_V1,PAXG,PAXGUSDT,strategy-lab-v1.0.0:SIE_FIX_BREAKOUT_QUALITY_R_QUALITY_V1,1789905600000,2026-09-20T12:00:00+00:00,4358.82,4359.92,4358.38,4359.71,33.22981366459872,4362.137,4357.820987488207,4337.108450000001,2.25000000000013,0.0005160893729170358,37.68115942028941,1.5000000000002245,False,CLOSE_NOT_ABOVE_BREAKOUT_HIGH|RSI_NOT_MOMENTUM_SUPPORTIVE
2026-09-20T15:58:48.128540+00:00,SIE_FIX_BREAKOUT_QUALITY_R_QUALITY_V1,PAXG,PAXGUSDT,strategy-lab-v1.0.0:SIE_FIX_BREAKOUT_QUALITY_R_QUALITY_V1,1789909200000,2026-09-20T13:00:00+00:00,4360.2,4360.2,4358.49,4358.93,32.68839103869948,4361.8885,4357.436950718912,4337.13,2.2585714285715506,0.000518148130062091,33.22981366459872,1.5000000000002238,False,CLOSE_NOT_ABOVE_BREAKOUT_HIGH|RSI_NOT_MOMENTUM_SUPPORTIVE
2026-09-20T15:58:48.128540+00:00,SIE_FIX_BREAKOUT_QUALITY_R_QUALITY_V1,PAXG,PAXGUSDT,strategy-lab-v1.0.0:SIE_FIX_BREAKOUT_QUALITY_R_QUALITY_V1,1789912800000,2026-09-20T14:00:00+00:00,4359.73,4360.07,4358.68,4359.79,39.20301561658619,4361.62,4357.345877867684,4337.15535,2.1600000000000494,0.0004954367068138717,32.68839103869948,1.4999999999997662,False,PLANNED_REWARD_TOO_LOW|CLOSE_NOT_ABOVE_BREAKOUT_HIGH|RSI_NOT_MOMENTUM_SUPPORTIVE
2026-09-20T15:58:48.128540+00:00,SIE_FIX_BREAKOUT_QUALITY_R_QUALITY_V1,PAXG,PAXGUSDT,strategy-lab-v1.0.0:SIE_FIX_BREAKOUT_QUALITY_R_QUALITY_V1,1789916400000,2026-09-20T15:00:00+00:00,4358.86,4360.88,4358.86,4360.18,42.61111111111226,4361.4475,4357.233737429334,4337.1789499999995,2.1464285714286495,0.0004922798075833221,39.20301561658619,1.4999999999997646,False,PLANNED_REWARD_TOO_LOW|CLOSE_NOT_ABOVE_BREAKOUT_HIGH|RSI_NOT_MOMENTUM_SUPPORTIVE
2026-09-20T18:43:10.679381+00:00,SIE_FIX_BREAKOUT_QUALITY_R_QUALITY_V1,BTC,BTCUSDT,strategy-lab-v1.0.0:SIE_FIX_BREAKOUT_QUALITY_R_QUALITY_V1,1789920000000,2026-09-20T16:00:00+00:00,80874.2,81472.04,80776.51,81311.99,76.40408173972355,80661.0955,79901.46245302037,77989.41205,307.92071428571114,0.003786904173489188,45.58050238752647,1.5,False,CLOSE_NOT_ABOVE_BREAKOUT_HIGH
2026-09-20T18:43:10.679381+00:00,SIE_FIX_BREAKOUT_QUALITY_R_QUALITY_V1,BTC,BTCUSDT,strategy-lab-v1.0.0:SIE_FIX_BREAKOUT_QUALITY_R_QUALITY_V1,1789923600000,2026-09-20T17:00:00+00:00,81317.7,81437.99,81039.0,81129.33,67.32288550273066,80664.3755,79897.28676084164,78008.3786,306.8757142857118,0.003782549594403304,76.40408173972355,1.5,False,CLOSE_NOT_ABOVE_BREAKOUT_HIGH
2026-09-20T18:43:10.679381+00:00,SIE_FIX_BREAKOUT_QUALITY_R_QUALITY_V1,BTC,BTCUSDT,strategy-lab-v1.0.0:SIE_FIX_BREAKOUT_QUALITY_R_QUALITY_V1,1789927200000,2026-09-20T18:00:00+00:00,81129.33,81299.55,80987.7,81205.57,70.77369925437098,80663.0305,79899.8464312305,78027.8479,313.6378571428556,0.0038622702499699906,67.32288550273066,1.5,False,CLOSE_NOT_ABOVE_BREAKOUT_HIGH
2026-09-20T18:43:10.679381+00:00,SIE_FIX_BREAKOUT_QUALITY_R_QUALITY_V1,BNB,BNBUSDT,strategy-lab-v1.0.0:SIE_FIX_BREAKOUT_QUALITY_R_QUALITY_V1,1789920000000,2026-09-20T16:00:00+00:00,756.53,764.67,756.18,763.73,75.24240465416923,754.1324999999999,743.3226528687874,733.5322,4.1328571428571435,0.005411411287833585,45.708853883758735,1.5000000000000153,False,CLOSE_NOT_ABOVE_BREAKOUT_HIGH
2026-09-20T18:43:10.679381+00:00,SIE_FIX_BREAKOUT_QUALITY_R_QUALITY_V1,BNB,BNBUSDT,strategy-lab-v1.0.0:SIE_FIX_BREAKOUT_QUALITY_R_QUALITY_V1,1789923600000,2026-09-20T17:00:00+00:00,763.73,768.39,760.2,763.87,73.71310912834582,754.3475,742.9581016401135,733.6760500000001,4.239285714285708,0.005549747619733342,75.24240465416923,1.5000000000000149,False,CLOSE_NOT_ABOVE_BREAKOUT_HIGH
2026-09-20T18:43:10.679381+00:00,SIE_FIX_BREAKOUT_QUALITY_R_QUALITY_V1,BNB,BNBUSDT,strategy-lab-v1.0.0:SIE_FIX_BREAKOUT_QUALITY_R_QUALITY_V1,1789927200000,2026-09-20T18:00:00+00:00,763.93,771.96,763.76,769.43,80.5481084301458,754.7484999999999,741.9190116625724,733.8339,4.592142857142854,0.005968239940141214,73.71310912834582,1.4999999999999862,False,PLANNED_REWARD_TOO_LOW|CLOSE_NOT_ABOVE_BREAKOUT_HIGH
2026-09-20T18:43:10.679381+00:00,SIE_FIX_BREAKOUT_QUALITY_R_QUALITY_V1,PAXG,PAXGUSDT,strategy-lab-v1.0.0:SIE_FIX_BREAKOUT_QUALITY_R_QUALITY_V1,1789920000000,2026-09-20T16:00:00+00:00,4359.23,4367.63,4358.73,4362.6,59.52802359882054,4361.4205,4357.218269758609,4337.2118,2.5057142857143453,0.0005743626015940826,42.031425364758974,1.4999999999997984,False,PLANNED_REWARD_TOO_LOW|CLOSE_NOT_ABOVE_BREAKOUT_HIGH
2026-09-20T18:43:10.679381+00:00,SIE_FIX_BREAKOUT_QUALITY_R_QUALITY_V1,PAXG,PAXGUSDT,strategy-lab-v1.0.0:SIE_FIX_BREAKOUT_QUALITY_R_QUALITY_V1,1789923600000,2026-09-20T17:00:00+00:00,4362.42,4366.71,4359.69,4359.81,46.239554317550606,4361.215,4357.121216908327,4337.2337,2.7907142857143947,0.0006400999781445509,59.52802359882054,1.500000000000181,False,CLOSE_NOT_ABOVE_BREAKOUT_HIGH|RSI_NOT_MOMENTUM_SUPPORTIVE
2026-09-20T18:43:10.679381+00:00,SIE_FIX_BREAKOUT_QUALITY_R_QUALITY_V1,PAXG,PAXGUSDT,strategy-lab-v1.0.0:SIE_FIX_BREAKOUT_QUALITY_R_QUALITY_V1,1789927200000,2026-09-20T18:00:00+00:00,4359.46,4360.69,4357.83,4359.75,50.12077294685978,4360.893,4357.454476479408,4337.25965,2.784285714285813,0.0006386342598281582,46.239554317550606,1.4999999999998186,False,PLANNED_REWARD_TOO_LOW|CLOSE_NOT_ABOVE_BREAKOUT_HIGH
2026-09-20T22:23:12.210755+00:00,SIE_FIX_BREAKOUT_QUALITY_R_QUALITY_V1,BTC,BTCUSDT,strategy-lab-v1.0.0:SIE_FIX_BREAKOUT_QUALITY_R_QUALITY_V1,1789930800000,2026-09-20T19:00:00+00:00,81020.32,81280.0,81020.32,81162.44,67.11719351977963,80650.1945,79920.02089336693,78046.03485,315.29857142856883,0.003884784284806726,65.75555398544526,1.5,False,CLOSE_NOT_ABOVE_BREAKOUT_HIGH
2026-09-20T22:23:12.210755+00:00,SIE_FIX_BREAKOUT_QUALITY_R_QUALITY_V1,BTC,BTCUSDT,strategy-lab-v1.0.0:SIE_FIX_BREAKOUT_QUALITY_R_QUALITY_V1,1789934400000,2026-09-20T20:00:00+00:00,81162.45,81213.43,81043.25,81073.47,70.33982234366194,80640.68549999999,79938.29051768339,78064.80485,299.2564285714262,0.003691175776384386,67.11719351977963,1.500000000000027,False,CLOSE_NOT_ABOVE_BREAKOUT_HIGH
2026-09-20T22:23:12.210755+00:00,SIE_FIX_BREAKOUT_QUALITY_R_QUALITY_V1,BTC,BTCUSDT,strategy-lab-v1.0.0:SIE_FIX_BREAKOUT_QUALITY_R_QUALITY_V1,1789938000000,2026-09-20T21:00:00+00:00,81073.48,81075.1,80570.77,80920.28,65.06374105492628,80633.114,79946.37708261423,78082.64825,324.91071428571223,0.004015195131377601,70.33982234366194,1.4999999999999751,False,PLANNED_REWARD_TOO_LOW|CLOSE_NOT_ABOVE_BREAKOUT_HIGH
2026-09-20T22:23:12.210755+00:00,SIE_FIX_BREAKOUT_QUALITY_R_QUALITY_V1,BTC,BTCUSDT,strategy-lab-v1.0.0:SIE_FIX_BREAKOUT_QUALITY_R_QUALITY_V1,1789941600000,2026-09-20T22:00:00+00:00,80920.28,81280.0,80756.44,81114.26,69.71019522004514,80673.555,79973.63218969548,78100.9995,340.17857142856934,0.004193819575356656,65.06374105492628,1.5,False,CLOSE_NOT_ABOVE_BREAKOUT_HIGH
2026-09-20T22:23:12.210755+00:00,SIE_FIX_BREAKOUT_QUALITY_R_QUALITY_V1,BNB,BNBUSDT,strategy-lab-v1.0.0:SIE_FIX_BREAKOUT_QUALITY_R_QUALITY_V1,1789930800000,2026-09-20T19:00:00+00:00,766.46,770.77,766.43,769.5,79.26325817719892,754.967,741.5291934825549,733.9808,4.7478571428571446,0.006170054766545997,78.37748344370844,1.5,False,CLOSE_NOT_ABOVE_BREAKOUT_HIGH
2026-09-20T22:23:12.210755+00:00,SIE_FIX_BREAKOUT_QUALITY_R_QUALITY_V1,BNB,BNBUSDT,strategy-lab-v1.0.0:SIE_FIX_BREAKOUT_QUALITY_R_QUALITY_V1,1789934400000,2026-09-20T20:00:00+00:00,769.27,771.4,765.31,768.0,75.23897625655243,755.207,741.0380337709383,734.13905,4.944285714285717,0.006437872023809527,79.26325817719892,1.5,False,CLOSE_NOT_ABOVE_BREAKOUT_HIGH
2026-09-20T22:23:12.210755+00:00,SIE_FIX_BREAKOUT_QUALITY_R_QUALITY_V1,BNB,BNBUSDT,strategy-lab-v1.0.0:SIE_FIX_BREAKOUT_QUALITY_R_QUALITY_V1,1789938000000,2026-09-20T21:00:00+00:00,768.01,768.24,762.72,765.8,79.89521938441368,755.475,740.7292284026813,734.285,5.020714285714283,0.006556169085550122,75.23897625655243,1.5,False,CLOSE_NOT_ABOVE_BREAKOUT_HIGH
2026-09-20T22:23:12.210755+00:00,SIE_FIX_BREAKOUT_QUALITY_R_QUALITY_V1,BNB,BNBUSDT,strategy-lab-v1.0.0:SIE_FIX_BREAKOUT_QUALITY_R_QUALITY_V1,1789941600000,2026-09-20T22:00:00+00:00,766.07,770.52,764.96,769.3,81.0552298673247,756.5345,741.0320776408879,734.4547,5.193571428571423,0.006751035263969093,79.89521938441368,1.5,False,CLOSE_NOT_ABOVE_BREAKOUT_HIGH
2026-09-20T22:23:12.210755+00:00,SIE_FIX_BREAKOUT_QUALITY_R_QUALITY_V1,PAXG,PAXGUSDT,strategy-lab-v1.0.0:SIE_FIX_BREAKOUT_QUALITY_R_QUALITY_V1,1789930800000,2026-09-20T19:00:00+00:00,4360.68,4364.79,4359.43,4364.33,57.60082730092927,4360.826,4357.749954486398,4337.316449999999,3.038571428571491,0.0006962286143741401,50.30303030303137,1.5,False,CLOSE_NOT_ABOVE_BREAKOUT_HIGH
2026-09-20T22:23:12.210755+00:00,SIE_FIX_BREAKOUT_QUALITY_R_QUALITY_V1,PAXG,PAXGUSDT,strategy-lab-v1.0.0:SIE_FIX_BREAKOUT_QUALITY_R_QUALITY_V1,1789934400000,2026-09-20T20:00:00+00:00,4364.34,4364.34,4360.67,4362.94,54.50097847357903,4360.782999999999,4357.8539175495125,4337.3693,3.1721428571429118,0.0007270654322871532,57.60082730092927,1.5,False,CLOSE_NOT_ABOVE_BREAKOUT_HIGH
2026-09-20T22:23:12.210755+00:00,SIE_FIX_BREAKOUT_QUALITY_R_QUALITY_V1,PAXG,PAXGUSDT,strategy-lab-v1.0.0:SIE_FIX_BREAKOUT_QUALITY_R_QUALITY_V1,1789938000000,2026-09-20T21:00:00+00:00,4363.2,4363.45,4359.26,4363.45,59.107052257737124,4360.8135,4357.788251084332,4337.41375,3.3721428571428596,0.0007728157437676288,54.50097847357903,1.5000000000001499,False,CLOSE_NOT_ABOVE_BREAKOUT_HIGH
2026-09-20T22:23:12.210755+00:00,SIE_FIX_BREAKOUT_QUALITY_R_QUALITY_V1,PAXG,PAXGUSDT,strategy-lab-v1.0.0:SIE_FIX_BREAKOUT_QUALITY_R_QUALITY_V1,1789941600000,2026-09-20T22:00:00+00:00,4367.37,4372.3,4366.97,4366.97,63.229927007299096,4361.193499999999,4357.226348502798,4337.472400000001,3.833571428571434,0.0008778561402005129,59.107052257737124,1.5,False,CLOSE_NOT_ABOVE_BREAKOUT_HIGH
2026-09-21T04:47:15.265837+00:00,SIE_FIX_BREAKOUT_QUALITY_R_QUALITY_V1,BTC,BTCUSDT,strategy-lab-v1.0.0:SIE_FIX_BREAKOUT_QUALITY_R_QUALITY_V1,1789945200000,2026-09-20T23:00:00+00:00,81196.49,81320.0,81100.53,81159.64,66.85049953579895,80712.708,79979.46607038293,78120.38905,332.6635714285699,0.0040988793374215305,70.7793266837199,1.5,False,CLOSE_NOT_ABOVE_BREAKOUT_HIGH
2026-09-21T04:47:15.265837+00:00,SIE_FIX_BREAKOUT_QUALITY_R_QUALITY_V1,BTC,BTCUSDT,strategy-lab-v1.0.0:SIE_FIX_BREAKOUT_QUALITY_R_QUALITY_V1,1789948800000,2026-09-21T00:00:00+00:00,81160.33,81837.0,81147.06,81590.55,76.69625794227662,80772.4385,79961.6205678749,78141.652,367.6378571428556,0.004505887717914091,66.85049953579895,1.499999999999978,False,PLANNED_REWARD_TOO_LOW|CLOSE_NOT_ABOVE_BREAKOUT_HIGH
2026-09-21T04:47:15.265837+00:00,SIE_FIX_BREAKOUT_QUALITY_R_QUALITY_V1,BTC,BTCUSDT,strategy-lab-v1.0.0:SIE_FIX_BREAKOUT_QUALITY_R_QUALITY_V1,1789952400000,2026-09-21T01:00:00+00:00,81588.5,82087.11,80837.42,80973.46,59.127197148009124,80798.311,79996.55997655154,78160.5622,438.5899999999986,0.005416466086542412,76.69625794227662,1.5,False,CLOSE_NOT_ABOVE_BREAKOUT_HIGH
2026-09-21T04:47:15.265837+00:00,SIE_FIX_BREAKOUT_QUALITY_R_QUALITY_V1,BTC,BTCUSDT,strategy-lab-v1.0.0:SIE_FIX_BREAKOUT_QUALITY_R_QUALITY_V1,1789956000000,2026-09-21T02:00:00+00:00,80973.46,81509.8,80934.0,81299.86,63.16138796878685,80849.679,80057.67845944419,78181.4301,464.8349999999991,0.00571753752097481,59.127197148009124,1.4999999999999827,False,PLANNED_REWARD_TOO_LOW|CLOSE_NOT_ABOVE_BREAKOUT_HIGH
2026-09-21T04:47:15.265837+00:00,SIE_FIX_BREAKOUT_QUALITY_R_QUALITY_V1,BTC,BTCUSDT,strategy-lab-v1.0.0:SIE_FIX_BREAKOUT_QUALITY_R_QUALITY_V1,1789959600000,2026-09-21T03:00:00+00:00,81299.86,81556.69,81218.56,81411.5,63.62093837384876,80906.026,80122.55833060911,78202.9604,472.77999999999986,0.005807287668204122,63.16138796878685,1.500000000000017,False,CLOSE_NOT_ABOVE_BREAKOUT_HIGH
2026-09-21T04:47:15.265837+00:00,SIE_FIX_BREAKOUT_QUALITY_R_QUALITY_V1,BTC,BTCUSDT,strategy-lab-v1.0.0:SIE_FIX_BREAKOUT_QUALITY_R_QUALITY_V1,1789963200000,2026-09-21T04:00:00+00:00,81411.5,81451.04,81210.0,81380.83,61.66153788064726,80963.6575,80219.5243262738,78224.1011,463.66285714285704,0.00569744566555609,63.62093837384876,1.5,False,CLOSE_NOT_ABOVE_BREAKOUT_HIGH
2026-09-21T04:47:15.265837+00:00,SIE_FIX_BREAKOUT_QUALITY_R_QUALITY_V1,BNB,BNBUSDT,strategy-lab-v1.0.0:SIE_FIX_BREAKOUT_QUALITY_R_QUALITY_V1,1789945200000,2026-09-20T23:00:00+00:00,774.54,775.8,771.41,772.36,78.97802488747674,757.893,740.4527418597028,734.6653,5.741428571428563,0.007433617188135795,83.52562382613344,1.5,False,CLOSE_NOT_ABOVE_BREAKOUT_HIGH
2026-09-21T04:47:15.265837+00:00,SIE_FIX_BREAKOUT_QUALITY_R_QUALITY_V1,BNB,BNBUSDT,strategy-lab-v1.0.0:SIE_FIX_BREAKOUT_QUALITY_R_QUALITY_V1,1789948800000,2026-09-21T00:00:00+00:00,772.64,782.69,772.64,779.43,85.63471803202587,759.4185,740.1436580810578,734.9020999999999,6.239999999999993,0.008005850429159762,78.97802488747674,1.5,True,
2026-09-21T04:47:15.265837+00:00,SIE_FIX_BREAKOUT_QUALITY_R_QUALITY_V1,BNB,BNBUSDT,strategy-lab-v1.0.0:SIE_FIX_BREAKOUT_QUALITY_R_QUALITY_V1,1789952400000,2026-09-21T01:00:00+00:00,779.43,784.89,773.93,774.29,74.53360305686662,760.5795,740.6691846082184,735.1193499999999,6.687857142857134,0.008637406066018075,85.63471803202587,1.4999999999999905,False,PLANNED_REWARD_TOO_LOW|CLOSE_NOT_ABOVE_BREAKOUT_HIGH
2026-09-21T04:47:15.265837+00:00,SIE_FIX_BREAKOUT_QUALITY_R_QUALITY_V1,BNB,BNBUSDT,strategy-lab-v1.0.0:SIE_FIX_BREAKOUT_QUALITY_R_QUALITY_V1,1789956000000,2026-09-21T02:00:00+00:00,774.32,783.2,773.64,777.72,76.69251729197234,761.8839999999999,741.0908661332586,735.3613499999999,7.180714285714283,0.009233032821213655,74.53360305686662,1.5000000000000089,False,CLOSE_NOT_ABOVE_BREAKOUT_HIGH
2026-09-21T04:47:15.265837+00:00,SIE_FIX_BREAKOUT_QUALITY_R_QUALITY_V1,BNB,BNBUSDT,strategy-lab-v1.0.0:SIE_FIX_BREAKOUT_QUALITY_R_QUALITY_V1,1789959600000,2026-09-21T03:00:00+00:00,777.93,779.39,775.71,776.98,76.27683969147385,763.356,742.665058600435,735.6149500000001,7.147857142857139,0.009199538138506961,76.69251729197234,1.5000000000000089,False,CLOSE_NOT_ABOVE_BREAKOUT_HIGH
2026-09-21T04:47:15.265837+00:00,SIE_FIX_BREAKOUT_QUALITY_R_QUALITY_V1,BNB,BNBUSDT,strategy-lab-v1.0.0:SIE_FIX_BREAKOUT_QUALITY_R_QUALITY_V1,1789963200000,2026-09-21T04:00:00+00:00,777.0,777.24,771.72,774.44,71.69581130540875,764.6195,744.4687724945168,735.85645,7.312142857142858,0.009441845536313798,76.27683969147385,1.5,False,CLOSE_NOT_ABOVE_BREAKOUT_HIGH
2026-09-21T04:47:15.265837+00:00,SIE_FIX_BREAKOUT_QUALITY_R_QUALITY_V1,PAXG,PAXGUSDT,strategy-lab-v1.0.0:SIE_FIX_BREAKOUT_QUALITY_R_QUALITY_V1,1789945200000,2026-09-20T23:00:00+00:00,4366.3,4367.84,4361.34,4362.9,52.137870855147206,4361.2225,4357.493431081128,4337.50855,4.159285714285683,0.0009533305173819439,61.17533718689806,1.5,False,CLOSE_NOT_ABOVE_BREAKOUT_HIGH
2026-09-21T04:47:15.265837+00:00,SIE_FIX_BREAKOUT_QUALITY_R_QUALITY_V1,PAXG,PAXGUSDT,strategy-lab-v1.0.0:SIE_FIX_BREAKOUT_QUALITY_R_QUALITY_V1,1789948800000,2026-09-21T00:00:00+00:00,4362.52,4363.38,4350.31,4359.28,47.76179056754629,4361.200999999999,4357.432547266887,4337.5256,4.914285714285662,0.0011273159132438528,52.137870855147206,1.5,False,CLOSE_NOT_ABOVE_BREAKOUT_HIGH|RSI_NOT_MOMENTUM_SUPPORTIVE
2026-09-21T04:47:15.265837+00:00,SIE_FIX_BREAKOUT_QUALITY_R_QUALITY_V1,PAXG,PAXGUSDT,strategy-lab-v1.0.0:SIE_FIX_BREAKOUT_QUALITY_R_QUALITY_V1,1789952400000,2026-09-21T01:00:00+00:00,4365.16,4374.42,4362.78,4365.55,61.326152810501604,4361.409,4357.18954553269,4337.57335,5.872857142857161,0.001345273136914515,47.76179056754629,1.499999999999914,False,PLANNED_REWARD_TOO_LOW|CLOSE_NOT_ABOVE_BREAKOUT_HIGH
2026-09-21T04:47:15.265837+00:00,SIE_FIX_BREAKOUT_QUALITY_R_QUALITY_V1,PAXG,PAXGUSDT,strategy-lab-v1.0.0:SIE_FIX_BREAKOUT_QUALITY_R_QUALITY_V1,1789956000000,2026-09-21T02:00:00+00:00,4367.7,4367.7,4356.0,4356.55,45.822316234796766,4361.181500000001,4356.459249371148,4337.57855,6.598571428571437,0.0015146323188237106,61.326152810501604,1.5,False,CLOSE_NOT_ABOVE_BREAKOUT_HIGH|RSI_NOT_MOMENTUM_SUPPORTIVE
2026-09-21T04:47:15.265837+00:00,SIE_FIX_BREAKOUT_QUALITY_R_QUALITY_V1,PAXG,PAXGUSDT,strategy-lab-v1.0.0:SIE_FIX_BREAKOUT_QUALITY_R_QUALITY_V1,1789959600000,2026-09-21T03:00:00+00:00,4356.12,4359.93,4350.96,4352.54,42.21680876979291,4360.8155,4354.786432161461,4337.56815,7.1171428571428805,0.0016351700058225497,45.822316234796766,1.5,False,CLOSE_NOT_ABOVE_BREAKOUT_HIGH|RSI_NOT_MOMENTUM_SUPPORTIVE
2026-09-21T04:47:15.265837+00:00,SIE_FIX_BREAKOUT_QUALITY_R_QUALITY_V1,PAXG,PAXGUSDT,strategy-lab-v1.0.0:SIE_FIX_BREAKOUT_QUALITY_R_QUALITY_V1,1789963200000,2026-09-21T04:00:00+00:00,4352.19,4357.99,4349.78,4354.37,43.55069014754905,4360.4755000000005,4353.829371878928,4337.5710500000005,7.604285714285782,0.0017463572719557093,42.21680876979291,1.4999999999999336,False,PLANNED_REWARD_TOO_LOW|CLOSE_NOT_ABOVE_BREAKOUT_HIGH|RSI_NOT_MOMENTUM_SUPPORTIVE
2026-09-21T12:40:47.965035+00:00,SIE_FIX_BREAKOUT_QUALITY_R_QUALITY_V1,BTC,BTCUSDT,strategy-lab-v1.0.0:SIE_FIX_BREAKOUT_QUALITY_R_QUALITY_V1,1789966800000,2026-09-21T05:00:00+00:00,81370.65,81796.36,81285.35,81541.94,60.68377162386168,81018.7445,80277.23088503555,78245.55589999999,480.5821428571435,0.0058936805140660554,61.46446572343519,1.5,False,CLOSE_NOT_ABOVE_BREAKOUT_HIGH
2026-09-21T12:40:47.965035+00:00,SIE_FIX_BREAKOUT_QUALITY_R_QUALITY_V1,BTC,BTCUSDT,strategy-lab-v1.0.0:SIE_FIX_BREAKOUT_QUALITY_R_QUALITY_V1,1789970400000,2026-09-21T06:00:00+00:00,81541.94,81870.79,81385.5,81621.54,55.59394686337776,81085.671,80381.15893648754,78267.56439999999,465.5650000000002,0.005703947756927893,60.68377162386168,1.5,False,CLOSE_NOT_ABOVE_BREAKOUT_HIGH
2026-09-21T12:40:47.965035+00:00,SIE_FIX_BREAKOUT_QUALITY_R_QUALITY_V1,BTC,BTCUSDT,strategy-lab-v1.0.0:SIE_FIX_BREAKOUT_QUALITY_R_QUALITY_V1,1789974000000,2026-09-21T07:00:00+00:00,81621.55,81711.0,81450.43,81704.88,60.78815074732623,81148.766,80459.93587262857,78289.77455,455.67785714285753,0.005577119226450825,55.59394686337776,1.5000000000000178,False,CLOSE_NOT_ABOVE_BREAKOUT_HIGH
2026-09-21T12:40:47.965035+00:00,SIE_FIX_BREAKOUT_QUALITY_R_QUALITY_V1,BTC,BTCUSDT,strategy-lab-v1.0.0:SIE_FIX_BREAKOUT_QUALITY_R_QUALITY_V1,1789977600000,2026-09-21T08:00:00+00:00,81707.14,84190.0,81698.83,83727.0,79.54490876780868,81312.55900000001,80047.92622264747,78322.14475,611.3435714285713,0.007301629957224925,60.78815074732623,1.5,True,
2026-09-21T12:40:47.965035+00:00,SIE_FIX_BREAKOUT_QUALITY_R_QUALITY_V1,BTC,BTCUSDT,strategy-lab-v1.0.0:SIE_FIX_BREAKOUT_QUALITY_R_QUALITY_V1,1789981200000,2026-09-21T09:00:00+00:00,83727.0,85257.0,83667.04,84635.49,82.47668314322637,81518.231,79643.80165602508,78358.82455,706.3635714285722,0.008345950043280568,79.54490876780868,1.5000000000000115,True,
2026-09-21T12:40:47.965035+00:00,SIE_FIX_BREAKOUT_QUALITY_R_QUALITY_V1,BTC,BTCUSDT,strategy-lab-v1.0.0:SIE_FIX_BREAKOUT_QUALITY_R_QUALITY_V1,1789984800000,2026-09-21T10:00:00+00:00,84635.5,84801.33,84109.8,84413.8,80.47907644747622,81706.9415,79494.81566278164,78394.55344999999,743.6028571428584,0.00880902005528549,82.47668314322637,1.4999999999999891,False,OPEN_TRADE_EXISTS|PLANNED_REWARD_TOO_LOW|CLOSE_NOT_ABOVE_BREAKOUT_HIGH
2026-09-21T12:40:47.965035+00:00,SIE_FIX_BREAKOUT_QUALITY_R_QUALITY_V1,BTC,BTCUSDT,strategy-lab-v1.0.0:SIE_FIX_BREAKOUT_QUALITY_R_QUALITY_V1,1789988400000,2026-09-21T11:00:00+00:00,84413.81,84899.99,84367.51,84878.78,84.17508417508418,81907.17050000001,79336.8486674707,78433.067,745.6135714285732,0.008784452031810226,80.47907644747622,1.5000000000000109,False,OPEN_TRADE_EXISTS|CLOSE_NOT_ABOVE_BREAKOUT_HIGH
2026-09-21T12:40:47.965035+00:00,SIE_FIX_BREAKOUT_QUALITY_R_QUALITY_V1,BTC,BTCUSDT,strategy-lab-v1.0.0:SIE_FIX_BREAKOUT_QUALITY_R_QUALITY_V1,1789992000000,2026-09-21T12:00:00+00:00,84878.78,85457.35,84798.33,85293.45,84.54455771127918,82106.24350000001,79161.66137508505,78473.5921,755.289285714288,0.008855185078271403,84.17508417508418,1.5,False,OPEN_TRADE_EXISTS
2026-09-21T12:40:47.965035+00:00,SIE_FIX_BREAKOUT_QUALITY_R_QUALITY_V1,BNB,BNBUSDT,strategy-lab-v1.0.0:SIE_FIX_BREAKOUT_QUALITY_R_QUALITY_V1,1789966800000,2026-09-21T05:00:00+00:00,773.43,775.3,770.63,773.11,67.08396287502701,765.693,746.4187673563838,736.0839,7.345000000000003,0.009500588532032962,70.02979145978148,1.5,False,CLOSE_NOT_ABOVE_BREAKOUT_HIGH
2026-09-21T12:40:47.965035+00:00,SIE_FIX_BREAKOUT_QUALITY_R_QUALITY_V1,BNB,BNBUSDT,strategy-lab-v1.0.0:SIE_FIX_BREAKOUT_QUALITY_R_QUALITY_V1,1789970400000,2026-09-21T06:00:00+00:00,773.36,774.44,770.73,771.88,59.91243006567741,766.851,749.0697898049585,736.3140999999999,7.003571428571433,0.009073394087904122,67.08396287502701,1.499999999999991,False,PLANNED_REWARD_TOO_LOW|CLOSE_NOT_ABOVE_BREAKOUT_HIGH
2026-09-21T12:40:47.965035+00:00,SIE_FIX_BREAKOUT_QUALITY_R_QUALITY_V1,BNB,BNBUSDT,strategy-lab-v1.0.0:SIE_FIX_BREAKOUT_QUALITY_R_QUALITY_V1,1789974000000,2026-09-21T07:00:00+00:00,772.55,773.88,766.23,768.71,55.48255550521073,767.6634999999999,751.1467869189946,736.5219999999999,6.965000000000008,0.009060634049251353,59.91243006567741,1.499999999999991,False,PLANNED_REWARD_TOO_LOW|CLOSE_NOT_ABOVE_BREAKOUT_HIGH
2026-09-21T12:40:47.965035+00:00,SIE_FIX_BREAKOUT_QUALITY_R_QUALITY_V1,BNB,BNBUSDT,strategy-lab-v1.0.0:SIE_FIX_BREAKOUT_QUALITY_R_QUALITY_V1,1789977600000,2026-09-21T08:00:00+00:00,768.72,782.96,768.72,781.49,64.0964735976613,769.1254999999999,753.1576805182967,736.7899000000001,7.397142857142861,0.009465435075487673,55.48255550521073,1.5000000000000084,False,CLOSE_NOT_ABOVE_BREAKOUT_HIGH
2026-09-21T12:40:47.965035+00:00,SIE_FIX_BREAKOUT_QUALITY_R_QUALITY_V1,BNB,BNBUSDT,strategy-lab-v1.0.0:SIE_FIX_BREAKOUT_QUALITY_R_QUALITY_V1,1789981200000,2026-09-21T09:00:00+00:00,781.48,786.51,779.72,783.67,63.25042079670842,770.7205,755.6585951071829,737.0677000000001,7.5457142857142845,0.009628688460339537,64.0964735976613,1.5,False,CLOSE_NOT_ABOVE_BREAKOUT_HIGH
2026-09-21T12:40:47.965035+00:00,SIE_FIX_BREAKOUT_QUALITY_R_QUALITY_V1,BNB,BNBUSDT,strategy-lab-v1.0.0:SIE_FIX_BREAKOUT_QUALITY_R_QUALITY_V1,1789984800000,2026-09-21T10:00:00+00:00,783.72,786.57,781.86,784.53,65.64452015900056,772.292,758.398599264389,737.3515000000001,7.447142857142857,0.009492489588853016,63.25042079670842,1.5,False,CLOSE_NOT_ABOVE_BREAKOUT_HIGH
2026-09-21T12:40:47.965035+00:00,SIE_FIX_BREAKOUT_QUALITY_R_QUALITY_V1,BNB,BNBUSDT,strategy-lab-v1.0.0:SIE_FIX_BREAKOUT_QUALITY_R_QUALITY_V1,1789988400000,2026-09-21T11:00:00+00:00,784.37,793.81,784.28,790.54,71.83968926553678,773.9549999999999,759.690001577277,737.6697,7.733571428571428,0.009782644051624748,65.64452015900056,1.5,True,
2026-09-21T12:40:47.965035+00:00,SIE_FIX_BREAKOUT_QUALITY_R_QUALITY_V1,BNB,BNBUSDT,strategy-lab-v1.0.0:SIE_FIX_BREAKOUT_QUALITY_R_QUALITY_V1,1789992000000,2026-09-21T12:00:00+00:00,789.64,814.41,787.74,788.92,64.78957915831666,775.2144999999999,760.3475924869933,737.98295,8.744285714285711,0.011083868724694154,71.83968926553678,1.5000000000000073,False,CLOSE_NOT_ABOVE_BREAKOUT_HIGH
2026-09-21T12:40:47.965035+00:00,SIE_FIX_BREAKOUT_QUALITY_R_QUALITY_V1,PAXG,PAXGUSDT,strategy-lab-v1.0.0:SIE_FIX_BREAKOUT_QUALITY_R_QUALITY_V1,1789966800000,2026-09-21T05:00:00+00:00,4348.99,4355.76,4345.0,4346.88,35.62664329535575,4359.467,4349.7487283428845,4337.50735,8.275000000000025,0.0019036642373380505,37.870774890779984,1.5,False,CLOSE_NOT_ABOVE_BREAKOUT_HIGH|RSI_NOT_MOMENTUM_SUPPORTIVE
2026-09-21T12:40:47.965035+00:00,SIE_FIX_BREAKOUT_QUALITY_R_QUALITY_V1,PAXG,PAXGUSDT,strategy-lab-v1.0.0:SIE_FIX_BREAKOUT_QUALITY_R_QUALITY_V1,1789970400000,2026-09-21T06:00:00+00:00,4345.69,4348.8,4340.68,4344.69,30.201193897855575,4358.6815,4347.042143875132,4337.4627,8.219285714285693,0.001891800269820331,35.62664329535575,1.5000000000000615,False,CLOSE_NOT_ABOVE_BREAKOUT_HIGH|RSI_NOT_MOMENTUM_SUPPORTIVE
2026-09-21T12:40:47.965035+00:00,SIE_FIX_BREAKOUT_QUALITY_R_QUALITY_V1,PAXG,PAXGUSDT,strategy-lab-v1.0.0:SIE_FIX_BREAKOUT_QUALITY_R_QUALITY_V1,1789974000000,2026-09-21T07:00:00+00:00,4344.32,4350.14,4338.0,4341.62,30.015381234893766,4357.8215,4344.010948562729,4337.40125,8.58499999999997,0.001977372501508647,30.201193897855575,1.4999999999999412,False,PLANNED_REWARD_TOO_LOW|CLOSE_NOT_ABOVE_BREAKOUT_HIGH|RSI_NOT_MOMENTUM_SUPPORTIVE
2026-09-21T12:40:47.965035+00:00,SIE_FIX_BREAKOUT_QUALITY_R_QUALITY_V1,PAXG,PAXGUSDT,strategy-lab-v1.0.0:SIE_FIX_BREAKOUT_QUALITY_R_QUALITY_V1,1789977600000,2026-09-21T08:00:00+00:00,4342.2,4352.85,4342.19,4348.05,38.67924528301917,4357.2384999999995,4342.824793641067,4337.3668,9.182857142857172,0.0021119483775157073,30.015381234893766,1.5,False,CLOSE_NOT_ABOVE_BREAKOUT_HIGH|RSI_NOT_MOMENTUM_SUPPORTIVE
2026-09-21T12:40:47.965035+00:00,SIE_FIX_BREAKOUT_QUALITY_R_QUALITY_V1,PAXG,PAXGUSDT,strategy-lab-v1.0.0:SIE_FIX_BREAKOUT_QUALITY_R_QUALITY_V1,1789981200000,2026-09-21T09:00:00+00:00,4346.17,4349.38,4337.78,4341.77,28.994413407822705,4356.3805,4340.50306510007,4337.30995,9.628571428571506,0.002217660407753406,38.67924528301917,1.5,False,CLOSE_NOT_ABOVE_BREAKOUT_HIGH|RSI_NOT_MOMENTUM_SUPPORTIVE
2026-09-21T12:40:47.965035+00:00,SIE_FIX_BREAKOUT_QUALITY_R_QUALITY_V1,PAXG,PAXGUSDT,strategy-lab-v1.0.0:SIE_FIX_BREAKOUT_QUALITY_R_QUALITY_V1,1789984800000,2026-09-21T10:00:00+00:00,4342.32,4350.93,4339.71,4339.71,28.637116056650314,4355.3765,4338.018013574003,4337.22695,10.167857142857233,0.0023429807850886887,28.994413407822705,1.4999999999999503,False,PLANNED_REWARD_TOO_LOW|CLOSE_NOT_ABOVE_BREAKOUT_HIGH|RSI_NOT_MOMENTUM_SUPPORTIVE
2026-09-21T12:40:47.965035+00:00,SIE_FIX_BREAKOUT_QUALITY_R_QUALITY_V1,PAXG,PAXGUSDT,strategy-lab-v1.0.0:SIE_FIX_BREAKOUT_QUALITY_R_QUALITY_V1,1789988400000,2026-09-21T11:00:00+00:00,4337.93,4365.25,4337.93,4364.35,50.57324840764363,4355.593999999999,4337.903403175654,4337.27025,11.820000000000098,0.002708307078946486,28.637116056650314,1.4999999999999571,False,PLANNED_REWARD_TOO_LOW|CLOSE_NOT_ABOVE_BREAKOUT_HIGH
2026-09-21T12:40:47.965035+00:00,SIE_FIX_BREAKOUT_QUALITY_R_QUALITY_V1,PAXG,PAXGUSDT,strategy-lab-v1.0.0:SIE_FIX_BREAKOUT_QUALITY_R_QUALITY_V1,1789992000000,2026-09-21T12:00:00+00:00,4362.38,4368.52,4348.07,4353.92,43.13272496245813,4355.16,4337.754614626457,4337.25735,12.648571428571554,0.0029050996409147514,50.57324840764363,1.50000000000004,False,CLOSE_NOT_ABOVE_BREAKOUT_HIGH|RSI_NOT_MOMENTUM_SUPPORTIVE
2026-09-21T19:20:12.056654+00:00,SIE_FIX_BREAKOUT_QUALITY_R_QUALITY_V1,BTC,BTCUSDT,strategy-lab-v1.0.0:SIE_FIX_BREAKOUT_QUALITY_R_QUALITY_V1,1789995600000,2026-09-21T13:00:00+00:00,85300.0,85829.95,84753.25,85443.42,85.4437983405758,82322.2755,79077.47642256171,78514.3848,816.520000000002,0.009556265421023667,84.56161037648447,1.49999999999999,False,PLANNED_REWARD_TOO_LOW|CLOSE_NOT_ABOVE_BREAKOUT_HIGH
2026-09-21T19:20:12.056654+00:00,SIE_FIX_BREAKOUT_QUALITY_R_QUALITY_V1,BTC,BTCUSDT,strategy-lab-v1.0.0:SIE_FIX_BREAKOUT_QUALITY_R_QUALITY_V1,1789999200000,2026-09-21T14:00:00+00:00,85444.68,86150.0,85006.89,85832.71,85.34285104908156,82562.895,79038.3038848796,78558.04965,848.8892857142876,0.009890044083593393,85.4437983405758,1.5,True,
2026-09-21T19:20:12.056654+00:00,SIE_FIX_BREAKOUT_QUALITY_R_QUALITY_V1,BTC,BTCUSDT,strategy-lab-v1.0.0:SIE_FIX_BREAKOUT_QUALITY_R_QUALITY_V1,1790002800000,2026-09-21T15:00:00+00:00,85832.38,86354.94,85777.23,85933.17,95.21314320824234,82801.43149999999,79049.81321515584,78602.2146,800.8907142857164,0.009319925173081785,85.34285104908156,1.5,False,OPEN_TRADE_EXISTS|CLOSE_NOT_ABOVE_BREAKOUT_HIGH
2026-09-21T19:20:12.056654+00:00,SIE_FIX_BREAKOUT_QUALITY_R_QUALITY_V1,BTC,BTCUSDT,strategy-lab-v1.0.0:SIE_FIX_BREAKOUT_QUALITY_R_QUALITY_V1,1790006400000,2026-09-21T16:00:00+00:00,85933.17,86149.99,85606.51,85967.88,94.94427242197364,83046.152,79141.89838448906,78648.16554999999,798.5821428571455,0.009289308319073885,95.21314320824234,1.5000000000000102,False,OPEN_TRADE_EXISTS|CLOSE_NOT_ABOVE_BREAKOUT_HIGH
2026-09-21T19:20:12.056654+00:00,SIE_FIX_BREAKOUT_QUALITY_R_QUALITY_V1,BTC,BTCUSDT,strategy-lab-v1.0.0:SIE_FIX_BREAKOUT_QUALITY_R_QUALITY_V1,1790010000000,2026-09-21T17:00:00+00:00,85967.89,86137.43,85682.08,85902.12,93.62163023290131,83295.244,79330.08911176393,78693.84569999999,806.9550000000017,0.009393889231138904,94.94427242197364,1.50000000000001,False,OPEN_TRADE_EXISTS|CLOSE_NOT_ABOVE_BREAKOUT_HIGH
2026-09-21T19:20:12.056654+00:00,SIE_FIX_BREAKOUT_QUALITY_R_QUALITY_V1,BTC,BTCUSDT,strategy-lab-v1.0.0:SIE_FIX_BREAKOUT_QUALITY_R_QUALITY_V1,1790013600000,2026-09-21T18:00:00+00:00,85907.4,86090.24,85799.7,86071.78,94.5517850509092,83539.008,79520.84238702798,78740.99245,807.7085714285734,0.009384127659827336,93.62163023290131,1.5,False,OPEN_TRADE_EXISTS|CLOSE_NOT_ABOVE_BREAKOUT_HIGH
2026-09-21T19:20:12.056654+00:00,SIE_FIX_BREAKOUT_QUALITY_R_QUALITY_V1,BTC,BTCUSDT,strategy-lab-v1.0.0:SIE_FIX_BREAKOUT_QUALITY_R_QUALITY_V1,1790017200000,2026-09-21T19:00:00+00:00,86071.79,86266.97,85971.79,86261.16,94.57039130204811,83794.084,79764.798242387,78788.5026,792.2921428571457,0.009184807425000378,94.5517850509092,1.5,False,OPEN_TRADE_EXISTS|CLOSE_NOT_ABOVE_BREAKOUT_HIGH
2026-09-21T19:20:12.056654+00:00,SIE_FIX_BREAKOUT_QUALITY_R_QUALITY_V1,BNB,BNBUSDT,strategy-lab-v1.0.0:SIE_FIX_BREAKOUT_QUALITY_R_QUALITY_V1,1789995600000,2026-09-21T13:00:00+00:00,790.14,796.17,785.93,794.11,71.41169521559364,776.789,760.5426946969378,738.3295999999999,9.162142857142856,0.011537624330562334,66.45426515930117,1.5,False,CLOSE_NOT_ABOVE_BREAKOUT_HIGH
2026-09-21T19:20:12.056654+00:00,SIE_FIX_BREAKOUT_QUALITY_R_QUALITY_V1,BNB,BNBUSDT,strategy-lab-v1.0.0:SIE_FIX_BREAKOUT_QUALITY_R_QUALITY_V1,1789999200000,2026-09-21T14:00:00+00:00,794.38,799.17,791.46,797.36,69.08665105386423,778.354,760.584462695942,738.7089500000001,8.97499999999999,0.011255894451690568,71.41169521559364,1.500000000000007,False,CLOSE_NOT_ABOVE_BREAKOUT_HIGH
2026-09-21T19:20:12.056654+00:00,SIE_FIX_BREAKOUT_QUALITY_R_QUALITY_V1,BNB,BNBUSDT,strategy-lab-v1.0.0:SIE_FIX_BREAKOUT_QUALITY_R_QUALITY_V1,1790002800000,2026-09-21T15:00:00+00:00,797.39,807.12,797.39,803.39,80.40117007939827,780.0485,759.7026716560785,739.1151999999998,8.889285714285702,0.01106472039020364,69.08665105386423,1.5,False,CLOSE_NOT_ABOVE_BREAKOUT_HIGH
2026-09-21T19:20:12.056654+00:00,SIE_FIX_BREAKOUT_QUALITY_R_QUALITY_V1,BNB,BNBUSDT,strategy-lab-v1.0.0:SIE_FIX_BREAKOUT_QUALITY_R_QUALITY_V1,1790006400000,2026-09-21T16:00:00+00:00,802.9,803.15,794.59,797.78,70.04396482813745,781.5375,760.5867913007619,739.5161499999999,8.83499999999998,0.011074481686680513,80.40117007939827,1.500000000000007,False,CLOSE_NOT_ABOVE_BREAKOUT_HIGH
2026-09-21T19:20:12.056654+00:00,SIE_FIX_BREAKOUT_QUALITY_R_QUALITY_V1,BNB,BNBUSDT,strategy-lab-v1.0.0:SIE_FIX_BREAKOUT_QUALITY_R_QUALITY_V1,1790010000000,2026-09-21T17:00:00+00:00,797.89,799.39,793.5,795.91,68.49716630838378,783.043,762.5089783773285,739.91535,8.992857142857124,0.011298836731360486,70.04396482813745,1.499999999999993,False,PLANNED_REWARD_TOO_LOW|CLOSE_NOT_ABOVE_BREAKOUT_HIGH
2026-09-21T19:20:12.056654+00:00,SIE_FIX_BREAKOUT_QUALITY_R_QUALITY_V1,BNB,BNBUSDT,strategy-lab-v1.0.0:SIE_FIX_BREAKOUT_QUALITY_R_QUALITY_V1,1790013600000,2026-09-21T18:00:00+00:00,796.0,801.36,794.99,801.02,76.39338025489826,784.3860000000001,762.8619572570499,740.34715,9.053571428571413,0.011302553529963563,68.49716630838378,1.4999999999999931,False,PLANNED_REWARD_TOO_LOW|CLOSE_NOT_ABOVE_BREAKOUT_HIGH
2026-09-21T19:20:12.056654+00:00,SIE_FIX_BREAKOUT_QUALITY_R_QUALITY_V1,BNB,BNBUSDT,strategy-lab-v1.0.0:SIE_FIX_BREAKOUT_QUALITY_R_QUALITY_V1,1790017200000,2026-09-21T19:00:00+00:00,800.81,801.7,799.83,800.87,76.40791476407917,785.8115,763.8894624350208,740.77185,8.853571428571415,0.011054942036249847,76.39338025489826,1.500000000000007,False,CLOSE_NOT_ABOVE_BREAKOUT_HIGH
2026-09-21T19:20:12.056654+00:00,SIE_FIX_BREAKOUT_QUALITY_R_QUALITY_V1,PAXG,PAXGUSDT,strategy-lab-v1.0.0:SIE_FIX_BREAKOUT_QUALITY_R_QUALITY_V1,1789995600000,2026-09-21T13:00:00+00:00,4357.21,4362.5,4343.86,4344.33,40.042895442359594,4354.5235,4336.617950832172,4337.20985,13.515714285714434,0.003111115934036879,44.547840610832694,1.4999999999999627,False,PLANNED_REWARD_TOO_LOW|CLOSE_NOT_ABOVE_BREAKOUT_HIGH|RSI_NOT_MOMENTUM_SUPPORTIVE
2026-09-21T19:20:12.056654+00:00,SIE_FIX_BREAKOUT_QUALITY_R_QUALITY_V1,PAXG,PAXGUSDT,strategy-lab-v1.0.0:SIE_FIX_BREAKOUT_QUALITY_R_QUALITY_V1,1789999200000,2026-09-21T14:00:00+00:00,4343.63,4343.63,4321.46,4338.55,39.13635887223603,4353.4605,4334.446559351058,4337.1268,14.215714285714446,0.003276604922316084,40.042895442359594,1.5,False,CLOSE_NOT_ABOVE_BREAKOUT_HIGH|RSI_NOT_MOMENTUM_SUPPORTIVE
2026-09-21T19:20:12.056654+00:00,SIE_FIX_BREAKOUT_QUALITY_R_QUALITY_V1,PAXG,PAXGUSDT,strategy-lab-v1.0.0:SIE_FIX_BREAKOUT_QUALITY_R_QUALITY_V1,1790002800000,2026-09-21T15:00:00+00:00,4340.21,4351.37,4339.84,4345.26,39.41575378195113,4352.507,4333.859916474646,4337.0765,14.050000000000116,0.0032334083576126896,39.13635887223603,1.5,False,CLOSE_NOT_ABOVE_BREAKOUT_HIGH|RSI_NOT_MOMENTUM_SUPPORTIVE
2026-09-21T19:20:12.056654+00:00,SIE_FIX_BREAKOUT_QUALITY_R_QUALITY_V1,PAXG,PAXGUSDT,strategy-lab-v1.0.0:SIE_FIX_BREAKOUT_QUALITY_R_QUALITY_V1,1790006400000,2026-09-21T16:00:00+00:00,4344.29,4354.24,4340.0,4340.72,41.3393150235257,4351.396,4332.719982865676,4337.0043,14.231428571428685,0.0032785870941753176,39.41575378195113,1.5,False,CLOSE_NOT_ABOVE_BREAKOUT_HIGH|RSI_NOT_MOMENTUM_SUPPORTIVE
2026-09-21T19:20:12.056654+00:00,SIE_FIX_BREAKOUT_QUALITY_R_QUALITY_V1,PAXG,PAXGUSDT,strategy-lab-v1.0.0:SIE_FIX_BREAKOUT_QUALITY_R_QUALITY_V1,1790010000000,2026-09-21T17:00:00+00:00,4340.0,4343.73,4336.45,4343.36,44.9011330815373,4350.3915,4332.263808172258,4336.96185,14.110714285714364,0.0032488014545684367,41.3393150235257,1.4999999999999643,False,PLANNED_REWARD_TOO_LOW|CLOSE_NOT_ABOVE_BREAKOUT_HIGH|RSI_NOT_MOMENTUM_SUPPORTIVE
2026-09-21T19:20:12.056654+00:00,SIE_FIX_BREAKOUT_QUALITY_R_QUALITY_V1,PAXG,PAXGUSDT,strategy-lab-v1.0.0:SIE_FIX_BREAKOUT_QUALITY_R_QUALITY_V1,1790013600000,2026-09-21T18:00:00+00:00,4342.1,4350.16,4342.1,4342.55,46.17845310179389,4349.228499999999,4332.259271054594,4336.92295,14.053571428571493,0.0032362486162672835,44.9011330815373,1.499999999999964,False,PLANNED_REWARD_TOO_LOW|CLOSE_NOT_ABOVE_BREAKOUT_HIGH|RSI_NOT_MOMENTUM_SUPPORTIVE
2026-09-21T19:20:12.056654+00:00,SIE_FIX_BREAKOUT_QUALITY_R_QUALITY_V1,PAXG,PAXGUSDT,strategy-lab-v1.0.0:SIE_FIX_BREAKOUT_QUALITY_R_QUALITY_V1,1790017200000,2026-09-21T19:00:00+00:00,4341.92,4343.79,4340.73,4343.52,48.04968655676825,4348.2595,4332.343021149401,4336.8774,13.503571428571506,0.003108900483610414,46.17845310179389,1.5,False,CLOSE_NOT_ABOVE_BREAKOUT_HIGH|RSI_NOT_MOMENTUM_SUPPORTIVE
2026-09-21T23:13:29.477776+00:00,SIE_FIX_BREAKOUT_QUALITY_R_QUALITY_V1,BTC,BTCUSDT,strategy-lab-v1.0.0:SIE_FIX_BREAKOUT_QUALITY_R_QUALITY_V1,1790020800000,2026-09-21T20:00:00+00:00,86490.34,87397.0,86490.34,86980.02,95.15537518244221,84075.24799999999,79925.60700380047,78840.92085,867.2492857142892,0.009970672410908725,94.8000426922915,1.5,True,
2026-09-21T23:13:29.477776+00:00,SIE_FIX_BREAKOUT_QUALITY_R_QUALITY_V1,BTC,BTCUSDT,strategy-lab-v1.0.0:SIE_FIX_BREAKOUT_QUALITY_R_QUALITY_V1,1790024400000,2026-09-21T21:00:00+00:00,86980.03,86986.72,86528.34,86557.3,88.67850834401428,84354.44,80327.57690664365,78889.61695,881.3785714285748,0.010182602408214845,95.15537518244221,1.499999999999991,False,OPEN_TRADE_EXISTS|PLANNED_REWARD_TOO_LOW|CLOSE_NOT_ABOVE_BREAKOUT_HIGH
2026-09-21T23:13:29.477776+00:00,SIE_FIX_BREAKOUT_QUALITY_R_QUALITY_V1,BTC,BTCUSDT,strategy-lab-v1.0.0:SIE_FIX_BREAKOUT_QUALITY_R_QUALITY_V1,1790028000000,2026-09-21T22:00:00+00:00,86557.31,86733.99,86266.36,86423.13,80.74397750415626,84610.6035,80744.99212718375,78935.84245,736.8400000000038,0.008525958270662076,88.67850834401428,1.5000000000000109,False,OPEN_TRADE_EXISTS|CLOSE_NOT_ABOVE_BREAKOUT_HIGH
2026-09-21T23:13:29.477776+00:00,SIE_FIX_BREAKOUT_QUALITY_R_QUALITY_V1,BTC,BTCUSDT,strategy-lab-v1.0.0:SIE_FIX_BREAKOUT_QUALITY_R_QUALITY_V1,1790031600000,2026-09-21T23:00:00+00:00,86423.13,86600.0,86399.38,86549.77,76.56537957679225,84867.517,81209.08102243814,78983.06495,637.6014285714316,0.007366876059536976,80.74397750415626,1.5000000000000127,False,OPEN_TRADE_EXISTS|CLOSE_NOT_ABOVE_BREAKOUT_HIGH
2026-09-21T23:13:29.477776+00:00,SIE_FIX_BREAKOUT_QUALITY_R_QUALITY_V1,BNB,BNBUSDT,strategy-lab-v1.0.0:SIE_FIX_BREAKOUT_QUALITY_R_QUALITY_V1,1790020800000,2026-09-21T20:00:00+00:00,800.24,806.55,799.92,804.82,78.9353478566409,787.0400000000001,763.9347174871099,741.2153500000001,9.144285714285697,0.011361901685203768,75.23417010116142,1.5,False,CLOSE_NOT_ABOVE_BREAKOUT_HIGH
2026-09-21T23:13:29.477776+00:00,SIE_FIX_BREAKOUT_QUALITY_R_QUALITY_V1,BNB,BNBUSDT,strategy-lab-v1.0.0:SIE_FIX_BREAKOUT_QUALITY_R_QUALITY_V1,1790024400000,2026-09-21T21:00:00+00:00,804.85,806.96,802.2,804.67,83.35807050092745,788.559,765.0159433590181,741.6503,8.937857142857126,0.011107481505284312,78.9353478566409,1.5,False,CLOSE_NOT_ABOVE_BREAKOUT_HIGH
2026-09-21T23:13:29.477776+00:00,SIE_FIX_BREAKOUT_QUALITY_R_QUALITY_V1,BNB,BNBUSDT,strategy-lab-v1.0.0:SIE_FIX_BREAKOUT_QUALITY_R_QUALITY_V1,1790028000000,2026-09-21T22:00:00+00:00,804.72,806.96,798.81,800.82,71.49210584834333,789.714,766.144760385611,742.0631999999999,8.502142857142847,0.010616796355164514,83.35807050092745,1.5000000000000073,False,CLOSE_NOT_ABOVE_BREAKOUT_HIGH
2026-09-21T23:13:29.477776+00:00,SIE_FIX_BREAKOUT_QUALITY_R_QUALITY_V1,BNB,BNBUSDT,strategy-lab-v1.0.0:SIE_FIX_BREAKOUT_QUALITY_R_QUALITY_V1,1790031600000,2026-09-21T23:00:00+00:00,800.44,803.08,800.44,802.99,71.48576512455514,791.0145,767.5291143527406,742.4856499999999,8.205714285714278,0.01021894953326228,71.49210584834333,1.4999999999999922,False,PLANNED_REWARD_TOO_LOW|CLOSE_NOT_ABOVE_BREAKOUT_HIGH
2026-09-21T23:13:29.477776+00:00,SIE_FIX_BREAKOUT_QUALITY_R_QUALITY_V1,PAXG,PAXGUSDT,strategy-lab-v1.0.0:SIE_FIX_BREAKOUT_QUALITY_R_QUALITY_V1,1790020800000,2026-09-21T20:00:00+00:00,4340.43,4341.23,4335.24,4339.86,47.18104353916194,4347.187,4331.591296617284,4336.815,13.986428571428664,0.0032227833550917922,46.874637597123794,1.5,False,CLOSE_NOT_ABOVE_BREAKOUT_HIGH|RSI_NOT_MOMENTUM_SUPPORTIVE
2026-09-21T23:13:29.477776+00:00,SIE_FIX_BREAKOUT_QUALITY_R_QUALITY_V1,PAXG,PAXGUSDT,strategy-lab-v1.0.0:SIE_FIX_BREAKOUT_QUALITY_R_QUALITY_V1,1790024400000,2026-09-21T21:00:00+00:00,4339.99,4340.76,4324.81,4340.75,49.47897951850528,4345.947,4332.608236788904,4336.7651000000005,14.258571428571486,0.003284817469002243,47.18104353916194,1.5,False,CLOSE_NOT_ABOVE_BREAKOUT_HIGH|RSI_NOT_MOMENTUM_SUPPORTIVE
2026-09-21T23:13:29.477776+00:00,SIE_FIX_BREAKOUT_QUALITY_R_QUALITY_V1,PAXG,PAXGUSDT,strategy-lab-v1.0.0:SIE_FIX_BREAKOUT_QUALITY_R_QUALITY_V1,1790028000000,2026-09-21T22:00:00+00:00,4342.35,4359.7,4342.3,4358.37,55.449936628643684,4346.038,4332.3898886287625,4336.81635,14.810000000000011,0.003398059366230956,49.47897951850528,1.5,False,CLOSE_NOT_ABOVE_BREAKOUT_HIGH
2026-09-21T23:13:29.477776+00:00,SIE_FIX_BREAKOUT_QUALITY_R_QUALITY_V1,PAXG,PAXGUSDT,strategy-lab-v1.0.0:SIE_FIX_BREAKOUT_QUALITY_R_QUALITY_V1,1790031600000,2026-09-21T23:00:00+00:00,4358.73,4359.95,4357.53,4358.8,59.58572554317212,4346.351000000001,4331.859706199871,4336.883400000001,14.154285714285704,0.0032472895554477616,55.449936628643684,1.4999999999999643,False,PLANNED_REWARD_TOO_LOW|CLOSE_NOT_ABOVE_BREAKOUT_HIGH
2026-09-22T04:44:34.958866+00:00,SIE_FIX_BREAKOUT_QUALITY_R_QUALITY_V1,BTC,BTCUSDT,strategy-lab-v1.0.0:SIE_FIX_BREAKOUT_QUALITY_R_QUALITY_V1,1790035200000,2026-09-22T00:00:00+00:00,86594.94,86610.96,85832.35,85876.06,67.63748033927402,85095.04650000001,81783.59966102376,79026.38905,654.6721428571462,0.007623453414806714,76.85553968745613,1.5000000000000124,False,CLOSE_NOT_ABOVE_BREAKOUT_HIGH
2026-09-22T04:44:34.958866+00:00,SIE_FIX_BREAKOUT_QUALITY_R_QUALITY_V1,BTC,BTCUSDT,strategy-lab-v1.0.0:SIE_FIX_BREAKOUT_QUALITY_R_QUALITY_V1,1790038800000,2026-09-22T01:00:00+00:00,85876.06,85965.31,85347.61,85598.67,59.09473359728929,85297.883,82412.24203994995,79067.88945,660.7592857142881,0.007719270471308586,67.63748033927402,1.5000000000000122,False,CLOSE_NOT_ABOVE_BREAKOUT_HIGH
2026-09-22T04:44:34.958866+00:00,SIE_FIX_BREAKOUT_QUALITY_R_QUALITY_V1,BTC,BTCUSDT,strategy-lab-v1.0.0:SIE_FIX_BREAKOUT_QUALITY_R_QUALITY_V1,1790042400000,2026-09-22T02:00:00+00:00,85598.67,85858.49,85361.89,85700.0,55.49776790623003,85501.80600000001,83158.76834852909,79109.82775,649.1578571428597,0.0075747707951325524,59.09473359728929,1.5,False,CLOSE_NOT_ABOVE_BREAKOUT_HIGH
2026-09-22T04:44:34.958866+00:00,SIE_FIX_BREAKOUT_QUALITY_R_QUALITY_V1,BTC,BTCUSDT,strategy-lab-v1.0.0:SIE_FIX_BREAKOUT_QUALITY_R_QUALITY_V1,1790046000000,2026-09-22T03:00:00+00:00,85700.0,85741.14,85265.26,85667.84,53.18183622659908,85699.954,84133.12313340009,79151.89835,606.242142857146,0.0070766596059518485,55.49776790623003,1.4999999999999867,False,PLANNED_REWARD_TOO_LOW|CLOSE_NOT_ABOVE_BREAKOUT_HIGH
2026-09-22T04:44:34.958866+00:00,SIE_FIX_BREAKOUT_QUALITY_R_QUALITY_V1,BTC,BTCUSDT,strategy-lab-v1.0.0:SIE_FIX_BREAKOUT_QUALITY_R_QUALITY_V1,1790049600000,2026-09-22T04:00:00+00:00,85667.84,85721.91,85438.5,85502.51,45.00093864870907,85788.72949999999,84503.14716645106,79192.798,544.8350000000033,0.006372152115768337,53.18183622659908,1.5000000000000149,False,CLOSE_NOT_ABOVE_BREAKOUT_HIGH|RSI_NOT_MOMENTUM_SUPPORTIVE
2026-09-22T04:44:34.958866+00:00,SIE_FIX_BREAKOUT_QUALITY_R_QUALITY_V1,BNB,BNBUSDT,strategy-lab-v1.0.0:SIE_FIX_BREAKOUT_QUALITY_R_QUALITY_V1,1790035200000,2026-09-22T00:00:00+00:00,798.66,801.21,793.76,794.29,60.07016095749065,791.8774999999999,770.1387568210619,742.8344500000001,8.636428571428569,0.010873142770812385,67.53041910770615,1.4999999999999927,False,PLANNED_REWARD_TOO_LOW|CLOSE_NOT_ABOVE_BREAKOUT_HIGH
2026-09-22T04:44:34.958866+00:00,SIE_FIX_BREAKOUT_QUALITY_R_QUALITY_V1,BNB,BNBUSDT,strategy-lab-v1.0.0:SIE_FIX_BREAKOUT_QUALITY_R_QUALITY_V1,1790038800000,2026-09-22T01:00:00+00:00,794.39,795.75,785.05,789.14,48.52941176470591,792.679,772.6525595774029,743.1762,8.720000000000002,0.011050003801606817,60.07016095749065,1.5,False,CLOSE_NOT_ABOVE_BREAKOUT_HIGH|RSI_NOT_MOMENTUM_SUPPORTIVE
2026-09-22T04:44:34.958866+00:00,SIE_FIX_BREAKOUT_QUALITY_R_QUALITY_V1,BNB,BNBUSDT,strategy-lab-v1.0.0:SIE_FIX_BREAKOUT_QUALITY_R_QUALITY_V1,1790042400000,2026-09-22T02:00:00+00:00,789.12,792.87,787.08,790.66,50.502564102564115,793.6179999999999,775.959375365,743.5196,7.228571428571432,0.00914245241769083,48.52941176470591,1.5,False,CLOSE_NOT_ABOVE_BREAKOUT_HIGH
2026-09-22T04:44:34.958866+00:00,SIE_FIX_BREAKOUT_QUALITY_R_QUALITY_V1,BNB,BNBUSDT,strategy-lab-v1.0.0:SIE_FIX_BREAKOUT_QUALITY_R_QUALITY_V1,1790046000000,2026-09-22T03:00:00+00:00,790.73,792.0,787.66,789.5,44.98586034370241,794.6575,780.989483501626,743.86315,6.807142857142862,0.00862209354926265,50.502564102564115,1.4999999999999907,False,PLANNED_REWARD_TOO_LOW|CLOSE_NOT_ABOVE_BREAKOUT_HIGH|RSI_NOT_MOMENTUM_SUPPORTIVE
2026-09-22T04:44:34.958866+00:00,SIE_FIX_BREAKOUT_QUALITY_R_QUALITY_V1,BNB,BNBUSDT,strategy-lab-v1.0.0:SIE_FIX_BREAKOUT_QUALITY_R_QUALITY_V1,1790049600000,2026-09-22T04:00:00+00:00,788.65,789.97,786.98,787.26,38.76779359430606,794.946,782.1886595248138,744.1894500000001,6.470000000000011,0.008218377664304057,44.98586034370241,1.4999999999999902,False,PLANNED_REWARD_TOO_LOW|CLOSE_NOT_ABOVE_BREAKOUT_HIGH|RSI_NOT_MOMENTUM_SUPPORTIVE
2026-09-22T04:44:34.958866+00:00,SIE_FIX_BREAKOUT_QUALITY_R_QUALITY_V1,PAXG,PAXGUSDT,strategy-lab-v1.0.0:SIE_FIX_BREAKOUT_QUALITY_R_QUALITY_V1,1790035200000,2026-09-22T00:00:00+00:00,4363.76,4369.63,4346.94,4355.83,57.991275034701545,4346.9585,4330.87460460735,4336.9118,15.652857142857167,0.0035935417917726743,61.96630999046465,1.5000000000000322,False,CLOSE_NOT_ABOVE_BREAKOUT_HIGH
2026-09-22T04:44:34.958866+00:00,SIE_FIX_BREAKOUT_QUALITY_R_QUALITY_V1,PAXG,PAXGUSDT,strategy-lab-v1.0.0:SIE_FIX_BREAKOUT_QUALITY_R_QUALITY_V1,1790038800000,2026-09-22T01:00:00+00:00,4354.71,4357.73,4339.78,4345.46,39.0922739346342,4346.8875,4330.790314065754,4336.87805,14.98357142857146,0.003448097883439604,57.991275034701545,1.5,False,CLOSE_NOT_ABOVE_BREAKOUT_HIGH|RSI_NOT_MOMENTUM_SUPPORTIVE
2026-09-22T04:44:34.958866+00:00,SIE_FIX_BREAKOUT_QUALITY_R_QUALITY_V1,PAXG,PAXGUSDT,strategy-lab-v1.0.0:SIE_FIX_BREAKOUT_QUALITY_R_QUALITY_V1,1790042400000,2026-09-22T02:00:00+00:00,4346.37,4351.13,4337.97,4339.28,39.78140792102451,4346.617,4330.2025026271995,4336.8082,14.462857142857112,0.0033330085043733323,39.0922739346342,1.4999999999999651,False,PLANNED_REWARD_TOO_LOW|CLOSE_NOT_ABOVE_BREAKOUT_HIGH|RSI_NOT_MOMENTUM_SUPPORTIVE
2026-09-22T04:44:34.958866+00:00,SIE_FIX_BREAKOUT_QUALITY_R_QUALITY_V1,PAXG,PAXGUSDT,strategy-lab-v1.0.0:SIE_FIX_BREAKOUT_QUALITY_R_QUALITY_V1,1790046000000,2026-09-22T03:00:00+00:00,4340.48,4345.81,4337.52,4340.56,47.45373497230883,4346.564,4330.078614472155,4336.76485,13.723571428571372,0.00316170527041934,39.78140792102451,1.5,False,CLOSE_NOT_ABOVE_BREAKOUT_HIGH|RSI_NOT_MOMENTUM_SUPPORTIVE
2026-09-22T04:44:34.958866+00:00,SIE_FIX_BREAKOUT_QUALITY_R_QUALITY_V1,PAXG,PAXGUSDT,strategy-lab-v1.0.0:SIE_FIX_BREAKOUT_QUALITY_R_QUALITY_V1,1790049600000,2026-09-22T04:00:00+00:00,4337.52,4338.49,4334.07,4338.49,49.95733788395876,4346.086,4329.25001900685,4336.7173999999995,12.553571428571429,0.002893534715666379,47.45373497230883,1.5,False,CLOSE_NOT_ABOVE_BREAKOUT_HIGH|RSI_NOT_MOMENTUM_SUPPORTIVE
2026-09-22T11:28:47.609018+00:00,SIE_FIX_BREAKOUT_QUALITY_R_QUALITY_V1,BTC,BTCUSDT,strategy-lab-v1.0.0:SIE_FIX_BREAKOUT_QUALITY_R_QUALITY_V1,1790053200000,2026-09-22T05:00:00+00:00,85439.57,85588.01,85059.28,85398.69,41.916466524298514,85823.742,84631.9987908068,79233.0739,544.030000000003,0.006370472427621583,44.15923602836954,1.5,False,CLOSE_NOT_ABOVE_BREAKOUT_HIGH|RSI_NOT_MOMENTUM_SUPPORTIVE
2026-09-22T11:28:47.609018+00:00,SIE_FIX_BREAKOUT_QUALITY_R_QUALITY_V1,BTC,BTCUSDT,strategy-lab-v1.0.0:SIE_FIX_BREAKOUT_QUALITY_R_QUALITY_V1,1790056800000,2026-09-22T06:00:00+00:00,85398.69,85564.49,85230.01,85359.23,40.807918495316684,85871.0135,84842.96657073798,79276.48655,529.1014285714316,0.006198526258629929,41.916466524298514,1.5000000000000153,False,CLOSE_NOT_ABOVE_BREAKOUT_HIGH|RSI_NOT_MOMENTUM_SUPPORTIVE
2026-09-22T11:28:47.609018+00:00,SIE_FIX_BREAKOUT_QUALITY_R_QUALITY_V1,BTC,BTCUSDT,strategy-lab-v1.0.0:SIE_FIX_BREAKOUT_QUALITY_R_QUALITY_V1,1790060400000,2026-09-22T07:00:00+00:00,85359.23,85505.43,85149.27,85339.85,41.38771884142343,85894.06700000001,84937.88913874299,79319.18655,522.0164285714314,0.006116912890887802,40.807918495316684,1.5,False,CLOSE_NOT_ABOVE_BREAKOUT_HIGH|RSI_NOT_MOMENTUM_SUPPORTIVE
2026-09-22T11:28:47.609018+00:00,SIE_FIX_BREAKOUT_QUALITY_R_QUALITY_V1,BTC,BTCUSDT,strategy-lab-v1.0.0:SIE_FIX_BREAKOUT_QUALITY_R_QUALITY_V1,1790064000000,2026-09-22T08:00:00+00:00,85341.44,86384.73,85307.72,86198.8,51.60636780283491,85939.00700000001,85014.78461977001,79366.3436,578.192857142859,0.0067076671269537275,41.38771884142343,1.500000000000014,False,CLOSE_NOT_ABOVE_BREAKOUT_HIGH
2026-09-22T11:28:47.609018+00:00,SIE_FIX_BREAKOUT_QUALITY_R_QUALITY_V1,BTC,BTCUSDT,strategy-lab-v1.0.0:SIE_FIX_BREAKOUT_QUALITY_R_QUALITY_V1,1790067600000,2026-09-22T09:00:00+00:00,86198.79,86259.99,85649.86,86238.82,46.41293723235325,85978.777,85075.05322107307,79412.15354999999,555.8300000000017,0.006445241249822316,51.60636780283491,1.5,False,CLOSE_NOT_ABOVE_BREAKOUT_HIGH|RSI_NOT_MOMENTUM_SUPPORTIVE
2026-09-22T11:28:47.609018+00:00,SIE_FIX_BREAKOUT_QUALITY_R_QUALITY_V1,BTC,BTCUSDT,strategy-lab-v1.0.0:SIE_FIX_BREAKOUT_QUALITY_R_QUALITY_V1,1790071200000,2026-09-22T10:00:00+00:00,86238.82,86251.19,85727.74,85864.54,33.87894904182434,85980.36850000001,85077.56761284661,79453.63190000001,528.4578571428584,0.006154552940513726,46.41293723235325,1.5000000000000153,False,CLOSE_NOT_ABOVE_BREAKOUT_HIGH|RSI_NOT_MOMENTUM_SUPPORTIVE
2026-09-22T11:28:47.609018+00:00,SIE_FIX_BREAKOUT_QUALITY_R_QUALITY_V1,BTC,BTCUSDT,strategy-lab-v1.0.0:SIE_FIX_BREAKOUT_QUALITY_R_QUALITY_V1,1790074800000,2026-09-22T11:00:00+00:00,85867.85,86076.7,85744.37,86032.17,41.806647298735236,85985.31850000001,85082.5214180126,79495.96025,519.4542857142868,0.006037907514297115,33.87894904182434,1.5000000000000155,False,CLOSE_NOT_ABOVE_BREAKOUT_HIGH|RSI_NOT_MOMENTUM_SUPPORTIVE
2026-09-22T11:28:47.609018+00:00,SIE_FIX_BREAKOUT_QUALITY_R_QUALITY_V1,BNB,BNBUSDT,strategy-lab-v1.0.0:SIE_FIX_BREAKOUT_QUALITY_R_QUALITY_V1,1790053200000,2026-09-22T05:00:00+00:00,786.72,788.87,783.17,787.08,29.1485553566864,795.1175000000001,782.8898332151869,744.5189,6.2928571428571605,0.007995193808580018,38.785046728971956,1.5,False,CLOSE_NOT_ABOVE_BREAKOUT_HIGH|RSI_NOT_MOMENTUM_SUPPORTIVE
2026-09-22T11:28:47.609018+00:00,SIE_FIX_BREAKOUT_QUALITY_R_QUALITY_V1,BNB,BNBUSDT,strategy-lab-v1.0.0:SIE_FIX_BREAKOUT_QUALITY_R_QUALITY_V1,1790056800000,2026-09-22T06:00:00+00:00,787.19,788.15,785.43,786.36,33.313851548802006,795.209,783.2757659035605,744.8727,5.858571428571452,0.007450240892938923,29.1485553566864,1.5,False,CLOSE_NOT_ABOVE_BREAKOUT_HIGH|RSI_NOT_MOMENTUM_SUPPORTIVE
2026-09-22T11:28:47.609018+00:00,SIE_FIX_BREAKOUT_QUALITY_R_QUALITY_V1,BNB,BNBUSDT,strategy-lab-v1.0.0:SIE_FIX_BREAKOUT_QUALITY_R_QUALITY_V1,1790060400000,2026-09-22T07:00:00+00:00,786.61,787.72,783.0,784.62,33.44089175711365,794.913,782.259262054222,745.2152000000001,5.775000000000026,0.007360250822054021,33.313851548802006,1.5,False,CLOSE_NOT_ABOVE_BREAKOUT_HIGH|RSI_NOT_MOMENTUM_SUPPORTIVE
2026-09-22T11:28:47.609018+00:00,SIE_FIX_BREAKOUT_QUALITY_R_QUALITY_V1,BNB,BNBUSDT,strategy-lab-v1.0.0:SIE_FIX_BREAKOUT_QUALITY_R_QUALITY_V1,1790064000000,2026-09-22T08:00:00+00:00,785.05,789.36,783.53,787.48,28.737437185929807,794.7785,781.8713155277604,745.56065,5.7364285714286,0.007284538745655254,33.44089175711365,1.5,False,CLOSE_NOT_ABOVE_BREAKOUT_HIGH|RSI_NOT_MOMENTUM_SUPPORTIVE
2026-09-22T11:28:47.609018+00:00,SIE_FIX_BREAKOUT_QUALITY_R_QUALITY_V1,BNB,BNBUSDT,strategy-lab-v1.0.0:SIE_FIX_BREAKOUT_QUALITY_R_QUALITY_V1,1790067600000,2026-09-22T09:00:00+00:00,787.52,788.23,783.12,787.66,30.048309178744034,794.4559999999999,781.181038003805,745.90295,5.885714285714316,0.007472404699634762,28.737437185929807,1.4999999999999893,False,PLANNED_REWARD_TOO_LOW|CLOSE_NOT_ABOVE_BREAKOUT_HIGH|RSI_NOT_MOMENTUM_SUPPORTIVE
2026-09-22T11:28:47.609018+00:00,SIE_FIX_BREAKOUT_QUALITY_R_QUALITY_V1,BNB,BNBUSDT,strategy-lab-v1.0.0:SIE_FIX_BREAKOUT_QUALITY_R_QUALITY_V1,1790071200000,2026-09-22T10:00:00+00:00,787.28,788.67,785.54,786.62,16.69106881405547,793.9190000000001,780.2931027451249,746.2197,5.635714285714316,0.007164468594383968,30.048309178744034,1.499999999999989,False,PLANNED_REWARD_TOO_LOW|CLOSE_NOT_ABOVE_BREAKOUT_HIGH|RSI_NOT_MOMENTUM_SUPPORTIVE
2026-09-22T11:28:47.609018+00:00,SIE_FIX_BREAKOUT_QUALITY_R_QUALITY_V1,BNB,BNBUSDT,strategy-lab-v1.0.0:SIE_FIX_BREAKOUT_QUALITY_R_QUALITY_V1,1790074800000,2026-09-22T11:00:00+00:00,786.78,787.32,784.94,786.62,16.783216783216673,793.0804999999999,779.8302977751126,746.54035,5.465714285714317,0.006948354079116113,16.69106881405547,1.5000000000000115,False,CLOSE_NOT_ABOVE_BREAKOUT_HIGH|RSI_NOT_MOMENTUM_SUPPORTIVE
2026-09-22T11:28:47.609018+00:00,SIE_FIX_BREAKOUT_QUALITY_R_QUALITY_V1,PAXG,PAXGUSDT,strategy-lab-v1.0.0:SIE_FIX_BREAKOUT_QUALITY_R_QUALITY_V1,1790053200000,2026-09-22T05:00:00+00:00,4340.16,4344.63,4316.69,4322.97,35.915581953747036,4345.2294999999995,4325.757883246334,4336.67885,13.737857142857203,0.003177874734929274,51.17261471230857,1.4999999999999631,False,PLANNED_REWARD_TOO_LOW|CLOSE_NOT_ABOVE_BREAKOUT_HIGH|CLOSE_NOT_ABOVE_MA200|RSI_NOT_MOMENTUM_SUPPORTIVE
2026-09-22T11:28:47.609018+00:00,SIE_FIX_BREAKOUT_QUALITY_R_QUALITY_V1,PAXG,PAXGUSDT,strategy-lab-v1.0.0:SIE_FIX_BREAKOUT_QUALITY_R_QUALITY_V1,1790056800000,2026-09-22T06:00:00+00:00,4323.06,4323.06,4315.45,4317.82,35.64083270629524,4344.135,4321.364068969371,4336.54745,13.264285714285831,0.0030719867234590215,35.915581953747036,1.5,False,CLOSE_NOT_ABOVE_BREAKOUT_HIGH|CLOSE_NOT_ABOVE_MA200|RSI_NOT_MOMENTUM_SUPPORTIVE
2026-09-22T11:28:47.609018+00:00,SIE_FIX_BREAKOUT_QUALITY_R_QUALITY_V1,PAXG,PAXGUSDT,strategy-lab-v1.0.0:SIE_FIX_BREAKOUT_QUALITY_R_QUALITY_V1,1790060400000,2026-09-22T07:00:00+00:00,4318.79,4324.14,4302.07,4303.01,28.049178544228525,4341.068,4313.9126464946285,4336.39515,14.320714285714464,0.0033280690227804406,35.64083270629524,1.4999999999999647,False,PLANNED_REWARD_TOO_LOW|CLOSE_NOT_ABOVE_BREAKOUT_HIGH|CLOSE_NOT_ABOVE_MA200|RSI_NOT_MOMENTUM_SUPPORTIVE
2026-09-22T11:28:47.609018+00:00,SIE_FIX_BREAKOUT_QUALITY_R_QUALITY_V1,PAXG,PAXGUSDT,strategy-lab-v1.0.0:SIE_FIX_BREAKOUT_QUALITY_R_QUALITY_V1,1790064000000,2026-09-22T08:00:00+00:00,4302.78,4332.46,4295.0,4329.91,44.644067796610074,4339.7300000000005,4313.150534994065,4336.3511499999995,16.420714285714503,0.0037923915937547207,28.049178544228525,1.5,False,CLOSE_NOT_ABOVE_BREAKOUT_HIGH|CLOSE_NOT_ABOVE_MA200|RSI_NOT_MOMENTUM_SUPPORTIVE
2026-09-22T11:28:47.609018+00:00,SIE_FIX_BREAKOUT_QUALITY_R_QUALITY_V1,PAXG,PAXGUSDT,strategy-lab-v1.0.0:SIE_FIX_BREAKOUT_QUALITY_R_QUALITY_V1,1790067600000,2026-09-22T09:00:00+00:00,4324.87,4335.79,4314.93,4335.79,47.67953102100643,4339.303,4312.758483353398,4336.26925,17.075714285714444,0.003938316727912202,44.644067796610074,1.4999999999999705,False,PLANNED_REWARD_TOO_LOW|CLOSE_NOT_ABOVE_BREAKOUT_HIGH|CLOSE_NOT_ABOVE_MA200|RSI_NOT_MOMENTUM_SUPPORTIVE
2026-09-22T11:28:47.609018+00:00,SIE_FIX_BREAKOUT_QUALITY_R_QUALITY_V1,PAXG,PAXGUSDT,strategy-lab-v1.0.0:SIE_FIX_BREAKOUT_QUALITY_R_QUALITY_V1,1790071200000,2026-09-22T10:00:00+00:00,4334.11,4335.79,4319.04,4319.04,42.453240539365076,4338.3275,4310.348768881493,4336.2045,17.825714285714444,0.00412723991574851,47.67953102100643,1.5,False,CLOSE_NOT_ABOVE_BREAKOUT_HIGH|CLOSE_NOT_ABOVE_MA200|RSI_NOT_MOMENTUM_SUPPORTIVE
2026-09-22T11:28:47.609018+00:00,SIE_FIX_BREAKOUT_QUALITY_R_QUALITY_V1,PAXG,PAXGUSDT,strategy-lab-v1.0.0:SIE_FIX_BREAKOUT_QUALITY_R_QUALITY_V1,1790074800000,2026-09-22T11:00:00+00:00,4319.07,4319.86,4312.01,4317.37,41.57295271049594,4336.932999999999,4307.722345710823,4336.123250000001,17.24714285714299,0.003994826215298432,42.453240539365076,1.5,False,CLOSE_NOT_ABOVE_BREAKOUT_HIGH|CLOSE_NOT_ABOVE_MA200|RSI_NOT_MOMENTUM_SUPPORTIVE
2026-09-22T16:50:38.293235+00:00,SIE_FIX_BREAKOUT_QUALITY_R_QUALITY_V1,BTC,BTCUSDT,strategy-lab-v1.0.0:SIE_FIX_BREAKOUT_QUALITY_R_QUALITY_V1,1790078400000,2026-09-22T12:00:00+00:00,85969.07,86172.95,85765.82,86015.87,43.33265665621079,85984.563,85081.91138567808,79537.4918,518.7042857142858,0.006030332376040442,40.637782467666966,1.5,False,CLOSE_NOT_ABOVE_BREAKOUT_HIGH|RSI_NOT_MOMENTUM_SUPPORTIVE
2026-09-22T16:50:38.293235+00:00,SIE_FIX_BREAKOUT_QUALITY_R_QUALITY_V1,BTC,BTCUSDT,strategy-lab-v1.0.0:SIE_FIX_BREAKOUT_QUALITY_R_QUALITY_V1,1790082000000,2026-09-22T13:00:00+00:00,86016.24,86358.3,85560.12,86329.14,45.841156590311655,86005.914,85091.94257365783,79581.2543,550.5364285714293,0.006377179577735041,43.33265665621079,1.4999999999999853,False,PLANNED_REWARD_TOO_LOW|CLOSE_NOT_ABOVE_BREAKOUT_HIGH|RSI_NOT_MOMENTUM_SUPPORTIVE
2026-09-22T16:50:38.293235+00:00,SIE_FIX_BREAKOUT_QUALITY_R_QUALITY_V1,BTC,BTCUSDT,strategy-lab-v1.0.0:SIE_FIX_BREAKOUT_QUALITY_R_QUALITY_V1,1790085600000,2026-09-22T14:00:00+00:00,86333.37,86465.4,85450.0,86242.89,57.156345958009645,86014.46949999999,85095.00506851124,79624.68095,567.4500000000002,0.006579672828681879,45.841156590311655,1.5000000000000142,False,CLOSE_NOT_ABOVE_BREAKOUT_HIGH
2026-09-22T16:50:38.293235+00:00,SIE_FIX_BREAKOUT_QUALITY_R_QUALITY_V1,BTC,BTCUSDT,strategy-lab-v1.0.0:SIE_FIX_BREAKOUT_QUALITY_R_QUALITY_V1,1790089200000,2026-09-22T15:00:00+00:00,86242.88,86734.0,86112.39,86417.8,66.64566813927303,86010.611,85098.62731537076,79667.49245,567.7292857142862,0.006569587350225141,57.156345958009645,1.5,False,CLOSE_NOT_ABOVE_BREAKOUT_HIGH
2026-09-22T16:50:38.293235+00:00,SIE_FIX_BREAKOUT_QUALITY_R_QUALITY_V1,BTC,BTCUSDT,strategy-lab-v1.0.0:SIE_FIX_BREAKOUT_QUALITY_R_QUALITY_V1,1790092800000,2026-09-22T16:00:00+00:00,86416.54,86527.4,86050.0,86393.24,64.54113738190728,85981.272,85162.98026607012,79710.9335,566.3578571428568,0.006555580704495592,66.64566813927303,1.5000000000000142,False,CLOSE_NOT_ABOVE_BREAKOUT_HIGH
2026-09-22T16:50:38.293235+00:00,SIE_FIX_BREAKOUT_QUALITY_R_QUALITY_V1,BNB,BNBUSDT,strategy-lab-v1.0.0:SIE_FIX_BREAKOUT_QUALITY_R_QUALITY_V1,1790078400000,2026-09-22T12:00:00+00:00,786.72,791.27,784.73,791.27,32.928137289953355,792.7655,779.6935598608917,746.8756999999999,5.397142857142877,0.00682086121948624,17.421475529583645,1.5000000000000118,False,CLOSE_NOT_ABOVE_BREAKOUT_HIGH|RSI_NOT_MOMENTUM_SUPPORTIVE
2026-09-22T16:50:38.293235+00:00,SIE_FIX_BREAKOUT_QUALITY_R_QUALITY_V1,BNB,BNBUSDT,strategy-lab-v1.0.0:SIE_FIX_BREAKOUT_QUALITY_R_QUALITY_V1,1790082000000,2026-09-22T13:00:00+00:00,791.09,793.29,786.6,791.26,34.89958317544513,792.533,779.5278039614765,747.20885,5.4514285714285835,0.0068895540927490125,32.928137289953355,1.4999999999999885,False,PLANNED_REWARD_TOO_LOW|CLOSE_NOT_ABOVE_BREAKOUT_HIGH|RSI_NOT_MOMENTUM_SUPPORTIVE
2026-09-22T16:50:38.293235+00:00,SIE_FIX_BREAKOUT_QUALITY_R_QUALITY_V1,BNB,BNBUSDT,strategy-lab-v1.0.0:SIE_FIX_BREAKOUT_QUALITY_R_QUALITY_V1,1790085600000,2026-09-22T14:00:00+00:00,791.25,791.52,780.03,786.8,35.546121188730126,791.822,779.2013556424237,747.52545,5.740000000000009,0.007295373665480439,34.89958317544513,1.499999999999989,False,PLANNED_REWARD_TOO_LOW|CLOSE_NOT_ABOVE_BREAKOUT_HIGH|RSI_NOT_MOMENTUM_SUPPORTIVE
2026-09-22T16:50:38.293235+00:00,SIE_FIX_BREAKOUT_QUALITY_R_QUALITY_V1,BNB,BNBUSDT,strategy-lab-v1.0.0:SIE_FIX_BREAKOUT_QUALITY_R_QUALITY_V1,1790089200000,2026-09-22T15:00:00+00:00,786.84,790.44,786.24,787.65,46.552521980564514,791.202,779.0494618288844,747.8411,5.275714285714295,0.006698043910003548,35.546121188730126,1.499999999999988,False,PLANNED_REWARD_TOO_LOW|CLOSE_NOT_ABOVE_BREAKOUT_HIGH|RSI_NOT_MOMENTUM_SUPPORTIVE
2026-09-22T16:50:38.293235+00:00,SIE_FIX_BREAKOUT_QUALITY_R_QUALITY_V1,BNB,BNBUSDT,strategy-lab-v1.0.0:SIE_FIX_BREAKOUT_QUALITY_R_QUALITY_V1,1790092800000,2026-09-22T16:00:00+00:00,787.72,788.61,785.04,788.49,44.816053511705775,790.3855,779.9261262615578,748.1658500000001,5.1171428571428725,0.006489800577233538,46.552521980564514,1.5,False,CLOSE_NOT_ABOVE_BREAKOUT_HIGH|RSI_NOT_MOMENTUM_SUPPORTIVE
2026-09-22T16:50:38.293235+00:00,SIE_FIX_BREAKOUT_QUALITY_R_QUALITY_V1,PAXG,PAXGUSDT,strategy-lab-v1.0.0:SIE_FIX_BREAKOUT_QUALITY_R_QUALITY_V1,1790078400000,2026-09-22T12:00:00+00:00,4326.62,4343.16,4323.59,4334.27,41.05153720481238,4336.956,4308.543190635177,4336.159100000001,17.658571428571577,0.004074174296610865,44.21252371916499,1.5000000000000286,False,CLOSE_NOT_ABOVE_BREAKOUT_HIGH|CLOSE_NOT_ABOVE_MA200|RSI_NOT_MOMENTUM_SUPPORTIVE
2026-09-22T16:50:38.293235+00:00,SIE_FIX_BREAKOUT_QUALITY_R_QUALITY_V1,PAXG,PAXGUSDT,strategy-lab-v1.0.0:SIE_FIX_BREAKOUT_QUALITY_R_QUALITY_V1,1790082000000,2026-09-22T13:00:00+00:00,4333.55,4342.32,4328.93,4334.6,38.465116279070116,4336.518,4308.243837519004,4336.12865,17.76285714285723,0.0040979230246982945,41.05153720481238,1.5,False,CLOSE_NOT_ABOVE_BREAKOUT_HIGH|CLOSE_NOT_ABOVE_MA200|RSI_NOT_MOMENTUM_SUPPORTIVE
2026-09-22T16:50:38.293235+00:00,SIE_FIX_BREAKOUT_QUALITY_R_QUALITY_V1,PAXG,PAXGUSDT,strategy-lab-v1.0.0:SIE_FIX_BREAKOUT_QUALITY_R_QUALITY_V1,1790085600000,2026-09-22T14:00:00+00:00,4331.15,4335.78,4316.77,4327.17,38.79593432369057,4335.749,4307.336628821202,4336.1392,17.5,0.004044213654651885,38.465116279070116,1.5,False,TREND_SUPPORT_NOT_CONFIRMED|CLOSE_NOT_ABOVE_BREAKOUT_HIGH|CLOSE_NOT_ABOVE_MA200|RSI_NOT_MOMENTUM_SUPPORTIVE
2026-09-22T16:50:38.293235+00:00,SIE_FIX_BREAKOUT_QUALITY_R_QUALITY_V1,PAXG,PAXGUSDT,strategy-lab-v1.0.0:SIE_FIX_BREAKOUT_QUALITY_R_QUALITY_V1,1790089200000,2026-09-22T15:00:00+00:00,4327.59,4339.65,4326.21,4331.38,44.217184162970376,4335.2435000000005,4306.89801480391,4336.2194500000005,17.17785714285713,0.003965908588684698,38.79593432369057,1.5,False,TREND_SUPPORT_NOT_CONFIRMED|CLOSE_NOT_ABOVE_BREAKOUT_HIGH|CLOSE_NOT_ABOVE_MA200|RSI_NOT_MOMENTUM_SUPPORTIVE
2026-09-22T16:50:38.293235+00:00,SIE_FIX_BREAKOUT_QUALITY_R_QUALITY_V1,PAXG,PAXGUSDT,strategy-lab-v1.0.0:SIE_FIX_BREAKOUT_QUALITY_R_QUALITY_V1,1790092800000,2026-09-22T16:00:00+00:00,4331.94,4339.59,4323.25,4339.59,50.125232285691354,4335.2300000000005,4306.893066503205,4336.34795,17.405000000000005,0.004010747559101207,44.217184162970376,1.500000000000029,False,TREND_SUPPORT_NOT_CONFIRMED|CLOSE_NOT_ABOVE_BREAKOUT_HIGH
2026-09-22T21:13:37.559684+00:00,SIE_FIX_BREAKOUT_QUALITY_R_QUALITY_V1,BTC,BTCUSDT,strategy-lab-v1.0.0:SIE_FIX_BREAKOUT_QUALITY_R_QUALITY_V1,1790096400000,2026-09-22T17:00:00+00:00,86426.3,86675.1,86258.91,86587.58,68.41852305769832,85984.4385,85158.37182036393,79753.43455,566.845714285714,0.006546501406849736,65.33778218909026,1.4999999999999858,False,PLANNED_REWARD_TOO_LOW|CLOSE_NOT_ABOVE_BREAKOUT_HIGH
2026-09-22T21:13:37.559684+00:00,SIE_FIX_BREAKOUT_QUALITY_R_QUALITY_V1,BTC,BTCUSDT,strategy-lab-v1.0.0:SIE_FIX_BREAKOUT_QUALITY_R_QUALITY_V1,1790100000000,2026-09-22T18:00:00+00:00,86587.58,86666.65,86251.2,86469.53,71.57863862060283,85986.75850000001,85155.53209531537,79796.43920000001,573.5835714285703,0.006633360577171754,68.41852305769832,1.5,False,CLOSE_NOT_ABOVE_BREAKOUT_HIGH
2026-09-22T21:13:37.559684+00:00,SIE_FIX_BREAKOUT_QUALITY_R_QUALITY_V1,BTC,BTCUSDT,strategy-lab-v1.0.0:SIE_FIX_BREAKOUT_QUALITY_R_QUALITY_V1,1790103600000,2026-09-22T19:00:00+00:00,86469.53,86613.63,86153.62,86211.14,65.59961905785924,85967.5685,85176.64702756106,79838.76775,568.6749999999998,0.00659630530346774,71.57863862060283,1.5,False,CLOSE_NOT_ABOVE_BREAKOUT_HIGH
2026-09-22T21:13:37.559684+00:00,SIE_FIX_BREAKOUT_QUALITY_R_QUALITY_V1,BTC,BTCUSDT,strategy-lab-v1.0.0:SIE_FIX_BREAKOUT_QUALITY_R_QUALITY_V1,1790107200000,2026-09-22T20:00:00+00:00,86213.28,86400.0,86143.83,86281.15,67.49626132041803,85987.823,85186.63157044153,79881.87730000001,563.0814285714275,0.00652612336033337,65.59961905785924,1.5000000000000144,False,CLOSE_NOT_ABOVE_BREAKOUT_HIGH
2026-09-22T21:13:37.559684+00:00,SIE_FIX_BREAKOUT_QUALITY_R_QUALITY_V1,BTC,BTCUSDT,strategy-lab-v1.0.0:SIE_FIX_BREAKOUT_QUALITY_R_QUALITY_V1,1790110800000,2026-09-22T21:00:00+00:00,86286.98,86360.58,86239.05,86244.69,67.06150771203365,86020.124,85232.3153886927,79922.357,546.3221428571425,0.006334559760805476,67.49626132041803,1.5,False,CLOSE_NOT_ABOVE_BREAKOUT_HIGH
2026-09-22T21:13:37.559684+00:00,SIE_FIX_BREAKOUT_QUALITY_R_QUALITY_V1,BNB,BNBUSDT,strategy-lab-v1.0.0:SIE_FIX_BREAKOUT_QUALITY_R_QUALITY_V1,1790096400000,2026-09-22T17:00:00+00:00,789.3,790.09,786.84,788.65,48.03876326718961,789.636,781.4888694622069,748.4910500000001,5.212142857142867,0.0066089429495249695,47.404371584699476,1.4999999999999878,False,PLANNED_REWARD_TOO_LOW|CLOSE_NOT_ABOVE_BREAKOUT_HIGH|RSI_NOT_MOMENTUM_SUPPORTIVE
2026-09-22T21:13:37.559684+00:00,SIE_FIX_BREAKOUT_QUALITY_R_QUALITY_V1,BNB,BNBUSDT,strategy-lab-v1.0.0:SIE_FIX_BREAKOUT_QUALITY_R_QUALITY_V1,1790100000000,2026-09-22T18:00:00+00:00,788.26,788.74,785.2,787.75,51.154791154791226,788.9825,782.6293499939131,748.8161500000001,5.138571428571432,0.006523099242870749,48.03876326718961,1.4999999999999878,False,PLANNED_REWARD_TOO_LOW|CLOSE_NOT_ABOVE_BREAKOUT_HIGH
2026-09-22T21:13:37.559684+00:00,SIE_FIX_BREAKOUT_QUALITY_R_QUALITY_V1,BNB,BNBUSDT,strategy-lab-v1.0.0:SIE_FIX_BREAKOUT_QUALITY_R_QUALITY_V1,1790103600000,2026-09-22T19:00:00+00:00,787.78,789.95,785.34,786.21,47.99446749654217,788.3315,783.9494444321366,749.13875,5.060714285714288,0.006436848024973337,51.154791154791226,1.5,False,CLOSE_NOT_ABOVE_BREAKOUT_HIGH|RSI_NOT_MOMENTUM_SUPPORTIVE
2026-09-22T21:13:37.559684+00:00,SIE_FIX_BREAKOUT_QUALITY_R_QUALITY_V1,BNB,BNBUSDT,strategy-lab-v1.0.0:SIE_FIX_BREAKOUT_QUALITY_R_QUALITY_V1,1790107200000,2026-09-22T20:00:00+00:00,786.48,787.38,784.08,784.8,46.51474530831086,787.857,784.1562752061461,749.4631999999999,5.102142857142853,0.006501201397990384,47.99446749654217,1.5,False,CLOSE_NOT_ABOVE_BREAKOUT_HIGH|RSI_NOT_MOMENTUM_SUPPORTIVE
2026-09-22T21:13:37.559684+00:00,SIE_FIX_BREAKOUT_QUALITY_R_QUALITY_V1,BNB,BNBUSDT,strategy-lab-v1.0.0:SIE_FIX_BREAKOUT_QUALITY_R_QUALITY_V1,1790110800000,2026-09-22T21:00:00+00:00,785.04,785.9,784.82,785.21,51.40142517814734,787.6605,783.8378021307138,749.7841000000001,4.843571428571424,0.006168504512896454,46.51474530831086,1.499999999999987,False,PLANNED_REWARD_TOO_LOW|CLOSE_NOT_ABOVE_BREAKOUT_HIGH
2026-09-22T21:13:37.559684+00:00,SIE_FIX_BREAKOUT_QUALITY_R_QUALITY_V1,PAXG,PAXGUSDT,strategy-lab-v1.0.0:SIE_FIX_BREAKOUT_QUALITY_R_QUALITY_V1,1790096400000,2026-09-22T17:00:00+00:00,4336.39,4350.82,4335.83,4350.3,53.65615615615605,4335.5599999999995,4306.603674266202,4336.62495,17.992142857142817,0.004135839564430687,48.90746565138247,1.5,False,TREND_SUPPORT_NOT_CONFIRMED|CLOSE_NOT_ABOVE_BREAKOUT_HIGH
2026-09-22T21:13:37.559684+00:00,SIE_FIX_BREAKOUT_QUALITY_R_QUALITY_V1,PAXG,PAXGUSDT,strategy-lab-v1.0.0:SIE_FIX_BREAKOUT_QUALITY_R_QUALITY_V1,1790100000000,2026-09-22T18:00:00+00:00,4350.29,4358.68,4348.23,4352.53,54.5804636006813,4335.268,4307.131463183935,4336.877799999999,18.170714285714244,0.004174747626257428,53.65615615615605,1.5,False,TREND_SUPPORT_NOT_CONFIRMED|CLOSE_NOT_ABOVE_BREAKOUT_HIGH
2026-09-22T21:13:37.559684+00:00,SIE_FIX_BREAKOUT_QUALITY_R_QUALITY_V1,PAXG,PAXGUSDT,strategy-lab-v1.0.0:SIE_FIX_BREAKOUT_QUALITY_R_QUALITY_V1,1790103600000,2026-09-22T19:00:00+00:00,4354.02,4366.59,4353.16,4361.8,65.27417197702766,4335.14,4307.515379097591,4337.2194,17.179285714285665,0.003938577127398245,54.5804636006813,1.5000000000000293,False,TREND_SUPPORT_NOT_CONFIRMED|CLOSE_NOT_ABOVE_BREAKOUT_HIGH
2026-09-22T21:13:37.559684+00:00,SIE_FIX_BREAKOUT_QUALITY_R_QUALITY_V1,PAXG,PAXGUSDT,strategy-lab-v1.0.0:SIE_FIX_BREAKOUT_QUALITY_R_QUALITY_V1,1790107200000,2026-09-22T20:00:00+00:00,4360.46,4363.02,4352.65,4355.69,64.78488326696326,4335.133,4307.529290756462,4337.60225,17.376428571428537,0.003989363010551379,65.27417197702766,1.5,False,TREND_SUPPORT_NOT_CONFIRMED|CLOSE_NOT_ABOVE_BREAKOUT_HIGH
2026-09-22T21:13:37.559684+00:00,SIE_FIX_BREAKOUT_QUALITY_R_QUALITY_V1,PAXG,PAXGUSDT,strategy-lab-v1.0.0:SIE_FIX_BREAKOUT_QUALITY_R_QUALITY_V1,1790110800000,2026-09-22T21:00:00+00:00,4355.89,4357.11,4355.87,4357.11,73.58737356121333,4335.7155,4306.803982243199,4337.99,15.901428571428498,0.0036495357178103144,64.78488326696326,1.5,False,TREND_SUPPORT_NOT_CONFIRMED|CLOSE_NOT_ABOVE_BREAKOUT_HIGH
2026-09-23T00:22:44.379726+00:00,SIE_FIX_BREAKOUT_QUALITY_R_QUALITY_V1,BTC,BTCUSDT,strategy-lab-v1.0.0:SIE_FIX_BREAKOUT_QUALITY_R_QUALITY_V1,1790114400000,2026-09-22T22:00:00+00:00,86187.02,86312.34,86001.0,86121.88,47.99223203658466,86038.33499999999,85266.08091455018,79960.1867,496.33071428571463,0.005763119828384083,65.63431954409876,1.4999999999999838,False,PLANNED_REWARD_TOO_LOW|CLOSE_NOT_ABOVE_BREAKOUT_HIGH|RSI_NOT_MOMENTUM_SUPPORTIVE
2026-09-23T00:22:44.379726+00:00,SIE_FIX_BREAKOUT_QUALITY_R_QUALITY_V1,BTC,BTCUSDT,strategy-lab-v1.0.0:SIE_FIX_BREAKOUT_QUALITY_R_QUALITY_V1,1790118000000,2026-09-22T23:00:00+00:00,86121.88,86518.64,86086.51,86198.05,48.95553130331852,86064.8455,85309.05874879772,79998.41470000001,483.6164285714289,0.005610526323639907,47.99223203658466,1.5,False,CLOSE_NOT_ABOVE_BREAKOUT_HIGH|RSI_NOT_MOMENTUM_SUPPORTIVE
2026-09-23T00:22:44.379726+00:00,SIE_FIX_BREAKOUT_QUALITY_R_QUALITY_V1,BTC,BTCUSDT,strategy-lab-v1.0.0:SIE_FIX_BREAKOUT_QUALITY_R_QUALITY_V1,1790121600000,2026-09-23T00:00:00+00:00,86198.05,86521.81,86130.0,86477.14,66.49861030314807,86116.7245,85398.21990685335,80037.03625,474.2135714285718,0.005483687034846109,48.95553130331852,1.500000000000017,False,CLOSE_NOT_ABOVE_BREAKOUT_HIGH
2026-09-23T00:22:44.379726+00:00,SIE_FIX_BREAKOUT_QUALITY_R_QUALITY_V1,BNB,BNBUSDT,strategy-lab-v1.0.0:SIE_FIX_BREAKOUT_QUALITY_R_QUALITY_V1,1790114400000,2026-09-22T22:00:00+00:00,784.62,788.09,782.64,787.25,49.468331021729036,787.4345,783.6958559945004,750.1064,4.869285714285711,0.0061851835049675594,48.781630740393666,1.5000000000000129,False,CLOSE_NOT_ABOVE_BREAKOUT_HIGH|RSI_NOT_MOMENTUM_SUPPORTIVE
2026-09-23T00:22:44.379726+00:00,SIE_FIX_BREAKOUT_QUALITY_R_QUALITY_V1,BNB,BNBUSDT,strategy-lab-v1.0.0:SIE_FIX_BREAKOUT_QUALITY_R_QUALITY_V1,1790118000000,2026-09-22T23:00:00+00:00,787.59,791.23,786.91,788.3,51.422222222222196,787.3745,783.7331240238259,750.436,4.812857142857142,0.006105362352983816,49.468331021729036,1.499999999999987,False,PLANNED_REWARD_TOO_LOW|CLOSE_NOT_ABOVE_BREAKOUT_HIGH
2026-09-23T00:22:44.379726+00:00,SIE_FIX_BREAKOUT_QUALITY_R_QUALITY_V1,BNB,BNBUSDT,strategy-lab-v1.0.0:SIE_FIX_BREAKOUT_QUALITY_R_QUALITY_V1,1790121600000,2026-09-23T00:00:00+00:00,787.92,791.28,787.57,791.09,59.216494845360884,787.565,783.5808237990951,750.7682,4.854285714285709,0.006136199059886623,51.422222222222196,1.499999999999987,False,PLANNED_REWARD_TOO_LOW|CLOSE_NOT_ABOVE_BREAKOUT_HIGH
2026-09-23T00:22:44.379726+00:00,SIE_FIX_BREAKOUT_QUALITY_R_QUALITY_V1,PAXG,PAXGUSDT,strategy-lab-v1.0.0:SIE_FIX_BREAKOUT_QUALITY_R_QUALITY_V1,1790114400000,2026-09-22T22:00:00+00:00,4357.96,4363.57,4357.79,4360.99,66.9539602880206,4336.7505,4305.954874677542,4338.36245,13.847857142857006,0.003175393005454497,73.35268760446876,1.4999999999999636,False,TREND_SUPPORT_NOT_CONFIRMED|PLANNED_REWARD_TOO_LOW|CLOSE_NOT_ABOVE_BREAKOUT_HIGH
2026-09-23T00:22:44.379726+00:00,SIE_FIX_BREAKOUT_QUALITY_R_QUALITY_V1,PAXG,PAXGUSDT,strategy-lab-v1.0.0:SIE_FIX_BREAKOUT_QUALITY_R_QUALITY_V1,1790118000000,2026-09-22T23:00:00+00:00,4360.56,4361.44,4352.58,4359.59,63.64991970635458,4337.701999999999,4305.357367926018,4338.685399999999,12.990714285714148,0.0029798018358868947,66.9539602880206,1.4999999999999611,False,TREND_SUPPORT_NOT_CONFIRMED|PLANNED_REWARD_TOO_LOW|CLOSE_NOT_ABOVE_BREAKOUT_HIGH
2026-09-23T00:22:44.379726+00:00,SIE_FIX_BREAKOUT_QUALITY_R_QUALITY_V1,PAXG,PAXGUSDT,strategy-lab-v1.0.0:SIE_FIX_BREAKOUT_QUALITY_R_QUALITY_V1,1790121600000,2026-09-23T00:00:00+00:00,4360.81,4364.95,4359.12,4360.71,79.11949685534552,4338.7294999999995,4304.86775965782,4338.8868999999995,12.210714285714143,0.002800166552170207,63.64991970635458,1.5,False,TREND_SUPPORT_NOT_CONFIRMED|CLOSE_NOT_ABOVE_BREAKOUT_HIGH
2026-09-23T07:41:38.232637+00:00,SIE_FIX_BREAKOUT_QUALITY_R_QUALITY_V1,BTC,BTCUSDT,strategy-lab-v1.0.0:SIE_FIX_BREAKOUT_QUALITY_R_QUALITY_V1,1790125200000,2026-09-23T01:00:00+00:00,86461.53,86838.78,86162.53,86360.01,60.635623653339444,86164.0095,85520.71707460325,80074.0492,499.721428571429,0.005786491092016189,66.21435167581109,1.5,False,CLOSE_NOT_ABOVE_BREAKOUT_HIGH
2026-09-23T07:41:38.232637+00:00,SIE_FIX_BREAKOUT_QUALITY_R_QUALITY_V1,BTC,BTCUSDT,strategy-lab-v1.0.0:SIE_FIX_BREAKOUT_QUALITY_R_QUALITY_V1,1790128800000,2026-09-23T02:00:00+00:00,86354.0,86633.41,86253.0,86538.14,63.260901579821414,86222.955,85676.70636231403,80110.64095,497.8128571428585,0.0057525255008122255,60.635623653339444,1.4999999999999838,False,PLANNED_REWARD_TOO_LOW|CLOSE_NOT_ABOVE_BREAKOUT_HIGH
2026-09-23T07:41:38.232637+00:00,SIE_FIX_BREAKOUT_QUALITY_R_QUALITY_V1,BTC,BTCUSDT,strategy-lab-v1.0.0:SIE_FIX_BREAKOUT_QUALITY_R_QUALITY_V1,1790132400000,2026-09-23T03:00:00+00:00,86535.62,86959.3,86413.78,86696.41,60.122036588928594,86290.783,85879.87904158911,80149.20915,479.76571428571543,0.005533859063895672,63.260901579821414,1.5000000000000169,False,CLOSE_NOT_ABOVE_BREAKOUT_HIGH
2026-09-23T07:41:38.232637+00:00,SIE_FIX_BREAKOUT_QUALITY_R_QUALITY_V1,BTC,BTCUSDT,strategy-lab-v1.0.0:SIE_FIX_BREAKOUT_QUALITY_R_QUALITY_V1,1790136000000,2026-09-23T04:00:00+00:00,86696.41,87282.81,86621.19,87164.81,70.98745196598003,86339.0835,85781.76601891342,80189.585,454.4957142857155,0.005214211036377129,60.122036588928594,1.5,False,CLOSE_NOT_ABOVE_BREAKOUT_HIGH
2026-09-23T07:41:38.232637+00:00,SIE_FIX_BREAKOUT_QUALITY_R_QUALITY_V1,BTC,BTCUSDT,strategy-lab-v1.0.0:SIE_FIX_BREAKOUT_QUALITY_R_QUALITY_V1,1790139600000,2026-09-23T05:00:00+00:00,87164.81,87172.39,86415.0,86487.46,51.29057358826152,86351.51550000001,85792.6084240986,80228.3088,464.1942857142868,0.005367186014183869,70.98745196598003,1.5,False,CLOSE_NOT_ABOVE_BREAKOUT_HIGH
2026-09-23T07:41:38.232637+00:00,SIE_FIX_BREAKOUT_QUALITY_R_QUALITY_V1,BTC,BTCUSDT,strategy-lab-v1.0.0:SIE_FIX_BREAKOUT_QUALITY_R_QUALITY_V1,1790143200000,2026-09-23T06:00:00+00:00,86487.46,86608.19,86341.64,86456.51,50.555257491015205,86381.114,85867.64678958667,80267.8849,444.3821428571443,0.005139950049535244,51.29057358826152,1.4999999999999818,False,PLANNED_REWARD_TOO_LOW|CLOSE_NOT_ABOVE_BREAKOUT_HIGH
2026-09-23T07:41:38.232637+00:00,SIE_FIX_BREAKOUT_QUALITY_R_QUALITY_V1,BTC,BTCUSDT,strategy-lab-v1.0.0:SIE_FIX_BREAKOUT_QUALITY_R_QUALITY_V1,1790146800000,2026-09-23T07:00:00+00:00,86456.51,86462.0,86139.67,86234.99,43.661850303254774,86394.41,85911.44433373206,80308.1848,437.67785714285856,0.005075409148222299,50.555257491015205,1.5,False,CLOSE_NOT_ABOVE_BREAKOUT_HIGH|RSI_NOT_MOMENTUM_SUPPORTIVE
2026-09-23T07:41:38.232637+00:00,SIE_FIX_BREAKOUT_QUALITY_R_QUALITY_V1,BNB,BNBUSDT,strategy-lab-v1.0.0:SIE_FIX_BREAKOUT_QUALITY_R_QUALITY_V1,1790125200000,2026-09-23T01:00:00+00:00,790.72,792.63,787.25,788.75,53.905614320585755,787.6034999999999,783.7312227630442,751.07705,5.148571428571423,0.006527507357935243,57.644539614561126,1.4999999999999878,False,PLANNED_REWARD_TOO_LOW|CLOSE_NOT_ABOVE_BREAKOUT_HIGH
2026-09-23T07:41:38.232637+00:00,SIE_FIX_BREAKOUT_QUALITY_R_QUALITY_V1,BNB,BNBUSDT,strategy-lab-v1.0.0:SIE_FIX_BREAKOUT_QUALITY_R_QUALITY_V1,1790128800000,2026-09-23T02:00:00+00:00,788.7,792.92,787.09,792.92,53.39366515837099,787.9314999999999,783.4696650635814,751.40515,5.097857142857135,0.006429220025799747,53.905614320585755,1.4999999999999876,False,PLANNED_REWARD_TOO_LOW|CLOSE_NOT_ABOVE_BREAKOUT_HIGH
2026-09-23T07:41:38.232637+00:00,SIE_FIX_BREAKOUT_QUALITY_R_QUALITY_V1,BNB,BNBUSDT,strategy-lab-v1.0.0:SIE_FIX_BREAKOUT_QUALITY_R_QUALITY_V1,1790132400000,2026-09-23T03:00:00+00:00,792.96,797.25,792.26,796.33,59.148321905449336,788.5169999999999,782.998804280397,751.7593500000002,4.976428571428569,0.006249203937348296,53.39366515837099,1.5000000000000127,False,CLOSE_NOT_ABOVE_BREAKOUT_HIGH
2026-09-23T07:41:38.232637+00:00,SIE_FIX_BREAKOUT_QUALITY_R_QUALITY_V1,BNB,BNBUSDT,strategy-lab-v1.0.0:SIE_FIX_BREAKOUT_QUALITY_R_QUALITY_V1,1790136000000,2026-09-23T04:00:00+00:00,796.04,799.67,794.22,794.79,66.11536910044362,788.8824999999999,782.7529686149883,752.09965,4.544999999999992,0.005718491677046757,59.148321905449336,1.5,False,CLOSE_NOT_ABOVE_BREAKOUT_HIGH
2026-09-23T07:41:38.232637+00:00,SIE_FIX_BREAKOUT_QUALITY_R_QUALITY_V1,BNB,BNBUSDT,strategy-lab-v1.0.0:SIE_FIX_BREAKOUT_QUALITY_R_QUALITY_V1,1790139600000,2026-09-23T05:00:00+00:00,794.08,794.39,789.71,790.44,54.93107104984106,789.0215000000001,782.8830856282065,752.4341499999999,4.607857142857126,0.0058294837594974015,66.11536910044362,1.5000000000000138,False,CLOSE_NOT_ABOVE_BREAKOUT_HIGH
2026-09-23T07:41:38.232637+00:00,SIE_FIX_BREAKOUT_QUALITY_R_QUALITY_V1,BNB,BNBUSDT,strategy-lab-v1.0.0:SIE_FIX_BREAKOUT_QUALITY_R_QUALITY_V1,1790143200000,2026-09-23T06:00:00+00:00,790.7,792.58,790.16,791.59,53.754080522306936,789.2700000000001,783.1381878698185,752.78,4.352857142857131,0.005498878387621282,54.93107104984106,1.5,False,CLOSE_NOT_ABOVE_BREAKOUT_HIGH
2026-09-23T07:41:38.232637+00:00,SIE_FIX_BREAKOUT_QUALITY_R_QUALITY_V1,BNB,BNBUSDT,strategy-lab-v1.0.0:SIE_FIX_BREAKOUT_QUALITY_R_QUALITY_V1,1790146800000,2026-09-23T07:00:00+00:00,791.48,791.48,787.09,788.22,49.28500166278691,789.3394999999999,783.288914986975,753.1184999999999,4.442142857142845,0.005635663719701155,53.754080522306936,1.4999999999999858,False,PLANNED_REWARD_TOO_LOW|CLOSE_NOT_ABOVE_BREAKOUT_HIGH|RSI_NOT_MOMENTUM_SUPPORTIVE
2026-09-23T07:41:38.232637+00:00,SIE_FIX_BREAKOUT_QUALITY_R_QUALITY_V1,PAXG,PAXGUSDT,strategy-lab-v1.0.0:SIE_FIX_BREAKOUT_QUALITY_R_QUALITY_V1,1790125200000,2026-09-23T01:00:00+00:00,4353.78,4354.65,4337.01,4338.7,58.37592936802961,4339.168,4306.846633320956,4338.9572499999995,12.96785714285696,0.002988880803663992,72.75468729513533,1.5,False,CLOSE_NOT_ABOVE_BREAKOUT_HIGH|CLOSE_NOT_ABOVE_MA200
2026-09-23T07:41:38.232637+00:00,SIE_FIX_BREAKOUT_QUALITY_R_QUALITY_V1,PAXG,PAXGUSDT,strategy-lab-v1.0.0:SIE_FIX_BREAKOUT_QUALITY_R_QUALITY_V1,1790128800000,2026-09-23T02:00:00+00:00,4337.57,4338.58,4331.0,4331.56,48.37198125675837,4339.8550000000005,4308.819346631638,4339.0498,12.119999999999825,0.0027980681324972583,58.37592936802961,1.5,False,CLOSE_NOT_ABOVE_BREAKOUT_HIGH|CLOSE_NOT_ABOVE_MA200|RSI_NOT_MOMENTUM_SUPPORTIVE
2026-09-23T07:41:38.232637+00:00,SIE_FIX_BREAKOUT_QUALITY_R_QUALITY_V1,PAXG,PAXGUSDT,strategy-lab-v1.0.0:SIE_FIX_BREAKOUT_QUALITY_R_QUALITY_V1,1790132400000,2026-09-23T03:00:00+00:00,4331.54,4342.93,4331.01,4341.8,53.86514923770656,4341.7945,4315.767380701062,4339.3099,12.014999999999873,0.0027672854576442653,48.37198125675837,1.5,False,CLOSE_NOT_ABOVE_BREAKOUT_HIGH
2026-09-23T07:41:38.232637+00:00,SIE_FIX_BREAKOUT_QUALITY_R_QUALITY_V1,PAXG,PAXGUSDT,strategy-lab-v1.0.0:SIE_FIX_BREAKOUT_QUALITY_R_QUALITY_V1,1790136000000,2026-09-23T04:00:00+00:00,4341.48,4345.06,4340.99,4342.17,58.71282527881041,4342.407499999999,4316.957788901421,4339.48695,10.947857142857108,0.0025212870852263057,53.86514923770656,1.5,False,CLOSE_NOT_ABOVE_BREAKOUT_HIGH
2026-09-23T07:41:38.232637+00:00,SIE_FIX_BREAKOUT_QUALITY_R_QUALITY_V1,PAXG,PAXGUSDT,strategy-lab-v1.0.0:SIE_FIX_BREAKOUT_QUALITY_R_QUALITY_V1,1790139600000,2026-09-23T05:00:00+00:00,4340.84,4342.68,4327.71,4333.16,50.979313380281546,4342.276,4316.664213338365,4339.6375,11.05714285714287,0.002551750421665221,58.71282527881041,1.5,False,CLOSE_NOT_ABOVE_BREAKOUT_HIGH|CLOSE_NOT_ABOVE_MA200
2026-09-23T07:41:38.232637+00:00,SIE_FIX_BREAKOUT_QUALITY_R_QUALITY_V1,PAXG,PAXGUSDT,strategy-lab-v1.0.0:SIE_FIX_BREAKOUT_QUALITY_R_QUALITY_V1,1790143200000,2026-09-23T06:00:00+00:00,4332.12,4333.53,4325.87,4329.0,45.74515482290023,4342.773999999999,4318.644356488312,4339.76745,10.328571428571454,0.0023859023859023917,50.979313380281546,1.5,False,CLOSE_NOT_ABOVE_BREAKOUT_HIGH|CLOSE_NOT_ABOVE_MA200|RSI_NOT_MOMENTUM_SUPPORTIVE
2026-09-23T07:41:38.232637+00:00,SIE_FIX_BREAKOUT_QUALITY_R_QUALITY_V1,PAXG,PAXGUSDT,strategy-lab-v1.0.0:SIE_FIX_BREAKOUT_QUALITY_R_QUALITY_V1,1790146800000,2026-09-23T07:00:00+00:00,4329.0,4329.0,4320.0,4320.04,32.2167371885283,4342.562,4317.722087278714,4339.89735,9.900714285714328,0.0022918107901117417,45.74515482290023,1.5,False,CLOSE_NOT_ABOVE_BREAKOUT_HIGH|CLOSE_NOT_ABOVE_MA200|RSI_NOT_MOMENTUM_SUPPORTIVE
2026-09-23T13:35:41.257085+00:00,SIE_FIX_BREAKOUT_QUALITY_R_QUALITY_V1,BTC,BTCUSDT,strategy-lab-v1.0.0:SIE_FIX_BREAKOUT_QUALITY_R_QUALITY_V1,1790150400000,2026-09-23T08:00:00+00:00,86128.2,86273.82,85666.56,85901.81,40.527327455599945,86383.36750000001,85871.77084363304,80347.46955,462.64071428571646,0.005385692272208426,42.04751616879242,1.5000000000000175,False,CLOSE_NOT_ABOVE_BREAKOUT_HIGH|RSI_NOT_MOMENTUM_SUPPORTIVE
2026-09-23T13:35:41.257085+00:00,SIE_FIX_BREAKOUT_QUALITY_R_QUALITY_V1,BTC,BTCUSDT,strategy-lab-v1.0.0:SIE_FIX_BREAKOUT_QUALITY_R_QUALITY_V1,1790154000000,2026-09-23T09:00:00+00:00,85901.81,86039.49,85720.0,85848.87,43.51042752680768,86359.35399999999,85797.2384093722,80387.24449999999,452.6035714285733,0.005272097016868985,40.527327455599945,1.5000000000000178,False,CLOSE_NOT_ABOVE_BREAKOUT_HIGH|RSI_NOT_MOMENTUM_SUPPORTIVE
2026-09-23T13:35:41.257085+00:00,SIE_FIX_BREAKOUT_QUALITY_R_QUALITY_V1,BTC,BTCUSDT,strategy-lab-v1.0.0:SIE_FIX_BREAKOUT_QUALITY_R_QUALITY_V1,1790157600000,2026-09-23T10:00:00+00:00,85848.88,85919.8,85636.4,85906.66,43.262023426114375,86342.54250000001,85748.30598987479,80427.3438,454.54857142857406,0.005291191293301055,43.51042752680768,1.4999999999999822,False,PLANNED_REWARD_TOO_LOW|CLOSE_NOT_ABOVE_BREAKOUT_HIGH|RSI_NOT_MOMENTUM_SUPPORTIVE
2026-09-23T13:35:41.257085+00:00,SIE_FIX_BREAKOUT_QUALITY_R_QUALITY_V1,BTC,BTCUSDT,strategy-lab-v1.0.0:SIE_FIX_BREAKOUT_QUALITY_R_QUALITY_V1,1790161200000,2026-09-23T11:00:00+00:00,85906.67,85957.96,85431.08,85637.71,40.70140633357951,86303.538,85636.26245104383,80467.23075,478.8028571428596,0.005591028264801331,43.262023426114375,1.5000000000000169,False,CLOSE_NOT_ABOVE_BREAKOUT_HIGH|RSI_NOT_MOMENTUM_SUPPORTIVE
2026-09-23T13:35:41.257085+00:00,SIE_FIX_BREAKOUT_QUALITY_R_QUALITY_V1,BTC,BTCUSDT,strategy-lab-v1.0.0:SIE_FIX_BREAKOUT_QUALITY_R_QUALITY_V1,1790164800000,2026-09-23T12:00:00+00:00,85637.71,85673.17,85216.15,85482.1,39.49195858408018,86256.32849999999,85502.48489716073,80506.9025,489.20857142857443,0.005722935812627139,40.70140633357951,1.5,False,CLOSE_NOT_ABOVE_BREAKOUT_HIGH|RSI_NOT_MOMENTUM_SUPPORTIVE
2026-09-23T13:35:41.257085+00:00,SIE_FIX_BREAKOUT_QUALITY_R_QUALITY_V1,BTC,BTCUSDT,strategy-lab-v1.0.0:SIE_FIX_BREAKOUT_QUALITY_R_QUALITY_V1,1790168400000,2026-09-23T13:00:00+00:00,85482.1,85600.0,85261.15,85556.47,39.45616018721818,86204.773,85408.74336991415,80546.6348,482.54571428571734,0.005640084429450132,39.49195858408018,1.5,False,CLOSE_NOT_ABOVE_BREAKOUT_HIGH|RSI_NOT_MOMENTUM_SUPPORTIVE
2026-09-23T13:35:41.257085+00:00,SIE_FIX_BREAKOUT_QUALITY_R_QUALITY_V1,BNB,BNBUSDT,strategy-lab-v1.0.0:SIE_FIX_BREAKOUT_QUALITY_R_QUALITY_V1,1790150400000,2026-09-23T08:00:00+00:00,788.74,790.96,784.0,786.26,47.606810150979754,789.1020000000001,782.9838022261586,753.4572999999999,4.704999999999992,0.005984025640373403,49.71486078497155,1.5,False,CLOSE_NOT_ABOVE_BREAKOUT_HIGH|RSI_NOT_MOMENTUM_SUPPORTIVE
2026-09-23T13:35:41.257085+00:00,SIE_FIX_BREAKOUT_QUALITY_R_QUALITY_V1,BNB,BNBUSDT,strategy-lab-v1.0.0:SIE_FIX_BREAKOUT_QUALITY_R_QUALITY_V1,1790154000000,2026-09-23T09:00:00+00:00,786.03,788.41,781.62,782.26,44.12027389103895,788.652,781.9398063198504,753.7655500000001,4.860714285714274,0.0062136812386089976,47.606810150979754,1.5,False,CLOSE_NOT_ABOVE_BREAKOUT_HIGH|RSI_NOT_MOMENTUM_SUPPORTIVE
2026-09-23T13:35:41.257085+00:00,SIE_FIX_BREAKOUT_QUALITY_R_QUALITY_V1,BNB,BNBUSDT,strategy-lab-v1.0.0:SIE_FIX_BREAKOUT_QUALITY_R_QUALITY_V1,1790157600000,2026-09-23T10:00:00+00:00,782.69,785.51,781.23,785.28,50.68181818181821,788.576,781.7482232022538,754.08515,4.930714285714275,0.00627892507858888,44.12027389103895,1.5000000000000129,False,CLOSE_NOT_ABOVE_BREAKOUT_HIGH
2026-09-23T13:35:41.257085+00:00,SIE_FIX_BREAKOUT_QUALITY_R_QUALITY_V1,BNB,BNBUSDT,strategy-lab-v1.0.0:SIE_FIX_BREAKOUT_QUALITY_R_QUALITY_V1,1790161200000,2026-09-23T11:00:00+00:00,785.13,786.16,780.89,782.94,48.42562432138984,788.3405,781.0894242867115,754.3941,5.175714285714272,0.00661061420506587,50.68181818181821,1.5,False,CLOSE_NOT_ABOVE_BREAKOUT_HIGH|RSI_NOT_MOMENTUM_SUPPORTIVE
2026-09-23T13:35:41.257085+00:00,SIE_FIX_BREAKOUT_QUALITY_R_QUALITY_V1,BNB,BNBUSDT,strategy-lab-v1.0.0:SIE_FIX_BREAKOUT_QUALITY_R_QUALITY_V1,1790164800000,2026-09-23T12:00:00+00:00,782.35,782.35,776.28,779.38,39.436241610738286,787.8335,779.6280279843361,754.68845,5.262142857142846,0.006751703735203426,48.42562432138984,1.5,False,CLOSE_NOT_ABOVE_BREAKOUT_HIGH|RSI_NOT_MOMENTUM_SUPPORTIVE
2026-09-23T13:35:41.257085+00:00,SIE_FIX_BREAKOUT_QUALITY_R_QUALITY_V1,BNB,BNBUSDT,strategy-lab-v1.0.0:SIE_FIX_BREAKOUT_QUALITY_R_QUALITY_V1,1790168400000,2026-09-23T13:00:00+00:00,778.68,781.81,776.74,780.48,39.517426273458575,787.4250000000001,778.6304710188753,754.9806,5.315714285714266,0.006810827036841772,39.436241610738286,1.5,False,CLOSE_NOT_ABOVE_BREAKOUT_HIGH|RSI_NOT_MOMENTUM_SUPPORTIVE
2026-09-23T13:35:41.257085+00:00,SIE_FIX_BREAKOUT_QUALITY_R_QUALITY_V1,PAXG,PAXGUSDT,strategy-lab-v1.0.0:SIE_FIX_BREAKOUT_QUALITY_R_QUALITY_V1,1790150400000,2026-09-23T08:00:00+00:00,4319.89,4321.62,4314.93,4318.22,29.738986654069052,4341.790999999999,4315.073917898833,4340.013000000001,9.727857142857115,0.0022527469982671364,32.457075192421456,1.5,False,CLOSE_NOT_ABOVE_BREAKOUT_HIGH|CLOSE_NOT_ABOVE_MA200|RSI_NOT_MOMENTUM_SUPPORTIVE
2026-09-23T13:35:41.257085+00:00,SIE_FIX_BREAKOUT_QUALITY_R_QUALITY_V1,PAXG,PAXGUSDT,strategy-lab-v1.0.0:SIE_FIX_BREAKOUT_QUALITY_R_QUALITY_V1,1790154000000,2026-09-23T09:00:00+00:00,4317.37,4320.05,4310.41,4313.28,19.803335822753084,4340.725,4311.373843634358,4340.03255,9.412142857142824,0.002182131198796003,29.738986654069052,1.5,False,CLOSE_NOT_ABOVE_BREAKOUT_HIGH|CLOSE_NOT_ABOVE_MA200|RSI_NOT_MOMENTUM_SUPPORTIVE
2026-09-23T13:35:41.257085+00:00,SIE_FIX_BREAKOUT_QUALITY_R_QUALITY_V1,PAXG,PAXGUSDT,strategy-lab-v1.0.0:SIE_FIX_BREAKOUT_QUALITY_R_QUALITY_V1,1790157600000,2026-09-23T10:00:00+00:00,4318.74,4318.74,4312.71,4316.99,25.17321016166281,4340.215999999999,4309.615730458697,4340.0465,9.102142857142749,0.0021084465929137545,19.803335822753084,1.5,False,CLOSE_NOT_ABOVE_BREAKOUT_HIGH|CLOSE_NOT_ABOVE_MA200|RSI_NOT_MOMENTUM_SUPPORTIVE
2026-09-23T13:35:41.257085+00:00,SIE_FIX_BREAKOUT_QUALITY_R_QUALITY_V1,PAXG,PAXGUSDT,strategy-lab-v1.0.0:SIE_FIX_BREAKOUT_QUALITY_R_QUALITY_V1,1790161200000,2026-09-23T11:00:00+00:00,4315.05,4315.33,4296.0,4313.56,23.727766798418415,4339.325,4306.772051439227,4340.08485,10.411428571428457,0.002413651037989145,25.17321016166281,1.5,False,TREND_SUPPORT_NOT_CONFIRMED|CLOSE_NOT_ABOVE_BREAKOUT_HIGH|CLOSE_NOT_ABOVE_MA200|RSI_NOT_MOMENTUM_SUPPORTIVE
2026-09-23T13:35:41.257085+00:00,SIE_FIX_BREAKOUT_QUALITY_R_QUALITY_V1,PAXG,PAXGUSDT,strategy-lab-v1.0.0:SIE_FIX_BREAKOUT_QUALITY_R_QUALITY_V1,1790164800000,2026-09-23T12:00:00+00:00,4314.29,4317.49,4301.91,4309.77,17.931379914850893,4337.9815,4302.971040834198,4340.1055,10.990714285714214,0.0025501858070649274,23.727766798418415,1.5,False,TREND_SUPPORT_NOT_CONFIRMED|CLOSE_NOT_ABOVE_BREAKOUT_HIGH|CLOSE_NOT_ABOVE_MA200|RSI_NOT_MOMENTUM_SUPPORTIVE
2026-09-23T13:35:41.257085+00:00,SIE_FIX_BREAKOUT_QUALITY_R_QUALITY_V1,PAXG,PAXGUSDT,strategy-lab-v1.0.0:SIE_FIX_BREAKOUT_QUALITY_R_QUALITY_V1,1790168400000,2026-09-23T13:00:00+00:00,4307.49,4312.28,4300.28,4302.77,16.75637725251562,4335.6050000000005,4297.912001976492,4340.15595,11.21499999999995,0.0026064604894056502,17.931379914850893,1.499999999999955,False,TREND_SUPPORT_NOT_CONFIRMED|PLANNED_REWARD_TOO_LOW|CLOSE_NOT_ABOVE_BREAKOUT_HIGH|CLOSE_NOT_ABOVE_MA200|RSI_NOT_MOMENTUM_SUPPORTIVE
2026-09-23T18:22:15.990445+00:00,SIE_FIX_BREAKOUT_QUALITY_R_QUALITY_V1,BTC,BTCUSDT,strategy-lab-v1.0.0:SIE_FIX_BREAKOUT_QUALITY_R_QUALITY_V1,1790172000000,2026-09-23T14:00:00+00:00,85783.0,85932.51,83799.24,84521.36,27.26627202294749,86118.691,85065.93344114492,80584.0492,622.317857142859,0.007362847180202247,43.651670097920736,1.500000000000013,False,CLOSE_NOT_ABOVE_BREAKOUT_HIGH|RSI_NOT_MOMENTUM_SUPPORTIVE
2026-09-23T18:22:15.990445+00:00,SIE_FIX_BREAKOUT_QUALITY_R_QUALITY_V1,BTC,BTCUSDT,strategy-lab-v1.0.0:SIE_FIX_BREAKOUT_QUALITY_R_QUALITY_V1,1790175600000,2026-09-23T15:00:00+00:00,84521.35,84790.47,83950.0,83998.33,24.814979119833907,86008.0505,84609.19025418937,80619.64775,634.0478571428591,0.007548338843675334,27.26627202294749,1.4999999999999873,False,PLANNED_REWARD_TOO_LOW|CLOSE_NOT_ABOVE_BREAKOUT_HIGH|RSI_NOT_MOMENTUM_SUPPORTIVE
2026-09-23T18:22:15.990445+00:00,SIE_FIX_BREAKOUT_QUALITY_R_QUALITY_V1,BTC,BTCUSDT,strategy-lab-v1.0.0:SIE_FIX_BREAKOUT_QUALITY_R_QUALITY_V1,1790179200000,2026-09-23T16:00:00+00:00,84000.01,84353.75,83513.0,84030.09,22.392229470157048,85895.4975,84260.3564795968,80655.0229,666.9292857142874,0.007936791281721672,24.814979119833907,1.5,False,CLOSE_NOT_ABOVE_BREAKOUT_HIGH|RSI_NOT_MOMENTUM_SUPPORTIVE
2026-09-23T18:22:15.990445+00:00,SIE_FIX_BREAKOUT_QUALITY_R_QUALITY_V1,BTC,BTCUSDT,strategy-lab-v1.0.0:SIE_FIX_BREAKOUT_QUALITY_R_QUALITY_V1,1790182800000,2026-09-23T17:00:00+00:00,84030.1,84386.91,83691.84,84314.47,24.488689915174305,85801.8695,84035.07786018813,80691.86165,677.6114285714305,0.008036715744894446,22.392229470157048,1.5,False,CLOSE_NOT_ABOVE_BREAKOUT_HIGH|RSI_NOT_MOMENTUM_SUPPORTIVE
2026-09-23T18:22:15.990445+00:00,SIE_FIX_BREAKOUT_QUALITY_R_QUALITY_V1,BTC,BTCUSDT,strategy-lab-v1.0.0:SIE_FIX_BREAKOUT_QUALITY_R_QUALITY_V1,1790186400000,2026-09-23T18:00:00+00:00,84314.48,84331.09,84145.04,84161.52,15.502819926716413,85703.85149999999,83806.27659037955,80727.59634999999,643.6421428571454,0.007647701026040705,24.488689915174305,1.4999999999999873,False,PLANNED_REWARD_TOO_LOW|CLOSE_NOT_ABOVE_BREAKOUT_HIGH|RSI_NOT_MOMENTUM_SUPPORTIVE
2026-09-23T18:22:15.990445+00:00,SIE_FIX_BREAKOUT_QUALITY_R_QUALITY_V1,BNB,BNBUSDT,strategy-lab-v1.0.0:SIE_FIX_BREAKOUT_QUALITY_R_QUALITY_V1,1790172000000,2026-09-23T14:00:00+00:00,780.92,782.3,758.4,766.42,26.47931921630709,786.385,773.7429250120937,755.22375,6.742142857142848,0.008796929695392667,40.364789849326016,1.5000000000000093,False,CLOSE_NOT_ABOVE_BREAKOUT_HIGH|RSI_NOT_MOMENTUM_SUPPORTIVE
2026-09-23T18:22:15.990445+00:00,SIE_FIX_BREAKOUT_QUALITY_R_QUALITY_V1,BNB,BNBUSDT,strategy-lab-v1.0.0:SIE_FIX_BREAKOUT_QUALITY_R_QUALITY_V1,1790175600000,2026-09-23T15:00:00+00:00,766.85,768.84,760.99,761.12,24.60011031439602,785.1305,768.3619312179051,755.4571999999998,6.918571428571421,0.009089987687317927,26.47931921630709,1.5,False,CLOSE_NOT_ABOVE_BREAKOUT_HIGH|RSI_NOT_MOMENTUM_SUPPORTIVE
2026-09-23T18:22:15.990445+00:00,SIE_FIX_BREAKOUT_QUALITY_R_QUALITY_V1,BNB,BNBUSDT,strategy-lab-v1.0.0:SIE_FIX_BREAKOUT_QUALITY_R_QUALITY_V1,1790179200000,2026-09-23T16:00:00+00:00,761.4,766.2,756.84,765.23,24.516841524019952,784.152,765.2697547945206,755.6977,7.1707142857142845,0.009370665402185336,24.60011031439602,1.4999999999999911,False,PLANNED_REWARD_TOO_LOW|CLOSE_NOT_ABOVE_BREAKOUT_HIGH|RSI_NOT_MOMENTUM_SUPPORTIVE
2026-09-23T18:22:15.990445+00:00,SIE_FIX_BREAKOUT_QUALITY_R_QUALITY_V1,BNB,BNBUSDT,strategy-lab-v1.0.0:SIE_FIX_BREAKOUT_QUALITY_R_QUALITY_V1,1790182800000,2026-09-23T17:00:00+00:00,765.15,767.84,762.23,766.73,21.766501335368133,783.2835,762.9309401855724,755.94345,7.214999999999999,0.009410092209773974,24.516841524019952,1.5,False,CLOSE_NOT_ABOVE_BREAKOUT_HIGH|RSI_NOT_MOMENTUM_SUPPORTIVE
2026-09-23T18:22:15.990445+00:00,SIE_FIX_BREAKOUT_QUALITY_R_QUALITY_V1,BNB,BNBUSDT,strategy-lab-v1.0.0:SIE_FIX_BREAKOUT_QUALITY_R_QUALITY_V1,1790186400000,2026-09-23T18:00:00+00:00,767.0,767.0,765.1,765.66,21.963426371511034,782.204,760.5582998265278,756.1733,6.961428571428574,0.009092062496968072,21.766501335368133,1.5,False,CLOSE_NOT_ABOVE_BREAKOUT_HIGH|RSI_NOT_MOMENTUM_SUPPORTIVE
2026-09-23T18:22:15.990445+00:00,SIE_FIX_BREAKOUT_QUALITY_R_QUALITY_V1,PAXG,PAXGUSDT,strategy-lab-v1.0.0:SIE_FIX_BREAKOUT_QUALITY_R_QUALITY_V1,1790172000000,2026-09-23T14:00:00+00:00,4290.31,4296.98,4277.23,4292.35,18.278569952469923,4331.9065,4288.293370658006,4340.08505,13.014285714285636,0.0030319721631007802,14.428211586901469,1.5000000000000389,False,TREND_SUPPORT_NOT_CONFIRMED|CLOSE_NOT_ABOVE_BREAKOUT_HIGH|CLOSE_NOT_ABOVE_MA200|RSI_NOT_MOMENTUM_SUPPORTIVE
2026-09-23T18:22:15.990445+00:00,SIE_FIX_BREAKOUT_QUALITY_R_QUALITY_V1,PAXG,PAXGUSDT,strategy-lab-v1.0.0:SIE_FIX_BREAKOUT_QUALITY_R_QUALITY_V1,1790175600000,2026-09-23T15:00:00+00:00,4293.6,4295.55,4277.27,4280.34,18.871346276936606,4327.8335,4281.048414224705,4340.091,13.059999999999945,0.003051159487330433,18.278569952469923,1.5000000000000386,False,TREND_SUPPORT_NOT_CONFIRMED|CLOSE_NOT_ABOVE_BREAKOUT_HIGH|CLOSE_NOT_ABOVE_MA200|RSI_NOT_MOMENTUM_SUPPORTIVE
2026-09-23T18:22:15.990445+00:00,SIE_FIX_BREAKOUT_QUALITY_R_QUALITY_V1,PAXG,PAXGUSDT,strategy-lab-v1.0.0:SIE_FIX_BREAKOUT_QUALITY_R_QUALITY_V1,1790179200000,2026-09-23T16:00:00+00:00,4277.57,4288.45,4276.66,4283.86,23.53528628495323,4324.242,4275.571828601064,4340.185399999999,13.352142857142812,0.003116848556475425,18.871346276936606,1.4999999999999623,False,TREND_SUPPORT_NOT_CONFIRMED|PLANNED_REWARD_TOO_LOW|CLOSE_NOT_ABOVE_BREAKOUT_HIGH|CLOSE_NOT_ABOVE_MA200|RSI_NOT_MOMENTUM_SUPPORTIVE
2026-09-23T18:22:15.990445+00:00,SIE_FIX_BREAKOUT_QUALITY_R_QUALITY_V1,PAXG,PAXGUSDT,strategy-lab-v1.0.0:SIE_FIX_BREAKOUT_QUALITY_R_QUALITY_V1,1790182800000,2026-09-23T17:00:00+00:00,4282.61,4291.24,4275.0,4291.24,21.029108411643506,4320.999000000001,4272.609359001107,4340.28245,13.66071428571422,0.003183395542014481,23.53528628495323,1.5,False,TREND_SUPPORT_NOT_CONFIRMED|CLOSE_NOT_ABOVE_BREAKOUT_HIGH|CLOSE_NOT_ABOVE_MA200|RSI_NOT_MOMENTUM_SUPPORTIVE
2026-09-23T18:22:15.990445+00:00,SIE_FIX_BREAKOUT_QUALITY_R_QUALITY_V1,PAXG,PAXGUSDT,strategy-lab-v1.0.0:SIE_FIX_BREAKOUT_QUALITY_R_QUALITY_V1,1790186400000,2026-09-23T18:00:00+00:00,4293.18,4293.18,4287.5,4289.42,20.268289933491474,4317.4205,4270.83804258305,4340.31435,13.775714285714198,0.0032115564075595763,21.029108411643506,1.5,False,TREND_SUPPORT_NOT_CONFIRMED|CLOSE_NOT_ABOVE_BREAKOUT_HIGH|CLOSE_NOT_ABOVE_MA200|RSI_NOT_MOMENTUM_SUPPORTIVE
2026-09-23T22:55:04.893226+00:00,SIE_FIX_BREAKOUT_QUALITY_R_QUALITY_V1,BTC,BTCUSDT,strategy-lab-v1.0.0:SIE_FIX_BREAKOUT_QUALITY_R_QUALITY_V1,1790190000000,2026-09-23T19:00:00+00:00,84313.0,84572.01,84205.55,84515.87,23.549835121639603,85627.31649999999,83698.09127262478,80766.45715,623.5028571428587,0.0073773464929469314,16.06175933661318,1.5,False,CLOSE_NOT_ABOVE_BREAKOUT_HIGH|RSI_NOT_MOMENTUM_SUPPORTIVE
2026-09-23T22:55:04.893226+00:00,SIE_FIX_BREAKOUT_QUALITY_R_QUALITY_V1,BTC,BTCUSDT,strategy-lab-v1.0.0:SIE_FIX_BREAKOUT_QUALITY_R_QUALITY_V1,1790193600000,2026-09-23T20:00:00+00:00,84520.66,84583.44,84204.0,84235.46,22.072451558550995,85516.0135,83535.95533061688,80803.06085,631.5664285714302,0.007497631384353218,23.549835121639603,1.5,False,CLOSE_NOT_ABOVE_BREAKOUT_HIGH|RSI_NOT_MOMENTUM_SUPPORTIVE
2026-09-23T22:55:04.893226+00:00,SIE_FIX_BREAKOUT_QUALITY_R_QUALITY_V1,BTC,BTCUSDT,strategy-lab-v1.0.0:SIE_FIX_BREAKOUT_QUALITY_R_QUALITY_V1,1790197200000,2026-09-23T21:00:00+00:00,84235.47,84500.0,84200.0,84399.36,27.323952529354287,85417.981,83420.7063921091,80842.20085000001,618.7092857142873,0.007330734329197369,22.072451558550995,1.499999999999987,False,PLANNED_REWARD_TOO_LOW|CLOSE_NOT_ABOVE_BREAKOUT_HIGH|RSI_NOT_MOMENTUM_SUPPORTIVE
2026-09-23T22:55:04.893226+00:00,SIE_FIX_BREAKOUT_QUALITY_R_QUALITY_V1,BTC,BTCUSDT,strategy-lab-v1.0.0:SIE_FIX_BREAKOUT_QUALITY_R_QUALITY_V1,1790200800000,2026-09-23T22:00:00+00:00,84399.36,84665.24,84325.41,84596.5,32.746729265965016,85320.899,83362.47586644444,80885.83705,599.6071428571439,0.007087848112595012,27.323952529354287,1.5,False,CLOSE_NOT_ABOVE_BREAKOUT_HIGH|RSI_NOT_MOMENTUM_SUPPORTIVE
2026-09-23T22:55:04.893226+00:00,SIE_FIX_BREAKOUT_QUALITY_R_QUALITY_V1,BNB,BNBUSDT,strategy-lab-v1.0.0:SIE_FIX_BREAKOUT_QUALITY_R_QUALITY_V1,1790190000000,2026-09-23T19:00:00+00:00,766.21,768.31,765.34,767.76,26.45348837209299,781.2155,758.9906396179896,756.4222500000001,6.930714285714292,0.009027188555947552,22.29386479093391,1.5,False,CLOSE_NOT_ABOVE_BREAKOUT_HIGH|RSI_NOT_MOMENTUM_SUPPORTIVE
2026-09-23T22:55:04.893226+00:00,SIE_FIX_BREAKOUT_QUALITY_R_QUALITY_V1,BNB,BNBUSDT,strategy-lab-v1.0.0:SIE_FIX_BREAKOUT_QUALITY_R_QUALITY_V1,1790193600000,2026-09-23T20:00:00+00:00,768.17,768.48,764.56,765.39,23.471040907249915,779.9755,757.1331056640321,756.6468000000001,7.037857142857149,0.009195125547573327,26.45348837209299,1.5,False,CLOSE_NOT_ABOVE_BREAKOUT_HIGH|RSI_NOT_MOMENTUM_SUPPORTIVE
2026-09-23T22:55:04.893226+00:00,SIE_FIX_BREAKOUT_QUALITY_R_QUALITY_V1,BNB,BNBUSDT,strategy-lab-v1.0.0:SIE_FIX_BREAKOUT_QUALITY_R_QUALITY_V1,1790197200000,2026-09-23T21:00:00+00:00,765.31,766.58,764.64,766.51,26.82000422029965,778.8635,755.6752622273735,756.8792,6.836428571428582,0.008918903303842849,23.471040907249915,1.5,False,CLOSE_NOT_ABOVE_BREAKOUT_HIGH|RSI_NOT_MOMENTUM_SUPPORTIVE
2026-09-23T22:55:04.893226+00:00,SIE_FIX_BREAKOUT_QUALITY_R_QUALITY_V1,BNB,BNBUSDT,strategy-lab-v1.0.0:SIE_FIX_BREAKOUT_QUALITY_R_QUALITY_V1,1790200800000,2026-09-23T22:00:00+00:00,766.5,768.85,765.81,768.18,30.70025619128947,777.6265000000001,754.9354424882871,757.1435,6.556428571428585,0.008535015974678572,26.82000422029965,1.4999999999999905,False,PLANNED_REWARD_TOO_LOW|CLOSE_NOT_ABOVE_BREAKOUT_HIGH|RSI_NOT_MOMENTUM_SUPPORTIVE
2026-09-23T22:55:04.893226+00:00,SIE_FIX_BREAKOUT_QUALITY_R_QUALITY_V1,PAXG,PAXGUSDT,strategy-lab-v1.0.0:SIE_FIX_BREAKOUT_QUALITY_R_QUALITY_V1,1790190000000,2026-09-23T19:00:00+00:00,4285.95,4291.26,4280.54,4281.83,20.598006644518605,4313.468500000001,4268.526321025216,4340.2842,13.79928571428562,0.003222754222910676,19.97999777753121,1.5,False,TREND_SUPPORT_NOT_CONFIRMED|CLOSE_NOT_ABOVE_BREAKOUT_HIGH|CLOSE_NOT_ABOVE_MA200|RSI_NOT_MOMENTUM_SUPPORTIVE
2026-09-23T22:55:04.893226+00:00,SIE_FIX_BREAKOUT_QUALITY_R_QUALITY_V1,PAXG,PAXGUSDT,strategy-lab-v1.0.0:SIE_FIX_BREAKOUT_QUALITY_R_QUALITY_V1,1790193600000,2026-09-23T20:00:00+00:00,4283.62,4288.0,4281.12,4281.54,21.553584272357057,4309.858,4266.880999360105,4340.21865,13.743571428571354,0.003209959834211838,20.598006644518605,1.5,False,TREND_SUPPORT_NOT_CONFIRMED|CLOSE_NOT_ABOVE_BREAKOUT_HIGH|CLOSE_NOT_ABOVE_MA200|RSI_NOT_MOMENTUM_SUPPORTIVE
2026-09-23T22:55:04.893226+00:00,SIE_FIX_BREAKOUT_QUALITY_R_QUALITY_V1,PAXG,PAXGUSDT,strategy-lab-v1.0.0:SIE_FIX_BREAKOUT_QUALITY_R_QUALITY_V1,1790197200000,2026-09-23T21:00:00+00:00,4281.1,4287.68,4279.88,4284.9,27.20203951561497,4307.168,4265.021987804283,4340.15725,13.562142857142785,0.003165101369260143,21.553584272357057,1.4999999999999627,False,TREND_SUPPORT_NOT_CONFIRMED|PLANNED_REWARD_TOO_LOW|CLOSE_NOT_ABOVE_BREAKOUT_HIGH|CLOSE_NOT_ABOVE_MA200|RSI_NOT_MOMENTUM_SUPPORTIVE
2026-09-23T22:55:04.893226+00:00,SIE_FIX_BREAKOUT_QUALITY_R_QUALITY_V1,PAXG,PAXGUSDT,strategy-lab-v1.0.0:SIE_FIX_BREAKOUT_QUALITY_R_QUALITY_V1,1790200800000,2026-09-23T22:00:00+00:00,4287.11,4291.31,4284.13,4285.79,28.91143191572391,4304.8795,4263.313320731255,4340.197700000001,13.597142857142833,0.0031726106172124237,27.20203951561497,1.5,False,TREND_SUPPORT_NOT_CONFIRMED|CLOSE_NOT_ABOVE_BREAKOUT_HIGH|CLOSE_NOT_ABOVE_MA200|RSI_NOT_MOMENTUM_SUPPORTIVE
2026-09-24T04:37:20.042690+00:00,SIE_FIX_BREAKOUT_QUALITY_R_QUALITY_V1,BTC,BTCUSDT,strategy-lab-v1.0.0:SIE_FIX_BREAKOUT_QUALITY_R_QUALITY_V1,1790204400000,2026-09-23T23:00:00+00:00,84553.71,84565.3,84329.77,84378.31,30.92866665629161,85202.6785,83307.24894018889,80925.1666,593.6100000000006,0.007035101793340026,31.913191024707714,1.5000000000000135,False,CLOSE_NOT_ABOVE_BREAKOUT_HIGH|RSI_NOT_MOMENTUM_SUPPORTIVE
2026-09-24T04:37:20.042690+00:00,SIE_FIX_BREAKOUT_QUALITY_R_QUALITY_V1,BTC,BTCUSDT,strategy-lab-v1.0.0:SIE_FIX_BREAKOUT_QUALITY_R_QUALITY_V1,1790208000000,2026-09-24T00:00:00+00:00,84378.31,84479.92,84196.56,84301.26,29.28345050429948,85059.501,83355.63096741216,80965.0199,593.6071428571429,0.007041497871528171,30.92866665629161,1.5000000000000135,False,CLOSE_NOT_ABOVE_BREAKOUT_HIGH|RSI_NOT_MOMENTUM_SUPPORTIVE
2026-09-24T04:37:20.042690+00:00,SIE_FIX_BREAKOUT_QUALITY_R_QUALITY_V1,BTC,BTCUSDT,strategy-lab-v1.0.0:SIE_FIX_BREAKOUT_QUALITY_R_QUALITY_V1,1790211600000,2026-09-24T01:00:00+00:00,84302.31,84475.69,84050.0,84100.39,29.80717700835369,84940.14749999999,83320.7780372059,81000.96655,586.3792857142855,0.006972372966573466,29.28345050429948,1.5,False,CLOSE_NOT_ABOVE_BREAKOUT_HIGH|RSI_NOT_MOMENTUM_SUPPORTIVE
2026-09-24T04:37:20.042690+00:00,SIE_FIX_BREAKOUT_QUALITY_R_QUALITY_V1,BTC,BTCUSDT,strategy-lab-v1.0.0:SIE_FIX_BREAKOUT_QUALITY_R_QUALITY_V1,1790215200000,2026-09-24T02:00:00+00:00,84107.85,84376.4,83725.37,84349.88,35.48614529493797,84834.81599999999,83355.69779799884,81043.0609,600.2371428571423,0.007116040270088615,29.80717700835369,1.4999999999999865,False,PLANNED_REWARD_TOO_LOW|CLOSE_NOT_ABOVE_BREAKOUT_HIGH|RSI_NOT_MOMENTUM_SUPPORTIVE
2026-09-24T04:37:20.042690+00:00,SIE_FIX_BREAKOUT_QUALITY_R_QUALITY_V1,BTC,BTCUSDT,strategy-lab-v1.0.0:SIE_FIX_BREAKOUT_QUALITY_R_QUALITY_V1,1790218800000,2026-09-24T03:00:00+00:00,84349.88,84475.0,83827.43,83928.16,26.93730883047769,84724.814,83321.5230531001,81082.07005,602.3928571428571,0.007177481993443644,35.48614529493797,1.4999999999999867,False,PLANNED_REWARD_TOO_LOW|CLOSE_NOT_ABOVE_BREAKOUT_HIGH|RSI_NOT_MOMENTUM_SUPPORTIVE
2026-09-24T04:37:20.042690+00:00,SIE_FIX_BREAKOUT_QUALITY_R_QUALITY_V1,BTC,BTCUSDT,strategy-lab-v1.0.0:SIE_FIX_BREAKOUT_QUALITY_R_QUALITY_V1,1790222400000,2026-09-24T04:00:00+00:00,83928.17,83954.16,83736.4,83911.12,39.01141642957457,84625.2795,83289.25828639061,81122.25425,465.5707142857157,0.005548379217030064,26.93730883047769,1.5,False,CLOSE_NOT_ABOVE_BREAKOUT_HIGH|RSI_NOT_MOMENTUM_SUPPORTIVE
2026-09-24T04:37:20.042690+00:00,SIE_FIX_BREAKOUT_QUALITY_R_QUALITY_V1,BNB,BNBUSDT,strategy-lab-v1.0.0:SIE_FIX_BREAKOUT_QUALITY_R_QUALITY_V1,1790204400000,2026-09-23T23:00:00+00:00,767.76,767.76,765.38,767.27,32.54134637782438,776.153,754.7224292189792,757.38825,6.2421428571428725,0.008135523162827783,30.08830497523155,1.5,False,CLOSE_NOT_ABOVE_BREAKOUT_HIGH|RSI_NOT_MOMENTUM_SUPPORTIVE
2026-09-24T04:37:20.042690+00:00,SIE_FIX_BREAKOUT_QUALITY_R_QUALITY_V1,BNB,BNBUSDT,strategy-lab-v1.0.0:SIE_FIX_BREAKOUT_QUALITY_R_QUALITY_V1,1790208000000,2026-09-24T00:00:00+00:00,767.46,769.0,766.07,767.34,27.56378189094562,774.7805000000001,754.835561318712,757.6298000000002,6.145714285714299,0.008009114976039695,32.54134637782438,1.5,False,CLOSE_NOT_ABOVE_BREAKOUT_HIGH|RSI_NOT_MOMENTUM_SUPPORTIVE
2026-09-24T04:37:20.042690+00:00,SIE_FIX_BREAKOUT_QUALITY_R_QUALITY_V1,BNB,BNBUSDT,strategy-lab-v1.0.0:SIE_FIX_BREAKOUT_QUALITY_R_QUALITY_V1,1790211600000,2026-09-24T01:00:00+00:00,767.59,768.23,765.82,766.31,28.497543315231468,773.574,754.6720451804493,757.8499,5.941428571428584,0.007753296409323361,27.56378189094562,1.4999999999999893,False,PLANNED_REWARD_TOO_LOW|CLOSE_NOT_ABOVE_BREAKOUT_HIGH|RSI_NOT_MOMENTUM_SUPPORTIVE
2026-09-24T04:37:20.042690+00:00,SIE_FIX_BREAKOUT_QUALITY_R_QUALITY_V1,BNB,BNBUSDT,strategy-lab-v1.0.0:SIE_FIX_BREAKOUT_QUALITY_R_QUALITY_V1,1790215200000,2026-09-24T02:00:00+00:00,766.28,775.98,763.18,772.35,41.4580801944108,772.612,755.612985205009,758.1213499999999,6.380000000000011,0.00826050365766817,28.497543315231468,1.5,False,CLOSE_NOT_ABOVE_BREAKOUT_HIGH|RSI_NOT_MOMENTUM_SUPPORTIVE
2026-09-24T04:37:20.042690+00:00,SIE_FIX_BREAKOUT_QUALITY_R_QUALITY_V1,BNB,BNBUSDT,strategy-lab-v1.0.0:SIE_FIX_BREAKOUT_QUALITY_R_QUALITY_V1,1790218800000,2026-09-24T03:00:00+00:00,772.4,774.06,766.18,766.53,34.03176003528904,771.5145,755.9842733757579,758.3600499999999,6.470000000000011,0.008440635069729837,41.4580801944108,1.5000000000000098,False,CLOSE_NOT_ABOVE_BREAKOUT_HIGH|RSI_NOT_MOMENTUM_SUPPORTIVE
2026-09-24T04:37:20.042690+00:00,SIE_FIX_BREAKOUT_QUALITY_R_QUALITY_V1,BNB,BNBUSDT,strategy-lab-v1.0.0:SIE_FIX_BREAKOUT_QUALITY_R_QUALITY_V1,1790222400000,2026-09-24T04:00:00+00:00,766.19,767.16,765.11,766.25,49.72607154366749,770.5139999999999,756.3987254365948,758.6173999999999,4.909285714285724,0.006406898158937323,34.03176003528904,1.4999999999999871,False,PLANNED_REWARD_TOO_LOW|CLOSE_NOT_ABOVE_BREAKOUT_HIGH|RSI_NOT_MOMENTUM_SUPPORTIVE
2026-09-24T04:37:20.042690+00:00,SIE_FIX_BREAKOUT_QUALITY_R_QUALITY_V1,PAXG,PAXGUSDT,strategy-lab-v1.0.0:SIE_FIX_BREAKOUT_QUALITY_R_QUALITY_V1,1790204400000,2026-09-23T23:00:00+00:00,4286.84,4290.28,4283.43,4287.49,32.49151391717598,4302.229,4263.785373792273,4340.19115,13.397857142857058,0.003124871928064452,30.093362322547932,1.5,False,TREND_SUPPORT_NOT_CONFIRMED|CLOSE_NOT_ABOVE_BREAKOUT_HIGH|CLOSE_NOT_ABOVE_MA200|RSI_NOT_MOMENTUM_SUPPORTIVE
2026-09-24T04:37:20.042690+00:00,SIE_FIX_BREAKOUT_QUALITY_R_QUALITY_V1,PAXG,PAXGUSDT,strategy-lab-v1.0.0:SIE_FIX_BREAKOUT_QUALITY_R_QUALITY_V1,1790208000000,2026-09-24T00:00:00+00:00,4288.57,4297.57,4284.04,4295.85,36.50063856960465,4299.913,4266.067193701443,4340.1887,13.933571428571343,0.0032434957991017708,32.49151391717598,1.5000000000000362,False,TREND_SUPPORT_NOT_CONFIRMED|CLOSE_NOT_ABOVE_BREAKOUT_HIGH|CLOSE_NOT_ABOVE_MA200|RSI_NOT_MOMENTUM_SUPPORTIVE
2026-09-24T04:37:20.042690+00:00,SIE_FIX_BREAKOUT_QUALITY_R_QUALITY_V1,PAXG,PAXGUSDT,strategy-lab-v1.0.0:SIE_FIX_BREAKOUT_QUALITY_R_QUALITY_V1,1790211600000,2026-09-24T01:00:00+00:00,4295.03,4300.46,4276.2,4277.23,30.570114450743475,4297.1165,4265.555637353372,4340.10545,14.167142857142803,0.003312223765648049,36.50063856960465,1.5000000000000357,False,TREND_SUPPORT_NOT_CONFIRMED|CLOSE_NOT_ABOVE_BREAKOUT_HIGH|CLOSE_NOT_ABOVE_MA200|RSI_NOT_MOMENTUM_SUPPORTIVE
2026-09-24T04:37:20.042690+00:00,SIE_FIX_BREAKOUT_QUALITY_R_QUALITY_V1,PAXG,PAXGUSDT,strategy-lab-v1.0.0:SIE_FIX_BREAKOUT_QUALITY_R_QUALITY_V1,1790215200000,2026-09-24T02:00:00+00:00,4277.48,4293.55,4271.87,4289.77,40.21909233176872,4295.155,4267.080441766622,4340.01675,14.602857142857115,0.0034041119087636663,30.570114450743475,1.5000000000000346,False,TREND_SUPPORT_NOT_CONFIRMED|CLOSE_NOT_ABOVE_BREAKOUT_HIGH|CLOSE_NOT_ABOVE_MA200|RSI_NOT_MOMENTUM_SUPPORTIVE
2026-09-24T04:37:20.042690+00:00,SIE_FIX_BREAKOUT_QUALITY_R_QUALITY_V1,PAXG,PAXGUSDT,strategy-lab-v1.0.0:SIE_FIX_BREAKOUT_QUALITY_R_QUALITY_V1,1790218800000,2026-09-24T03:00:00+00:00,4290.87,4290.88,4279.9,4283.07,46.64775950085103,4293.275,4267.331800120277,4339.95155,13.300000000000052,0.0031052492721342527,40.21909233176872,1.499999999999962,False,TREND_SUPPORT_NOT_CONFIRMED|PLANNED_REWARD_TOO_LOW|CLOSE_NOT_ABOVE_BREAKOUT_HIGH|CLOSE_NOT_ABOVE_MA200|RSI_NOT_MOMENTUM_SUPPORTIVE
2026-09-24T04:37:20.042690+00:00,SIE_FIX_BREAKOUT_QUALITY_R_QUALITY_V1,PAXG,PAXGUSDT,strategy-lab-v1.0.0:SIE_FIX_BREAKOUT_QUALITY_R_QUALITY_V1,1790222400000,2026-09-24T04:00:00+00:00,4283.08,4283.97,4280.25,4282.45,44.20374707259938,4291.4865,4267.838239789168,4339.89545,12.15500000000007,0.002838328526894668,46.64775950085103,1.5,False,TREND_SUPPORT_NOT_CONFIRMED|CLOSE_NOT_ABOVE_BREAKOUT_HIGH|CLOSE_NOT_ABOVE_MA200|RSI_NOT_MOMENTUM_SUPPORTIVE
2026-09-24T11:37:53.002794+00:00,SIE_FIX_BREAKOUT_QUALITY_R_QUALITY_V1,BTC,BTCUSDT,strategy-lab-v1.0.0:SIE_FIX_BREAKOUT_QUALITY_R_QUALITY_V1,1790226000000,2026-09-24T05:00:00+00:00,84024.37,84397.07,83933.64,83965.41,49.31181536917805,84536.769,83307.34606829396,81165.6971,445.30214285714464,0.005303399850690238,41.29879861478274,1.5,False,CLOSE_NOT_ABOVE_BREAKOUT_HIGH|RSI_NOT_MOMENTUM_SUPPORTIVE
2026-09-24T11:37:53.002794+00:00,SIE_FIX_BREAKOUT_QUALITY_R_QUALITY_V1,BTC,BTCUSDT,strategy-lab-v1.0.0:SIE_FIX_BREAKOUT_QUALITY_R_QUALITY_V1,1790229600000,2026-09-24T06:00:00+00:00,83959.95,84218.38,83895.29,84095.61,51.31553585196617,84446.21650000001,83377.43883076304,81208.12015,408.32642857143117,0.004855502309471698,49.31181536917805,1.5,False,CLOSE_NOT_ABOVE_BREAKOUT_HIGH
2026-09-24T11:37:53.002794+00:00,SIE_FIX_BREAKOUT_QUALITY_R_QUALITY_V1,BTC,BTCUSDT,strategy-lab-v1.0.0:SIE_FIX_BREAKOUT_QUALITY_R_QUALITY_V1,1790233200000,2026-09-24T07:00:00+00:00,84095.61,84595.84,83931.81,84503.45,53.61518154340587,84389.5035,83469.64262389996,81252.71655,406.1092857142877,0.004805830835478169,51.31553585196617,1.50000000000002,False,CLOSE_NOT_ABOVE_BREAKOUT_HIGH
2026-09-24T11:37:53.002794+00:00,SIE_FIX_BREAKOUT_QUALITY_R_QUALITY_V1,BTC,BTCUSDT,strategy-lab-v1.0.0:SIE_FIX_BREAKOUT_QUALITY_R_QUALITY_V1,1790236800000,2026-09-24T08:00:00+00:00,84503.45,84610.6,83300.0,83634.15,40.25069437862073,84297.106,83468.03833148045,81292.32625,478.6500000000025,0.005723140607036749,53.61518154340587,1.5,False,CLOSE_NOT_ABOVE_BREAKOUT_HIGH|RSI_NOT_MOMENTUM_SUPPORTIVE
2026-09-24T11:37:53.002794+00:00,SIE_FIX_BREAKOUT_QUALITY_R_QUALITY_V1,BTC,BTCUSDT,strategy-lab-v1.0.0:SIE_FIX_BREAKOUT_QUALITY_R_QUALITY_V1,1790240400000,2026-09-24T09:00:00+00:00,83636.54,83719.99,82708.96,83244.97,32.67508942592909,84170.2045,83535.57147783105,81331.37814999999,524.6907142857173,0.0063029719908087815,40.25069437862073,1.4999999999999847,False,PLANNED_REWARD_TOO_LOW|CLOSE_NOT_ABOVE_BREAKOUT_HIGH|RSI_NOT_MOMENTUM_SUPPORTIVE
2026-09-24T11:37:53.002794+00:00,SIE_FIX_BREAKOUT_QUALITY_R_QUALITY_V1,BTC,BTCUSDT,strategy-lab-v1.0.0:SIE_FIX_BREAKOUT_QUALITY_R_QUALITY_V1,1790244000000,2026-09-24T10:00:00+00:00,83244.98,83552.55,83120.76,83496.96,39.85415258475247,84118.98449999999,83442.03936666403,81369.7387,528.4300000000034,0.0063287334053839005,32.67508942592909,1.5,False,CLOSE_NOT_ABOVE_BREAKOUT_HIGH|RSI_NOT_MOMENTUM_SUPPORTIVE
2026-09-24T11:37:53.002794+00:00,SIE_FIX_BREAKOUT_QUALITY_R_QUALITY_V1,BTC,BTCUSDT,strategy-lab-v1.0.0:SIE_FIX_BREAKOUT_QUALITY_R_QUALITY_V1,1790247600000,2026-09-24T11:00:00+00:00,83496.95,83589.96,83426.0,83444.24,36.46463959367846,84091.28,83354.17140376182,81408.18285,518.712857142861,0.006216281161442192,39.85415258475247,1.5,False,CLOSE_NOT_ABOVE_BREAKOUT_HIGH|RSI_NOT_MOMENTUM_SUPPORTIVE
2026-09-24T11:37:53.002794+00:00,SIE_FIX_BREAKOUT_QUALITY_R_QUALITY_V1,BNB,BNBUSDT,strategy-lab-v1.0.0:SIE_FIX_BREAKOUT_QUALITY_R_QUALITY_V1,1790226000000,2026-09-24T05:00:00+00:00,770.99,775.4,770.99,772.72,68.33122629582785,770.272,757.2801570206512,758.9502,4.93785714285715,0.006390228210551235,56.440147853284095,1.4999999999999871,False,PLANNED_REWARD_TOO_LOW|CLOSE_NOT_ABOVE_BREAKOUT_HIGH
2026-09-24T11:37:53.002794+00:00,SIE_FIX_BREAKOUT_QUALITY_R_QUALITY_V1,BNB,BNBUSDT,strategy-lab-v1.0.0:SIE_FIX_BREAKOUT_QUALITY_R_QUALITY_V1,1790229600000,2026-09-24T06:00:00+00:00,773.05,773.52,771.0,772.21,62.446504992867176,769.6184999999999,758.5377558462865,759.2470499999998,4.44928571428572,0.00576175614701405,68.33122629582785,1.4999999999999858,False,PLANNED_REWARD_TOO_LOW|CLOSE_NOT_ABOVE_BREAKOUT_HIGH
2026-09-24T11:37:53.002794+00:00,SIE_FIX_BREAKOUT_QUALITY_R_QUALITY_V1,BNB,BNBUSDT,strategy-lab-v1.0.0:SIE_FIX_BREAKOUT_QUALITY_R_QUALITY_V1,1790233200000,2026-09-24T07:00:00+00:00,772.2,777.47,770.7,776.01,65.29334212261018,769.2719999999999,759.5262099345381,759.56875,4.53214285714286,0.005840315018031804,62.446504992867176,1.5,False,CLOSE_NOT_ABOVE_BREAKOUT_HIGH
2026-09-24T11:37:53.002794+00:00,SIE_FIX_BREAKOUT_QUALITY_R_QUALITY_V1,BNB,BNBUSDT,strategy-lab-v1.0.0:SIE_FIX_BREAKOUT_QUALITY_R_QUALITY_V1,1790236800000,2026-09-24T08:00:00+00:00,775.71,775.97,766.76,769.64,54.40812963471574,768.7850000000001,760.2045279850083,759.84865,4.937142857142858,0.006414873001848732,65.29334212261018,1.5000000000000129,False,CLOSE_NOT_ABOVE_BREAKOUT_HIGH
2026-09-24T11:37:53.002794+00:00,SIE_FIX_BREAKOUT_QUALITY_R_QUALITY_V1,BNB,BNBUSDT,strategy-lab-v1.0.0:SIE_FIX_BREAKOUT_QUALITY_R_QUALITY_V1,1790240400000,2026-09-24T09:00:00+00:00,769.8,770.81,762.9,766.25,48.037431765011725,768.047,761.501692978931,760.138,5.2900000000000045,0.006903752039151718,54.40812963471574,1.5,False,CLOSE_NOT_ABOVE_BREAKOUT_HIGH|RSI_NOT_MOMENTUM_SUPPORTIVE
2026-09-24T11:37:53.002794+00:00,SIE_FIX_BREAKOUT_QUALITY_R_QUALITY_V1,BNB,BNBUSDT,strategy-lab-v1.0.0:SIE_FIX_BREAKOUT_QUALITY_R_QUALITY_V1,1790244000000,2026-09-24T10:00:00+00:00,766.47,769.22,765.19,768.46,54.00678673975466,768.149,761.6448385628848,760.41755,5.29785714285714,0.006894122196154828,48.037431765011725,1.5,False,CLOSE_NOT_ABOVE_BREAKOUT_HIGH
2026-09-24T11:37:53.002794+00:00,SIE_FIX_BREAKOUT_QUALITY_R_QUALITY_V1,BNB,BNBUSDT,strategy-lab-v1.0.0:SIE_FIX_BREAKOUT_QUALITY_R_QUALITY_V1,1790247600000,2026-09-24T11:00:00+00:00,768.6,770.77,768.28,769.4,53.78966692892731,768.563,762.9017135737489,760.69525,5.337142857142851,0.00693675962716773,54.00678673975466,1.5000000000000118,False,CLOSE_NOT_ABOVE_BREAKOUT_HIGH
2026-09-24T11:37:53.002794+00:00,SIE_FIX_BREAKOUT_QUALITY_R_QUALITY_V1,PAXG,PAXGUSDT,strategy-lab-v1.0.0:SIE_FIX_BREAKOUT_QUALITY_R_QUALITY_V1,1790226000000,2026-09-24T05:00:00+00:00,4289.0,4292.6,4276.23,4278.02,48.7065120428191,4290.051,4268.206539924288,4339.84,12.37785714285727,0.0028933612145004626,48.15345606879051,1.5,False,TREND_SUPPORT_NOT_CONFIRMED|CLOSE_NOT_ABOVE_BREAKOUT_HIGH|CLOSE_NOT_ABOVE_MA200|RSI_NOT_MOMENTUM_SUPPORTIVE
2026-09-24T11:37:53.002794+00:00,SIE_FIX_BREAKOUT_QUALITY_R_QUALITY_V1,PAXG,PAXGUSDT,strategy-lab-v1.0.0:SIE_FIX_BREAKOUT_QUALITY_R_QUALITY_V1,1790229600000,2026-09-24T06:00:00+00:00,4279.49,4282.68,4271.93,4273.82,44.44444444444467,4287.8925,4268.758993395111,4339.7627,12.303571428571558,0.002878823026840522,48.7065120428191,1.5,False,TREND_SUPPORT_NOT_CONFIRMED|CLOSE_NOT_ABOVE_BREAKOUT_HIGH|CLOSE_NOT_ABOVE_MA200|RSI_NOT_MOMENTUM_SUPPORTIVE
2026-09-24T11:37:53.002794+00:00,SIE_FIX_BREAKOUT_QUALITY_R_QUALITY_V1,PAXG,PAXGUSDT,strategy-lab-v1.0.0:SIE_FIX_BREAKOUT_QUALITY_R_QUALITY_V1,1790233200000,2026-09-24T07:00:00+00:00,4273.81,4283.48,4272.32,4273.99,39.62717979555062,4285.914,4269.872646690529,4339.720850000001,11.94071428571442,0.002793809598458214,44.44444444444467,1.5000000000000424,False,TREND_SUPPORT_NOT_CONFIRMED|CLOSE_NOT_ABOVE_BREAKOUT_HIGH|CLOSE_NOT_ABOVE_MA200|RSI_NOT_MOMENTUM_SUPPORTIVE
2026-09-24T11:37:53.002794+00:00,SIE_FIX_BREAKOUT_QUALITY_R_QUALITY_V1,PAXG,PAXGUSDT,strategy-lab-v1.0.0:SIE_FIX_BREAKOUT_QUALITY_R_QUALITY_V1,1790236800000,2026-09-24T08:00:00+00:00,4277.66,4279.58,4257.08,4257.43,34.10620018631664,4283.2970000000005,4266.612391404076,4339.61015,12.81500000000012,0.0030100318736890844,39.62717979555062,1.4999999999999605,False,TREND_SUPPORT_NOT_CONFIRMED|PLANNED_REWARD_TOO_LOW|CLOSE_NOT_ABOVE_BREAKOUT_HIGH|CLOSE_NOT_ABOVE_MA200|RSI_NOT_MOMENTUM_SUPPORTIVE
2026-09-24T11:37:53.002794+00:00,SIE_FIX_BREAKOUT_QUALITY_R_QUALITY_V1,PAXG,PAXGUSDT,strategy-lab-v1.0.0:SIE_FIX_BREAKOUT_QUALITY_R_QUALITY_V1,1790240400000,2026-09-24T09:00:00+00:00,4258.69,4260.19,4248.14,4252.99,34.77939624234794,4281.4974999999995,4260.45784898105,4339.463949999999,12.91000000000005,0.0030355114872125375,34.10620018631664,1.499999999999961,False,TREND_SUPPORT_NOT_CONFIRMED|PLANNED_REWARD_TOO_LOW|CLOSE_NOT_ABOVE_BREAKOUT_HIGH|CLOSE_NOT_ABOVE_MA200|RSI_NOT_MOMENTUM_SUPPORTIVE
2026-09-24T11:37:53.002794+00:00,SIE_FIX_BREAKOUT_QUALITY_R_QUALITY_V1,PAXG,PAXGUSDT,strategy-lab-v1.0.0:SIE_FIX_BREAKOUT_QUALITY_R_QUALITY_V1,1790244000000,2026-09-24T10:00:00+00:00,4253.82,4259.39,4242.59,4255.56,36.611008039580256,4279.658,4256.417360938238,4339.120400000001,13.618571428571483,0.0032001831553477057,34.77939624234794,1.500000000000037,False,TREND_SUPPORT_NOT_CONFIRMED|CLOSE_NOT_ABOVE_BREAKOUT_HIGH|CLOSE_NOT_ABOVE_MA200|RSI_NOT_MOMENTUM_SUPPORTIVE
2026-09-24T11:37:53.002794+00:00,SIE_FIX_BREAKOUT_QUALITY_R_QUALITY_V1,PAXG,PAXGUSDT,strategy-lab-v1.0.0:SIE_FIX_BREAKOUT_QUALITY_R_QUALITY_V1,1790247600000,2026-09-24T11:00:00+00:00,4256.53,4262.02,4249.99,4258.52,36.348582074105785,4278.567,4253.57427777934,4338.7737,13.920714285714373,0.003268908983805259,36.611008039580256,1.4999999999999638,False,TREND_SUPPORT_NOT_CONFIRMED|PLANNED_REWARD_TOO_LOW|CLOSE_NOT_ABOVE_BREAKOUT_HIGH|CLOSE_NOT_ABOVE_MA200|RSI_NOT_MOMENTUM_SUPPORTIVE
2026-09-24T17:04:05.226582+00:00,SIE_FIX_BREAKOUT_QUALITY_R_QUALITY_V1,BTC,BTCUSDT,strategy-lab-v1.0.0:SIE_FIX_BREAKOUT_QUALITY_R_QUALITY_V1,1790251199999,2026-09-24T11:59:59.999000+00:00,84524.02,84622.01,82874.93,83494.58,35.50760467554048,85241.29000000001,82727.81474248803,79131.09694999999,993.8000000000009,0.011902569005077945,35.99295898891728,1.4999999999999918,False,PLANNED_REWARD_TOO_LOW|CLOSE_NOT_ABOVE_BREAKOUT_HIGH|RSI_NOT_MOMENTUM_SUPPORTIVE
2026-09-24T17:04:05.226582+00:00,SIE_FIX_BREAKOUT_QUALITY_R_QUALITY_V1,BTC,BTCUSDT,strategy-lab-v1.0.0:SIE_FIX_BREAKOUT_QUALITY_R_QUALITY_V1,1790265599999,2026-09-24T15:59:59.999000+00:00,83494.59,84942.45,83346.66,84418.0,44.32510412146975,85376.18950000001,83401.2350481546,79166.74105,1063.7685714285722,0.012601205565502288,35.50760467554048,1.5,False,CLOSE_NOT_ABOVE_BREAKOUT_HIGH|RSI_NOT_MOMENTUM_SUPPORTIVE
2026-09-24T17:04:05.226582+00:00,SIE_FIX_BREAKOUT_QUALITY_R_QUALITY_V1,BNB,BNBUSDT,strategy-lab-v1.0.0:SIE_FIX_BREAKOUT_QUALITY_R_QUALITY_V1,1790251199999,2026-09-24T11:59:59.999000+00:00,775.8,776.42,763.04,769.98,37.63856664088687,783.125,758.6857393728811,726.0359,11.151428571428571,0.014482750943438233,35.60541397390563,1.5,False,CLOSE_NOT_ABOVE_BREAKOUT_HIGH|RSI_NOT_MOMENTUM_SUPPORTIVE
2026-09-24T17:04:05.226582+00:00,SIE_FIX_BREAKOUT_QUALITY_R_QUALITY_V1,BNB,BNBUSDT,strategy-lab-v1.0.0:SIE_FIX_BREAKOUT_QUALITY_R_QUALITY_V1,1790265599999,2026-09-24T15:59:59.999000+00:00,769.97,783.76,768.85,780.54,47.355883754168616,783.7165,760.1441439234377,726.4083,11.693571428571422,0.014981386512634103,37.63856664088687,1.4999999999999947,False,PLANNED_REWARD_TOO_LOW|CLOSE_NOT_ABOVE_BREAKOUT_HIGH|RSI_NOT_MOMENTUM_SUPPORTIVE
2026-09-24T17:04:05.226582+00:00,SIE_FIX_BREAKOUT_QUALITY_R_QUALITY_V1,PAXG,PAXGUSDT,strategy-lab-v1.0.0:SIE_FIX_BREAKOUT_QUALITY_R_QUALITY_V1,1790251199999,2026-09-24T11:59:59.999000+00:00,4274.88,4282.11,4243.22,4263.17,31.248175892596635,4321.593,4256.78070730802,4423.6357499999995,30.97571428571421,0.00726588765770875,29.372228064560574,1.4999999999999838,False,TREND_SUPPORT_NOT_CONFIRMED|PLANNED_REWARD_TOO_LOW|CLOSE_NOT_ABOVE_BREAKOUT_HIGH|CLOSE_NOT_ABOVE_MA200|RSI_NOT_MOMENTUM_SUPPORTIVE
2026-09-24T17:04:05.226582+00:00,SIE_FIX_BREAKOUT_QUALITY_R_QUALITY_V1,PAXG,PAXGUSDT,strategy-lab-v1.0.0:SIE_FIX_BREAKOUT_QUALITY_R_QUALITY_V1,1790265599999,2026-09-24T15:59:59.999000+00:00,4263.45,4281.25,4243.71,4254.37,36.00291430813218,4317.2654999999995,4246.875131205748,4421.94165,30.502857142857074,0.0071697706459139835,31.248175892596635,1.4999999999999833,False,TREND_SUPPORT_NOT_CONFIRMED|PLANNED_REWARD_TOO_LOW|CLOSE_NOT_ABOVE_BREAKOUT_HIGH|CLOSE_NOT_ABOVE_MA200|RSI_NOT_MOMENTUM_SUPPORTIVE
2026-09-24T21:27:36.654637+00:00,SIE_FIX_BREAKOUT_QUALITY_R_QUALITY_V1,BTC,BTCUSDT,strategy-lab-v1.0.0:SIE_FIX_BREAKOUT_QUALITY_R_QUALITY_V1,1790265600000,2026-09-24T16:00:00+00:00,84406.43,84917.51,84010.92,84467.79,51.21925494226856,84038.52849999999,83257.9233466355,81614.79165,713.9350000000039,0.008452156733353672,52.998670888472205,1.5000000000000113,False,CLOSE_NOT_ABOVE_BREAKOUT_HIGH
2026-09-24T21:27:36.654637+00:00,SIE_FIX_BREAKOUT_QUALITY_R_QUALITY_V1,BTC,BTCUSDT,strategy-lab-v1.0.0:SIE_FIX_BREAKOUT_QUALITY_R_QUALITY_V1,1790269200000,2026-09-24T17:00:00+00:00,84466.5,84547.71,83974.6,84091.6,51.70612551672307,84023.14050000001,83259.64807316975,81655.6294,708.616428571432,0.008426720725630527,51.21925494226856,1.5,False,CLOSE_NOT_ABOVE_BREAKOUT_HIGH
2026-09-24T21:27:36.654637+00:00,SIE_FIX_BREAKOUT_QUALITY_R_QUALITY_V1,BTC,BTCUSDT,strategy-lab-v1.0.0:SIE_FIX_BREAKOUT_QUALITY_R_QUALITY_V1,1790272800000,2026-09-24T18:00:00+00:00,84090.54,84535.56,83850.38,84453.28,54.242206647716195,84018.29500000001,83267.11290945995,81698.2958,735.3407142857167,0.008707071108259107,51.70612551672307,1.5,False,CLOSE_NOT_ABOVE_BREAKOUT_HIGH
2026-09-24T21:27:36.654637+00:00,SIE_FIX_BREAKOUT_QUALITY_R_QUALITY_V1,BTC,BTCUSDT,strategy-lab-v1.0.0:SIE_FIX_BREAKOUT_QUALITY_R_QUALITY_V1,1790276400000,2026-09-24T19:00:00+00:00,84453.28,84638.59,84266.16,84395.47,54.254548764176526,84019.153,83266.29071208,81739.36245,728.8407142857156,0.008636017007615642,54.242206647716195,1.5,False,CLOSE_NOT_ABOVE_BREAKOUT_HIGH
2026-09-24T21:27:36.654637+00:00,SIE_FIX_BREAKOUT_QUALITY_R_QUALITY_V1,BTC,BTCUSDT,strategy-lab-v1.0.0:SIE_FIX_BREAKOUT_QUALITY_R_QUALITY_V1,1790280000000,2026-09-24T20:00:00+00:00,84388.0,84471.9,84145.07,84354.08,52.60275793454992,84021.79400000001,83264.63346733592,81781.62680000001,729.1078571428568,0.008643421363173621,54.254548764176526,1.499999999999989,False,PLANNED_REWARD_TOO_LOW|CLOSE_NOT_ABOVE_BREAKOUT_HIGH
2026-09-24T21:27:36.654637+00:00,SIE_FIX_BREAKOUT_QUALITY_R_QUALITY_V1,BTC,BTCUSDT,strategy-lab-v1.0.0:SIE_FIX_BREAKOUT_QUALITY_R_QUALITY_V1,1790283600000,2026-09-24T21:00:00+00:00,84359.99,84437.62,84274.6,84408.52,48.970816863295326,84037.2005,83261.9466287893,81825.7589,693.3214285714275,0.008213879695692183,52.60275793454992,1.5,False,CLOSE_NOT_ABOVE_BREAKOUT_HIGH|RSI_NOT_MOMENTUM_SUPPORTIVE
2026-09-24T21:27:36.654637+00:00,SIE_FIX_BREAKOUT_QUALITY_R_QUALITY_V1,BNB,BNBUSDT,strategy-lab-v1.0.0:SIE_FIX_BREAKOUT_QUALITY_R_QUALITY_V1,1790265600000,2026-09-24T16:00:00+00:00,779.58,785.88,778.23,780.54,59.66942148760323,771.2515000000001,762.2646979547753,762.32375,6.023571428571431,0.007717184806123237,64.63768115942034,1.5,False,CLOSE_NOT_ABOVE_BREAKOUT_HIGH
2026-09-24T21:27:36.654637+00:00,SIE_FIX_BREAKOUT_QUALITY_R_QUALITY_V1,BNB,BNBUSDT,strategy-lab-v1.0.0:SIE_FIX_BREAKOUT_QUALITY_R_QUALITY_V1,1790269200000,2026-09-24T17:00:00+00:00,780.26,781.23,777.68,778.21,65.02830674215144,771.8365,762.6396803866742,762.66325,5.714285714285722,0.00734285824428589,59.66942148760323,1.5,False,CLOSE_NOT_ABOVE_BREAKOUT_HIGH
2026-09-24T21:27:36.654637+00:00,SIE_FIX_BREAKOUT_QUALITY_R_QUALITY_V1,BNB,BNBUSDT,strategy-lab-v1.0.0:SIE_FIX_BREAKOUT_QUALITY_R_QUALITY_V1,1790272800000,2026-09-24T18:00:00+00:00,777.88,781.81,776.22,781.49,63.97136797454934,772.5225,762.6214982829991,763.01625,5.695714285714287,0.007288275327533668,65.02830674215144,1.5,False,CLOSE_NOT_ABOVE_BREAKOUT_HIGH
2026-09-24T21:27:36.654637+00:00,SIE_FIX_BREAKOUT_QUALITY_R_QUALITY_V1,BNB,BNBUSDT,strategy-lab-v1.0.0:SIE_FIX_BREAKOUT_QUALITY_R_QUALITY_V1,1790276400000,2026-09-24T19:00:00+00:00,781.38,781.6,778.68,779.54,58.99736147757251,773.136,763.0933103204344,763.34545,5.586428571428582,0.0071663141999494355,63.97136797454934,1.5,False,CLOSE_NOT_ABOVE_BREAKOUT_HIGH
2026-09-24T21:27:36.654637+00:00,SIE_FIX_BREAKOUT_QUALITY_R_QUALITY_V1,BNB,BNBUSDT,strategy-lab-v1.0.0:SIE_FIX_BREAKOUT_QUALITY_R_QUALITY_V1,1790280000000,2026-09-24T20:00:00+00:00,778.77,780.08,776.81,779.52,59.7701149425287,773.7450000000001,763.7048575707289,763.68125,5.640000000000019,0.007235221674876872,58.99736147757251,1.5,False,CLOSE_NOT_ABOVE_BREAKOUT_HIGH
2026-09-24T21:27:36.654637+00:00,SIE_FIX_BREAKOUT_QUALITY_R_QUALITY_V1,BNB,BNBUSDT,strategy-lab-v1.0.0:SIE_FIX_BREAKOUT_QUALITY_R_QUALITY_V1,1790283600000,2026-09-24T21:00:00+00:00,779.51,780.08,778.68,779.58,55.30145530145538,774.4085,764.672118177164,764.02485,5.256428571428598,0.006742641642202979,59.7701149425287,1.5,False,CLOSE_NOT_ABOVE_BREAKOUT_HIGH
2026-09-24T21:27:36.654637+00:00,SIE_FIX_BREAKOUT_QUALITY_R_QUALITY_V1,PAXG,PAXGUSDT,strategy-lab-v1.0.0:SIE_FIX_BREAKOUT_QUALITY_R_QUALITY_V1,1790265600000,2026-09-24T16:00:00+00:00,4253.89,4279.66,4250.1,4267.9,41.30417495029801,4272.9220000000005,4244.51824419203,4337.11665,16.276428571428564,0.003813685552948421,40.08928571428633,1.5,False,TREND_SUPPORT_NOT_CONFIRMED|CLOSE_NOT_ABOVE_BREAKOUT_HIGH|CLOSE_NOT_ABOVE_MA200|RSI_NOT_MOMENTUM_SUPPORTIVE
2026-09-24T21:27:36.654637+00:00,SIE_FIX_BREAKOUT_QUALITY_R_QUALITY_V1,PAXG,PAXGUSDT,strategy-lab-v1.0.0:SIE_FIX_BREAKOUT_QUALITY_R_QUALITY_V1,1790269200000,2026-09-24T17:00:00+00:00,4267.85,4272.25,4255.01,4261.5,41.40294938222416,4271.752,4243.490795779394,4336.7257,16.723571428571372,0.003924339183050891,41.30417495029801,1.5000000000000302,False,TREND_SUPPORT_NOT_CONFIRMED|CLOSE_NOT_ABOVE_BREAKOUT_HIGH|CLOSE_NOT_ABOVE_MA200|RSI_NOT_MOMENTUM_SUPPORTIVE
2026-09-24T21:27:36.654637+00:00,SIE_FIX_BREAKOUT_QUALITY_R_QUALITY_V1,PAXG,PAXGUSDT,strategy-lab-v1.0.0:SIE_FIX_BREAKOUT_QUALITY_R_QUALITY_V1,1790272800000,2026-09-24T18:00:00+00:00,4257.43,4275.48,4253.75,4267.83,41.58919348430671,4270.789,4243.384406297505,4336.31915,17.650714285714198,0.004135758520305214,41.40294938222416,1.5000000000000286,False,TREND_SUPPORT_NOT_CONFIRMED|CLOSE_NOT_ABOVE_BREAKOUT_HIGH|CLOSE_NOT_ABOVE_MA200|RSI_NOT_MOMENTUM_SUPPORTIVE
2026-09-24T21:27:36.654637+00:00,SIE_FIX_BREAKOUT_QUALITY_R_QUALITY_V1,PAXG,PAXGUSDT,strategy-lab-v1.0.0:SIE_FIX_BREAKOUT_QUALITY_R_QUALITY_V1,1790276400000,2026-09-24T19:00:00+00:00,4266.46,4271.58,4263.68,4265.0,44.468988954970115,4269.664500000001,4243.266174693293,4335.93875,17.045714285714116,0.003996650477306944,41.58919348430671,1.4999999999999705,False,TREND_SUPPORT_NOT_CONFIRMED|PLANNED_REWARD_TOO_LOW|CLOSE_NOT_ABOVE_BREAKOUT_HIGH|CLOSE_NOT_ABOVE_MA200|RSI_NOT_MOMENTUM_SUPPORTIVE
2026-09-24T21:27:36.654637+00:00,SIE_FIX_BREAKOUT_QUALITY_R_QUALITY_V1,PAXG,PAXGUSDT,strategy-lab-v1.0.0:SIE_FIX_BREAKOUT_QUALITY_R_QUALITY_V1,1790280000000,2026-09-24T20:00:00+00:00,4265.0,4267.95,4258.34,4267.95,47.47960498067844,4268.2695,4244.763345508064,4335.52695,16.96428571428552,0.003974808916291316,44.468988954970115,1.5,False,TREND_SUPPORT_NOT_CONFIRMED|CLOSE_NOT_ABOVE_BREAKOUT_HIGH|CLOSE_NOT_ABOVE_MA200|RSI_NOT_MOMENTUM_SUPPORTIVE
2026-09-24T21:27:36.654637+00:00,SIE_FIX_BREAKOUT_QUALITY_R_QUALITY_V1,PAXG,PAXGUSDT,strategy-lab-v1.0.0:SIE_FIX_BREAKOUT_QUALITY_R_QUALITY_V1,1790283600000,2026-09-24T21:00:00+00:00,4267.51,4267.51,4262.28,4262.58,45.31031648170987,4267.537,4244.281698582931,4335.16775,16.572142857142676,0.003887819784530185,47.47960498067844,1.5,False,TREND_SUPPORT_NOT_CONFIRMED|CLOSE_NOT_ABOVE_BREAKOUT_HIGH|CLOSE_NOT_ABOVE_MA200|RSI_NOT_MOMENTUM_SUPPORTIVE
2026-09-25T00:30:04.062349+00:00,SIE_FIX_BREAKOUT_QUALITY_R_QUALITY_V1,BTC,BTCUSDT,strategy-lab-v1.0.0:SIE_FIX_BREAKOUT_QUALITY_R_QUALITY_V1,1790287200000,2026-09-24T22:00:00+00:00,84320.1,84365.28,83927.66,84263.42,58.32625442266527,84028.4565,83266.99416713048,81868.4691,634.5999999999985,0.007531144593941221,48.003354060264286,1.4999999999999873,False,PLANNED_REWARD_TOO_LOW|CLOSE_NOT_ABOVE_BREAKOUT_HIGH
2026-09-25T00:30:04.062349+00:00,SIE_FIX_BREAKOUT_QUALITY_R_QUALITY_V1,BTC,BTCUSDT,strategy-lab-v1.0.0:SIE_FIX_BREAKOUT_QUALITY_R_QUALITY_V1,1790290800000,2026-09-24T23:00:00+00:00,84263.42,84463.0,84237.84,84385.46,66.2384777699626,84051.32149999999,83275.94283528248,81911.7419,578.4664285714274,0.0068550485897858155,58.32625442266527,1.5,False,CLOSE_NOT_ABOVE_BREAKOUT_HIGH
2026-09-25T00:30:04.062349+00:00,SIE_FIX_BREAKOUT_QUALITY_R_QUALITY_V1,BTC,BTCUSDT,strategy-lab-v1.0.0:SIE_FIX_BREAKOUT_QUALITY_R_QUALITY_V1,1790294400000,2026-09-25T00:00:00+00:00,84385.47,84719.5,84385.47,84644.29,66.30410995500944,84082.3175,83265.28254520116,81956.4556,571.4842857142836,0.006751598787281265,66.2384777699626,1.5000000000000142,False,CLOSE_NOT_ABOVE_BREAKOUT_HIGH
2026-09-25T00:30:04.062349+00:00,SIE_FIX_BREAKOUT_QUALITY_R_QUALITY_V1,BNB,BNBUSDT,strategy-lab-v1.0.0:SIE_FIX_BREAKOUT_QUALITY_R_QUALITY_V1,1790287200000,2026-09-24T22:00:00+00:00,778.4,778.47,775.32,776.51,61.3553719008265,774.558,764.9352652535757,764.3555499999999,4.887857142857164,0.006294648031393239,53.45622119815667,1.5,False,CLOSE_NOT_ABOVE_BREAKOUT_HIGH
2026-09-25T00:30:04.062349+00:00,SIE_FIX_BREAKOUT_QUALITY_R_QUALITY_V1,BNB,BNBUSDT,strategy-lab-v1.0.0:SIE_FIX_BREAKOUT_QUALITY_R_QUALITY_V1,1790290800000,2026-09-24T23:00:00+00:00,776.72,777.71,775.98,776.36,68.71529063309896,775.0495,766.1393698662679,764.6803500000001,4.446428571428596,0.005727276742012206,61.3553719008265,1.5,False,CLOSE_NOT_ABOVE_BREAKOUT_HIGH
2026-09-25T00:30:04.062349+00:00,SIE_FIX_BREAKOUT_QUALITY_R_QUALITY_V1,BNB,BNBUSDT,strategy-lab-v1.0.0:SIE_FIX_BREAKOUT_QUALITY_R_QUALITY_V1,1790294400000,2026-09-25T00:00:00+00:00,776.72,779.68,776.72,777.73,67.71111960259847,775.3885,766.6131612031193,765.0042500000001,4.395714285714307,0.005651979846108941,68.71529063309896,1.5,False,CLOSE_NOT_ABOVE_BREAKOUT_HIGH
2026-09-25T00:30:04.062349+00:00,SIE_FIX_BREAKOUT_QUALITY_R_QUALITY_V1,PAXG,PAXGUSDT,strategy-lab-v1.0.0:SIE_FIX_BREAKOUT_QUALITY_R_QUALITY_V1,1790287200000,2026-09-24T22:00:00+00:00,4264.81,4267.32,4261.11,4266.34,54.34252851155075,4266.522,4245.69253375627,4334.73745,15.657142857142649,0.0036699238356864778,46.5069186635168,1.5,False,TREND_SUPPORT_NOT_CONFIRMED|CLOSE_NOT_ABOVE_BREAKOUT_HIGH|CLOSE_NOT_ABOVE_MA200
2026-09-25T00:30:04.062349+00:00,SIE_FIX_BREAKOUT_QUALITY_R_QUALITY_V1,PAXG,PAXGUSDT,strategy-lab-v1.0.0:SIE_FIX_BREAKOUT_QUALITY_R_QUALITY_V1,1790290800000,2026-09-24T23:00:00+00:00,4266.6,4267.28,4258.81,4258.81,52.7535957607876,4265.309,4245.6848078892735,4334.27005,15.401428571428369,0.003616369025955224,54.34252851155075,1.5,False,TREND_SUPPORT_NOT_CONFIRMED|CLOSE_NOT_ABOVE_BREAKOUT_HIGH|CLOSE_NOT_ABOVE_MA200
2026-09-25T00:30:04.062349+00:00,SIE_FIX_BREAKOUT_QUALITY_R_QUALITY_V1,PAXG,PAXGUSDT,strategy-lab-v1.0.0:SIE_FIX_BREAKOUT_QUALITY_R_QUALITY_V1,1790294400000,2026-09-25T00:00:00+00:00,4259.63,4263.23,4258.8,4262.99,53.46257805946478,4264.0085,4247.663269166553,4333.848349999999,14.517857142856883,0.003405557400523314,52.7535957607876,1.5,False,TREND_SUPPORT_NOT_CONFIRMED|CLOSE_NOT_ABOVE_BREAKOUT_HIGH|CLOSE_NOT_ABOVE_MA200
2026-09-25T07:40:45.167157+00:00,SIE_FIX_BREAKOUT_QUALITY_R_QUALITY_V1,BTC,BTCUSDT,strategy-lab-v1.0.0:SIE_FIX_BREAKOUT_QUALITY_R_QUALITY_V1,1790298000000,2026-09-25T01:00:00+00:00,84577.63,84799.79,84333.45,84596.07,66.37527563035482,84110.5175,83273.6636971866,82000.6964,588.4142857142828,0.006955574717765053,65.65339946174096,1.5000000000000138,False,CLOSE_NOT_ABOVE_BREAKOUT_HIGH
2026-09-25T07:40:45.167157+00:00,SIE_FIX_BREAKOUT_QUALITY_R_QUALITY_V1,BTC,BTCUSDT,strategy-lab-v1.0.0:SIE_FIX_BREAKOUT_QUALITY_R_QUALITY_V1,1790301600000,2026-09-25T02:00:00+00:00,84596.11,84882.18,84152.88,84220.94,58.659153075483,84116.784,83278.59464777446,82044.02115,616.4249999999956,0.007319141771630614,66.37527563035482,1.5,False,CLOSE_NOT_ABOVE_BREAKOUT_HIGH
2026-09-25T07:40:45.167157+00:00,SIE_FIX_BREAKOUT_QUALITY_R_QUALITY_V1,BTC,BTCUSDT,strategy-lab-v1.0.0:SIE_FIX_BREAKOUT_QUALITY_R_QUALITY_V1,1790305200000,2026-09-25T03:00:00+00:00,84216.09,84385.24,84037.7,84216.0,49.6677186182332,84102.4115,83281.55721391797,82085.10115,586.5028571428536,0.006964268751102565,58.659153075483,1.4999999999999862,False,PLANNED_REWARD_TOO_LOW|CLOSE_NOT_ABOVE_BREAKOUT_HIGH|RSI_NOT_MOMENTUM_SUPPORTIVE
2026-09-25T07:40:45.167157+00:00,SIE_FIX_BREAKOUT_QUALITY_R_QUALITY_V1,BTC,BTCUSDT,strategy-lab-v1.0.0:SIE_FIX_BREAKOUT_QUALITY_R_QUALITY_V1,1790308800000,2026-09-25T04:00:00+00:00,84216.01,84285.9,84046.0,84189.81,60.94324919260251,84130.19450000001,83337.4851511796,82125.54030000001,491.0257142857102,0.005832365155423325,49.6677186182332,1.5000000000000164,False,CLOSE_NOT_ABOVE_BREAKOUT_HIGH
2026-09-25T07:40:45.167157+00:00,SIE_FIX_BREAKOUT_QUALITY_R_QUALITY_V1,BTC,BTCUSDT,strategy-lab-v1.0.0:SIE_FIX_BREAKOUT_QUALITY_R_QUALITY_V1,1790312400000,2026-09-25T05:00:00+00:00,84188.02,84340.54,84077.99,84181.75,43.69346344040934,84177.03349999999,83496.28416664789,82166.91175000001,437.1778571428523,0.005193261688463976,60.94324919260251,1.5,False,CLOSE_NOT_ABOVE_BREAKOUT_HIGH|RSI_NOT_MOMENTUM_SUPPORTIVE
2026-09-25T07:40:45.167157+00:00,SIE_FIX_BREAKOUT_QUALITY_R_QUALITY_V1,BTC,BTCUSDT,strategy-lab-v1.0.0:SIE_FIX_BREAKOUT_QUALITY_R_QUALITY_V1,1790316000000,2026-09-25T06:00:00+00:00,84181.75,84280.31,83913.43,84022.58,37.86146237192405,84203.31450000001,83592.636127477,82208.92425000001,398.6271428571386,0.00474428591525205,43.69346344040934,1.5,False,CLOSE_NOT_ABOVE_BREAKOUT_HIGH|RSI_NOT_MOMENTUM_SUPPORTIVE
2026-09-25T07:40:45.167157+00:00,SIE_FIX_BREAKOUT_QUALITY_R_QUALITY_V1,BTC,BTCUSDT,strategy-lab-v1.0.0:SIE_FIX_BREAKOUT_QUALITY_R_QUALITY_V1,1790319600000,2026-09-25T07:00:00+00:00,84022.59,84096.13,83720.0,83820.12,41.823581143758716,84220.88249999999,83679.45191493542,82247.2999,384.5571428571389,0.0045878858543406875,37.86146237192405,1.5,False,CLOSE_NOT_ABOVE_BREAKOUT_HIGH|RSI_NOT_MOMENTUM_SUPPORTIVE
2026-09-25T07:40:45.167157+00:00,SIE_FIX_BREAKOUT_QUALITY_R_QUALITY_V1,BNB,BNBUSDT,strategy-lab-v1.0.0:SIE_FIX_BREAKOUT_QUALITY_R_QUALITY_V1,1790298000000,2026-09-25T01:00:00+00:00,777.01,778.68,775.82,778.12,66.77152968934335,775.63,766.8908673199205,765.3294500000001,4.405000000000014,0.00566108055312807,66.9921875,1.5,False,CLOSE_NOT_ABOVE_BREAKOUT_HIGH
2026-09-25T07:40:45.167157+00:00,SIE_FIX_BREAKOUT_QUALITY_R_QUALITY_V1,BNB,BNBUSDT,strategy-lab-v1.0.0:SIE_FIX_BREAKOUT_QUALITY_R_QUALITY_V1,1790301600000,2026-09-25T02:00:00+00:00,778.12,779.8,773.31,773.9,54.878917378917414,775.7144999999999,767.0771868182267,765.62545,4.682857142857155,0.006050984807930165,66.77152968934335,1.5,False,CLOSE_NOT_ABOVE_BREAKOUT_HIGH
2026-09-25T07:40:45.167157+00:00,SIE_FIX_BREAKOUT_QUALITY_R_QUALITY_V1,BNB,BNBUSDT,strategy-lab-v1.0.0:SIE_FIX_BREAKOUT_QUALITY_R_QUALITY_V1,1790305200000,2026-09-25T03:00:00+00:00,773.23,774.75,770.73,772.81,41.07066381156298,775.5545,766.8269265113357,765.8965,4.492857142857149,0.0058136633103313224,54.878917378917414,1.500000000000014,False,CLOSE_NOT_ABOVE_BREAKOUT_HIGH|RSI_NOT_MOMENTUM_SUPPORTIVE
2026-09-25T07:40:45.167157+00:00,SIE_FIX_BREAKOUT_QUALITY_R_QUALITY_V1,BNB,BNBUSDT,strategy-lab-v1.0.0:SIE_FIX_BREAKOUT_QUALITY_R_QUALITY_V1,1790308800000,2026-09-25T04:00:00+00:00,772.8,774.05,771.01,773.38,44.30876580898382,775.7415,767.3760896095868,766.1634999999999,4.054285714285713,0.005242294492081142,41.07066381156298,1.5,False,CLOSE_NOT_ABOVE_BREAKOUT_HIGH|RSI_NOT_MOMENTUM_SUPPORTIVE
2026-09-25T07:40:45.167157+00:00,SIE_FIX_BREAKOUT_QUALITY_R_QUALITY_V1,BNB,BNBUSDT,strategy-lab-v1.0.0:SIE_FIX_BREAKOUT_QUALITY_R_QUALITY_V1,1790312400000,2026-09-25T05:00:00+00:00,773.41,775.01,772.47,774.81,35.82914572864287,776.1695,768.9998989650726,766.4347499999999,3.7478571428571366,0.004837130577634694,44.30876580898382,1.5,False,CLOSE_NOT_ABOVE_BREAKOUT_HIGH|RSI_NOT_MOMENTUM_SUPPORTIVE
2026-09-25T07:40:45.167157+00:00,SIE_FIX_BREAKOUT_QUALITY_R_QUALITY_V1,BNB,BNBUSDT,strategy-lab-v1.0.0:SIE_FIX_BREAKOUT_QUALITY_R_QUALITY_V1,1790316000000,2026-09-25T06:00:00+00:00,774.39,775.96,772.75,773.16,32.805219012115515,776.4045,769.9930712200764,766.7086,3.430714285714284,0.004437263031861819,35.82914572864287,1.4999999999999816,False,PLANNED_REWARD_TOO_LOW|CLOSE_NOT_ABOVE_BREAKOUT_HIGH|RSI_NOT_MOMENTUM_SUPPORTIVE
2026-09-25T07:40:45.167157+00:00,SIE_FIX_BREAKOUT_QUALITY_R_QUALITY_V1,BNB,BNBUSDT,strategy-lab-v1.0.0:SIE_FIX_BREAKOUT_QUALITY_R_QUALITY_V1,1790319600000,2026-09-25T07:00:00+00:00,773.07,774.21,771.76,772.14,34.93796526054575,776.5319999999999,770.5829577241346,766.9408,3.3521428571428538,0.004341366665556575,32.805219012115515,1.4999999999999811,False,PLANNED_REWARD_TOO_LOW|CLOSE_NOT_ABOVE_BREAKOUT_HIGH|RSI_NOT_MOMENTUM_SUPPORTIVE
2026-09-25T07:40:45.167157+00:00,SIE_FIX_BREAKOUT_QUALITY_R_QUALITY_V1,PAXG,PAXGUSDT,strategy-lab-v1.0.0:SIE_FIX_BREAKOUT_QUALITY_R_QUALITY_V1,1790298000000,2026-09-25T01:00:00+00:00,4274.09,4287.61,4274.09,4282.39,58.84437850313231,4264.753500000001,4247.114219657471,4333.4612,15.399999999999702,0.003596122725860956,57.621795959938986,1.5000000000000329,False,TREND_SUPPORT_NOT_CONFIRMED|CLOSE_NOT_ABOVE_BREAKOUT_HIGH|CLOSE_NOT_ABOVE_MA200
2026-09-25T07:40:45.167157+00:00,SIE_FIX_BREAKOUT_QUALITY_R_QUALITY_V1,PAXG,PAXGUSDT,strategy-lab-v1.0.0:SIE_FIX_BREAKOUT_QUALITY_R_QUALITY_V1,1790301600000,2026-09-25T02:00:00+00:00,4281.01,4287.91,4273.18,4276.0,48.21625597646187,4264.862500000001,4246.9752655854145,4333.5067,14.797857142856824,0.00346067753574762,58.84437850313231,1.5000000000000342,False,TREND_SUPPORT_NOT_CONFIRMED|CLOSE_NOT_ABOVE_BREAKOUT_HIGH|CLOSE_NOT_ABOVE_MA200|RSI_NOT_MOMENTUM_SUPPORTIVE
2026-09-25T07:40:45.167157+00:00,SIE_FIX_BREAKOUT_QUALITY_R_QUALITY_V1,PAXG,PAXGUSDT,strategy-lab-v1.0.0:SIE_FIX_BREAKOUT_QUALITY_R_QUALITY_V1,1790305200000,2026-09-25T03:00:00+00:00,4277.69,4279.71,4264.56,4265.02,51.60401495768562,4264.414,4247.021724243148,4333.4592,14.446428571428246,0.0033871889396598948,48.21625597646187,1.499999999999965,False,TREND_SUPPORT_NOT_CONFIRMED|PLANNED_REWARD_TOO_LOW|CLOSE_NOT_ABOVE_BREAKOUT_HIGH|CLOSE_NOT_ABOVE_MA200
2026-09-25T07:40:45.167157+00:00,SIE_FIX_BREAKOUT_QUALITY_R_QUALITY_V1,PAXG,PAXGUSDT,strategy-lab-v1.0.0:SIE_FIX_BREAKOUT_QUALITY_R_QUALITY_V1,1790308800000,2026-09-25T04:00:00+00:00,4264.41,4267.33,4257.75,4257.75,54.579517069109215,4264.429999999999,4247.062882795283,4333.3989,13.762142857142537,0.0032322571445346808,51.60401495768562,1.5,False,TREND_SUPPORT_NOT_CONFIRMED|CLOSE_NOT_ABOVE_BREAKOUT_HIGH|CLOSE_NOT_ABOVE_MA200
2026-09-25T07:40:45.167157+00:00,SIE_FIX_BREAKOUT_QUALITY_R_QUALITY_V1,PAXG,PAXGUSDT,strategy-lab-v1.0.0:SIE_FIX_BREAKOUT_QUALITY_R_QUALITY_V1,1790312400000,2026-09-25T05:00:00+00:00,4257.0,4272.04,4251.02,4262.69,55.08439687114008,4264.915,4248.328660439917,4333.36315,14.22571428571395,0.0033372622183911924,54.579517069109215,1.5000000000000355,False,TREND_SUPPORT_NOT_CONFIRMED|CLOSE_NOT_ABOVE_BREAKOUT_HIGH|CLOSE_NOT_ABOVE_MA200
2026-09-25T07:40:45.167157+00:00,SIE_FIX_BREAKOUT_QUALITY_R_QUALITY_V1,PAXG,PAXGUSDT,strategy-lab-v1.0.0:SIE_FIX_BREAKOUT_QUALITY_R_QUALITY_V1,1790316000000,2026-09-25T06:00:00+00:00,4265.14,4276.7,4263.53,4274.34,53.435766111822744,4265.854,4249.366347165155,4333.39445,13.114999999999716,0.003068309961303901,55.08439687114008,1.5,False,TREND_SUPPORT_NOT_CONFIRMED|CLOSE_NOT_ABOVE_BREAKOUT_HIGH|CLOSE_NOT_ABOVE_MA200
2026-09-25T07:40:45.167157+00:00,SIE_FIX_BREAKOUT_QUALITY_R_QUALITY_V1,PAXG,PAXGUSDT,strategy-lab-v1.0.0:SIE_FIX_BREAKOUT_QUALITY_R_QUALITY_V1,1790319600000,2026-09-25T07:00:00+00:00,4273.77,4274.15,4267.77,4274.15,57.22774540052543,4266.515,4249.811390210426,4333.39775,12.352857142856854,0.0028901318725025687,53.435766111822744,1.5,False,TREND_SUPPORT_NOT_CONFIRMED|CLOSE_NOT_ABOVE_BREAKOUT_HIGH|CLOSE_NOT_ABOVE_MA200
2026-09-25T13:39:45.430299+00:00,SIE_FIX_BREAKOUT_QUALITY_R_QUALITY_V1,BTC,BTCUSDT,strategy-lab-v1.0.0:SIE_FIX_BREAKOUT_QUALITY_R_QUALITY_V1,1790323200000,2026-09-25T08:00:00+00:00,84023.51,84500.0,84011.28,84406.85,48.43170502678591,84272.44700000001,83845.03608608643,82289.00865,370.52428571428237,0.004389741895524858,47.665569724393066,1.5000000000000218,False,CLOSE_NOT_ABOVE_BREAKOUT_HIGH|RSI_NOT_MOMENTUM_SUPPORTIVE
2026-09-25T13:39:45.430299+00:00,SIE_FIX_BREAKOUT_QUALITY_R_QUALITY_V1,BTC,BTCUSDT,strategy-lab-v1.0.0:SIE_FIX_BREAKOUT_QUALITY_R_QUALITY_V1,1790326800000,2026-09-25T09:00:00+00:00,84406.86,84857.0,84406.86,84567.53,55.43413722096581,84289.00850000001,83843.20985659758,82330.3561,376.075714285711,0.004447046216032454,48.43170502678591,1.5,False,CLOSE_NOT_ABOVE_BREAKOUT_HIGH
2026-09-25T13:39:45.430299+00:00,SIE_FIX_BREAKOUT_QUALITY_R_QUALITY_V1,BTC,BTCUSDT,strategy-lab-v1.0.0:SIE_FIX_BREAKOUT_QUALITY_R_QUALITY_V1,1790330400000,2026-09-25T10:00:00+00:00,84567.53,84876.68,84374.4,84709.25,60.54874752742832,84342.22350000001,83968.36871677596,82372.38365,388.6078571428547,0.004587549259884307,55.43413722096581,1.5,False,CLOSE_NOT_ABOVE_BREAKOUT_HIGH
2026-09-25T13:39:45.430299+00:00,SIE_FIX_BREAKOUT_QUALITY_R_QUALITY_V1,BTC,BTCUSDT,strategy-lab-v1.0.0:SIE_FIX_BREAKOUT_QUALITY_R_QUALITY_V1,1790334000000,2026-09-25T11:00:00+00:00,84709.26,85250.0,84560.81,84575.04,57.146381117900546,84350.9075,83964.11681898053,82413.436,422.557142857141,0.004996239349779096,60.54874752742832,1.5,False,CLOSE_NOT_ABOVE_BREAKOUT_HIGH
2026-09-25T13:39:45.430299+00:00,SIE_FIX_BREAKOUT_QUALITY_R_QUALITY_V1,BTC,BTCUSDT,strategy-lab-v1.0.0:SIE_FIX_BREAKOUT_QUALITY_R_QUALITY_V1,1790337600000,2026-09-25T12:00:00+00:00,84575.04,84700.14,83878.08,84453.53,55.142194067718656,84350.1945,83964.21656126839,82453.39955,450.01714285714115,0.005328577063115552,57.146381117900546,1.500000000000018,False,CLOSE_NOT_ABOVE_BREAKOUT_HIGH
2026-09-25T13:39:45.430299+00:00,SIE_FIX_BREAKOUT_QUALITY_R_QUALITY_V1,BTC,BTCUSDT,strategy-lab-v1.0.0:SIE_FIX_BREAKOUT_QUALITY_R_QUALITY_V1,1790341200000,2026-09-25T13:00:00+00:00,84453.53,84571.08,83850.01,84163.65,44.49976938756252,84353.797,83976.2885839713,82492.97140000001,485.43928571428427,0.005767802201001077,55.142194067718656,1.5000000000000167,False,CLOSE_NOT_ABOVE_BREAKOUT_HIGH|RSI_NOT_MOMENTUM_SUPPORTIVE
2026-09-25T13:39:45.430299+00:00,SIE_FIX_BREAKOUT_QUALITY_R_QUALITY_V1,BNB,BNBUSDT,strategy-lab-v1.0.0:SIE_FIX_BREAKOUT_QUALITY_R_QUALITY_V1,1790323200000,2026-09-25T08:00:00+00:00,773.76,776.47,773.76,774.89,31.228668941979493,776.7805000000001,771.485149303395,767.20315,3.2435714285714345,0.00418584757652239,37.51937984496115,1.4999999999999805,False,PLANNED_REWARD_TOO_LOW|CLOSE_NOT_ABOVE_BREAKOUT_HIGH|RSI_NOT_MOMENTUM_SUPPORTIVE
2026-09-25T13:39:45.430299+00:00,SIE_FIX_BREAKOUT_QUALITY_R_QUALITY_V1,BNB,BNBUSDT,strategy-lab-v1.0.0:SIE_FIX_BREAKOUT_QUALITY_R_QUALITY_V1,1790326800000,2026-09-25T09:00:00+00:00,775.44,779.55,775.02,776.79,42.156303479749,776.771,771.4764333510631,767.461,3.367857142857141,0.0043356082633107295,31.228668941979493,1.4999999999999813,False,PLANNED_REWARD_TOO_LOW|CLOSE_NOT_ABOVE_BREAKOUT_HIGH|RSI_NOT_MOMENTUM_SUPPORTIVE
2026-09-25T13:39:45.430299+00:00,SIE_FIX_BREAKOUT_QUALITY_R_QUALITY_V1,BNB,BNBUSDT,strategy-lab-v1.0.0:SIE_FIX_BREAKOUT_QUALITY_R_QUALITY_V1,1790330400000,2026-09-25T10:00:00+00:00,776.69,777.32,774.28,776.75,42.108262108262146,776.809,771.5265047562694,767.7294,3.3514285714285683,0.004314681134764813,42.156303479749,1.5,False,CLOSE_NOT_ABOVE_BREAKOUT_HIGH|RSI_NOT_MOMENTUM_SUPPORTIVE
2026-09-25T13:39:45.430299+00:00,SIE_FIX_BREAKOUT_QUALITY_R_QUALITY_V1,BNB,BNBUSDT,strategy-lab-v1.0.0:SIE_FIX_BREAKOUT_QUALITY_R_QUALITY_V1,1790334000000,2026-09-25T11:00:00+00:00,776.87,788.72,776.82,779.17,52.01484623541887,776.745,771.6115937234586,768.00155,4.039285714285711,0.005184087829723566,42.108262108262146,1.5,False,CLOSE_NOT_ABOVE_BREAKOUT_HIGH
2026-09-25T13:39:45.430299+00:00,SIE_FIX_BREAKOUT_QUALITY_R_QUALITY_V1,BNB,BNBUSDT,strategy-lab-v1.0.0:SIE_FIX_BREAKOUT_QUALITY_R_QUALITY_V1,1790337600000,2026-09-25T12:00:00+00:00,779.9,780.39,774.1,777.54,52.7703066164604,776.595,771.7465095132573,768.26665,4.263571428571424,0.005483411050970271,52.01484623541887,1.5,False,CLOSE_NOT_ABOVE_BREAKOUT_HIGH
2026-09-25T13:39:45.430299+00:00,SIE_FIX_BREAKOUT_QUALITY_R_QUALITY_V1,BNB,BNBUSDT,strategy-lab-v1.0.0:SIE_FIX_BREAKOUT_QUALITY_R_QUALITY_V1,1790341200000,2026-09-25T13:00:00+00:00,777.3,778.49,772.63,775.8,48.612487611496384,776.4745,771.6729857596758,768.5247,4.558571428571424,0.005875962140463296,52.7703066164604,1.5,False,CLOSE_NOT_ABOVE_BREAKOUT_HIGH|RSI_NOT_MOMENTUM_SUPPORTIVE
2026-09-25T13:39:45.430299+00:00,SIE_FIX_BREAKOUT_QUALITY_R_QUALITY_V1,PAXG,PAXGUSDT,strategy-lab-v1.0.0:SIE_FIX_BREAKOUT_QUALITY_R_QUALITY_V1,1790323200000,2026-09-25T08:00:00+00:00,4272.93,4290.7,4272.26,4287.95,60.63424947145877,4266.9664999999995,4248.5959112505225,4333.37355,12.196428571428246,0.0028443495309945885,57.72505392212498,1.5,False,TREND_SUPPORT_NOT_CONFIRMED|CLOSE_NOT_ABOVE_BREAKOUT_HIGH|CLOSE_NOT_ABOVE_MA200
2026-09-25T13:39:45.430299+00:00,SIE_FIX_BREAKOUT_QUALITY_R_QUALITY_V1,PAXG,PAXGUSDT,strategy-lab-v1.0.0:SIE_FIX_BREAKOUT_QUALITY_R_QUALITY_V1,1790326800000,2026-09-25T09:00:00+00:00,4290.01,4292.18,4285.69,4290.36,63.46358037799949,4268.3965,4247.579954393142,4333.32875,12.095714285714037,0.0028192772368085747,60.63424947145877,1.4999999999999583,False,TREND_SUPPORT_NOT_CONFIRMED|PLANNED_REWARD_TOO_LOW|CLOSE_NOT_ABOVE_BREAKOUT_HIGH|CLOSE_NOT_ABOVE_MA200
2026-09-25T13:39:45.430299+00:00,SIE_FIX_BREAKOUT_QUALITY_R_QUALITY_V1,PAXG,PAXGUSDT,strategy-lab-v1.0.0:SIE_FIX_BREAKOUT_QUALITY_R_QUALITY_V1,1790330400000,2026-09-25T10:00:00+00:00,4290.36,4304.51,4288.56,4304.51,67.34674511292482,4271.1745,4246.932735645845,4333.46005,12.54857142857119,0.002915214839452386,63.46358037799949,1.4999999999999598,False,TREND_SUPPORT_NOT_CONFIRMED|PLANNED_REWARD_TOO_LOW|CLOSE_NOT_ABOVE_MA200
2026-09-25T13:39:45.430299+00:00,SIE_FIX_BREAKOUT_QUALITY_R_QUALITY_V1,PAXG,PAXGUSDT,strategy-lab-v1.0.0:SIE_FIX_BREAKOUT_QUALITY_R_QUALITY_V1,1790334000000,2026-09-25T11:00:00+00:00,4304.01,4308.75,4293.64,4296.59,63.9023951017468,4273.3635,4248.259022092616,4333.46255,12.974285714285477,0.0030196704163733276,67.34674511292482,1.5,False,TREND_SUPPORT_NOT_CONFIRMED|CLOSE_NOT_ABOVE_BREAKOUT_HIGH|CLOSE_NOT_ABOVE_MA200
2026-09-25T13:39:45.430299+00:00,SIE_FIX_BREAKOUT_QUALITY_R_QUALITY_V1,PAXG,PAXGUSDT,strategy-lab-v1.0.0:SIE_FIX_BREAKOUT_QUALITY_R_QUALITY_V1,1790337600000,2026-09-25T12:00:00+00:00,4298.83,4300.75,4289.84,4291.06,60.65884787857893,4274.5215,4248.415289800081,4333.426,13.30999999999975,0.0031017976910133506,63.9023951017468,1.5,False,TREND_SUPPORT_NOT_CONFIRMED|CLOSE_NOT_ABOVE_BREAKOUT_HIGH|CLOSE_NOT_ABOVE_MA200
2026-09-25T13:39:45.430299+00:00,SIE_FIX_BREAKOUT_QUALITY_R_QUALITY_V1,PAXG,PAXGUSDT,strategy-lab-v1.0.0:SIE_FIX_BREAKOUT_QUALITY_R_QUALITY_V1,1790341200000,2026-09-25T13:00:00+00:00,4291.46,4291.46,4268.82,4277.0,57.425095926197855,4275.2964999999995,4249.871150228515,4333.30105,14.322142857142678,0.003348642239219705,60.65884787857893,1.5,False,TREND_SUPPORT_NOT_CONFIRMED|CLOSE_NOT_ABOVE_BREAKOUT_HIGH|CLOSE_NOT_ABOVE_MA200
2026-09-25T18:30:41.414382+00:00,SIE_FIX_BREAKOUT_QUALITY_R_QUALITY_V1,BTC,BTCUSDT,strategy-lab-v1.0.0:SIE_FIX_BREAKOUT_QUALITY_R_QUALITY_V1,1790344800000,2026-09-25T14:00:00+00:00,83902.77,84025.92,83091.19,84002.17,36.828564888990556,84318.197,83878.14268642892,82529.66320000001,553.3464285714269,0.0065872873114043,39.40173717537722,1.5000000000000147,False,CLOSE_NOT_ABOVE_BREAKOUT_HIGH|RSI_NOT_MOMENTUM_SUPPORTIVE
2026-09-25T18:30:41.414382+00:00,SIE_FIX_BREAKOUT_QUALITY_R_QUALITY_V1,BTC,BTCUSDT,strategy-lab-v1.0.0:SIE_FIX_BREAKOUT_QUALITY_R_QUALITY_V1,1790348400000,2026-09-25T15:00:00+00:00,84002.66,84088.61,83335.24,83783.99,32.96983525148475,84287.62299999999,83791.85095414375,82566.64255,573.8485714285697,0.006849143510932932,36.828564888990556,1.500000000000014,False,CLOSE_NOT_ABOVE_BREAKOUT_HIGH|RSI_NOT_MOMENTUM_SUPPORTIVE
2026-09-25T18:30:41.414382+00:00,SIE_FIX_BREAKOUT_QUALITY_R_QUALITY_V1,BTC,BTCUSDT,strategy-lab-v1.0.0:SIE_FIX_BREAKOUT_QUALITY_R_QUALITY_V1,1790352000000,2026-09-25T16:00:00+00:00,83784.0,84110.0,83698.57,83731.52,38.12997797805572,84256.495,83706.14882288194,82602.8119,551.14357142857,0.006582271185672612,32.96983525148475,1.5000000000000147,False,CLOSE_NOT_ABOVE_BREAKOUT_HIGH|RSI_NOT_MOMENTUM_SUPPORTIVE
2026-09-25T18:30:41.414382+00:00,SIE_FIX_BREAKOUT_QUALITY_R_QUALITY_V1,BTC,BTCUSDT,strategy-lab-v1.0.0:SIE_FIX_BREAKOUT_QUALITY_R_QUALITY_V1,1790355600000,2026-09-25T17:00:00+00:00,83731.52,83970.54,83588.63,83761.83,39.118809746280476,84228.5815,83638.75624284375,82639.64935,553.5985714285687,0.00660919862219544,38.12997797805572,1.5,False,CLOSE_NOT_ABOVE_BREAKOUT_HIGH|RSI_NOT_MOMENTUM_SUPPORTIVE
2026-09-25T18:30:41.414382+00:00,SIE_FIX_BREAKOUT_QUALITY_R_QUALITY_V1,BTC,BTCUSDT,strategy-lab-v1.0.0:SIE_FIX_BREAKOUT_QUALITY_R_QUALITY_V1,1790359200000,2026-09-25T18:00:00+00:00,83761.84,84059.46,83761.84,83916.95,43.843078145025856,84211.258,83606.3832084006,82677.58009999999,557.7221428571409,0.006646120275547918,39.118809746280476,1.4999999999999856,False,PLANNED_REWARD_TOO_LOW|CLOSE_NOT_ABOVE_BREAKOUT_HIGH|RSI_NOT_MOMENTUM_SUPPORTIVE
2026-09-25T18:30:41.414382+00:00,SIE_FIX_BREAKOUT_QUALITY_R_QUALITY_V1,BNB,BNBUSDT,strategy-lab-v1.0.0:SIE_FIX_BREAKOUT_QUALITY_R_QUALITY_V1,1790344800000,2026-09-25T14:00:00+00:00,774.3,775.85,768.48,775.85,47.13598600787068,776.1065,771.7919280629435,768.7703,4.964285714285714,0.006398512230825178,44.79452054794523,1.5,False,CLOSE_NOT_ABOVE_BREAKOUT_HIGH|RSI_NOT_MOMENTUM_SUPPORTIVE
2026-09-25T18:30:41.414382+00:00,SIE_FIX_BREAKOUT_QUALITY_R_QUALITY_V1,BNB,BNBUSDT,strategy-lab-v1.0.0:SIE_FIX_BREAKOUT_QUALITY_R_QUALITY_V1,1790348400000,2026-09-25T15:00:00+00:00,775.83,776.87,771.12,774.48,42.18213058419243,775.8534999999999,771.7876899945968,769.0241000000001,5.1707142857142925,0.0066763690291735,47.13598600787068,1.5,False,CLOSE_NOT_ABOVE_BREAKOUT_HIGH|RSI_NOT_MOMENTUM_SUPPORTIVE
2026-09-25T18:30:41.414382+00:00,SIE_FIX_BREAKOUT_QUALITY_R_QUALITY_V1,BNB,BNBUSDT,strategy-lab-v1.0.0:SIE_FIX_BREAKOUT_QUALITY_R_QUALITY_V1,1790352000000,2026-09-25T16:00:00+00:00,774.37,776.77,772.45,772.52,46.71741198858229,775.5035,771.5570318321267,769.25965,5.015714285714288,0.006492665931903754,42.18213058419243,1.5,False,CLOSE_NOT_ABOVE_BREAKOUT_HIGH|RSI_NOT_MOMENTUM_SUPPORTIVE
2026-09-25T18:30:41.414382+00:00,SIE_FIX_BREAKOUT_QUALITY_R_QUALITY_V1,BNB,BNBUSDT,strategy-lab-v1.0.0:SIE_FIX_BREAKOUT_QUALITY_R_QUALITY_V1,1790355600000,2026-09-25T17:00:00+00:00,772.43,774.32,771.08,773.8,52.333804809052374,775.273,771.4976955089638,769.5059,4.9600000000000035,0.006409925045231331,46.71741198858229,1.4999999999999873,False,PLANNED_REWARD_TOO_LOW|CLOSE_NOT_ABOVE_BREAKOUT_HIGH
2026-09-25T18:30:41.414382+00:00,SIE_FIX_BREAKOUT_QUALITY_R_QUALITY_V1,BNB,BNBUSDT,strategy-lab-v1.0.0:SIE_FIX_BREAKOUT_QUALITY_R_QUALITY_V1,1790359200000,2026-09-25T18:00:00+00:00,773.56,776.27,773.53,775.02,53.75114364135408,775.1985,771.4652050745972,769.7661999999999,4.938571428571436,0.006372185786910577,52.333804809052374,1.5,False,CLOSE_NOT_ABOVE_BREAKOUT_HIGH
2026-09-25T18:30:41.414382+00:00,SIE_FIX_BREAKOUT_QUALITY_R_QUALITY_V1,PAXG,PAXGUSDT,strategy-lab-v1.0.0:SIE_FIX_BREAKOUT_QUALITY_R_QUALITY_V1,1790344800000,2026-09-25T14:00:00+00:00,4266.24,4272.26,4252.94,4272.26,49.459413077055,4275.1805,4249.8506366169895,4333.08815,14.650714285714132,0.003429265607831483,54.4258743423087,1.5,False,TREND_SUPPORT_NOT_CONFIRMED|CLOSE_NOT_ABOVE_BREAKOUT_HIGH|CLOSE_NOT_ABOVE_MA200|RSI_NOT_MOMENTUM_SUPPORTIVE
2026-09-25T18:30:41.414382+00:00,SIE_FIX_BREAKOUT_QUALITY_R_QUALITY_V1,PAXG,PAXGUSDT,strategy-lab-v1.0.0:SIE_FIX_BREAKOUT_QUALITY_R_QUALITY_V1,1790348400000,2026-09-25T15:00:00+00:00,4273.0,4285.7,4265.13,4285.7,51.366526298406185,4276.2155,4250.942578938081,4332.8957,15.113571428571309,0.0035265117550391557,49.459413077055,1.5,False,TREND_SUPPORT_NOT_CONFIRMED|CLOSE_NOT_ABOVE_BREAKOUT_HIGH|CLOSE_NOT_ABOVE_MA200
2026-09-25T18:30:41.414382+00:00,SIE_FIX_BREAKOUT_QUALITY_R_QUALITY_V1,PAXG,PAXGUSDT,strategy-lab-v1.0.0:SIE_FIX_BREAKOUT_QUALITY_R_QUALITY_V1,1790352000000,2026-09-25T16:00:00+00:00,4288.01,4291.88,4276.08,4280.7,51.962913464751004,4276.853000000001,4251.803980777645,4332.7449,15.189999999999925,0.0035484850608545155,51.366526298406185,1.5,False,TREND_SUPPORT_NOT_CONFIRMED|CLOSE_NOT_ABOVE_BREAKOUT_HIGH|CLOSE_NOT_ABOVE_MA200
2026-09-25T18:30:41.414382+00:00,SIE_FIX_BREAKOUT_QUALITY_R_QUALITY_V1,PAXG,PAXGUSDT,strategy-lab-v1.0.0:SIE_FIX_BREAKOUT_QUALITY_R_QUALITY_V1,1790355600000,2026-09-25T17:00:00+00:00,4282.11,4285.89,4275.83,4278.71,56.18170324212027,4277.503,4252.975061562333,4332.61315,14.82642857142855,0.0034651632317751263,51.962913464751004,1.5,False,TREND_SUPPORT_NOT_CONFIRMED|CLOSE_NOT_ABOVE_BREAKOUT_HIGH|CLOSE_NOT_ABOVE_MA200
2026-09-25T18:30:41.414382+00:00,SIE_FIX_BREAKOUT_QUALITY_R_QUALITY_V1,PAXG,PAXGUSDT,strategy-lab-v1.0.0:SIE_FIX_BREAKOUT_QUALITY_R_QUALITY_V1,1790359200000,2026-09-25T18:00:00+00:00,4278.71,4284.37,4277.71,4280.71,60.88564384600798,4278.221500000001,4254.20714489723,4332.3938,14.617857142857117,0.003414820705643951,56.18170324212027,1.5,False,TREND_SUPPORT_NOT_CONFIRMED|CLOSE_NOT_ABOVE_BREAKOUT_HIGH|CLOSE_NOT_ABOVE_MA200
2026-09-25T23:16:21.165332+00:00,SIE_FIX_BREAKOUT_QUALITY_R_QUALITY_V1,BTC,BTCUSDT,strategy-lab-v1.0.0:SIE_FIX_BREAKOUT_QUALITY_R_QUALITY_V1,1790362800000,2026-09-25T19:00:00+00:00,83949.99,84059.46,83905.01,84003.55,46.11666564970674,84193.81450000001,83590.86805145387,82715.76935,550.0007142857139,0.006547350847502444,44.66810735819876,1.5,False,CLOSE_NOT_ABOVE_BREAKOUT_HIGH|RSI_NOT_MOMENTUM_SUPPORTIVE
2026-09-25T23:16:21.165332+00:00,SIE_FIX_BREAKOUT_QUALITY_R_QUALITY_V1,BTC,BTCUSDT,strategy-lab-v1.0.0:SIE_FIX_BREAKOUT_QUALITY_R_QUALITY_V1,1790366400000,2026-09-25T20:00:00+00:00,84005.59,84184.65,83827.89,83867.63,46.588762620147385,84158.31450000001,83566.43628802187,82751.80835,549.2778571428561,0.006549342781510054,46.11666564970674,1.5,False,CLOSE_NOT_ABOVE_BREAKOUT_HIGH|RSI_NOT_MOMENTUM_SUPPORTIVE
2026-09-25T23:16:21.165332+00:00,SIE_FIX_BREAKOUT_QUALITY_R_QUALITY_V1,BTC,BTCUSDT,strategy-lab-v1.0.0:SIE_FIX_BREAKOUT_QUALITY_R_QUALITY_V1,1790370000000,2026-09-25T21:00:00+00:00,83867.63,83915.77,83615.0,83787.95,44.98814858314924,84117.9085,83540.93602623157,82787.65685,543.8949999999988,0.006491327213519353,46.588762620147385,1.5,False,CLOSE_NOT_ABOVE_BREAKOUT_HIGH|RSI_NOT_MOMENTUM_SUPPORTIVE
2026-09-25T23:16:21.165332+00:00,SIE_FIX_BREAKOUT_QUALITY_R_QUALITY_V1,BTC,BTCUSDT,strategy-lab-v1.0.0:SIE_FIX_BREAKOUT_QUALITY_R_QUALITY_V1,1790373600000,2026-09-25T22:00:00+00:00,83787.95,84120.95,83759.87,84058.72,42.22003709745897,84109.7975,83534.28760442002,82825.83235,534.7778571428561,0.006361955751204112,44.98814858314924,1.500000000000015,False,CLOSE_NOT_ABOVE_BREAKOUT_HIGH|RSI_NOT_MOMENTUM_SUPPORTIVE
2026-09-25T23:16:21.165332+00:00,SIE_FIX_BREAKOUT_QUALITY_R_QUALITY_V1,BTC,BTCUSDT,strategy-lab-v1.0.0:SIE_FIX_BREAKOUT_QUALITY_R_QUALITY_V1,1790377200000,2026-09-25T23:00:00+00:00,84058.72,84100.01,84050.54,84094.52,38.80433804977133,84103.7235,83530.2647375711,82862.7934,506.1578571428566,0.006018916061865346,42.22003709745897,1.500000000000016,False,CLOSE_NOT_ABOVE_BREAKOUT_HIGH|RSI_NOT_MOMENTUM_SUPPORTIVE
2026-09-25T23:16:21.165332+00:00,SIE_FIX_BREAKOUT_QUALITY_R_QUALITY_V1,BNB,BNBUSDT,strategy-lab-v1.0.0:SIE_FIX_BREAKOUT_QUALITY_R_QUALITY_V1,1790362800000,2026-09-25T19:00:00+00:00,774.98,775.92,774.16,774.99,50.441176470588395,775.1215,771.4241264727452,770.0206,4.882857142857152,0.006300542126810865,53.388658367911574,1.5,False,CLOSE_NOT_ABOVE_BREAKOUT_HIGH
2026-09-25T23:16:21.165332+00:00,SIE_FIX_BREAKOUT_QUALITY_R_QUALITY_V1,BNB,BNBUSDT,strategy-lab-v1.0.0:SIE_FIX_BREAKOUT_QUALITY_R_QUALITY_V1,1790366400000,2026-09-25T20:00:00+00:00,775.11,776.18,772.78,772.98,49.56647398843943,774.9125,771.2271295979855,770.24195,4.896428571428577,0.006334482873332527,50.441176470588395,1.5000000000000129,False,CLOSE_NOT_ABOVE_BREAKOUT_HIGH|RSI_NOT_MOMENTUM_SUPPORTIVE
2026-09-25T23:16:21.165332+00:00,SIE_FIX_BREAKOUT_QUALITY_R_QUALITY_V1,BNB,BNBUSDT,strategy-lab-v1.0.0:SIE_FIX_BREAKOUT_QUALITY_R_QUALITY_V1,1790370000000,2026-09-25T21:00:00+00:00,773.06,773.34,771.29,772.75,48.48338950409244,774.644,771.1552672787893,770.47185,4.797857142857148,0.0062088089846097025,49.56647398843943,1.500000000000013,False,CLOSE_NOT_ABOVE_BREAKOUT_HIGH|RSI_NOT_MOMENTUM_SUPPORTIVE
2026-09-25T23:16:21.165332+00:00,SIE_FIX_BREAKOUT_QUALITY_R_QUALITY_V1,BNB,BNBUSDT,strategy-lab-v1.0.0:SIE_FIX_BREAKOUT_QUALITY_R_QUALITY_V1,1790373600000,2026-09-25T22:00:00+00:00,773.01,776.93,773.01,776.3,53.0907496711968,774.764,771.2212022355142,770.72805,4.8757142857142854,0.006280708857032444,48.48338950409244,1.5,False,CLOSE_NOT_ABOVE_BREAKOUT_HIGH
2026-09-25T23:16:21.165332+00:00,SIE_FIX_BREAKOUT_QUALITY_R_QUALITY_V1,BNB,BNBUSDT,strategy-lab-v1.0.0:SIE_FIX_BREAKOUT_QUALITY_R_QUALITY_V1,1790377200000,2026-09-25T23:00:00+00:00,776.42,776.65,776.04,776.3,48.82831181252986,774.9385,771.4545581233257,770.9736,4.586428571428574,0.00590806205259381,53.0907496711968,1.5,False,CLOSE_NOT_ABOVE_BREAKOUT_HIGH|RSI_NOT_MOMENTUM_SUPPORTIVE
2026-09-25T23:16:21.165332+00:00,SIE_FIX_BREAKOUT_QUALITY_R_QUALITY_V1,PAXG,PAXGUSDT,strategy-lab-v1.0.0:SIE_FIX_BREAKOUT_QUALITY_R_QUALITY_V1,1790362800000,2026-09-25T19:00:00+00:00,4286.79,4289.35,4281.95,4285.81,60.94282468761876,4279.826999999999,4257.180953015992,4332.12005,14.005000000000043,0.003267760353352118,62.69331645111684,1.500000000000036,False,TREND_SUPPORT_NOT_CONFIRMED|CLOSE_NOT_ABOVE_BREAKOUT_HIGH|CLOSE_NOT_ABOVE_MA200
2026-09-25T23:16:21.165332+00:00,SIE_FIX_BREAKOUT_QUALITY_R_QUALITY_V1,PAXG,PAXGUSDT,strategy-lab-v1.0.0:SIE_FIX_BREAKOUT_QUALITY_R_QUALITY_V1,1790366400000,2026-09-25T20:00:00+00:00,4284.87,4286.65,4279.61,4280.74,53.23036543508968,4280.188,4257.726182976396,4331.7149,13.507142857142883,0.0031553289518033993,60.94282468761876,1.5,False,TREND_SUPPORT_NOT_CONFIRMED|CLOSE_NOT_ABOVE_BREAKOUT_HIGH|CLOSE_NOT_ABOVE_MA200
2026-09-25T23:16:21.165332+00:00,SIE_FIX_BREAKOUT_QUALITY_R_QUALITY_V1,PAXG,PAXGUSDT,strategy-lab-v1.0.0:SIE_FIX_BREAKOUT_QUALITY_R_QUALITY_V1,1790370000000,2026-09-25T21:00:00+00:00,4280.74,4287.59,4280.64,4283.01,53.92800318218005,4280.219,4257.743405324844,4331.31615,13.45571428571436,0.0031416490472154766,53.23036543508968,1.5000000000000375,False,TREND_SUPPORT_NOT_CONFIRMED|CLOSE_NOT_ABOVE_BREAKOUT_HIGH|CLOSE_NOT_ABOVE_MA200
2026-09-25T23:16:21.165332+00:00,SIE_FIX_BREAKOUT_QUALITY_R_QUALITY_V1,PAXG,PAXGUSDT,strategy-lab-v1.0.0:SIE_FIX_BREAKOUT_QUALITY_R_QUALITY_V1,1790373600000,2026-09-25T22:00:00+00:00,4283.46,4283.47,4278.82,4281.29,46.2768336314849,4280.4835,4258.088368140556,4330.9619,12.470714285714426,0.002912840355527055,53.92800318218005,1.5,False,TREND_SUPPORT_NOT_CONFIRMED|CLOSE_NOT_ABOVE_BREAKOUT_HIGH|CLOSE_NOT_ABOVE_MA200|RSI_NOT_MOMENTUM_SUPPORTIVE
2026-09-25T23:16:21.165332+00:00,SIE_FIX_BREAKOUT_QUALITY_R_QUALITY_V1,PAXG,PAXGUSDT,strategy-lab-v1.0.0:SIE_FIX_BREAKOUT_QUALITY_R_QUALITY_V1,1790377200000,2026-09-25T23:00:00+00:00,4281.3,4281.44,4279.05,4281.44,44.884147740307384,4281.3045,4260.06291863227,4330.5355,12.177857142857192,0.0028443367518538607,46.2768336314849,1.5,False,TREND_SUPPORT_NOT_CONFIRMED|CLOSE_NOT_ABOVE_BREAKOUT_HIGH|CLOSE_NOT_ABOVE_MA200|RSI_NOT_MOMENTUM_SUPPORTIVE
2026-09-26T04:48:38.417105+00:00,SIE_FIX_BREAKOUT_QUALITY_R_QUALITY_V1,BTC,BTCUSDT,strategy-lab-v1.0.0:SIE_FIX_BREAKOUT_QUALITY_R_QUALITY_V1,1790380800000,2026-09-26T00:00:00+00:00,84093.13,84135.11,83777.77,83904.8,31.358536212338407,84089.4035,83511.0678354766,82898.87030000001,498.9871428571413,0.005947063134137037,38.76404494382045,1.4999999999999838,False,PLANNED_REWARD_TOO_LOW|CLOSE_NOT_ABOVE_BREAKOUT_HIGH|RSI_NOT_MOMENTUM_SUPPORTIVE
2026-09-26T04:48:38.417105+00:00,SIE_FIX_BREAKOUT_QUALITY_R_QUALITY_V1,BTC,BTCUSDT,strategy-lab-v1.0.0:SIE_FIX_BREAKOUT_QUALITY_R_QUALITY_V1,1790384400000,2026-09-26T01:00:00+00:00,83904.81,84078.27,83883.07,84072.83,38.541918585815495,84083.9575,83507.15348981654,82936.19325,463.7021428571409,0.005515481551615914,31.358536212338407,1.5,False,CLOSE_NOT_ABOVE_BREAKOUT_HIGH|RSI_NOT_MOMENTUM_SUPPORTIVE
2026-09-26T04:48:38.417105+00:00,SIE_FIX_BREAKOUT_QUALITY_R_QUALITY_V1,BTC,BTCUSDT,strategy-lab-v1.0.0:SIE_FIX_BREAKOUT_QUALITY_R_QUALITY_V1,1790388000000,2026-09-26T02:00:00+00:00,84072.84,84132.55,83975.88,83999.75,39.412901058290046,84082.816,83505.44056305736,82973.66,416.1742857142838,0.004954470527760902,38.541918585815495,1.5,False,CLOSE_NOT_ABOVE_BREAKOUT_HIGH|RSI_NOT_MOMENTUM_SUPPORTIVE
2026-09-26T04:48:38.417105+00:00,SIE_FIX_BREAKOUT_QUALITY_R_QUALITY_V1,BTC,BTCUSDT,strategy-lab-v1.0.0:SIE_FIX_BREAKOUT_QUALITY_R_QUALITY_V1,1790391600000,2026-09-26T03:00:00+00:00,83999.76,84047.04,83902.4,83931.18,50.855570540918,84078.2,83497.53470648857,83010.69305,349.9999999999979,0.00417008315622392,39.412901058290046,1.5,False,CLOSE_NOT_ABOVE_BREAKOUT_HIGH
2026-09-26T04:48:38.417105+00:00,SIE_FIX_BREAKOUT_QUALITY_R_QUALITY_V1,BTC,BTCUSDT,strategy-lab-v1.0.0:SIE_FIX_BREAKOUT_QUALITY_R_QUALITY_V1,1790395200000,2026-09-26T04:00:00+00:00,83931.19,84040.78,83830.11,83972.22,49.06552845224065,84056.46849999999,83494.39436049551,83048.06145,298.28142857142666,0.0035521441325646343,50.855570540918,1.5,False,CLOSE_NOT_ABOVE_BREAKOUT_HIGH|RSI_NOT_MOMENTUM_SUPPORTIVE
2026-09-26T04:48:38.417105+00:00,SIE_FIX_BREAKOUT_QUALITY_R_QUALITY_V1,BNB,BNBUSDT,strategy-lab-v1.0.0:SIE_FIX_BREAKOUT_QUALITY_R_QUALITY_V1,1790380800000,2026-09-26T00:00:00+00:00,776.9,777.8,774.76,775.68,47.633790358248454,775.0815,771.610487035454,771.2152000000001,4.655714285714282,0.006002106907119279,50.16301816488135,1.5000000000000135,False,CLOSE_NOT_ABOVE_BREAKOUT_HIGH|RSI_NOT_MOMENTUM_SUPPORTIVE
2026-09-26T04:48:38.417105+00:00,SIE_FIX_BREAKOUT_QUALITY_R_QUALITY_V1,BNB,BNBUSDT,strategy-lab-v1.0.0:SIE_FIX_BREAKOUT_QUALITY_R_QUALITY_V1,1790384400000,2026-09-26T01:00:00+00:00,775.7,776.98,775.41,775.57,41.133004926108576,775.1195,771.6445699287544,771.4501999999999,3.912857142857141,0.005045137309149582,47.633790358248454,1.5,False,CLOSE_NOT_ABOVE_BREAKOUT_HIGH|RSI_NOT_MOMENTUM_SUPPORTIVE
2026-09-26T04:48:38.417105+00:00,SIE_FIX_BREAKOUT_QUALITY_R_QUALITY_V1,BNB,BNBUSDT,strategy-lab-v1.0.0:SIE_FIX_BREAKOUT_QUALITY_R_QUALITY_V1,1790388000000,2026-09-26T02:00:00+00:00,775.64,776.66,774.72,775.02,43.44432882414157,775.2125,771.8547336293235,771.688,3.6021428571428538,0.004647806323892098,41.133004926108576,1.5,False,CLOSE_NOT_ABOVE_BREAKOUT_HIGH|RSI_NOT_MOMENTUM_SUPPORTIVE
2026-09-26T04:48:38.417105+00:00,SIE_FIX_BREAKOUT_QUALITY_R_QUALITY_V1,BNB,BNBUSDT,strategy-lab-v1.0.0:SIE_FIX_BREAKOUT_QUALITY_R_QUALITY_V1,1790391600000,2026-09-26T03:00:00+00:00,774.88,775.9,773.96,774.37,50.883607556367956,775.262,771.9855470398545,771.9001499999999,3.205714285714277,0.004139770762961216,43.44432882414157,1.4999999999999802,False,PLANNED_REWARD_TOO_LOW|CLOSE_NOT_ABOVE_BREAKOUT_HIGH
2026-09-26T04:48:38.417105+00:00,SIE_FIX_BREAKOUT_QUALITY_R_QUALITY_V1,BNB,BNBUSDT,strategy-lab-v1.0.0:SIE_FIX_BREAKOUT_QUALITY_R_QUALITY_V1,1790395200000,2026-09-26T04:00:00+00:00,774.56,775.3,773.05,774.05,43.98395721925116,775.22,771.9042497078269,772.0991499999999,2.8399999999999914,0.0036690136296104793,50.883607556367956,1.5,False,CLOSE_NOT_ABOVE_BREAKOUT_HIGH|RSI_NOT_MOMENTUM_SUPPORTIVE
2026-09-26T04:48:38.417105+00:00,SIE_FIX_BREAKOUT_QUALITY_R_QUALITY_V1,PAXG,PAXGUSDT,strategy-lab-v1.0.0:SIE_FIX_BREAKOUT_QUALITY_R_QUALITY_V1,1790380800000,2026-09-26T00:00:00+00:00,4281.2,4282.93,4276.2,4276.2,31.845581633961586,4282.213000000001,4263.7156465676335,4330.12075,11.5707142857144,0.002705840298796689,44.72234970169818,1.4999999999999563,False,TREND_SUPPORT_NOT_CONFIRMED|PLANNED_REWARD_TOO_LOW|CLOSE_NOT_ABOVE_BREAKOUT_HIGH|CLOSE_NOT_ABOVE_MA200|RSI_NOT_MOMENTUM_SUPPORTIVE
2026-09-26T04:48:38.417105+00:00,SIE_FIX_BREAKOUT_QUALITY_R_QUALITY_V1,PAXG,PAXGUSDT,strategy-lab-v1.0.0:SIE_FIX_BREAKOUT_QUALITY_R_QUALITY_V1,1790384400000,2026-09-26T01:00:00+00:00,4278.47,4282.89,4276.77,4282.89,41.07375553818107,4283.223,4267.038629638385,4329.7582,10.969285714285888,0.0025611878227752493,31.845581633961586,1.500000000000046,False,TREND_SUPPORT_NOT_CONFIRMED|CLOSE_NOT_ABOVE_BREAKOUT_HIGH|CLOSE_NOT_ABOVE_MA200|RSI_NOT_MOMENTUM_SUPPORTIVE
2026-09-26T04:48:38.417105+00:00,SIE_FIX_BREAKOUT_QUALITY_R_QUALITY_V1,PAXG,PAXGUSDT,strategy-lab-v1.0.0:SIE_FIX_BREAKOUT_QUALITY_R_QUALITY_V1,1790388000000,2026-09-26T02:00:00+00:00,4282.64,4284.11,4281.23,4282.44,43.98548702204814,4283.628000000001,4267.955769016445,4329.42915,10.395714285714478,0.0024275212929345136,41.07375553818107,1.5,False,TREND_SUPPORT_NOT_CONFIRMED|CLOSE_NOT_ABOVE_BREAKOUT_HIGH|CLOSE_NOT_ABOVE_MA200|RSI_NOT_MOMENTUM_SUPPORTIVE
2026-09-26T04:48:38.417105+00:00,SIE_FIX_BREAKOUT_QUALITY_R_QUALITY_V1,PAXG,PAXGUSDT,strategy-lab-v1.0.0:SIE_FIX_BREAKOUT_QUALITY_R_QUALITY_V1,1790391600000,2026-09-26T03:00:00+00:00,4282.68,4284.62,4281.53,4283.03,62.422239502332225,4284.024,4268.84006717606,4329.139749999999,8.999285714285893,0.0021011493532116033,43.98548702204814,1.5,False,TREND_SUPPORT_NOT_CONFIRMED|CLOSE_NOT_ABOVE_BREAKOUT_HIGH|CLOSE_NOT_ABOVE_MA200
2026-09-26T04:48:38.417105+00:00,SIE_FIX_BREAKOUT_QUALITY_R_QUALITY_V1,PAXG,PAXGUSDT,strategy-lab-v1.0.0:SIE_FIX_BREAKOUT_QUALITY_R_QUALITY_V1,1790395200000,2026-09-26T04:00:00+00:00,4282.84,4282.84,4279.3,4281.27,58.80054698183252,4283.69,4268.572467132434,4328.8544,7.88571428571439,0.0018419100607330043,62.422239502332225,1.5,False,TREND_SUPPORT_NOT_CONFIRMED|CLOSE_NOT_ABOVE_BREAKOUT_HIGH|CLOSE_NOT_ABOVE_MA200
2026-09-26T11:16:39.974918+00:00,SIE_FIX_BREAKOUT_QUALITY_R_QUALITY_V1,BTC,BTCUSDT,strategy-lab-v1.0.0:SIE_FIX_BREAKOUT_QUALITY_R_QUALITY_V1,1790398800000,2026-09-26T05:00:00+00:00,83975.54,83999.99,83877.19,83918.35,54.6497141512437,84024.175,83511.12034737965,83085.92505,253.24071428571293,0.003017703687998071,49.1705172435267,1.500000000000032,False,CLOSE_NOT_ABOVE_BREAKOUT_HIGH
2026-09-26T11:16:39.974918+00:00,SIE_FIX_BREAKOUT_QUALITY_R_QUALITY_V1,BTC,BTCUSDT,strategy-lab-v1.0.0:SIE_FIX_BREAKOUT_QUALITY_R_QUALITY_V1,1790402400000,2026-09-26T06:00:00+00:00,83918.35,83967.72,83867.52,83882.66,55.29186857510984,83982.84550000001,83574.7617901874,83123.53899999999,231.0099999999989,0.0027539660759446456,54.6497141512437,1.499999999999965,False,PLANNED_REWARD_TOO_LOW|CLOSE_NOT_ABOVE_BREAKOUT_HIGH
2026-09-26T11:16:39.974918+00:00,SIE_FIX_BREAKOUT_QUALITY_R_QUALITY_V1,BTC,BTCUSDT,strategy-lab-v1.0.0:SIE_FIX_BREAKOUT_QUALITY_R_QUALITY_V1,1790406000000,2026-09-26T07:00:00+00:00,83882.65,84124.87,83882.65,84103.92,60.56492010450937,83959.2895,83647.67160029839,83162.3149,221.03214285714265,0.002628083719012653,55.29186857510984,1.5,False,CLOSE_NOT_ABOVE_BREAKOUT_HIGH
2026-09-26T11:16:39.974918+00:00,SIE_FIX_BREAKOUT_QUALITY_R_QUALITY_V1,BTC,BTCUSDT,strategy-lab-v1.0.0:SIE_FIX_BREAKOUT_QUALITY_R_QUALITY_V1,1790409600000,2026-09-26T08:00:00+00:00,84103.92,84325.0,84009.78,84194.92,58.047219466037284,83946.359,83704.1059582617,83200.65895,222.28857142857098,0.0026401660744920356,60.56492010450937,1.5,False,CLOSE_NOT_ABOVE_BREAKOUT_HIGH
2026-09-26T11:16:39.974918+00:00,SIE_FIX_BREAKOUT_QUALITY_R_QUALITY_V1,BTC,BTCUSDT,strategy-lab-v1.0.0:SIE_FIX_BREAKOUT_QUALITY_R_QUALITY_V1,1790413200000,2026-09-26T09:00:00+00:00,84194.91,84211.68,83942.09,84012.95,50.284807058367086,83951.8685,83708.8215589239,83237.40945,230.5128571428556,0.0027437776812129036,58.047219466037284,1.5,False,CLOSE_NOT_ABOVE_BREAKOUT_HIGH
2026-09-26T11:16:39.974918+00:00,SIE_FIX_BREAKOUT_QUALITY_R_QUALITY_V1,BTC,BTCUSDT,strategy-lab-v1.0.0:SIE_FIX_BREAKOUT_QUALITY_R_QUALITY_V1,1790416800000,2026-09-26T10:00:00+00:00,84012.96,84175.49,84012.95,84171.55,59.083518638069755,83960.3375,83699.70200005716,83273.7205,216.63999999999942,0.00257379126319997,50.284807058367086,1.5,False,CLOSE_NOT_ABOVE_BREAKOUT_HIGH
2026-09-26T11:16:39.974918+00:00,SIE_FIX_BREAKOUT_QUALITY_R_QUALITY_V1,BTC,BTCUSDT,strategy-lab-v1.0.0:SIE_FIX_BREAKOUT_QUALITY_R_QUALITY_V1,1790420400000,2026-09-26T11:00:00+00:00,84171.55,84183.55,84109.72,84142.65,60.93308838941123,83978.27050000001,83719.2871506232,83307.8731,200.42999999999924,0.0023820262375858054,59.083518638069755,1.5000000000000404,False,CLOSE_NOT_ABOVE_BREAKOUT_HIGH
2026-09-26T11:16:39.974918+00:00,SIE_FIX_BREAKOUT_QUALITY_R_QUALITY_V1,BNB,BNBUSDT,strategy-lab-v1.0.0:SIE_FIX_BREAKOUT_QUALITY_R_QUALITY_V1,1790398800000,2026-09-26T05:00:00+00:00,774.22,774.22,772.25,772.56,43.633952254641734,775.0175,771.6006952060277,772.2954000000001,2.570714285714278,0.0033275270344235767,44.51962110960759,1.5,False,CLOSE_NOT_ABOVE_BREAKOUT_HIGH|RSI_NOT_MOMENTUM_SUPPORTIVE
2026-09-26T11:16:39.974918+00:00,SIE_FIX_BREAKOUT_QUALITY_R_QUALITY_V1,BNB,BNBUSDT,strategy-lab-v1.0.0:SIE_FIX_BREAKOUT_QUALITY_R_QUALITY_V1,1790402400000,2026-09-26T06:00:00+00:00,772.39,772.81,771.96,772.1,48.453608247422835,774.7850000000001,771.2409373594542,772.4815,2.3228571428571336,0.0030084926082853693,43.633952254641734,1.5,False,CLOSE_NOT_ABOVE_BREAKOUT_HIGH|CLOSE_NOT_ABOVE_MA200|RSI_NOT_MOMENTUM_SUPPORTIVE
2026-09-26T11:16:39.974918+00:00,SIE_FIX_BREAKOUT_QUALITY_R_QUALITY_V1,BNB,BNBUSDT,strategy-lab-v1.0.0:SIE_FIX_BREAKOUT_QUALITY_R_QUALITY_V1,1790406000000,2026-09-26T07:00:00+00:00,772.41,773.69,772.41,773.69,49.60403167746617,774.511,771.5691917125491,772.6622499999999,2.204999999999992,0.0028499786736289625,48.453608247422835,1.5,False,CLOSE_NOT_ABOVE_BREAKOUT_HIGH|RSI_NOT_MOMENTUM_SUPPORTIVE
2026-09-26T11:16:39.974918+00:00,SIE_FIX_BREAKOUT_QUALITY_R_QUALITY_V1,BNB,BNBUSDT,strategy-lab-v1.0.0:SIE_FIX_BREAKOUT_QUALITY_R_QUALITY_V1,1790409600000,2026-09-26T08:00:00+00:00,773.32,774.51,772.57,773.45,44.648318042813564,774.3065,771.684071545282,772.8412,2.1478571428571303,0.002776982536501558,49.60403167746617,1.5000000000000293,False,CLOSE_NOT_ABOVE_BREAKOUT_HIGH|RSI_NOT_MOMENTUM_SUPPORTIVE
2026-09-26T11:16:39.974918+00:00,SIE_FIX_BREAKOUT_QUALITY_R_QUALITY_V1,BNB,BNBUSDT,strategy-lab-v1.0.0:SIE_FIX_BREAKOUT_QUALITY_R_QUALITY_V1,1790413200000,2026-09-26T09:00:00+00:00,773.15,773.64,770.29,771.23,37.598944591029124,774.164,771.2180509169174,772.9828000000001,2.261428571428561,0.0029322362608152704,44.648318042813564,1.5,False,CLOSE_NOT_ABOVE_BREAKOUT_HIGH|CLOSE_NOT_ABOVE_MA200|RSI_NOT_MOMENTUM_SUPPORTIVE
2026-09-26T11:16:39.974918+00:00,SIE_FIX_BREAKOUT_QUALITY_R_QUALITY_V1,BNB,BNBUSDT,strategy-lab-v1.0.0:SIE_FIX_BREAKOUT_QUALITY_R_QUALITY_V1,1790416800000,2026-09-26T10:00:00+00:00,771.48,774.03,771.48,773.88,52.848101265822706,774.0655,771.2216612211457,773.1131,2.2185714285714164,0.002866815822312783,37.598944591029124,1.5,False,CLOSE_NOT_ABOVE_BREAKOUT_HIGH
2026-09-26T11:16:39.974918+00:00,SIE_FIX_BREAKOUT_QUALITY_R_QUALITY_V1,BNB,BNBUSDT,strategy-lab-v1.0.0:SIE_FIX_BREAKOUT_QUALITY_R_QUALITY_V1,1790420400000,2026-09-26T11:00:00+00:00,774.1,775.07,773.73,774.52,55.45959284392343,774.0675,771.2224420040857,773.2330999999999,2.167857142857128,0.002798968577773496,52.848101265822706,1.5,False,CLOSE_NOT_ABOVE_BREAKOUT_HIGH
2026-09-26T11:16:39.974918+00:00,SIE_FIX_BREAKOUT_QUALITY_R_QUALITY_V1,PAXG,PAXGUSDT,strategy-lab-v1.0.0:SIE_FIX_BREAKOUT_QUALITY_R_QUALITY_V1,1790398800000,2026-09-26T05:00:00+00:00,4282.05,4286.71,4280.96,4281.55,44.57516339869354,4283.244,4268.415946317809,4328.567099999999,6.827142857142982,0.0015945493704716707,58.6744639376213,1.500000000000074,False,TREND_SUPPORT_NOT_CONFIRMED|CLOSE_NOT_ABOVE_BREAKOUT_HIGH|CLOSE_NOT_ABOVE_MA200|RSI_NOT_MOMENTUM_SUPPORTIVE
2026-09-26T11:16:39.974918+00:00,SIE_FIX_BREAKOUT_QUALITY_R_QUALITY_V1,PAXG,PAXGUSDT,strategy-lab-v1.0.0:SIE_FIX_BREAKOUT_QUALITY_R_QUALITY_V1,1790402400000,2026-09-26T06:00:00+00:00,4282.07,4282.07,4280.75,4281.42,51.07849011384094,4282.0895,4270.920053326065,4328.27245,5.792857142857234,0.0013530223951065848,44.57516339869354,1.4999999999999127,False,TREND_SUPPORT_NOT_CONFIRMED|PLANNED_REWARD_TOO_LOW|CLOSE_NOT_ABOVE_BREAKOUT_HIGH|CLOSE_NOT_ABOVE_MA200
2026-09-26T11:16:39.974918+00:00,SIE_FIX_BREAKOUT_QUALITY_R_QUALITY_V1,PAXG,PAXGUSDT,strategy-lab-v1.0.0:SIE_FIX_BREAKOUT_QUALITY_R_QUALITY_V1,1790406000000,2026-09-26T07:00:00+00:00,4281.42,4281.42,4280.35,4280.5,52.770040235221046,4281.285,4272.306132588022,4327.9646,5.1507142857143275,0.0012032973451032187,51.07849011384094,1.4999999999999019,False,TREND_SUPPORT_NOT_CONFIRMED|PLANNED_REWARD_TOO_LOW|CLOSE_NOT_ABOVE_BREAKOUT_HIGH|CLOSE_NOT_ABOVE_MA200
2026-09-26T11:16:39.974918+00:00,SIE_FIX_BREAKOUT_QUALITY_R_QUALITY_V1,PAXG,PAXGUSDT,strategy-lab-v1.0.0:SIE_FIX_BREAKOUT_QUALITY_R_QUALITY_V1,1790409600000,2026-09-26T08:00:00+00:00,4281.1,4281.1,4277.75,4277.75,35.56350626118251,4280.6195,4272.730417733863,4327.58395,4.554285714285795,0.0010646451322040313,52.770040235221046,1.5,False,TREND_SUPPORT_NOT_CONFIRMED|CLOSE_NOT_ABOVE_BREAKOUT_HIGH|CLOSE_NOT_ABOVE_MA200|RSI_NOT_MOMENTUM_SUPPORTIVE
2026-09-26T11:16:39.974918+00:00,SIE_FIX_BREAKOUT_QUALITY_R_QUALITY_V1,PAXG,PAXGUSDT,strategy-lab-v1.0.0:SIE_FIX_BREAKOUT_QUALITY_R_QUALITY_V1,1790413200000,2026-09-26T09:00:00+00:00,4277.75,4279.2,4277.54,4278.7,37.69470404984453,4281.042,4274.658021303147,4327.2589499999995,4.144285714285745,0.0009685852511944621,35.56350626118251,1.499999999999878,False,TREND_SUPPORT_NOT_CONFIRMED|PLANNED_REWARD_TOO_LOW|CLOSE_NOT_ABOVE_BREAKOUT_HIGH|CLOSE_NOT_ABOVE_MA200|RSI_NOT_MOMENTUM_SUPPORTIVE
2026-09-26T11:16:39.974918+00:00,SIE_FIX_BREAKOUT_QUALITY_R_QUALITY_V1,PAXG,PAXGUSDT,strategy-lab-v1.0.0:SIE_FIX_BREAKOUT_QUALITY_R_QUALITY_V1,1790416800000,2026-09-26T10:00:00+00:00,4278.54,4280.43,4278.02,4279.65,47.79975777149769,4281.4115,4276.394340345187,4326.9463,3.813571428571452,0.0008910942316711536,37.69470404984453,1.5,False,TREND_SUPPORT_NOT_CONFIRMED|CLOSE_NOT_ABOVE_BREAKOUT_HIGH|CLOSE_NOT_ABOVE_MA200|RSI_NOT_MOMENTUM_SUPPORTIVE
2026-09-26T11:16:39.974918+00:00,SIE_FIX_BREAKOUT_QUALITY_R_QUALITY_V1,PAXG,PAXGUSDT,strategy-lab-v1.0.0:SIE_FIX_BREAKOUT_QUALITY_R_QUALITY_V1,1790420400000,2026-09-26T11:00:00+00:00,4280.28,4280.28,4278.52,4279.54,42.32640424590883,4281.103499999999,4276.432880019538,4326.58065,3.4428571428571297,0.0008044923386291821,47.79975777149769,1.4999999999998532,False,TREND_SUPPORT_NOT_CONFIRMED|PLANNED_REWARD_TOO_LOW|CLOSE_NOT_ABOVE_BREAKOUT_HIGH|CLOSE_NOT_ABOVE_MA200|RSI_NOT_MOMENTUM_SUPPORTIVE
2026-09-26T16:17:42.314106+00:00,SIE_FIX_BREAKOUT_QUALITY_R_QUALITY_V1,BTC,BTCUSDT,strategy-lab-v1.0.0:SIE_FIX_BREAKOUT_QUALITY_R_QUALITY_V1,1790424000000,2026-09-26T12:00:00+00:00,84156.82,84190.47,84025.31,84036.79,49.247544999759576,83994.15800000001,83758.73879581434,83340.59445,187.24428571428456,0.002228122774730979,61.40551420796949,1.500000000000043,False,CLOSE_NOT_ABOVE_BREAKOUT_HIGH|RSI_NOT_MOMENTUM_SUPPORTIVE
2026-09-26T16:17:42.314106+00:00,SIE_FIX_BREAKOUT_QUALITY_R_QUALITY_V1,BTC,BTCUSDT,strategy-lab-v1.0.0:SIE_FIX_BREAKOUT_QUALITY_R_QUALITY_V1,1790427600000,2026-09-26T13:00:00+00:00,84035.33,84116.66,83810.69,83935.32,44.823491592807244,84002.83249999999,83790.65725160751,83373.13720000001,202.3835714285711,0.0024111848436221017,49.247544999759576,1.50000000000004,False,CLOSE_NOT_ABOVE_BREAKOUT_HIGH|RSI_NOT_MOMENTUM_SUPPORTIVE
2026-09-26T16:17:42.314106+00:00,SIE_FIX_BREAKOUT_QUALITY_R_QUALITY_V1,BTC,BTCUSDT,strategy-lab-v1.0.0:SIE_FIX_BREAKOUT_QUALITY_R_QUALITY_V1,1790431200000,2026-09-26T14:00:00+00:00,83933.38,84042.15,83894.1,84014.56,53.87789711701508,84006.061,83795.23954930912,83405.57310000001,187.4342857142848,0.002230973842085048,44.823491592807244,1.5,False,CLOSE_NOT_ABOVE_BREAKOUT_HIGH
2026-09-26T16:17:42.314106+00:00,SIE_FIX_BREAKOUT_QUALITY_R_QUALITY_V1,BTC,BTCUSDT,strategy-lab-v1.0.0:SIE_FIX_BREAKOUT_QUALITY_R_QUALITY_V1,1790434800000,2026-09-26T15:00:00+00:00,84014.56,84189.89,83995.88,84146.86,52.683276910697536,84013.2265,83793.67259507823,83437.63350000001,187.34928571428463,0.0022264560521246383,53.87789711701508,1.5,False,CLOSE_NOT_ABOVE_BREAKOUT_HIGH
2026-09-26T16:17:42.314106+00:00,SIE_FIX_BREAKOUT_QUALITY_R_QUALITY_V1,BTC,BTCUSDT,strategy-lab-v1.0.0:SIE_FIX_BREAKOUT_QUALITY_R_QUALITY_V1,1790438400000,2026-09-26T16:00:00+00:00,84146.86,84150.32,84083.62,84110.7,54.13206212059129,84025.38,83812.60397833546,83467.22925,180.92285714285703,0.002151008815083658,52.683276910697536,1.5000000000000446,False,CLOSE_NOT_ABOVE_BREAKOUT_HIGH
2026-09-26T16:17:42.314106+00:00,SIE_FIX_BREAKOUT_QUALITY_R_QUALITY_V1,BNB,BNBUSDT,strategy-lab-v1.0.0:SIE_FIX_BREAKOUT_QUALITY_R_QUALITY_V1,1790424000000,2026-09-26T12:00:00+00:00,775.18,775.75,773.85,773.9,41.66666666666687,774.1645,771.3810742330631,773.3501999999999,2.0678571428571297,0.0026719952743986686,56.94692903995238,1.5,False,CLOSE_NOT_ABOVE_BREAKOUT_HIGH|RSI_NOT_MOMENTUM_SUPPORTIVE
2026-09-26T16:17:42.314106+00:00,SIE_FIX_BREAKOUT_QUALITY_R_QUALITY_V1,BNB,BNBUSDT,strategy-lab-v1.0.0:SIE_FIX_BREAKOUT_QUALITY_R_QUALITY_V1,1790427600000,2026-09-26T13:00:00+00:00,774.07,774.48,771.45,772.23,35.074145712443695,774.086,771.1800240881852,773.4508999999999,2.1714285714285535,0.0028118935698283587,41.66666666666687,1.500000000000029,False,CLOSE_NOT_ABOVE_BREAKOUT_HIGH|CLOSE_NOT_ABOVE_MA200|RSI_NOT_MOMENTUM_SUPPORTIVE
2026-09-26T16:17:42.314106+00:00,SIE_FIX_BREAKOUT_QUALITY_R_QUALITY_V1,BNB,BNBUSDT,strategy-lab-v1.0.0:SIE_FIX_BREAKOUT_QUALITY_R_QUALITY_V1,1790431200000,2026-09-26T14:00:00+00:00,772.17,774.0,771.87,773.85,44.26332288401279,774.036,771.1499826750263,773.5481,2.1064285714285558,0.002722011464015708,35.074145712443695,1.5,False,CLOSE_NOT_ABOVE_BREAKOUT_HIGH|RSI_NOT_MOMENTUM_SUPPORTIVE
2026-09-26T16:17:42.314106+00:00,SIE_FIX_BREAKOUT_QUALITY_R_QUALITY_V1,BNB,BNBUSDT,strategy-lab-v1.0.0:SIE_FIX_BREAKOUT_QUALITY_R_QUALITY_V1,1790434800000,2026-09-26T15:00:00+00:00,773.83,774.59,773.46,774.15,45.60099132589819,773.994,771.1404730595195,773.6558500000001,2.0749999999999806,0.002680359103532882,44.26332288401279,1.4999999999999696,False,PLANNED_REWARD_TOO_LOW|CLOSE_NOT_ABOVE_BREAKOUT_HIGH|RSI_NOT_MOMENTUM_SUPPORTIVE
2026-09-26T16:17:42.314106+00:00,SIE_FIX_BREAKOUT_QUALITY_R_QUALITY_V1,BNB,BNBUSDT,strategy-lab-v1.0.0:SIE_FIX_BREAKOUT_QUALITY_R_QUALITY_V1,1790438400000,2026-09-26T16:00:00+00:00,774.2,774.43,773.45,774.2,47.37851662404114,774.0550000000001,771.2388714517892,773.7558,2.0064285714285495,0.0025916153079676434,45.60099132589819,1.5000000000000315,False,CLOSE_NOT_ABOVE_BREAKOUT_HIGH|RSI_NOT_MOMENTUM_SUPPORTIVE
2026-09-26T16:17:42.314106+00:00,SIE_FIX_BREAKOUT_QUALITY_R_QUALITY_V1,PAXG,PAXGUSDT,strategy-lab-v1.0.0:SIE_FIX_BREAKOUT_QUALITY_R_QUALITY_V1,1790424000000,2026-09-26T12:00:00+00:00,4280.1,4280.25,4278.5,4279.55,46.005509641874234,4281.074,4276.386376294763,4326.16075,3.235714285714234,0.0007560875058625869,43.66013071895527,1.499999999999844,False,TREND_SUPPORT_NOT_CONFIRMED|PLANNED_REWARD_TOO_LOW|CLOSE_NOT_ABOVE_BREAKOUT_HIGH|CLOSE_NOT_ABOVE_MA200|RSI_NOT_MOMENTUM_SUPPORTIVE
2026-09-26T16:17:42.314106+00:00,SIE_FIX_BREAKOUT_QUALITY_R_QUALITY_V1,PAXG,PAXGUSDT,strategy-lab-v1.0.0:SIE_FIX_BREAKOUT_QUALITY_R_QUALITY_V1,1790427600000,2026-09-26T13:00:00+00:00,4279.55,4280.03,4277.71,4277.91,43.02275654787543,4281.034000000001,4276.253634323413,4325.68645,3.179285714285665,0.000743186676270811,46.005509641874234,1.499999999999841,False,TREND_SUPPORT_NOT_CONFIRMED|PLANNED_REWARD_TOO_LOW|CLOSE_NOT_ABOVE_BREAKOUT_HIGH|CLOSE_NOT_ABOVE_MA200|RSI_NOT_MOMENTUM_SUPPORTIVE
2026-09-26T16:17:42.314106+00:00,SIE_FIX_BREAKOUT_QUALITY_R_QUALITY_V1,PAXG,PAXGUSDT,strategy-lab-v1.0.0:SIE_FIX_BREAKOUT_QUALITY_R_QUALITY_V1,1790431200000,2026-09-26T14:00:00+00:00,4277.94,4279.53,4277.09,4278.25,55.49009105516839,4280.6555,4276.268266361146,4325.13165,2.8728571428570313,0.000671502867494193,43.02275654787543,1.5,False,TREND_SUPPORT_NOT_CONFIRMED|CLOSE_NOT_ABOVE_BREAKOUT_HIGH|CLOSE_NOT_ABOVE_MA200
2026-09-26T16:17:42.314106+00:00,SIE_FIX_BREAKOUT_QUALITY_R_QUALITY_V1,PAXG,PAXGUSDT,strategy-lab-v1.0.0:SIE_FIX_BREAKOUT_QUALITY_R_QUALITY_V1,1790434800000,2026-09-26T15:00:00+00:00,4278.3,4279.34,4277.77,4278.91,34.25632911392485,4280.3105000000005,4276.5598601876645,4324.585099999999,2.5071428571426884,0.0005859302619458433,55.49009105516839,1.5,False,TREND_SUPPORT_NOT_CONFIRMED|CLOSE_NOT_ABOVE_BREAKOUT_HIGH|CLOSE_NOT_ABOVE_MA200|RSI_NOT_MOMENTUM_SUPPORTIVE
2026-09-26T16:17:42.314106+00:00,SIE_FIX_BREAKOUT_QUALITY_R_QUALITY_V1,PAXG,PAXGUSDT,strategy-lab-v1.0.0:SIE_FIX_BREAKOUT_QUALITY_R_QUALITY_V1,1790438400000,2026-09-26T16:00:00+00:00,4278.77,4278.85,4278.41,4278.79,35.17465475223702,4280.213,4276.411057864475,4324.042,2.3371428571426804,0.0005462158360524075,34.25632911392485,1.5,False,TREND_SUPPORT_NOT_CONFIRMED|CLOSE_NOT_ABOVE_BREAKOUT_HIGH|CLOSE_NOT_ABOVE_MA200|RSI_NOT_MOMENTUM_SUPPORTIVE
2026-09-26T21:03:05.957607+00:00,SIE_FIX_BREAKOUT_QUALITY_R_QUALITY_V1,BTC,BTCUSDT,strategy-lab-v1.0.0:SIE_FIX_BREAKOUT_QUALITY_R_QUALITY_V1,1790442000000,2026-09-26T17:00:00+00:00,84102.19,84130.54,84018.18,84126.64,57.501995824122154,84041.9945,83855.62025742828,83497.08975,179.16785714285652,0.0021297398439169392,53.87523629489615,1.499999999999955,False,PLANNED_REWARD_TOO_LOW|CLOSE_NOT_ABOVE_BREAKOUT_HIGH
2026-09-26T21:03:05.957607+00:00,SIE_FIX_BREAKOUT_QUALITY_R_QUALITY_V1,BTC,BTCUSDT,strategy-lab-v1.0.0:SIE_FIX_BREAKOUT_QUALITY_R_QUALITY_V1,1790445600000,2026-09-26T18:00:00+00:00,84126.64,84156.49,83958.0,83994.61,50.68613348676647,84038.789,83851.472777875,83525.95550000001,178.29785714285703,0.0021227297459069936,57.501995824122154,1.5,False,CLOSE_NOT_ABOVE_BREAKOUT_HIGH
2026-09-26T21:03:05.957607+00:00,SIE_FIX_BREAKOUT_QUALITY_R_QUALITY_V1,BTC,BTCUSDT,strategy-lab-v1.0.0:SIE_FIX_BREAKOUT_QUALITY_R_QUALITY_V1,1790449200000,2026-09-26T19:00:00+00:00,83994.61,84043.84,83946.7,84000.65,53.07259232710563,84034.16500000001,83847.87981708095,83555.9828,176.46499999999963,0.002100757553661783,50.68613348676647,1.5,False,CLOSE_NOT_ABOVE_BREAKOUT_HIGH
2026-09-26T21:03:05.957607+00:00,SIE_FIX_BREAKOUT_QUALITY_R_QUALITY_V1,BTC,BTCUSDT,strategy-lab-v1.0.0:SIE_FIX_BREAKOUT_QUALITY_R_QUALITY_V1,1790452800000,2026-09-26T20:00:00+00:00,84000.65,84081.97,83811.99,84016.33,55.06613606215652,84039.7415,83862.83944583956,83586.17619999999,188.5921428571424,0.002244708175864649,53.07259232710563,1.4999999999999571,False,PLANNED_REWARD_TOO_LOW|CLOSE_NOT_ABOVE_BREAKOUT_HIGH
2026-09-26T21:03:05.957607+00:00,SIE_FIX_BREAKOUT_QUALITY_R_QUALITY_V1,BTC,BTCUSDT,strategy-lab-v1.0.0:SIE_FIX_BREAKOUT_QUALITY_R_QUALITY_V1,1790456400000,2026-09-26T21:00:00+00:00,84016.33,84039.56,84013.99,84036.88,47.00323636168604,84037.94399999999,83861.69394862074,83606.25035,173.11714285714177,0.0020600139231387667,55.06613606215652,1.4999999999999534,False,PLANNED_REWARD_TOO_LOW|CLOSE_NOT_ABOVE_BREAKOUT_HIGH|RSI_NOT_MOMENTUM_SUPPORTIVE
2026-09-26T21:03:05.957607+00:00,SIE_FIX_BREAKOUT_QUALITY_R_QUALITY_V1,BNB,BNBUSDT,strategy-lab-v1.0.0:SIE_FIX_BREAKOUT_QUALITY_R_QUALITY_V1,1790442000000,2026-09-26T17:00:00+00:00,774.12,774.35,772.19,772.66,44.94979326639094,774.0605,771.2323099427317,773.865,2.0307142857142657,0.002628212002322193,48.04292929292928,1.5,False,CLOSE_NOT_ABOVE_BREAKOUT_HIGH|CLOSE_NOT_ABOVE_MA200|RSI_NOT_MOMENTUM_SUPPORTIVE
2026-09-26T21:03:05.957607+00:00,SIE_FIX_BREAKOUT_QUALITY_R_QUALITY_V1,BNB,BNBUSDT,strategy-lab-v1.0.0:SIE_FIX_BREAKOUT_QUALITY_R_QUALITY_V1,1790445600000,2026-09-26T18:00:00+00:00,772.86,773.09,770.38,771.21,41.72149122807023,773.8059999999999,770.9143610183787,773.9608000000001,2.0635714285714113,0.002675758131470561,44.94979326639094,1.5,False,TREND_SUPPORT_NOT_CONFIRMED|CLOSE_NOT_ABOVE_BREAKOUT_HIGH|CLOSE_NOT_ABOVE_MA200|RSI_NOT_MOMENTUM_SUPPORTIVE
2026-09-26T21:03:05.957607+00:00,SIE_FIX_BREAKOUT_QUALITY_R_QUALITY_V1,BNB,BNBUSDT,strategy-lab-v1.0.0:SIE_FIX_BREAKOUT_QUALITY_R_QUALITY_V1,1790449200000,2026-09-26T19:00:00+00:00,771.36,771.42,770.54,770.86,44.976359338061656,773.5060000000001,770.7002958103124,774.07065,1.9849999999999812,0.0025750460524608635,41.72149122807023,1.5,False,TREND_SUPPORT_NOT_CONFIRMED|CLOSE_NOT_ABOVE_BREAKOUT_HIGH|CLOSE_NOT_ABOVE_MA200|RSI_NOT_MOMENTUM_SUPPORTIVE
2026-09-26T21:03:05.957607+00:00,SIE_FIX_BREAKOUT_QUALITY_R_QUALITY_V1,BNB,BNBUSDT,strategy-lab-v1.0.0:SIE_FIX_BREAKOUT_QUALITY_R_QUALITY_V1,1790452800000,2026-09-26T20:00:00+00:00,770.6,770.83,766.22,769.27,42.16066481994451,773.1855,770.0067299548361,774.1874499999999,2.2557142857142725,0.002932279025198269,44.976359338061656,1.5,False,TREND_SUPPORT_NOT_CONFIRMED|CLOSE_NOT_ABOVE_BREAKOUT_HIGH|CLOSE_NOT_ABOVE_MA200|RSI_NOT_MOMENTUM_SUPPORTIVE
2026-09-26T21:03:05.957607+00:00,SIE_FIX_BREAKOUT_QUALITY_R_QUALITY_V1,BNB,BNBUSDT,strategy-lab-v1.0.0:SIE_FIX_BREAKOUT_QUALITY_R_QUALITY_V1,1790456400000,2026-09-26T21:00:00+00:00,769.43,769.56,769.43,769.56,37.67164179104445,772.885,769.5331258973476,774.2457499999999,2.1628571428571246,0.0028105113868406944,42.16066481994451,1.5,False,TREND_SUPPORT_NOT_CONFIRMED|CLOSE_NOT_ABOVE_BREAKOUT_HIGH|CLOSE_NOT_ABOVE_MA200|RSI_NOT_MOMENTUM_SUPPORTIVE
2026-09-26T21:03:05.957607+00:00,SIE_FIX_BREAKOUT_QUALITY_R_QUALITY_V1,PAXG,PAXGUSDT,strategy-lab-v1.0.0:SIE_FIX_BREAKOUT_QUALITY_R_QUALITY_V1,1790442000000,2026-09-26T17:00:00+00:00,4276.78,4277.21,4276.01,4277.08,27.88104089219668,4279.8305,4275.850708673607,4323.56815,2.363571428571244,0.0005526133316588055,30.862437633644717,1.5,False,TREND_SUPPORT_NOT_CONFIRMED|CLOSE_NOT_ABOVE_BREAKOUT_HIGH|CLOSE_NOT_ABOVE_MA200|RSI_NOT_MOMENTUM_SUPPORTIVE
2026-09-26T21:03:05.957607+00:00,SIE_FIX_BREAKOUT_QUALITY_R_QUALITY_V1,PAXG,PAXGUSDT,strategy-lab-v1.0.0:SIE_FIX_BREAKOUT_QUALITY_R_QUALITY_V1,1790445600000,2026-09-26T18:00:00+00:00,4277.08,4277.15,4275.15,4277.01,32.18884120172052,4279.6165,4275.5152110560675,4323.0786499999995,2.2399999999998466,0.0005237303630339528,27.88104089219668,1.5,False,TREND_SUPPORT_NOT_CONFIRMED|CLOSE_NOT_ABOVE_BREAKOUT_HIGH|CLOSE_NOT_ABOVE_MA200|RSI_NOT_MOMENTUM_SUPPORTIVE
2026-09-26T21:03:05.957607+00:00,SIE_FIX_BREAKOUT_QUALITY_R_QUALITY_V1,PAXG,PAXGUSDT,strategy-lab-v1.0.0:SIE_FIX_BREAKOUT_QUALITY_R_QUALITY_V1,1790449200000,2026-09-26T19:00:00+00:00,4277.65,4278.92,4277.3,4278.92,40.01518602885378,4279.5045,4275.455927535338,4322.61505,1.965714285714122,0.0004593949608111678,32.18884120172052,1.4999999999997429,False,TREND_SUPPORT_NOT_CONFIRMED|PLANNED_REWARD_TOO_LOW|CLOSE_NOT_ABOVE_BREAKOUT_HIGH|CLOSE_NOT_ABOVE_MA200|RSI_NOT_MOMENTUM_SUPPORTIVE
2026-09-26T21:03:05.957607+00:00,SIE_FIX_BREAKOUT_QUALITY_R_QUALITY_V1,PAXG,PAXGUSDT,strategy-lab-v1.0.0:SIE_FIX_BREAKOUT_QUALITY_R_QUALITY_V1,1790452800000,2026-09-26T20:00:00+00:00,4278.92,4278.92,4278.34,4278.89,40.321346595257744,4279.639,4275.86936394308,4322.1828000000005,1.9128571428569947,0.00044704517827216745,40.01518602885378,1.5000000000002642,False,TREND_SUPPORT_NOT_CONFIRMED|CLOSE_NOT_ABOVE_BREAKOUT_HIGH|CLOSE_NOT_ABOVE_MA200|RSI_NOT_MOMENTUM_SUPPORTIVE
2026-09-27T00:29:08.955848+00:00,SIE_FIX_BREAKOUT_QUALITY_R_QUALITY_V1,BTC,BTCUSDT,strategy-lab-v1.0.0:SIE_FIX_BREAKOUT_QUALITY_R_QUALITY_V1,1790460000000,2026-09-26T22:00:00+00:00,84137.62,84408.42,84137.62,84266.36,52.841641342222196,84056.3115,83851.75228498827,83623.54105,185.12357142857113,0.0021968858204931495,51.38196312577905,1.5,False,CLOSE_NOT_ABOVE_BREAKOUT_HIGH
2026-09-27T00:29:08.955848+00:00,SIE_FIX_BREAKOUT_QUALITY_R_QUALITY_V1,BTC,BTCUSDT,strategy-lab-v1.0.0:SIE_FIX_BREAKOUT_QUALITY_R_QUALITY_V1,1790463600000,2026-09-26T23:00:00+00:00,84266.37,84470.44,84266.36,84416.65,66.47297892829758,84080.58499999999,83830.93554637513,83642.1212,180.4442857142858,0.0021375437868511224,52.841641342222196,1.5,False,CLOSE_NOT_ABOVE_BREAKOUT_HIGH
2026-09-27T00:29:08.955848+00:00,SIE_FIX_BREAKOUT_QUALITY_R_QUALITY_V1,BTC,BTCUSDT,strategy-lab-v1.0.0:SIE_FIX_BREAKOUT_QUALITY_R_QUALITY_V1,1790467200000,2026-09-27T00:00:00+00:00,84416.64,84433.92,84233.72,84238.31,52.68095222796913,84093.724,83839.94763992842,83659.19245,183.134285714285,0.0021740023715371903,66.47297892829758,1.5,False,CLOSE_NOT_ABOVE_BREAKOUT_HIGH
2026-09-27T00:29:08.955848+00:00,SIE_FIX_BREAKOUT_QUALITY_R_QUALITY_V1,BNB,BNBUSDT,strategy-lab-v1.0.0:SIE_FIX_BREAKOUT_QUALITY_R_QUALITY_V1,1790460000000,2026-09-26T22:00:00+00:00,772.05,773.55,771.88,772.86,48.510853104492604,772.905,770.036575345241,774.32285,2.3892857142857014,0.0030914857985737407,45.9347488348005,1.5000000000000264,False,TREND_SUPPORT_NOT_CONFIRMED|CLOSE_NOT_ABOVE_BREAKOUT_HIGH|CLOSE_NOT_ABOVE_MA200|RSI_NOT_MOMENTUM_SUPPORTIVE
2026-09-27T00:29:08.955848+00:00,SIE_FIX_BREAKOUT_QUALITY_R_QUALITY_V1,BNB,BNBUSDT,strategy-lab-v1.0.0:SIE_FIX_BREAKOUT_QUALITY_R_QUALITY_V1,1790463600000,2026-09-26T23:00:00+00:00,773.14,773.65,772.69,773.58,56.417258328782125,772.8655000000001,770.0577430660707,774.4064500000001,2.2185714285714084,0.0028679275945233955,48.510853104492604,1.5,False,TREND_SUPPORT_NOT_CONFIRMED|CLOSE_NOT_ABOVE_BREAKOUT_HIGH|CLOSE_NOT_ABOVE_MA200
2026-09-27T00:29:08.955848+00:00,SIE_FIX_BREAKOUT_QUALITY_R_QUALITY_V1,BNB,BNBUSDT,strategy-lab-v1.0.0:SIE_FIX_BREAKOUT_QUALITY_R_QUALITY_V1,1790467200000,2026-09-27T00:00:00+00:00,773.28,773.52,772.08,772.3,45.33648170011799,772.769,770.0234880258813,774.4764499999999,2.125714285714269,0.0027524463106490603,56.417258328782125,1.5000000000000298,False,TREND_SUPPORT_NOT_CONFIRMED|CLOSE_NOT_ABOVE_BREAKOUT_HIGH|CLOSE_NOT_ABOVE_MA200|RSI_NOT_MOMENTUM_SUPPORTIVE
2026-09-27T00:29:08.955848+00:00,SIE_FIX_BREAKOUT_QUALITY_R_QUALITY_V1,PAXG,PAXGUSDT,strategy-lab-v1.0.0:SIE_FIX_BREAKOUT_QUALITY_R_QUALITY_V1,1790456400000,2026-09-26T21:00:00+00:00,4278.58,4279.74,4276.98,4277.79,39.77358490566094,4279.3724999999995,4275.8263027406565,4321.846850000001,2.033571428571317,0.0004753789757260915,39.62406015037597,1.5,False,TREND_SUPPORT_NOT_CONFIRMED|CLOSE_NOT_ABOVE_BREAKOUT_HIGH|CLOSE_NOT_ABOVE_MA200|RSI_NOT_MOMENTUM_SUPPORTIVE
2026-09-27T00:29:08.955848+00:00,SIE_FIX_BREAKOUT_QUALITY_R_QUALITY_V1,PAXG,PAXGUSDT,strategy-lab-v1.0.0:SIE_FIX_BREAKOUT_QUALITY_R_QUALITY_V1,1790460000000,2026-09-26T22:00:00+00:00,4277.79,4280.17,4277.79,4280.17,59.39440993788774,4279.259,4275.977342491641,4321.502149999999,1.9642857142855843,0.0004589270319369521,39.77358490566094,1.5,False,TREND_SUPPORT_NOT_CONFIRMED|CLOSE_NOT_ABOVE_BREAKOUT_HIGH|CLOSE_NOT_ABOVE_MA200
2026-09-27T00:29:08.955848+00:00,SIE_FIX_BREAKOUT_QUALITY_R_QUALITY_V1,PAXG,PAXGUSDT,strategy-lab-v1.0.0:SIE_FIX_BREAKOUT_QUALITY_R_QUALITY_V1,1790463600000,2026-09-26T23:00:00+00:00,4280.17,4280.83,4278.95,4279.36,52.59026687598028,4279.0755,4276.2839880437,4321.143999999999,1.9799999999998883,0.0004626860091228334,59.39440993788774,1.4999999999997449,False,TREND_SUPPORT_NOT_CONFIRMED|PLANNED_REWARD_TOO_LOW|CLOSE_NOT_ABOVE_BREAKOUT_HIGH|CLOSE_NOT_ABOVE_MA200
2026-09-27T00:29:08.955848+00:00,SIE_FIX_BREAKOUT_QUALITY_R_QUALITY_V1,PAXG,PAXGUSDT,strategy-lab-v1.0.0:SIE_FIX_BREAKOUT_QUALITY_R_QUALITY_V1,1790467200000,2026-09-27T00:00:00+00:00,4279.36,4279.36,4278.29,4278.29,44.712286158633304,4278.932,4276.292957749077,4320.6471,1.8842857142855922,0.00044042963760885595,52.59026687598028,1.5,False,TREND_SUPPORT_NOT_CONFIRMED|CLOSE_NOT_ABOVE_BREAKOUT_HIGH|CLOSE_NOT_ABOVE_MA200|RSI_NOT_MOMENTUM_SUPPORTIVE
2026-09-27T08:02:23.551220+00:00,SIE_FIX_BREAKOUT_QUALITY_R_QUALITY_V1,BTC,BTCUSDT,strategy-lab-v1.0.0:SIE_FIX_BREAKOUT_QUALITY_R_QUALITY_V1,1790470800000,2026-09-27T01:00:00+00:00,84291.21,84560.48,84259.58,84471.48,61.664564943253524,84124.02549999999,83829.51310600911,83676.84115000001,198.5449999999993,0.0023504382781028496,55.01853746917442,1.5,False,CLOSE_NOT_ABOVE_BREAKOUT_HIGH
2026-09-27T08:02:23.551220+00:00,SIE_FIX_BREAKOUT_QUALITY_R_QUALITY_V1,BTC,BTCUSDT,strategy-lab-v1.0.0:SIE_FIX_BREAKOUT_QUALITY_R_QUALITY_V1,1790474400000,2026-09-27T02:00:00+00:00,84471.48,84525.43,84418.0,84431.55,65.44903805513488,84151.47,83849.82857281332,83694.36705,194.42142857142713,0.0023027106404113996,61.664564943253524,1.4999999999999585,False,PLANNED_REWARD_TOO_LOW|CLOSE_NOT_ABOVE_BREAKOUT_HIGH
2026-09-27T08:02:23.551220+00:00,SIE_FIX_BREAKOUT_QUALITY_R_QUALITY_V1,BTC,BTCUSDT,strategy-lab-v1.0.0:SIE_FIX_BREAKOUT_QUALITY_R_QUALITY_V1,1790478000000,2026-09-27T03:00:00+00:00,84432.86,84510.99,84315.52,84375.31,67.85108610099101,84165.0395,83849.09695159254,83710.27625000001,186.52857142856996,0.0022107008724302165,65.44903805513488,1.5,False,CLOSE_NOT_ABOVE_BREAKOUT_HIGH
2026-09-27T08:02:23.551220+00:00,SIE_FIX_BREAKOUT_QUALITY_R_QUALITY_V1,BTC,BTCUSDT,strategy-lab-v1.0.0:SIE_FIX_BREAKOUT_QUALITY_R_QUALITY_V1,1790481600000,2026-09-27T04:00:00+00:00,84375.31,84484.3,84274.01,84316.8,62.47214565142099,84171.1335,83848.49000081522,83726.3603,190.97428571428568,0.0022649612617448205,67.85108610099101,1.5000000000000424,False,CLOSE_NOT_ABOVE_BREAKOUT_HIGH
2026-09-27T08:02:23.551220+00:00,SIE_FIX_BREAKOUT_QUALITY_R_QUALITY_V1,BTC,BTCUSDT,strategy-lab-v1.0.0:SIE_FIX_BREAKOUT_QUALITY_R_QUALITY_V1,1790485200000,2026-09-27T05:00:00+00:00,84316.8,84638.4,84300.48,84442.65,62.27130541565396,84192.6185,83857.96607630314,83742.45465,201.25357142857163,0.0023833166229218486,62.47214565142099,1.5,False,CLOSE_NOT_ABOVE_BREAKOUT_HIGH
2026-09-27T08:02:23.551220+00:00,SIE_FIX_BREAKOUT_QUALITY_R_QUALITY_V1,BTC,BTCUSDT,strategy-lab-v1.0.0:SIE_FIX_BREAKOUT_QUALITY_R_QUALITY_V1,1790488800000,2026-09-27T06:00:00+00:00,84442.65,84613.82,84442.65,84494.5,66.06422396047802,84208.76599999999,83849.47922132429,83759.2597,208.16500000000087,0.0024636514802738744,62.27130541565396,1.4999999999999611,False,PLANNED_REWARD_TOO_LOW|CLOSE_NOT_ABOVE_BREAKOUT_HIGH
2026-09-27T08:02:23.551220+00:00,SIE_FIX_BREAKOUT_QUALITY_R_QUALITY_V1,BTC,BTCUSDT,strategy-lab-v1.0.0:SIE_FIX_BREAKOUT_QUALITY_R_QUALITY_V1,1790492400000,2026-09-27T07:00:00+00:00,84495.37,84791.21,84456.88,84773.26,71.9801212846387,84239.6725,83805.59707628872,83778.7508,224.02000000000095,0.002642578567817269,66.06422396047802,1.4999999999999638,False,PLANNED_REWARD_TOO_LOW
2026-09-27T08:02:23.551220+00:00,SIE_FIX_BREAKOUT_QUALITY_R_QUALITY_V1,BTC,BTCUSDT,strategy-lab-v1.0.0:SIE_FIX_BREAKOUT_QUALITY_R_QUALITY_V1,1790496000000,2026-09-27T08:00:00+00:00,84773.26,84786.67,84701.76,84750.91,77.77981840087098,84275.3785,83798.55327599638,83794.21725,215.9071428571437,0.002547549552649567,71.9801212846387,1.5000000000000375,False,CLOSE_NOT_ABOVE_BREAKOUT_HIGH
2026-09-27T08:02:23.551220+00:00,SIE_FIX_BREAKOUT_QUALITY_R_QUALITY_V1,BNB,BNBUSDT,strategy-lab-v1.0.0:SIE_FIX_BREAKOUT_QUALITY_R_QUALITY_V1,1790470800000,2026-09-27T01:00:00+00:00,772.5,774.2,771.96,773.57,45.34812076401728,772.8389999999999,770.0830834555383,774.53985,2.127142857142839,0.0027497742378102034,46.404833836858195,1.5,False,TREND_SUPPORT_NOT_CONFIRMED|CLOSE_NOT_ABOVE_BREAKOUT_HIGH|CLOSE_NOT_ABOVE_MA200|RSI_NOT_MOMENTUM_SUPPORTIVE
2026-09-27T08:02:23.551220+00:00,SIE_FIX_BREAKOUT_QUALITY_R_QUALITY_V1,BNB,BNBUSDT,strategy-lab-v1.0.0:SIE_FIX_BREAKOUT_QUALITY_R_QUALITY_V1,1790474400000,2026-09-27T02:00:00+00:00,773.75,774.33,772.01,772.22,44.87804878048795,772.845,770.0950290910561,774.57925,2.157142857142844,0.002793430443581938,45.34812076401728,1.5,False,TREND_SUPPORT_NOT_CONFIRMED|CLOSE_NOT_ABOVE_BREAKOUT_HIGH|CLOSE_NOT_ABOVE_MA200|RSI_NOT_MOMENTUM_SUPPORTIVE
2026-09-27T08:02:23.551220+00:00,SIE_FIX_BREAKOUT_QUALITY_R_QUALITY_V1,BNB,BNBUSDT,strategy-lab-v1.0.0:SIE_FIX_BREAKOUT_QUALITY_R_QUALITY_V1,1790478000000,2026-09-27T03:00:00+00:00,772.48,773.07,771.33,771.41,47.361647361647215,772.731,769.9418431381441,774.60595,2.0649999999999897,0.002676916296133042,44.87804878048795,1.4999999999999694,False,TREND_SUPPORT_NOT_CONFIRMED|PLANNED_REWARD_TOO_LOW|CLOSE_NOT_ABOVE_BREAKOUT_HIGH|CLOSE_NOT_ABOVE_MA200|RSI_NOT_MOMENTUM_SUPPORTIVE
2026-09-27T08:02:23.551220+00:00,SIE_FIX_BREAKOUT_QUALITY_R_QUALITY_V1,BNB,BNBUSDT,strategy-lab-v1.0.0:SIE_FIX_BREAKOUT_QUALITY_R_QUALITY_V1,1790481600000,2026-09-27T04:00:00+00:00,771.4,772.71,770.68,770.78,39.450171821305716,772.5975,769.705097019771,774.6425,2.057857142857139,0.0026698372335259594,47.361647361647215,1.5,False,TREND_SUPPORT_NOT_CONFIRMED|CLOSE_NOT_ABOVE_BREAKOUT_HIGH|CLOSE_NOT_ABOVE_MA200|RSI_NOT_MOMENTUM_SUPPORTIVE
2026-09-27T08:02:23.551220+00:00,SIE_FIX_BREAKOUT_QUALITY_R_QUALITY_V1,BNB,BNBUSDT,strategy-lab-v1.0.0:SIE_FIX_BREAKOUT_QUALITY_R_QUALITY_V1,1790485200000,2026-09-27T05:00:00+00:00,771.4,774.7,771.4,773.12,46.89572031344194,772.692,769.8616530247975,774.68955,2.257142857142859,0.00291952459791864,39.450171821305716,1.499999999999972,False,TREND_SUPPORT_NOT_CONFIRMED|PLANNED_REWARD_TOO_LOW|CLOSE_NOT_ABOVE_BREAKOUT_HIGH|CLOSE_NOT_ABOVE_MA200|RSI_NOT_MOMENTUM_SUPPORTIVE
2026-09-27T08:02:23.551220+00:00,SIE_FIX_BREAKOUT_QUALITY_R_QUALITY_V1,BNB,BNBUSDT,strategy-lab-v1.0.0:SIE_FIX_BREAKOUT_QUALITY_R_QUALITY_V1,1790488800000,2026-09-27T06:00:00+00:00,773.12,774.83,773.12,774.68,50.78212290502785,772.7320000000001,769.8143598576869,774.74295,2.304285714285722,0.002974500070075027,46.89572031344194,1.5,False,TREND_SUPPORT_NOT_CONFIRMED|CLOSE_NOT_ABOVE_BREAKOUT_HIGH|CLOSE_NOT_ABOVE_MA200
2026-09-27T08:02:23.551220+00:00,SIE_FIX_BREAKOUT_QUALITY_R_QUALITY_V1,BNB,BNBUSDT,strategy-lab-v1.0.0:SIE_FIX_BREAKOUT_QUALITY_R_QUALITY_V1,1790492400000,2026-09-27T07:00:00+00:00,774.82,778.4,774.82,778.39,64.4187216909914,772.8975,769.195738932611,774.8282,2.412142857142872,0.0030988872636376007,50.78212290502785,1.4999999999999738,False,TREND_SUPPORT_NOT_CONFIRMED|PLANNED_REWARD_TOO_LOW
2026-09-27T08:02:23.551220+00:00,SIE_FIX_BREAKOUT_QUALITY_R_QUALITY_V1,BNB,BNBUSDT,strategy-lab-v1.0.0:SIE_FIX_BREAKOUT_QUALITY_R_QUALITY_V1,1790496000000,2026-09-27T08:00:00+00:00,778.4,778.59,777.92,778.22,68.85422270037637,773.1134999999999,768.7567568356583,774.89995,2.266428571428589,0.0029123237277743938,64.4187216909914,1.5,False,TREND_SUPPORT_NOT_CONFIRMED|CLOSE_NOT_ABOVE_BREAKOUT_HIGH
2026-09-27T08:02:23.551220+00:00,SIE_FIX_BREAKOUT_QUALITY_R_QUALITY_V1,PAXG,PAXGUSDT,strategy-lab-v1.0.0:SIE_FIX_BREAKOUT_QUALITY_R_QUALITY_V1,1790470800000,2026-09-27T01:00:00+00:00,4279.55,4280.35,4277.55,4279.71,48.331907613343546,4278.903,4276.514401247204,4320.12155,1.9764285714285117,0.0004618136676149813,49.58263772955161,1.5000000000002556,False,TREND_SUPPORT_NOT_CONFIRMED|CLOSE_NOT_ABOVE_BREAKOUT_HIGH|CLOSE_NOT_ABOVE_MA200|RSI_NOT_MOMENTUM_SUPPORTIVE
2026-09-27T08:02:23.551220+00:00,SIE_FIX_BREAKOUT_QUALITY_R_QUALITY_V1,PAXG,PAXGUSDT,strategy-lab-v1.0.0:SIE_FIX_BREAKOUT_QUALITY_R_QUALITY_V1,1790474400000,2026-09-27T02:00:00+00:00,4279.71,4280.72,4277.57,4279.02,47.75993237531823,4278.782999999999,4276.689322851569,4319.6449,2.0764285714285506,0.0004852579729537489,48.331907613343546,1.5000000000002434,False,TREND_SUPPORT_NOT_CONFIRMED|CLOSE_NOT_ABOVE_BREAKOUT_HIGH|CLOSE_NOT_ABOVE_MA200|RSI_NOT_MOMENTUM_SUPPORTIVE
2026-09-27T08:02:23.551220+00:00,SIE_FIX_BREAKOUT_QUALITY_R_QUALITY_V1,PAXG,PAXGUSDT,strategy-lab-v1.0.0:SIE_FIX_BREAKOUT_QUALITY_R_QUALITY_V1,1790478000000,2026-09-27T03:00:00+00:00,4280.33,4280.33,4272.97,4278.1,50.8550855085531,4278.663,4276.706072816415,4319.18485,2.436428571428548,0.000569511832689406,47.75993237531823,1.5,False,TREND_SUPPORT_NOT_CONFIRMED|CLOSE_NOT_ABOVE_BREAKOUT_HIGH|CLOSE_NOT_ABOVE_MA200
2026-09-27T08:02:23.551220+00:00,SIE_FIX_BREAKOUT_QUALITY_R_QUALITY_V1,PAXG,PAXGUSDT,strategy-lab-v1.0.0:SIE_FIX_BREAKOUT_QUALITY_R_QUALITY_V1,1790481600000,2026-09-27T04:00:00+00:00,4277.01,4278.46,4275.07,4276.01,41.29082426127651,4278.575999999999,4276.330948552515,4318.712049999999,2.504285714285743,0.0005856594615741644,50.8550855085531,1.4999999999997982,False,TREND_SUPPORT_NOT_CONFIRMED|PLANNED_REWARD_TOO_LOW|CLOSE_NOT_ABOVE_BREAKOUT_HIGH|CLOSE_NOT_ABOVE_MA200|RSI_NOT_MOMENTUM_SUPPORTIVE
2026-09-27T08:02:23.551220+00:00,SIE_FIX_BREAKOUT_QUALITY_R_QUALITY_V1,PAXG,PAXGUSDT,strategy-lab-v1.0.0:SIE_FIX_BREAKOUT_QUALITY_R_QUALITY_V1,1790485200000,2026-09-27T05:00:00+00:00,4277.19,4277.71,4275.97,4277.6,45.250181290792575,4278.521,4276.237232060421,4318.23285,2.516428571428605,0.0005882804777044617,41.29082426127651,1.5,False,TREND_SUPPORT_NOT_CONFIRMED|CLOSE_NOT_ABOVE_BREAKOUT_HIGH|CLOSE_NOT_ABOVE_MA200|RSI_NOT_MOMENTUM_SUPPORTIVE
2026-09-27T08:02:23.551220+00:00,SIE_FIX_BREAKOUT_QUALITY_R_QUALITY_V1,PAXG,PAXGUSDT,strategy-lab-v1.0.0:SIE_FIX_BREAKOUT_QUALITY_R_QUALITY_V1,1790488800000,2026-09-27T06:00:00+00:00,4277.59,4279.51,4276.72,4278.18,54.429369513170485,4278.4475,4276.219874582242,4317.7514,2.5185714285714442,0.0005887016040866546,45.250181290792575,1.5000000000002007,False,TREND_SUPPORT_NOT_CONFIRMED|CLOSE_NOT_ABOVE_BREAKOUT_HIGH|CLOSE_NOT_ABOVE_MA200
2026-09-27T08:02:23.551220+00:00,SIE_FIX_BREAKOUT_QUALITY_R_QUALITY_V1,PAXG,PAXGUSDT,strategy-lab-v1.0.0:SIE_FIX_BREAKOUT_QUALITY_R_QUALITY_V1,1790492400000,2026-09-27T07:00:00+00:00,4278.18,4279.5,4277.71,4277.94,53.369905956111275,4278.3395,4276.2368780649285,4317.295950000001,2.5607142857143117,0.0005985858347041594,54.429369513170485,1.5000000000001974,False,TREND_SUPPORT_NOT_CONFIRMED|CLOSE_NOT_ABOVE_BREAKOUT_HIGH|CLOSE_NOT_ABOVE_MA200
2026-09-27T08:02:23.551220+00:00,SIE_FIX_BREAKOUT_QUALITY_R_QUALITY_V1,PAXG,PAXGUSDT,strategy-lab-v1.0.0:SIE_FIX_BREAKOUT_QUALITY_R_QUALITY_V1,1790496000000,2026-09-27T08:00:00+00:00,4279.3,4279.3,4279.3,4279.3,58.149466192169534,4278.326999999999,4276.250501986073,4316.8619,2.5150000000000676,0.0005877129437057621,53.369905956111275,1.500000000000201,False,TREND_SUPPORT_NOT_CONFIRMED|CLOSE_NOT_ABOVE_BREAKOUT_HIGH|CLOSE_NOT_ABOVE_MA200
2026-09-27T13:52:42.387068+00:00,SIE_FIX_BREAKOUT_QUALITY_R_QUALITY_V1,BTC,BTCUSDT,strategy-lab-v1.0.0:SIE_FIX_BREAKOUT_QUALITY_R_QUALITY_V1,1790499600000,2026-09-27T09:00:00+00:00,84775.68,84948.44,84575.04,84942.04,81.34560444317255,84326.953,83790.93396194345,83812.7388,244.65857142857254,0.00288030016030428,79.11593889555805,1.5,True,
2026-09-27T13:52:42.387068+00:00,SIE_FIX_BREAKOUT_QUALITY_R_QUALITY_V1,BTC,BTCUSDT,strategy-lab-v1.0.0:SIE_FIX_BREAKOUT_QUALITY_R_QUALITY_V1,1790503200000,2026-09-27T10:00:00+00:00,84942.04,85112.37,84781.79,84861.71,76.98687335597839,84369.31049999999,83805.55974793484,83830.6671,248.9871428571444,0.002934034004937496,81.34560444317255,1.4999999999999676,False,OPEN_TRADE_EXISTS|PLANNED_REWARD_TOO_LOW|CLOSE_NOT_ABOVE_BREAKOUT_HIGH
2026-09-27T13:52:42.387068+00:00,SIE_FIX_BREAKOUT_QUALITY_R_QUALITY_V1,BTC,BTCUSDT,strategy-lab-v1.0.0:SIE_FIX_BREAKOUT_QUALITY_R_QUALITY_V1,1790506800000,2026-09-27T11:00:00+00:00,84861.72,84935.81,84796.52,84877.02,75.31671574334167,84405.8185,83810.72143523998,83849.527,241.93071428571525,0.002850367676500839,76.98687335597839,1.4999999999999667,False,OPEN_TRADE_EXISTS|PLANNED_REWARD_TOO_LOW|CLOSE_NOT_ABOVE_BREAKOUT_HIGH
2026-09-27T13:52:42.387068+00:00,SIE_FIX_BREAKOUT_QUALITY_R_QUALITY_V1,BTC,BTCUSDT,strategy-lab-v1.0.0:SIE_FIX_BREAKOUT_QUALITY_R_QUALITY_V1,1790510400000,2026-09-27T12:00:00+00:00,84877.03,85019.0,84777.77,84783.89,68.16289859548459,84439.798,83839.85881853326,83868.4344,239.8185714285719,0.002828586556108382,75.31671574334167,1.5,False,OPEN_TRADE_EXISTS|CLOSE_NOT_ABOVE_BREAKOUT_HIGH
2026-09-27T13:52:42.387068+00:00,SIE_FIX_BREAKOUT_QUALITY_R_QUALITY_V1,BTC,BTCUSDT,strategy-lab-v1.0.0:SIE_FIX_BREAKOUT_QUALITY_R_QUALITY_V1,1790514000000,2026-09-27T13:00:00+00:00,84783.88,85158.5,84612.16,84860.21,66.41939113954136,84476.4765,83867.96895249879,83887.62295,264.26571428571435,0.003114129864700009,68.16289859548459,1.5,False,CLOSE_NOT_ABOVE_BREAKOUT_HIGH
2026-09-27T13:52:42.387068+00:00,SIE_FIX_BREAKOUT_QUALITY_R_QUALITY_V1,BNB,BNBUSDT,strategy-lab-v1.0.0:SIE_FIX_BREAKOUT_QUALITY_R_QUALITY_V1,1790499600000,2026-09-27T09:00:00+00:00,778.54,780.1,776.68,779.84,73.00204918032767,773.5029999999999,768.2454754874503,774.9894,2.5592857142857333,0.0032818087226684106,69.50623982636971,1.5000000000000246,False,TREND_SUPPORT_NOT_CONFIRMED|CLOSE_NOT_ABOVE_BREAKOUT_HIGH
2026-09-27T13:52:42.387068+00:00,SIE_FIX_BREAKOUT_QUALITY_R_QUALITY_V1,BNB,BNBUSDT,strategy-lab-v1.0.0:SIE_FIX_BREAKOUT_QUALITY_R_QUALITY_V1,1790503200000,2026-09-27T10:00:00+00:00,780.17,780.48,778.22,778.86,75.35695399259633,773.7535,767.999721154749,775.0754,2.3892857142857338,0.0030676703313634464,73.00204918032767,1.5000000000000264,False,TREND_SUPPORT_NOT_CONFIRMED|CLOSE_NOT_ABOVE_BREAKOUT_HIGH
2026-09-27T13:52:42.387068+00:00,SIE_FIX_BREAKOUT_QUALITY_R_QUALITY_V1,BNB,BNBUSDT,strategy-lab-v1.0.0:SIE_FIX_BREAKOUT_QUALITY_R_QUALITY_V1,1790506800000,2026-09-27T11:00:00+00:00,778.36,780.21,778.36,780.02,72.93844367015073,774.047,767.6764612472681,775.1777999999999,2.25500000000002,0.0028909515140637674,75.35695399259633,1.499999999999972,False,TREND_SUPPORT_NOT_CONFIRMED|PLANNED_REWARD_TOO_LOW|CLOSE_NOT_ABOVE_BREAKOUT_HIGH
2026-09-27T13:52:42.387068+00:00,SIE_FIX_BREAKOUT_QUALITY_R_QUALITY_V1,BNB,BNBUSDT,strategy-lab-v1.0.0:SIE_FIX_BREAKOUT_QUALITY_R_QUALITY_V1,1790510400000,2026-09-27T12:00:00+00:00,780.1,783.05,779.62,779.62,70.0236966824643,774.308,767.4890540403917,775.2749,2.380714285714305,0.003053685495131352,72.93844367015073,1.5,False,TREND_SUPPORT_NOT_CONFIRMED|CLOSE_NOT_ABOVE_BREAKOUT_HIGH
2026-09-27T13:52:42.387068+00:00,SIE_FIX_BREAKOUT_QUALITY_R_QUALITY_V1,BNB,BNBUSDT,strategy-lab-v1.0.0:SIE_FIX_BREAKOUT_QUALITY_R_QUALITY_V1,1790514000000,2026-09-27T13:00:00+00:00,779.31,781.07,776.61,779.09,66.50689035350501,774.6295,767.5503122641042,775.35285,2.630714285714313,0.0033766500477663847,70.0236966824643,1.500000000000024,False,TREND_SUPPORT_NOT_CONFIRMED|CLOSE_NOT_ABOVE_BREAKOUT_HIGH
2026-09-27T13:52:42.387068+00:00,SIE_FIX_BREAKOUT_QUALITY_R_QUALITY_V1,PAXG,PAXGUSDT,strategy-lab-v1.0.0:SIE_FIX_BREAKOUT_QUALITY_R_QUALITY_V1,1790499600000,2026-09-27T09:00:00+00:00,4277.98,4279.85,4277.92,4279.81,53.51778656126546,4278.3555,4276.222469526334,4316.4241,2.5921428571429197,0.0006056677415920145,53.77358490565991,1.499999999999805,False,TREND_SUPPORT_NOT_CONFIRMED|PLANNED_REWARD_TOO_LOW|CLOSE_NOT_ABOVE_BREAKOUT_HIGH|CLOSE_NOT_ABOVE_MA200
2026-09-27T13:52:42.387068+00:00,SIE_FIX_BREAKOUT_QUALITY_R_QUALITY_V1,PAXG,PAXGUSDT,strategy-lab-v1.0.0:SIE_FIX_BREAKOUT_QUALITY_R_QUALITY_V1,1790503200000,2026-09-27T10:00:00+00:00,4279.81,4280.4,4278.21,4280.11,55.71315996847777,4278.4485,4276.183847487673,4315.9951,2.707142857142896,0.0006324937576704561,53.51778656126546,1.5000000000001867,False,TREND_SUPPORT_NOT_CONFIRMED|CLOSE_NOT_ABOVE_BREAKOUT_HIGH|CLOSE_NOT_ABOVE_MA200
2026-09-27T13:52:42.387068+00:00,SIE_FIX_BREAKOUT_QUALITY_R_QUALITY_V1,PAXG,PAXGUSDT,strategy-lab-v1.0.0:SIE_FIX_BREAKOUT_QUALITY_R_QUALITY_V1,1790506800000,2026-09-27T11:00:00+00:00,4280.08,4280.57,4277.4,4279.06,54.93395493395632,4278.456,4276.184301075937,4315.550249999999,2.7364285714286,0.0006394929193394343,55.71315996847777,1.5,False,TREND_SUPPORT_NOT_CONFIRMED|CLOSE_NOT_ABOVE_BREAKOUT_HIGH|CLOSE_NOT_ABOVE_MA200
2026-09-27T13:52:42.387068+00:00,SIE_FIX_BREAKOUT_QUALITY_R_QUALITY_V1,PAXG,PAXGUSDT,strategy-lab-v1.0.0:SIE_FIX_BREAKOUT_QUALITY_R_QUALITY_V1,1790510400000,2026-09-27T12:00:00+00:00,4279.2,4279.65,4278.03,4278.17,41.21265377855966,4278.511,4276.324524296593,4315.095850000001,2.6821428571428703,0.0006269369513466904,54.93395493395632,1.5,False,TREND_SUPPORT_NOT_CONFIRMED|CLOSE_NOT_ABOVE_BREAKOUT_HIGH|CLOSE_NOT_ABOVE_MA200|RSI_NOT_MOMENTUM_SUPPORTIVE
2026-09-27T13:52:42.387068+00:00,SIE_FIX_BREAKOUT_QUALITY_R_QUALITY_V1,PAXG,PAXGUSDT,strategy-lab-v1.0.0:SIE_FIX_BREAKOUT_QUALITY_R_QUALITY_V1,1790514000000,2026-09-27T13:00:00+00:00,4277.64,4277.73,4277.44,4277.63,42.21422142214458,4278.538500000001,4276.411687596051,4314.6530999999995,2.600000000000039,0.0006078132049756616,41.21265377855966,1.5,False,TREND_SUPPORT_NOT_CONFIRMED|CLOSE_NOT_ABOVE_BREAKOUT_HIGH|CLOSE_NOT_ABOVE_MA200|RSI_NOT_MOMENTUM_SUPPORTIVE
2026-09-27T18:18:16.676553+00:00,SIE_FIX_BREAKOUT_QUALITY_R_QUALITY_V1,BTC,BTCUSDT,strategy-lab-v1.0.0:SIE_FIX_BREAKOUT_QUALITY_R_QUALITY_V1,1790517600000,2026-09-27T14:00:00+00:00,85020.63,85045.0,84429.48,84520.0,56.07569456615831,84510.6795,83919.97493735136,83905.90054999999,293.93142857142914,0.0034776553309445,69.9494497777257,1.5,False,CLOSE_NOT_ABOVE_BREAKOUT_HIGH
2026-09-27T18:18:16.676553+00:00,SIE_FIX_BREAKOUT_QUALITY_R_QUALITY_V1,BTC,BTCUSDT,strategy-lab-v1.0.0:SIE_FIX_BREAKOUT_QUALITY_R_QUALITY_V1,1790521200000,2026-09-27T15:00:00+00:00,84520.01,84638.16,84336.85,84449.48,49.379610621066156,84533.121,83989.39270918656,83922.7822,293.96071428571514,0.0034809061498746368,56.07569456615831,1.5,False,CLOSE_NOT_ABOVE_BREAKOUT_HIGH|RSI_NOT_MOMENTUM_SUPPORTIVE
2026-09-27T18:18:16.676553+00:00,SIE_FIX_BREAKOUT_QUALITY_R_QUALITY_V1,BTC,BTCUSDT,strategy-lab-v1.0.0:SIE_FIX_BREAKOUT_QUALITY_R_QUALITY_V1,1790524800000,2026-09-27T16:00:00+00:00,84449.48,84673.22,84350.0,84410.44,49.40440923377288,84552.8265,84059.18415444414,83938.34615,309.3742857142871,0.0036651187425902187,49.379610621066156,1.5,False,CLOSE_NOT_ABOVE_BREAKOUT_HIGH|RSI_NOT_MOMENTUM_SUPPORTIVE
2026-09-27T18:18:16.676553+00:00,SIE_FIX_BREAKOUT_QUALITY_R_QUALITY_V1,BTC,BTCUSDT,strategy-lab-v1.0.0:SIE_FIX_BREAKOUT_QUALITY_R_QUALITY_V1,1790528400000,2026-09-27T17:00:00+00:00,84410.45,84564.29,84317.28,84559.75,54.94408286244289,84573.933,84118.4869248178,83954.6507,313.0557142857152,0.003702183536324495,49.40440923377288,1.5,False,CLOSE_NOT_ABOVE_BREAKOUT_HIGH
2026-09-27T18:18:16.676553+00:00,SIE_FIX_BREAKOUT_QUALITY_R_QUALITY_V1,BTC,BTCUSDT,strategy-lab-v1.0.0:SIE_FIX_BREAKOUT_QUALITY_R_QUALITY_V1,1790532000000,2026-09-27T18:00:00+00:00,84559.74,84618.4,84542.35,84612.74,57.95648854140911,84591.25200000001,84158.10964125539,83971.76640000001,303.4671428571424,0.0035865419658687612,54.94408286244289,1.4999999999999734,False,PLANNED_REWARD_TOO_LOW|CLOSE_NOT_ABOVE_BREAKOUT_HIGH
2026-09-27T18:18:16.676553+00:00,SIE_FIX_BREAKOUT_QUALITY_R_QUALITY_V1,BNB,BNBUSDT,strategy-lab-v1.0.0:SIE_FIX_BREAKOUT_QUALITY_R_QUALITY_V1,1790517600000,2026-09-27T14:00:00+00:00,780.93,781.32,776.56,776.81,59.96131528046392,775.001,767.7822718571724,775.4375,2.8635714285714635,0.0036863215310970043,71.01947308132847,1.5,False,TREND_SUPPORT_NOT_CONFIRMED|CLOSE_NOT_ABOVE_BREAKOUT_HIGH
2026-09-27T18:18:16.676553+00:00,SIE_FIX_BREAKOUT_QUALITY_R_QUALITY_V1,BNB,BNBUSDT,strategy-lab-v1.0.0:SIE_FIX_BREAKOUT_QUALITY_R_QUALITY_V1,1790521200000,2026-09-27T15:00:00+00:00,776.56,776.79,773.83,774.59,52.316076294277885,775.1875,768.2179150051779,775.5064500000001,2.916428571428599,0.003765125513405284,59.96131528046392,1.5,False,TREND_SUPPORT_NOT_CONFIRMED|CLOSE_NOT_ABOVE_BREAKOUT_HIGH|CLOSE_NOT_ABOVE_MA200
2026-09-27T18:18:16.676553+00:00,SIE_FIX_BREAKOUT_QUALITY_R_QUALITY_V1,BNB,BNBUSDT,strategy-lab-v1.0.0:SIE_FIX_BREAKOUT_QUALITY_R_QUALITY_V1,1790524800000,2026-09-27T16:00:00+00:00,774.83,775.88,773.26,775.88,58.33333333333329,775.518,769.0968829632183,775.5566,2.9378571428571667,0.0037864839187208934,52.316076294277885,1.4999999999999785,False,TREND_SUPPORT_NOT_CONFIRMED|PLANNED_REWARD_TOO_LOW|CLOSE_NOT_ABOVE_BREAKOUT_HIGH
2026-09-27T18:18:16.676553+00:00,SIE_FIX_BREAKOUT_QUALITY_R_QUALITY_V1,BNB,BNBUSDT,strategy-lab-v1.0.0:SIE_FIX_BREAKOUT_QUALITY_R_QUALITY_V1,1790528400000,2026-09-27T17:00:00+00:00,775.88,777.69,775.2,777.69,63.675958188153544,775.7965,769.5072447976689,775.61225,2.9914285714285955,0.0038465565603628634,58.33333333333329,1.499999999999979,False,PLANNED_REWARD_TOO_LOW|CLOSE_NOT_ABOVE_BREAKOUT_HIGH
2026-09-27T18:18:16.676553+00:00,SIE_FIX_BREAKOUT_QUALITY_R_QUALITY_V1,BNB,BNBUSDT,strategy-lab-v1.0.0:SIE_FIX_BREAKOUT_QUALITY_R_QUALITY_V1,1790532000000,2026-09-27T18:00:00+00:00,777.69,778.27,777.27,778.27,66.34657354866883,776.067,769.8411599763527,775.6786999999999,2.917857142857161,0.0037491579308686716,63.675958188153544,1.4999999999999785,False,PLANNED_REWARD_TOO_LOW|CLOSE_NOT_ABOVE_BREAKOUT_HIGH
2026-09-27T18:18:16.676553+00:00,SIE_FIX_BREAKOUT_QUALITY_R_QUALITY_V1,PAXG,PAXGUSDT,strategy-lab-v1.0.0:SIE_FIX_BREAKOUT_QUALITY_R_QUALITY_V1,1790517600000,2026-09-27T14:00:00+00:00,4277.59,4277.99,4275.7,4276.92,38.693035253653974,4278.532,4276.388483262933,4314.22015,2.6692857142857713,0.0006241140152927273,42.06278026906081,1.5,False,TREND_SUPPORT_NOT_CONFIRMED|CLOSE_NOT_ABOVE_BREAKOUT_HIGH|CLOSE_NOT_ABOVE_MA200|RSI_NOT_MOMENTUM_SUPPORTIVE
2026-09-27T18:18:16.676553+00:00,SIE_FIX_BREAKOUT_QUALITY_R_QUALITY_V1,PAXG,PAXGUSDT,strategy-lab-v1.0.0:SIE_FIX_BREAKOUT_QUALITY_R_QUALITY_V1,1790521200000,2026-09-27T15:00:00+00:00,4276.04,4277.46,4275.08,4275.08,32.60706235912859,4278.34,4275.732250011584,4313.7808,2.639285714285766,0.0006173652222381256,38.693035253653974,1.5,False,TREND_SUPPORT_NOT_CONFIRMED|CLOSE_NOT_ABOVE_BREAKOUT_HIGH|CLOSE_NOT_ABOVE_MA200|RSI_NOT_MOMENTUM_SUPPORTIVE
2026-09-27T18:18:16.676553+00:00,SIE_FIX_BREAKOUT_QUALITY_R_QUALITY_V1,PAXG,PAXGUSDT,strategy-lab-v1.0.0:SIE_FIX_BREAKOUT_QUALITY_R_QUALITY_V1,1790524800000,2026-09-27T16:00:00+00:00,4276.56,4276.58,4275.01,4275.58,36.89024390243789,4278.186,4275.320945724409,4313.34565,2.5264285714285637,0.0005908972750898273,32.60706235912859,1.5,False,TREND_SUPPORT_NOT_CONFIRMED|CLOSE_NOT_ABOVE_BREAKOUT_HIGH|CLOSE_NOT_ABOVE_MA200|RSI_NOT_MOMENTUM_SUPPORTIVE
2026-09-27T18:18:16.676553+00:00,SIE_FIX_BREAKOUT_QUALITY_R_QUALITY_V1,PAXG,PAXGUSDT,strategy-lab-v1.0.0:SIE_FIX_BREAKOUT_QUALITY_R_QUALITY_V1,1790528400000,2026-09-27T17:00:00+00:00,4275.58,4276.18,4272.94,4274.31,35.93170007423946,4278.012,4274.686230314337,4312.8961,2.232142857142922,0.0005222229686529339,36.89024390243789,1.4999999999997737,False,TREND_SUPPORT_NOT_CONFIRMED|PLANNED_REWARD_TOO_LOW|CLOSE_NOT_ABOVE_BREAKOUT_HIGH|CLOSE_NOT_ABOVE_MA200|RSI_NOT_MOMENTUM_SUPPORTIVE
2026-09-27T18:18:16.676553+00:00,SIE_FIX_BREAKOUT_QUALITY_R_QUALITY_V1,PAXG,PAXGUSDT,strategy-lab-v1.0.0:SIE_FIX_BREAKOUT_QUALITY_R_QUALITY_V1,1790532000000,2026-09-27T18:00:00+00:00,4272.97,4274.38,4272.97,4274.36,42.78215223096836,4277.7215,4274.191739242942,4312.445250000001,2.090714285714317,0.0004891291996262171,35.93170007423946,1.5,False,TREND_SUPPORT_NOT_CONFIRMED|CLOSE_NOT_ABOVE_BREAKOUT_HIGH|CLOSE_NOT_ABOVE_MA200|RSI_NOT_MOMENTUM_SUPPORTIVE
2026-09-27T22:58:30.684068+00:00,SIE_FIX_BREAKOUT_QUALITY_R_QUALITY_V1,BTC,BTCUSDT,strategy-lab-v1.0.0:SIE_FIX_BREAKOUT_QUALITY_R_QUALITY_V1,1790535600000,2026-09-27T19:00:00+00:00,84798.72,84830.84,84641.65,84717.81,56.876249500200046,84615.60949999999,84178.7314360349,83989.88539999998,307.09428571428623,0.003624908218405153,61.7789248825602,1.4999999999999736,False,PLANNED_REWARD_TOO_LOW|CLOSE_NOT_ABOVE_BREAKOUT_HIGH
2026-09-27T22:58:30.684068+00:00,SIE_FIX_BREAKOUT_QUALITY_R_QUALITY_V1,BTC,BTCUSDT,strategy-lab-v1.0.0:SIE_FIX_BREAKOUT_QUALITY_R_QUALITY_V1,1790539200000,2026-09-27T20:00:00+00:00,84717.82,84801.87,84520.28,84532.2,50.88308597556399,84627.65900000001,84214.5898740769,84005.99644999999,314.9814285714279,0.003726170957001331,56.876249500200046,1.5,False,CLOSE_NOT_ABOVE_BREAKOUT_HIGH
2026-09-27T22:58:30.684068+00:00,SIE_FIX_BREAKOUT_QUALITY_R_QUALITY_V1,BTC,BTCUSDT,strategy-lab-v1.0.0:SIE_FIX_BREAKOUT_QUALITY_R_QUALITY_V1,1790542800000,2026-09-27T21:00:00+00:00,84532.19,84709.08,84421.28,84675.8,47.56276883064939,84637.875,84230.69718707932,84022.75795,311.6578571428566,0.0036806012714713835,50.88308597556399,1.5,False,CLOSE_NOT_ABOVE_BREAKOUT_HIGH|RSI_NOT_MOMENTUM_SUPPORTIVE
2026-09-27T22:58:30.684068+00:00,SIE_FIX_BREAKOUT_QUALITY_R_QUALITY_V1,BTC,BTCUSDT,strategy-lab-v1.0.0:SIE_FIX_BREAKOUT_QUALITY_R_QUALITY_V1,1790546400000,2026-09-27T22:00:00+00:00,84675.79,84748.12,84120.0,84216.03,38.60995217258585,84627.099,84188.45800520941,84036.06365,341.4399999999992,0.004054335023866587,47.56276883064939,1.5,False,CLOSE_NOT_ABOVE_BREAKOUT_HIGH|RSI_NOT_MOMENTUM_SUPPORTIVE
2026-09-27T22:58:30.684068+00:00,SIE_FIX_BREAKOUT_QUALITY_R_QUALITY_V1,BNB,BNBUSDT,strategy-lab-v1.0.0:SIE_FIX_BREAKOUT_QUALITY_R_QUALITY_V1,1790535600000,2026-09-27T19:00:00+00:00,779.08,779.37,777.79,778.16,61.33093525179859,776.3349999999999,770.0962581396527,775.73515,2.816428571428592,0.0036193438000264627,67.45462220346147,1.4999999999999776,False,PLANNED_REWARD_TOO_LOW|CLOSE_NOT_ABOVE_BREAKOUT_HIGH
2026-09-27T22:58:30.684068+00:00,SIE_FIX_BREAKOUT_QUALITY_R_QUALITY_V1,BNB,BNBUSDT,strategy-lab-v1.0.0:SIE_FIX_BREAKOUT_QUALITY_R_QUALITY_V1,1790539200000,2026-09-27T20:00:00+00:00,778.59,779.09,777.07,777.43,56.422232601588085,776.5719999999999,770.5487264714235,775.75755,2.8385714285714454,0.003651224455669894,61.33093525179859,1.4999999999999778,False,PLANNED_REWARD_TOO_LOW|CLOSE_NOT_ABOVE_BREAKOUT_HIGH
2026-09-27T22:58:30.684068+00:00,SIE_FIX_BREAKOUT_QUALITY_R_QUALITY_V1,BNB,BNBUSDT,strategy-lab-v1.0.0:SIE_FIX_BREAKOUT_QUALITY_R_QUALITY_V1,1790542800000,2026-09-27T21:00:00+00:00,777.35,780.05,776.52,780.05,54.0846456692913,776.896,770.85639603947,775.8106,2.825000000000013,0.003621562720338457,56.422232601588085,1.5,False,CLOSE_NOT_ABOVE_BREAKOUT_HIGH
2026-09-27T22:58:30.684068+00:00,SIE_FIX_BREAKOUT_QUALITY_R_QUALITY_V1,BNB,BNBUSDT,strategy-lab-v1.0.0:SIE_FIX_BREAKOUT_QUALITY_R_QUALITY_V1,1790546400000,2026-09-27T22:00:00+00:00,779.32,779.32,773.84,774.78,42.924159499609004,777.024,771.2852043075181,775.8356,3.1092857142857206,0.004013120775298434,54.0846456692913,1.5,False,CLOSE_NOT_ABOVE_BREAKOUT_HIGH|CLOSE_NOT_ABOVE_MA200|RSI_NOT_MOMENTUM_SUPPORTIVE
2026-09-27T22:58:30.684068+00:00,SIE_FIX_BREAKOUT_QUALITY_R_QUALITY_V1,PAXG,PAXGUSDT,strategy-lab-v1.0.0:SIE_FIX_BREAKOUT_QUALITY_R_QUALITY_V1,1790535600000,2026-09-27T19:00:00+00:00,4275.59,4277.87,4275.13,4276.37,44.81012658227625,4277.6089999999995,4274.239804843628,4312.0069,2.3149999999999897,0.0005413469835397755,46.26129827444598,1.5000000000002183,False,TREND_SUPPORT_NOT_CONFIRMED|CLOSE_NOT_ABOVE_BREAKOUT_HIGH|CLOSE_NOT_ABOVE_MA200|RSI_NOT_MOMENTUM_SUPPORTIVE
2026-09-27T22:58:30.684068+00:00,SIE_FIX_BREAKOUT_QUALITY_R_QUALITY_V1,PAXG,PAXGUSDT,strategy-lab-v1.0.0:SIE_FIX_BREAKOUT_QUALITY_R_QUALITY_V1,1790539200000,2026-09-27T20:00:00+00:00,4276.48,4276.49,4274.29,4275.55,39.12324234904766,4277.409000000001,4274.049554212119,4311.55195,2.2728571428571223,0.0005315940973341728,44.81012658227625,1.5000000000002223,False,TREND_SUPPORT_NOT_CONFIRMED|CLOSE_NOT_ABOVE_BREAKOUT_HIGH|CLOSE_NOT_ABOVE_MA200|RSI_NOT_MOMENTUM_SUPPORTIVE
2026-09-27T22:58:30.684068+00:00,SIE_FIX_BREAKOUT_QUALITY_R_QUALITY_V1,PAXG,PAXGUSDT,strategy-lab-v1.0.0:SIE_FIX_BREAKOUT_QUALITY_R_QUALITY_V1,1790542800000,2026-09-27T21:00:00+00:00,4275.5,4277.86,4274.21,4274.21,35.860500379075305,4277.134,4273.674061271972,4311.09425,2.4057142857142417,0.0005628441947668088,39.12324234904766,1.50000000000021,False,TREND_SUPPORT_NOT_CONFIRMED|CLOSE_NOT_ABOVE_BREAKOUT_HIGH|CLOSE_NOT_ABOVE_MA200|RSI_NOT_MOMENTUM_SUPPORTIVE
2026-09-27T22:58:30.684068+00:00,SIE_FIX_BREAKOUT_QUALITY_R_QUALITY_V1,PAXG,PAXGUSDT,strategy-lab-v1.0.0:SIE_FIX_BREAKOUT_QUALITY_R_QUALITY_V1,1790546400000,2026-09-27T22:00:00+00:00,4274.07,4274.07,4254.08,4255.63,14.807813484559574,4275.9645,4266.051213007197,4310.53955,3.670714285714244,0.0008625548475112366,35.860500379075305,1.5,False,TREND_SUPPORT_NOT_CONFIRMED|CLOSE_NOT_ABOVE_BREAKOUT_HIGH|CLOSE_NOT_ABOVE_MA200|RSI_NOT_MOMENTUM_SUPPORTIVE
2026-09-28T05:14:25.707102+00:00,SIE_FIX_BREAKOUT_QUALITY_R_QUALITY_V1,BTC,BTCUSDT,strategy-lab-v1.0.0:SIE_FIX_BREAKOUT_QUALITY_R_QUALITY_V1,1790550000000,2026-09-27T23:00:00+00:00,84187.88,84525.7,84113.56,84462.14,40.7455260722,84630.033,84194.23331600716,84050.10135,344.2071428571414,0.004075283231719459,38.17256227614814,1.5000000000000235,False,CLOSE_NOT_ABOVE_BREAKOUT_HIGH|RSI_NOT_MOMENTUM_SUPPORTIVE
2026-09-28T05:14:25.707102+00:00,SIE_FIX_BREAKOUT_QUALITY_R_QUALITY_V1,BTC,BTCUSDT,strategy-lab-v1.0.0:SIE_FIX_BREAKOUT_QUALITY_R_QUALITY_V1,1790553600000,2026-09-28T00:00:00+00:00,84463.08,84992.0,84115.01,84121.85,37.032557943885884,84620.2855,84149.57505887591,84061.64385,383.2364285714274,0.0045557299152530215,40.7455260722,1.5,False,CLOSE_NOT_ABOVE_BREAKOUT_HIGH|RSI_NOT_MOMENTUM_SUPPORTIVE
2026-09-28T05:14:25.707102+00:00,SIE_FIX_BREAKOUT_QUALITY_R_QUALITY_V1,BTC,BTCUSDT,strategy-lab-v1.0.0:SIE_FIX_BREAKOUT_QUALITY_R_QUALITY_V1,1790557200000,2026-09-28T01:00:00+00:00,84116.73,84216.0,83601.0,83676.34,31.713453712503267,84581.97,83959.40132391342,84072.84005000001,417.21571428571355,0.004986065526834868,37.032557943885884,1.5,False,CLOSE_NOT_ABOVE_BREAKOUT_HIGH|CLOSE_NOT_ABOVE_MA200|RSI_NOT_MOMENTUM_SUPPORTIVE
2026-09-28T05:14:25.707102+00:00,SIE_FIX_BREAKOUT_QUALITY_R_QUALITY_V1,BTC,BTCUSDT,strategy-lab-v1.0.0:SIE_FIX_BREAKOUT_QUALITY_R_QUALITY_V1,1790560800000,2026-09-28T02:00:00+00:00,83676.33,83779.48,83366.6,83408.94,30.11486074111356,84527.69200000001,83721.79062432918,84082.82355,429.4764285714274,0.005149045516840609,31.713453712503267,1.5000000000000189,False,CLOSE_NOT_ABOVE_BREAKOUT_HIGH|CLOSE_NOT_ABOVE_MA200|RSI_NOT_MOMENTUM_SUPPORTIVE
2026-09-28T05:14:25.707102+00:00,SIE_FIX_BREAKOUT_QUALITY_R_QUALITY_V1,BTC,BTCUSDT,strategy-lab-v1.0.0:SIE_FIX_BREAKOUT_QUALITY_R_QUALITY_V1,1790564400000,2026-09-28T03:00:00+00:00,83408.94,83525.75,83190.32,83325.16,24.384304995129995,84455.287,83503.62371664392,84092.72425000001,414.41142857142717,0.004973424936374885,30.11486074111356,1.5,False,CLOSE_NOT_ABOVE_BREAKOUT_HIGH|CLOSE_NOT_ABOVE_MA200|RSI_NOT_MOMENTUM_SUPPORTIVE
2026-09-28T05:14:25.707102+00:00,SIE_FIX_BREAKOUT_QUALITY_R_QUALITY_V1,BTC,BTCUSDT,strategy-lab-v1.0.0:SIE_FIX_BREAKOUT_QUALITY_R_QUALITY_V1,1790568000000,2026-09-28T04:00:00+00:00,83325.16,83513.54,83211.49,83466.24,32.128877763531904,84389.815,83358.49102931767,84104.4137,392.02071428571173,0.004696757806338368,24.384304995129995,1.5,False,CLOSE_NOT_ABOVE_BREAKOUT_HIGH|CLOSE_NOT_ABOVE_MA200|RSI_NOT_MOMENTUM_SUPPORTIVE
2026-09-28T05:14:25.707102+00:00,SIE_FIX_BREAKOUT_QUALITY_R_QUALITY_V1,BTC,BTCUSDT,strategy-lab-v1.0.0:SIE_FIX_BREAKOUT_QUALITY_R_QUALITY_V1,1790571600000,2026-09-28T05:00:00+00:00,83466.25,83532.81,83268.32,83292.01,31.037081453375336,84307.3135,83204.38656861475,84115.5551,389.3907142857112,0.004675006813807366,32.128877763531904,1.5,False,CLOSE_NOT_ABOVE_BREAKOUT_HIGH|CLOSE_NOT_ABOVE_MA200|RSI_NOT_MOMENTUM_SUPPORTIVE
2026-09-28T05:14:25.707102+00:00,SIE_FIX_BREAKOUT_QUALITY_R_QUALITY_V1,BNB,BNBUSDT,strategy-lab-v1.0.0:SIE_FIX_BREAKOUT_QUALITY_R_QUALITY_V1,1790550000000,2026-09-27T23:00:00+00:00,775.24,779.38,774.86,778.51,47.62415148267228,777.376,772.2154790960582,775.8937999999999,3.1978571428571416,0.004107663540426124,42.823712948517965,1.5000000000000198,False,CLOSE_NOT_ABOVE_BREAKOUT_HIGH|RSI_NOT_MOMENTUM_SUPPORTIVE
2026-09-28T05:14:25.707102+00:00,SIE_FIX_BREAKOUT_QUALITY_R_QUALITY_V1,BNB,BNBUSDT,strategy-lab-v1.0.0:SIE_FIX_BREAKOUT_QUALITY_R_QUALITY_V1,1790553600000,2026-09-28T00:00:00+00:00,778.45,784.3,777.85,778.43,49.20634920634908,777.7584999999999,773.567260207287,775.94515,3.4971428571428516,0.004492559198826936,47.62415148267228,1.500000000000018,False,CLOSE_NOT_ABOVE_BREAKOUT_HIGH|RSI_NOT_MOMENTUM_SUPPORTIVE
2026-09-28T05:14:25.707102+00:00,SIE_FIX_BREAKOUT_QUALITY_R_QUALITY_V1,BNB,BNBUSDT,strategy-lab-v1.0.0:SIE_FIX_BREAKOUT_QUALITY_R_QUALITY_V1,1790557200000,2026-09-28T01:00:00+00:00,778.09,779.99,772.8,773.9,39.954038082731344,777.7975,773.7682475879488,776.0018000000001,3.8785714285714255,0.005011721706385096,49.20634920634908,1.5000000000000162,False,CLOSE_NOT_ABOVE_BREAKOUT_HIGH|CLOSE_NOT_ABOVE_MA200|RSI_NOT_MOMENTUM_SUPPORTIVE
2026-09-28T05:14:25.707102+00:00,SIE_FIX_BREAKOUT_QUALITY_R_QUALITY_V1,BNB,BNBUSDT,strategy-lab-v1.0.0:SIE_FIX_BREAKOUT_QUALITY_R_QUALITY_V1,1790560800000,2026-09-28T02:00:00+00:00,773.67,776.21,771.27,772.24,38.36696090794441,777.6755,773.1578967637673,776.0458,3.9864285714285757,0.005162162762131689,39.954038082731344,1.5,False,CLOSE_NOT_ABOVE_BREAKOUT_HIGH|CLOSE_NOT_ABOVE_MA200|RSI_NOT_MOMENTUM_SUPPORTIVE
2026-09-28T05:14:25.707102+00:00,SIE_FIX_BREAKOUT_QUALITY_R_QUALITY_V1,BNB,BNBUSDT,strategy-lab-v1.0.0:SIE_FIX_BREAKOUT_QUALITY_R_QUALITY_V1,1790564400000,2026-09-28T03:00:00+00:00,772.42,772.73,767.81,770.28,33.57010500308823,777.27,771.7393942465567,776.08245,4.019285714285721,0.0052179541391256705,38.36696090794441,1.5,False,CLOSE_NOT_ABOVE_BREAKOUT_HIGH|CLOSE_NOT_ABOVE_MA200|RSI_NOT_MOMENTUM_SUPPORTIVE
2026-09-28T05:14:25.707102+00:00,SIE_FIX_BREAKOUT_QUALITY_R_QUALITY_V1,BNB,BNBUSDT,strategy-lab-v1.0.0:SIE_FIX_BREAKOUT_QUALITY_R_QUALITY_V1,1790568000000,2026-09-28T04:00:00+00:00,770.0,772.91,768.24,771.64,41.275734053324335,776.932,770.9141412445937,776.13185,4.012857142857139,0.005200426549760431,33.57010500308823,1.4999999999999842,False,PLANNED_REWARD_TOO_LOW|CLOSE_NOT_ABOVE_BREAKOUT_HIGH|CLOSE_NOT_ABOVE_MA200|RSI_NOT_MOMENTUM_SUPPORTIVE
2026-09-28T05:14:25.707102+00:00,SIE_FIX_BREAKOUT_QUALITY_R_QUALITY_V1,BNB,BNBUSDT,strategy-lab-v1.0.0:SIE_FIX_BREAKOUT_QUALITY_R_QUALITY_V1,1790571600000,2026-09-28T05:00:00+00:00,771.68,772.36,769.16,769.16,40.91669454667098,776.398,769.6553370245858,776.1798000000001,4.028571428571435,0.005237624718616978,41.275734053324335,1.5000000000000158,False,CLOSE_NOT_ABOVE_BREAKOUT_HIGH|CLOSE_NOT_ABOVE_MA200|RSI_NOT_MOMENTUM_SUPPORTIVE
2026-09-28T05:14:25.707102+00:00,SIE_FIX_BREAKOUT_QUALITY_R_QUALITY_V1,PAXG,PAXGUSDT,strategy-lab-v1.0.0:SIE_FIX_BREAKOUT_QUALITY_R_QUALITY_V1,1790550000000,2026-09-27T23:00:00+00:00,4255.76,4262.97,4255.5,4257.61,14.147286821701144,4274.963,4262.431939230794,4309.99625,4.066428571428527,0.0009550965380644369,15.025575447567832,1.5,False,TREND_SUPPORT_NOT_CONFIRMED|CLOSE_NOT_ABOVE_BREAKOUT_HIGH|CLOSE_NOT_ABOVE_MA200|RSI_NOT_MOMENTUM_SUPPORTIVE
2026-09-28T05:14:25.707102+00:00,SIE_FIX_BREAKOUT_QUALITY_R_QUALITY_V1,PAXG,PAXGUSDT,strategy-lab-v1.0.0:SIE_FIX_BREAKOUT_QUALITY_R_QUALITY_V1,1790553600000,2026-09-28T00:00:00+00:00,4255.0,4255.62,4227.83,4231.36,7.169214549286863,4272.7305,4249.990307850384,4309.3154,6.037142857142824,0.0014267618111299498,14.147286821701144,1.5,False,TREND_SUPPORT_NOT_CONFIRMED|CLOSE_NOT_ABOVE_BREAKOUT_HIGH|CLOSE_NOT_ABOVE_MA200|RSI_NOT_MOMENTUM_SUPPORTIVE
2026-09-28T05:14:25.707102+00:00,SIE_FIX_BREAKOUT_QUALITY_R_QUALITY_V1,PAXG,PAXGUSDT,strategy-lab-v1.0.0:SIE_FIX_BREAKOUT_QUALITY_R_QUALITY_V1,1790557200000,2026-09-28T01:00:00+00:00,4229.59,4230.9,4210.4,4217.79,5.8764222958362495,4269.74,4236.872184739454,4308.58485,7.307857142857107,0.0017326270731489967,7.169214549286863,1.5,False,TREND_SUPPORT_NOT_CONFIRMED|CLOSE_NOT_ABOVE_BREAKOUT_HIGH|CLOSE_NOT_ABOVE_MA200|RSI_NOT_MOMENTUM_SUPPORTIVE
2026-09-28T05:14:25.707102+00:00,SIE_FIX_BREAKOUT_QUALITY_R_QUALITY_V1,PAXG,PAXGUSDT,strategy-lab-v1.0.0:SIE_FIX_BREAKOUT_QUALITY_R_QUALITY_V1,1790560800000,2026-09-28T02:00:00+00:00,4219.69,4219.69,4200.57,4200.63,4.760793465576569,4265.8625,4221.577683696878,4307.7622,8.557857142857106,0.002037279442097282,5.8764222958362495,1.5,False,TREND_SUPPORT_NOT_CONFIRMED|CLOSE_NOT_ABOVE_BREAKOUT_HIGH|CLOSE_NOT_ABOVE_MA200|RSI_NOT_MOMENTUM_SUPPORTIVE
2026-09-28T05:14:25.707102+00:00,SIE_FIX_BREAKOUT_QUALITY_R_QUALITY_V1,PAXG,PAXGUSDT,strategy-lab-v1.0.0:SIE_FIX_BREAKOUT_QUALITY_R_QUALITY_V1,1790564400000,2026-09-28T03:00:00+00:00,4200.19,4206.68,4195.99,4201.82,6.105897346771812,4262.056500000001,4210.14968377129,4306.95315,9.269285714285681,0.002206016848481297,4.760793465576569,1.5,False,TREND_SUPPORT_NOT_CONFIRMED|CLOSE_NOT_ABOVE_BREAKOUT_HIGH|CLOSE_NOT_ABOVE_MA200|RSI_NOT_MOMENTUM_SUPPORTIVE
2026-09-28T05:14:25.707102+00:00,SIE_FIX_BREAKOUT_QUALITY_R_QUALITY_V1,PAXG,PAXGUSDT,strategy-lab-v1.0.0:SIE_FIX_BREAKOUT_QUALITY_R_QUALITY_V1,1790568000000,2026-09-28T04:00:00+00:00,4201.18,4204.51,4199.3,4199.3,5.97776769509845,4258.1230000000005,4200.07598763932,4306.1348499999995,9.477857142857115,0.002257008821198084,6.105897346771812,1.5,False,TREND_SUPPORT_NOT_CONFIRMED|CLOSE_NOT_ABOVE_BREAKOUT_HIGH|CLOSE_NOT_ABOVE_MA200|RSI_NOT_MOMENTUM_SUPPORTIVE
2026-09-28T05:14:25.707102+00:00,SIE_FIX_BREAKOUT_QUALITY_R_QUALITY_V1,PAXG,PAXGUSDT,strategy-lab-v1.0.0:SIE_FIX_BREAKOUT_QUALITY_R_QUALITY_V1,1790571600000,2026-09-28T05:00:00+00:00,4201.25,4201.93,4195.0,4195.0,5.815493268592775,4253.882500000001,4190.634055631773,4305.29025,9.802857142857127,0.0023367955048527117,5.97776769509845,1.4999999999999485,False,TREND_SUPPORT_NOT_CONFIRMED|PLANNED_REWARD_TOO_LOW|CLOSE_NOT_ABOVE_BREAKOUT_HIGH|CLOSE_NOT_ABOVE_MA200|RSI_NOT_MOMENTUM_SUPPORTIVE
2026-09-28T13:44:21.197080+00:00,SIE_FIX_BREAKOUT_QUALITY_R_QUALITY_V1,BTC,BTCUSDT,strategy-lab-v1.0.0:SIE_FIX_BREAKOUT_QUALITY_R_QUALITY_V1,1790575200000,2026-09-28T06:00:00+00:00,83155.42,83300.0,83013.17,83134.0,29.87259137784217,84214.343,83009.06678896461,84124.40425,429.16142857142614,0.0051622853293649545,29.753143424330048,1.5,False,CLOSE_NOT_ABOVE_BREAKOUT_HIGH|CLOSE_NOT_ABOVE_MA200|RSI_NOT_MOMENTUM_SUPPORTIVE
2026-09-28T13:44:21.197080+00:00,SIE_FIX_BREAKOUT_QUALITY_R_QUALITY_V1,BTC,BTCUSDT,strategy-lab-v1.0.0:SIE_FIX_BREAKOUT_QUALITY_R_QUALITY_V1,1790578800000,2026-09-28T07:00:00+00:00,83134.0,83252.5,82860.6,82915.33,24.625184398782807,84116.25850000001,82826.34871172228,84132.81135,439.5107142857118,0.005300717180836303,29.87259137784217,1.5,False,TREND_SUPPORT_NOT_CONFIRMED|CLOSE_NOT_ABOVE_BREAKOUT_HIGH|CLOSE_NOT_ABOVE_MA200|RSI_NOT_MOMENTUM_SUPPORTIVE
2026-09-28T13:44:21.197080+00:00,SIE_FIX_BREAKOUT_QUALITY_R_QUALITY_V1,BTC,BTCUSDT,strategy-lab-v1.0.0:SIE_FIX_BREAKOUT_QUALITY_R_QUALITY_V1,1790582400000,2026-09-28T08:00:00+00:00,82915.34,83113.93,82726.4,82913.58,18.612534673313377,84022.74299999999,82670.3275986356,84141.061,447.50857142856904,0.005397289218829642,24.625184398782807,1.5,False,TREND_SUPPORT_NOT_CONFIRMED|CLOSE_NOT_ABOVE_BREAKOUT_HIGH|CLOSE_NOT_ABOVE_MA200|RSI_NOT_MOMENTUM_SUPPORTIVE
2026-09-28T13:44:21.197080+00:00,SIE_FIX_BREAKOUT_QUALITY_R_QUALITY_V1,BTC,BTCUSDT,strategy-lab-v1.0.0:SIE_FIX_BREAKOUT_QUALITY_R_QUALITY_V1,1790586000000,2026-09-28T09:00:00+00:00,82913.59,82970.83,82550.0,82636.22,17.469768430396357,83903.61000000002,82504.22150767794,84148.88355,464.05428571428325,0.005615628179922596,18.612534673313377,1.5000000000000173,False,TREND_SUPPORT_NOT_CONFIRMED|CLOSE_NOT_ABOVE_BREAKOUT_HIGH|CLOSE_NOT_ABOVE_MA200|RSI_NOT_MOMENTUM_SUPPORTIVE
2026-09-28T13:44:21.197080+00:00,SIE_FIX_BREAKOUT_QUALITY_R_QUALITY_V1,BTC,BTCUSDT,strategy-lab-v1.0.0:SIE_FIX_BREAKOUT_QUALITY_R_QUALITY_V1,1790589600000,2026-09-28T10:00:00+00:00,82636.22,83010.45,82631.67,82909.17,25.309950985910362,83823.06850000001,82389.84302023266,84161.90220000001,470.9964285714263,0.0056808725569370225,17.469768430396357,1.5,False,TREND_SUPPORT_NOT_CONFIRMED|CLOSE_NOT_ABOVE_BREAKOUT_HIGH|CLOSE_NOT_ABOVE_MA200|RSI_NOT_MOMENTUM_SUPPORTIVE
2026-09-28T13:44:21.197080+00:00,SIE_FIX_BREAKOUT_QUALITY_R_QUALITY_V1,BTC,BTCUSDT,strategy-lab-v1.0.0:SIE_FIX_BREAKOUT_QUALITY_R_QUALITY_V1,1790593200000,2026-09-28T11:00:00+00:00,82909.17,83093.39,82909.17,83058.92,25.44944366162953,83753.5405,82313.71237926395,84174.90269999999,463.5978571428547,0.005581554120169811,25.309950985910362,1.5000000000000175,False,TREND_SUPPORT_NOT_CONFIRMED|CLOSE_NOT_ABOVE_BREAKOUT_HIGH|CLOSE_NOT_ABOVE_MA200|RSI_NOT_MOMENTUM_SUPPORTIVE
2026-09-28T13:44:21.197080+00:00,SIE_FIX_BREAKOUT_QUALITY_R_QUALITY_V1,BTC,BTCUSDT,strategy-lab-v1.0.0:SIE_FIX_BREAKOUT_QUALITY_R_QUALITY_V1,1790596800000,2026-09-28T12:00:00+00:00,83058.92,83615.98,82979.16,83560.35,40.510574721682055,83711.036,82301.4120748273,84190.72475,464.2192857142831,0.005555497143253745,25.44944366162953,1.4999999999999827,False,TREND_SUPPORT_NOT_CONFIRMED|PLANNED_REWARD_TOO_LOW|CLOSE_NOT_ABOVE_BREAKOUT_HIGH|CLOSE_NOT_ABOVE_MA200|RSI_NOT_MOMENTUM_SUPPORTIVE
2026-09-28T13:44:21.197080+00:00,SIE_FIX_BREAKOUT_QUALITY_R_QUALITY_V1,BTC,BTCUSDT,strategy-lab-v1.0.0:SIE_FIX_BREAKOUT_QUALITY_R_QUALITY_V1,1790600400000,2026-09-28T13:00:00+00:00,83560.35,83804.76,83279.29,83778.92,39.49144513009183,83671.9945,82316.33922956351,84207.33929999999,472.31428571428324,0.00563762681249989,40.510574721682055,1.500000000000017,False,TREND_SUPPORT_NOT_CONFIRMED|CLOSE_NOT_ABOVE_BREAKOUT_HIGH|CLOSE_NOT_ABOVE_MA200|RSI_NOT_MOMENTUM_SUPPORTIVE
2026-09-28T13:44:21.197080+00:00,SIE_FIX_BREAKOUT_QUALITY_R_QUALITY_V1,BNB,BNBUSDT,strategy-lab-v1.0.0:SIE_FIX_BREAKOUT_QUALITY_R_QUALITY_V1,1790575200000,2026-09-28T06:00:00+00:00,765.75,766.9,761.65,763.5,31.932282545242202,775.4485000000001,766.1178166916857,776.1721000000001,4.799285714285718,0.006285901393956408,36.48568019093065,1.5,False,TREND_SUPPORT_NOT_CONFIRMED|CLOSE_NOT_ABOVE_BREAKOUT_HIGH|CLOSE_NOT_ABOVE_MA200|RSI_NOT_MOMENTUM_SUPPORTIVE
2026-09-28T13:44:21.197080+00:00,SIE_FIX_BREAKOUT_QUALITY_R_QUALITY_V1,BNB,BNBUSDT,strategy-lab-v1.0.0:SIE_FIX_BREAKOUT_QUALITY_R_QUALITY_V1,1790578800000,2026-09-28T07:00:00+00:00,763.73,765.26,759.45,760.1,25.467224546722264,774.4525,763.2262292478732,776.1637999999999,5.036428571428571,0.006626007856109158,31.932282545242202,1.4999999999999876,False,TREND_SUPPORT_NOT_CONFIRMED|PLANNED_REWARD_TOO_LOW|CLOSE_NOT_ABOVE_BREAKOUT_HIGH|CLOSE_NOT_ABOVE_MA200|RSI_NOT_MOMENTUM_SUPPORTIVE
2026-09-28T13:44:21.197080+00:00,SIE_FIX_BREAKOUT_QUALITY_R_QUALITY_V1,BNB,BNBUSDT,strategy-lab-v1.0.0:SIE_FIX_BREAKOUT_QUALITY_R_QUALITY_V1,1790582400000,2026-09-28T08:00:00+00:00,760.12,763.8,759.44,761.8,26.16744957170478,773.5615,761.3332470176621,776.1568000000001,5.210714285714273,0.0068400030004125405,25.467224546722264,1.5,False,TREND_SUPPORT_NOT_CONFIRMED|CLOSE_NOT_ABOVE_BREAKOUT_HIGH|CLOSE_NOT_ABOVE_MA200|RSI_NOT_MOMENTUM_SUPPORTIVE
2026-09-28T13:44:21.197080+00:00,SIE_FIX_BREAKOUT_QUALITY_R_QUALITY_V1,BNB,BNBUSDT,strategy-lab-v1.0.0:SIE_FIX_BREAKOUT_QUALITY_R_QUALITY_V1,1790586000000,2026-09-28T09:00:00+00:00,762.08,762.88,758.0,759.6,25.253333333333245,772.4955,759.3372349547875,776.1526000000001,5.446428571428555,0.0071701271345820895,26.16744957170478,1.5000000000000115,False,TREND_SUPPORT_NOT_CONFIRMED|CLOSE_NOT_ABOVE_BREAKOUT_HIGH|CLOSE_NOT_ABOVE_MA200|RSI_NOT_MOMENTUM_SUPPORTIVE
2026-09-28T13:44:21.197080+00:00,SIE_FIX_BREAKOUT_QUALITY_R_QUALITY_V1,BNB,BNBUSDT,strategy-lab-v1.0.0:SIE_FIX_BREAKOUT_QUALITY_R_QUALITY_V1,1790589600000,2026-09-28T10:00:00+00:00,759.88,762.51,759.58,761.2,28.85066458170445,771.7149999999999,757.8406387534394,776.21805,5.511428571428553,0.007240447413857794,25.253333333333245,1.5,False,TREND_SUPPORT_NOT_CONFIRMED|CLOSE_NOT_ABOVE_BREAKOUT_HIGH|CLOSE_NOT_ABOVE_MA200|RSI_NOT_MOMENTUM_SUPPORTIVE
2026-09-28T13:44:21.197080+00:00,SIE_FIX_BREAKOUT_QUALITY_R_QUALITY_V1,BNB,BNBUSDT,strategy-lab-v1.0.0:SIE_FIX_BREAKOUT_QUALITY_R_QUALITY_V1,1790593200000,2026-09-28T11:00:00+00:00,761.66,763.81,761.66,763.57,28.38405036726128,771.164,756.9197528805464,776.28565,5.445714285714262,0.007131912314148357,28.85066458170445,1.4999999999999885,False,TREND_SUPPORT_NOT_CONFIRMED|PLANNED_REWARD_TOO_LOW|CLOSE_NOT_ABOVE_BREAKOUT_HIGH|CLOSE_NOT_ABOVE_MA200|RSI_NOT_MOMENTUM_SUPPORTIVE
2026-09-28T13:44:21.197080+00:00,SIE_FIX_BREAKOUT_QUALITY_R_QUALITY_V1,BNB,BNBUSDT,strategy-lab-v1.0.0:SIE_FIX_BREAKOUT_QUALITY_R_QUALITY_V1,1790596800000,2026-09-28T12:00:00+00:00,763.19,770.11,763.19,768.9,42.36621196222445,770.815,756.7086758863246,776.38555,5.496428571428551,0.00714843096817343,28.38405036726128,1.4999999999999885,False,TREND_SUPPORT_NOT_CONFIRMED|PLANNED_REWARD_TOO_LOW|CLOSE_NOT_ABOVE_BREAKOUT_HIGH|CLOSE_NOT_ABOVE_MA200|RSI_NOT_MOMENTUM_SUPPORTIVE
2026-09-28T13:44:21.197080+00:00,SIE_FIX_BREAKOUT_QUALITY_R_QUALITY_V1,BNB,BNBUSDT,strategy-lab-v1.0.0:SIE_FIX_BREAKOUT_QUALITY_R_QUALITY_V1,1790600400000,2026-09-28T13:00:00+00:00,768.6,768.6,764.52,767.21,34.314269850083235,770.2909999999999,756.4694170226394,776.46625,5.476428571428552,0.007138108955082118,42.36621196222445,1.5000000000000115,False,TREND_SUPPORT_NOT_CONFIRMED|CLOSE_NOT_ABOVE_BREAKOUT_HIGH|CLOSE_NOT_ABOVE_MA200|RSI_NOT_MOMENTUM_SUPPORTIVE
2026-09-28T13:44:21.197080+00:00,SIE_FIX_BREAKOUT_QUALITY_R_QUALITY_V1,PAXG,PAXGUSDT,strategy-lab-v1.0.0:SIE_FIX_BREAKOUT_QUALITY_R_QUALITY_V1,1790575200000,2026-09-28T06:00:00+00:00,4183.9,4186.11,4164.8,4164.8,3.9644281914883095,4247.578,4172.958405629614,4304.2294,12.025714285714262,0.0028874650128972008,5.197238658775916,1.499999999999958,False,TREND_SUPPORT_NOT_CONFIRMED|PLANNED_REWARD_TOO_LOW|CLOSE_NOT_ABOVE_BREAKOUT_HIGH|CLOSE_NOT_ABOVE_MA200|RSI_NOT_MOMENTUM_SUPPORTIVE
2026-09-28T13:44:21.197080+00:00,SIE_FIX_BREAKOUT_QUALITY_R_QUALITY_V1,PAXG,PAXGUSDT,strategy-lab-v1.0.0:SIE_FIX_BREAKOUT_QUALITY_R_QUALITY_V1,1790578800000,2026-09-28T07:00:00+00:00,4166.79,4173.18,4155.09,4158.92,3.818138157367102,4241.571,4159.123607100038,4303.19535,13.08642857142851,0.003146593002853748,3.9644281914883095,1.4999999999999614,False,TREND_SUPPORT_NOT_CONFIRMED|PLANNED_REWARD_TOO_LOW|CLOSE_NOT_ABOVE_BREAKOUT_HIGH|CLOSE_NOT_ABOVE_MA200|RSI_NOT_MOMENTUM_SUPPORTIVE
2026-09-28T13:44:21.197080+00:00,SIE_FIX_BREAKOUT_QUALITY_R_QUALITY_V1,PAXG,PAXGUSDT,strategy-lab-v1.0.0:SIE_FIX_BREAKOUT_QUALITY_R_QUALITY_V1,1790582400000,2026-09-28T08:00:00+00:00,4161.89,4162.78,4150.34,4150.34,2.9987944544896976,4235.1795,4145.564271277419,4302.12805,13.723571428571372,0.0033066137782859647,3.818138157367102,1.5,False,TREND_SUPPORT_NOT_CONFIRMED|CLOSE_NOT_ABOVE_BREAKOUT_HIGH|CLOSE_NOT_ABOVE_MA200|RSI_NOT_MOMENTUM_SUPPORTIVE
2026-09-28T13:44:21.197080+00:00,SIE_FIX_BREAKOUT_QUALITY_R_QUALITY_V1,PAXG,PAXGUSDT,strategy-lab-v1.0.0:SIE_FIX_BREAKOUT_QUALITY_R_QUALITY_V1,1790586000000,2026-09-28T09:00:00+00:00,4150.33,4164.08,4148.42,4163.11,10.733601442240271,4229.4555,4136.833121607949,4301.1294,14.644285714285681,0.003517631221439184,2.9987944544896976,1.5,False,TREND_SUPPORT_NOT_CONFIRMED|CLOSE_NOT_ABOVE_BREAKOUT_HIGH|CLOSE_NOT_ABOVE_MA200|RSI_NOT_MOMENTUM_SUPPORTIVE
2026-09-28T13:44:21.197080+00:00,SIE_FIX_BREAKOUT_QUALITY_R_QUALITY_V1,PAXG,PAXGUSDT,strategy-lab-v1.0.0:SIE_FIX_BREAKOUT_QUALITY_R_QUALITY_V1,1790589600000,2026-09-28T10:00:00+00:00,4163.0,4166.62,4159.05,4164.56,11.687953054884062,4223.8375,4129.793006726868,4300.15535,15.027857142857101,0.003608510177031211,10.733601442240271,1.5000000000000335,False,TREND_SUPPORT_NOT_CONFIRMED|CLOSE_NOT_ABOVE_BREAKOUT_HIGH|CLOSE_NOT_ABOVE_MA200|RSI_NOT_MOMENTUM_SUPPORTIVE
2026-09-28T13:44:21.197080+00:00,SIE_FIX_BREAKOUT_QUALITY_R_QUALITY_V1,PAXG,PAXGUSDT,strategy-lab-v1.0.0:SIE_FIX_BREAKOUT_QUALITY_R_QUALITY_V1,1790593200000,2026-09-28T11:00:00+00:00,4165.39,4165.39,4155.01,4155.61,11.10455201364259,4217.864,4122.430905656371,4299.1276,15.50857142857142,0.0037319602726366098,11.687953054884062,1.5,False,TREND_SUPPORT_NOT_CONFIRMED|CLOSE_NOT_ABOVE_BREAKOUT_HIGH|CLOSE_NOT_ABOVE_MA200|RSI_NOT_MOMENTUM_SUPPORTIVE
2026-09-28T13:44:21.197080+00:00,SIE_FIX_BREAKOUT_QUALITY_R_QUALITY_V1,PAXG,PAXGUSDT,strategy-lab-v1.0.0:SIE_FIX_BREAKOUT_QUALITY_R_QUALITY_V1,1790596800000,2026-09-28T12:00:00+00:00,4156.59,4178.47,4153.6,4156.37,13.094004441154453,4211.903499999999,4116.743422598813,4298.1109,15.847142857142833,0.0038127363197075414,11.10455201364259,1.5,False,TREND_SUPPORT_NOT_CONFIRMED|CLOSE_NOT_ABOVE_BREAKOUT_HIGH|CLOSE_NOT_ABOVE_MA200|RSI_NOT_MOMENTUM_SUPPORTIVE
2026-09-28T13:44:21.197080+00:00,SIE_FIX_BREAKOUT_QUALITY_R_QUALITY_V1,PAXG,PAXGUSDT,strategy-lab-v1.0.0:SIE_FIX_BREAKOUT_QUALITY_R_QUALITY_V1,1790600400000,2026-09-28T13:00:00+00:00,4159.09,4160.09,4146.0,4155.56,12.032145248902566,4205.966,4112.315434299628,4297.08175,16.31999999999997,0.003927268526985525,13.094004441154453,1.5,False,TREND_SUPPORT_NOT_CONFIRMED|CLOSE_NOT_ABOVE_BREAKOUT_HIGH|CLOSE_NOT_ABOVE_MA200|RSI_NOT_MOMENTUM_SUPPORTIVE
2026-09-28T20:31:18.577305+00:00,SIE_FIX_BREAKOUT_QUALITY_R_QUALITY_V1,BTC,BTCUSDT,strategy-lab-v1.0.0:SIE_FIX_BREAKOUT_QUALITY_R_QUALITY_V1,1790604000000,2026-09-28T14:00:00+00:00,83629.9,83629.9,82510.37,82999.78,33.45805359728021,83574.596,82296.16297189936,84220.23059999998,489.63857142856847,0.005899275533363685,36.58439079748261,1.5,False,TREND_SUPPORT_NOT_CONFIRMED|CLOSE_NOT_ABOVE_BREAKOUT_HIGH|CLOSE_NOT_ABOVE_MA200|RSI_NOT_MOMENTUM_SUPPORTIVE
2026-09-28T20:31:18.577305+00:00,SIE_FIX_BREAKOUT_QUALITY_R_QUALITY_V1,BTC,BTCUSDT,strategy-lab-v1.0.0:SIE_FIX_BREAKOUT_QUALITY_R_QUALITY_V1,1790607600000,2026-09-28T15:00:00+00:00,82999.79,83375.83,82771.71,83343.57,44.94250532695836,83505.884,82337.64061605191,84235.52565,488.8614285714253,0.005865616610512668,33.45805359728021,1.5,False,TREND_SUPPORT_NOT_CONFIRMED|CLOSE_NOT_ABOVE_BREAKOUT_HIGH|CLOSE_NOT_ABOVE_MA200|RSI_NOT_MOMENTUM_SUPPORTIVE
2026-09-28T20:31:18.577305+00:00,SIE_FIX_BREAKOUT_QUALITY_R_QUALITY_V1,BTC,BTCUSDT,strategy-lab-v1.0.0:SIE_FIX_BREAKOUT_QUALITY_R_QUALITY_V1,1790611200000,2026-09-28T16:00:00+00:00,83343.56,84171.35,83224.21,83698.22,54.28293930923389,83464.18500000001,82389.67529844193,84252.87574999999,527.0228571428545,0.00629670328882567,44.94250532695836,1.5,False,TREND_SUPPORT_NOT_CONFIRMED|CLOSE_NOT_ABOVE_BREAKOUT_HIGH|CLOSE_NOT_ABOVE_MA200
2026-09-28T20:31:18.577305+00:00,SIE_FIX_BREAKOUT_QUALITY_R_QUALITY_V1,BTC,BTCUSDT,strategy-lab-v1.0.0:SIE_FIX_BREAKOUT_QUALITY_R_QUALITY_V1,1790614800000,2026-09-28T17:00:00+00:00,83698.22,84354.65,83507.47,83846.95,57.579595998919174,83422.74250000001,82482.8484618673,84269.96045,563.5764285714259,0.006721489911933898,54.28293930923389,1.5000000000000144,False,TREND_SUPPORT_NOT_CONFIRMED|CLOSE_NOT_ABOVE_BREAKOUT_HIGH|CLOSE_NOT_ABOVE_MA200
2026-09-28T20:31:18.577305+00:00,SIE_FIX_BREAKOUT_QUALITY_R_QUALITY_V1,BTC,BTCUSDT,strategy-lab-v1.0.0:SIE_FIX_BREAKOUT_QUALITY_R_QUALITY_V1,1790618400000,2026-09-28T18:00:00+00:00,83846.96,84032.6,83767.28,84017.43,57.93885587373634,83414.22,82499.47750254927,84288.63255000001,560.9528571428558,0.006676624804434697,57.579595998919174,1.5000000000000144,False,TREND_SUPPORT_NOT_CONFIRMED|CLOSE_NOT_ABOVE_BREAKOUT_HIGH|CLOSE_NOT_ABOVE_MA200
2026-09-28T20:31:18.577305+00:00,SIE_FIX_BREAKOUT_QUALITY_R_QUALITY_V1,BTC,BTCUSDT,strategy-lab-v1.0.0:SIE_FIX_BREAKOUT_QUALITY_R_QUALITY_V1,1790622000000,2026-09-28T19:00:00+00:00,84017.42,84024.04,83071.01,83355.13,52.54477721116881,83358.8695,82580.68559783977,84303.1933,567.7642857142845,0.006811389841444485,57.93885587373634,1.4999999999999858,False,TREND_SUPPORT_NOT_CONFIRMED|PLANNED_REWARD_TOO_LOW|CLOSE_NOT_ABOVE_BREAKOUT_HIGH|CLOSE_NOT_ABOVE_MA200
2026-09-28T20:31:18.577305+00:00,SIE_FIX_BREAKOUT_QUALITY_R_QUALITY_V1,BTC,BTCUSDT,strategy-lab-v1.0.0:SIE_FIX_BREAKOUT_QUALITY_R_QUALITY_V1,1790625600000,2026-09-28T20:00:00+00:00,83353.9,83592.07,83225.21,83492.96,54.55607002152645,83327.425,82628.29456651688,84318.4024,573.4807142857129,0.006868611608520201,52.54477721116881,1.5,False,TREND_SUPPORT_NOT_CONFIRMED|CLOSE_NOT_ABOVE_BREAKOUT_HIGH|CLOSE_NOT_ABOVE_MA200
2026-09-28T20:31:18.577305+00:00,SIE_FIX_BREAKOUT_QUALITY_R_QUALITY_V1,BNB,BNBUSDT,strategy-lab-v1.0.0:SIE_FIX_BREAKOUT_QUALITY_R_QUALITY_V1,1790604000000,2026-09-28T14:00:00+00:00,766.34,766.34,756.11,758.7,27.8065241844769,769.2425000000001,755.1355529525322,776.4985,5.764285714285701,0.007597582330678398,33.733624454148426,1.5,False,TREND_SUPPORT_NOT_CONFIRMED|CLOSE_NOT_ABOVE_BREAKOUT_HIGH|CLOSE_NOT_ABOVE_MA200|RSI_NOT_MOMENTUM_SUPPORTIVE
2026-09-28T20:31:18.577305+00:00,SIE_FIX_BREAKOUT_QUALITY_R_QUALITY_V1,BNB,BNBUSDT,strategy-lab-v1.0.0:SIE_FIX_BREAKOUT_QUALITY_R_QUALITY_V1,1790607600000,2026-09-28T15:00:00+00:00,758.9,763.35,756.91,762.85,37.46312684365778,768.4770000000001,754.7318028751837,776.57505,5.710714285714273,0.007486025150048204,27.8065241844769,1.500000000000011,False,TREND_SUPPORT_NOT_CONFIRMED|CLOSE_NOT_ABOVE_BREAKOUT_HIGH|CLOSE_NOT_ABOVE_MA200|RSI_NOT_MOMENTUM_SUPPORTIVE
2026-09-28T20:31:18.577305+00:00,SIE_FIX_BREAKOUT_QUALITY_R_QUALITY_V1,BNB,BNBUSDT,strategy-lab-v1.0.0:SIE_FIX_BREAKOUT_QUALITY_R_QUALITY_V1,1790611200000,2026-09-28T16:00:00+00:00,762.6,770.56,761.57,766.77,44.09669760414411,767.944,754.8159530774733,776.6630499999999,5.999999999999976,0.007825032278258117,37.46312684365778,1.4999999999999896,False,TREND_SUPPORT_NOT_CONFIRMED|PLANNED_REWARD_TOO_LOW|CLOSE_NOT_ABOVE_BREAKOUT_HIGH|CLOSE_NOT_ABOVE_MA200|RSI_NOT_MOMENTUM_SUPPORTIVE
2026-09-28T20:31:18.577305+00:00,SIE_FIX_BREAKOUT_QUALITY_R_QUALITY_V1,BNB,BNBUSDT,strategy-lab-v1.0.0:SIE_FIX_BREAKOUT_QUALITY_R_QUALITY_V1,1790614800000,2026-09-28T17:00:00+00:00,766.41,773.0,765.26,769.23,48.87892376681618,767.403,755.4784621053869,776.75685,6.201428571428543,0.00806186520472231,44.09669760414411,1.5,False,TREND_SUPPORT_NOT_CONFIRMED|CLOSE_NOT_ABOVE_BREAKOUT_HIGH|CLOSE_NOT_ABOVE_MA200|RSI_NOT_MOMENTUM_SUPPORTIVE
2026-09-28T20:31:18.577305+00:00,SIE_FIX_BREAKOUT_QUALITY_R_QUALITY_V1,BNB,BNBUSDT,strategy-lab-v1.0.0:SIE_FIX_BREAKOUT_QUALITY_R_QUALITY_V1,1790618400000,2026-09-28T18:00:00+00:00,769.12,770.67,767.64,770.16,48.40517241379307,767.175,755.6511473456112,776.8640500000001,6.084285714285686,0.007900028194512422,48.87892376681618,1.5000000000000104,False,TREND_SUPPORT_NOT_CONFIRMED|CLOSE_NOT_ABOVE_BREAKOUT_HIGH|CLOSE_NOT_ABOVE_MA200|RSI_NOT_MOMENTUM_SUPPORTIVE
2026-09-28T20:31:18.577305+00:00,SIE_FIX_BREAKOUT_QUALITY_R_QUALITY_V1,BNB,BNBUSDT,strategy-lab-v1.0.0:SIE_FIX_BREAKOUT_QUALITY_R_QUALITY_V1,1790622000000,2026-09-28T19:00:00+00:00,770.13,770.13,761.43,762.4,46.74297606659727,766.3695,755.9259594605055,776.91375,5.896428571428544,0.007734035377004911,48.40517241379307,1.4999999999999893,False,TREND_SUPPORT_NOT_CONFIRMED|PLANNED_REWARD_TOO_LOW|CLOSE_NOT_ABOVE_BREAKOUT_HIGH|CLOSE_NOT_ABOVE_MA200|RSI_NOT_MOMENTUM_SUPPORTIVE
2026-09-28T20:31:18.577305+00:00,SIE_FIX_BREAKOUT_QUALITY_R_QUALITY_V1,BNB,BNBUSDT,strategy-lab-v1.0.0:SIE_FIX_BREAKOUT_QUALITY_R_QUALITY_V1,1790625600000,2026-09-28T20:00:00+00:00,762.59,764.98,761.05,764.97,51.51265692529331,765.6965,756.8332945414729,776.97735,5.802142857142834,0.007584797909908668,46.74297606659727,1.4999999999999891,False,TREND_SUPPORT_NOT_CONFIRMED|PLANNED_REWARD_TOO_LOW|CLOSE_NOT_ABOVE_BREAKOUT_HIGH|CLOSE_NOT_ABOVE_MA200
2026-09-28T20:31:18.577305+00:00,SIE_FIX_BREAKOUT_QUALITY_R_QUALITY_V1,PAXG,PAXGUSDT,strategy-lab-v1.0.0:SIE_FIX_BREAKOUT_QUALITY_R_QUALITY_V1,1790604000000,2026-09-28T14:00:00+00:00,4165.88,4165.88,4122.47,4128.13,17.042334461401197,4199.183999999999,4106.235268238885,4295.973550000001,17.966428571428555,0.00435219544235006,18.521859819570054,1.5000000000000282,False,TREND_SUPPORT_NOT_CONFIRMED|CLOSE_NOT_ABOVE_BREAKOUT_HIGH|CLOSE_NOT_ABOVE_MA200|RSI_NOT_MOMENTUM_SUPPORTIVE
2026-09-28T20:31:18.577305+00:00,SIE_FIX_BREAKOUT_QUALITY_R_QUALITY_V1,PAXG,PAXGUSDT,strategy-lab-v1.0.0:SIE_FIX_BREAKOUT_QUALITY_R_QUALITY_V1,1790607600000,2026-09-28T15:00:00+00:00,4127.0,4135.83,4125.76,4134.26,22.00174297781082,4192.0785,4102.139611575695,4294.845550000001,17.188571428571386,0.0041575932400408746,17.042334461401197,1.4999999999999707,False,TREND_SUPPORT_NOT_CONFIRMED|PLANNED_REWARD_TOO_LOW|CLOSE_NOT_ABOVE_BREAKOUT_HIGH|CLOSE_NOT_ABOVE_MA200|RSI_NOT_MOMENTUM_SUPPORTIVE
2026-09-28T20:31:18.577305+00:00,SIE_FIX_BREAKOUT_QUALITY_R_QUALITY_V1,PAXG,PAXGUSDT,strategy-lab-v1.0.0:SIE_FIX_BREAKOUT_QUALITY_R_QUALITY_V1,1790611200000,2026-09-28T16:00:00+00:00,4133.38,4155.02,4127.37,4138.25,27.066176470588346,4185.2135,4101.032183955409,4293.73095,17.797857142857147,0.0043008172881911794,22.00174297781082,1.4999999999999716,False,TREND_SUPPORT_NOT_CONFIRMED|PLANNED_REWARD_TOO_LOW|CLOSE_NOT_ABOVE_BREAKOUT_HIGH|CLOSE_NOT_ABOVE_MA200|RSI_NOT_MOMENTUM_SUPPORTIVE
2026-09-28T20:31:18.577305+00:00,SIE_FIX_BREAKOUT_QUALITY_R_QUALITY_V1,PAXG,PAXGUSDT,strategy-lab-v1.0.0:SIE_FIX_BREAKOUT_QUALITY_R_QUALITY_V1,1790614800000,2026-09-28T17:00:00+00:00,4138.25,4154.15,4134.97,4144.43,29.647492729981295,4178.7245,4103.4473530097,4292.6435,18.40428571428564,0.004440727847806728,27.066176470588346,1.5,False,TREND_SUPPORT_NOT_CONFIRMED|CLOSE_NOT_ABOVE_BREAKOUT_HIGH|CLOSE_NOT_ABOVE_MA200|RSI_NOT_MOMENTUM_SUPPORTIVE
2026-09-28T20:31:18.577305+00:00,SIE_FIX_BREAKOUT_QUALITY_R_QUALITY_V1,PAXG,PAXGUSDT,strategy-lab-v1.0.0:SIE_FIX_BREAKOUT_QUALITY_R_QUALITY_V1,1790618400000,2026-09-28T18:00:00+00:00,4144.96,4148.55,4141.73,4147.04,31.47859370569904,4173.272,4105.807733725184,4291.5767,18.51928571428568,0.0044656636334073655,29.647492729981295,1.5000000000000273,False,TREND_SUPPORT_NOT_CONFIRMED|CLOSE_NOT_ABOVE_BREAKOUT_HIGH|CLOSE_NOT_ABOVE_MA200|RSI_NOT_MOMENTUM_SUPPORTIVE
2026-09-28T20:31:18.577305+00:00,SIE_FIX_BREAKOUT_QUALITY_R_QUALITY_V1,PAXG,PAXGUSDT,strategy-lab-v1.0.0:SIE_FIX_BREAKOUT_QUALITY_R_QUALITY_V1,1790622000000,2026-09-28T19:00:00+00:00,4147.26,4147.26,4131.69,4132.55,31.610790803616098,4167.019,4109.537665673115,4290.44535,18.32357142857141,0.004433962427211143,31.47859370569904,1.5000000000000275,False,TREND_SUPPORT_NOT_CONFIRMED|CLOSE_NOT_ABOVE_BREAKOUT_HIGH|CLOSE_NOT_ABOVE_MA200|RSI_NOT_MOMENTUM_SUPPORTIVE
2026-09-28T20:31:18.577305+00:00,SIE_FIX_BREAKOUT_QUALITY_R_QUALITY_V1,PAXG,PAXGUSDT,strategy-lab-v1.0.0:SIE_FIX_BREAKOUT_QUALITY_R_QUALITY_V1,1790625600000,2026-09-28T20:00:00+00:00,4131.39,4133.53,4127.56,4128.73,35.559292177115864,4161.8875,4110.273245428234,4289.29045,17.227857142857115,0.004172677104789395,31.610790803616098,1.5,False,TREND_SUPPORT_NOT_CONFIRMED|CLOSE_NOT_ABOVE_BREAKOUT_HIGH|CLOSE_NOT_ABOVE_MA200|RSI_NOT_MOMENTUM_SUPPORTIVE
2026-09-29T01:49:54.769953+00:00,SIE_FIX_BREAKOUT_QUALITY_R_QUALITY_V1,BTC,BTCUSDT,strategy-lab-v1.0.0:SIE_FIX_BREAKOUT_QUALITY_R_QUALITY_V1,1790629200000,2026-09-28T21:00:00+00:00,83501.48,83630.74,83156.13,83181.03,53.28052231545364,83303.0855,82619.76248480128,84331.7399,579.3885714285706,0.006965393088166504,54.654143489670396,1.499999999999986,False,TREND_SUPPORT_NOT_CONFIRMED|PLANNED_REWARD_TOO_LOW|CLOSE_NOT_ABOVE_BREAKOUT_HIGH|CLOSE_NOT_ABOVE_MA200
2026-09-29T01:49:54.769953+00:00,SIE_FIX_BREAKOUT_QUALITY_R_QUALITY_V1,BTC,BTCUSDT,strategy-lab-v1.0.0:SIE_FIX_BREAKOUT_QUALITY_R_QUALITY_V1,1790632800000,2026-09-28T22:00:00+00:00,83181.04,83514.26,83047.4,83513.29,56.845738864016674,83308.303,82620.24950992435,84346.10840000001,585.0549999999993,0.0070055316944165336,53.28052231545364,1.5,False,TREND_SUPPORT_NOT_CONFIRMED|CLOSE_NOT_ABOVE_BREAKOUT_HIGH|CLOSE_NOT_ABOVE_MA200
2026-09-29T01:49:54.769953+00:00,SIE_FIX_BREAKOUT_QUALITY_R_QUALITY_V1,BTC,BTCUSDT,strategy-lab-v1.0.0:SIE_FIX_BREAKOUT_QUALITY_R_QUALITY_V1,1790636400000,2026-09-28T23:00:00+00:00,83513.3,83622.0,83404.84,83456.74,59.86353669795371,83314.88200000001,82623.79998667215,84359.0211,570.5071428571422,0.006835962474176947,56.845738864016674,1.5,False,TREND_SUPPORT_NOT_CONFIRMED|CLOSE_NOT_ABOVE_BREAKOUT_HIGH|CLOSE_NOT_ABOVE_MA200
2026-09-29T01:49:54.769953+00:00,SIE_FIX_BREAKOUT_QUALITY_R_QUALITY_V1,BTC,BTCUSDT,strategy-lab-v1.0.0:SIE_FIX_BREAKOUT_QUALITY_R_QUALITY_V1,1790640000000,2026-09-29T00:00:00+00:00,83456.74,83589.73,83132.94,83146.48,52.827360740777806,83298.894,82607.76312783665,84368.19355000001,576.0792857142848,0.006928486758721293,59.86353669795371,1.499999999999986,False,TREND_SUPPORT_NOT_CONFIRMED|PLANNED_REWARD_TOO_LOW|CLOSE_NOT_ABOVE_BREAKOUT_HIGH|CLOSE_NOT_ABOVE_MA200
2026-09-29T01:49:54.769953+00:00,SIE_FIX_BREAKOUT_QUALITY_R_QUALITY_V1,BTC,BTCUSDT,strategy-lab-v1.0.0:SIE_FIX_BREAKOUT_QUALITY_R_QUALITY_V1,1790643600000,2026-09-29T01:00:00+00:00,83146.47,83205.98,82736.0,82965.0,48.88941443572037,83289.1285,82585.04302356104,84377.3719,596.4907142857129,0.007189666899122677,52.827360740777806,1.5000000000000135,False,TREND_SUPPORT_NOT_CONFIRMED|CLOSE_NOT_ABOVE_BREAKOUT_HIGH|CLOSE_NOT_ABOVE_MA200|RSI_NOT_MOMENTUM_SUPPORTIVE
2026-09-29T01:49:54.769953+00:00,SIE_FIX_BREAKOUT_QUALITY_R_QUALITY_V1,BNB,BNBUSDT,strategy-lab-v1.0.0:SIE_FIX_BREAKOUT_QUALITY_R_QUALITY_V1,1790629200000,2026-09-28T21:00:00+00:00,765.83,765.97,760.98,761.3,51.20967741935477,765.085,756.876047569875,777.02685,5.769285714285696,0.007578202698391825,51.8790849673203,1.4999999999999891,False,TREND_SUPPORT_NOT_CONFIRMED|PLANNED_REWARD_TOO_LOW|CLOSE_NOT_ABOVE_BREAKOUT_HIGH|CLOSE_NOT_ABOVE_MA200
2026-09-29T01:49:54.769953+00:00,SIE_FIX_BREAKOUT_QUALITY_R_QUALITY_V1,BNB,BNBUSDT,strategy-lab-v1.0.0:SIE_FIX_BREAKOUT_QUALITY_R_QUALITY_V1,1790632800000,2026-09-28T22:00:00+00:00,760.78,762.29,759.09,762.04,50.2467105263158,764.575,756.9617155576549,777.07155,5.686428571428556,0.007462112974946928,51.20967741935477,1.5,False,TREND_SUPPORT_NOT_CONFIRMED|CLOSE_NOT_ABOVE_BREAKOUT_HIGH|CLOSE_NOT_ABOVE_MA200
2026-09-29T01:49:54.769953+00:00,SIE_FIX_BREAKOUT_QUALITY_R_QUALITY_V1,BNB,BNBUSDT,strategy-lab-v1.0.0:SIE_FIX_BREAKOUT_QUALITY_R_QUALITY_V1,1790636400000,2026-09-28T23:00:00+00:00,761.99,764.03,760.23,763.66,54.223886808156415,764.2439999999999,757.0898476393037,777.1034500000001,5.609285714285696,0.007345265843812294,50.2467105263158,1.5000000000000113,False,TREND_SUPPORT_NOT_CONFIRMED|CLOSE_NOT_ABOVE_BREAKOUT_HIGH|CLOSE_NOT_ABOVE_MA200
2026-09-29T01:49:54.769953+00:00,SIE_FIX_BREAKOUT_QUALITY_R_QUALITY_V1,BNB,BNBUSDT,strategy-lab-v1.0.0:SIE_FIX_BREAKOUT_QUALITY_R_QUALITY_V1,1790640000000,2026-09-29T00:00:00+00:00,763.39,765.0,760.38,760.38,49.1757137112987,763.681,757.2033495000074,777.0867,5.729999999999985,0.0075357058312948595,54.223886808156415,1.499999999999989,False,TREND_SUPPORT_NOT_CONFIRMED|PLANNED_REWARD_TOO_LOW|CLOSE_NOT_ABOVE_BREAKOUT_HIGH|CLOSE_NOT_ABOVE_MA200|RSI_NOT_MOMENTUM_SUPPORTIVE
2026-09-29T01:49:54.769953+00:00,SIE_FIX_BREAKOUT_QUALITY_R_QUALITY_V1,BNB,BNBUSDT,strategy-lab-v1.0.0:SIE_FIX_BREAKOUT_QUALITY_R_QUALITY_V1,1790643600000,2026-09-29T01:00:00+00:00,760.22,761.19,753.78,757.27,43.75990491283669,763.268,756.2812909034329,777.0536999999999,6.072857142857141,0.008019408061665114,49.1757137112987,1.4999999999999896,False,TREND_SUPPORT_NOT_CONFIRMED|PLANNED_REWARD_TOO_LOW|CLOSE_NOT_ABOVE_BREAKOUT_HIGH|CLOSE_NOT_ABOVE_MA200|RSI_NOT_MOMENTUM_SUPPORTIVE
2026-09-29T01:49:54.769953+00:00,SIE_FIX_BREAKOUT_QUALITY_R_QUALITY_V1,PAXG,PAXGUSDT,strategy-lab-v1.0.0:SIE_FIX_BREAKOUT_QUALITY_R_QUALITY_V1,1790629200000,2026-09-28T21:00:00+00:00,4125.82,4132.35,4125.53,4128.57,37.82591255515443,4157.2815,4110.203816422757,4288.124150000001,16.81857142857143,0.004073703831731431,34.75232803818777,1.5,False,TREND_SUPPORT_NOT_CONFIRMED|CLOSE_NOT_ABOVE_BREAKOUT_HIGH|CLOSE_NOT_ABOVE_MA200|RSI_NOT_MOMENTUM_SUPPORTIVE
2026-09-29T01:49:54.769953+00:00,SIE_FIX_BREAKOUT_QUALITY_R_QUALITY_V1,PAXG,PAXGUSDT,strategy-lab-v1.0.0:SIE_FIX_BREAKOUT_QUALITY_R_QUALITY_V1,1790632800000,2026-09-28T22:00:00+00:00,4128.23,4135.27,4125.82,4132.36,42.49958284665433,4153.868,4110.071903096293,4286.987,16.605000000000082,0.004018284950972346,37.82591255515443,1.4999999999999696,False,TREND_SUPPORT_NOT_CONFIRMED|PLANNED_REWARD_TOO_LOW|CLOSE_NOT_ABOVE_BREAKOUT_HIGH|CLOSE_NOT_ABOVE_MA200|RSI_NOT_MOMENTUM_SUPPORTIVE
2026-09-29T01:49:54.769953+00:00,SIE_FIX_BREAKOUT_QUALITY_R_QUALITY_V1,PAXG,PAXGUSDT,strategy-lab-v1.0.0:SIE_FIX_BREAKOUT_QUALITY_R_QUALITY_V1,1790636400000,2026-09-28T23:00:00+00:00,4133.14,4138.51,4132.42,4137.27,38.46428571428633,4150.6404999999995,4112.278397098843,4285.87335,15.925714285714418,0.0038493292160565826,42.49958284665433,1.4999999999999682,False,TREND_SUPPORT_NOT_CONFIRMED|PLANNED_REWARD_TOO_LOW|CLOSE_NOT_ABOVE_BREAKOUT_HIGH|CLOSE_NOT_ABOVE_MA200|RSI_NOT_MOMENTUM_SUPPORTIVE
2026-09-29T01:49:54.769953+00:00,SIE_FIX_BREAKOUT_QUALITY_R_QUALITY_V1,PAXG,PAXGUSDT,strategy-lab-v1.0.0:SIE_FIX_BREAKOUT_QUALITY_R_QUALITY_V1,1790640000000,2026-09-29T00:00:00+00:00,4137.06,4137.06,4125.82,4128.42,34.86599664991641,4147.0965,4114.745117788433,4284.70245,16.202857142857347,0.003924711425401812,38.46428571428633,1.500000000000031,False,TREND_SUPPORT_NOT_CONFIRMED|CLOSE_NOT_ABOVE_BREAKOUT_HIGH|CLOSE_NOT_ABOVE_MA200|RSI_NOT_MOMENTUM_SUPPORTIVE
2026-09-29T01:49:54.769953+00:00,SIE_FIX_BREAKOUT_QUALITY_R_QUALITY_V1,PAXG,PAXGUSDT,strategy-lab-v1.0.0:SIE_FIX_BREAKOUT_QUALITY_R_QUALITY_V1,1790643600000,2026-09-29T01:00:00+00:00,4125.83,4143.17,4125.82,4143.17,45.031948881789354,4145.044,4117.52648674028,4283.61925,16.700714285714508,0.004030902493915169,34.86599664991641,1.5000000000000302,False,TREND_SUPPORT_NOT_CONFIRMED|CLOSE_NOT_ABOVE_BREAKOUT_HIGH|CLOSE_NOT_ABOVE_MA200|RSI_NOT_MOMENTUM_SUPPORTIVE
2026-09-29T08:21:52.124462+00:00,SIE_FIX_BREAKOUT_QUALITY_R_QUALITY_V1,BTC,BTCUSDT,strategy-lab-v1.0.0:SIE_FIX_BREAKOUT_QUALITY_R_QUALITY_V1,1790647200000,2026-09-29T02:00:00+00:00,83030.19,83130.16,82853.82,82930.04,41.6225182286749,83282.1895,82568.80411513403,84387.24639999999,570.7421428571417,0.006882212318445062,49.654834479081025,1.5,False,TREND_SUPPORT_NOT_CONFIRMED|CLOSE_NOT_ABOVE_BREAKOUT_HIGH|CLOSE_NOT_ABOVE_MA200|RSI_NOT_MOMENTUM_SUPPORTIVE
2026-09-29T08:21:52.124462+00:00,SIE_FIX_BREAKOUT_QUALITY_R_QUALITY_V1,BTC,BTCUSDT,strategy-lab-v1.0.0:SIE_FIX_BREAKOUT_QUALITY_R_QUALITY_V1,1790650800000,2026-09-29T03:00:00+00:00,82930.05,83184.98,82830.52,83038.38,42.218316529499745,83288.342,82585.67655312976,84396.62610000001,558.5271428571411,0.0067261324565476965,41.6225182286749,1.5,False,TREND_SUPPORT_NOT_CONFIRMED|CLOSE_NOT_ABOVE_BREAKOUT_HIGH|CLOSE_NOT_ABOVE_MA200|RSI_NOT_MOMENTUM_SUPPORTIVE
2026-09-29T08:21:52.124462+00:00,SIE_FIX_BREAKOUT_QUALITY_R_QUALITY_V1,BTC,BTCUSDT,strategy-lab-v1.0.0:SIE_FIX_BREAKOUT_QUALITY_R_QUALITY_V1,1790654400000,2026-09-29T04:00:00+00:00,83038.38,83267.08,82986.3,83170.56,52.58539775582994,83301.191,82617.25858258046,84407.11154999999,498.6164285714268,0.005995107265977611,42.218316529499745,1.5000000000000162,False,TREND_SUPPORT_NOT_CONFIRMED|CLOSE_NOT_ABOVE_BREAKOUT_HIGH|CLOSE_NOT_ABOVE_MA200
2026-09-29T08:21:52.124462+00:00,SIE_FIX_BREAKOUT_QUALITY_R_QUALITY_V1,BTC,BTCUSDT,strategy-lab-v1.0.0:SIE_FIX_BREAKOUT_QUALITY_R_QUALITY_V1,1790658000000,2026-09-29T05:00:00+00:00,83170.56,83409.71,82926.48,83398.44,50.86087603196861,83339.302,82726.5965685361,84419.50235000001,489.9814285714279,0.005875186976775919,52.58539775582994,1.5,False,TREND_SUPPORT_NOT_CONFIRMED|CLOSE_NOT_ABOVE_BREAKOUT_HIGH|CLOSE_NOT_ABOVE_MA200
2026-09-29T08:21:52.124462+00:00,SIE_FIX_BREAKOUT_QUALITY_R_QUALITY_V1,BTC,BTCUSDT,strategy-lab-v1.0.0:SIE_FIX_BREAKOUT_QUALITY_R_QUALITY_V1,1790661600000,2026-09-29T06:00:00+00:00,83398.45,83987.96,83377.06,83976.01,54.07341801107981,83392.644,82753.81446259792,84433.3999,465.9642857142857,0.005548778582291368,50.86087603196861,1.4999999999999827,False,TREND_SUPPORT_NOT_CONFIRMED|PLANNED_REWARD_TOO_LOW|CLOSE_NOT_ABOVE_BREAKOUT_HIGH|CLOSE_NOT_ABOVE_MA200
2026-09-29T08:21:52.124462+00:00,SIE_FIX_BREAKOUT_QUALITY_R_QUALITY_V1,BTC,BTCUSDT,strategy-lab-v1.0.0:SIE_FIX_BREAKOUT_QUALITY_R_QUALITY_V1,1790665200000,2026-09-29T07:00:00+00:00,83976.0,84168.0,83833.33,83956.54,51.67030937074188,83437.525,82773.17015555213,84447.3844,429.3564285714289,0.005114031957146268,54.07341801107981,1.5,False,TREND_SUPPORT_NOT_CONFIRMED|CLOSE_NOT_ABOVE_BREAKOUT_HIGH|CLOSE_NOT_ABOVE_MA200
2026-09-29T08:21:52.124462+00:00,SIE_FIX_BREAKOUT_QUALITY_R_QUALITY_V1,BTC,BTCUSDT,strategy-lab-v1.0.0:SIE_FIX_BREAKOUT_QUALITY_R_QUALITY_V1,1790668800000,2026-09-29T08:00:00+00:00,83956.55,84083.83,83942.27,84077.05,50.92275023525349,83463.36000000002,82743.99999315967,84459.81689999999,420.51642857142826,0.005001560218530839,51.67030937074188,1.5,False,TREND_SUPPORT_NOT_CONFIRMED|CLOSE_NOT_ABOVE_BREAKOUT_HIGH|CLOSE_NOT_ABOVE_MA200
2026-09-29T08:21:52.124462+00:00,SIE_FIX_BREAKOUT_QUALITY_R_QUALITY_V1,BNB,BNBUSDT,strategy-lab-v1.0.0:SIE_FIX_BREAKOUT_QUALITY_R_QUALITY_V1,1790647200000,2026-09-29T02:00:00+00:00,757.96,757.96,753.7,756.05,36.14405865861546,762.925,755.3482764337051,777.0066,5.8828571428571435,0.0077810424480618265,44.277410302665814,1.4999999999999893,False,TREND_SUPPORT_NOT_CONFIRMED|PLANNED_REWARD_TOO_LOW|CLOSE_NOT_ABOVE_BREAKOUT_HIGH|CLOSE_NOT_ABOVE_MA200|RSI_NOT_MOMENTUM_SUPPORTIVE
2026-09-29T08:21:52.124462+00:00,SIE_FIX_BREAKOUT_QUALITY_R_QUALITY_V1,BNB,BNBUSDT,strategy-lab-v1.0.0:SIE_FIX_BREAKOUT_QUALITY_R_QUALITY_V1,1790650800000,2026-09-29T03:00:00+00:00,756.04,759.55,755.52,758.47,41.26506024096388,762.8435,755.1134643597168,776.95145,5.857857142857142,0.007723254898489251,36.14405865861546,1.5000000000000109,False,TREND_SUPPORT_NOT_CONFIRMED|CLOSE_NOT_ABOVE_BREAKOUT_HIGH|CLOSE_NOT_ABOVE_MA200|RSI_NOT_MOMENTUM_SUPPORTIVE
2026-09-29T08:21:52.124462+00:00,SIE_FIX_BREAKOUT_QUALITY_R_QUALITY_V1,BNB,BNBUSDT,strategy-lab-v1.0.0:SIE_FIX_BREAKOUT_QUALITY_R_QUALITY_V1,1790654400000,2026-09-29T04:00:00+00:00,758.62,759.84,756.14,756.85,47.6995772195971,762.596,754.4427763430624,776.8956999999999,5.37357142857143,0.007099916005247314,41.26506024096388,1.5,False,TREND_SUPPORT_NOT_CONFIRMED|CLOSE_NOT_ABOVE_BREAKOUT_HIGH|CLOSE_NOT_ABOVE_MA200|RSI_NOT_MOMENTUM_SUPPORTIVE
2026-09-29T08:21:52.124462+00:00,SIE_FIX_BREAKOUT_QUALITY_R_QUALITY_V1,BNB,BNBUSDT,strategy-lab-v1.0.0:SIE_FIX_BREAKOUT_QUALITY_R_QUALITY_V1,1790658000000,2026-09-29T05:00:00+00:00,756.88,759.47,754.82,759.47,45.63081695966911,762.5895,754.4265312385721,776.86405,5.245714285714281,0.006907072413280684,47.6995772195971,1.499999999999988,False,TREND_SUPPORT_NOT_CONFIRMED|PLANNED_REWARD_TOO_LOW|CLOSE_NOT_ABOVE_BREAKOUT_HIGH|CLOSE_NOT_ABOVE_MA200|RSI_NOT_MOMENTUM_SUPPORTIVE
2026-09-29T08:21:52.124462+00:00,SIE_FIX_BREAKOUT_QUALITY_R_QUALITY_V1,BNB,BNBUSDT,strategy-lab-v1.0.0:SIE_FIX_BREAKOUT_QUALITY_R_QUALITY_V1,1790661600000,2026-09-29T06:00:00+00:00,759.34,766.08,759.2,766.0,49.06757084039722,762.8295,754.5624679449003,776.8232499999999,5.095000000000003,0.006651436031331597,45.63081695966911,1.4999999999999876,False,TREND_SUPPORT_NOT_CONFIRMED|PLANNED_REWARD_TOO_LOW|CLOSE_NOT_ABOVE_BREAKOUT_HIGH|CLOSE_NOT_ABOVE_MA200|RSI_NOT_MOMENTUM_SUPPORTIVE
2026-09-29T08:21:52.124462+00:00,SIE_FIX_BREAKOUT_QUALITY_R_QUALITY_V1,BNB,BNBUSDT,strategy-lab-v1.0.0:SIE_FIX_BREAKOUT_QUALITY_R_QUALITY_V1,1790665200000,2026-09-29T07:00:00+00:00,765.36,769.0,762.7,765.73,45.524296675191835,762.9375,754.5786678447257,776.7900999999999,4.9921428571428565,0.0065194557574378125,49.06757084039722,1.5,False,TREND_SUPPORT_NOT_CONFIRMED|CLOSE_NOT_ABOVE_BREAKOUT_HIGH|CLOSE_NOT_ABOVE_MA200|RSI_NOT_MOMENTUM_SUPPORTIVE
2026-09-29T08:21:52.124462+00:00,SIE_FIX_BREAKOUT_QUALITY_R_QUALITY_V1,BNB,BNBUSDT,strategy-lab-v1.0.0:SIE_FIX_BREAKOUT_QUALITY_R_QUALITY_V1,1790668800000,2026-09-29T08:00:00+00:00,765.72,766.05,763.89,765.15,43.535483870967795,762.75,754.7751520390639,776.7186999999999,4.929999999999999,0.006443181075606089,45.524296675191835,1.4999999999999871,False,TREND_SUPPORT_NOT_CONFIRMED|PLANNED_REWARD_TOO_LOW|CLOSE_NOT_ABOVE_BREAKOUT_HIGH|CLOSE_NOT_ABOVE_MA200|RSI_NOT_MOMENTUM_SUPPORTIVE
2026-09-29T08:21:52.124462+00:00,SIE_FIX_BREAKOUT_QUALITY_R_QUALITY_V1,PAXG,PAXGUSDT,strategy-lab-v1.0.0:SIE_FIX_BREAKOUT_QUALITY_R_QUALITY_V1,1790647200000,2026-09-29T02:00:00+00:00,4143.88,4146.84,4137.23,4145.66,45.78113921058854,4144.157499999999,4118.168527819496,4282.55555,15.7385714285717,0.0037963970582661627,45.64410394123702,1.5,False,TREND_SUPPORT_NOT_CONFIRMED|CLOSE_NOT_ABOVE_BREAKOUT_HIGH|CLOSE_NOT_ABOVE_MA200|RSI_NOT_MOMENTUM_SUPPORTIVE
2026-09-29T08:21:52.124462+00:00,SIE_FIX_BREAKOUT_QUALITY_R_QUALITY_V1,PAXG,PAXGUSDT,strategy-lab-v1.0.0:SIE_FIX_BREAKOUT_QUALITY_R_QUALITY_V1,1790650800000,2026-09-29T03:00:00+00:00,4145.94,4149.06,4141.26,4141.96,39.622013154608204,4143.3095,4118.211098078784,4281.4437,14.688571428571711,0.0035462851955527603,45.78113921058854,1.5,False,TREND_SUPPORT_NOT_CONFIRMED|CLOSE_NOT_ABOVE_BREAKOUT_HIGH|CLOSE_NOT_ABOVE_MA200|RSI_NOT_MOMENTUM_SUPPORTIVE
2026-09-29T08:21:52.124462+00:00,SIE_FIX_BREAKOUT_QUALITY_R_QUALITY_V1,PAXG,PAXGUSDT,strategy-lab-v1.0.0:SIE_FIX_BREAKOUT_QUALITY_R_QUALITY_V1,1790654400000,2026-09-29T04:00:00+00:00,4141.76,4141.76,4135.68,4137.62,55.537402263974634,4142.6735,4117.6754942595635,4280.317099999999,11.964285714285975,0.002891586398530067,39.622013154608204,1.5000000000000422,False,TREND_SUPPORT_NOT_CONFIRMED|CLOSE_NOT_ABOVE_BREAKOUT_HIGH|CLOSE_NOT_ABOVE_MA200
2026-09-29T08:21:52.124462+00:00,SIE_FIX_BREAKOUT_QUALITY_R_QUALITY_V1,PAXG,PAXGUSDT,strategy-lab-v1.0.0:SIE_FIX_BREAKOUT_QUALITY_R_QUALITY_V1,1790658000000,2026-09-29T05:00:00+00:00,4139.25,4152.68,4133.66,4149.68,58.41519318925995,4142.002,4118.563042173363,4279.248250000001,12.60357142857174,0.0030372393602812117,55.537402263974634,1.5,False,TREND_SUPPORT_NOT_CONFIRMED|CLOSE_NOT_ABOVE_BREAKOUT_HIGH|CLOSE_NOT_ABOVE_MA200
2026-09-29T08:21:52.124462+00:00,SIE_FIX_BREAKOUT_QUALITY_R_QUALITY_V1,PAXG,PAXGUSDT,strategy-lab-v1.0.0:SIE_FIX_BREAKOUT_QUALITY_R_QUALITY_V1,1790661600000,2026-09-29T06:00:00+00:00,4151.5,4155.53,4150.32,4150.8,57.07042253521129,4141.314,4119.838440496255,4278.1732,11.046428571428805,0.002661276999958756,58.41519318925995,1.5000000000000457,False,TREND_SUPPORT_NOT_CONFIRMED|CLOSE_NOT_ABOVE_BREAKOUT_HIGH|CLOSE_NOT_ABOVE_MA200
2026-09-29T08:21:52.124462+00:00,SIE_FIX_BREAKOUT_QUALITY_R_QUALITY_V1,PAXG,PAXGUSDT,strategy-lab-v1.0.0:SIE_FIX_BREAKOUT_QUALITY_R_QUALITY_V1,1790665200000,2026-09-29T07:00:00+00:00,4150.79,4157.85,4150.55,4153.08,55.09723040659965,4141.1875,4120.022711435054,4277.1241,10.197857142857433,0.002455492584505339,57.07042253521129,1.4999999999999505,False,TREND_SUPPORT_NOT_CONFIRMED|PLANNED_REWARD_TOO_LOW|CLOSE_NOT_ABOVE_BREAKOUT_HIGH|CLOSE_NOT_ABOVE_MA200
2026-09-29T08:21:52.124462+00:00,SIE_FIX_BREAKOUT_QUALITY_R_QUALITY_V1,PAXG,PAXGUSDT,strategy-lab-v1.0.0:SIE_FIX_BREAKOUT_QUALITY_R_QUALITY_V1,1790668800000,2026-09-29T08:00:00+00:00,4150.97,4155.91,4148.86,4155.91,55.21335370871037,4141.164500000001,4120.0648578466635,4276.10725,10.214285714285975,0.002457773559650227,55.09723040659965,1.4999999999999505,False,TREND_SUPPORT_NOT_CONFIRMED|PLANNED_REWARD_TOO_LOW|CLOSE_NOT_ABOVE_BREAKOUT_HIGH|CLOSE_NOT_ABOVE_MA200
2026-09-29T16:28:51.542181+00:00,SIE_FIX_BREAKOUT_QUALITY_R_QUALITY_V1,BTC,BTCUSDT,strategy-lab-v1.0.0:SIE_FIX_BREAKOUT_QUALITY_R_QUALITY_V1,1790672400000,2026-09-29T09:00:00+00:00,83845.92,84330.62,83729.65,84221.33,64.76252479736043,83481.375,82720.136143989,84474.9006,426.980714285715,0.005069745565472726,47.33735527079775,1.5,False,TREND_SUPPORT_NOT_CONFIRMED|CLOSE_NOT_ABOVE_BREAKOUT_HIGH|CLOSE_NOT_ABOVE_MA200
2026-09-29T16:28:51.542181+00:00,SIE_FIX_BREAKOUT_QUALITY_R_QUALITY_V1,BTC,BTCUSDT,strategy-lab-v1.0.0:SIE_FIX_BREAKOUT_QUALITY_R_QUALITY_V1,1790676000000,2026-09-29T10:00:00+00:00,84221.33,84312.98,83945.39,84000.91,58.30210948019364,83531.4315,82771.78779564123,84488.40585,427.0328571428576,0.005083669416710576,64.76252479736043,1.5000000000000189,False,TREND_SUPPORT_NOT_CONFIRMED|CLOSE_NOT_ABOVE_BREAKOUT_HIGH|CLOSE_NOT_ABOVE_MA200
2026-09-29T16:28:51.542181+00:00,SIE_FIX_BREAKOUT_QUALITY_R_QUALITY_V1,BTC,BTCUSDT,strategy-lab-v1.0.0:SIE_FIX_BREAKOUT_QUALITY_R_QUALITY_V1,1790679600000,2026-09-29T11:00:00+00:00,84000.92,84482.83,83900.01,84324.03,68.98343143377231,83580.4545,82752.18544512718,84502.9685,434.7621428571438,0.005155851100298975,58.30210948019364,1.5,False,TREND_SUPPORT_NOT_CONFIRMED|CLOSE_NOT_ABOVE_BREAKOUT_HIGH|CLOSE_NOT_ABOVE_MA200
2026-09-29T16:28:51.542181+00:00,SIE_FIX_BREAKOUT_QUALITY_R_QUALITY_V1,BTC,BTCUSDT,strategy-lab-v1.0.0:SIE_FIX_BREAKOUT_QUALITY_R_QUALITY_V1,1790683200000,2026-09-29T12:00:00+00:00,84324.03,84467.56,84090.0,84303.91,64.64990105174239,83610.739,82725.15170729706,84517.63484999999,428.3835714285721,0.005081419965320376,68.98343143377231,1.4999999999999811,False,TREND_SUPPORT_NOT_CONFIRMED|PLANNED_REWARD_TOO_LOW|CLOSE_NOT_ABOVE_BREAKOUT_HIGH|CLOSE_NOT_ABOVE_MA200
2026-09-29T16:28:51.542181+00:00,SIE_FIX_BREAKOUT_QUALITY_R_QUALITY_V1,BTC,BTCUSDT,strategy-lab-v1.0.0:SIE_FIX_BREAKOUT_QUALITY_R_QUALITY_V1,1790686800000,2026-09-29T13:00:00+00:00,84308.87,84557.01,83987.12,84193.56,63.38611573370911,83628.06950000001,82711.64143169354,84530.89295,453.5785714285718,0.005387330948217082,64.64990105174239,1.5,False,TREND_SUPPORT_NOT_CONFIRMED|CLOSE_NOT_ABOVE_BREAKOUT_HIGH|CLOSE_NOT_ABOVE_MA200
2026-09-29T16:28:51.542181+00:00,SIE_FIX_BREAKOUT_QUALITY_R_QUALITY_V1,BTC,BTCUSDT,strategy-lab-v1.0.0:SIE_FIX_BREAKOUT_QUALITY_R_QUALITY_V1,1790690400000,2026-09-29T14:00:00+00:00,84189.68,84297.8,83625.19,83717.42,59.78286944065583,83613.06899999999,82712.94860418788,84541.37234999999,468.9942857142866,0.005602111074544421,63.38611573370911,1.5,False,TREND_SUPPORT_NOT_CONFIRMED|CLOSE_NOT_ABOVE_BREAKOUT_HIGH|CLOSE_NOT_ABOVE_MA200
2026-09-29T16:28:51.542181+00:00,SIE_FIX_BREAKOUT_QUALITY_R_QUALITY_V1,BTC,BTCUSDT,strategy-lab-v1.0.0:SIE_FIX_BREAKOUT_QUALITY_R_QUALITY_V1,1790694000000,2026-09-29T15:00:00+00:00,83717.42,83727.86,82874.53,83054.99,50.35809236791303,83598.062,82671.61728213231,84548.12289999999,496.3764285714299,0.00597647930089968,59.78286944065583,1.5,False,TREND_SUPPORT_NOT_CONFIRMED|CLOSE_NOT_ABOVE_BREAKOUT_HIGH|CLOSE_NOT_ABOVE_MA200
2026-09-29T16:28:51.542181+00:00,SIE_FIX_BREAKOUT_QUALITY_R_QUALITY_V1,BTC,BTCUSDT,strategy-lab-v1.0.0:SIE_FIX_BREAKOUT_QUALITY_R_QUALITY_V1,1790697600000,2026-09-29T16:00:00+00:00,83054.99,83269.3,82933.82,83269.3,54.74043975452457,83586.45300000001,82649.69688781022,84545.83439999999,500.6007142857156,0.0060118280601099755,50.35809236791303,1.5,False,TREND_SUPPORT_NOT_CONFIRMED|CLOSE_NOT_ABOVE_BREAKOUT_HIGH|CLOSE_NOT_ABOVE_MA200
2026-09-29T16:28:51.542181+00:00,SIE_FIX_BREAKOUT_QUALITY_R_QUALITY_V1,BNB,BNBUSDT,strategy-lab-v1.0.0:SIE_FIX_BREAKOUT_QUALITY_R_QUALITY_V1,1790672400000,2026-09-29T09:00:00+00:00,763.48,765.46,762.8,764.26,52.791116446578634,762.553,754.8120256427221,776.6604999999998,4.670000000000008,0.0061104859602753095,41.798810703667044,1.5,False,TREND_SUPPORT_NOT_CONFIRMED|CLOSE_NOT_ABOVE_BREAKOUT_HIGH|CLOSE_NOT_ABOVE_MA200
2026-09-29T16:28:51.542181+00:00,SIE_FIX_BREAKOUT_QUALITY_R_QUALITY_V1,BNB,BNBUSDT,strategy-lab-v1.0.0:SIE_FIX_BREAKOUT_QUALITY_R_QUALITY_V1,1790676000000,2026-09-29T10:00:00+00:00,764.3,765.1,762.94,764.08,47.938481675392694,762.822,755.2635303136128,776.5922999999999,4.517857142857143,0.005912806437620593,52.791116446578634,1.5,False,TREND_SUPPORT_NOT_CONFIRMED|CLOSE_NOT_ABOVE_BREAKOUT_HIGH|CLOSE_NOT_ABOVE_MA200|RSI_NOT_MOMENTUM_SUPPORTIVE
2026-09-29T16:28:51.542181+00:00,SIE_FIX_BREAKOUT_QUALITY_R_QUALITY_V1,BNB,BNBUSDT,strategy-lab-v1.0.0:SIE_FIX_BREAKOUT_QUALITY_R_QUALITY_V1,1790679600000,2026-09-29T11:00:00+00:00,764.19,767.0,763.0,766.32,58.72739916550778,762.9955,755.2846570499695,776.5390000000001,4.447142857142857,0.0058032451941001885,47.938481675392694,1.4999999999999858,False,TREND_SUPPORT_NOT_CONFIRMED|PLANNED_REWARD_TOO_LOW|CLOSE_NOT_ABOVE_BREAKOUT_HIGH|CLOSE_NOT_ABOVE_MA200
2026-09-29T16:28:51.542181+00:00,SIE_FIX_BREAKOUT_QUALITY_R_QUALITY_V1,BNB,BNBUSDT,strategy-lab-v1.0.0:SIE_FIX_BREAKOUT_QUALITY_R_QUALITY_V1,1790683200000,2026-09-29T12:00:00+00:00,766.08,767.31,764.4,765.69,56.36998254799316,762.9415,755.32256759447,776.5011,4.426428571428573,0.005780966933652748,58.72739916550778,1.4999999999999858,False,TREND_SUPPORT_NOT_CONFIRMED|PLANNED_REWARD_TOO_LOW|CLOSE_NOT_ABOVE_BREAKOUT_HIGH|CLOSE_NOT_ABOVE_MA200
2026-09-29T16:28:51.542181+00:00,SIE_FIX_BREAKOUT_QUALITY_R_QUALITY_V1,BNB,BNBUSDT,strategy-lab-v1.0.0:SIE_FIX_BREAKOUT_QUALITY_R_QUALITY_V1,1790686800000,2026-09-29T13:00:00+00:00,765.69,766.94,763.44,765.13,52.664008698803954,762.7365,755.6000519339076,776.4612,4.405000000000006,0.0057571915883575416,56.36998254799316,1.5,False,TREND_SUPPORT_NOT_CONFIRMED|CLOSE_NOT_ABOVE_BREAKOUT_HIGH|CLOSE_NOT_ABOVE_MA200
2026-09-29T16:28:51.542181+00:00,SIE_FIX_BREAKOUT_QUALITY_R_QUALITY_V1,BNB,BNBUSDT,strategy-lab-v1.0.0:SIE_FIX_BREAKOUT_QUALITY_R_QUALITY_V1,1790690400000,2026-09-29T14:00:00+00:00,765.07,765.94,761.72,763.73,56.51497471800857,762.415,756.1149063498997,776.42045,4.376428571428578,0.005730334766774355,52.664008698803954,1.5000000000000144,False,TREND_SUPPORT_NOT_CONFIRMED|CLOSE_NOT_ABOVE_BREAKOUT_HIGH|CLOSE_NOT_ABOVE_MA200
2026-09-29T16:28:51.542181+00:00,SIE_FIX_BREAKOUT_QUALITY_R_QUALITY_V1,BNB,BNBUSDT,strategy-lab-v1.0.0:SIE_FIX_BREAKOUT_QUALITY_R_QUALITY_V1,1790694000000,2026-09-29T15:00:00+00:00,763.42,763.42,752.96,753.5,43.476959904248965,761.97,754.567670636885,776.3444000000001,4.616428571428571,0.006126647075552185,56.51497471800857,1.5,False,TREND_SUPPORT_NOT_CONFIRMED|CLOSE_NOT_ABOVE_BREAKOUT_HIGH|CLOSE_NOT_ABOVE_MA200|RSI_NOT_MOMENTUM_SUPPORTIVE
2026-09-29T16:28:51.542181+00:00,SIE_FIX_BREAKOUT_QUALITY_R_QUALITY_V1,BNB,BNBUSDT,strategy-lab-v1.0.0:SIE_FIX_BREAKOUT_QUALITY_R_QUALITY_V1,1790697600000,2026-09-29T16:00:00+00:00,753.74,757.0,753.45,756.55,50.72129255626082,761.5305000000001,753.9393380994717,776.2196999999999,4.565714285714283,0.006034914130876061,43.476959904248965,1.5,False,TREND_SUPPORT_NOT_CONFIRMED|CLOSE_NOT_ABOVE_BREAKOUT_HIGH|CLOSE_NOT_ABOVE_MA200
2026-09-29T16:28:51.542181+00:00,SIE_FIX_BREAKOUT_QUALITY_R_QUALITY_V1,PAXG,PAXGUSDT,strategy-lab-v1.0.0:SIE_FIX_BREAKOUT_QUALITY_R_QUALITY_V1,1790672400000,2026-09-29T09:00:00+00:00,4151.19,4157.32,4149.72,4154.83,65.21442228899184,4140.326999999999,4122.323810171557,4275.0302,9.776428571428694,0.002353027337202411,52.485136741974,1.4999999999999483,False,TREND_SUPPORT_NOT_CONFIRMED|PLANNED_REWARD_TOO_LOW|CLOSE_NOT_ABOVE_BREAKOUT_HIGH|CLOSE_NOT_ABOVE_MA200
2026-09-29T16:28:51.542181+00:00,SIE_FIX_BREAKOUT_QUALITY_R_QUALITY_V1,PAXG,PAXGUSDT,strategy-lab-v1.0.0:SIE_FIX_BREAKOUT_QUALITY_R_QUALITY_V1,1790676000000,2026-09-29T10:00:00+00:00,4158.36,4164.61,4156.79,4164.4,75.35164979624021,4142.1404999999995,4122.212925661937,4274.069449999999,9.652857142857297,0.0023179466772781905,65.21442228899184,1.5000000000000524,False,TREND_SUPPORT_NOT_CONFIRMED|CLOSE_NOT_ABOVE_BREAKOUT_HIGH|CLOSE_NOT_ABOVE_MA200
2026-09-29T16:28:51.542181+00:00,SIE_FIX_BREAKOUT_QUALITY_R_QUALITY_V1,PAXG,PAXGUSDT,strategy-lab-v1.0.0:SIE_FIX_BREAKOUT_QUALITY_R_QUALITY_V1,1790679600000,2026-09-29T11:00:00+00:00,4165.12,4169.71,4159.26,4163.16,73.19297304546083,4143.585499999999,4122.028609245556,4273.12255,9.912142857142953,0.0023809180663589566,75.35164979624021,1.500000000000051,False,TREND_SUPPORT_NOT_CONFIRMED|CLOSE_NOT_ABOVE_BREAKOUT_HIGH|CLOSE_NOT_ABOVE_MA200
2026-09-29T16:28:51.542181+00:00,SIE_FIX_BREAKOUT_QUALITY_R_QUALITY_V1,PAXG,PAXGUSDT,strategy-lab-v1.0.0:SIE_FIX_BREAKOUT_QUALITY_R_QUALITY_V1,1790683200000,2026-09-29T12:00:00+00:00,4164.71,4168.06,4158.56,4160.08,68.76523151909043,4144.677,4122.123635639022,4272.1767500000005,9.91571428571433,0.002383539327540415,73.19297304546083,1.4999999999999492,False,TREND_SUPPORT_NOT_CONFIRMED|PLANNED_REWARD_TOO_LOW|CLOSE_NOT_ABOVE_BREAKOUT_HIGH|CLOSE_NOT_ABOVE_MA200
2026-09-29T16:28:51.542181+00:00,SIE_FIX_BREAKOUT_QUALITY_R_QUALITY_V1,PAXG,PAXGUSDT,strategy-lab-v1.0.0:SIE_FIX_BREAKOUT_QUALITY_R_QUALITY_V1,1790686800000,2026-09-29T13:00:00+00:00,4162.62,4171.69,4161.12,4166.31,69.31364724660827,4145.771000000001,4121.328168003706,4271.2739,10.305714285714268,0.0024735831672905444,68.76523151909043,1.5,False,TREND_SUPPORT_NOT_CONFIRMED|CLOSE_NOT_ABOVE_BREAKOUT_HIGH|CLOSE_NOT_ABOVE_MA200
2026-09-29T16:28:51.542181+00:00,SIE_FIX_BREAKOUT_QUALITY_R_QUALITY_V1,PAXG,PAXGUSDT,strategy-lab-v1.0.0:SIE_FIX_BREAKOUT_QUALITY_R_QUALITY_V1,1790690400000,2026-09-29T14:00:00+00:00,4172.26,4180.91,4168.69,4175.78,81.24010554089756,4147.2080000000005,4119.47754555008,4270.42935,10.530714285714177,0.002521855625946333,69.31364724660827,1.500000000000048,False,TREND_SUPPORT_NOT_CONFIRMED|CLOSE_NOT_ABOVE_BREAKOUT_HIGH|CLOSE_NOT_ABOVE_MA200
2026-09-29T16:28:51.542181+00:00,SIE_FIX_BREAKOUT_QUALITY_R_QUALITY_V1,PAXG,PAXGUSDT,strategy-lab-v1.0.0:SIE_FIX_BREAKOUT_QUALITY_R_QUALITY_V1,1790694000000,2026-09-29T15:00:00+00:00,4174.7,4175.09,4156.75,4164.19,63.76526744349294,4148.789999999999,4120.9750133920725,4269.5422,10.522857142856992,0.0025269877558077303,81.24010554089756,1.499999999999952,False,TREND_SUPPORT_NOT_CONFIRMED|PLANNED_REWARD_TOO_LOW|CLOSE_NOT_ABOVE_BREAKOUT_HIGH|CLOSE_NOT_ABOVE_MA200
2026-09-29T16:28:51.542181+00:00,SIE_FIX_BREAKOUT_QUALITY_R_QUALITY_V1,PAXG,PAXGUSDT,strategy-lab-v1.0.0:SIE_FIX_BREAKOUT_QUALITY_R_QUALITY_V1,1790697600000,2026-09-29T16:00:00+00:00,4164.66,4164.68,4157.53,4158.06,58.127949659151085,4150.4015,4124.419967885839,4268.592250000001,10.347142857142703,0.0024884544371997284,63.76526744349294,1.5000000000000488,False,TREND_SUPPORT_NOT_CONFIRMED|CLOSE_NOT_ABOVE_BREAKOUT_HIGH|CLOSE_NOT_ABOVE_MA200
2026-09-29T22:10:50.975204+00:00,SIE_FIX_BREAKOUT_QUALITY_R_QUALITY_V1,BTC,BTCUSDT,strategy-lab-v1.0.0:SIE_FIX_BREAKOUT_QUALITY_R_QUALITY_V1,1790701200000,2026-09-29T17:00:00+00:00,83026.63,83200.0,82936.32,83048.04,50.14612098696693,83567.67,82596.19271643598,84536.68380000001,499.375000000001,0.006013085919908538,51.423619196972226,1.5,False,TREND_SUPPORT_NOT_CONFIRMED|CLOSE_NOT_ABOVE_BREAKOUT_HIGH|CLOSE_NOT_ABOVE_MA200
2026-09-29T22:10:50.975204+00:00,SIE_FIX_BREAKOUT_QUALITY_R_QUALITY_V1,BTC,BTCUSDT,strategy-lab-v1.0.0:SIE_FIX_BREAKOUT_QUALITY_R_QUALITY_V1,1790704800000,2026-09-29T18:00:00+00:00,83047.65,83673.99,83047.65,83609.98,55.88208522076227,83572.5045,82601.19547952303,84532.66470000001,524.057857142859,0.006267886407135357,50.14612098696693,1.5,False,TREND_SUPPORT_NOT_CONFIRMED|CLOSE_NOT_ABOVE_BREAKOUT_HIGH|CLOSE_NOT_ABOVE_MA200
2026-09-29T22:10:50.975204+00:00,SIE_FIX_BREAKOUT_QUALITY_R_QUALITY_V1,BTC,BTCUSDT,strategy-lab-v1.0.0:SIE_FIX_BREAKOUT_QUALITY_R_QUALITY_V1,1790708400000,2026-09-29T19:00:00+00:00,83608.19,83671.91,83370.01,83571.71,52.44343036357441,83578.253,82608.39276542755,84526.12935,511.1057142857161,0.006115774276794337,55.88208522076227,1.4999999999999842,False,TREND_SUPPORT_NOT_CONFIRMED|PLANNED_REWARD_TOO_LOW|CLOSE_NOT_ABOVE_BREAKOUT_HIGH|CLOSE_NOT_ABOVE_MA200
2026-09-29T22:10:50.975204+00:00,SIE_FIX_BREAKOUT_QUALITY_R_QUALITY_V1,BTC,BTCUSDT,strategy-lab-v1.0.0:SIE_FIX_BREAKOUT_QUALITY_R_QUALITY_V1,1790712000000,2026-09-29T20:00:00+00:00,83566.81,83642.6,83471.47,83582.68,43.398354497940474,83600.063,82650.61868611691,84517.54275000001,479.6935714285729,0.00573915040087938,52.44343036357441,1.4999999999999831,False,TREND_SUPPORT_NOT_CONFIRMED|PLANNED_REWARD_TOO_LOW|CLOSE_NOT_ABOVE_BREAKOUT_HIGH|CLOSE_NOT_ABOVE_MA200|RSI_NOT_MOMENTUM_SUPPORTIVE
2026-09-29T22:10:50.975204+00:00,SIE_FIX_BREAKOUT_QUALITY_R_QUALITY_V1,BTC,BTCUSDT,strategy-lab-v1.0.0:SIE_FIX_BREAKOUT_QUALITY_R_QUALITY_V1,1790715600000,2026-09-29T21:00:00+00:00,83582.68,83590.11,83311.2,83473.96,42.135984981813976,83622.25200000001,82706.99129131372,84507.69545,475.71071428571616,0.0056989115442194925,43.398354497940474,1.499999999999983,False,TREND_SUPPORT_NOT_CONFIRMED|PLANNED_REWARD_TOO_LOW|CLOSE_NOT_ABOVE_BREAKOUT_HIGH|CLOSE_NOT_ABOVE_MA200|RSI_NOT_MOMENTUM_SUPPORTIVE
2026-09-29T22:10:50.975204+00:00,SIE_FIX_BREAKOUT_QUALITY_R_QUALITY_V1,BTC,BTCUSDT,strategy-lab-v1.0.0:SIE_FIX_BREAKOUT_QUALITY_R_QUALITY_V1,1790719200000,2026-09-29T22:00:00+00:00,83473.96,83589.0,83473.96,83506.5,44.324459902347584,83651.075,82790.12940470323,84496.06439999999,442.2050000000007,0.005295456042344018,42.135984981813976,1.5000000000000182,False,TREND_SUPPORT_NOT_CONFIRMED|CLOSE_NOT_ABOVE_BREAKOUT_HIGH|CLOSE_NOT_ABOVE_MA200|RSI_NOT_MOMENTUM_SUPPORTIVE
2026-09-29T22:10:50.975204+00:00,SIE_FIX_BREAKOUT_QUALITY_R_QUALITY_V1,BNB,BNBUSDT,strategy-lab-v1.0.0:SIE_FIX_BREAKOUT_QUALITY_R_QUALITY_V1,1790701200000,2026-09-29T17:00:00+00:00,753.5,754.32,750.48,752.31,39.90825688073387,760.932,751.9376315396781,776.048,4.661428571428579,0.006196153941099519,46.08585858585876,1.5,False,TREND_SUPPORT_NOT_CONFIRMED|CLOSE_NOT_ABOVE_BREAKOUT_HIGH|CLOSE_NOT_ABOVE_MA200|RSI_NOT_MOMENTUM_SUPPORTIVE
2026-09-29T22:10:50.975204+00:00,SIE_FIX_BREAKOUT_QUALITY_R_QUALITY_V1,BNB,BNBUSDT,strategy-lab-v1.0.0:SIE_FIX_BREAKOUT_QUALITY_R_QUALITY_V1,1790704800000,2026-09-29T18:00:00+00:00,752.36,756.7,752.36,755.4,47.73366677086584,760.6,751.3084533042107,775.90235,4.710714285714297,0.006236052800786732,39.90825688073387,1.5,False,TREND_SUPPORT_NOT_CONFIRMED|CLOSE_NOT_ABOVE_BREAKOUT_HIGH|CLOSE_NOT_ABOVE_MA200|RSI_NOT_MOMENTUM_SUPPORTIVE
2026-09-29T22:10:50.975204+00:00,SIE_FIX_BREAKOUT_QUALITY_R_QUALITY_V1,BNB,BNBUSDT,strategy-lab-v1.0.0:SIE_FIX_BREAKOUT_QUALITY_R_QUALITY_V1,1790708400000,2026-09-29T19:00:00+00:00,755.49,756.34,753.51,754.98,42.46391406512256,760.1659999999999,750.6779245365545,775.7245499999999,4.5807142857143015,0.00606733196338221,47.73366677086584,1.5,False,TREND_SUPPORT_NOT_CONFIRMED|CLOSE_NOT_ABOVE_BREAKOUT_HIGH|CLOSE_NOT_ABOVE_MA200|RSI_NOT_MOMENTUM_SUPPORTIVE
2026-09-29T22:10:50.975204+00:00,SIE_FIX_BREAKOUT_QUALITY_R_QUALITY_V1,BNB,BNBUSDT,strategy-lab-v1.0.0:SIE_FIX_BREAKOUT_QUALITY_R_QUALITY_V1,1790712000000,2026-09-29T20:00:00+00:00,755.01,758.2,754.51,757.8,34.27914110429448,760.037,750.4940736144497,775.5627000000001,4.352857142857163,0.005744071183501139,42.46391406512256,1.4999999999999856,False,TREND_SUPPORT_NOT_CONFIRMED|PLANNED_REWARD_TOO_LOW|CLOSE_NOT_ABOVE_BREAKOUT_HIGH|CLOSE_NOT_ABOVE_MA200|RSI_NOT_MOMENTUM_SUPPORTIVE
2026-09-29T22:10:50.975204+00:00,SIE_FIX_BREAKOUT_QUALITY_R_QUALITY_V1,BNB,BNBUSDT,strategy-lab-v1.0.0:SIE_FIX_BREAKOUT_QUALITY_R_QUALITY_V1,1790715600000,2026-09-29T21:00:00+00:00,757.81,758.2,755.59,756.65,33.160237388724056,759.9765,750.3640450066056,775.3753999999999,4.089285714285738,0.005404461394681476,34.27914110429448,1.4999999999999845,False,TREND_SUPPORT_NOT_CONFIRMED|PLANNED_REWARD_TOO_LOW|CLOSE_NOT_ABOVE_BREAKOUT_HIGH|CLOSE_NOT_ABOVE_MA200|RSI_NOT_MOMENTUM_SUPPORTIVE
2026-09-29T22:10:50.975204+00:00,SIE_FIX_BREAKOUT_QUALITY_R_QUALITY_V1,BNB,BNBUSDT,strategy-lab-v1.0.0:SIE_FIX_BREAKOUT_QUALITY_R_QUALITY_V1,1790719200000,2026-09-29T22:00:00+00:00,757.12,758.8,757.12,758.12,39.6722560975611,760.08,750.5951552463927,775.1792,3.9150000000000205,0.005164090117659501,33.160237388724056,1.5,False,TREND_SUPPORT_NOT_CONFIRMED|CLOSE_NOT_ABOVE_BREAKOUT_HIGH|CLOSE_NOT_ABOVE_MA200|RSI_NOT_MOMENTUM_SUPPORTIVE
2026-09-29T22:10:50.975204+00:00,SIE_FIX_BREAKOUT_QUALITY_R_QUALITY_V1,PAXG,PAXGUSDT,strategy-lab-v1.0.0:SIE_FIX_BREAKOUT_QUALITY_R_QUALITY_V1,1790701200000,2026-09-29T17:00:00+00:00,4152.97,4155.7,4150.27,4151.0,55.675539929683666,4151.2685,4127.4699510736655,4267.612950000001,10.644285714285486,0.002564270227483856,54.49182745483629,1.5,False,TREND_SUPPORT_NOT_CONFIRMED|CLOSE_NOT_ABOVE_BREAKOUT_HIGH|CLOSE_NOT_ABOVE_MA200
2026-09-29T22:10:50.975204+00:00,SIE_FIX_BREAKOUT_QUALITY_R_QUALITY_V1,PAXG,PAXGUSDT,strategy-lab-v1.0.0:SIE_FIX_BREAKOUT_QUALITY_R_QUALITY_V1,1790704800000,2026-09-29T18:00:00+00:00,4156.2,4180.0,4154.73,4176.95,69.42222222222253,4153.4980000000005,4128.862865253075,4266.79915,12.267142857142646,0.0029368661001789934,55.675539929683666,1.5,False,TREND_SUPPORT_NOT_CONFIRMED|CLOSE_NOT_ABOVE_BREAKOUT_HIGH|CLOSE_NOT_ABOVE_MA200
2026-09-29T22:10:50.975204+00:00,SIE_FIX_BREAKOUT_QUALITY_R_QUALITY_V1,PAXG,PAXGUSDT,strategy-lab-v1.0.0:SIE_FIX_BREAKOUT_QUALITY_R_QUALITY_V1,1790708400000,2026-09-29T19:00:00+00:00,4177.54,4182.52,4174.46,4182.52,67.32798649219117,4155.760499999999,4129.261444564018,4265.89,11.484285714285502,0.0027457814222730556,69.42222222222253,1.500000000000044,False,TREND_SUPPORT_NOT_CONFIRMED|CLOSE_NOT_ABOVE_BREAKOUT_HIGH|CLOSE_NOT_ABOVE_MA200
2026-09-29T22:10:50.975204+00:00,SIE_FIX_BREAKOUT_QUALITY_R_QUALITY_V1,PAXG,PAXGUSDT,strategy-lab-v1.0.0:SIE_FIX_BREAKOUT_QUALITY_R_QUALITY_V1,1790712000000,2026-09-29T20:00:00+00:00,4178.77,4189.28,4177.64,4188.5,68.92190323228294,4158.764499999999,4131.727890393778,4265.049150000001,11.897857142856926,0.002840600965227868,67.32798649219117,1.5,False,TREND_SUPPORT_NOT_CONFIRMED|CLOSE_NOT_ABOVE_BREAKOUT_HIGH|CLOSE_NOT_ABOVE_MA200
2026-09-29T22:10:50.975204+00:00,SIE_FIX_BREAKOUT_QUALITY_R_QUALITY_V1,PAXG,PAXGUSDT,strategy-lab-v1.0.0:SIE_FIX_BREAKOUT_QUALITY_R_QUALITY_V1,1790715600000,2026-09-29T21:00:00+00:00,4188.5,4188.5,4181.66,4187.18,67.28157307926264,4160.8945,4132.014077928997,4264.2634,11.864999999999782,0.0028336493773852044,68.92190323228294,1.5,False,TREND_SUPPORT_NOT_CONFIRMED|CLOSE_NOT_ABOVE_BREAKOUT_HIGH|CLOSE_NOT_ABOVE_MA200
2026-09-29T22:10:50.975204+00:00,SIE_FIX_BREAKOUT_QUALITY_R_QUALITY_V1,PAXG,PAXGUSDT,strategy-lab-v1.0.0:SIE_FIX_BREAKOUT_QUALITY_R_QUALITY_V1,1790719200000,2026-09-29T22:00:00+00:00,4189.43,4189.44,4187.56,4188.18,68.89570552147273,4163.0205,4132.714048888078,4263.51155,11.391428571428346,0.002719899472188002,67.28157307926264,1.4999999999999556,False,TREND_SUPPORT_NOT_CONFIRMED|PLANNED_REWARD_TOO_LOW|CLOSE_NOT_ABOVE_BREAKOUT_HIGH|CLOSE_NOT_ABOVE_MA200
2026-09-30T05:25:06.966067+00:00,SIE_FIX_BREAKOUT_QUALITY_R_QUALITY_V1,BTC,BTCUSDT,strategy-lab-v1.0.0:SIE_FIX_BREAKOUT_QUALITY_R_QUALITY_V1,1790722800000,2026-09-29T23:00:00+00:00,83583.12,83829.87,83569.79,83638.42,39.38894167931785,83684.908,82873.52349313207,84484.97375,425.12785714285775,0.0050829254921704375,45.71543161972322,1.499999999999981,False,TREND_SUPPORT_NOT_CONFIRMED|PLANNED_REWARD_TOO_LOW|CLOSE_NOT_ABOVE_BREAKOUT_HIGH|CLOSE_NOT_ABOVE_MA200|RSI_NOT_MOMENTUM_SUPPORTIVE
2026-09-30T05:25:06.966067+00:00,SIE_FIX_BREAKOUT_QUALITY_R_QUALITY_V1,BTC,BTCUSDT,strategy-lab-v1.0.0:SIE_FIX_BREAKOUT_QUALITY_R_QUALITY_V1,1790726400000,2026-09-30T00:00:00+00:00,83638.42,83700.0,83307.01,83418.28,39.39295740288268,83697.29400000001,82910.50400828855,84472.22575,426.94214285714406,0.005118088539552051,39.38894167931785,1.4999999999999811,False,TREND_SUPPORT_NOT_CONFIRMED|PLANNED_REWARD_TOO_LOW|CLOSE_NOT_ABOVE_BREAKOUT_HIGH|CLOSE_NOT_ABOVE_MA200|RSI_NOT_MOMENTUM_SUPPORTIVE
2026-09-30T05:25:06.966067+00:00,SIE_FIX_BREAKOUT_QUALITY_R_QUALITY_V1,BTC,BTCUSDT,strategy-lab-v1.0.0:SIE_FIX_BREAKOUT_QUALITY_R_QUALITY_V1,1790730000000,2026-09-30T01:00:00+00:00,83418.28,83523.04,83289.0,83404.75,31.137867073750797,83697.60949999999,82911.29420152215,84459.73889999998,402.02928571428595,0.004820220499603271,39.39295740288268,1.5,False,TREND_SUPPORT_NOT_CONFIRMED|CLOSE_NOT_ABOVE_BREAKOUT_HIGH|CLOSE_NOT_ABOVE_MA200|RSI_NOT_MOMENTUM_SUPPORTIVE
2026-09-30T05:25:06.966067+00:00,SIE_FIX_BREAKOUT_QUALITY_R_QUALITY_V1,BTC,BTCUSDT,strategy-lab-v1.0.0:SIE_FIX_BREAKOUT_QUALITY_R_QUALITY_V1,1790733600000,2026-09-30T02:00:00+00:00,83404.76,83584.01,83240.02,83347.68,30.67277335586226,83666.193,82876.67889243427,84446.11839999999,399.63142857142833,0.004794751678408185,31.137867073750797,1.5,False,TREND_SUPPORT_NOT_CONFIRMED|CLOSE_NOT_ABOVE_BREAKOUT_HIGH|CLOSE_NOT_ABOVE_MA200|RSI_NOT_MOMENTUM_SUPPORTIVE
2026-09-30T05:25:06.966067+00:00,SIE_FIX_BREAKOUT_QUALITY_R_QUALITY_V1,BTC,BTCUSDT,strategy-lab-v1.0.0:SIE_FIX_BREAKOUT_QUALITY_R_QUALITY_V1,1790737200000,2026-09-30T03:00:00+00:00,83347.68,83391.0,83120.23,83269.16,31.072581041458108,83631.824,82836.03861565486,84429.98934999999,378.26571428571435,0.004542686803682351,30.67277335586226,1.5000000000000213,False,TREND_SUPPORT_NOT_CONFIRMED|CLOSE_NOT_ABOVE_BREAKOUT_HIGH|CLOSE_NOT_ABOVE_MA200|RSI_NOT_MOMENTUM_SUPPORTIVE
2026-09-30T05:25:06.966067+00:00,SIE_FIX_BREAKOUT_QUALITY_R_QUALITY_V1,BTC,BTCUSDT,strategy-lab-v1.0.0:SIE_FIX_BREAKOUT_QUALITY_R_QUALITY_V1,1790740800000,2026-09-30T04:00:00+00:00,83269.16,83386.96,83162.95,83174.05,36.817359153391614,83598.23049999999,82784.90137071694,84410.9595,346.22285714285783,0.0041626307381071115,31.072581041458108,1.5,False,TREND_SUPPORT_NOT_CONFIRMED|CLOSE_NOT_ABOVE_BREAKOUT_HIGH|CLOSE_NOT_ABOVE_MA200|RSI_NOT_MOMENTUM_SUPPORTIVE
2026-09-30T05:25:06.966067+00:00,SIE_FIX_BREAKOUT_QUALITY_R_QUALITY_V1,BTC,BTCUSDT,strategy-lab-v1.0.0:SIE_FIX_BREAKOUT_QUALITY_R_QUALITY_V1,1790744400000,2026-09-30T05:00:00+00:00,83174.06,83322.66,83149.51,83269.66,57.18387535054335,83550.64700000001,82778.38497713125,84394.5213,297.6385714285726,0.0035743939800951825,36.817359153391614,1.5,False,TREND_SUPPORT_NOT_CONFIRMED|CLOSE_NOT_ABOVE_BREAKOUT_HIGH|CLOSE_NOT_ABOVE_MA200
2026-09-30T05:25:06.966067+00:00,SIE_FIX_BREAKOUT_QUALITY_R_QUALITY_V1,BNB,BNBUSDT,strategy-lab-v1.0.0:SIE_FIX_BREAKOUT_QUALITY_R_QUALITY_V1,1790722800000,2026-09-29T23:00:00+00:00,758.75,761.23,755.88,758.58,39.209726443769114,760.117,750.6579385243548,774.9583,4.152142857142873,0.00547357280332051,41.08671380722006,1.5000000000000153,False,TREND_SUPPORT_NOT_CONFIRMED|CLOSE_NOT_ABOVE_BREAKOUT_HIGH|CLOSE_NOT_ABOVE_MA200|RSI_NOT_MOMENTUM_SUPPORTIVE
2026-09-30T05:25:06.966067+00:00,SIE_FIX_BREAKOUT_QUALITY_R_QUALITY_V1,BNB,BNBUSDT,strategy-lab-v1.0.0:SIE_FIX_BREAKOUT_QUALITY_R_QUALITY_V1,1790726400000,2026-09-30T00:00:00+00:00,758.63,760.24,756.94,759.26,41.014168530946975,760.2375,750.8872061543482,774.7656999999999,4.233571428571444,0.0055759179050278475,39.209726443769114,1.5000000000000149,False,TREND_SUPPORT_NOT_CONFIRMED|CLOSE_NOT_ABOVE_BREAKOUT_HIGH|CLOSE_NOT_ABOVE_MA200|RSI_NOT_MOMENTUM_SUPPORTIVE
2026-09-30T05:25:06.966067+00:00,SIE_FIX_BREAKOUT_QUALITY_R_QUALITY_V1,BNB,BNBUSDT,strategy-lab-v1.0.0:SIE_FIX_BREAKOUT_QUALITY_R_QUALITY_V1,1790730000000,2026-09-30T01:00:00+00:00,758.93,761.42,758.65,759.92,37.321711568938014,760.26,750.9150377207806,774.58575,4.145714285714299,0.005455461477147989,41.014168530946975,1.5,False,TREND_SUPPORT_NOT_CONFIRMED|CLOSE_NOT_ABOVE_BREAKOUT_HIGH|CLOSE_NOT_ABOVE_MA200|RSI_NOT_MOMENTUM_SUPPORTIVE
2026-09-30T05:25:06.966067+00:00,SIE_FIX_BREAKOUT_QUALITY_R_QUALITY_V1,BNB,BNBUSDT,strategy-lab-v1.0.0:SIE_FIX_BREAKOUT_QUALITY_R_QUALITY_V1,1790733600000,2026-09-30T02:00:00+00:00,759.75,763.21,759.64,762.24,43.59450427033042,760.0719999999999,751.05083023106,774.39185,4.192857142857163,0.005500704689936454,37.321711568938014,1.499999999999985,False,TREND_SUPPORT_NOT_CONFIRMED|PLANNED_REWARD_TOO_LOW|CLOSE_NOT_ABOVE_BREAKOUT_HIGH|CLOSE_NOT_ABOVE_MA200|RSI_NOT_MOMENTUM_SUPPORTIVE
2026-09-30T05:25:06.966067+00:00,SIE_FIX_BREAKOUT_QUALITY_R_QUALITY_V1,BNB,BNBUSDT,strategy-lab-v1.0.0:SIE_FIX_BREAKOUT_QUALITY_R_QUALITY_V1,1790737200000,2026-09-30T03:00:00+00:00,761.88,762.29,758.23,760.48,41.73480270174195,759.8095000000001,751.1644679584149,774.1940000000001,4.232857142857158,0.005566033482612505,43.59450427033042,1.5,False,TREND_SUPPORT_NOT_CONFIRMED|CLOSE_NOT_ABOVE_BREAKOUT_HIGH|CLOSE_NOT_ABOVE_MA200|RSI_NOT_MOMENTUM_SUPPORTIVE
2026-09-30T05:25:06.966067+00:00,SIE_FIX_BREAKOUT_QUALITY_R_QUALITY_V1,BNB,BNBUSDT,strategy-lab-v1.0.0:SIE_FIX_BREAKOUT_QUALITY_R_QUALITY_V1,1790740800000,2026-09-30T04:00:00+00:00,760.45,763.88,760.37,761.88,46.71169569854244,759.7265,751.1951993371447,773.9793000000001,4.18214285714287,0.0054892409003292775,41.73480270174195,1.5,False,TREND_SUPPORT_NOT_CONFIRMED|CLOSE_NOT_ABOVE_BREAKOUT_HIGH|CLOSE_NOT_ABOVE_MA200|RSI_NOT_MOMENTUM_SUPPORTIVE
2026-09-30T05:25:06.966067+00:00,SIE_FIX_BREAKOUT_QUALITY_R_QUALITY_V1,BNB,BNBUSDT,strategy-lab-v1.0.0:SIE_FIX_BREAKOUT_QUALITY_R_QUALITY_V1,1790744400000,2026-09-30T05:00:00+00:00,761.9,764.8,761.89,764.23,76.49382716049388,759.725,751.1968782841686,773.7770999999999,3.621428571428583,0.004738663192270106,46.71169569854244,1.4999999999999825,False,TREND_SUPPORT_NOT_CONFIRMED|PLANNED_REWARD_TOO_LOW|CLOSE_NOT_ABOVE_BREAKOUT_HIGH|CLOSE_NOT_ABOVE_MA200
2026-09-30T05:25:06.966067+00:00,SIE_FIX_BREAKOUT_QUALITY_R_QUALITY_V1,PAXG,PAXGUSDT,strategy-lab-v1.0.0:SIE_FIX_BREAKOUT_QUALITY_R_QUALITY_V1,1790722800000,2026-09-29T23:00:00+00:00,4185.54,4192.18,4183.99,4191.64,68.23541068067007,4165.3724999999995,4134.61075305677,4262.7302500000005,11.785714285714155,0.002811719108920173,67.43193823648932,1.5,False,TREND_SUPPORT_NOT_CONFIRMED|CLOSE_NOT_ABOVE_MA200
2026-09-30T05:25:06.966067+00:00,SIE_FIX_BREAKOUT_QUALITY_R_QUALITY_V1,PAXG,PAXGUSDT,strategy-lab-v1.0.0:SIE_FIX_BREAKOUT_QUALITY_R_QUALITY_V1,1790726400000,2026-09-30T00:00:00+00:00,4191.87,4191.87,4182.93,4182.93,59.258519036674684,4167.638000000001,4138.769885686812,4261.9413,11.725714285714146,0.002803229861774915,68.23541068067007,1.5,False,TREND_SUPPORT_NOT_CONFIRMED|CLOSE_NOT_ABOVE_BREAKOUT_HIGH|CLOSE_NOT_ABOVE_MA200
2026-09-30T05:25:06.966067+00:00,SIE_FIX_BREAKOUT_QUALITY_R_QUALITY_V1,PAXG,PAXGUSDT,strategy-lab-v1.0.0:SIE_FIX_BREAKOUT_QUALITY_R_QUALITY_V1,1790730000000,2026-09-30T01:00:00+00:00,4185.76,4186.27,4174.69,4178.57,57.46680879930215,4169.0824999999995,4141.074903262697,4261.1173499999995,11.806428571428503,0.0028254710514430785,59.258519036674684,1.4999999999999571,False,TREND_SUPPORT_NOT_CONFIRMED|PLANNED_REWARD_TOO_LOW|CLOSE_NOT_ABOVE_BREAKOUT_HIGH|CLOSE_NOT_ABOVE_MA200
2026-09-30T05:25:06.966067+00:00,SIE_FIX_BREAKOUT_QUALITY_R_QUALITY_V1,PAXG,PAXGUSDT,strategy-lab-v1.0.0:SIE_FIX_BREAKOUT_QUALITY_R_QUALITY_V1,1790733600000,2026-09-30T02:00:00+00:00,4178.57,4190.96,4178.57,4188.32,62.85272164573077,4170.958500000001,4143.074556753046,4260.3462,12.012857142857099,0.002868180354618821,57.46680879930215,1.499999999999958,False,TREND_SUPPORT_NOT_CONFIRMED|PLANNED_REWARD_TOO_LOW|CLOSE_NOT_ABOVE_BREAKOUT_HIGH|CLOSE_NOT_ABOVE_MA200
2026-09-30T05:25:06.966067+00:00,SIE_FIX_BREAKOUT_QUALITY_R_QUALITY_V1,PAXG,PAXGUSDT,strategy-lab-v1.0.0:SIE_FIX_BREAKOUT_QUALITY_R_QUALITY_V1,1790737200000,2026-09-30T03:00:00+00:00,4188.32,4188.32,4179.42,4181.3,56.77361048350648,4172.3695,4145.406344046006,4259.54525,11.819285714285668,0.0028267011968253096,62.85272164573077,1.4999999999999571,False,TREND_SUPPORT_NOT_CONFIRMED|PLANNED_REWARD_TOO_LOW|CLOSE_NOT_ABOVE_BREAKOUT_HIGH|CLOSE_NOT_ABOVE_MA200
2026-09-30T05:25:06.966067+00:00,SIE_FIX_BREAKOUT_QUALITY_R_QUALITY_V1,PAXG,PAXGUSDT,strategy-lab-v1.0.0:SIE_FIX_BREAKOUT_QUALITY_R_QUALITY_V1,1790740800000,2026-09-30T04:00:00+00:00,4182.45,4190.5,4179.73,4188.27,55.77438742487316,4174.222,4148.252986464645,4258.7873,11.54571428571431,0.0027566786013591073,56.77361048350648,1.5,False,TREND_SUPPORT_NOT_CONFIRMED|CLOSE_NOT_ABOVE_BREAKOUT_HIGH|CLOSE_NOT_ABOVE_MA200
2026-09-30T05:25:06.966067+00:00,SIE_FIX_BREAKOUT_QUALITY_R_QUALITY_V1,PAXG,PAXGUSDT,strategy-lab-v1.0.0:SIE_FIX_BREAKOUT_QUALITY_R_QUALITY_V1,1790744400000,2026-09-30T05:00:00+00:00,4188.02,4188.02,4172.97,4176.63,55.74861367837358,4175.312,4150.907348312269,4257.9667,11.279285714285768,0.0027005709661343637,55.77438742487316,1.5,False,TREND_SUPPORT_NOT_CONFIRMED|CLOSE_NOT_ABOVE_BREAKOUT_HIGH|CLOSE_NOT_ABOVE_MA200
2026-09-30T12:27:07.126878+00:00,SIE_FIX_BREAKOUT_QUALITY_R_QUALITY_V1,BTC,BTCUSDT,strategy-lab-v1.0.0:SIE_FIX_BREAKOUT_QUALITY_R_QUALITY_V1,1790748000000,2026-09-30T06:00:00+00:00,83351.59,83400.0,82923.96,83005.88,49.4520410480672,83504.992,82731.04627974247,84377.84469999999,313.99142857142994,0.0037827612763268086,59.4096596533084,1.5,False,TREND_SUPPORT_NOT_CONFIRMED|CLOSE_NOT_ABOVE_BREAKOUT_HIGH|CLOSE_NOT_ABOVE_MA200|RSI_NOT_MOMENTUM_SUPPORTIVE
2026-09-30T12:27:07.126878+00:00,SIE_FIX_BREAKOUT_QUALITY_R_QUALITY_V1,BTC,BTCUSDT,strategy-lab-v1.0.0:SIE_FIX_BREAKOUT_QUALITY_R_QUALITY_V1,1790751600000,2026-09-30T07:00:00+00:00,83005.88,83434.32,82911.86,83259.85,54.98153766551467,83451.783,82769.49167063623,84361.16925,332.4757142857166,0.003993229801467533,49.4520410480672,1.5,False,TREND_SUPPORT_NOT_CONFIRMED|CLOSE_NOT_ABOVE_BREAKOUT_HIGH|CLOSE_NOT_ABOVE_MA200
2026-09-30T12:27:07.126878+00:00,SIE_FIX_BREAKOUT_QUALITY_R_QUALITY_V1,BTC,BTCUSDT,strategy-lab-v1.0.0:SIE_FIX_BREAKOUT_QUALITY_R_QUALITY_V1,1790755200000,2026-09-30T08:00:00+00:00,83259.84,83310.8,82974.25,83023.16,33.705781085133225,83387.74549999999,82804.10374095596,84346.90475,311.7764285714303,0.003755294649967916,54.98153766551467,1.499999999999974,False,TREND_SUPPORT_NOT_CONFIRMED|PLANNED_REWARD_TOO_LOW|CLOSE_NOT_ABOVE_BREAKOUT_HIGH|CLOSE_NOT_ABOVE_MA200|RSI_NOT_MOMENTUM_SUPPORTIVE
2026-09-30T12:27:07.126878+00:00,SIE_FIX_BREAKOUT_QUALITY_R_QUALITY_V1,BTC,BTCUSDT,strategy-lab-v1.0.0:SIE_FIX_BREAKOUT_QUALITY_R_QUALITY_V1,1790758800000,2026-09-30T09:00:00+00:00,83023.15,83779.01,83008.44,83598.19,50.56642680516451,83357.977,82893.1296870412,84336.90235000002,345.25285714285775,0.004129908280823517,33.705781085133225,1.5,False,TREND_SUPPORT_NOT_CONFIRMED|CLOSE_NOT_ABOVE_BREAKOUT_HIGH|CLOSE_NOT_ABOVE_MA200
2026-09-30T12:27:07.126878+00:00,SIE_FIX_BREAKOUT_QUALITY_R_QUALITY_V1,BTC,BTCUSDT,strategy-lab-v1.0.0:SIE_FIX_BREAKOUT_QUALITY_R_QUALITY_V1,1790762400000,2026-09-30T10:00:00+00:00,83598.19,83930.98,83598.18,83883.37,55.75666144650755,83366.2745,82871.12266754857,84327.8192,356.8007142857147,0.004253533379568736,50.56642680516451,1.4999999999999774,False,TREND_SUPPORT_NOT_CONFIRMED|PLANNED_REWARD_TOO_LOW|CLOSE_NOT_ABOVE_BREAKOUT_HIGH|CLOSE_NOT_ABOVE_MA200
2026-09-30T12:27:07.126878+00:00,SIE_FIX_BREAKOUT_QUALITY_R_QUALITY_V1,BTC,BTCUSDT,strategy-lab-v1.0.0:SIE_FIX_BREAKOUT_QUALITY_R_QUALITY_V1,1790766000000,2026-09-30T11:00:00+00:00,83883.36,83954.31,83654.46,83879.17,58.08108808806807,83407.4835,82886.31619360791,84318.87585000001,358.2964285714282,0.004271578135208398,55.75666144650755,1.5,False,TREND_SUPPORT_NOT_CONFIRMED|CLOSE_NOT_ABOVE_BREAKOUT_HIGH|CLOSE_NOT_ABOVE_MA200
2026-09-30T12:27:07.126878+00:00,SIE_FIX_BREAKOUT_QUALITY_R_QUALITY_V1,BTC,BTCUSDT,strategy-lab-v1.0.0:SIE_FIX_BREAKOUT_QUALITY_R_QUALITY_V1,1790769600000,2026-09-30T12:00:00+00:00,83879.17,83920.31,83716.43,83836.49,55.19058291370839,83447.97649999999,82925.62023577798,84310.8605,357.3700000000005,0.004262702314946636,58.08108808806807,1.5,False,TREND_SUPPORT_NOT_CONFIRMED|CLOSE_NOT_ABOVE_BREAKOUT_HIGH|CLOSE_NOT_ABOVE_MA200
2026-09-30T12:27:07.126878+00:00,SIE_FIX_BREAKOUT_QUALITY_R_QUALITY_V1,BNB,BNBUSDT,strategy-lab-v1.0.0:SIE_FIX_BREAKOUT_QUALITY_R_QUALITY_V1,1790748000000,2026-09-30T06:00:00+00:00,763.86,764.12,756.36,756.92,56.11090842758099,759.365,751.0032358320722,773.5574,3.834285714285727,0.005065641962539934,76.4473033151906,1.5,False,TREND_SUPPORT_NOT_CONFIRMED|CLOSE_NOT_ABOVE_BREAKOUT_HIGH|CLOSE_NOT_ABOVE_MA200
2026-09-30T12:27:07.126878+00:00,SIE_FIX_BREAKOUT_QUALITY_R_QUALITY_V1,BNB,BNBUSDT,strategy-lab-v1.0.0:SIE_FIX_BREAKOUT_QUALITY_R_QUALITY_V1,1790751600000,2026-09-30T07:00:00+00:00,756.72,760.32,756.0,759.09,61.97033898305098,759.0035,751.2745226420282,773.3566999999999,3.8685714285714425,0.005096327745815967,56.11090842758099,1.5000000000000164,False,TREND_SUPPORT_NOT_CONFIRMED|CLOSE_NOT_ABOVE_BREAKOUT_HIGH|CLOSE_NOT_ABOVE_MA200
2026-09-30T12:27:07.126878+00:00,SIE_FIX_BREAKOUT_QUALITY_R_QUALITY_V1,BNB,BNBUSDT,strategy-lab-v1.0.0:SIE_FIX_BREAKOUT_QUALITY_R_QUALITY_V1,1790755200000,2026-09-30T08:00:00+00:00,758.88,759.97,757.29,759.54,58.060747663551396,758.696,751.5914538498198,773.1829500000001,3.746428571428583,0.004932496736746693,61.97033898305098,1.4999999999999831,False,TREND_SUPPORT_NOT_CONFIRMED|PLANNED_REWARD_TOO_LOW|CLOSE_NOT_ABOVE_BREAKOUT_HIGH|CLOSE_NOT_ABOVE_MA200
2026-09-30T12:27:07.126878+00:00,SIE_FIX_BREAKOUT_QUALITY_R_QUALITY_V1,BNB,BNBUSDT,strategy-lab-v1.0.0:SIE_FIX_BREAKOUT_QUALITY_R_QUALITY_V1,1790758800000,2026-09-30T09:00:00+00:00,759.86,765.71,759.86,764.68,65.95394736842096,758.6735,751.6481935298137,773.06065,3.9850000000000136,0.00521133022963856,58.060747663551396,1.4999999999999842,False,TREND_SUPPORT_NOT_CONFIRMED|PLANNED_REWARD_TOO_LOW|CLOSE_NOT_ABOVE_BREAKOUT_HIGH|CLOSE_NOT_ABOVE_MA200
2026-09-30T12:27:07.126878+00:00,SIE_FIX_BREAKOUT_QUALITY_R_QUALITY_V1,BNB,BNBUSDT,strategy-lab-v1.0.0:SIE_FIX_BREAKOUT_QUALITY_R_QUALITY_V1,1790762400000,2026-09-30T10:00:00+00:00,764.96,770.28,764.65,770.28,68.80650994575045,759.001,750.5894343906713,772.95875,4.123571428571438,0.005353340900155058,65.95394736842096,1.5,False,TREND_SUPPORT_NOT_CONFIRMED|CLOSE_NOT_ABOVE_BREAKOUT_HIGH|CLOSE_NOT_ABOVE_MA200
2026-09-30T12:27:07.126878+00:00,SIE_FIX_BREAKOUT_QUALITY_R_QUALITY_V1,BNB,BNBUSDT,strategy-lab-v1.0.0:SIE_FIX_BREAKOUT_QUALITY_R_QUALITY_V1,1790766000000,2026-09-30T11:00:00+00:00,770.56,770.56,767.39,770.37,71.35740971357406,759.8444999999999,750.4792931683255,772.8631,4.1635714285714345,0.005404638587394933,68.80650994575045,1.5,False,TREND_SUPPORT_NOT_CONFIRMED|CLOSE_NOT_ABOVE_MA200
2026-09-30T12:27:07.126878+00:00,SIE_FIX_BREAKOUT_QUALITY_R_QUALITY_V1,BNB,BNBUSDT,strategy-lab-v1.0.0:SIE_FIX_BREAKOUT_QUALITY_R_QUALITY_V1,1790769600000,2026-09-30T12:00:00+00:00,770.1,770.1,767.46,768.41,65.10318949343329,760.5865,750.9789752927697,772.76875,4.172857142857148,0.005430508638431499,71.35740971357406,1.500000000000015,False,TREND_SUPPORT_NOT_CONFIRMED|CLOSE_NOT_ABOVE_BREAKOUT_HIGH|CLOSE_NOT_ABOVE_MA200
2026-09-30T12:27:07.126878+00:00,SIE_FIX_BREAKOUT_QUALITY_R_QUALITY_V1,PAXG,PAXGUSDT,strategy-lab-v1.0.0:SIE_FIX_BREAKOUT_QUALITY_R_QUALITY_V1,1790748000000,2026-09-30T06:00:00+00:00,4183.28,4198.62,4183.28,4196.08,71.4456273007657,4177.294,4151.619300858638,4257.19505,11.397857142857188,0.002716310733555411,60.175578611333,1.4999999999999556,False,TREND_SUPPORT_NOT_CONFIRMED|PLANNED_REWARD_TOO_LOW|CLOSE_NOT_ABOVE_MA200
2026-09-30T12:27:07.126878+00:00,SIE_FIX_BREAKOUT_QUALITY_R_QUALITY_V1,PAXG,PAXGUSDT,strategy-lab-v1.0.0:SIE_FIX_BREAKOUT_QUALITY_R_QUALITY_V1,1790751600000,2026-09-30T07:00:00+00:00,4197.14,4205.79,4197.02,4198.86,73.61823924200522,4179.079,4152.630753252824,4256.36755,11.70357142857152,0.0027873211844575718,71.4456273007657,1.499999999999957,False,TREND_SUPPORT_NOT_CONFIRMED|PLANNED_REWARD_TOO_LOW|CLOSE_NOT_ABOVE_MA200
2026-09-30T12:27:07.126878+00:00,SIE_FIX_BREAKOUT_QUALITY_R_QUALITY_V1,PAXG,PAXGUSDT,strategy-lab-v1.0.0:SIE_FIX_BREAKOUT_QUALITY_R_QUALITY_V1,1790755200000,2026-09-30T08:00:00+00:00,4199.17,4206.63,4195.16,4195.16,61.515113190843486,4180.8330000000005,4155.011865168249,4255.564200000001,10.45142857142868,0.0024913063080856702,73.61823924200522,1.5000000000000484,False,TREND_SUPPORT_NOT_CONFIRMED|CLOSE_NOT_ABOVE_BREAKOUT_HIGH|CLOSE_NOT_ABOVE_MA200
2026-09-30T12:27:07.126878+00:00,SIE_FIX_BREAKOUT_QUALITY_R_QUALITY_V1,PAXG,PAXGUSDT,strategy-lab-v1.0.0:SIE_FIX_BREAKOUT_QUALITY_R_QUALITY_V1,1790758800000,2026-09-30T09:00:00+00:00,4196.69,4198.03,4188.63,4194.56,58.12415654520921,4182.2455,4156.667130642289,4254.8097,10.547142857142912,0.0025144813418196215,61.515113190843486,1.499999999999952,False,TREND_SUPPORT_NOT_CONFIRMED|PLANNED_REWARD_TOO_LOW|CLOSE_NOT_ABOVE_BREAKOUT_HIGH|CLOSE_NOT_ABOVE_MA200
2026-09-30T12:27:07.126878+00:00,SIE_FIX_BREAKOUT_QUALITY_R_QUALITY_V1,PAXG,PAXGUSDT,strategy-lab-v1.0.0:SIE_FIX_BREAKOUT_QUALITY_R_QUALITY_V1,1790762400000,2026-09-30T10:00:00+00:00,4194.39,4195.03,4187.05,4189.91,50.968805826576784,4182.951999999999,4157.346438416634,4254.062849999999,10.28571428571435,0.002454877141922941,58.12415654520921,1.5,False,TREND_SUPPORT_NOT_CONFIRMED|CLOSE_NOT_ABOVE_BREAKOUT_HIGH|CLOSE_NOT_ABOVE_MA200
2026-09-30T12:27:07.126878+00:00,SIE_FIX_BREAKOUT_QUALITY_R_QUALITY_V1,PAXG,PAXGUSDT,strategy-lab-v1.0.0:SIE_FIX_BREAKOUT_QUALITY_R_QUALITY_V1,1790766000000,2026-09-30T11:00:00+00:00,4189.91,4196.41,4182.66,4189.82,51.845121610287514,4184.2335,4159.982578965954,4253.30915,10.779285714285768,0.0025727324119617953,50.968805826576784,1.4999999999999531,False,TREND_SUPPORT_NOT_CONFIRMED|PLANNED_REWARD_TOO_LOW|CLOSE_NOT_ABOVE_BREAKOUT_HIGH|CLOSE_NOT_ABOVE_MA200
2026-09-30T12:27:07.126878+00:00,SIE_FIX_BREAKOUT_QUALITY_R_QUALITY_V1,PAXG,PAXGUSDT,strategy-lab-v1.0.0:SIE_FIX_BREAKOUT_QUALITY_R_QUALITY_V1,1790769600000,2026-09-30T12:00:00+00:00,4190.47,4195.67,4188.29,4194.58,56.05411197428333,4186.314,4166.396119189042,4252.58125,10.792857142857233,0.0025730483487875384,51.845121610287514,1.5000000000000469,False,TREND_SUPPORT_NOT_CONFIRMED|CLOSE_NOT_ABOVE_BREAKOUT_HIGH|CLOSE_NOT_ABOVE_MA200
2026-09-30T19:09:29.766961+00:00,SIE_FIX_BREAKOUT_QUALITY_R_QUALITY_V1,BTC,BTCUSDT,strategy-lab-v1.0.0:SIE_FIX_BREAKOUT_QUALITY_R_QUALITY_V1,1790773200000,2026-09-30T13:00:00+00:00,85258.3,85613.72,83974.75,84608.12,61.08994094209036,83597.0705,82574.13590949075,84314.01665,569.6200000000006,0.006732450738770707,72.17528745522384,1.5,False,TREND_SUPPORT_NOT_CONFIRMED|CLOSE_NOT_ABOVE_BREAKOUT_HIGH
2026-09-30T19:09:29.766961+00:00,SIE_FIX_BREAKOUT_QUALITY_R_QUALITY_V1,BTC,BTCUSDT,strategy-lab-v1.0.0:SIE_FIX_BREAKOUT_QUALITY_R_QUALITY_V1,1790776800000,2026-09-30T14:00:00+00:00,84605.29,84612.25,83308.56,83754.46,53.35810608330847,83604.29449999999,82579.05921399959,84305.9928,634.6700000000003,0.007577745710497092,61.08994094209036,1.5000000000000127,False,TREND_SUPPORT_NOT_CONFIRMED|CLOSE_NOT_ABOVE_BREAKOUT_HIGH|CLOSE_NOT_ABOVE_MA200
2026-09-30T19:09:29.766961+00:00,SIE_FIX_BREAKOUT_QUALITY_R_QUALITY_V1,BTC,BTCUSDT,strategy-lab-v1.0.0:SIE_FIX_BREAKOUT_QUALITY_R_QUALITY_V1,1790780400000,2026-09-30T15:00:00+00:00,83754.46,84265.96,83623.02,84084.66,56.38752614065325,83629.942,82583.79953005371,84299.71685000001,663.8771428571438,0.007895341942955394,53.35810608330847,1.5,False,TREND_SUPPORT_NOT_CONFIRMED|CLOSE_NOT_ABOVE_BREAKOUT_HIGH|CLOSE_NOT_ABOVE_MA200
2026-09-30T19:09:29.766961+00:00,SIE_FIX_BREAKOUT_QUALITY_R_QUALITY_V1,BTC,BTCUSDT,strategy-lab-v1.0.0:SIE_FIX_BREAKOUT_QUALITY_R_QUALITY_V1,1790784000000,2026-09-30T16:00:00+00:00,84089.47,84446.21,84066.04,84309.87,58.762619961350204,83666.3015,82579.49899164244,84290.2722,666.4614285714312,0.00790490399963173,56.38752614065325,1.5,False,TREND_SUPPORT_NOT_CONFIRMED|CLOSE_NOT_ABOVE_BREAKOUT_HIGH
2026-09-30T19:09:29.766961+00:00,SIE_FIX_BREAKOUT_QUALITY_R_QUALITY_V1,BTC,BTCUSDT,strategy-lab-v1.0.0:SIE_FIX_BREAKOUT_QUALITY_R_QUALITY_V1,1790787600000,2026-09-30T17:00:00+00:00,84309.86,84390.18,83860.96,83977.64,56.167109445997774,83691.4855,82600.34387833015,84278.96630000001,684.9221428571442,0.008156006085157241,58.762619961350204,1.4999999999999882,False,TREND_SUPPORT_NOT_CONFIRMED|PLANNED_REWARD_TOO_LOW|CLOSE_NOT_ABOVE_BREAKOUT_HIGH|CLOSE_NOT_ABOVE_MA200
2026-09-30T19:09:29.766961+00:00,SIE_FIX_BREAKOUT_QUALITY_R_QUALITY_V1,BTC,BTCUSDT,strategy-lab-v1.0.0:SIE_FIX_BREAKOUT_QUALITY_R_QUALITY_V1,1790791200000,2026-09-30T18:00:00+00:00,83977.64,84045.0,83755.0,83911.91,56.45587473576645,83707.925,82613.90590253357,84269.20315,689.6357142857149,0.008218567713280688,56.167109445997774,1.4999999999999882,False,TREND_SUPPORT_NOT_CONFIRMED|PLANNED_REWARD_TOO_LOW|CLOSE_NOT_ABOVE_BREAKOUT_HIGH|CLOSE_NOT_ABOVE_MA200
2026-09-30T19:09:29.766961+00:00,SIE_FIX_BREAKOUT_QUALITY_R_QUALITY_V1,BTC,BTCUSDT,strategy-lab-v1.0.0:SIE_FIX_BREAKOUT_QUALITY_R_QUALITY_V1,1790794800000,2026-09-30T19:00:00+00:00,83911.91,83932.08,83825.31,83827.14,54.22946457317588,83717.361,82622.64739020186,84258.4935,673.3228571428574,0.008032277579109312,56.45587473576645,1.500000000000012,False,TREND_SUPPORT_NOT_CONFIRMED|CLOSE_NOT_ABOVE_BREAKOUT_HIGH|CLOSE_NOT_ABOVE_MA200
2026-09-30T19:09:29.766961+00:00,SIE_FIX_BREAKOUT_QUALITY_R_QUALITY_V1,BNB,BNBUSDT,strategy-lab-v1.0.0:SIE_FIX_BREAKOUT_QUALITY_R_QUALITY_V1,1790773200000,2026-09-30T13:00:00+00:00,776.52,779.0,766.41,771.41,65.57416848749685,761.949,750.3992140279554,772.7311500000001,5.2042857142857235,0.0067464587110430555,74.59265396299355,1.4999999999999878,False,TREND_SUPPORT_NOT_CONFIRMED|PLANNED_REWARD_TOO_LOW|CLOSE_NOT_ABOVE_BREAKOUT_HIGH|CLOSE_NOT_ABOVE_MA200
2026-09-30T19:09:29.766961+00:00,SIE_FIX_BREAKOUT_QUALITY_R_QUALITY_V1,BNB,BNBUSDT,strategy-lab-v1.0.0:SIE_FIX_BREAKOUT_QUALITY_R_QUALITY_V1,1790776800000,2026-09-30T14:00:00+00:00,770.56,771.79,763.0,765.92,57.23913043478256,762.475,751.2114863386225,772.6289499999999,5.596428571428581,0.007306805634307214,65.57416848749685,1.5,False,TREND_SUPPORT_NOT_CONFIRMED|CLOSE_NOT_ABOVE_BREAKOUT_HIGH|CLOSE_NOT_ABOVE_MA200
2026-09-30T19:09:29.766961+00:00,SIE_FIX_BREAKOUT_QUALITY_R_QUALITY_V1,BNB,BNBUSDT,strategy-lab-v1.0.0:SIE_FIX_BREAKOUT_QUALITY_R_QUALITY_V1,1790780400000,2026-09-30T15:00:00+00:00,766.56,769.88,764.88,769.3,59.626436781609165,763.191,752.105097420596,772.55235,5.755714285714297,0.007481755213459375,57.23913043478256,1.5000000000000109,False,TREND_SUPPORT_NOT_CONFIRMED|CLOSE_NOT_ABOVE_BREAKOUT_HIGH|CLOSE_NOT_ABOVE_MA200
2026-09-30T19:09:29.766961+00:00,SIE_FIX_BREAKOUT_QUALITY_R_QUALITY_V1,BNB,BNBUSDT,strategy-lab-v1.0.0:SIE_FIX_BREAKOUT_QUALITY_R_QUALITY_V1,1790784000000,2026-09-30T16:00:00+00:00,769.43,771.3,767.97,769.57,57.85301049925007,763.7795,752.6512629877848,772.4628,5.738571428571431,0.0074568543843593574,59.626436781609165,1.499999999999989,False,TREND_SUPPORT_NOT_CONFIRMED|PLANNED_REWARD_TOO_LOW|CLOSE_NOT_ABOVE_BREAKOUT_HIGH|CLOSE_NOT_ABOVE_MA200
2026-09-30T19:09:29.766961+00:00,SIE_FIX_BREAKOUT_QUALITY_R_QUALITY_V1,BNB,BNBUSDT,strategy-lab-v1.0.0:SIE_FIX_BREAKOUT_QUALITY_R_QUALITY_V1,1790787600000,2026-09-30T17:00:00+00:00,769.54,770.44,767.26,769.22,59.655324790101595,764.408,753.5446918482427,772.3706,5.675714285714297,0.0073785318708747775,57.85301049925007,1.5,False,TREND_SUPPORT_NOT_CONFIRMED|CLOSE_NOT_ABOVE_BREAKOUT_HIGH|CLOSE_NOT_ABOVE_MA200
2026-09-30T19:09:29.766961+00:00,SIE_FIX_BREAKOUT_QUALITY_R_QUALITY_V1,BNB,BNBUSDT,strategy-lab-v1.0.0:SIE_FIX_BREAKOUT_QUALITY_R_QUALITY_V1,1790791200000,2026-09-30T18:00:00+00:00,768.96,769.13,766.53,768.62,57.57984705353123,764.9015,754.2158605245154,772.2806000000002,5.6171428571428725,0.007308088336424856,59.655324790101595,1.5,False,TREND_SUPPORT_NOT_CONFIRMED|CLOSE_NOT_ABOVE_BREAKOUT_HIGH|CLOSE_NOT_ABOVE_MA200
2026-09-30T19:09:29.766961+00:00,SIE_FIX_BREAKOUT_QUALITY_R_QUALITY_V1,BNB,BNBUSDT,strategy-lab-v1.0.0:SIE_FIX_BREAKOUT_QUALITY_R_QUALITY_V1,1790794800000,2026-09-30T19:00:00+00:00,768.16,768.16,767.52,767.77,54.16279069767431,765.361,755.0173199972139,772.1853,5.470714285714304,0.007125459819626065,57.57984705353123,1.4999999999999885,False,TREND_SUPPORT_NOT_CONFIRMED|PLANNED_REWARD_TOO_LOW|CLOSE_NOT_ABOVE_BREAKOUT_HIGH|CLOSE_NOT_ABOVE_MA200
2026-09-30T19:09:29.766961+00:00,SIE_FIX_BREAKOUT_QUALITY_R_QUALITY_V1,PAXG,PAXGUSDT,strategy-lab-v1.0.0:SIE_FIX_BREAKOUT_QUALITY_R_QUALITY_V1,1790773200000,2026-09-30T13:00:00+00:00,4214.62,4217.52,4183.03,4183.03,46.402607169716475,4188.9045,4172.586696869804,4251.98045,14.860714285714364,0.0035526195809531284,65.25836509953385,1.5,False,TREND_SUPPORT_NOT_CONFIRMED|CLOSE_NOT_ABOVE_BREAKOUT_HIGH|CLOSE_NOT_ABOVE_MA200|RSI_NOT_MOMENTUM_SUPPORTIVE
2026-09-30T19:09:29.766961+00:00,SIE_FIX_BREAKOUT_QUALITY_R_QUALITY_V1,PAXG,PAXGUSDT,strategy-lab-v1.0.0:SIE_FIX_BREAKOUT_QUALITY_R_QUALITY_V1,1790776800000,2026-09-30T14:00:00+00:00,4184.35,4188.17,4171.02,4172.28,45.624845945279546,4188.671,4171.561195910069,4251.252750000001,15.447142857142937,0.003702326511438096,46.402607169716475,1.4999999999999674,False,TREND_SUPPORT_NOT_CONFIRMED|PLANNED_REWARD_TOO_LOW|CLOSE_NOT_ABOVE_BREAKOUT_HIGH|CLOSE_NOT_ABOVE_MA200|RSI_NOT_MOMENTUM_SUPPORTIVE
2026-09-30T19:09:29.766961+00:00,SIE_FIX_BREAKOUT_QUALITY_R_QUALITY_V1,PAXG,PAXGUSDT,strategy-lab-v1.0.0:SIE_FIX_BREAKOUT_QUALITY_R_QUALITY_V1,1790780400000,2026-09-30T15:00:00+00:00,4170.02,4172.2,4157.97,4162.23,43.58712715855565,4187.6565,4167.1409719542535,4250.54885,15.642142857142842,0.003758115927553942,45.624845945279546,1.5,False,TREND_SUPPORT_NOT_CONFIRMED|CLOSE_NOT_ABOVE_BREAKOUT_HIGH|CLOSE_NOT_ABOVE_MA200|RSI_NOT_MOMENTUM_SUPPORTIVE
2026-09-30T19:09:29.766961+00:00,SIE_FIX_BREAKOUT_QUALITY_R_QUALITY_V1,PAXG,PAXGUSDT,strategy-lab-v1.0.0:SIE_FIX_BREAKOUT_QUALITY_R_QUALITY_V1,1790784000000,2026-09-30T16:00:00+00:00,4162.52,4170.48,4162.35,4166.54,41.07084289931135,4186.5585,4164.083992419281,4249.732,15.346428571428532,0.0036832548280896216,43.58712715855565,1.5,False,TREND_SUPPORT_NOT_CONFIRMED|CLOSE_NOT_ABOVE_BREAKOUT_HIGH|CLOSE_NOT_ABOVE_MA200|RSI_NOT_MOMENTUM_SUPPORTIVE
2026-09-30T19:09:29.766961+00:00,SIE_FIX_BREAKOUT_QUALITY_R_QUALITY_V1,PAXG,PAXGUSDT,strategy-lab-v1.0.0:SIE_FIX_BREAKOUT_QUALITY_R_QUALITY_V1,1790787600000,2026-09-30T17:00:00+00:00,4166.09,4166.09,4155.13,4158.71,40.79986967500201,4185.135,4159.6001489137725,4248.8466,15.525714285714262,0.0037333005392812344,41.07084289931135,1.5,False,TREND_SUPPORT_NOT_CONFIRMED|CLOSE_NOT_ABOVE_BREAKOUT_HIGH|CLOSE_NOT_ABOVE_MA200|RSI_NOT_MOMENTUM_SUPPORTIVE
2026-09-30T19:09:29.766961+00:00,SIE_FIX_BREAKOUT_QUALITY_R_QUALITY_V1,PAXG,PAXGUSDT,strategy-lab-v1.0.0:SIE_FIX_BREAKOUT_QUALITY_R_QUALITY_V1,1790791200000,2026-09-30T18:00:00+00:00,4158.66,4163.99,4157.0,4160.38,38.1288839703753,4183.8769999999995,4156.160081628798,4248.0533000000005,15.255714285714216,0.0036669040534071926,40.79986967500201,1.5,False,TREND_SUPPORT_NOT_CONFIRMED|CLOSE_NOT_ABOVE_BREAKOUT_HIGH|CLOSE_NOT_ABOVE_MA200|RSI_NOT_MOMENTUM_SUPPORTIVE
2026-09-30T19:09:29.766961+00:00,SIE_FIX_BREAKOUT_QUALITY_R_QUALITY_V1,PAXG,PAXGUSDT,strategy-lab-v1.0.0:SIE_FIX_BREAKOUT_QUALITY_R_QUALITY_V1,1790794800000,2026-09-30T19:00:00+00:00,4161.03,4161.26,4160.25,4161.26,39.82733060085466,4182.358,4153.216088189074,4247.2382,14.234999999999932,0.0034208388805313608,38.1288839703753,1.5,False,TREND_SUPPORT_NOT_CONFIRMED|CLOSE_NOT_ABOVE_BREAKOUT_HIGH|CLOSE_NOT_ABOVE_MA200|RSI_NOT_MOMENTUM_SUPPORTIVE
2026-09-30T23:42:14.579000+00:00,SIE_FIX_BREAKOUT_QUALITY_R_QUALITY_V1,BTC,BTCUSDT,strategy-lab-v1.0.0:SIE_FIX_BREAKOUT_QUALITY_R_QUALITY_V1,1790798400000,2026-09-30T20:00:00+00:00,83551.79,83724.04,83473.2,83621.59,55.48640850579995,83714.01100000001,82625.41498674381,84245.17055,684.4021428571432,0.008184514822752632,51.741630432200026,1.5,False,TREND_SUPPORT_NOT_CONFIRMED|CLOSE_NOT_ABOVE_BREAKOUT_HIGH|CLOSE_NOT_ABOVE_MA200
2026-09-30T23:42:14.579000+00:00,SIE_FIX_BREAKOUT_QUALITY_R_QUALITY_V1,BTC,BTCUSDT,strategy-lab-v1.0.0:SIE_FIX_BREAKOUT_QUALITY_R_QUALITY_V1,1790802000000,2026-09-30T21:00:00+00:00,83622.82,83776.96,83622.82,83704.52,54.08689770026416,83728.9995,82649.63292550351,84232.04745000001,658.1814285714291,0.007863152773248436,55.48640850579995,1.4999999999999878,False,TREND_SUPPORT_NOT_CONFIRMED|PLANNED_REWARD_TOO_LOW|CLOSE_NOT_ABOVE_BREAKOUT_HIGH|CLOSE_NOT_ABOVE_MA200
2026-09-30T23:42:14.579000+00:00,SIE_FIX_BREAKOUT_QUALITY_R_QUALITY_V1,BTC,BTCUSDT,strategy-lab-v1.0.0:SIE_FIX_BREAKOUT_QUALITY_R_QUALITY_V1,1790805600000,2026-09-30T22:00:00+00:00,83729.78,83794.57,83538.02,83627.01,55.7171828873643,83742.96599999999,82676.54609721436,84218.96805,652.4671428571435,0.007802110141892476,54.08689770026416,1.5,False,TREND_SUPPORT_NOT_CONFIRMED|CLOSE_NOT_ABOVE_BREAKOUT_HIGH|CLOSE_NOT_ABOVE_MA200
2026-09-30T23:42:14.579000+00:00,SIE_FIX_BREAKOUT_QUALITY_R_QUALITY_V1,BTC,BTCUSDT,strategy-lab-v1.0.0:SIE_FIX_BREAKOUT_QUALITY_R_QUALITY_V1,1790809200000,2026-09-30T23:00:00+00:00,83627.01,83784.03,83463.33,83587.75,49.889995026595045,83758.8955,82711.92062476168,84204.81780000002,620.3335714285723,0.0074213454893638404,55.7171828873643,1.499999999999987,False,TREND_SUPPORT_NOT_CONFIRMED|PLANNED_REWARD_TOO_LOW|CLOSE_NOT_ABOVE_BREAKOUT_HIGH|CLOSE_NOT_ABOVE_MA200|RSI_NOT_MOMENTUM_SUPPORTIVE
2026-09-30T23:42:14.579000+00:00,SIE_FIX_BREAKOUT_QUALITY_R_QUALITY_V1,BNB,BNBUSDT,strategy-lab-v1.0.0:SIE_FIX_BREAKOUT_QUALITY_R_QUALITY_V1,1790798400000,2026-09-30T20:00:00+00:00,765.43,768.31,764.4,767.13,62.6769307176558,765.6249999999999,755.6881866274925,772.0516499999999,5.4135714285714425,0.007056915292807533,51.08576442202225,1.5,False,TREND_SUPPORT_NOT_CONFIRMED|CLOSE_NOT_ABOVE_BREAKOUT_HIGH|CLOSE_NOT_ABOVE_MA200
2026-09-30T23:42:14.579000+00:00,SIE_FIX_BREAKOUT_QUALITY_R_QUALITY_V1,BNB,BNBUSDT,strategy-lab-v1.0.0:SIE_FIX_BREAKOUT_QUALITY_R_QUALITY_V1,1790802000000,2026-09-30T21:00:00+00:00,767.26,768.06,766.31,766.31,59.27543679342225,765.9445000000001,756.3571969902877,771.9269,5.23000000000001,0.006824914199214431,62.6769307176558,1.499999999999988,False,TREND_SUPPORT_NOT_CONFIRMED|PLANNED_REWARD_TOO_LOW|CLOSE_NOT_ABOVE_BREAKOUT_HIGH|CLOSE_NOT_ABOVE_MA200
2026-09-30T23:42:14.579000+00:00,SIE_FIX_BREAKOUT_QUALITY_R_QUALITY_V1,BNB,BNBUSDT,strategy-lab-v1.0.0:SIE_FIX_BREAKOUT_QUALITY_R_QUALITY_V1,1790805600000,2026-09-30T22:00:00+00:00,767.0,769.42,765.32,769.42,61.8807118807118,766.3035,756.7603343302633,771.84,5.33142857142857,0.006929152571324595,59.27543679342225,1.5000000000000118,False,TREND_SUPPORT_NOT_CONFIRMED|CLOSE_NOT_ABOVE_BREAKOUT_HIGH|CLOSE_NOT_ABOVE_MA200
2026-09-30T23:42:14.579000+00:00,SIE_FIX_BREAKOUT_QUALITY_R_QUALITY_V1,BNB,BNBUSDT,strategy-lab-v1.0.0:SIE_FIX_BREAKOUT_QUALITY_R_QUALITY_V1,1790809200000,2026-09-30T23:00:00+00:00,769.6,770.32,768.63,769.96,57.13899405083834,766.7774999999999,757.5003951175464,771.75155,5.011428571428569,0.006508686907668669,61.8807118807118,1.5000000000000127,False,TREND_SUPPORT_NOT_CONFIRMED|CLOSE_NOT_ABOVE_BREAKOUT_HIGH|CLOSE_NOT_ABOVE_MA200
2026-09-30T23:42:14.579000+00:00,SIE_FIX_BREAKOUT_QUALITY_R_QUALITY_V1,PAXG,PAXGUSDT,strategy-lab-v1.0.0:SIE_FIX_BREAKOUT_QUALITY_R_QUALITY_V1,1790798400000,2026-09-30T20:00:00+00:00,4162.45,4168.72,4160.89,4166.25,36.211518905426686,4181.694,4152.148539164205,4246.4151,14.117857142857051,0.003388624576743367,41.56009147116103,1.4999999999999643,False,TREND_SUPPORT_NOT_CONFIRMED|PLANNED_REWARD_TOO_LOW|CLOSE_NOT_ABOVE_BREAKOUT_HIGH|CLOSE_NOT_ABOVE_MA200|RSI_NOT_MOMENTUM_SUPPORTIVE
2026-09-30T23:42:14.579000+00:00,SIE_FIX_BREAKOUT_QUALITY_R_QUALITY_V1,PAXG,PAXGUSDT,strategy-lab-v1.0.0:SIE_FIX_BREAKOUT_QUALITY_R_QUALITY_V1,1790802000000,2026-09-30T21:00:00+00:00,4166.32,4166.5,4162.6,4165.98,34.440658716638325,4181.0644999999995,4150.7530622413005,4245.571999999999,13.702857142857024,0.003289227779023669,36.211518905426686,1.5,False,TREND_SUPPORT_NOT_CONFIRMED|CLOSE_NOT_ABOVE_BREAKOUT_HIGH|CLOSE_NOT_ABOVE_MA200|RSI_NOT_MOMENTUM_SUPPORTIVE
2026-09-30T23:42:14.579000+00:00,SIE_FIX_BREAKOUT_QUALITY_R_QUALITY_V1,PAXG,PAXGUSDT,strategy-lab-v1.0.0:SIE_FIX_BREAKOUT_QUALITY_R_QUALITY_V1,1790805600000,2026-09-30T22:00:00+00:00,4166.33,4166.69,4160.62,4160.62,33.907938874394446,4179.6795,4148.307897889182,4244.73925,13.317142857142699,0.003200759227505203,34.440658716638325,1.5,False,TREND_SUPPORT_NOT_CONFIRMED|CLOSE_NOT_ABOVE_BREAKOUT_HIGH|CLOSE_NOT_ABOVE_MA200|RSI_NOT_MOMENTUM_SUPPORTIVE
2026-09-30T23:42:14.579000+00:00,SIE_FIX_BREAKOUT_QUALITY_R_QUALITY_V1,PAXG,PAXGUSDT,strategy-lab-v1.0.0:SIE_FIX_BREAKOUT_QUALITY_R_QUALITY_V1,1790809200000,2026-09-30T23:00:00+00:00,4161.48,4162.68,4159.98,4161.95,34.90976399814889,4178.712,4146.419972748688,4243.8921,12.838571428571347,0.0030847490788143412,33.907938874394446,1.5,False,TREND_SUPPORT_NOT_CONFIRMED|CLOSE_NOT_ABOVE_BREAKOUT_HIGH|CLOSE_NOT_ABOVE_MA200|RSI_NOT_MOMENTUM_SUPPORTIVE
2026-10-01T05:41:31.974375+00:00,SIE_FIX_BREAKOUT_QUALITY_R_QUALITY_V1,BTC,BTCUSDT,strategy-lab-v1.0.0:SIE_FIX_BREAKOUT_QUALITY_R_QUALITY_V1,1790812800000,2026-10-01T00:00:00+00:00,83556.14,83598.55,83360.09,83454.89,45.335429312942544,83771.35699999999,82747.65096182059,84189.80275,613.5950000000012,0.007352415179026671,49.5598563907177,1.500000000000013,False,TREND_SUPPORT_NOT_CONFIRMED|CLOSE_NOT_ABOVE_BREAKOUT_HIGH|CLOSE_NOT_ABOVE_MA200|RSI_NOT_MOMENTUM_SUPPORTIVE
2026-10-01T05:41:31.974375+00:00,SIE_FIX_BREAKOUT_QUALITY_R_QUALITY_V1,BTC,BTCUSDT,strategy-lab-v1.0.0:SIE_FIX_BREAKOUT_QUALITY_R_QUALITY_V1,1790816400000,2026-10-01T01:00:00+00:00,83454.01,83633.05,83420.38,83459.62,45.43317114587069,83776.75850000001,82760.85866617192,84174.16295,607.3678571428588,0.0072773858441107075,45.335429312942544,1.5000000000000133,False,TREND_SUPPORT_NOT_CONFIRMED|CLOSE_NOT_ABOVE_BREAKOUT_HIGH|CLOSE_NOT_ABOVE_MA200|RSI_NOT_MOMENTUM_SUPPORTIVE
2026-10-01T05:41:31.974375+00:00,SIE_FIX_BREAKOUT_QUALITY_R_QUALITY_V1,BTC,BTCUSDT,strategy-lab-v1.0.0:SIE_FIX_BREAKOUT_QUALITY_R_QUALITY_V1,1790820000000,2026-10-01T02:00:00+00:00,83459.62,83614.99,83350.59,83431.28,21.82861654130683,83798.0285,82830.93844875765,84158.9717,497.93285714285906,0.005968179526226363,45.43317114587069,1.5000000000000162,False,TREND_SUPPORT_NOT_CONFIRMED|CLOSE_NOT_ABOVE_BREAKOUT_HIGH|CLOSE_NOT_ABOVE_MA200|RSI_NOT_MOMENTUM_SUPPORTIVE
2026-10-01T05:41:31.974375+00:00,SIE_FIX_BREAKOUT_QUALITY_R_QUALITY_V1,BTC,BTCUSDT,strategy-lab-v1.0.0:SIE_FIX_BREAKOUT_QUALITY_R_QUALITY_V1,1790823600000,2026-10-01T03:00:00+00:00,83431.28,83724.72,83368.4,83697.25,34.06717579684229,83819.8985,82883.17334220186,84146.40225,406.3150000000023,0.004854580048926366,21.82861654130683,1.50000000000002,False,TREND_SUPPORT_NOT_CONFIRMED|CLOSE_NOT_ABOVE_BREAKOUT_HIGH|CLOSE_NOT_ABOVE_MA200|RSI_NOT_MOMENTUM_SUPPORTIVE
2026-10-01T05:41:31.974375+00:00,SIE_FIX_BREAKOUT_QUALITY_R_QUALITY_V1,BTC,BTCUSDT,strategy-lab-v1.0.0:SIE_FIX_BREAKOUT_QUALITY_R_QUALITY_V1,1790827200000,2026-10-01T04:00:00+00:00,83697.26,84158.41,83658.43,84060.07,56.453922276707125,83871.74399999999,83004.97977590158,84135.29685,348.90714285714574,0.00415068822637366,34.06717579684229,1.5,False,TREND_SUPPORT_NOT_CONFIRMED|CLOSE_NOT_ABOVE_BREAKOUT_HIGH|CLOSE_NOT_ABOVE_MA200
2026-10-01T05:41:31.974375+00:00,SIE_FIX_BREAKOUT_QUALITY_R_QUALITY_V1,BTC,BTCUSDT,strategy-lab-v1.0.0:SIE_FIX_BREAKOUT_QUALITY_R_QUALITY_V1,1790830800000,2026-10-01T05:00:00+00:00,84060.07,84285.73,83960.8,84282.18,54.37080113651432,83905.94350000001,83031.11381325412,84125.7726,326.1921428571451,0.0038702385588168828,56.453922276707125,1.5,False,TREND_SUPPORT_NOT_CONFIRMED|CLOSE_NOT_ABOVE_BREAKOUT_HIGH
2026-10-01T05:41:31.974375+00:00,SIE_FIX_BREAKOUT_QUALITY_R_QUALITY_V1,BNB,BNBUSDT,strategy-lab-v1.0.0:SIE_FIX_BREAKOUT_QUALITY_R_QUALITY_V1,1790812800000,2026-10-01T00:00:00+00:00,769.02,770.17,767.21,769.78,49.22408441961515,767.12,758.0930846907693,771.6475999999999,4.872857142857137,0.006330194526822127,55.723951285520954,1.5,False,TREND_SUPPORT_NOT_CONFIRMED|CLOSE_NOT_ABOVE_BREAKOUT_HIGH|CLOSE_NOT_ABOVE_MA200|RSI_NOT_MOMENTUM_SUPPORTIVE
2026-10-01T05:41:31.974375+00:00,SIE_FIX_BREAKOUT_QUALITY_R_QUALITY_V1,BNB,BNBUSDT,strategy-lab-v1.0.0:SIE_FIX_BREAKOUT_QUALITY_R_QUALITY_V1,1790816400000,2026-10-01T01:00:00+00:00,770.11,770.88,768.41,768.91,47.787878787878746,767.356,758.4013221163447,771.5489,4.822857142857141,0.006272329847260592,49.22408441961515,1.500000000000013,False,TREND_SUPPORT_NOT_CONFIRMED|CLOSE_NOT_ABOVE_BREAKOUT_HIGH|CLOSE_NOT_ABOVE_MA200|RSI_NOT_MOMENTUM_SUPPORTIVE
2026-10-01T05:41:31.974375+00:00,SIE_FIX_BREAKOUT_QUALITY_R_QUALITY_V1,BNB,BNBUSDT,strategy-lab-v1.0.0:SIE_FIX_BREAKOUT_QUALITY_R_QUALITY_V1,1790820000000,2026-10-01T02:00:00+00:00,769.0,769.0,766.36,768.2,34.811046511628206,767.92,760.3520200845915,771.4511500000001,4.289285714285711,0.005583553390114177,47.787878787878746,1.5,False,TREND_SUPPORT_NOT_CONFIRMED|CLOSE_NOT_ABOVE_BREAKOUT_HIGH|CLOSE_NOT_ABOVE_MA200|RSI_NOT_MOMENTUM_SUPPORTIVE
2026-10-01T05:41:31.974375+00:00,SIE_FIX_BREAKOUT_QUALITY_R_QUALITY_V1,BNB,BNBUSDT,strategy-lab-v1.0.0:SIE_FIX_BREAKOUT_QUALITY_R_QUALITY_V1,1790823600000,2026-10-01T03:00:00+00:00,768.49,769.08,766.29,769.08,44.98924731182816,768.4195000000001,762.020151673801,771.3654999999999,3.5892857142857144,0.0046669861578583684,34.811046511628206,1.4999999999999825,False,TREND_SUPPORT_NOT_CONFIRMED|PLANNED_REWARD_TOO_LOW|CLOSE_NOT_ABOVE_BREAKOUT_HIGH|CLOSE_NOT_ABOVE_MA200|RSI_NOT_MOMENTUM_SUPPORTIVE
2026-10-01T05:41:31.974375+00:00,SIE_FIX_BREAKOUT_QUALITY_R_QUALITY_V1,BNB,BNBUSDT,strategy-lab-v1.0.0:SIE_FIX_BREAKOUT_QUALITY_R_QUALITY_V1,1790827200000,2026-10-01T04:00:00+00:00,769.25,770.12,767.39,769.42,59.66850828729274,768.9135,763.9731952523122,771.2886,3.156428571428575,0.004102347965257694,44.98924731182816,1.50000000000002,False,TREND_SUPPORT_NOT_CONFIRMED|CLOSE_NOT_ABOVE_BREAKOUT_HIGH|CLOSE_NOT_ABOVE_MA200
2026-10-01T05:41:31.974375+00:00,SIE_FIX_BREAKOUT_QUALITY_R_QUALITY_V1,BNB,BNBUSDT,strategy-lab-v1.0.0:SIE_FIX_BREAKOUT_QUALITY_R_QUALITY_V1,1790830800000,2026-10-01T05:00:00+00:00,769.17,770.63,768.81,770.63,54.17451349654747,769.211,764.6221705196175,771.22125,2.929285714285722,0.003801157123763313,59.66850828729274,1.5,False,TREND_SUPPORT_NOT_CONFIRMED|CLOSE_NOT_ABOVE_BREAKOUT_HIGH|CLOSE_NOT_ABOVE_MA200
2026-10-01T05:41:31.974375+00:00,SIE_FIX_BREAKOUT_QUALITY_R_QUALITY_V1,PAXG,PAXGUSDT,strategy-lab-v1.0.0:SIE_FIX_BREAKOUT_QUALITY_R_QUALITY_V1,1790812800000,2026-10-01T00:00:00+00:00,4162.46,4162.46,4145.76,4159.65,35.82005623242736,4177.306,4144.351999089648,4243.00965,13.514285714285636,0.003248899718554599,35.209580838323234,1.5,False,TREND_SUPPORT_NOT_CONFIRMED|CLOSE_NOT_ABOVE_BREAKOUT_HIGH|CLOSE_NOT_ABOVE_MA200|RSI_NOT_MOMENTUM_SUPPORTIVE
2026-10-01T05:41:31.974375+00:00,SIE_FIX_BREAKOUT_QUALITY_R_QUALITY_V1,PAXG,PAXGUSDT,strategy-lab-v1.0.0:SIE_FIX_BREAKOUT_QUALITY_R_QUALITY_V1,1790816400000,2026-10-01T01:00:00+00:00,4159.83,4170.87,4159.83,4162.97,37.78768307104559,4176.225,4142.881563164553,4242.073,13.33357142857137,0.0032028987546322382,35.82005623242736,1.5,False,TREND_SUPPORT_NOT_CONFIRMED|CLOSE_NOT_ABOVE_BREAKOUT_HIGH|CLOSE_NOT_ABOVE_MA200|RSI_NOT_MOMENTUM_SUPPORTIVE
2026-10-01T05:41:31.974375+00:00,SIE_FIX_BREAKOUT_QUALITY_R_QUALITY_V1,PAXG,PAXGUSDT,strategy-lab-v1.0.0:SIE_FIX_BREAKOUT_QUALITY_R_QUALITY_V1,1790820000000,2026-10-01T02:00:00+00:00,4162.35,4169.06,4157.66,4169.06,25.24048972453072,4174.874,4142.688487482728,4241.15565,11.431428571428569,0.00274196787079787,37.78768307104559,1.4999999999999558,False,TREND_SUPPORT_NOT_CONFIRMED|PLANNED_REWARD_TOO_LOW|CLOSE_NOT_ABOVE_BREAKOUT_HIGH|CLOSE_NOT_ABOVE_MA200|RSI_NOT_MOMENTUM_SUPPORTIVE
2026-10-01T05:41:31.974375+00:00,SIE_FIX_BREAKOUT_QUALITY_R_QUALITY_V1,PAXG,PAXGUSDT,strategy-lab-v1.0.0:SIE_FIX_BREAKOUT_QUALITY_R_QUALITY_V1,1790823600000,2026-10-01T03:00:00+00:00,4169.06,4182.12,4167.18,4180.89,48.51347596554642,4173.9755,4143.564139967942,4240.2510999999995,10.03499999999992,0.002400206654563961,25.24048972453072,1.5000000000000504,False,TREND_SUPPORT_NOT_CONFIRMED|CLOSE_NOT_ABOVE_BREAKOUT_HIGH|CLOSE_NOT_ABOVE_MA200|RSI_NOT_MOMENTUM_SUPPORTIVE
2026-10-01T05:41:31.974375+00:00,SIE_FIX_BREAKOUT_QUALITY_R_QUALITY_V1,PAXG,PAXGUSDT,strategy-lab-v1.0.0:SIE_FIX_BREAKOUT_QUALITY_R_QUALITY_V1,1790827200000,2026-10-01T04:00:00+00:00,4181.67,4185.45,4175.82,4185.45,60.0091199270405,4173.49,4144.155989022988,4239.3999,9.497857142857097,0.002269255908649511,48.51347596554642,1.5,False,TREND_SUPPORT_NOT_CONFIRMED|CLOSE_NOT_ABOVE_BREAKOUT_HIGH|CLOSE_NOT_ABOVE_MA200
2026-10-01T05:41:31.974375+00:00,SIE_FIX_BREAKOUT_QUALITY_R_QUALITY_V1,PAXG,PAXGUSDT,strategy-lab-v1.0.0:SIE_FIX_BREAKOUT_QUALITY_R_QUALITY_V1,1790830800000,2026-10-01T05:00:00+00:00,4184.2,4195.81,4184.2,4195.81,75.40090771558259,4173.5525,4144.034436462575,4238.5984499999995,9.305000000000032,0.002217688598864112,60.0091199270405,1.5,False,TREND_SUPPORT_NOT_CONFIRMED|CLOSE_NOT_ABOVE_BREAKOUT_HIGH|CLOSE_NOT_ABOVE_MA200
2026-10-01T13:02:55.120191+00:00,SIE_FIX_BREAKOUT_QUALITY_R_QUALITY_V1,BTC,BTCUSDT,strategy-lab-v1.0.0:SIE_FIX_BREAKOUT_QUALITY_R_QUALITY_V1,1790834400000,2026-10-01T06:00:00+00:00,84252.0,84368.26,84068.29,84075.72,44.63069549863569,83914.05249999999,83038.62775714893,84115.39095,322.9114285714303,0.0038407215373407484,53.753302502500546,1.500000000000025,False,TREND_SUPPORT_NOT_CONFIRMED|CLOSE_NOT_ABOVE_BREAKOUT_HIGH|CLOSE_NOT_ABOVE_MA200|RSI_NOT_MOMENTUM_SUPPORTIVE
2026-10-01T13:02:55.120191+00:00,SIE_FIX_BREAKOUT_QUALITY_R_QUALITY_V1,BTC,BTCUSDT,strategy-lab-v1.0.0:SIE_FIX_BREAKOUT_QUALITY_R_QUALITY_V1,1790838000000,2026-10-01T07:00:00+00:00,84075.7,84184.54,83289.0,83371.84,38.13134281572029,83888.686,82981.85075345471,84101.2599,349.0771428571451,0.0041869909894893175,44.63069549863569,1.499999999999977,False,TREND_SUPPORT_NOT_CONFIRMED|PLANNED_REWARD_TOO_LOW|CLOSE_NOT_ABOVE_BREAKOUT_HIGH|CLOSE_NOT_ABOVE_MA200|RSI_NOT_MOMENTUM_SUPPORTIVE
2026-10-01T13:02:55.120191+00:00,SIE_FIX_BREAKOUT_QUALITY_R_QUALITY_V1,BTC,BTCUSDT,strategy-lab-v1.0.0:SIE_FIX_BREAKOUT_QUALITY_R_QUALITY_V1,1790841600000,2026-10-01T08:00:00+00:00,83371.85,83538.06,83107.03,83515.08,42.454584520137935,83801.5255,83134.65548371505,84086.52769999999,359.1507142857164,0.004300429506691682,38.13134281572029,1.5,False,TREND_SUPPORT_NOT_CONFIRMED|CLOSE_NOT_ABOVE_BREAKOUT_HIGH|CLOSE_NOT_ABOVE_MA200|RSI_NOT_MOMENTUM_SUPPORTIVE
2026-10-01T13:02:55.120191+00:00,SIE_FIX_BREAKOUT_QUALITY_R_QUALITY_V1,BTC,BTCUSDT,strategy-lab-v1.0.0:SIE_FIX_BREAKOUT_QUALITY_R_QUALITY_V1,1790845200000,2026-10-01T09:00:00+00:00,83515.09,83863.84,83503.42,83744.48,53.747109543797045,83758.3435,83203.55635302205,84073.45005000001,350.1035714285733,0.004180616697704413,42.454584520137935,1.500000000000023,False,TREND_SUPPORT_NOT_CONFIRMED|CLOSE_NOT_ABOVE_BREAKOUT_HIGH|CLOSE_NOT_ABOVE_MA200
2026-10-01T13:02:55.120191+00:00,SIE_FIX_BREAKOUT_QUALITY_R_QUALITY_V1,BTC,BTCUSDT,strategy-lab-v1.0.0:SIE_FIX_BREAKOUT_QUALITY_R_QUALITY_V1,1790848800000,2026-10-01T10:00:00+00:00,83744.49,84062.57,83353.87,83932.77,55.92168862703918,83767.259,83207.3011994856,84060.4232,382.8078571428601,0.004560886732832243,53.747109543797045,1.5,False,TREND_SUPPORT_NOT_CONFIRMED|CLOSE_NOT_ABOVE_BREAKOUT_HIGH|CLOSE_NOT_ABOVE_MA200
2026-10-01T13:02:55.120191+00:00,SIE_FIX_BREAKOUT_QUALITY_R_QUALITY_V1,BTC,BTCUSDT,strategy-lab-v1.0.0:SIE_FIX_BREAKOUT_QUALITY_R_QUALITY_V1,1790852400000,2026-10-01T11:00:00+00:00,83935.64,84019.0,83743.11,83882.02,53.419669553959494,83757.12700000001,83213.4106703529,84046.35125,391.4164285714308,0.004666273279678181,55.92168862703918,1.5,False,TREND_SUPPORT_NOT_CONFIRMED|CLOSE_NOT_ABOVE_BREAKOUT_HIGH|CLOSE_NOT_ABOVE_MA200
2026-10-01T13:02:55.120191+00:00,SIE_FIX_BREAKOUT_QUALITY_R_QUALITY_V1,BTC,BTCUSDT,strategy-lab-v1.0.0:SIE_FIX_BREAKOUT_QUALITY_R_QUALITY_V1,1790856000000,2026-10-01T12:00:00+00:00,83882.03,84032.93,83626.01,83719.78,51.730777123966035,83727.6225,83246.66576606652,84029.1261,402.1571428571447,0.0048036096470528795,53.419669553959494,1.5000000000000202,False,TREND_SUPPORT_NOT_CONFIRMED|CLOSE_NOT_ABOVE_BREAKOUT_HIGH|CLOSE_NOT_ABOVE_MA200
2026-10-01T13:02:55.120191+00:00,SIE_FIX_BREAKOUT_QUALITY_R_QUALITY_V1,BNB,BNBUSDT,strategy-lab-v1.0.0:SIE_FIX_BREAKOUT_QUALITY_R_QUALITY_V1,1790834400000,2026-10-01T06:00:00+00:00,771.58,772.14,770.33,770.38,52.27400336889371,769.2634999999999,764.5932954006229,771.14165,2.888571428571441,0.003749541042824893,56.75355450236983,1.5,False,TREND_SUPPORT_NOT_CONFIRMED|CLOSE_NOT_ABOVE_BREAKOUT_HIGH|CLOSE_NOT_ABOVE_MA200
2026-10-01T13:02:55.120191+00:00,SIE_FIX_BREAKOUT_QUALITY_R_QUALITY_V1,BNB,BNBUSDT,strategy-lab-v1.0.0:SIE_FIX_BREAKOUT_QUALITY_R_QUALITY_V1,1790838000000,2026-10-01T07:00:00+00:00,770.31,771.56,762.36,763.44,38.15573770491813,768.917,763.6379542528937,771.01735,3.318571428571431,0.004346866064879272,52.27400336889371,1.5,False,TREND_SUPPORT_NOT_CONFIRMED|CLOSE_NOT_ABOVE_BREAKOUT_HIGH|CLOSE_NOT_ABOVE_MA200|RSI_NOT_MOMENTUM_SUPPORTIVE
2026-10-01T13:02:55.120191+00:00,SIE_FIX_BREAKOUT_QUALITY_R_QUALITY_V1,BNB,BNBUSDT,strategy-lab-v1.0.0:SIE_FIX_BREAKOUT_QUALITY_R_QUALITY_V1,1790841600000,2026-10-01T08:00:00+00:00,763.66,766.47,763.24,765.86,44.73684210526318,768.3820000000001,764.2698978611857,770.8956999999999,3.357142857142857,0.0043834941858079245,38.15573770491813,1.4999999999999811,False,TREND_SUPPORT_NOT_CONFIRMED|PLANNED_REWARD_TOO_LOW|CLOSE_NOT_ABOVE_BREAKOUT_HIGH|CLOSE_NOT_ABOVE_MA200|RSI_NOT_MOMENTUM_SUPPORTIVE
2026-10-01T13:02:55.120191+00:00,SIE_FIX_BREAKOUT_QUALITY_R_QUALITY_V1,BNB,BNBUSDT,strategy-lab-v1.0.0:SIE_FIX_BREAKOUT_QUALITY_R_QUALITY_V1,1790845200000,2026-10-01T09:00:00+00:00,766.08,769.32,765.73,768.61,56.71758715236989,768.242,764.3680325246536,770.795,3.3121428571428573,0.004309263289760551,44.73684210526318,1.500000000000019,False,TREND_SUPPORT_NOT_CONFIRMED|CLOSE_NOT_ABOVE_BREAKOUT_HIGH|CLOSE_NOT_ABOVE_MA200
2026-10-01T13:02:55.120191+00:00,SIE_FIX_BREAKOUT_QUALITY_R_QUALITY_V1,BNB,BNBUSDT,strategy-lab-v1.0.0:SIE_FIX_BREAKOUT_QUALITY_R_QUALITY_V1,1790848800000,2026-10-01T10:00:00+00:00,768.47,771.44,765.18,769.89,55.551086082059534,768.4405,764.657001751019,770.67985,3.48000000000001,0.004520126251802219,56.71758715236989,1.5,False,TREND_SUPPORT_NOT_CONFIRMED|CLOSE_NOT_ABOVE_BREAKOUT_HIGH|CLOSE_NOT_ABOVE_MA200
2026-10-01T13:02:55.120191+00:00,SIE_FIX_BREAKOUT_QUALITY_R_QUALITY_V1,BNB,BNBUSDT,strategy-lab-v1.0.0:SIE_FIX_BREAKOUT_QUALITY_R_QUALITY_V1,1790852400000,2026-10-01T11:00:00+00:00,770.13,771.47,769.08,770.44,58.3977226514846,768.4975,764.6304966382169,770.5504,3.5257142857142947,0.004576234730432343,55.551086082059534,1.5,False,TREND_SUPPORT_NOT_CONFIRMED|CLOSE_NOT_ABOVE_BREAKOUT_HIGH|CLOSE_NOT_ABOVE_MA200
2026-10-01T13:02:55.120191+00:00,SIE_FIX_BREAKOUT_QUALITY_R_QUALITY_V1,BNB,BNBUSDT,strategy-lab-v1.0.0:SIE_FIX_BREAKOUT_QUALITY_R_QUALITY_V1,1790856000000,2026-10-01T12:00:00+00:00,770.47,770.71,767.48,767.91,46.85547688463142,768.4145,764.5719567016048,770.4159999999999,3.4635714285714454,0.00451038719195146,58.3977226514846,1.4999999999999818,False,TREND_SUPPORT_NOT_CONFIRMED|PLANNED_REWARD_TOO_LOW|CLOSE_NOT_ABOVE_BREAKOUT_HIGH|CLOSE_NOT_ABOVE_MA200|RSI_NOT_MOMENTUM_SUPPORTIVE
2026-10-01T13:02:55.120191+00:00,SIE_FIX_BREAKOUT_QUALITY_R_QUALITY_V1,BNB,BNBUSDT,strategy-lab-v1.0.0:SIE_FIX_BREAKOUT_QUALITY_R_QUALITY_V1,1790859600000,2026-10-01T13:00:00+00:00,768.41,768.41,767.67,767.67,47.3883740522325,768.337,764.5000475634897,770.3021500000001,3.343571428571441,0.004355480126319175,46.85547688463142,1.5,False,TREND_SUPPORT_NOT_CONFIRMED|CLOSE_NOT_ABOVE_BREAKOUT_HIGH|CLOSE_NOT_ABOVE_MA200|RSI_NOT_MOMENTUM_SUPPORTIVE
2026-10-01T13:02:55.120191+00:00,SIE_FIX_BREAKOUT_QUALITY_R_QUALITY_V1,PAXG,PAXGUSDT,strategy-lab-v1.0.0:SIE_FIX_BREAKOUT_QUALITY_R_QUALITY_V1,1790834400000,2026-10-01T06:00:00+00:00,4194.55,4196.67,4185.04,4187.19,65.50998948475225,4173.3205,4144.364895723807,4237.71985,9.54642857142861,0.002279912918073603,74.66500467435351,1.5000000000000528,False,TREND_SUPPORT_NOT_CONFIRMED|CLOSE_NOT_ABOVE_BREAKOUT_HIGH|CLOSE_NOT_ABOVE_MA200
2026-10-01T13:02:55.120191+00:00,SIE_FIX_BREAKOUT_QUALITY_R_QUALITY_V1,PAXG,PAXGUSDT,strategy-lab-v1.0.0:SIE_FIX_BREAKOUT_QUALITY_R_QUALITY_V1,1790838000000,2026-10-01T07:00:00+00:00,4185.66,4185.66,4161.8,4169.88,57.34385272846806,4172.3234999999995,4144.352592059794,4236.7713,10.545000000000007,0.002528849751071975,65.50998948475225,1.5,False,TREND_SUPPORT_NOT_CONFIRMED|CLOSE_NOT_ABOVE_BREAKOUT_HIGH|CLOSE_NOT_ABOVE_MA200
2026-10-01T13:02:55.120191+00:00,SIE_FIX_BREAKOUT_QUALITY_R_QUALITY_V1,PAXG,PAXGUSDT,strategy-lab-v1.0.0:SIE_FIX_BREAKOUT_QUALITY_R_QUALITY_V1,1790841600000,2026-10-01T08:00:00+00:00,4171.56,4172.23,4159.07,4161.0,50.372327648330455,4169.655499999999,4149.01259179889,4235.80755,10.985714285714298,0.0026401620489580144,57.34385272846806,1.500000000000046,False,TREND_SUPPORT_NOT_CONFIRMED|CLOSE_NOT_ABOVE_BREAKOUT_HIGH|CLOSE_NOT_ABOVE_MA200
2026-10-01T13:02:55.120191+00:00,SIE_FIX_BREAKOUT_QUALITY_R_QUALITY_V1,PAXG,PAXGUSDT,strategy-lab-v1.0.0:SIE_FIX_BREAKOUT_QUALITY_R_QUALITY_V1,1790845200000,2026-10-01T09:00:00+00:00,4163.9,4169.7,4161.19,4161.19,47.80851332575457,4168.563499999999,4148.565567831912,4234.92,11.115714285714278,0.0026712825623714078,50.372327648330455,1.5000000000000455,False,TREND_SUPPORT_NOT_CONFIRMED|CLOSE_NOT_ABOVE_BREAKOUT_HIGH|CLOSE_NOT_ABOVE_MA200|RSI_NOT_MOMENTUM_SUPPORTIVE
2026-10-01T13:02:55.120191+00:00,SIE_FIX_BREAKOUT_QUALITY_R_QUALITY_V1,PAXG,PAXGUSDT,strategy-lab-v1.0.0:SIE_FIX_BREAKOUT_QUALITY_R_QUALITY_V1,1790848800000,2026-10-01T10:00:00+00:00,4161.35,4184.44,4159.49,4180.79,57.48096316114416,4168.989,4148.341286421992,4234.16615,12.338571428571413,0.002951253573743578,47.80851332575457,1.4999999999999591,False,TREND_SUPPORT_NOT_CONFIRMED|PLANNED_REWARD_TOO_LOW|CLOSE_NOT_ABOVE_BREAKOUT_HIGH|CLOSE_NOT_ABOVE_MA200
2026-10-01T13:02:55.120191+00:00,SIE_FIX_BREAKOUT_QUALITY_R_QUALITY_V1,PAXG,PAXGUSDT,strategy-lab-v1.0.0:SIE_FIX_BREAKOUT_QUALITY_R_QUALITY_V1,1790852400000,2026-10-01T11:00:00+00:00,4180.61,4191.1,4175.04,4188.87,60.90103819411381,4170.321,4148.204372861138,4233.4015,13.207142857142896,0.003152913042692396,57.48096316114416,1.5000000000000382,False,TREND_SUPPORT_NOT_CONFIRMED|CLOSE_NOT_ABOVE_BREAKOUT_HIGH|CLOSE_NOT_ABOVE_MA200
2026-10-01T13:02:55.120191+00:00,SIE_FIX_BREAKOUT_QUALITY_R_QUALITY_V1,PAXG,PAXGUSDT,strategy-lab-v1.0.0:SIE_FIX_BREAKOUT_QUALITY_R_QUALITY_V1,1790856000000,2026-10-01T12:00:00+00:00,4187.54,4192.17,4181.95,4185.62,62.150077760497545,4171.275,4148.2650582356355,4232.61875,13.503571428571506,0.0032261818866909818,60.90103819411381,1.5,False,TREND_SUPPORT_NOT_CONFIRMED|CLOSE_NOT_ABOVE_BREAKOUT_HIGH|CLOSE_NOT_ABOVE_MA200
2026-10-01T13:02:55.120191+00:00,SIE_FIX_BREAKOUT_QUALITY_R_QUALITY_V1,PAXG,PAXGUSDT,strategy-lab-v1.0.0:SIE_FIX_BREAKOUT_QUALITY_R_QUALITY_V1,1790859600000,2026-10-01T13:00:00+00:00,4185.36,4186.17,4184.12,4184.75,60.9399529042386,4172.576999999999,4149.611463124075,4231.8767,13.404285714285768,0.00320312700024751,62.150077760497545,1.5,False,TREND_SUPPORT_NOT_CONFIRMED|CLOSE_NOT_ABOVE_BREAKOUT_HIGH|CLOSE_NOT_ABOVE_MA200
2026-10-01T19:28:15.945552+00:00,SIE_FIX_BREAKOUT_QUALITY_R_QUALITY_V1,BTC,BTCUSDT,strategy-lab-v1.0.0:SIE_FIX_BREAKOUT_QUALITY_R_QUALITY_V1,1790859600000,2026-10-01T13:00:00+00:00,83708.07,84012.99,83396.24,83913.54,56.322664647565304,83723.8315,83248.71315283586,84016.19789999998,423.3035714285735,0.005044520484162312,51.505537331010224,1.5,False,TREND_SUPPORT_NOT_CONFIRMED|CLOSE_NOT_ABOVE_BREAKOUT_HIGH|CLOSE_NOT_ABOVE_MA200
2026-10-01T19:28:15.945552+00:00,SIE_FIX_BREAKOUT_QUALITY_R_QUALITY_V1,BTC,BTCUSDT,strategy-lab-v1.0.0:SIE_FIX_BREAKOUT_QUALITY_R_QUALITY_V1,1790863200000,2026-10-01T14:00:00+00:00,83901.84,84322.25,83516.29,84026.41,60.06920463995269,83729.55649999999,83242.89194754936,84004.0474,463.83928571428777,0.005520160693694849,56.322664647565304,1.4999999999999827,False,TREND_SUPPORT_NOT_CONFIRMED|PLANNED_REWARD_TOO_LOW|CLOSE_NOT_ABOVE_BREAKOUT_HIGH
2026-10-01T19:28:15.945552+00:00,SIE_FIX_BREAKOUT_QUALITY_R_QUALITY_V1,BTC,BTCUSDT,strategy-lab-v1.0.0:SIE_FIX_BREAKOUT_QUALITY_R_QUALITY_V1,1790866800000,2026-10-01T15:00:00+00:00,84026.41,84340.03,83779.26,84130.06,61.41415379586502,83758.218,83248.63956420727,83994.0567,488.7035714285739,0.005808905537789631,60.06920463995269,1.4999999999999833,False,TREND_SUPPORT_NOT_CONFIRMED|PLANNED_REWARD_TOO_LOW|CLOSE_NOT_ABOVE_BREAKOUT_HIGH
2026-10-01T19:28:15.945552+00:00,SIE_FIX_BREAKOUT_QUALITY_R_QUALITY_V1,BTC,BTCUSDT,strategy-lab-v1.0.0:SIE_FIX_BREAKOUT_QUALITY_R_QUALITY_V1,1790870400000,2026-10-01T16:00:00+00:00,84130.07,84553.7,84027.78,84164.7,62.45965248472735,83785.3735,83250.55336323257,83985.37115,507.3835714285732,0.00602846052357548,61.41415379586502,1.499999999999984,False,TREND_SUPPORT_NOT_CONFIRMED|PLANNED_REWARD_TOO_LOW|CLOSE_NOT_ABOVE_BREAKOUT_HIGH
2026-10-01T19:28:15.945552+00:00,SIE_FIX_BREAKOUT_QUALITY_R_QUALITY_V1,BTC,BTCUSDT,strategy-lab-v1.0.0:SIE_FIX_BREAKOUT_QUALITY_R_QUALITY_V1,1790874000000,2026-10-01T17:00:00+00:00,84164.71,85057.73,84157.02,84872.88,67.36328753851107,83843.7915,83131.3249761465,83980.4912,546.268571428572,0.00643631477367767,62.45965248472735,1.5,False,TREND_SUPPORT_NOT_CONFIRMED|CLOSE_NOT_ABOVE_BREAKOUT_HIGH
2026-10-01T19:28:15.945552+00:00,SIE_FIX_BREAKOUT_QUALITY_R_QUALITY_V1,BTC,BTCUSDT,strategy-lab-v1.0.0:SIE_FIX_BREAKOUT_QUALITY_R_QUALITY_V1,1790877600000,2026-10-01T18:00:00+00:00,84872.88,85244.0,84625.02,84769.93,61.35587038316795,83900.9375,83090.57119589063,83974.80755000001,554.768571428571,0.006544402849318987,67.36328753851107,1.5000000000000147,False,TREND_SUPPORT_NOT_CONFIRMED|CLOSE_NOT_ABOVE_BREAKOUT_HIGH
2026-10-01T19:28:15.945552+00:00,SIE_FIX_BREAKOUT_QUALITY_R_QUALITY_V1,BTC,BTCUSDT,strategy-lab-v1.0.0:SIE_FIX_BREAKOUT_QUALITY_R_QUALITY_V1,1790881200000,2026-10-01T19:00:00+00:00,84769.93,84872.27,84570.0,84585.96,55.35596862921219,83952.4285,83106.16473709162,83969.54879999999,550.702142857143,0.006510562070314542,61.35587038316795,1.5000000000000147,False,TREND_SUPPORT_NOT_CONFIRMED|CLOSE_NOT_ABOVE_BREAKOUT_HIGH
2026-10-01T19:28:15.945552+00:00,SIE_FIX_BREAKOUT_QUALITY_R_QUALITY_V1,BNB,BNBUSDT,strategy-lab-v1.0.0:SIE_FIX_BREAKOUT_QUALITY_R_QUALITY_V1,1790863200000,2026-10-01T14:00:00+00:00,769.32,771.0,765.82,767.08,45.23641496118573,768.394,764.4278108970893,770.1929999999999,3.776428571428588,0.004923122192507415,52.775636083269184,1.5000000000000167,False,TREND_SUPPORT_NOT_CONFIRMED|CLOSE_NOT_ABOVE_BREAKOUT_HIGH|CLOSE_NOT_ABOVE_MA200|RSI_NOT_MOMENTUM_SUPPORTIVE
2026-10-01T19:28:15.945552+00:00,SIE_FIX_BREAKOUT_QUALITY_R_QUALITY_V1,BNB,BNBUSDT,strategy-lab-v1.0.0:SIE_FIX_BREAKOUT_QUALITY_R_QUALITY_V1,1790866800000,2026-10-01T15:00:00+00:00,766.51,768.38,764.18,765.96,44.840853445260706,768.433,764.5802757690113,770.0804,3.9000000000000177,0.005091649694501041,45.23641496118573,1.5,False,TREND_SUPPORT_NOT_CONFIRMED|CLOSE_NOT_ABOVE_BREAKOUT_HIGH|CLOSE_NOT_ABOVE_MA200|RSI_NOT_MOMENTUM_SUPPORTIVE
2026-10-01T19:28:15.945552+00:00,SIE_FIX_BREAKOUT_QUALITY_R_QUALITY_V1,BNB,BNBUSDT,strategy-lab-v1.0.0:SIE_FIX_BREAKOUT_QUALITY_R_QUALITY_V1,1790870400000,2026-10-01T16:00:00+00:00,766.15,768.82,765.88,766.48,46.97183098591546,768.4005,764.4937700374805,769.9815,3.9214285714285944,0.005116152504212236,44.840853445260706,1.4999999999999838,False,TREND_SUPPORT_NOT_CONFIRMED|PLANNED_REWARD_TOO_LOW|CLOSE_NOT_ABOVE_BREAKOUT_HIGH|CLOSE_NOT_ABOVE_MA200|RSI_NOT_MOMENTUM_SUPPORTIVE
2026-10-01T19:28:15.945552+00:00,SIE_FIX_BREAKOUT_QUALITY_R_QUALITY_V1,BNB,BNBUSDT,strategy-lab-v1.0.0:SIE_FIX_BREAKOUT_QUALITY_R_QUALITY_V1,1790874000000,2026-10-01T17:00:00+00:00,766.48,774.27,766.48,772.27,54.78835184629231,768.6985,764.572013479963,769.93155,4.278571428571444,0.005540253316290214,46.97183098591546,1.5,False,TREND_SUPPORT_NOT_CONFIRMED|CLOSE_NOT_ABOVE_BREAKOUT_HIGH
2026-10-01T19:28:15.945552+00:00,SIE_FIX_BREAKOUT_QUALITY_R_QUALITY_V1,BNB,BNBUSDT,strategy-lab-v1.0.0:SIE_FIX_BREAKOUT_QUALITY_R_QUALITY_V1,1790877600000,2026-10-01T18:00:00+00:00,771.87,772.2,769.2,770.23,51.1568123393317,768.739,764.5693098436399,769.8562999999999,4.302857142857151,0.005586457477451088,54.78835184629231,1.5000000000000147,False,TREND_SUPPORT_NOT_CONFIRMED|CLOSE_NOT_ABOVE_BREAKOUT_HIGH
2026-10-01T19:28:15.945552+00:00,SIE_FIX_BREAKOUT_QUALITY_R_QUALITY_V1,BNB,BNBUSDT,strategy-lab-v1.0.0:SIE_FIX_BREAKOUT_QUALITY_R_QUALITY_V1,1790881200000,2026-10-01T19:00:00+00:00,770.27,770.34,768.04,768.04,44.948630136986196,768.6955,764.5157130437011,769.7818,4.269285714285721,0.005558676259421021,51.1568123393317,1.4999999999999851,False,TREND_SUPPORT_NOT_CONFIRMED|PLANNED_REWARD_TOO_LOW|CLOSE_NOT_ABOVE_BREAKOUT_HIGH|CLOSE_NOT_ABOVE_MA200|RSI_NOT_MOMENTUM_SUPPORTIVE
2026-10-01T19:28:15.945552+00:00,SIE_FIX_BREAKOUT_QUALITY_R_QUALITY_V1,PAXG,PAXGUSDT,strategy-lab-v1.0.0:SIE_FIX_BREAKOUT_QUALITY_R_QUALITY_V1,1790863200000,2026-10-01T14:00:00+00:00,4165.12,4180.79,4160.35,4169.08,53.84239263303733,4172.0305,4150.112501482853,4230.97895,15.028571428571468,0.0036047692605014696,51.09831345125465,1.4999999999999665,False,TREND_SUPPORT_NOT_CONFIRMED|PLANNED_REWARD_TOO_LOW|CLOSE_NOT_ABOVE_BREAKOUT_HIGH|CLOSE_NOT_ABOVE_MA200
2026-10-01T19:28:15.945552+00:00,SIE_FIX_BREAKOUT_QUALITY_R_QUALITY_V1,PAXG,PAXGUSDT,strategy-lab-v1.0.0:SIE_FIX_BREAKOUT_QUALITY_R_QUALITY_V1,1790866800000,2026-10-01T15:00:00+00:00,4165.29,4180.02,4160.28,4179.31,56.30303965437434,4172.763,4150.900113548352,4230.272150000001,15.637142857142928,0.003741560893339553,53.84239263303733,1.4999999999999676,False,TREND_SUPPORT_NOT_CONFIRMED|PLANNED_REWARD_TOO_LOW|CLOSE_NOT_ABOVE_BREAKOUT_HIGH|CLOSE_NOT_ABOVE_MA200
2026-10-01T19:28:15.945552+00:00,SIE_FIX_BREAKOUT_QUALITY_R_QUALITY_V1,PAXG,PAXGUSDT,strategy-lab-v1.0.0:SIE_FIX_BREAKOUT_QUALITY_R_QUALITY_V1,1790870400000,2026-10-01T16:00:00+00:00,4178.0,4183.75,4167.69,4169.67,50.22903056243886,4172.933999999999,4151.224593375275,4229.5294,15.97000000000006,0.0038300393076670476,56.30303965437434,1.5000000000000315,False,TREND_SUPPORT_NOT_CONFIRMED|CLOSE_NOT_ABOVE_BREAKOUT_HIGH|CLOSE_NOT_ABOVE_MA200
2026-10-01T19:28:15.945552+00:00,SIE_FIX_BREAKOUT_QUALITY_R_QUALITY_V1,PAXG,PAXGUSDT,strategy-lab-v1.0.0:SIE_FIX_BREAKOUT_QUALITY_R_QUALITY_V1,1790874000000,2026-10-01T17:00:00+00:00,4171.02,4186.14,4171.02,4176.71,48.37202056395067,4173.4705,4151.945467619127,4228.84655,16.07928571428582,0.003849749136110915,50.22903056243886,1.5000000000000315,False,TREND_SUPPORT_NOT_CONFIRMED|CLOSE_NOT_ABOVE_BREAKOUT_HIGH|CLOSE_NOT_ABOVE_MA200|RSI_NOT_MOMENTUM_SUPPORTIVE
2026-10-01T19:28:15.945552+00:00,SIE_FIX_BREAKOUT_QUALITY_R_QUALITY_V1,PAXG,PAXGUSDT,strategy-lab-v1.0.0:SIE_FIX_BREAKOUT_QUALITY_R_QUALITY_V1,1790877600000,2026-10-01T18:00:00+00:00,4174.48,4188.25,4171.21,4180.54,48.07677242459859,4174.4665,4153.578047424531,4228.1643,16.608571428571526,0.003972829210717162,48.37202056395067,1.5,False,TREND_SUPPORT_NOT_CONFIRMED|CLOSE_NOT_ABOVE_BREAKOUT_HIGH|CLOSE_NOT_ABOVE_MA200|RSI_NOT_MOMENTUM_SUPPORTIVE
2026-10-01T19:28:15.945552+00:00,SIE_FIX_BREAKOUT_QUALITY_R_QUALITY_V1,PAXG,PAXGUSDT,strategy-lab-v1.0.0:SIE_FIX_BREAKOUT_QUALITY_R_QUALITY_V1,1790881200000,2026-10-01T19:00:00+00:00,4182.44,4185.05,4179.83,4185.05,46.42741674749432,4175.596500000001,4154.987213476745,4227.52175,16.15214285714293,0.003859486232456704,48.07677242459859,1.4999999999999687,False,TREND_SUPPORT_NOT_CONFIRMED|PLANNED_REWARD_TOO_LOW|CLOSE_NOT_ABOVE_BREAKOUT_HIGH|CLOSE_NOT_ABOVE_MA200|RSI_NOT_MOMENTUM_SUPPORTIVE
2026-10-01T23:51:42.248397+00:00,SIE_FIX_BREAKOUT_QUALITY_R_QUALITY_V1,BTC,BTCUSDT,strategy-lab-v1.0.0:SIE_FIX_BREAKOUT_QUALITY_R_QUALITY_V1,1790884800000,2026-10-01T20:00:00+00:00,84644.92,84842.91,84528.21,84603.84,59.03269503109396,84012.824,83145.31790168313,83965.4523,553.6107142857145,0.0065435648581165405,56.42305768344237,1.5,False,CLOSE_NOT_ABOVE_BREAKOUT_HIGH
2026-10-01T23:51:42.248397+00:00,SIE_FIX_BREAKOUT_QUALITY_R_QUALITY_V1,BTC,BTCUSDT,strategy-lab-v1.0.0:SIE_FIX_BREAKOUT_QUALITY_R_QUALITY_V1,1790888400000,2026-10-01T21:00:00+00:00,84605.14,84664.96,84461.73,84515.18,74.76734715097697,84065.602,83210.79784786636,83959.1132,504.1600000000014,0.00596531889300835,59.03269503109396,1.5,False,CLOSE_NOT_ABOVE_BREAKOUT_HIGH
2026-10-01T23:51:42.248397+00:00,SIE_FIX_BREAKOUT_QUALITY_R_QUALITY_V1,BTC,BTCUSDT,strategy-lab-v1.0.0:SIE_FIX_BREAKOUT_QUALITY_R_QUALITY_V1,1790892000000,2026-10-01T22:00:00+00:00,84516.28,84771.66,84510.01,84719.22,75.41495002026167,84129.999,83282.01747772674,83960.1025,492.06142857143067,0.005808143991073462,74.76734715097697,1.5,False,CLOSE_NOT_ABOVE_BREAKOUT_HIGH
2026-10-01T23:51:42.248397+00:00,SIE_FIX_BREAKOUT_QUALITY_R_QUALITY_V1,BTC,BTCUSDT,strategy-lab-v1.0.0:SIE_FIX_BREAKOUT_QUALITY_R_QUALITY_V1,1790895600000,2026-10-01T23:00:00+00:00,84719.22,84856.68,84616.87,84811.03,73.89899478795503,84185.688,83312.77683130935,83964.166,483.44642857143066,0.005700277765420732,75.41495002026167,1.5000000000000167,False,CLOSE_NOT_ABOVE_BREAKOUT_HIGH
2026-10-01T23:51:42.248397+00:00,SIE_FIX_BREAKOUT_QUALITY_R_QUALITY_V1,BNB,BNBUSDT,strategy-lab-v1.0.0:SIE_FIX_BREAKOUT_QUALITY_R_QUALITY_V1,1790884800000,2026-10-01T20:00:00+00:00,769.66,770.24,768.61,769.76,49.07296650717703,768.7475,764.5764096149819,769.7389999999999,4.286428571428579,0.005568525996971237,46.35079458505001,1.5,False,TREND_SUPPORT_NOT_CONFIRMED|CLOSE_NOT_ABOVE_BREAKOUT_HIGH|RSI_NOT_MOMENTUM_SUPPORTIVE
2026-10-01T23:51:42.248397+00:00,SIE_FIX_BREAKOUT_QUALITY_R_QUALITY_V1,BNB,BNBUSDT,strategy-lab-v1.0.0:SIE_FIX_BREAKOUT_QUALITY_R_QUALITY_V1,1790888400000,2026-10-01T21:00:00+00:00,769.59,770.37,768.82,770.37,62.78126152711167,768.8205,764.5899091429224,769.6857999999999,3.740000000000009,0.004854810026350986,49.07296650717703,1.5,False,TREND_SUPPORT_NOT_CONFIRMED|CLOSE_NOT_ABOVE_BREAKOUT_HIGH
2026-10-01T23:51:42.248397+00:00,SIE_FIX_BREAKOUT_QUALITY_R_QUALITY_V1,BNB,BNBUSDT,strategy-lab-v1.0.0:SIE_FIX_BREAKOUT_QUALITY_R_QUALITY_V1,1790892000000,2026-10-01T22:00:00+00:00,770.38,771.66,769.6,770.77,59.78477481068147,768.9490000000001,764.646099118038,769.7075500000001,3.656428571428575,0.004743864669653172,62.78126152711167,1.5,False,TREND_SUPPORT_NOT_CONFIRMED|CLOSE_NOT_ABOVE_BREAKOUT_HIGH
2026-10-01T23:51:42.248397+00:00,SIE_FIX_BREAKOUT_QUALITY_R_QUALITY_V1,BNB,BNBUSDT,strategy-lab-v1.0.0:SIE_FIX_BREAKOUT_QUALITY_R_QUALITY_V1,1790895600000,2026-10-01T23:00:00+00:00,770.57,770.96,769.77,770.96,55.21526853084779,769.043,764.6515305420635,769.75675,3.4850000000000056,0.004520338279547584,59.78477481068147,1.4999999999999818,False,TREND_SUPPORT_NOT_CONFIRMED|PLANNED_REWARD_TOO_LOW|CLOSE_NOT_ABOVE_BREAKOUT_HIGH
2026-10-01T23:51:42.248397+00:00,SIE_FIX_BREAKOUT_QUALITY_R_QUALITY_V1,PAXG,PAXGUSDT,strategy-lab-v1.0.0:SIE_FIX_BREAKOUT_QUALITY_R_QUALITY_V1,1790884800000,2026-10-01T20:00:00+00:00,4182.36,4186.51,4180.47,4183.49,48.39771349385076,4176.654,4157.3369604753425,4226.8769,15.890000000000068,0.0037982641287537602,45.23671816904875,1.4999999999999682,False,TREND_SUPPORT_NOT_CONFIRMED|PLANNED_REWARD_TOO_LOW|CLOSE_NOT_ABOVE_BREAKOUT_HIGH|CLOSE_NOT_ABOVE_MA200|RSI_NOT_MOMENTUM_SUPPORTIVE
2026-10-01T23:51:42.248397+00:00,SIE_FIX_BREAKOUT_QUALITY_R_QUALITY_V1,PAXG,PAXGUSDT,strategy-lab-v1.0.0:SIE_FIX_BREAKOUT_QUALITY_R_QUALITY_V1,1790888400000,2026-10-01T21:00:00+00:00,4183.49,4185.58,4182.94,4185.55,57.81858097994208,4177.782999999999,4159.170454660976,4226.3597500000005,14.265000000000132,0.003408154244961864,48.39771349385076,1.5,False,TREND_SUPPORT_NOT_CONFIRMED|CLOSE_NOT_ABOVE_BREAKOUT_HIGH|CLOSE_NOT_ABOVE_MA200
2026-10-01T23:51:42.248397+00:00,SIE_FIX_BREAKOUT_QUALITY_R_QUALITY_V1,PAXG,PAXGUSDT,strategy-lab-v1.0.0:SIE_FIX_BREAKOUT_QUALITY_R_QUALITY_V1,1790892000000,2026-10-01T22:00:00+00:00,4184.04,4185.99,4178.23,4185.99,63.615560640732085,4178.6295,4160.14130325188,4225.827950000001,13.879285714285873,0.0033156519041578868,57.81858097994208,1.5,False,TREND_SUPPORT_NOT_CONFIRMED|CLOSE_NOT_ABOVE_BREAKOUT_HIGH|CLOSE_NOT_ABOVE_MA200
2026-10-01T23:51:42.248397+00:00,SIE_FIX_BREAKOUT_QUALITY_R_QUALITY_V1,PAXG,PAXGUSDT,strategy-lab-v1.0.0:SIE_FIX_BREAKOUT_QUALITY_R_QUALITY_V1,1790895600000,2026-10-01T23:00:00+00:00,4185.99,4189.54,4185.9,4187.44,64.10835214446942,4178.957,4160.0920217599605,4225.36345,13.517857142857338,0.003228191244019577,63.615560640732085,1.5,False,TREND_SUPPORT_NOT_CONFIRMED|CLOSE_NOT_ABOVE_BREAKOUT_HIGH|CLOSE_NOT_ABOVE_MA200
2026-10-02T05:26:22.012744+00:00,SIE_FIX_BREAKOUT_QUALITY_R_QUALITY_V1,BTC,BTCUSDT,strategy-lab-v1.0.0:SIE_FIX_BREAKOUT_QUALITY_R_QUALITY_V1,1790899200000,2026-10-02T00:00:00+00:00,84848.73,84934.09,84673.41,84762.75,69.15255958204847,84222.70700000001,83311.85529290135,83968.01779999999,453.2542857142866,0.005347328699390789,74.33265611021217,1.5,False,CLOSE_NOT_ABOVE_BREAKOUT_HIGH
2026-10-02T05:26:22.012744+00:00,SIE_FIX_BREAKOUT_QUALITY_R_QUALITY_V1,BTC,BTCUSDT,strategy-lab-v1.0.0:SIE_FIX_BREAKOUT_QUALITY_R_QUALITY_V1,1790902800000,2026-10-02T01:00:00+00:00,84762.75,84967.0,84489.45,84877.17,72.30847863416436,84253.965,83299.37859082557,83970.83129999999,467.65857142857254,0.00550982757116634,69.15255958204847,1.4999999999999827,False,PLANNED_REWARD_TOO_LOW|CLOSE_NOT_ABOVE_BREAKOUT_HIGH
2026-10-02T05:26:22.012744+00:00,SIE_FIX_BREAKOUT_QUALITY_R_QUALITY_V1,BTC,BTCUSDT,strategy-lab-v1.0.0:SIE_FIX_BREAKOUT_QUALITY_R_QUALITY_V1,1790906400000,2026-10-02T02:00:00+00:00,84877.17,85187.03,84821.2,85165.16,81.07538622966467,84308.43699999999,83279.32698302198,83975.0921,464.7235714285728,0.005456733380511148,72.30847863416436,1.5000000000000173,False,CLOSE_NOT_ABOVE_BREAKOUT_HIGH
2026-10-02T05:26:22.012744+00:00,SIE_FIX_BREAKOUT_QUALITY_R_QUALITY_V1,BTC,BTCUSDT,strategy-lab-v1.0.0:SIE_FIX_BREAKOUT_QUALITY_R_QUALITY_V1,1790910000000,2026-10-02T03:00:00+00:00,85165.16,85546.62,85155.92,85483.53,81.94477791116431,84414.0215,83357.9907219772,83979.9304,448.577142857144,0.005247527130163483,81.07538622966467,1.5,False,CLOSE_NOT_ABOVE_BREAKOUT_HIGH
2026-10-02T05:26:22.012744+00:00,SIE_FIX_BREAKOUT_QUALITY_R_QUALITY_V1,BTC,BTCUSDT,strategy-lab-v1.0.0:SIE_FIX_BREAKOUT_QUALITY_R_QUALITY_V1,1790913600000,2026-10-02T04:00:00+00:00,85483.53,86885.28,85422.41,86632.2,87.29857005854296,84569.8775,83213.23434843974,83991.9141,495.4992857142861,0.005719574081164811,81.94477791116431,1.4999999999999838,False,PLANNED_REWARD_TOO_LOW
2026-10-02T05:26:22.012744+00:00,SIE_FIX_BREAKOUT_QUALITY_R_QUALITY_V1,BTC,BTCUSDT,strategy-lab-v1.0.0:SIE_FIX_BREAKOUT_QUALITY_R_QUALITY_V1,1790917200000,2026-10-02T05:00:00+00:00,86632.21,86668.95,86320.17,86334.03,79.88296132788446,84699.355,83196.1538987829,84001.58744999999,480.35714285714283,0.005563937451514111,87.29857005854296,1.5000000000000169,False,CLOSE_NOT_ABOVE_BREAKOUT_HIGH
2026-10-02T05:26:22.012744+00:00,SIE_FIX_BREAKOUT_QUALITY_R_QUALITY_V1,BNB,BNBUSDT,strategy-lab-v1.0.0:SIE_FIX_BREAKOUT_QUALITY_R_QUALITY_V1,1790899200000,2026-10-02T00:00:00+00:00,771.39,772.66,770.53,771.43,53.532110091743,769.1690000000001,764.6109613867361,769.7903,3.2292857142857088,0.004186103359067847,56.206597222222236,1.5,False,TREND_SUPPORT_NOT_CONFIRMED|CLOSE_NOT_ABOVE_BREAKOUT_HIGH
2026-10-02T05:26:22.012744+00:00,SIE_FIX_BREAKOUT_QUALITY_R_QUALITY_V1,BNB,BNBUSDT,strategy-lab-v1.0.0:SIE_FIX_BREAKOUT_QUALITY_R_QUALITY_V1,1790902800000,2026-10-02T01:00:00+00:00,771.36,772.7,768.11,771.42,52.30479774223871,769.161,764.6193839880494,769.81375,3.3864285714285693,0.004389863591076936,53.532110091743,1.5,False,TREND_SUPPORT_NOT_CONFIRMED|CLOSE_NOT_ABOVE_BREAKOUT_HIGH
2026-10-02T05:26:22.012744+00:00,SIE_FIX_BREAKOUT_QUALITY_R_QUALITY_V1,BNB,BNBUSDT,strategy-lab-v1.0.0:SIE_FIX_BREAKOUT_QUALITY_R_QUALITY_V1,1790906400000,2026-10-02T02:00:00+00:00,771.16,774.07,771.0,773.9,64.12069778406412,769.3370000000001,764.3674120895186,769.8511,3.375,0.004361028556661067,52.30479774223871,1.5000000000000187,False,TREND_SUPPORT_NOT_CONFIRMED|CLOSE_NOT_ABOVE_BREAKOUT_HIGH
2026-10-02T05:26:22.012744+00:00,SIE_FIX_BREAKOUT_QUALITY_R_QUALITY_V1,BNB,BNBUSDT,strategy-lab-v1.0.0:SIE_FIX_BREAKOUT_QUALITY_R_QUALITY_V1,1790910000000,2026-10-02T03:00:00+00:00,773.9,776.1,773.25,775.7,63.00437530384057,769.95,765.0168103624527,769.8908,3.25142857142857,0.004191605738595552,64.12069778406412,1.5,False,CLOSE_NOT_ABOVE_BREAKOUT_HIGH
2026-10-02T05:26:22.012744+00:00,SIE_FIX_BREAKOUT_QUALITY_R_QUALITY_V1,BNB,BNBUSDT,strategy-lab-v1.0.0:SIE_FIX_BREAKOUT_QUALITY_R_QUALITY_V1,1790913600000,2026-10-02T04:00:00+00:00,776.01,783.0,774.54,781.32,81.06457242582889,770.723,764.0554664230314,769.97045,3.4857142857142907,0.004461314551930439,63.00437530384057,1.5,True,
2026-10-02T05:26:22.012744+00:00,SIE_FIX_BREAKOUT_QUALITY_R_QUALITY_V1,BNB,BNBUSDT,strategy-lab-v1.0.0:SIE_FIX_BREAKOUT_QUALITY_R_QUALITY_V1,1790917200000,2026-10-02T05:00:00+00:00,780.92,780.92,778.97,779.09,77.32001664585923,771.247,763.7326082082443,770.0333499999999,3.3535714285714318,0.004304472433956836,81.06457242582889,1.5,False,OPEN_TRADE_EXISTS|CLOSE_NOT_ABOVE_BREAKOUT_HIGH
2026-10-02T05:26:22.012744+00:00,SIE_FIX_BREAKOUT_QUALITY_R_QUALITY_V1,PAXG,PAXGUSDT,strategy-lab-v1.0.0:SIE_FIX_BREAKOUT_QUALITY_R_QUALITY_V1,1790899200000,2026-10-02T00:00:00+00:00,4189.81,4190.11,4164.12,4164.5,42.09606986899566,4178.0765,4158.083504951759,4224.78335,13.77785714285736,0.0033084060854502006,65.35228805644905,1.5000000000000366,False,TREND_SUPPORT_NOT_CONFIRMED|CLOSE_NOT_ABOVE_BREAKOUT_HIGH|CLOSE_NOT_ABOVE_MA200|RSI_NOT_MOMENTUM_SUPPORTIVE
2026-10-02T05:26:22.012744+00:00,SIE_FIX_BREAKOUT_QUALITY_R_QUALITY_V1,PAXG,PAXGUSDT,strategy-lab-v1.0.0:SIE_FIX_BREAKOUT_QUALITY_R_QUALITY_V1,1790902800000,2026-10-02T01:00:00+00:00,4162.42,4162.42,4148.5,4160.24,35.57391917766806,4176.394,4156.343777657118,4224.12835,13.773571428571618,0.0033107636647336735,42.09606986899566,1.5,False,TREND_SUPPORT_NOT_CONFIRMED|CLOSE_NOT_ABOVE_BREAKOUT_HIGH|CLOSE_NOT_ABOVE_MA200|RSI_NOT_MOMENTUM_SUPPORTIVE
2026-10-02T05:26:22.012744+00:00,SIE_FIX_BREAKOUT_QUALITY_R_QUALITY_V1,PAXG,PAXGUSDT,strategy-lab-v1.0.0:SIE_FIX_BREAKOUT_QUALITY_R_QUALITY_V1,1790906400000,2026-10-02T02:00:00+00:00,4160.68,4175.98,4160.68,4175.98,45.68564267812375,4175.8335,4156.404698415779,4223.56755,14.167857142857299,0.0033927023460019684,35.57391917766806,1.5000000000000357,False,TREND_SUPPORT_NOT_CONFIRMED|CLOSE_NOT_ABOVE_BREAKOUT_HIGH|CLOSE_NOT_ABOVE_MA200|RSI_NOT_MOMENTUM_SUPPORTIVE
2026-10-02T05:26:22.012744+00:00,SIE_FIX_BREAKOUT_QUALITY_R_QUALITY_V1,PAXG,PAXGUSDT,strategy-lab-v1.0.0:SIE_FIX_BREAKOUT_QUALITY_R_QUALITY_V1,1790910000000,2026-10-02T03:00:00+00:00,4176.79,4184.69,4175.58,4184.69,59.79185429800844,4176.574,4156.981050860092,4223.08185,13.31500000000012,0.003181836647398044,45.68564267812375,1.5,False,TREND_SUPPORT_NOT_CONFIRMED|CLOSE_NOT_ABOVE_BREAKOUT_HIGH|CLOSE_NOT_ABOVE_MA200
2026-10-02T05:26:22.012744+00:00,SIE_FIX_BREAKOUT_QUALITY_R_QUALITY_V1,PAXG,PAXGUSDT,strategy-lab-v1.0.0:SIE_FIX_BREAKOUT_QUALITY_R_QUALITY_V1,1790913600000,2026-10-02T04:00:00+00:00,4184.41,4196.97,4184.41,4192.52,61.29094412331419,4178.15,4158.751710384701,4222.63675,12.752142857143033,0.0030416415084824956,59.79185429800844,1.5,False,TREND_SUPPORT_NOT_CONFIRMED|CLOSE_NOT_ABOVE_BREAKOUT_HIGH|CLOSE_NOT_ABOVE_MA200
2026-10-02T05:26:22.012744+00:00,SIE_FIX_BREAKOUT_QUALITY_R_QUALITY_V1,PAXG,PAXGUSDT,strategy-lab-v1.0.0:SIE_FIX_BREAKOUT_QUALITY_R_QUALITY_V1,1790917200000,2026-10-02T05:00:00+00:00,4192.32,4197.79,4190.62,4193.77,57.624973634254346,4179.7789999999995,4160.885942121535,4222.1811,11.854285714285847,0.0028266418316421375,61.29094412331419,1.5000000000000426,False,TREND_SUPPORT_NOT_CONFIRMED|CLOSE_NOT_ABOVE_BREAKOUT_HIGH|CLOSE_NOT_ABOVE_MA200
2026-10-02T12:23:46.288179+00:00,SIE_FIX_BREAKOUT_QUALITY_R_QUALITY_V1,BTC,BTCUSDT,strategy-lab-v1.0.0:SIE_FIX_BREAKOUT_QUALITY_R_QUALITY_V1,1790920800000,2026-10-02T06:00:00+00:00,85979.95,86097.92,85859.06,85964.37,72.36898692168661,84783.231,83290.73405377977,84006.88795,492.78857142857095,0.005732474645350987,72.88476526257182,1.4999999999999836,False,PLANNED_REWARD_TOO_LOW|CLOSE_NOT_ABOVE_BREAKOUT_HIGH
2026-10-02T12:23:46.288179+00:00,SIE_FIX_BREAKOUT_QUALITY_R_QUALITY_V1,BTC,BTCUSDT,strategy-lab-v1.0.0:SIE_FIX_BREAKOUT_QUALITY_R_QUALITY_V1,1790924400000,2026-10-02T07:00:00+00:00,85964.36,86152.85,85740.27,86088.51,67.6759774911664,84893.55549999999,83358.2459046611,84015.43895,457.9221428571431,0.00531920163163636,72.36898692168661,1.5,False,CLOSE_NOT_ABOVE_BREAKOUT_HIGH
2026-10-02T12:23:46.288179+00:00,SIE_FIX_BREAKOUT_QUALITY_R_QUALITY_V1,BTC,BTCUSDT,strategy-lab-v1.0.0:SIE_FIX_BREAKOUT_QUALITY_R_QUALITY_V1,1790928000000,2026-10-02T08:00:00+00:00,86088.51,86625.08,86054.08,86235.65,71.04202317648819,85019.935,83479.6583836935,84025.1109,454.4950000000005,0.005270384116081928,67.6759774911664,1.5,False,CLOSE_NOT_ABOVE_BREAKOUT_HIGH
2026-10-02T12:23:46.288179+00:00,SIE_FIX_BREAKOUT_QUALITY_R_QUALITY_V1,BTC,BTCUSDT,strategy-lab-v1.0.0:SIE_FIX_BREAKOUT_QUALITY_R_QUALITY_V1,1790931600000,2026-10-02T09:00:00+00:00,86235.65,86428.1,86100.0,86352.27,74.57007583934148,85141.87150000001,83585.21503634096,84036.37030000001,454.48357142857174,0.005263134037224172,71.04202317648819,1.5,False,CLOSE_NOT_ABOVE_BREAKOUT_HIGH
2026-10-02T12:23:46.288179+00:00,SIE_FIX_BREAKOUT_QUALITY_R_QUALITY_V1,BTC,BTCUSDT,strategy-lab-v1.0.0:SIE_FIX_BREAKOUT_QUALITY_R_QUALITY_V1,1790935200000,2026-10-02T10:00:00+00:00,86352.28,86496.01,86158.0,86281.0,73.92770726807885,85254.601,83710.89783505007,84046.0259,456.14857142857153,0.005286778913417456,74.57007583934148,1.5000000000000178,False,CLOSE_NOT_ABOVE_BREAKOUT_HIGH
2026-10-02T12:23:46.288179+00:00,SIE_FIX_BREAKOUT_QUALITY_R_QUALITY_V1,BTC,BTCUSDT,strategy-lab-v1.0.0:SIE_FIX_BREAKOUT_QUALITY_R_QUALITY_V1,1790938800000,2026-10-02T11:00:00+00:00,86281.01,86564.3,86259.68,86412.21,76.739898342068,85368.7085,83837.0327502111,84058.44615,463.39071428571435,0.005362560618293576,73.92770726807885,1.5,False,CLOSE_NOT_ABOVE_BREAKOUT_HIGH
2026-10-02T12:23:46.288179+00:00,SIE_FIX_BREAKOUT_QUALITY_R_QUALITY_V1,BTC,BTCUSDT,strategy-lab-v1.0.0:SIE_FIX_BREAKOUT_QUALITY_R_QUALITY_V1,1790942400000,2026-10-02T12:00:00+00:00,86412.21,86596.86,86289.22,86544.6,76.26037968200626,85487.70349999999,83979.05899822654,84071.0473,466.6757142857137,0.00539231464800477,76.739898342068,1.5,False,CLOSE_NOT_ABOVE_BREAKOUT_HIGH
2026-10-02T12:23:46.288179+00:00,SIE_FIX_BREAKOUT_QUALITY_R_QUALITY_V1,BNB,BNBUSDT,strategy-lab-v1.0.0:SIE_FIX_BREAKOUT_QUALITY_R_QUALITY_V1,1790920800000,2026-10-02T06:00:00+00:00,776.97,778.43,776.56,777.0,70.54687499999986,771.5020000000001,763.9548585543904,770.0694500000001,3.5035714285714334,0.004509100937672372,71.35176651305679,1.5,False,CLOSE_NOT_ABOVE_BREAKOUT_HIGH
2026-10-02T12:23:46.288179+00:00,SIE_FIX_BREAKOUT_QUALITY_R_QUALITY_V1,BNB,BNBUSDT,strategy-lab-v1.0.0:SIE_FIX_BREAKOUT_QUALITY_R_QUALITY_V1,1790924400000,2026-10-02T07:00:00+00:00,776.81,777.47,774.52,776.15,59.39012584704734,771.7875,763.9946497512118,770.11385,3.1578571428571536,0.004068617075123564,70.54687499999986,1.5,False,CLOSE_NOT_ABOVE_BREAKOUT_HIGH
2026-10-02T12:23:46.288179+00:00,SIE_FIX_BREAKOUT_QUALITY_R_QUALITY_V1,BNB,BNBUSDT,strategy-lab-v1.0.0:SIE_FIX_BREAKOUT_QUALITY_R_QUALITY_V1,1790928000000,2026-10-02T08:00:00+00:00,776.54,780.08,776.54,777.26,67.81550937658359,772.255,764.3280245364301,770.16345,3.2192857142857343,0.004141838913987256,59.39012584704734,1.5,False,CLOSE_NOT_ABOVE_BREAKOUT_HIGH
2026-10-02T12:23:46.288179+00:00,SIE_FIX_BREAKOUT_QUALITY_R_QUALITY_V1,BNB,BNBUSDT,strategy-lab-v1.0.0:SIE_FIX_BREAKOUT_QUALITY_R_QUALITY_V1,1790931600000,2026-10-02T09:00:00+00:00,777.23,777.23,774.76,776.36,68.61538461538437,772.5555,764.4857949868017,770.2136999999999,3.2035714285714465,0.004126399387618432,67.81550937658359,1.5,False,CLOSE_NOT_ABOVE_BREAKOUT_HIGH
2026-10-02T12:23:46.288179+00:00,SIE_FIX_BREAKOUT_QUALITY_R_QUALITY_V1,BNB,BNBUSDT,strategy-lab-v1.0.0:SIE_FIX_BREAKOUT_QUALITY_R_QUALITY_V1,1790935200000,2026-10-02T10:00:00+00:00,776.78,777.31,775.31,776.08,66.5271966527196,773.0055,765.2081710342554,770.23235,3.230000000000018,0.004161942067828082,68.61538461538437,1.4999999999999805,False,PLANNED_REWARD_TOO_LOW|CLOSE_NOT_ABOVE_BREAKOUT_HIGH
2026-10-02T12:23:46.288179+00:00,SIE_FIX_BREAKOUT_QUALITY_R_QUALITY_V1,BNB,BNBUSDT,strategy-lab-v1.0.0:SIE_FIX_BREAKOUT_QUALITY_R_QUALITY_V1,1790938800000,2026-10-02T11:00:00+00:00,776.11,778.55,775.78,777.6,68.0479281078381,773.5875,766.256912370073,770.2877000000001,3.317142857142877,0.0042658730158730415,66.5271966527196,1.500000000000019,False,CLOSE_NOT_ABOVE_BREAKOUT_HIGH
2026-10-02T12:23:46.288179+00:00,SIE_FIX_BREAKOUT_QUALITY_R_QUALITY_V1,BNB,BNBUSDT,strategy-lab-v1.0.0:SIE_FIX_BREAKOUT_QUALITY_R_QUALITY_V1,1790942400000,2026-10-02T12:00:00+00:00,777.86,779.0,777.17,778.89,69.40726577437843,774.208,767.3002200382439,770.3274,3.300714285714313,0.004237715576929108,68.0479281078381,1.499999999999981,False,PLANNED_REWARD_TOO_LOW|CLOSE_NOT_ABOVE_BREAKOUT_HIGH
2026-10-02T12:23:46.288179+00:00,SIE_FIX_BREAKOUT_QUALITY_R_QUALITY_V1,PAXG,PAXGUSDT,strategy-lab-v1.0.0:SIE_FIX_BREAKOUT_QUALITY_R_QUALITY_V1,1790920800000,2026-10-02T06:00:00+00:00,4194.6,4198.19,4183.52,4187.31,59.894547902176505,4179.95,4161.173882190459,4221.6667,11.906428571428608,0.0028434552424894755,55.952630475791004,1.4999999999999576,False,TREND_SUPPORT_NOT_CONFIRMED|PLANNED_REWARD_TOO_LOW|CLOSE_NOT_ABOVE_BREAKOUT_HIGH|CLOSE_NOT_ABOVE_MA200
2026-10-02T12:23:46.288179+00:00,SIE_FIX_BREAKOUT_QUALITY_R_QUALITY_V1,PAXG,PAXGUSDT,strategy-lab-v1.0.0:SIE_FIX_BREAKOUT_QUALITY_R_QUALITY_V1,1790924400000,2026-10-02T07:00:00+00:00,4186.6,4193.99,4183.68,4187.39,56.497931370163215,4179.876,4161.229870750267,4221.1662,11.466428571428553,0.002738323531227937,59.894547902176505,1.5,False,TREND_SUPPORT_NOT_CONFIRMED|CLOSE_NOT_ABOVE_BREAKOUT_HIGH|CLOSE_NOT_ABOVE_MA200
2026-10-02T12:23:46.288179+00:00,SIE_FIX_BREAKOUT_QUALITY_R_QUALITY_V1,PAXG,PAXGUSDT,strategy-lab-v1.0.0:SIE_FIX_BREAKOUT_QUALITY_R_QUALITY_V1,1790928000000,2026-10-02T08:00:00+00:00,4187.9,4196.56,4183.28,4185.69,53.21673953778862,4179.8795,4161.229033544767,4220.6154,11.197857142857174,0.002675271494749295,56.497931370163215,1.499999999999955,False,TREND_SUPPORT_NOT_CONFIRMED|PLANNED_REWARD_TOO_LOW|CLOSE_NOT_ABOVE_BREAKOUT_HIGH|CLOSE_NOT_ABOVE_MA200
2026-10-02T12:23:46.288179+00:00,SIE_FIX_BREAKOUT_QUALITY_R_QUALITY_V1,PAXG,PAXGUSDT,strategy-lab-v1.0.0:SIE_FIX_BREAKOUT_QUALITY_R_QUALITY_V1,1790931600000,2026-10-02T09:00:00+00:00,4186.15,4190.41,4183.41,4186.79,52.79213412328261,4180.963,4163.381007962755,4220.1632,11.187857142857151,0.0026721801530186972,53.21673953778862,1.500000000000045,False,TREND_SUPPORT_NOT_CONFIRMED|CLOSE_NOT_ABOVE_BREAKOUT_HIGH|CLOSE_NOT_ABOVE_MA200
2026-10-02T12:23:46.288179+00:00,SIE_FIX_BREAKOUT_QUALITY_R_QUALITY_V1,PAXG,PAXGUSDT,strategy-lab-v1.0.0:SIE_FIX_BREAKOUT_QUALITY_R_QUALITY_V1,1790935200000,2026-10-02T10:00:00+00:00,4186.76,4188.0,4172.63,4187.19,52.35368956742987,4181.8685000000005,4164.975877616316,4219.650299999999,11.854285714285718,0.0028310837851365043,52.79213412328261,1.5,False,TREND_SUPPORT_NOT_CONFIRMED|CLOSE_NOT_ABOVE_BREAKOUT_HIGH|CLOSE_NOT_ABOVE_MA200
2026-10-02T12:23:46.288179+00:00,SIE_FIX_BREAKOUT_QUALITY_R_QUALITY_V1,PAXG,PAXGUSDT,strategy-lab-v1.0.0:SIE_FIX_BREAKOUT_QUALITY_R_QUALITY_V1,1790938800000,2026-10-02T11:00:00+00:00,4186.7,4191.24,4181.24,4184.61,49.405965621839925,4182.1335,4165.243450532998,4219.157999999999,12.37999999999998,0.002958459689194448,52.35368956742987,1.5,False,TREND_SUPPORT_NOT_CONFIRMED|CLOSE_NOT_ABOVE_BREAKOUT_HIGH|CLOSE_NOT_ABOVE_MA200|RSI_NOT_MOMENTUM_SUPPORTIVE
2026-10-02T12:23:46.288179+00:00,SIE_FIX_BREAKOUT_QUALITY_R_QUALITY_V1,PAXG,PAXGUSDT,strategy-lab-v1.0.0:SIE_FIX_BREAKOUT_QUALITY_R_QUALITY_V1,1790942400000,2026-10-02T12:00:00+00:00,4181.86,4184.0,4179.23,4182.98,48.126011704644405,4182.799,4166.906304948569,4218.6279,12.20999999999997,0.0029189716422263487,49.405965621839925,1.5,False,TREND_SUPPORT_NOT_CONFIRMED|CLOSE_NOT_ABOVE_BREAKOUT_HIGH|CLOSE_NOT_ABOVE_MA200|RSI_NOT_MOMENTUM_SUPPORTIVE
2026-10-02T19:12:13.538450+00:00,SIE_FIX_BREAKOUT_QUALITY_R_QUALITY_V1,BTC,BTCUSDT,strategy-lab-v1.0.0:SIE_FIX_BREAKOUT_QUALITY_R_QUALITY_V1,1790946000000,2026-10-02T13:00:00+00:00,86803.4,87178.19,86449.7,86564.35,72.31567281827705,85585.2195,83998.7030551501,84085.33625,546.3571428571429,0.006311572175579703,77.90589627757139,1.4999999999999851,False,PLANNED_REWARD_TOO_LOW|CLOSE_NOT_ABOVE_BREAKOUT_HIGH
2026-10-02T19:12:13.538450+00:00,SIE_FIX_BREAKOUT_QUALITY_R_QUALITY_V1,BTC,BTCUSDT,strategy-lab-v1.0.0:SIE_FIX_BREAKOUT_QUALITY_R_QUALITY_V1,1790949600000,2026-10-02T14:00:00+00:00,86565.98,86841.05,85377.29,85676.41,59.832886348080294,85630.5435,84088.61577226072,84093.24025,632.2914285714297,0.007379994429872,72.31567281827705,1.5,False,CLOSE_NOT_ABOVE_BREAKOUT_HIGH
2026-10-02T19:12:13.538450+00:00,SIE_FIX_BREAKOUT_QUALITY_R_QUALITY_V1,BTC,BTCUSDT,strategy-lab-v1.0.0:SIE_FIX_BREAKOUT_QUALITY_R_QUALITY_V1,1790953200000,2026-10-02T15:00:00+00:00,85682.77,85759.78,85129.49,85321.76,54.54947330936086,85664.3855,84181.9082802967,84097.3318,643.2014285714291,0.007538539155444393,59.832886348080294,1.5000000000000127,False,CLOSE_NOT_ABOVE_BREAKOUT_HIGH
2026-10-02T19:12:13.538450+00:00,SIE_FIX_BREAKOUT_QUALITY_R_QUALITY_V1,BTC,BTCUSDT,strategy-lab-v1.0.0:SIE_FIX_BREAKOUT_QUALITY_R_QUALITY_V1,1790956800000,2026-10-02T16:00:00+00:00,85314.59,85506.99,85001.58,85143.52,49.77347050719996,85691.3695,84268.64852095343,84104.87865,653.1714285714291,0.007671416786285429,54.54947330936086,1.4999999999999876,False,PLANNED_REWARD_TOO_LOW|CLOSE_NOT_ABOVE_BREAKOUT_HIGH|RSI_NOT_MOMENTUM_SUPPORTIVE
2026-10-02T19:12:13.538450+00:00,SIE_FIX_BREAKOUT_QUALITY_R_QUALITY_V1,BTC,BTCUSDT,strategy-lab-v1.0.0:SIE_FIX_BREAKOUT_QUALITY_R_QUALITY_V1,1790960400000,2026-10-02T17:00:00+00:00,85143.51,85256.31,84481.99,84760.35,42.53101490946504,85703.628,84317.91193426927,84112.45555,680.5728571428574,0.008029377617516414,49.77347050719996,1.4999999999999882,False,PLANNED_REWARD_TOO_LOW|CLOSE_NOT_ABOVE_BREAKOUT_HIGH|RSI_NOT_MOMENTUM_SUPPORTIVE
2026-10-02T19:12:13.538450+00:00,SIE_FIX_BREAKOUT_QUALITY_R_QUALITY_V1,BTC,BTCUSDT,strategy-lab-v1.0.0:SIE_FIX_BREAKOUT_QUALITY_R_QUALITY_V1,1790964000000,2026-10-02T18:00:00+00:00,84760.0,84896.87,83850.02,84237.83,21.597506091239396,85679.5585,84211.9779792887,84116.1599,650.8571428571429,0.00772642342350394,42.53101490946504,1.5,False,CLOSE_NOT_ABOVE_BREAKOUT_HIGH|RSI_NOT_MOMENTUM_SUPPORTIVE
2026-10-02T19:12:13.538450+00:00,SIE_FIX_BREAKOUT_QUALITY_R_QUALITY_V1,BTC,BTCUSDT,strategy-lab-v1.0.0:SIE_FIX_BREAKOUT_QUALITY_R_QUALITY_V1,1790967600000,2026-10-02T19:00:00+00:00,84240.86,84299.99,84076.0,84082.81,24.485991866245,85641.2625,84053.87716383388,84119.23015,609.0078571428583,0.007242953192725817,21.597506091239396,1.5000000000000133,False,CLOSE_NOT_ABOVE_BREAKOUT_HIGH|CLOSE_NOT_ABOVE_MA200|RSI_NOT_MOMENTUM_SUPPORTIVE
2026-10-02T19:12:13.538450+00:00,SIE_FIX_BREAKOUT_QUALITY_R_QUALITY_V1,BNB,BNBUSDT,strategy-lab-v1.0.0:SIE_FIX_BREAKOUT_QUALITY_R_QUALITY_V1,1790946000000,2026-10-02T13:00:00+00:00,781.43,784.08,779.74,780.8,70.09909521757825,774.757,766.9955308091825,770.3800500000001,3.707142857142888,0.0047478776346604615,72.61446298673502,1.499999999999983,False,PLANNED_REWARD_TOO_LOW|CLOSE_NOT_ABOVE_BREAKOUT_HIGH
2026-10-02T19:12:13.538450+00:00,SIE_FIX_BREAKOUT_QUALITY_R_QUALITY_V1,BNB,BNBUSDT,strategy-lab-v1.0.0:SIE_FIX_BREAKOUT_QUALITY_R_QUALITY_V1,1790949600000,2026-10-02T14:00:00+00:00,780.6,782.33,773.0,775.69,57.5318246110327,775.03,767.5455066971765,770.39745,4.221428571428605,0.005442159330955156,70.09909521757825,1.5000000000000149,False,CLOSE_NOT_ABOVE_BREAKOUT_HIGH
2026-10-02T19:12:13.538450+00:00,SIE_FIX_BREAKOUT_QUALITY_R_QUALITY_V1,BNB,BNBUSDT,strategy-lab-v1.0.0:SIE_FIX_BREAKOUT_QUALITY_R_QUALITY_V1,1790953200000,2026-10-02T15:00:00+00:00,775.43,776.0,772.21,773.5,53.414313854235104,775.25,768.2315072843231,770.3849,4.164285714285744,0.005383691938313825,57.5318246110327,1.5,False,CLOSE_NOT_ABOVE_BREAKOUT_HIGH
2026-10-02T19:12:13.538450+00:00,SIE_FIX_BREAKOUT_QUALITY_R_QUALITY_V1,BNB,BNBUSDT,strategy-lab-v1.0.0:SIE_FIX_BREAKOUT_QUALITY_R_QUALITY_V1,1790956800000,2026-10-02T16:00:00+00:00,773.77,775.68,772.83,774.02,50.21052631578947,775.463,768.8787518272767,770.4068,4.148571428571448,0.005359772910999003,53.414313854235104,1.5,False,CLOSE_NOT_ABOVE_BREAKOUT_HIGH
2026-10-02T19:12:13.538450+00:00,SIE_FIX_BREAKOUT_QUALITY_R_QUALITY_V1,BNB,BNBUSDT,strategy-lab-v1.0.0:SIE_FIX_BREAKOUT_QUALITY_R_QUALITY_V1,1790960400000,2026-10-02T17:00:00+00:00,773.71,774.99,771.14,773.85,46.5574990695943,775.6370000000001,769.4270206119497,770.4448,4.220000000000019,0.005453253214447269,50.21052631578947,1.5,False,CLOSE_NOT_ABOVE_BREAKOUT_HIGH|RSI_NOT_MOMENTUM_SUPPORTIVE
2026-10-02T19:12:13.538450+00:00,SIE_FIX_BREAKOUT_QUALITY_R_QUALITY_V1,BNB,BNBUSDT,strategy-lab-v1.0.0:SIE_FIX_BREAKOUT_QUALITY_R_QUALITY_V1,1790964000000,2026-10-02T18:00:00+00:00,774.18,774.4,760.52,763.84,22.04094689699292,775.2905000000001,767.4687419495353,770.4217,4.607142857142874,0.006031554850679296,46.5574990695943,1.4999999999999862,False,PLANNED_REWARD_TOO_LOW|CLOSE_NOT_ABOVE_BREAKOUT_HIGH|CLOSE_NOT_ABOVE_MA200|RSI_NOT_MOMENTUM_SUPPORTIVE
2026-10-02T19:12:13.538450+00:00,SIE_FIX_BREAKOUT_QUALITY_R_QUALITY_V1,BNB,BNBUSDT,strategy-lab-v1.0.0:SIE_FIX_BREAKOUT_QUALITY_R_QUALITY_V1,1790967600000,2026-10-02T19:00:00+00:00,764.18,765.93,764.06,765.33,29.39319537004559,774.9835,766.1672666206022,770.4004,4.362142857142861,0.005699688836374977,22.04094689699292,1.5,False,CLOSE_NOT_ABOVE_BREAKOUT_HIGH|CLOSE_NOT_ABOVE_MA200|RSI_NOT_MOMENTUM_SUPPORTIVE
2026-10-02T19:12:13.538450+00:00,SIE_FIX_BREAKOUT_QUALITY_R_QUALITY_V1,PAXG,PAXGUSDT,strategy-lab-v1.0.0:SIE_FIX_BREAKOUT_QUALITY_R_QUALITY_V1,1790946000000,2026-10-02T13:00:00+00:00,4221.0,4224.77,4183.4,4187.46,48.83525119281517,4185.205,4162.658133698942,4218.36195,17.790714285714266,0.004248569367997369,65.0148575423877,1.5000000000000284,False,TREND_SUPPORT_NOT_CONFIRMED|CLOSE_NOT_ABOVE_BREAKOUT_HIGH|CLOSE_NOT_ABOVE_MA200|RSI_NOT_MOMENTUM_SUPPORTIVE
2026-10-02T19:12:13.538450+00:00,SIE_FIX_BREAKOUT_QUALITY_R_QUALITY_V1,PAXG,PAXGUSDT,strategy-lab-v1.0.0:SIE_FIX_BREAKOUT_QUALITY_R_QUALITY_V1,1790949600000,2026-10-02T14:00:00+00:00,4188.95,4194.82,4162.05,4162.99,49.46343543458169,4184.3275,4159.840157249147,4217.8078000000005,18.227142857142812,0.004378377766255219,48.83525119281517,1.5000000000000278,False,TREND_SUPPORT_NOT_CONFIRMED|CLOSE_NOT_ABOVE_BREAKOUT_HIGH|CLOSE_NOT_ABOVE_MA200|RSI_NOT_MOMENTUM_SUPPORTIVE
2026-10-02T19:12:13.538450+00:00,SIE_FIX_BREAKOUT_QUALITY_R_QUALITY_V1,PAXG,PAXGUSDT,strategy-lab-v1.0.0:SIE_FIX_BREAKOUT_QUALITY_R_QUALITY_V1,1790953200000,2026-10-02T15:00:00+00:00,4164.53,4165.19,4135.89,4136.57,42.733468410388745,4182.038,4149.881441353312,4217.1206999999995,19.177142857142762,0.0046360010484877,49.46343543458169,1.4999999999999736,False,TREND_SUPPORT_NOT_CONFIRMED|PLANNED_REWARD_TOO_LOW|CLOSE_NOT_ABOVE_BREAKOUT_HIGH|CLOSE_NOT_ABOVE_MA200|RSI_NOT_MOMENTUM_SUPPORTIVE
2026-10-02T19:12:13.538450+00:00,SIE_FIX_BREAKOUT_QUALITY_R_QUALITY_V1,PAXG,PAXGUSDT,strategy-lab-v1.0.0:SIE_FIX_BREAKOUT_QUALITY_R_QUALITY_V1,1790956800000,2026-10-02T16:00:00+00:00,4136.7,4151.45,4136.7,4148.77,41.4611184334405,4180.302,4145.046932506122,4216.5774,19.115714285714212,0.004607561828135619,42.733468410388745,1.5,False,TREND_SUPPORT_NOT_CONFIRMED|CLOSE_NOT_ABOVE_BREAKOUT_HIGH|CLOSE_NOT_ABOVE_MA200|RSI_NOT_MOMENTUM_SUPPORTIVE
2026-10-02T19:12:13.538450+00:00,SIE_FIX_BREAKOUT_QUALITY_R_QUALITY_V1,PAXG,PAXGUSDT,strategy-lab-v1.0.0:SIE_FIX_BREAKOUT_QUALITY_R_QUALITY_V1,1790960400000,2026-10-02T17:00:00+00:00,4148.28,4151.14,4141.0,4145.48,37.26203625495454,4178.298499999999,4140.037948893175,4216.03985,19.18928571428569,0.004628965937427195,41.4611184334405,1.5,False,TREND_SUPPORT_NOT_CONFIRMED|CLOSE_NOT_ABOVE_BREAKOUT_HIGH|CLOSE_NOT_ABOVE_MA200|RSI_NOT_MOMENTUM_SUPPORTIVE
2026-10-02T19:12:13.538450+00:00,SIE_FIX_BREAKOUT_QUALITY_R_QUALITY_V1,PAXG,PAXGUSDT,strategy-lab-v1.0.0:SIE_FIX_BREAKOUT_QUALITY_R_QUALITY_V1,1790964000000,2026-10-02T18:00:00+00:00,4145.84,4159.34,4144.86,4159.34,39.62736026009772,4176.966,4138.019618191187,4215.55875,19.32642857142855,0.004646513286105139,37.26203625495454,1.4999999999999738,False,TREND_SUPPORT_NOT_CONFIRMED|PLANNED_REWARD_TOO_LOW|CLOSE_NOT_ABOVE_BREAKOUT_HIGH|CLOSE_NOT_ABOVE_MA200|RSI_NOT_MOMENTUM_SUPPORTIVE
2026-10-02T19:12:13.538450+00:00,SIE_FIX_BREAKOUT_QUALITY_R_QUALITY_V1,PAXG,PAXGUSDT,strategy-lab-v1.0.0:SIE_FIX_BREAKOUT_QUALITY_R_QUALITY_V1,1790967600000,2026-10-02T19:00:00+00:00,4151.48,4154.7,4151.0,4154.7,38.94795059300702,4175.162,4135.60454022314,4215.0276,19.258571428571422,0.004635369925282553,39.62736026009772,1.5,False,TREND_SUPPORT_NOT_CONFIRMED|CLOSE_NOT_ABOVE_BREAKOUT_HIGH|CLOSE_NOT_ABOVE_MA200|RSI_NOT_MOMENTUM_SUPPORTIVE
2026-10-02T23:43:36.313244+00:00,SIE_FIX_BREAKOUT_QUALITY_R_QUALITY_V1,BTC,BTCUSDT,strategy-lab-v1.0.0:SIE_FIX_BREAKOUT_QUALITY_R_QUALITY_V1,1790971200000,2026-10-02T20:00:00+00:00,84288.66,84531.93,84200.0,84430.55,29.494165713002417,85635.128,84042.4497145876,84124.53575000001,626.5135714285716,0.007420460620339102,26.672859113540383,1.4999999999999871,False,PLANNED_REWARD_TOO_LOW|CLOSE_NOT_ABOVE_BREAKOUT_HIGH|RSI_NOT_MOMENTUM_SUPPORTIVE
2026-10-02T23:43:36.313244+00:00,SIE_FIX_BREAKOUT_QUALITY_R_QUALITY_V1,BTC,BTCUSDT,strategy-lab-v1.0.0:SIE_FIX_BREAKOUT_QUALITY_R_QUALITY_V1,1790974800000,2026-10-02T21:00:00+00:00,84430.55,84539.0,84400.0,84514.02,28.719024461450886,85616.97050000001,83982.41187297582,84125.92435,606.9721428571429,0.007181910680111334,29.494165713002417,1.5,False,CLOSE_NOT_ABOVE_BREAKOUT_HIGH|RSI_NOT_MOMENTUM_SUPPORTIVE
2026-10-02T23:43:36.313244+00:00,SIE_FIX_BREAKOUT_QUALITY_R_QUALITY_V1,BTC,BTCUSDT,strategy-lab-v1.0.0:SIE_FIX_BREAKOUT_QUALITY_R_QUALITY_V1,1790978400000,2026-10-02T22:00:00+00:00,84514.02,84557.0,84440.01,84549.58,26.50214203489149,85586.1915,83896.5079591761,84130.4475,574.5428571428575,0.006795336619565201,28.719024461450886,1.499999999999986,False,PLANNED_REWARD_TOO_LOW|CLOSE_NOT_ABOVE_BREAKOUT_HIGH|RSI_NOT_MOMENTUM_SUPPORTIVE
2026-10-02T23:43:36.313244+00:00,SIE_FIX_BREAKOUT_QUALITY_R_QUALITY_V1,BTC,BTCUSDT,strategy-lab-v1.0.0:SIE_FIX_BREAKOUT_QUALITY_R_QUALITY_V1,1790982000000,2026-10-02T23:00:00+00:00,84549.58,84552.0,84460.59,84513.34,23.78447422968459,85537.682,83784.4815056856,84131.0074,557.6364285714288,0.006598206017788776,26.50214203489149,1.5,False,CLOSE_NOT_ABOVE_BREAKOUT_HIGH|RSI_NOT_MOMENTUM_SUPPORTIVE
2026-10-02T23:43:36.313244+00:00,SIE_FIX_BREAKOUT_QUALITY_R_QUALITY_V1,BNB,BNBUSDT,strategy-lab-v1.0.0:SIE_FIX_BREAKOUT_QUALITY_R_QUALITY_V1,1790971200000,2026-10-02T20:00:00+00:00,766.25,766.91,763.8,764.13,29.616724738675828,774.667,764.930361771124,770.3701,4.557857142857155,0.00596476665339295,31.71641791044756,1.5,False,CLOSE_NOT_ABOVE_BREAKOUT_HIGH|CLOSE_NOT_ABOVE_MA200|RSI_NOT_MOMENTUM_SUPPORTIVE
2026-10-02T23:43:36.313244+00:00,SIE_FIX_BREAKOUT_QUALITY_R_QUALITY_V1,BNB,BNBUSDT,strategy-lab-v1.0.0:SIE_FIX_BREAKOUT_QUALITY_R_QUALITY_V1,1790974800000,2026-10-02T21:00:00+00:00,763.98,766.66,763.98,766.36,35.144157814870994,774.414,764.1067823346933,770.3170000000001,4.5385714285714345,0.00592224467426723,29.616724738675828,1.499999999999986,False,PLANNED_REWARD_TOO_LOW|CLOSE_NOT_ABOVE_BREAKOUT_HIGH|CLOSE_NOT_ABOVE_MA200|RSI_NOT_MOMENTUM_SUPPORTIVE
2026-10-02T23:43:36.313244+00:00,SIE_FIX_BREAKOUT_QUALITY_R_QUALITY_V1,BNB,BNBUSDT,strategy-lab-v1.0.0:SIE_FIX_BREAKOUT_QUALITY_R_QUALITY_V1,1790978400000,2026-10-02T22:00:00+00:00,766.36,767.1,764.92,766.64,33.46824408468231,774.051,763.1999246615827,770.2702499999999,4.4135714285714345,0.005757032542746837,35.144157814870994,1.5,False,CLOSE_NOT_ABOVE_BREAKOUT_HIGH|CLOSE_NOT_ABOVE_MA200|RSI_NOT_MOMENTUM_SUPPORTIVE
2026-10-02T23:43:36.313244+00:00,SIE_FIX_BREAKOUT_QUALITY_R_QUALITY_V1,BNB,BNBUSDT,strategy-lab-v1.0.0:SIE_FIX_BREAKOUT_QUALITY_R_QUALITY_V1,1790982000000,2026-10-02T23:00:00+00:00,766.64,768.1,766.13,767.87,36.91833590138666,773.6595,762.5136550791333,770.20735,4.375714285714293,0.0056985092342639945,33.46824408468231,1.4999999999999856,False,PLANNED_REWARD_TOO_LOW|CLOSE_NOT_ABOVE_BREAKOUT_HIGH|CLOSE_NOT_ABOVE_MA200|RSI_NOT_MOMENTUM_SUPPORTIVE
2026-10-02T23:43:36.313244+00:00,SIE_FIX_BREAKOUT_QUALITY_R_QUALITY_V1,PAXG,PAXGUSDT,strategy-lab-v1.0.0:SIE_FIX_BREAKOUT_QUALITY_R_QUALITY_V1,1790971200000,2026-10-02T20:00:00+00:00,4152.78,4152.78,4145.0,4148.77,38.34240774349695,4174.3,4133.175707908854,4214.3645,19.023571428571422,0.004585352147400656,38.58986848514385,1.4999999999999734,False,TREND_SUPPORT_NOT_CONFIRMED|PLANNED_REWARD_TOO_LOW|CLOSE_NOT_ABOVE_BREAKOUT_HIGH|CLOSE_NOT_ABOVE_MA200|RSI_NOT_MOMENTUM_SUPPORTIVE
2026-10-02T23:43:36.313244+00:00,SIE_FIX_BREAKOUT_QUALITY_R_QUALITY_V1,PAXG,PAXGUSDT,strategy-lab-v1.0.0:SIE_FIX_BREAKOUT_QUALITY_R_QUALITY_V1,1790974800000,2026-10-02T21:00:00+00:00,4148.77,4153.1,4144.95,4148.51,38.25235678027582,4173.7135,4131.484131416064,4213.79825,18.869285714285784,0.0045484488923217695,38.34240774349695,1.5,False,TREND_SUPPORT_NOT_CONFIRMED|CLOSE_NOT_ABOVE_BREAKOUT_HIGH|CLOSE_NOT_ABOVE_MA200|RSI_NOT_MOMENTUM_SUPPORTIVE
2026-10-02T23:43:36.313244+00:00,SIE_FIX_BREAKOUT_QUALITY_R_QUALITY_V1,PAXG,PAXGUSDT,strategy-lab-v1.0.0:SIE_FIX_BREAKOUT_QUALITY_R_QUALITY_V1,1790978400000,2026-10-02T22:00:00+00:00,4149.12,4153.8,4149.11,4151.76,39.843141950548194,4172.5025000000005,4129.2264406253535,4213.3123,18.29857142857145,0.004407425147063281,38.25235678027582,1.5,False,TREND_SUPPORT_NOT_CONFIRMED|CLOSE_NOT_ABOVE_BREAKOUT_HIGH|CLOSE_NOT_ABOVE_MA200|RSI_NOT_MOMENTUM_SUPPORTIVE
2026-10-02T23:43:36.313244+00:00,SIE_FIX_BREAKOUT_QUALITY_R_QUALITY_V1,PAXG,PAXGUSDT,strategy-lab-v1.0.0:SIE_FIX_BREAKOUT_QUALITY_R_QUALITY_V1,1790982000000,2026-10-02T23:00:00+00:00,4151.82,4151.9,4150.53,4151.0,39.26450296958447,4170.818,4126.951935394226,4212.80325,17.896428571428583,0.004311353546477615,39.843141950548194,1.5,False,TREND_SUPPORT_NOT_CONFIRMED|CLOSE_NOT_ABOVE_BREAKOUT_HIGH|CLOSE_NOT_ABOVE_MA200|RSI_NOT_MOMENTUM_SUPPORTIVE
2026-10-03T05:09:19.567728+00:00,SIE_FIX_BREAKOUT_QUALITY_R_QUALITY_V1,BTC,BTCUSDT,strategy-lab-v1.0.0:SIE_FIX_BREAKOUT_QUALITY_R_QUALITY_V1,1790985600000,2026-10-03T00:00:00+00:00,84504.88,84674.8,84425.07,84669.71,27.67894496238938,85439.1345,83721.74480340265,84131.9747,552.5635714285714,0.006526106814686993,23.727241956999663,1.5,False,CLOSE_NOT_ABOVE_BREAKOUT_HIGH|RSI_NOT_MOMENTUM_SUPPORTIVE
2026-10-03T05:09:19.567728+00:00,SIE_FIX_BREAKOUT_QUALITY_R_QUALITY_V1,BTC,BTCUSDT,strategy-lab-v1.0.0:SIE_FIX_BREAKOUT_QUALITY_R_QUALITY_V1,1790989200000,2026-10-03T01:00:00+00:00,84653.08,84716.59,84575.0,84628.15,24.65607864306598,85371.54449999999,83638.28265353282,84134.65745,540.9185714285704,0.006391709749398639,27.67894496238938,1.5,False,CLOSE_NOT_ABOVE_BREAKOUT_HIGH|RSI_NOT_MOMENTUM_SUPPORTIVE
2026-10-03T05:09:19.567728+00:00,SIE_FIX_BREAKOUT_QUALITY_R_QUALITY_V1,BTC,BTCUSDT,strategy-lab-v1.0.0:SIE_FIX_BREAKOUT_QUALITY_R_QUALITY_V1,1790992800000,2026-10-03T02:00:00+00:00,84628.15,84706.47,84585.02,84585.03,15.026579811954974,85302.5775,83559.41846046435,84135.31620000002,481.0342857142844,0.005686990779742993,24.65607864306598,1.5000000000000169,False,CLOSE_NOT_ABOVE_BREAKOUT_HIGH|RSI_NOT_MOMENTUM_SUPPORTIVE
2026-10-03T05:09:19.567728+00:00,SIE_FIX_BREAKOUT_QUALITY_R_QUALITY_V1,BTC,BTCUSDT,strategy-lab-v1.0.0:SIE_FIX_BREAKOUT_QUALITY_R_QUALITY_V1,1790996400000,2026-10-03T03:00:00+00:00,84585.03,84682.0,84502.77,84680.99,18.905443066397382,85232.2015,83508.0992592002,84136.74380000001,441.8014285714266,0.005217244491017719,15.026579811954974,1.5000000000000182,False,CLOSE_NOT_ABOVE_BREAKOUT_HIGH|RSI_NOT_MOMENTUM_SUPPORTIVE
2026-10-03T05:09:19.567728+00:00,SIE_FIX_BREAKOUT_QUALITY_R_QUALITY_V1,BTC,BTCUSDT,strategy-lab-v1.0.0:SIE_FIX_BREAKOUT_QUALITY_R_QUALITY_V1,1791000000000,2026-10-03T04:00:00+00:00,84681.0,84733.86,84488.82,84573.84,25.472827175049588,85149.111,83466.78564309786,84137.8426,354.7499999999969,0.004194559452426388,18.905443066397382,1.5,False,CLOSE_NOT_ABOVE_BREAKOUT_HIGH|RSI_NOT_MOMENTUM_SUPPORTIVE
2026-10-03T05:09:19.567728+00:00,SIE_FIX_BREAKOUT_QUALITY_R_QUALITY_V1,BTC,BTCUSDT,strategy-lab-v1.0.0:SIE_FIX_BREAKOUT_QUALITY_R_QUALITY_V1,1791003600000,2026-10-03T05:00:00+00:00,84573.84,84573.85,84538.01,84548.28,29.842173296639388,85058.9115,83452.56282379954,84138.9835,312.28928571428384,0.003693620801207119,25.472827175049588,1.5,False,CLOSE_NOT_ABOVE_BREAKOUT_HIGH|RSI_NOT_MOMENTUM_SUPPORTIVE
2026-10-03T05:09:19.567728+00:00,SIE_FIX_BREAKOUT_QUALITY_R_QUALITY_V1,BNB,BNBUSDT,strategy-lab-v1.0.0:SIE_FIX_BREAKOUT_QUALITY_R_QUALITY_V1,1790985600000,2026-10-03T00:00:00+00:00,767.98,769.33,767.5,768.91,39.20505871725367,773.051,762.3281554147229,770.1504000000001,4.397142857142869,0.005718670399842464,37.38146222086258,1.5,False,CLOSE_NOT_ABOVE_BREAKOUT_HIGH|CLOSE_NOT_ABOVE_MA200|RSI_NOT_MOMENTUM_SUPPORTIVE
2026-10-03T05:09:19.567728+00:00,SIE_FIX_BREAKOUT_QUALITY_R_QUALITY_V1,BNB,BNBUSDT,strategy-lab-v1.0.0:SIE_FIX_BREAKOUT_QUALITY_R_QUALITY_V1,1790989200000,2026-10-03T01:00:00+00:00,768.95,769.87,768.33,769.02,36.50943396226401,772.648,761.9553397136162,770.1044499999999,4.309285714285726,0.005603606816839257,39.20505871725367,1.5,False,CLOSE_NOT_ABOVE_BREAKOUT_HIGH|CLOSE_NOT_ABOVE_MA200|RSI_NOT_MOMENTUM_SUPPORTIVE
2026-10-03T05:09:19.567728+00:00,SIE_FIX_BREAKOUT_QUALITY_R_QUALITY_V1,BNB,BNBUSDT,strategy-lab-v1.0.0:SIE_FIX_BREAKOUT_QUALITY_R_QUALITY_V1,1790992800000,2026-10-03T02:00:00+00:00,768.97,769.14,767.73,768.29,27.335880514067156,772.2125,761.5548832401419,770.03845,4.058571428571432,0.005282603481200371,36.50943396226401,1.4999999999999845,False,PLANNED_REWARD_TOO_LOW|CLOSE_NOT_ABOVE_BREAKOUT_HIGH|CLOSE_NOT_ABOVE_MA200|RSI_NOT_MOMENTUM_SUPPORTIVE
2026-10-03T05:09:19.567728+00:00,SIE_FIX_BREAKOUT_QUALITY_R_QUALITY_V1,BNB,BNBUSDT,strategy-lab-v1.0.0:SIE_FIX_BREAKOUT_QUALITY_R_QUALITY_V1,1790996400000,2026-10-03T03:00:00+00:00,768.12,769.05,767.45,768.24,27.80918727915183,771.817,761.1861729390415,769.9819499999999,3.8628571428571377,0.005028190595200897,27.335880514067156,1.5000000000000164,False,CLOSE_NOT_ABOVE_BREAKOUT_HIGH|CLOSE_NOT_ABOVE_MA200|RSI_NOT_MOMENTUM_SUPPORTIVE
2026-10-03T05:09:19.567728+00:00,SIE_FIX_BREAKOUT_QUALITY_R_QUALITY_V1,BNB,BNBUSDT,strategy-lab-v1.0.0:SIE_FIX_BREAKOUT_QUALITY_R_QUALITY_V1,1791000000000,2026-10-03T04:00:00+00:00,768.3,768.46,765.0,766.82,31.978870377895007,771.2950000000001,760.7596642198739,769.91845,3.443571428571423,0.004490716763479595,27.80918727915183,1.5000000000000184,False,CLOSE_NOT_ABOVE_BREAKOUT_HIGH|CLOSE_NOT_ABOVE_MA200|RSI_NOT_MOMENTUM_SUPPORTIVE
2026-10-03T05:09:19.567728+00:00,SIE_FIX_BREAKOUT_QUALITY_R_QUALITY_V1,BNB,BNBUSDT,strategy-lab-v1.0.0:SIE_FIX_BREAKOUT_QUALITY_R_QUALITY_V1,1791003600000,2026-10-03T05:00:00+00:00,766.58,766.81,766.34,766.81,35.08693713776171,770.8175,760.3784638854918,769.86045,3.2071428571428555,0.0041824478777570135,31.978870377895007,1.5000000000000198,False,CLOSE_NOT_ABOVE_BREAKOUT_HIGH|CLOSE_NOT_ABOVE_MA200|RSI_NOT_MOMENTUM_SUPPORTIVE
2026-10-03T05:09:19.567728+00:00,SIE_FIX_BREAKOUT_QUALITY_R_QUALITY_V1,PAXG,PAXGUSDT,strategy-lab-v1.0.0:SIE_FIX_BREAKOUT_QUALITY_R_QUALITY_V1,1790985600000,2026-10-03T00:00:00+00:00,4151.0,4151.44,4150.14,4150.14,38.917140293150304,4168.6990000000005,4125.137646072494,4212.21445,16.89142857142854,0.004070086448030317,39.26450296958447,1.5,False,TREND_SUPPORT_NOT_CONFIRMED|CLOSE_NOT_ABOVE_BREAKOUT_HIGH|CLOSE_NOT_ABOVE_MA200|RSI_NOT_MOMENTUM_SUPPORTIVE
2026-10-03T05:09:19.567728+00:00,SIE_FIX_BREAKOUT_QUALITY_R_QUALITY_V1,PAXG,PAXGUSDT,strategy-lab-v1.0.0:SIE_FIX_BREAKOUT_QUALITY_R_QUALITY_V1,1790989200000,2026-10-03T01:00:00+00:00,4150.14,4150.89,4145.56,4150.29,39.582321515298965,4166.68,4123.63909619911,4211.6584,16.557857142857106,0.003989566305693603,38.917140293150304,1.5000000000000304,False,TREND_SUPPORT_NOT_CONFIRMED|CLOSE_NOT_ABOVE_BREAKOUT_HIGH|CLOSE_NOT_ABOVE_MA200|RSI_NOT_MOMENTUM_SUPPORTIVE
2026-10-03T05:09:19.567728+00:00,SIE_FIX_BREAKOUT_QUALITY_R_QUALITY_V1,PAXG,PAXGUSDT,strategy-lab-v1.0.0:SIE_FIX_BREAKOUT_QUALITY_R_QUALITY_V1,1790992800000,2026-10-03T02:00:00+00:00,4150.29,4153.04,4150.0,4150.0,22.789510327222416,4164.8144999999995,4122.280700040467,4211.06925,13.367142857142815,0.003220998278829594,39.582321515298965,1.5,False,TREND_SUPPORT_NOT_CONFIRMED|CLOSE_NOT_ABOVE_BREAKOUT_HIGH|CLOSE_NOT_ABOVE_MA200|RSI_NOT_MOMENTUM_SUPPORTIVE
2026-10-03T05:09:19.567728+00:00,SIE_FIX_BREAKOUT_QUALITY_R_QUALITY_V1,PAXG,PAXGUSDT,strategy-lab-v1.0.0:SIE_FIX_BREAKOUT_QUALITY_R_QUALITY_V1,1790996400000,2026-10-03T03:00:00+00:00,4150.01,4150.85,4150.0,4150.66,31.03874690849159,4162.978,4121.339405595319,4210.497549999999,10.47285714285707,0.002523178757801668,22.789510327222416,1.5000000000000482,False,TREND_SUPPORT_NOT_CONFIRMED|CLOSE_NOT_ABOVE_BREAKOUT_HIGH|CLOSE_NOT_ABOVE_MA200|RSI_NOT_MOMENTUM_SUPPORTIVE
2026-10-03T05:09:19.567728+00:00,SIE_FIX_BREAKOUT_QUALITY_R_QUALITY_V1,PAXG,PAXGUSDT,strategy-lab-v1.0.0:SIE_FIX_BREAKOUT_QUALITY_R_QUALITY_V1,1791000000000,2026-10-03T04:00:00+00:00,4150.47,4150.58,4147.18,4149.0,40.57658628586857,4161.1435,4120.446806141683,4209.9028,8.380714285714216,0.002019935957029216,31.03874690849159,1.5,False,TREND_SUPPORT_NOT_CONFIRMED|CLOSE_NOT_ABOVE_BREAKOUT_HIGH|CLOSE_NOT_ABOVE_MA200|RSI_NOT_MOMENTUM_SUPPORTIVE
2026-10-03T05:09:19.567728+00:00,SIE_FIX_BREAKOUT_QUALITY_R_QUALITY_V1,PAXG,PAXGUSDT,strategy-lab-v1.0.0:SIE_FIX_BREAKOUT_QUALITY_R_QUALITY_V1,1791003600000,2026-10-03T05:00:00+00:00,4148.2,4149.0,4148.2,4148.96,62.94670846394984,4159.2519999999995,4120.008545208179,4209.31905,6.344999999999994,0.0015292989086421644,40.57658628586857,1.4999999999999203,False,TREND_SUPPORT_NOT_CONFIRMED|PLANNED_REWARD_TOO_LOW|CLOSE_NOT_ABOVE_BREAKOUT_HIGH|CLOSE_NOT_ABOVE_MA200
2026-10-03T11:33:41.546067+00:00,SIE_FIX_BREAKOUT_QUALITY_R_QUALITY_V1,BTC,BTCUSDT,strategy-lab-v1.0.0:SIE_FIX_BREAKOUT_QUALITY_R_QUALITY_V1,1791007200000,2026-10-03T06:00:00+00:00,84629.22,84668.71,84508.65,84572.27,34.36721781630922,84977.522,83465.13942687109,84140.93245,293.4157142857127,0.0034694080493016524,32.22779950523034,1.5,False,CLOSE_NOT_ABOVE_BREAKOUT_HIGH|RSI_NOT_MOMENTUM_SUPPORTIVE
2026-10-03T11:33:41.546067+00:00,SIE_FIX_BREAKOUT_QUALITY_R_QUALITY_V1,BTC,BTCUSDT,strategy-lab-v1.0.0:SIE_FIX_BREAKOUT_QUALITY_R_QUALITY_V1,1791010800000,2026-10-03T07:00:00+00:00,84572.3,84643.0,84528.01,84539.11,42.51089988355402,84883.867,83513.10403862265,84141.7007,246.32071428571362,0.0029136894661620357,34.36721781630922,1.5000000000000329,False,CLOSE_NOT_ABOVE_BREAKOUT_HIGH|RSI_NOT_MOMENTUM_SUPPORTIVE
2026-10-03T11:33:41.546067+00:00,SIE_FIX_BREAKOUT_QUALITY_R_QUALITY_V1,BTC,BTCUSDT,strategy-lab-v1.0.0:SIE_FIX_BREAKOUT_QUALITY_R_QUALITY_V1,1791014400000,2026-10-03T08:00:00+00:00,84540.21,84637.93,84535.99,84593.1,67.61290962272534,84773.3495,83719.74429123392,84141.77805,178.82714285714195,0.002113968430724751,42.51089988355402,1.5000000000000453,False,CLOSE_NOT_ABOVE_BREAKOUT_HIGH
2026-10-03T11:33:41.546067+00:00,SIE_FIX_BREAKOUT_QUALITY_R_QUALITY_V1,BTC,BTCUSDT,strategy-lab-v1.0.0:SIE_FIX_BREAKOUT_QUALITY_R_QUALITY_V1,1791018000000,2026-10-03T09:00:00+00:00,84599.0,84654.16,84558.91,84583.32,65.09586653386414,84674.298,84013.5977492781,84141.71429999999,158.7735714285705,0.0018771262635300966,67.61290962272534,1.5,False,CLOSE_NOT_ABOVE_BREAKOUT_HIGH
2026-10-03T11:33:41.546067+00:00,SIE_FIX_BREAKOUT_QUALITY_R_QUALITY_V1,BTC,BTCUSDT,strategy-lab-v1.0.0:SIE_FIX_BREAKOUT_QUALITY_R_QUALITY_V1,1791021600000,2026-10-03T10:00:00+00:00,84583.32,84629.38,84542.68,84621.05,61.03273333796617,84621.53,84147.0741518961,84143.71484999999,141.25714285714326,0.001669290830793795,65.09586653386414,1.4999999999999427,False,PLANNED_REWARD_TOO_LOW|CLOSE_NOT_ABOVE_BREAKOUT_HIGH
2026-10-03T11:33:41.546067+00:00,SIE_FIX_BREAKOUT_QUALITY_R_QUALITY_V1,BTC,BTCUSDT,strategy-lab-v1.0.0:SIE_FIX_BREAKOUT_QUALITY_R_QUALITY_V1,1791025200000,2026-10-03T11:00:00+00:00,84621.06,84653.73,84604.38,84639.03,57.83417935702147,84587.3935,84237.47352530438,84145.83,134.85357142857123,0.001593278791457927,61.03273333796617,1.50000000000006,False,CLOSE_NOT_ABOVE_BREAKOUT_HIGH
2026-10-03T11:33:41.546067+00:00,SIE_FIX_BREAKOUT_QUALITY_R_QUALITY_V1,BNB,BNBUSDT,strategy-lab-v1.0.0:SIE_FIX_BREAKOUT_QUALITY_R_QUALITY_V1,1791007200000,2026-10-03T06:00:00+00:00,767.14,767.38,765.6,766.07,33.0055579307396,770.336,760.0192749382371,769.81015,3.1785714285714284,0.004149191886604916,36.156208863536605,1.5,False,CLOSE_NOT_ABOVE_BREAKOUT_HIGH|CLOSE_NOT_ABOVE_MA200|RSI_NOT_MOMENTUM_SUPPORTIVE
2026-10-03T11:33:41.546067+00:00,SIE_FIX_BREAKOUT_QUALITY_R_QUALITY_V1,BNB,BNBUSDT,strategy-lab-v1.0.0:SIE_FIX_BREAKOUT_QUALITY_R_QUALITY_V1,1791010800000,2026-10-03T07:00:00+00:00,766.05,766.2,765.1,765.4,32.3147760569274,769.726,759.7627627750812,769.75535,2.982142857142857,0.0038961887341819406,33.0055579307396,1.5,False,TREND_SUPPORT_NOT_CONFIRMED|CLOSE_NOT_ABOVE_BREAKOUT_HIGH|CLOSE_NOT_ABOVE_MA200|RSI_NOT_MOMENTUM_SUPPORTIVE
2026-10-03T11:33:41.546067+00:00,SIE_FIX_BREAKOUT_QUALITY_R_QUALITY_V1,BNB,BNBUSDT,strategy-lab-v1.0.0:SIE_FIX_BREAKOUT_QUALITY_R_QUALITY_V1,1791014400000,2026-10-03T08:00:00+00:00,765.25,766.27,764.76,766.22,58.095238095238116,768.97,760.4575761383724,769.70065,2.0985714285714283,0.002738862766009016,32.3147760569274,1.5,False,TREND_SUPPORT_NOT_CONFIRMED|CLOSE_NOT_ABOVE_BREAKOUT_HIGH|CLOSE_NOT_ABOVE_MA200
2026-10-03T11:33:41.546067+00:00,SIE_FIX_BREAKOUT_QUALITY_R_QUALITY_V1,BNB,BNBUSDT,strategy-lab-v1.0.0:SIE_FIX_BREAKOUT_QUALITY_R_QUALITY_V1,1791018000000,2026-10-03T09:00:00+00:00,766.22,767.96,766.22,767.44,54.2347696879647,768.302,761.7327638191333,769.6472499999999,1.9664285714285694,0.0025623222290062668,58.095238095238116,1.5,False,TREND_SUPPORT_NOT_CONFIRMED|CLOSE_NOT_ABOVE_BREAKOUT_HIGH|CLOSE_NOT_ABOVE_MA200
2026-10-03T11:33:41.546067+00:00,SIE_FIX_BREAKOUT_QUALITY_R_QUALITY_V1,BNB,BNBUSDT,strategy-lab-v1.0.0:SIE_FIX_BREAKOUT_QUALITY_R_QUALITY_V1,1791021600000,2026-10-03T10:00:00+00:00,767.47,769.12,767.27,768.68,68.15642458100544,767.9515,762.3145211105585,769.6211500000001,1.8764285714285702,0.002441104974018539,54.2347696879647,1.4999999999999662,False,TREND_SUPPORT_NOT_CONFIRMED|PLANNED_REWARD_TOO_LOW|CLOSE_NOT_ABOVE_BREAKOUT_HIGH|CLOSE_NOT_ABOVE_MA200
2026-10-03T11:33:41.546067+00:00,SIE_FIX_BREAKOUT_QUALITY_R_QUALITY_V1,BNB,BNBUSDT,strategy-lab-v1.0.0:SIE_FIX_BREAKOUT_QUALITY_R_QUALITY_V1,1791025200000,2026-10-03T11:00:00+00:00,768.66,769.79,768.5,769.12,62.849162011173135,767.7325,762.6630232025377,769.6027,1.777142857142857,0.0023106184433415553,68.15642458100544,1.5000000000000355,False,TREND_SUPPORT_NOT_CONFIRMED|CLOSE_NOT_ABOVE_BREAKOUT_HIGH|CLOSE_NOT_ABOVE_MA200
2026-10-03T11:33:41.546067+00:00,SIE_FIX_BREAKOUT_QUALITY_R_QUALITY_V1,PAXG,PAXGUSDT,strategy-lab-v1.0.0:SIE_FIX_BREAKOUT_QUALITY_R_QUALITY_V1,1791007200000,2026-10-03T06:00:00+00:00,4148.79,4149.18,4147.13,4148.87,50.139275766015956,4157.3275,4120.0261542468215,4208.73085,5.682857142857172,0.0013697361312495142,62.72386505622648,1.4999999999999112,False,TREND_SUPPORT_NOT_CONFIRMED|PLANNED_REWARD_TOO_LOW|CLOSE_NOT_ABOVE_BREAKOUT_HIGH|CLOSE_NOT_ABOVE_MA200
2026-10-03T11:33:41.546067+00:00,SIE_FIX_BREAKOUT_QUALITY_R_QUALITY_V1,PAXG,PAXGUSDT,strategy-lab-v1.0.0:SIE_FIX_BREAKOUT_QUALITY_R_QUALITY_V1,1791010800000,2026-10-03T07:00:00+00:00,4148.87,4148.97,4143.22,4146.29,51.15089514066555,4155.4115,4120.024998463422,4208.16825,5.369285714285719,0.0012949614509080935,50.139275766015956,1.5,False,TREND_SUPPORT_NOT_CONFIRMED|CLOSE_NOT_ABOVE_BREAKOUT_HIGH|CLOSE_NOT_ABOVE_MA200
2026-10-03T11:33:41.546067+00:00,SIE_FIX_BREAKOUT_QUALITY_R_QUALITY_V1,PAXG,PAXGUSDT,strategy-lab-v1.0.0:SIE_FIX_BREAKOUT_QUALITY_R_QUALITY_V1,1791014400000,2026-10-03T08:00:00+00:00,4145.89,4145.89,4143.95,4144.61,17.99217731420923,4151.6245,4132.265477839822,4207.5237,4.502142857142839,0.0010862645356602525,51.15089514066555,1.4999999999998879,False,TREND_SUPPORT_NOT_CONFIRMED|PLANNED_REWARD_TOO_LOW|CLOSE_NOT_ABOVE_BREAKOUT_HIGH|CLOSE_NOT_ABOVE_MA200|RSI_NOT_MOMENTUM_SUPPORTIVE
2026-10-03T11:33:41.546067+00:00,SIE_FIX_BREAKOUT_QUALITY_R_QUALITY_V1,PAXG,PAXGUSDT,strategy-lab-v1.0.0:SIE_FIX_BREAKOUT_QUALITY_R_QUALITY_V1,1791018000000,2026-10-03T09:00:00+00:00,4145.54,4145.55,4145.0,4145.01,26.303592120510686,4149.502,4139.077729090325,4206.8368,3.745714285714322,0.000903668335110005,17.99217731420923,1.500000000000135,False,TREND_SUPPORT_NOT_CONFIRMED|CLOSE_NOT_ABOVE_BREAKOUT_HIGH|CLOSE_NOT_ABOVE_MA200|RSI_NOT_MOMENTUM_SUPPORTIVE
2026-10-03T11:33:41.546067+00:00,SIE_FIX_BREAKOUT_QUALITY_R_QUALITY_V1,PAXG,PAXGUSDT,strategy-lab-v1.0.0:SIE_FIX_BREAKOUT_QUALITY_R_QUALITY_V1,1791021600000,2026-10-03T10:00:00+00:00,4145.0,4147.01,4144.39,4146.19,40.79885877317788,4148.661999999999,4140.197269407812,4206.18775,3.3478571428572,0.0008074538655626492,26.303592120510686,1.5,False,TREND_SUPPORT_NOT_CONFIRMED|CLOSE_NOT_ABOVE_BREAKOUT_HIGH|CLOSE_NOT_ABOVE_MA200|RSI_NOT_MOMENTUM_SUPPORTIVE
2026-10-03T11:33:41.546067+00:00,SIE_FIX_BREAKOUT_QUALITY_R_QUALITY_V1,PAXG,PAXGUSDT,strategy-lab-v1.0.0:SIE_FIX_BREAKOUT_QUALITY_R_QUALITY_V1,1791025200000,2026-10-03T11:00:00+00:00,4146.19,4147.83,4146.19,4146.76,43.89392882065593,4149.1715,4142.683547241363,4205.59645,2.8828571428571843,0.0006952071358981914,40.79885877317788,1.5,False,TREND_SUPPORT_NOT_CONFIRMED|CLOSE_NOT_ABOVE_BREAKOUT_HIGH|CLOSE_NOT_ABOVE_MA200|RSI_NOT_MOMENTUM_SUPPORTIVE
2026-10-03T16:10:21.828834+00:00,SIE_FIX_BREAKOUT_QUALITY_R_QUALITY_V1,BTC,BTCUSDT,strategy-lab-v1.0.0:SIE_FIX_BREAKOUT_QUALITY_R_QUALITY_V1,1791028800000,2026-10-03T12:00:00+00:00,84661.85,84918.41,84660.04,84864.78,65.95077122383657,84574.5975,84299.10186672394,84149.31895,147.45928571428627,0.0017375793080979679,59.006665285681024,1.5000000000000548,False,CLOSE_NOT_ABOVE_BREAKOUT_HIGH
2026-10-03T16:10:21.828834+00:00,SIE_FIX_BREAKOUT_QUALITY_R_QUALITY_V1,BTC,BTCUSDT,strategy-lab-v1.0.0:SIE_FIX_BREAKOUT_QUALITY_R_QUALITY_V1,1791032400000,2026-10-03T13:00:00+00:00,84864.78,84954.99,84764.24,84857.44,68.5425169352458,84579.45200000002,84288.07122338087,84152.6974,153.32214285714352,0.0018068202724138686,65.95077122383657,1.5000000000000526,False,CLOSE_NOT_ABOVE_BREAKOUT_HIGH
2026-10-03T16:10:21.828834+00:00,SIE_FIX_BREAKOUT_QUALITY_R_QUALITY_V1,BTC,BTCUSDT,strategy-lab-v1.0.0:SIE_FIX_BREAKOUT_QUALITY_R_QUALITY_V1,1791036000000,2026-10-03T14:00:00+00:00,84857.44,84857.45,84734.74,84842.99,60.82594027239754,84609.71,84341.77361195396,84156.79945,144.2492857142861,0.0017001909729287721,68.5425169352458,1.500000000000056,False,CLOSE_NOT_ABOVE_BREAKOUT_HIGH
2026-10-03T16:10:21.828834+00:00,SIE_FIX_BREAKOUT_QUALITY_R_QUALITY_V1,BTC,BTCUSDT,strategy-lab-v1.0.0:SIE_FIX_BREAKOUT_QUALITY_R_QUALITY_V1,1791039600000,2026-10-03T15:00:00+00:00,84842.99,84879.99,84736.13,84862.16,65.04094303968378,84638.202,84390.933623811,84160.99275,144.41142857142924,0.0017017175684831641,60.82594027239754,1.5,False,CLOSE_NOT_ABOVE_BREAKOUT_HIGH
2026-10-03T16:10:21.828834+00:00,SIE_FIX_BREAKOUT_QUALITY_R_QUALITY_V1,BTC,BTCUSDT,strategy-lab-v1.0.0:SIE_FIX_BREAKOUT_QUALITY_R_QUALITY_V1,1791043200000,2026-10-03T16:00:00+00:00,84862.16,84864.29,84832.52,84833.14,66.24160458752809,84658.3315,84416.46964494605,84163.1242,138.00571428571442,0.0016267901233611584,65.04094303968378,1.5000000000000586,False,CLOSE_NOT_ABOVE_BREAKOUT_HIGH
2026-10-03T16:10:21.828834+00:00,SIE_FIX_BREAKOUT_QUALITY_R_QUALITY_V1,BNB,BNBUSDT,strategy-lab-v1.0.0:SIE_FIX_BREAKOUT_QUALITY_R_QUALITY_V1,1791028800000,2026-10-03T12:00:00+00:00,769.96,772.0,769.39,771.57,69.0937257939583,767.6610000000001,763.0250452978938,769.59875,1.8328571428571405,0.002375490419349042,66.07142857142847,1.4999999999999656,False,TREND_SUPPORT_NOT_CONFIRMED|PLANNED_REWARD_TOO_LOW|CLOSE_NOT_ABOVE_BREAKOUT_HIGH
2026-10-03T16:10:21.828834+00:00,SIE_FIX_BREAKOUT_QUALITY_R_QUALITY_V1,BNB,BNBUSDT,strategy-lab-v1.0.0:SIE_FIX_BREAKOUT_QUALITY_R_QUALITY_V1,1791032400000,2026-10-03T13:00:00+00:00,771.57,774.47,771.13,774.22,71.6820440028389,767.6795,762.9430394016226,769.5958,1.8971428571428532,0.0024503924687335034,69.0937257939583,1.4999999999999667,False,TREND_SUPPORT_NOT_CONFIRMED|PLANNED_REWARD_TOO_LOW|CLOSE_NOT_ABOVE_BREAKOUT_HIGH
2026-10-03T16:10:21.828834+00:00,SIE_FIX_BREAKOUT_QUALITY_R_QUALITY_V1,BNB,BNBUSDT,strategy-lab-v1.0.0:SIE_FIX_BREAKOUT_QUALITY_R_QUALITY_V1,1791036000000,2026-10-03T14:00:00+00:00,774.4,778.44,774.01,778.2,76.8963520555878,768.3975,762.107842219168,769.6209999999999,2.0828571428571405,0.0026765062231523264,71.6820440028389,1.5,False,TREND_SUPPORT_NOT_CONFIRMED|CLOSE_NOT_ABOVE_BREAKOUT_HIGH
2026-10-03T16:10:21.828834+00:00,SIE_FIX_BREAKOUT_QUALITY_R_QUALITY_V1,BNB,BNBUSDT,strategy-lab-v1.0.0:SIE_FIX_BREAKOUT_QUALITY_R_QUALITY_V1,1791039600000,2026-10-03T15:00:00+00:00,778.35,779.15,775.82,778.71,77.41935483870972,769.018,761.3753993954949,769.64765,2.210714285714281,0.002838944261296607,76.8963520555878,1.5,False,TREND_SUPPORT_NOT_CONFIRMED|CLOSE_NOT_ABOVE_BREAKOUT_HIGH
2026-10-03T16:10:21.828834+00:00,SIE_FIX_BREAKOUT_QUALITY_R_QUALITY_V1,BNB,BNBUSDT,strategy-lab-v1.0.0:SIE_FIX_BREAKOUT_QUALITY_R_QUALITY_V1,1791043200000,2026-10-03T16:00:00+00:00,778.31,778.31,777.28,777.64,75.95780122154349,769.6935,761.5281211967856,769.6614,2.212142857142859,0.0028446875895566832,77.41935483870972,1.4999999999999714,False,PLANNED_REWARD_TOO_LOW|CLOSE_NOT_ABOVE_BREAKOUT_HIGH
2026-10-03T16:10:21.828834+00:00,SIE_FIX_BREAKOUT_QUALITY_R_QUALITY_V1,PAXG,PAXGUSDT,strategy-lab-v1.0.0:SIE_FIX_BREAKOUT_QUALITY_R_QUALITY_V1,1791028800000,2026-10-03T12:00:00+00:00,4147.33,4147.33,4145.82,4146.94,30.781499202549313,4149.121000000001,4142.610200049308,4205.0465,2.6921428571428936,0.000649187800436682,46.930693069305896,1.5,False,TREND_SUPPORT_NOT_CONFIRMED|CLOSE_NOT_ABOVE_BREAKOUT_HIGH|CLOSE_NOT_ABOVE_MA200|RSI_NOT_MOMENTUM_SUPPORTIVE
2026-10-03T16:10:21.828834+00:00,SIE_FIX_BREAKOUT_QUALITY_R_QUALITY_V1,PAXG,PAXGUSDT,strategy-lab-v1.0.0:SIE_FIX_BREAKOUT_QUALITY_R_QUALITY_V1,1791032400000,2026-10-03T13:00:00+00:00,4146.94,4147.33,4145.02,4145.12,28.382352941175213,4149.103,4142.550180454344,4204.45865,2.759285714285722,0.0006656708887283654,30.781499202549313,1.5,False,TREND_SUPPORT_NOT_CONFIRMED|CLOSE_NOT_ABOVE_BREAKOUT_HIGH|CLOSE_NOT_ABOVE_MA200|RSI_NOT_MOMENTUM_SUPPORTIVE
2026-10-03T16:10:21.828834+00:00,SIE_FIX_BREAKOUT_QUALITY_R_QUALITY_V1,PAXG,PAXGUSDT,strategy-lab-v1.0.0:SIE_FIX_BREAKOUT_QUALITY_R_QUALITY_V1,1791036000000,2026-10-03T14:00:00+00:00,4145.12,4146.13,4144.4,4145.3,31.26934984520078,4148.401,4143.615442979344,4203.81345,2.7900000000000937,0.0006730514076182891,28.382352941175213,1.5,False,TREND_SUPPORT_NOT_CONFIRMED|CLOSE_NOT_ABOVE_BREAKOUT_HIGH|CLOSE_NOT_ABOVE_MA200|RSI_NOT_MOMENTUM_SUPPORTIVE
2026-10-03T16:10:21.828834+00:00,SIE_FIX_BREAKOUT_QUALITY_R_QUALITY_V1,PAXG,PAXGUSDT,strategy-lab-v1.0.0:SIE_FIX_BREAKOUT_QUALITY_R_QUALITY_V1,1791039600000,2026-10-03T15:00:00+00:00,4146.08,4146.41,4139.29,4146.41,36.02305475504295,4148.062,4143.743691998253,4203.1699499999995,2.9178571428572337,0.0007037068555346031,31.26934984520078,1.4999999999998268,False,TREND_SUPPORT_NOT_CONFIRMED|PLANNED_REWARD_TOO_LOW|CLOSE_NOT_ABOVE_BREAKOUT_HIGH|CLOSE_NOT_ABOVE_MA200|RSI_NOT_MOMENTUM_SUPPORTIVE
2026-10-03T16:10:21.828834+00:00,SIE_FIX_BREAKOUT_QUALITY_R_QUALITY_V1,PAXG,PAXGUSDT,strategy-lab-v1.0.0:SIE_FIX_BREAKOUT_QUALITY_R_QUALITY_V1,1791043200000,2026-10-03T16:00:00+00:00,4146.41,4146.72,4145.65,4146.49,37.16166788588076,4147.948,4143.590273069827,4202.46265,2.777142857142995,0.0006697575195268757,36.02305475504295,1.4999999999998181,False,TREND_SUPPORT_NOT_CONFIRMED|PLANNED_REWARD_TOO_LOW|CLOSE_NOT_ABOVE_BREAKOUT_HIGH|CLOSE_NOT_ABOVE_MA200|RSI_NOT_MOMENTUM_SUPPORTIVE
2026-10-03T21:08:37.977448+00:00,SIE_FIX_BREAKOUT_QUALITY_R_QUALITY_V1,BTC,BTCUSDT,strategy-lab-v1.0.0:SIE_FIX_BREAKOUT_QUALITY_R_QUALITY_V1,1791046800000,2026-10-03T17:00:00+00:00,84853.13,85000.0,84825.04,84990.97,69.72635866106639,84683.17850000001,84408.46070914874,84165.34135,142.60714285714494,0.0016779093456298349,68.02183323922476,1.5000000000000566,False,CLOSE_NOT_ABOVE_BREAKOUT_HIGH
2026-10-03T21:08:37.977448+00:00,SIE_FIX_BREAKOUT_QUALITY_R_QUALITY_V1,BTC,BTCUSDT,strategy-lab-v1.0.0:SIE_FIX_BREAKOUT_QUALITY_R_QUALITY_V1,1791050400000,2026-10-03T18:00:00+00:00,84990.98,85021.57,84881.86,84933.65,74.44793237936048,84702.38200000001,84414.33295976,84166.46334999999,135.08357142857443,0.00159045998174545,69.72635866106639,1.5,False,CLOSE_NOT_ABOVE_BREAKOUT_HIGH
2026-10-03T21:08:37.977448+00:00,SIE_FIX_BREAKOUT_QUALITY_R_QUALITY_V1,BTC,BTCUSDT,strategy-lab-v1.0.0:SIE_FIX_BREAKOUT_QUALITY_R_QUALITY_V1,1791054000000,2026-10-03T19:00:00+00:00,84933.66,84936.73,84679.89,84836.99,63.36743228463035,84718.9875,84440.25513052315,84167.7731,145.0750000000023,0.0017100441682337184,74.44793237936048,1.5,False,CLOSE_NOT_ABOVE_BREAKOUT_HIGH
2026-10-03T21:08:37.977448+00:00,SIE_FIX_BREAKOUT_QUALITY_R_QUALITY_V1,BTC,BTCUSDT,strategy-lab-v1.0.0:SIE_FIX_BREAKOUT_QUALITY_R_QUALITY_V1,1791057600000,2026-10-03T20:00:00+00:00,84836.99,84916.61,84698.37,84737.59,60.085407515861036,84722.3815,84444.48005514916,84169.1934,149.23071428571606,0.0017610922647872812,63.36743228463035,1.5000000000000542,False,CLOSE_NOT_ABOVE_BREAKOUT_HIGH
2026-10-03T21:08:37.977448+00:00,SIE_FIX_BREAKOUT_QUALITY_R_QUALITY_V1,BTC,BTCUSDT,strategy-lab-v1.0.0:SIE_FIX_BREAKOUT_QUALITY_R_QUALITY_V1,1791061200000,2026-10-03T21:00:00+00:00,84737.6,84768.08,84560.71,84592.92,52.8895619207182,84720.62000000001,84439.91919416009,84172.6442,155.82928571428678,0.0018421078940682835,60.085407515861036,1.500000000000052,False,CLOSE_NOT_ABOVE_BREAKOUT_HIGH
2026-10-03T21:08:37.977448+00:00,SIE_FIX_BREAKOUT_QUALITY_R_QUALITY_V1,BNB,BNBUSDT,strategy-lab-v1.0.0:SIE_FIX_BREAKOUT_QUALITY_R_QUALITY_V1,1791046800000,2026-10-03T17:00:00+00:00,780.09,791.46,779.93,788.28,87.86848072562346,770.9125,759.2236850472337,769.73115,3.1378571428571553,0.003980637771930222,82.21494817239507,1.5,True,
2026-10-03T21:08:37.977448+00:00,SIE_FIX_BREAKOUT_QUALITY_R_QUALITY_V1,BNB,BNBUSDT,strategy-lab-v1.0.0:SIE_FIX_BREAKOUT_QUALITY_R_QUALITY_V1,1791050400000,2026-10-03T18:00:00+00:00,788.3,790.02,787.15,789.49,93.18095238095212,772.0550000000001,758.027134160892,769.79485,3.0957142857142963,0.003921157057992244,87.86848072562346,1.5000000000000204,False,OPEN_TRADE_EXISTS|CLOSE_NOT_ABOVE_BREAKOUT_HIGH
2026-10-03T21:08:37.977448+00:00,SIE_FIX_BREAKOUT_QUALITY_R_QUALITY_V1,BNB,BNBUSDT,strategy-lab-v1.0.0:SIE_FIX_BREAKOUT_QUALITY_R_QUALITY_V1,1791054000000,2026-10-03T19:00:00+00:00,789.39,792.67,787.42,789.65,93.12596006144366,773.1320000000001,757.2907404541176,769.84725,3.388571428571441,0.004291232101021264,93.18095238095212,1.5,False,OPEN_TRADE_EXISTS|CLOSE_NOT_ABOVE_BREAKOUT_HIGH
2026-10-03T21:08:37.977448+00:00,SIE_FIX_BREAKOUT_QUALITY_R_QUALITY_V1,BNB,BNBUSDT,strategy-lab-v1.0.0:SIE_FIX_BREAKOUT_QUALITY_R_QUALITY_V1,1791057600000,2026-10-03T20:00:00+00:00,789.57,790.62,786.25,786.25,85.62853107344617,773.999,757.3019920045533,769.8908,3.573571428571443,0.004545082898024093,93.12596006144366,1.5000000000000178,False,OPEN_TRADE_EXISTS|CLOSE_NOT_ABOVE_BREAKOUT_HIGH
2026-10-03T21:08:37.977448+00:00,SIE_FIX_BREAKOUT_QUALITY_R_QUALITY_V1,BNB,BNBUSDT,strategy-lab-v1.0.0:SIE_FIX_BREAKOUT_QUALITY_R_QUALITY_V1,1791061200000,2026-10-03T21:00:00+00:00,786.24,787.35,786.01,786.22,87.60838150289032,774.859,757.5170232960596,769.9515000000001,3.590714285714301,0.0045670604738041526,85.62853107344617,1.4999999999999825,False,OPEN_TRADE_EXISTS|PLANNED_REWARD_TOO_LOW|CLOSE_NOT_ABOVE_BREAKOUT_HIGH
2026-10-03T21:08:37.977448+00:00,SIE_FIX_BREAKOUT_QUALITY_R_QUALITY_V1,PAXG,PAXGUSDT,strategy-lab-v1.0.0:SIE_FIX_BREAKOUT_QUALITY_R_QUALITY_V1,1791046800000,2026-10-03T17:00:00+00:00,4146.03,4148.2,4144.79,4147.44,38.46704871060084,4147.9220000000005,4143.595885808529,4201.7508,3.011428571428626,0.0007260933422614013,39.59212376933901,1.5,False,TREND_SUPPORT_NOT_CONFIRMED|CLOSE_NOT_ABOVE_BREAKOUT_HIGH|CLOSE_NOT_ABOVE_MA200|RSI_NOT_MOMENTUM_SUPPORTIVE
2026-10-03T21:08:37.977448+00:00,SIE_FIX_BREAKOUT_QUALITY_R_QUALITY_V1,PAXG,PAXGUSDT,strategy-lab-v1.0.0:SIE_FIX_BREAKOUT_QUALITY_R_QUALITY_V1,1791050400000,2026-10-03T18:00:00+00:00,4147.67,4147.69,4146.19,4146.85,41.66020170675045,4147.6765,4143.706868909123,4200.9625,2.870000000000086,0.0006920915875906014,38.46704871060084,1.500000000000176,False,TREND_SUPPORT_NOT_CONFIRMED|CLOSE_NOT_ABOVE_BREAKOUT_HIGH|CLOSE_NOT_ABOVE_MA200|RSI_NOT_MOMENTUM_SUPPORTIVE
2026-10-03T21:08:37.977448+00:00,SIE_FIX_BREAKOUT_QUALITY_R_QUALITY_V1,PAXG,PAXGUSDT,strategy-lab-v1.0.0:SIE_FIX_BREAKOUT_QUALITY_R_QUALITY_V1,1791054000000,2026-10-03T19:00:00+00:00,4146.85,4147.5,4145.32,4146.42,40.961098398169526,4147.4475,4143.752255082859,4200.21165,2.7142857142857792,0.000654609449666406,41.66020170675045,1.499999999999814,False,TREND_SUPPORT_NOT_CONFIRMED|PLANNED_REWARD_TOO_LOW|CLOSE_NOT_ABOVE_BREAKOUT_HIGH|CLOSE_NOT_ABOVE_MA200|RSI_NOT_MOMENTUM_SUPPORTIVE
2026-10-03T21:08:37.977448+00:00,SIE_FIX_BREAKOUT_QUALITY_R_QUALITY_V1,PAXG,PAXGUSDT,strategy-lab-v1.0.0:SIE_FIX_BREAKOUT_QUALITY_R_QUALITY_V1,1791057600000,2026-10-03T20:00:00+00:00,4145.64,4147.99,4145.36,4147.68,45.83624912526381,4147.3245,4143.838066435788,4199.494750000001,2.7557142857143453,0.0006643989617603925,40.961098398169526,1.5,False,TREND_SUPPORT_NOT_CONFIRMED|CLOSE_NOT_ABOVE_BREAKOUT_HIGH|CLOSE_NOT_ABOVE_MA200|RSI_NOT_MOMENTUM_SUPPORTIVE
2026-10-03T21:08:37.977448+00:00,SIE_FIX_BREAKOUT_QUALITY_R_QUALITY_V1,PAXG,PAXGUSDT,strategy-lab-v1.0.0:SIE_FIX_BREAKOUT_QUALITY_R_QUALITY_V1,1791061200000,2026-10-03T21:00:00+00:00,4147.38,4147.66,4147.38,4147.63,55.69727891156514,4147.1915,4143.975245812648,4198.88165,2.3664285714286444,0.0005705495840826314,45.83624912526381,1.5,False,TREND_SUPPORT_NOT_CONFIRMED|CLOSE_NOT_ABOVE_BREAKOUT_HIGH|CLOSE_NOT_ABOVE_MA200
2026-10-04T00:31:43.355229+00:00,SIE_FIX_BREAKOUT_QUALITY_R_QUALITY_V1,BTC,BTCUSDT,strategy-lab-v1.0.0:SIE_FIX_BREAKOUT_QUALITY_R_QUALITY_V1,1791064800000,2026-10-03T22:00:00+00:00,84708.57,84799.0,84685.29,84755.94,60.0662677414571,84734.948,84467.90506445731,84176.99130000001,158.31214285714563,0.0018678589707947976,60.39045446741785,1.5,False,CLOSE_NOT_ABOVE_BREAKOUT_HIGH
2026-10-04T00:31:43.355229+00:00,SIE_FIX_BREAKOUT_QUALITY_R_QUALITY_V1,BTC,BTCUSDT,strategy-lab-v1.0.0:SIE_FIX_BREAKOUT_QUALITY_R_QUALITY_V1,1791068400000,2026-10-03T23:00:00+00:00,84755.94,84799.0,84700.69,84742.22,59.775092891065235,84738.0095,84472.10966634405,84181.78245000001,158.5307142857169,0.0018707406330128818,60.0662677414571,1.499999999999949,False,PLANNED_REWARD_TOO_LOW|CLOSE_NOT_ABOVE_BREAKOUT_HIGH
2026-10-04T00:31:43.355229+00:00,SIE_FIX_BREAKOUT_QUALITY_R_QUALITY_V1,BTC,BTCUSDT,strategy-lab-v1.0.0:SIE_FIX_BREAKOUT_QUALITY_R_QUALITY_V1,1791072000000,2026-10-04T00:00:00+00:00,84742.22,84864.89,84742.22,84790.56,60.29342110057208,84748.84550000001,84493.12097630653,84187.07764999999,161.10000000000167,0.0018999756576675714,59.775092891065235,1.5000000000000502,False,CLOSE_NOT_ABOVE_BREAKOUT_HIGH
2026-10-04T00:31:43.355229+00:00,SIE_FIX_BREAKOUT_QUALITY_R_QUALITY_V1,BNB,BNBUSDT,strategy-lab-v1.0.0:SIE_FIX_BREAKOUT_QUALITY_R_QUALITY_V1,1791064800000,2026-10-03T22:00:00+00:00,785.17,790.24,784.95,789.09,85.8801380608723,775.8455,757.842949652896,770.01235,3.952857142857153,0.005009386943006695,84.34782608695652,1.5,False,CLOSE_NOT_ABOVE_BREAKOUT_HIGH
2026-10-04T00:31:43.355229+00:00,SIE_FIX_BREAKOUT_QUALITY_R_QUALITY_V1,BNB,BNBUSDT,strategy-lab-v1.0.0:SIE_FIX_BREAKOUT_QUALITY_R_QUALITY_V1,1791068400000,2026-10-03T23:00:00+00:00,789.03,789.5,786.52,786.91,79.65275662503791,776.7790000000001,758.5164143123158,770.0745,4.0414285714285825,0.005135820578501459,85.8801380608723,1.5,False,CLOSE_NOT_ABOVE_BREAKOUT_HIGH
2026-10-04T00:31:43.355229+00:00,SIE_FIX_BREAKOUT_QUALITY_R_QUALITY_V1,BNB,BNBUSDT,strategy-lab-v1.0.0:SIE_FIX_BREAKOUT_QUALITY_R_QUALITY_V1,1791072000000,2026-10-04T00:00:00+00:00,787.36,787.67,785.96,786.4,77.60124610591893,777.758,759.6371649199046,770.1439,4.031428571428576,0.005126435111175707,79.65275662503791,1.5,False,CLOSE_NOT_ABOVE_BREAKOUT_HIGH
2026-10-04T00:31:43.355229+00:00,SIE_FIX_BREAKOUT_QUALITY_R_QUALITY_V1,PAXG,PAXGUSDT,strategy-lab-v1.0.0:SIE_FIX_BREAKOUT_QUALITY_R_QUALITY_V1,1791064800000,2026-10-03T22:00:00+00:00,4146.64,4147.33,4145.79,4147.33,63.10211946050205,4147.0599999999995,4144.10893917415,4198.2572,2.4850000000000625,0.0005991806776890343,55.88737201365221,1.4999999999997966,False,TREND_SUPPORT_NOT_CONFIRMED|PLANNED_REWARD_TOO_LOW|CLOSE_NOT_ABOVE_BREAKOUT_HIGH|CLOSE_NOT_ABOVE_MA200
2026-10-04T00:31:43.355229+00:00,SIE_FIX_BREAKOUT_QUALITY_R_QUALITY_V1,PAXG,PAXGUSDT,strategy-lab-v1.0.0:SIE_FIX_BREAKOUT_QUALITY_R_QUALITY_V1,1791068400000,2026-10-03T23:00:00+00:00,4147.2,4147.46,4142.71,4146.81,58.571428571430175,4146.867499999999,4144.4218845359765,4197.56275,2.7571428571428833,0.0006648828514310718,63.10211946050205,1.5000000000001832,False,TREND_SUPPORT_NOT_CONFIRMED|CLOSE_NOT_ABOVE_BREAKOUT_HIGH|CLOSE_NOT_ABOVE_MA200
2026-10-04T00:31:43.355229+00:00,SIE_FIX_BREAKOUT_QUALITY_R_QUALITY_V1,PAXG,PAXGUSDT,strategy-lab-v1.0.0:SIE_FIX_BREAKOUT_QUALITY_R_QUALITY_V1,1791072000000,2026-10-04T00:00:00+00:00,4147.28,4148.06,4146.88,4147.01,54.30672268907909,4146.768,4144.523900180949,4196.8943,2.659285714285748,0.0006412537501201463,58.571428571430175,1.5,False,TREND_SUPPORT_NOT_CONFIRMED|CLOSE_NOT_ABOVE_BREAKOUT_HIGH|CLOSE_NOT_ABOVE_MA200
2026-10-04T08:20:46.242090+00:00,SIE_FIX_BREAKOUT_QUALITY_R_QUALITY_V1,BTC,BTCUSDT,strategy-lab-v1.0.0:SIE_FIX_BREAKOUT_QUALITY_R_QUALITY_V1,1791075600000,2026-10-04T01:00:00+00:00,84786.9,84807.07,84700.02,84794.7,58.44317618496797,84756.936,84506.6698633867,84192.22365,162.7142857142878,0.0019189204716130585,60.11564924608416,1.5,False,CLOSE_NOT_ABOVE_BREAKOUT_HIGH
2026-10-04T08:20:46.242090+00:00,SIE_FIX_BREAKOUT_QUALITY_R_QUALITY_V1,BTC,BTCUSDT,strategy-lab-v1.0.0:SIE_FIX_BREAKOUT_QUALITY_R_QUALITY_V1,1791079200000,2026-10-04T02:00:00+00:00,84794.7,84864.0,84757.54,84790.05,43.6502676523069,84767.825,84532.11785344024,84196.42395,151.86357142857327,0.0017910541558658506,58.44317618496797,1.4999999999999467,False,PLANNED_REWARD_TOO_LOW|CLOSE_NOT_ABOVE_BREAKOUT_HIGH|RSI_NOT_MOMENTUM_SUPPORTIVE
2026-10-04T08:20:46.242090+00:00,SIE_FIX_BREAKOUT_QUALITY_R_QUALITY_V1,BTC,BTCUSDT,strategy-lab-v1.0.0:SIE_FIX_BREAKOUT_QUALITY_R_QUALITY_V1,1791082800000,2026-10-04T03:00:00+00:00,84790.05,84876.41,84767.0,84824.36,47.31240453673886,84782.0875,84570.14101072891,84200.528,146.05357142857352,0.0017218352302165736,43.6502676523069,1.5,False,CLOSE_NOT_ABOVE_BREAKOUT_HIGH|RSI_NOT_MOMENTUM_SUPPORTIVE
2026-10-04T08:20:46.242090+00:00,SIE_FIX_BREAKOUT_QUALITY_R_QUALITY_V1,BTC,BTCUSDT,strategy-lab-v1.0.0:SIE_FIX_BREAKOUT_QUALITY_R_QUALITY_V1,1791086400000,2026-10-04T04:00:00+00:00,84824.37,84840.47,84797.3,84805.01,46.93867681196706,84792.68299999999,84599.20408899589,84205.2149,140.3721428571454,0.0016552340817735346,47.31240453673886,1.4999999999999425,False,PLANNED_REWARD_TOO_LOW|CLOSE_NOT_ABOVE_BREAKOUT_HIGH|RSI_NOT_MOMENTUM_SUPPORTIVE
2026-10-04T08:20:46.242090+00:00,SIE_FIX_BREAKOUT_QUALITY_R_QUALITY_V1,BTC,BTCUSDT,strategy-lab-v1.0.0:SIE_FIX_BREAKOUT_QUALITY_R_QUALITY_V1,1791090000000,2026-10-04T05:00:00+00:00,84805.01,84919.31,84805.01,84896.55,52.482351412608814,84808.34449999999,84635.5901765857,84210.75790000001,138.260714285717,0.0016285787147500928,46.93867681196706,1.5,False,CLOSE_NOT_ABOVE_BREAKOUT_HIGH
2026-10-04T08:20:46.242090+00:00,SIE_FIX_BREAKOUT_QUALITY_R_QUALITY_V1,BTC,BTCUSDT,strategy-lab-v1.0.0:SIE_FIX_BREAKOUT_QUALITY_R_QUALITY_V1,1791093600000,2026-10-04T06:00:00+00:00,84896.56,85064.7,84855.16,85013.21,60.00099960016014,84827.9525,84655.66120516963,84215.53035,146.05214285714464,0.0017179935077989014,52.482351412608814,1.4999999999999447,False,PLANNED_REWARD_TOO_LOW|CLOSE_NOT_ABOVE_BREAKOUT_HIGH
2026-10-04T08:20:46.242090+00:00,SIE_FIX_BREAKOUT_QUALITY_R_QUALITY_V1,BTC,BTCUSDT,strategy-lab-v1.0.0:SIE_FIX_BREAKOUT_QUALITY_R_QUALITY_V1,1791097200000,2026-10-04T07:00:00+00:00,85013.22,85103.73,84908.56,85098.59,57.195196961998064,84849.7895,84657.67548390976,84220.55765,147.49571428571548,0.0017332333507019974,60.00099960016014,1.5000000000000548,False,CLOSE_NOT_ABOVE_BREAKOUT_HIGH
2026-10-04T08:20:46.242090+00:00,SIE_FIX_BREAKOUT_QUALITY_R_QUALITY_V1,BTC,BTCUSDT,strategy-lab-v1.0.0:SIE_FIX_BREAKOUT_QUALITY_R_QUALITY_V1,1791100800000,2026-10-04T08:00:00+00:00,85098.6,85179.99,85074.05,85127.79,63.48681468308041,84862.94,84635.72211963114,84226.67259999999,145.08357142857236,0.0017043032766217985,57.195196961998064,1.4999999999999443,False,PLANNED_REWARD_TOO_LOW|CLOSE_NOT_ABOVE_BREAKOUT_HIGH
2026-10-04T08:20:46.242090+00:00,SIE_FIX_BREAKOUT_QUALITY_R_QUALITY_V1,BNB,BNBUSDT,strategy-lab-v1.0.0:SIE_FIX_BREAKOUT_QUALITY_R_QUALITY_V1,1791075600000,2026-10-04T01:00:00+00:00,785.36,785.64,782.89,784.19,71.38508371385092,778.554,760.9964450449384,770.1904499999999,4.230714285714295,0.0053950117773936095,75.07534659433404,1.5,False,CLOSE_NOT_ABOVE_BREAKOUT_HIGH
2026-10-04T08:20:46.242090+00:00,SIE_FIX_BREAKOUT_QUALITY_R_QUALITY_V1,BNB,BNBUSDT,strategy-lab-v1.0.0:SIE_FIX_BREAKOUT_QUALITY_R_QUALITY_V1,1791079200000,2026-10-04T02:00:00+00:00,783.97,784.54,782.32,783.3,68.15227483751143,779.4155,762.7231706538599,770.2327,4.2028571428571455,0.005365577866535358,71.38508371385092,1.499999999999985,False,PLANNED_REWARD_TOO_LOW|CLOSE_NOT_ABOVE_BREAKOUT_HIGH
2026-10-04T08:20:46.242090+00:00,SIE_FIX_BREAKOUT_QUALITY_R_QUALITY_V1,BNB,BNBUSDT,strategy-lab-v1.0.0:SIE_FIX_BREAKOUT_QUALITY_R_QUALITY_V1,1791082800000,2026-10-04T03:00:00+00:00,783.54,785.67,782.73,784.79,66.9662921348313,780.385,764.8490951341736,770.2817,4.17428571428571,0.005318984332478383,68.15227483751143,1.5,False,CLOSE_NOT_ABOVE_BREAKOUT_HIGH
2026-10-04T08:20:46.242090+00:00,SIE_FIX_BREAKOUT_QUALITY_R_QUALITY_V1,BNB,BNBUSDT,strategy-lab-v1.0.0:SIE_FIX_BREAKOUT_QUALITY_R_QUALITY_V1,1791086400000,2026-10-04T04:00:00+00:00,784.83,785.14,783.32,784.87,62.23853211009161,781.3174999999999,767.1125813096303,770.3411499999999,3.9878571428571297,0.005080914218733204,66.9662921348313,1.5000000000000158,False,CLOSE_NOT_ABOVE_BREAKOUT_HIGH
2026-10-04T08:20:46.242090+00:00,SIE_FIX_BREAKOUT_QUALITY_R_QUALITY_V1,BNB,BNBUSDT,strategy-lab-v1.0.0:SIE_FIX_BREAKOUT_QUALITY_R_QUALITY_V1,1791090000000,2026-10-04T05:00:00+00:00,784.81,787.45,784.81,786.48,63.70370370370361,782.2695000000001,769.4255216832942,770.4097999999999,3.9385714285714277,0.005007846898295478,62.23853211009161,1.5,False,CLOSE_NOT_ABOVE_BREAKOUT_HIGH
2026-10-04T08:20:46.242090+00:00,SIE_FIX_BREAKOUT_QUALITY_R_QUALITY_V1,BNB,BNBUSDT,strategy-lab-v1.0.0:SIE_FIX_BREAKOUT_QUALITY_R_QUALITY_V1,1791093600000,2026-10-04T06:00:00+00:00,786.68,788.84,785.74,788.33,64.28323498785139,783.2520000000001,771.7838883856142,770.4699499999999,3.8414285714285694,0.0048728686862463295,63.70370370370361,1.5,False,CLOSE_NOT_ABOVE_BREAKOUT_HIGH
2026-10-04T08:20:46.242090+00:00,SIE_FIX_BREAKOUT_QUALITY_R_QUALITY_V1,BNB,BNBUSDT,strategy-lab-v1.0.0:SIE_FIX_BREAKOUT_QUALITY_R_QUALITY_V1,1791097200000,2026-10-04T07:00:00+00:00,788.39,788.43,786.87,788.05,49.45002391200379,784.1475,774.2213146803512,770.5259,3.1292857142857025,0.003970922802215218,64.28323498785139,1.4999999999999798,False,PLANNED_REWARD_TOO_LOW|CLOSE_NOT_ABOVE_BREAKOUT_HIGH|RSI_NOT_MOMENTUM_SUPPORTIVE
2026-10-04T08:20:46.242090+00:00,SIE_FIX_BREAKOUT_QUALITY_R_QUALITY_V1,BNB,BNBUSDT,strategy-lab-v1.0.0:SIE_FIX_BREAKOUT_QUALITY_R_QUALITY_V1,1791100800000,2026-10-04T08:00:00+00:00,787.58,788.59,787.12,788.59,47.77667984189733,784.9984999999999,776.7558783903411,770.59045,3.0292857142857037,0.003841395039609561,49.45002391200379,1.4999999999999791,False,PLANNED_REWARD_TOO_LOW|CLOSE_NOT_ABOVE_BREAKOUT_HIGH|RSI_NOT_MOMENTUM_SUPPORTIVE
2026-10-04T08:20:46.242090+00:00,SIE_FIX_BREAKOUT_QUALITY_R_QUALITY_V1,PAXG,PAXGUSDT,strategy-lab-v1.0.0:SIE_FIX_BREAKOUT_QUALITY_R_QUALITY_V1,1791075600000,2026-10-04T01:00:00+00:00,4145.68,4146.61,4144.14,4144.87,36.27152988855082,4146.505999999999,4144.295819917273,4196.2185,2.7371428571429015,0.0006603688070175666,47.60536398467444,1.4999999999998155,False,TREND_SUPPORT_NOT_CONFIRMED|PLANNED_REWARD_TOO_LOW|CLOSE_NOT_ABOVE_BREAKOUT_HIGH|CLOSE_NOT_ABOVE_MA200|RSI_NOT_MOMENTUM_SUPPORTIVE
2026-10-04T08:20:46.242090+00:00,SIE_FIX_BREAKOUT_QUALITY_R_QUALITY_V1,PAXG,PAXGUSDT,strategy-lab-v1.0.0:SIE_FIX_BREAKOUT_QUALITY_R_QUALITY_V1,1791079200000,2026-10-04T02:00:00+00:00,4144.89,4147.13,4144.89,4146.42,47.588126159556865,4146.3835,4144.457714186862,4195.5215,2.772857142857187,0.0006687352325276231,36.27152988855082,1.5,False,TREND_SUPPORT_NOT_CONFIRMED|CLOSE_NOT_ABOVE_BREAKOUT_HIGH|CLOSE_NOT_ABOVE_MA200|RSI_NOT_MOMENTUM_SUPPORTIVE
2026-10-04T08:20:46.242090+00:00,SIE_FIX_BREAKOUT_QUALITY_R_QUALITY_V1,PAXG,PAXGUSDT,strategy-lab-v1.0.0:SIE_FIX_BREAKOUT_QUALITY_R_QUALITY_V1,1791082800000,2026-10-04T03:00:00+00:00,4147.22,4148.94,4147.22,4148.85,66.37401229148536,4146.5115000000005,4144.307392244449,4194.8367,2.7878571428571894,0.0006719590110168334,47.588126159556865,1.4999999999998188,False,TREND_SUPPORT_NOT_CONFIRMED|PLANNED_REWARD_TOO_LOW|CLOSE_NOT_ABOVE_BREAKOUT_HIGH|CLOSE_NOT_ABOVE_MA200
2026-10-04T08:20:46.242090+00:00,SIE_FIX_BREAKOUT_QUALITY_R_QUALITY_V1,PAXG,PAXGUSDT,strategy-lab-v1.0.0:SIE_FIX_BREAKOUT_QUALITY_R_QUALITY_V1,1791086400000,2026-10-04T04:00:00+00:00,4148.48,4148.48,4146.88,4147.09,56.900539707015916,4146.6355,4144.600707873497,4194.16845,2.8050000000000312,0.0006763778938966917,66.37401229148536,1.49999999999982,False,TREND_SUPPORT_NOT_CONFIRMED|PLANNED_REWARD_TOO_LOW|CLOSE_NOT_ABOVE_BREAKOUT_HIGH|CLOSE_NOT_ABOVE_MA200
2026-10-04T08:20:46.242090+00:00,SIE_FIX_BREAKOUT_QUALITY_R_QUALITY_V1,PAXG,PAXGUSDT,strategy-lab-v1.0.0:SIE_FIX_BREAKOUT_QUALITY_R_QUALITY_V1,1791090000000,2026-10-04T05:00:00+00:00,4146.88,4149.09,4146.88,4147.45,54.25531914893593,4146.7575,4144.837845083594,4193.49065,2.454285714285756,0.0005917577582094434,56.900539707015916,1.5,False,TREND_SUPPORT_NOT_CONFIRMED|CLOSE_NOT_ABOVE_BREAKOUT_HIGH|CLOSE_NOT_ABOVE_MA200
2026-10-04T08:20:46.242090+00:00,SIE_FIX_BREAKOUT_QUALITY_R_QUALITY_V1,PAXG,PAXGUSDT,strategy-lab-v1.0.0:SIE_FIX_BREAKOUT_QUALITY_R_QUALITY_V1,1791093600000,2026-10-04T06:00:00+00:00,4147.45,4147.62,4146.88,4147.38,51.45797598627851,4146.817,4144.897624060253,4192.8211,2.379285714285743,0.0005736840401134554,54.25531914893593,1.5000000000002123,False,TREND_SUPPORT_NOT_CONFIRMED|CLOSE_NOT_ABOVE_BREAKOUT_HIGH|CLOSE_NOT_ABOVE_MA200
2026-10-04T08:20:46.242090+00:00,SIE_FIX_BREAKOUT_QUALITY_R_QUALITY_V1,PAXG,PAXGUSDT,strategy-lab-v1.0.0:SIE_FIX_BREAKOUT_QUALITY_R_QUALITY_V1,1791097200000,2026-10-04T07:00:00+00:00,4146.99,4148.34,4146.88,4146.88,47.61904761904983,4146.782000000001,4144.894286039127,4192.1497,2.2400000000000415,0.0005401651361987907,51.45797598627851,1.5,False,TREND_SUPPORT_NOT_CONFIRMED|CLOSE_NOT_ABOVE_BREAKOUT_HIGH|CLOSE_NOT_ABOVE_MA200|RSI_NOT_MOMENTUM_SUPPORTIVE
2026-10-04T08:20:46.242090+00:00,SIE_FIX_BREAKOUT_QUALITY_R_QUALITY_V1,PAXG,PAXGUSDT,strategy-lab-v1.0.0:SIE_FIX_BREAKOUT_QUALITY_R_QUALITY_V1,1791100800000,2026-10-04T08:00:00+00:00,4146.89,4147.27,4146.88,4146.88,50.13428827215642,4146.779,4144.892109436645,4191.5031,2.160714285714351,0.0005210457707274748,47.61904761904983,1.5,False,TREND_SUPPORT_NOT_CONFIRMED|CLOSE_NOT_ABOVE_BREAKOUT_HIGH|CLOSE_NOT_ABOVE_MA200
