timestamp,asset,symbol,strategy_version,equity,open_trade,last_evaluated_close_time,missed_run_count
2026-07-18T17:09:10.301155+00:00,BTC,BTCUSDT,strategy-lab-v1.0.0:V2_MR_REWARD,10000.0,False,1784394000000,0
2026-07-18T17:09:10.301155+00:00,ETH,ETHUSDT,strategy-lab-v1.0.0:V2_MR_REWARD,9879.07483753555,False,1784394000000,0
2026-07-18T17:09:10.301155+00:00,SOL,SOLUSDT,strategy-lab-v1.0.0:V2_MR_REWARD,10000.0,False,1784394000000,0
2026-07-18T17:09:10.301155+00:00,XRP,XRPUSDT,strategy-lab-v1.0.0:V2_MR_REWARD,10000.0,False,1784394000000,0
2026-07-18T17:09:10.301155+00:00,DOGE,DOGEUSDT,strategy-lab-v1.0.0:V2_MR_REWARD,10000.0,False,1784394000000,0
2026-07-18T17:09:10.301155+00:00,NEAR,NEARUSDT,strategy-lab-v1.0.0:V2_MR_REWARD,10000.0,False,1784394000000,0
2026-07-18T17:09:10.301155+00:00,BNB,BNBUSDT,strategy-lab-v1.0.0:V2_MR_REWARD,10000.0,False,1784394000000,0
2026-07-18T17:09:10.301155+00:00,PAXG,PAXGUSDT,strategy-lab-v1.0.0:V2_MR_REWARD,10000.0,False,1784394000000,0
2026-07-18T17:10:32.208567+00:00,BTC,BTCUSDT,strategy-lab-v1.0.0:V2_MR_REWARD,10000.0,False,1784394000000,0
2026-07-18T17:10:32.208567+00:00,ETH,ETHUSDT,strategy-lab-v1.0.0:V2_MR_REWARD,9879.07483753555,False,1784394000000,0
2026-07-18T17:10:32.208567+00:00,SOL,SOLUSDT,strategy-lab-v1.0.0:V2_MR_REWARD,10000.0,False,1784394000000,0
2026-07-18T17:10:32.208567+00:00,XRP,XRPUSDT,strategy-lab-v1.0.0:V2_MR_REWARD,10000.0,False,1784394000000,0
2026-07-18T17:10:32.208567+00:00,DOGE,DOGEUSDT,strategy-lab-v1.0.0:V2_MR_REWARD,10000.0,False,1784394000000,0
2026-07-18T17:10:32.208567+00:00,NEAR,NEARUSDT,strategy-lab-v1.0.0:V2_MR_REWARD,10000.0,False,1784394000000,0
2026-07-18T17:10:32.208567+00:00,BNB,BNBUSDT,strategy-lab-v1.0.0:V2_MR_REWARD,10000.0,False,1784394000000,0
2026-07-18T17:10:32.208567+00:00,PAXG,PAXGUSDT,strategy-lab-v1.0.0:V2_MR_REWARD,10000.0,False,1784394000000,0
2026-07-18T18:07:00.136968+00:00,BTC,BTCUSDT,strategy-lab-v1.0.0:V2_MR_REWARD,10000.0,False,1784397600000,0
2026-07-18T18:07:00.136968+00:00,ETH,ETHUSDT,strategy-lab-v1.0.0:V2_MR_REWARD,9879.07483753555,False,1784397600000,0
2026-07-18T18:07:00.136968+00:00,SOL,SOLUSDT,strategy-lab-v1.0.0:V2_MR_REWARD,10000.0,False,1784397600000,0
2026-07-18T18:07:00.136968+00:00,XRP,XRPUSDT,strategy-lab-v1.0.0:V2_MR_REWARD,10000.0,False,1784397600000,0
2026-07-18T18:07:00.136968+00:00,DOGE,DOGEUSDT,strategy-lab-v1.0.0:V2_MR_REWARD,10000.0,False,1784397600000,0
2026-07-18T18:07:00.136968+00:00,NEAR,NEARUSDT,strategy-lab-v1.0.0:V2_MR_REWARD,10000.0,False,1784397600000,0
2026-07-18T18:07:00.136968+00:00,BNB,BNBUSDT,strategy-lab-v1.0.0:V2_MR_REWARD,10000.0,False,1784397600000,0
2026-07-18T18:07:00.136968+00:00,PAXG,PAXGUSDT,strategy-lab-v1.0.0:V2_MR_REWARD,10000.0,False,1784397600000,0
2026-07-18T19:21:06.478656+00:00,BTC,BTCUSDT,strategy-lab-v1.0.0:V2_MR_REWARD,10000.0,False,1784401200000,0
2026-07-18T19:21:06.478656+00:00,ETH,ETHUSDT,strategy-lab-v1.0.0:V2_MR_REWARD,9879.07483753555,False,1784401200000,0
2026-07-18T19:21:06.478656+00:00,SOL,SOLUSDT,strategy-lab-v1.0.0:V2_MR_REWARD,10000.0,False,1784401200000,0
2026-07-18T19:21:06.478656+00:00,XRP,XRPUSDT,strategy-lab-v1.0.0:V2_MR_REWARD,10000.0,False,1784401200000,0
2026-07-18T19:21:06.478656+00:00,DOGE,DOGEUSDT,strategy-lab-v1.0.0:V2_MR_REWARD,10000.0,False,1784401200000,0
2026-07-18T19:21:06.478656+00:00,NEAR,NEARUSDT,strategy-lab-v1.0.0:V2_MR_REWARD,10000.0,False,1784401200000,0
2026-07-18T19:21:06.478656+00:00,BNB,BNBUSDT,strategy-lab-v1.0.0:V2_MR_REWARD,10000.0,False,1784401200000,0
2026-07-18T19:21:06.478656+00:00,PAXG,PAXGUSDT,strategy-lab-v1.0.0:V2_MR_REWARD,10000.0,False,1784401200000,0
2026-07-18T20:10:33.554640+00:00,BTC,BTCUSDT,strategy-lab-v1.0.0:V2_MR_REWARD,10000.0,False,1784404800000,0
2026-07-18T20:10:33.554640+00:00,ETH,ETHUSDT,strategy-lab-v1.0.0:V2_MR_REWARD,9879.07483753555,False,1784404800000,0
2026-07-18T20:10:33.554640+00:00,SOL,SOLUSDT,strategy-lab-v1.0.0:V2_MR_REWARD,10000.0,False,1784404800000,0
2026-07-18T20:10:33.554640+00:00,XRP,XRPUSDT,strategy-lab-v1.0.0:V2_MR_REWARD,10000.0,False,1784404800000,0
2026-07-18T20:10:33.554640+00:00,DOGE,DOGEUSDT,strategy-lab-v1.0.0:V2_MR_REWARD,10000.0,False,1784404800000,0
2026-07-18T20:10:33.554640+00:00,NEAR,NEARUSDT,strategy-lab-v1.0.0:V2_MR_REWARD,10000.0,False,1784404800000,0
2026-07-18T20:10:33.554640+00:00,BNB,BNBUSDT,strategy-lab-v1.0.0:V2_MR_REWARD,10000.0,False,1784404800000,0
2026-07-18T20:10:33.554640+00:00,PAXG,PAXGUSDT,strategy-lab-v1.0.0:V2_MR_REWARD,10000.0,False,1784404800000,0
2026-07-18T21:05:46.438050+00:00,BTC,BTCUSDT,strategy-lab-v1.0.0:V2_MR_REWARD,10000.0,False,1784408400000,0
2026-07-18T21:05:46.438050+00:00,ETH,ETHUSDT,strategy-lab-v1.0.0:V2_MR_REWARD,9879.07483753555,False,1784408400000,0
2026-07-18T21:05:46.438050+00:00,SOL,SOLUSDT,strategy-lab-v1.0.0:V2_MR_REWARD,10000.0,False,1784408400000,0
2026-07-18T21:05:46.438050+00:00,XRP,XRPUSDT,strategy-lab-v1.0.0:V2_MR_REWARD,10000.0,False,1784408400000,0
2026-07-18T21:05:46.438050+00:00,DOGE,DOGEUSDT,strategy-lab-v1.0.0:V2_MR_REWARD,10000.0,False,1784408400000,0
2026-07-18T21:05:46.438050+00:00,NEAR,NEARUSDT,strategy-lab-v1.0.0:V2_MR_REWARD,10000.0,False,1784408400000,0
2026-07-18T21:05:46.438050+00:00,BNB,BNBUSDT,strategy-lab-v1.0.0:V2_MR_REWARD,10000.0,False,1784408400000,0
2026-07-18T21:05:46.438050+00:00,PAXG,PAXGUSDT,strategy-lab-v1.0.0:V2_MR_REWARD,10000.0,False,1784408400000,0
2026-07-18T22:02:49.027380+00:00,BTC,BTCUSDT,strategy-lab-v1.0.0:V2_MR_REWARD,10000.0,False,1784408400000,0
2026-07-18T22:02:49.027380+00:00,ETH,ETHUSDT,strategy-lab-v1.0.0:V2_MR_REWARD,9879.07483753555,False,1784408400000,0
2026-07-18T22:02:49.027380+00:00,SOL,SOLUSDT,strategy-lab-v1.0.0:V2_MR_REWARD,10000.0,False,1784412000000,0
2026-07-18T22:02:49.027380+00:00,XRP,XRPUSDT,strategy-lab-v1.0.0:V2_MR_REWARD,10000.0,False,1784408400000,0
2026-07-18T22:02:49.027380+00:00,DOGE,DOGEUSDT,strategy-lab-v1.0.0:V2_MR_REWARD,10000.0,False,1784412000000,0
2026-07-18T22:02:49.027380+00:00,NEAR,NEARUSDT,strategy-lab-v1.0.0:V2_MR_REWARD,10000.0,False,1784408400000,0
2026-07-18T22:02:49.027380+00:00,BNB,BNBUSDT,strategy-lab-v1.0.0:V2_MR_REWARD,10000.0,False,1784408400000,0
2026-07-18T22:02:49.027380+00:00,PAXG,PAXGUSDT,strategy-lab-v1.0.0:V2_MR_REWARD,10000.0,False,1784408400000,0
2026-07-18T23:01:30.190369+00:00,BTC,BTCUSDT,strategy-lab-v1.0.0:V2_MR_REWARD,10000.0,False,1784412000000,0
2026-07-18T23:01:30.190369+00:00,ETH,ETHUSDT,strategy-lab-v1.0.0:V2_MR_REWARD,9879.07483753555,False,1784412000000,0
2026-07-18T23:01:30.190369+00:00,SOL,SOLUSDT,strategy-lab-v1.0.0:V2_MR_REWARD,10000.0,False,1784412000000,0
2026-07-18T23:01:30.190369+00:00,XRP,XRPUSDT,strategy-lab-v1.0.0:V2_MR_REWARD,10000.0,False,1784412000000,0
2026-07-18T23:01:30.190369+00:00,DOGE,DOGEUSDT,strategy-lab-v1.0.0:V2_MR_REWARD,10000.0,False,1784412000000,0
2026-07-18T23:01:30.190369+00:00,NEAR,NEARUSDT,strategy-lab-v1.0.0:V2_MR_REWARD,10000.0,False,1784412000000,0
2026-07-18T23:01:30.190369+00:00,BNB,BNBUSDT,strategy-lab-v1.0.0:V2_MR_REWARD,10000.0,False,1784412000000,0
2026-07-18T23:01:30.190369+00:00,PAXG,PAXGUSDT,strategy-lab-v1.0.0:V2_MR_REWARD,10000.0,False,1784412000000,0
2026-07-19T00:01:32.228231+00:00,BTC,BTCUSDT,strategy-lab-v1.0.0:V2_MR_REWARD,10000.0,False,1784415600000,0
2026-07-19T00:01:32.228231+00:00,ETH,ETHUSDT,strategy-lab-v1.0.0:V2_MR_REWARD,9879.07483753555,False,1784419200000,1
2026-07-19T00:01:32.228231+00:00,SOL,SOLUSDT,strategy-lab-v1.0.0:V2_MR_REWARD,10000.0,False,1784415600000,0
2026-07-19T00:01:32.228231+00:00,XRP,XRPUSDT,strategy-lab-v1.0.0:V2_MR_REWARD,10000.0,False,1784415600000,0
2026-07-19T00:01:32.228231+00:00,DOGE,DOGEUSDT,strategy-lab-v1.0.0:V2_MR_REWARD,10000.0,False,1784415600000,0
2026-07-19T00:01:32.228231+00:00,NEAR,NEARUSDT,strategy-lab-v1.0.0:V2_MR_REWARD,10000.0,False,1784415600000,0
2026-07-19T00:01:32.228231+00:00,BNB,BNBUSDT,strategy-lab-v1.0.0:V2_MR_REWARD,10000.0,False,1784415600000,0
2026-07-19T00:01:32.228231+00:00,PAXG,PAXGUSDT,strategy-lab-v1.0.0:V2_MR_REWARD,10000.0,False,1784415600000,0
2026-07-19T03:41:31.708065+00:00,BTC,BTCUSDT,strategy-lab-v1.0.0:V2_MR_REWARD,10000.0,False,1784430000000,3
2026-07-19T03:41:31.708065+00:00,ETH,ETHUSDT,strategy-lab-v1.0.0:V2_MR_REWARD,9879.07483753555,False,1784430000000,3
2026-07-19T03:41:31.708065+00:00,SOL,SOLUSDT,strategy-lab-v1.0.0:V2_MR_REWARD,10000.0,False,1784430000000,3
2026-07-19T03:41:31.708065+00:00,XRP,XRPUSDT,strategy-lab-v1.0.0:V2_MR_REWARD,10000.0,False,1784430000000,3
2026-07-19T03:41:31.708065+00:00,DOGE,DOGEUSDT,strategy-lab-v1.0.0:V2_MR_REWARD,10000.0,False,1784430000000,3
2026-07-19T03:41:31.708065+00:00,NEAR,NEARUSDT,strategy-lab-v1.0.0:V2_MR_REWARD,10000.0,False,1784430000000,3
2026-07-19T03:41:31.708065+00:00,BNB,BNBUSDT,strategy-lab-v1.0.0:V2_MR_REWARD,10000.0,False,1784430000000,3
2026-07-19T03:41:31.708065+00:00,PAXG,PAXGUSDT,strategy-lab-v1.0.0:V2_MR_REWARD,10000.0,False,1784430000000,3
2026-07-19T06:15:55.912056+00:00,BTC,BTCUSDT,strategy-lab-v1.0.0:V2_MR_REWARD,10000.0,False,1784440800000,5
2026-07-19T06:15:55.912056+00:00,ETH,ETHUSDT,strategy-lab-v1.0.0:V2_MR_REWARD,9879.07483753555,False,1784440800000,5
2026-07-19T06:15:55.912056+00:00,SOL,SOLUSDT,strategy-lab-v1.0.0:V2_MR_REWARD,10000.0,False,1784440800000,5
2026-07-19T06:15:55.912056+00:00,XRP,XRPUSDT,strategy-lab-v1.0.0:V2_MR_REWARD,10000.0,False,1784440800000,5
2026-07-19T06:15:55.912056+00:00,DOGE,DOGEUSDT,strategy-lab-v1.0.0:V2_MR_REWARD,10000.0,False,1784440800000,5
2026-07-19T06:15:55.912056+00:00,NEAR,NEARUSDT,strategy-lab-v1.0.0:V2_MR_REWARD,10000.0,False,1784440800000,5
2026-07-19T06:15:55.912056+00:00,BNB,BNBUSDT,strategy-lab-v1.0.0:V2_MR_REWARD,10000.0,False,1784440800000,5
2026-07-19T06:15:55.912056+00:00,PAXG,PAXGUSDT,strategy-lab-v1.0.0:V2_MR_REWARD,10000.0,False,1784440800000,5
2026-07-19T08:36:16.854597+00:00,BTC,BTCUSDT,strategy-lab-v1.0.0:V2_MR_REWARD,10000.0,False,1784448000000,6
2026-07-19T08:36:16.854597+00:00,ETH,ETHUSDT,strategy-lab-v1.0.0:V2_MR_REWARD,9879.07483753555,False,1784448000000,6
2026-07-19T08:36:16.854597+00:00,SOL,SOLUSDT,strategy-lab-v1.0.0:V2_MR_REWARD,10000.0,False,1784448000000,6
2026-07-19T08:36:16.854597+00:00,XRP,XRPUSDT,strategy-lab-v1.0.0:V2_MR_REWARD,10000.0,False,1784448000000,6
2026-07-19T08:36:16.854597+00:00,DOGE,DOGEUSDT,strategy-lab-v1.0.0:V2_MR_REWARD,10000.0,False,1784448000000,6
2026-07-19T08:36:16.854597+00:00,NEAR,NEARUSDT,strategy-lab-v1.0.0:V2_MR_REWARD,10000.0,False,1784448000000,6
2026-07-19T08:36:16.854597+00:00,BNB,BNBUSDT,strategy-lab-v1.0.0:V2_MR_REWARD,10000.0,False,1784448000000,6
2026-07-19T08:36:16.854597+00:00,PAXG,PAXGUSDT,strategy-lab-v1.0.0:V2_MR_REWARD,10000.0,False,1784448000000,6
2026-07-19T10:11:40.040311+00:00,BTC,BTCUSDT,strategy-lab-v1.0.0:V2_MR_REWARD,10000.0,False,1784455200000,7
2026-07-19T10:11:40.040311+00:00,ETH,ETHUSDT,strategy-lab-v1.0.0:V2_MR_REWARD,9879.07483753555,False,1784455200000,7
2026-07-19T10:11:40.040311+00:00,SOL,SOLUSDT,strategy-lab-v1.0.0:V2_MR_REWARD,10000.0,False,1784455200000,7
2026-07-19T10:11:40.040311+00:00,XRP,XRPUSDT,strategy-lab-v1.0.0:V2_MR_REWARD,10000.0,False,1784455200000,7
2026-07-19T10:11:40.040311+00:00,DOGE,DOGEUSDT,strategy-lab-v1.0.0:V2_MR_REWARD,10000.0,False,1784455200000,7
2026-07-19T10:11:40.040311+00:00,NEAR,NEARUSDT,strategy-lab-v1.0.0:V2_MR_REWARD,10000.0,False,1784455200000,7
2026-07-19T10:11:40.040311+00:00,BNB,BNBUSDT,strategy-lab-v1.0.0:V2_MR_REWARD,10000.0,False,1784455200000,7
2026-07-19T10:11:40.040311+00:00,PAXG,PAXGUSDT,strategy-lab-v1.0.0:V2_MR_REWARD,10000.0,False,1784455200000,7
2026-07-19T10:11:40.040311+00:00,GOLD,XAU/USD,strategy-lab-v1.0.0:V2_MR_REWARD,10000.0,False,0,0
2026-07-19T10:11:40.040311+00:00,SILVER,XAG/USD,strategy-lab-v1.0.0:V2_MR_REWARD,10000.0,False,0,0
2026-07-19T10:11:40.040311+00:00,OIL,WTI/USD,strategy-lab-v1.0.0:V2_MR_REWARD,10000.0,False,0,0
2026-07-19T10:11:40.040311+00:00,GOLD_FUT,GC=F,strategy-lab-v1.0.0:V2_MR_REWARD,10000.0,False,1784318400000,0
2026-07-19T10:11:40.040311+00:00,SILVER_FUT,SI=F,strategy-lab-v1.0.0:V2_MR_REWARD,10000.0,False,1784318400000,0
2026-07-19T10:11:40.040311+00:00,COPPER_FUT,HG=F,strategy-lab-v1.0.0:V2_MR_REWARD,10000.0,False,1784318400000,0
2026-07-19T10:11:40.040311+00:00,OIL_FUT,CL=F,strategy-lab-v1.0.0:V2_MR_REWARD,10000.0,False,1784318400000,0
2026-07-19T10:11:40.040311+00:00,BRENT_FUT,BZ=F,strategy-lab-v1.0.0:V2_MR_REWARD,10000.0,False,1784318400000,0
2026-07-19T10:11:40.040311+00:00,SPY,SPY,strategy-lab-v1.0.0:V2_MR_REWARD,10000.0,False,1784316600000,0
2026-07-19T10:11:40.040311+00:00,QQQ,QQQ,strategy-lab-v1.0.0:V2_MR_REWARD,10000.0,False,1784316600000,0
2026-07-19T10:11:40.040311+00:00,NVDA,NVDA,strategy-lab-v1.0.0:V2_MR_REWARD,10000.0,False,1784316600000,0
2026-07-19T10:11:40.040311+00:00,MSTR,MSTR,strategy-lab-v1.0.0:V2_MR_REWARD,10000.0,False,1784316600000,0
2026-07-19T10:11:40.040311+00:00,COIN,COIN,strategy-lab-v1.0.0:V2_MR_REWARD,10000.0,False,1784316600000,0
2026-07-19T10:11:40.040311+00:00,MARA,MARA,strategy-lab-v1.0.0:V2_MR_REWARD,10000.0,False,1784316600000,0
2026-07-19T10:11:40.040311+00:00,RIOT,RIOT,strategy-lab-v1.0.0:V2_MR_REWARD,10000.0,False,1784316600000,0
2026-07-19T10:11:40.040311+00:00,GLD,GLD,strategy-lab-v1.0.0:V2_MR_REWARD,10000.0,False,1784316600000,0
2026-07-19T10:11:40.040311+00:00,GDX,GDX,strategy-lab-v1.0.0:V2_MR_REWARD,10000.0,False,1784316600000,0
2026-07-19T10:11:40.040311+00:00,NEM,NEM,strategy-lab-v1.0.0:V2_MR_REWARD,10000.0,False,1784316600000,0
2026-07-19T10:11:40.040311+00:00,DXY,DX-Y.NYB,strategy-lab-v1.0.0:V2_MR_REWARD,10000.0,False,1784318400000,0
2026-07-19T10:11:40.040311+00:00,EURUSD,EURUSD=X,strategy-lab-v1.0.0:V2_MR_REWARD,10000.0,False,1784322000000,0
2026-07-19T10:11:40.040311+00:00,GBPUSD,GBPUSD=X,strategy-lab-v1.0.0:V2_MR_REWARD,9966.882750599032,False,1784322000000,0
2026-07-19T10:11:40.040311+00:00,USDJPY,JPY=X,strategy-lab-v1.0.0:V2_MR_REWARD,10000.0,False,1784318400000,0
2026-07-19T10:11:40.040311+00:00,USDCHF,CHF=X,strategy-lab-v1.0.0:V2_MR_REWARD,10000.0,False,1784318400000,0
2026-07-19T10:11:40.040311+00:00,AUDUSD,AUDUSD=X,strategy-lab-v1.0.0:V2_MR_REWARD,10000.0,False,1784322000000,0
2026-07-19T10:11:40.040311+00:00,USDCAD,CAD=X,strategy-lab-v1.0.0:V2_MR_REWARD,10000.0,False,1784322000000,0
2026-07-19T11:29:25.862118+00:00,BTC,BTCUSDT,strategy-lab-v1.0.0:V2_MR_REWARD,10000.0,False,1784458800000,7
2026-07-19T11:29:25.862118+00:00,ETH,ETHUSDT,strategy-lab-v1.0.0:V2_MR_REWARD,9879.07483753555,False,1784458800000,7
2026-07-19T11:29:25.862118+00:00,SOL,SOLUSDT,strategy-lab-v1.0.0:V2_MR_REWARD,10000.0,False,1784458800000,7
2026-07-19T11:29:25.862118+00:00,XRP,XRPUSDT,strategy-lab-v1.0.0:V2_MR_REWARD,10000.0,False,1784458800000,7
2026-07-19T11:29:25.862118+00:00,DOGE,DOGEUSDT,strategy-lab-v1.0.0:V2_MR_REWARD,10000.0,False,1784458800000,7
2026-07-19T11:29:25.862118+00:00,NEAR,NEARUSDT,strategy-lab-v1.0.0:V2_MR_REWARD,10000.0,False,1784458800000,7
2026-07-19T11:29:25.862118+00:00,BNB,BNBUSDT,strategy-lab-v1.0.0:V2_MR_REWARD,10000.0,False,1784458800000,7
2026-07-19T11:29:25.862118+00:00,PAXG,PAXGUSDT,strategy-lab-v1.0.0:V2_MR_REWARD,10000.0,False,1784458800000,7
2026-07-19T11:29:25.862118+00:00,GOLD,XAU/USD,strategy-lab-v1.0.0:V2_MR_REWARD,10000.0,False,0,0
2026-07-19T11:29:25.862118+00:00,SILVER,XAG/USD,strategy-lab-v1.0.0:V2_MR_REWARD,10000.0,False,0,0
2026-07-19T11:29:25.862118+00:00,OIL,WTI/USD,strategy-lab-v1.0.0:V2_MR_REWARD,10000.0,False,0,0
2026-07-19T11:29:25.862118+00:00,GOLD_FUT,GC=F,strategy-lab-v1.0.0:V2_MR_REWARD,10000.0,False,1784318400000,0
2026-07-19T11:29:25.862118+00:00,SILVER_FUT,SI=F,strategy-lab-v1.0.0:V2_MR_REWARD,10000.0,False,1784318400000,0
2026-07-19T11:29:25.862118+00:00,COPPER_FUT,HG=F,strategy-lab-v1.0.0:V2_MR_REWARD,10000.0,False,1784318400000,0
2026-07-19T11:29:25.862118+00:00,OIL_FUT,CL=F,strategy-lab-v1.0.0:V2_MR_REWARD,10000.0,False,1784318400000,0
2026-07-19T11:29:25.862118+00:00,BRENT_FUT,BZ=F,strategy-lab-v1.0.0:V2_MR_REWARD,10000.0,False,1784318400000,0
2026-07-19T11:29:25.862118+00:00,SPY,SPY,strategy-lab-v1.0.0:V2_MR_REWARD,10000.0,False,1784316600000,0
2026-07-19T11:29:25.862118+00:00,QQQ,QQQ,strategy-lab-v1.0.0:V2_MR_REWARD,10000.0,False,1784316600000,0
2026-07-19T11:29:25.862118+00:00,NVDA,NVDA,strategy-lab-v1.0.0:V2_MR_REWARD,10000.0,False,1784316600000,0
2026-07-19T11:29:25.862118+00:00,MSTR,MSTR,strategy-lab-v1.0.0:V2_MR_REWARD,10000.0,False,1784316600000,0
2026-07-19T11:29:25.862118+00:00,COIN,COIN,strategy-lab-v1.0.0:V2_MR_REWARD,10000.0,False,1784316600000,0
2026-07-19T11:29:25.862118+00:00,MARA,MARA,strategy-lab-v1.0.0:V2_MR_REWARD,10000.0,False,1784316600000,0
2026-07-19T11:29:25.862118+00:00,RIOT,RIOT,strategy-lab-v1.0.0:V2_MR_REWARD,10000.0,False,1784316600000,0
2026-07-19T11:29:25.862118+00:00,GLD,GLD,strategy-lab-v1.0.0:V2_MR_REWARD,10000.0,False,1784316600000,0
2026-07-19T11:29:25.862118+00:00,GDX,GDX,strategy-lab-v1.0.0:V2_MR_REWARD,10000.0,False,1784316600000,0
2026-07-19T11:29:25.862118+00:00,NEM,NEM,strategy-lab-v1.0.0:V2_MR_REWARD,10000.0,False,1784316600000,0
2026-07-19T11:29:25.862118+00:00,DXY,DX-Y.NYB,strategy-lab-v1.0.0:V2_MR_REWARD,10000.0,False,1784318400000,0
2026-07-19T11:29:25.862118+00:00,EURUSD,EURUSD=X,strategy-lab-v1.0.0:V2_MR_REWARD,10000.0,False,1784322000000,0
2026-07-19T11:29:25.862118+00:00,GBPUSD,GBPUSD=X,strategy-lab-v1.0.0:V2_MR_REWARD,9966.882750599032,False,1784322000000,0
2026-07-19T11:29:25.862118+00:00,USDJPY,JPY=X,strategy-lab-v1.0.0:V2_MR_REWARD,10000.0,False,1784318400000,0
2026-07-19T11:29:25.862118+00:00,USDCHF,CHF=X,strategy-lab-v1.0.0:V2_MR_REWARD,10000.0,False,1784318400000,0
2026-07-19T11:29:25.862118+00:00,AUDUSD,AUDUSD=X,strategy-lab-v1.0.0:V2_MR_REWARD,10000.0,False,1784322000000,0
2026-07-19T11:29:25.862118+00:00,USDCAD,CAD=X,strategy-lab-v1.0.0:V2_MR_REWARD,10000.0,False,1784322000000,0
2026-07-19T12:28:54.593056+00:00,BTC,BTCUSDT,strategy-lab-v1.0.0:V2_MR_REWARD,10000.0,False,1784462400000,7
2026-07-19T12:28:54.593056+00:00,ETH,ETHUSDT,strategy-lab-v1.0.0:V2_MR_REWARD,9879.07483753555,False,1784462400000,7
2026-07-19T12:28:54.593056+00:00,SOL,SOLUSDT,strategy-lab-v1.0.0:V2_MR_REWARD,10000.0,False,1784462400000,7
2026-07-19T12:28:54.593056+00:00,XRP,XRPUSDT,strategy-lab-v1.0.0:V2_MR_REWARD,10000.0,False,1784462400000,7
2026-07-19T12:28:54.593056+00:00,DOGE,DOGEUSDT,strategy-lab-v1.0.0:V2_MR_REWARD,10000.0,False,1784462400000,7
2026-07-19T12:28:54.593056+00:00,NEAR,NEARUSDT,strategy-lab-v1.0.0:V2_MR_REWARD,10000.0,False,1784462400000,7
2026-07-19T12:28:54.593056+00:00,BNB,BNBUSDT,strategy-lab-v1.0.0:V2_MR_REWARD,10000.0,False,1784462400000,7
2026-07-19T12:28:54.593056+00:00,PAXG,PAXGUSDT,strategy-lab-v1.0.0:V2_MR_REWARD,10000.0,False,1784462400000,7
2026-07-19T12:28:54.593056+00:00,GOLD,XAU/USD,strategy-lab-v1.0.0:V2_MR_REWARD,10000.0,False,0,0
2026-07-19T12:28:54.593056+00:00,SILVER,XAG/USD,strategy-lab-v1.0.0:V2_MR_REWARD,10000.0,False,0,0
2026-07-19T12:28:54.593056+00:00,OIL,WTI/USD,strategy-lab-v1.0.0:V2_MR_REWARD,10000.0,False,0,0
2026-07-19T12:28:54.593056+00:00,GOLD_FUT,GC=F,strategy-lab-v1.0.0:V2_MR_REWARD,10000.0,False,1784318400000,0
2026-07-19T12:28:54.593056+00:00,SILVER_FUT,SI=F,strategy-lab-v1.0.0:V2_MR_REWARD,10000.0,False,1784318400000,0
2026-07-19T12:28:54.593056+00:00,COPPER_FUT,HG=F,strategy-lab-v1.0.0:V2_MR_REWARD,10000.0,False,1784318400000,0
2026-07-19T12:28:54.593056+00:00,OIL_FUT,CL=F,strategy-lab-v1.0.0:V2_MR_REWARD,10000.0,False,1784318400000,0
2026-07-19T12:28:54.593056+00:00,BRENT_FUT,BZ=F,strategy-lab-v1.0.0:V2_MR_REWARD,10000.0,False,1784318400000,0
2026-07-19T12:28:54.593056+00:00,SPY,SPY,strategy-lab-v1.0.0:V2_MR_REWARD,10000.0,False,1784316600000,0
2026-07-19T12:28:54.593056+00:00,QQQ,QQQ,strategy-lab-v1.0.0:V2_MR_REWARD,10000.0,False,1784316600000,0
2026-07-19T12:28:54.593056+00:00,NVDA,NVDA,strategy-lab-v1.0.0:V2_MR_REWARD,10000.0,False,1784316600000,0
2026-07-19T12:28:54.593056+00:00,MSTR,MSTR,strategy-lab-v1.0.0:V2_MR_REWARD,10000.0,False,1784316600000,0
2026-07-19T12:28:54.593056+00:00,COIN,COIN,strategy-lab-v1.0.0:V2_MR_REWARD,10000.0,False,1784316600000,0
2026-07-19T12:28:54.593056+00:00,MARA,MARA,strategy-lab-v1.0.0:V2_MR_REWARD,10000.0,False,1784316600000,0
2026-07-19T12:28:54.593056+00:00,RIOT,RIOT,strategy-lab-v1.0.0:V2_MR_REWARD,10000.0,False,1784316600000,0
2026-07-19T12:28:54.593056+00:00,GLD,GLD,strategy-lab-v1.0.0:V2_MR_REWARD,10000.0,False,1784316600000,0
2026-07-19T12:28:54.593056+00:00,GDX,GDX,strategy-lab-v1.0.0:V2_MR_REWARD,10000.0,False,1784316600000,0
2026-07-19T12:28:54.593056+00:00,NEM,NEM,strategy-lab-v1.0.0:V2_MR_REWARD,10000.0,False,1784316600000,0
2026-07-19T12:28:54.593056+00:00,DXY,DX-Y.NYB,strategy-lab-v1.0.0:V2_MR_REWARD,10000.0,False,1784318400000,0
2026-07-19T12:28:54.593056+00:00,EURUSD,EURUSD=X,strategy-lab-v1.0.0:V2_MR_REWARD,10000.0,False,1784322000000,0
2026-07-19T12:28:54.593056+00:00,GBPUSD,GBPUSD=X,strategy-lab-v1.0.0:V2_MR_REWARD,9966.882750599032,False,1784322000000,0
2026-07-19T12:28:54.593056+00:00,USDJPY,JPY=X,strategy-lab-v1.0.0:V2_MR_REWARD,10000.0,False,1784318400000,0
2026-07-19T12:28:54.593056+00:00,USDCHF,CHF=X,strategy-lab-v1.0.0:V2_MR_REWARD,10000.0,False,1784318400000,0
2026-07-19T12:28:54.593056+00:00,AUDUSD,AUDUSD=X,strategy-lab-v1.0.0:V2_MR_REWARD,10000.0,False,1784322000000,0
2026-07-19T12:28:54.593056+00:00,USDCAD,CAD=X,strategy-lab-v1.0.0:V2_MR_REWARD,10000.0,False,1784322000000,0
2026-07-19T14:03:00.488269+00:00,BTC,BTCUSDT,strategy-lab-v1.0.0:V2_MR_REWARD,10000.0,False,1784469600000,8
2026-07-19T14:03:00.488269+00:00,SOL,SOLUSDT,strategy-lab-v1.0.0:V2_MR_REWARD,10000.0,False,1784466000000,7
2026-07-19T14:03:00.488269+00:00,XRP,XRPUSDT,strategy-lab-v1.0.0:V2_MR_REWARD,10000.0,False,1784469600000,8
2026-07-19T14:03:00.488269+00:00,DOGE,DOGEUSDT,strategy-lab-v1.0.0:V2_MR_REWARD,10000.0,False,1784466000000,7
2026-07-19T14:03:00.488269+00:00,BNB,BNBUSDT,strategy-lab-v1.0.0:V2_MR_REWARD,10000.0,False,1784466000000,7
2026-07-19T14:03:00.488269+00:00,PAXG,PAXGUSDT,strategy-lab-v1.0.0:V2_MR_REWARD,10000.0,False,1784466000000,7
2026-07-19T14:03:00.488269+00:00,GOLD,XAU/USD,strategy-lab-v1.0.0:V2_MR_REWARD,10000.0,False,0,0
2026-07-19T14:03:00.488269+00:00,SILVER,XAG/USD,strategy-lab-v1.0.0:V2_MR_REWARD,10000.0,False,0,0
2026-07-19T14:03:00.488269+00:00,OIL,WTI/USD,strategy-lab-v1.0.0:V2_MR_REWARD,10000.0,False,0,0
2026-07-19T14:03:00.488269+00:00,GOLD_FUT,GC=F,strategy-lab-v1.0.0:V2_MR_REWARD,10000.0,False,1784318400000,0
2026-07-19T14:03:00.488269+00:00,SILVER_FUT,SI=F,strategy-lab-v1.0.0:V2_MR_REWARD,10000.0,False,1784318400000,0
2026-07-19T14:03:00.488269+00:00,OIL_FUT,CL=F,strategy-lab-v1.0.0:V2_MR_REWARD,10000.0,False,1784318400000,0
2026-07-19T14:03:00.488269+00:00,BRENT_FUT,BZ=F,strategy-lab-v1.0.0:V2_MR_REWARD,10000.0,False,1784318400000,0
2026-07-19T14:03:00.488269+00:00,SPY,SPY,strategy-lab-v1.0.0:V2_MR_REWARD,10000.0,False,1784316600000,0
2026-07-19T14:03:00.488269+00:00,QQQ,QQQ,strategy-lab-v1.0.0:V2_MR_REWARD,10000.0,False,1784316600000,0
2026-07-19T14:03:00.488269+00:00,NVDA,NVDA,strategy-lab-v1.0.0:V2_MR_REWARD,10000.0,False,1784316600000,0
2026-07-19T14:03:00.488269+00:00,MSTR,MSTR,strategy-lab-v1.0.0:V2_MR_REWARD,10000.0,False,1784316600000,0
2026-07-19T14:03:00.488269+00:00,COIN,COIN,strategy-lab-v1.0.0:V2_MR_REWARD,10000.0,False,1784316600000,0
2026-07-19T14:03:00.488269+00:00,MARA,MARA,strategy-lab-v1.0.0:V2_MR_REWARD,10000.0,False,1784316600000,0
2026-07-19T14:03:00.488269+00:00,RIOT,RIOT,strategy-lab-v1.0.0:V2_MR_REWARD,10000.0,False,1784316600000,0
2026-07-19T14:03:00.488269+00:00,GLD,GLD,strategy-lab-v1.0.0:V2_MR_REWARD,10000.0,False,1784316600000,0
2026-07-19T14:03:00.488269+00:00,GDX,GDX,strategy-lab-v1.0.0:V2_MR_REWARD,10000.0,False,1784316600000,0
2026-07-19T14:03:00.488269+00:00,NEM,NEM,strategy-lab-v1.0.0:V2_MR_REWARD,10000.0,False,1784316600000,0
2026-07-19T14:03:00.488269+00:00,DXY,DX-Y.NYB,strategy-lab-v1.0.0:V2_MR_REWARD,10000.0,False,1784318400000,0
2026-07-19T14:03:00.488269+00:00,USDJPY,JPY=X,strategy-lab-v1.0.0:V2_MR_REWARD,10000.0,False,1784318400000,0
2026-07-19T14:03:00.488269+00:00,USDCHF,CHF=X,strategy-lab-v1.0.0:V2_MR_REWARD,10000.0,False,1784318400000,0
2026-07-19T14:03:00.488269+00:00,USDCAD,CAD=X,strategy-lab-v1.0.0:V2_MR_REWARD,10000.0,False,1784322000000,0
2026-07-19T15:07:19.173085+00:00,BTC,BTCUSDT,strategy-lab-v1.0.0:V2_MR_REWARD,10000.0,False,1784473200000,8
2026-07-19T15:07:19.173085+00:00,SOL,SOLUSDT,strategy-lab-v1.0.0:V2_MR_REWARD,10000.0,False,1784473200000,8
2026-07-19T15:07:19.173085+00:00,XRP,XRPUSDT,strategy-lab-v1.0.0:V2_MR_REWARD,10000.0,False,1784473200000,8
2026-07-19T15:07:19.173085+00:00,DOGE,DOGEUSDT,strategy-lab-v1.0.0:V2_MR_REWARD,10000.0,False,1784473200000,8
2026-07-19T15:07:19.173085+00:00,BNB,BNBUSDT,strategy-lab-v1.0.0:V2_MR_REWARD,10000.0,False,1784473200000,8
2026-07-19T15:07:19.173085+00:00,PAXG,PAXGUSDT,strategy-lab-v1.0.0:V2_MR_REWARD,10000.0,False,1784473200000,8
2026-07-19T15:07:19.173085+00:00,GOLD,XAU/USD,strategy-lab-v1.0.0:V2_MR_REWARD,10000.0,False,0,0
2026-07-19T15:07:19.173085+00:00,SILVER,XAG/USD,strategy-lab-v1.0.0:V2_MR_REWARD,10000.0,False,0,0
2026-07-19T15:07:19.173085+00:00,OIL,WTI/USD,strategy-lab-v1.0.0:V2_MR_REWARD,10000.0,False,0,0
2026-07-19T15:07:19.173085+00:00,GOLD_FUT,GC=F,strategy-lab-v1.0.0:V2_MR_REWARD,10000.0,False,1784318400000,0
2026-07-19T15:07:19.173085+00:00,SILVER_FUT,SI=F,strategy-lab-v1.0.0:V2_MR_REWARD,10000.0,False,1784318400000,0
2026-07-19T15:07:19.173085+00:00,OIL_FUT,CL=F,strategy-lab-v1.0.0:V2_MR_REWARD,10000.0,False,1784318400000,0
2026-07-19T15:07:19.173085+00:00,BRENT_FUT,BZ=F,strategy-lab-v1.0.0:V2_MR_REWARD,10000.0,False,1784318400000,0
2026-07-19T15:07:19.173085+00:00,SPY,SPY,strategy-lab-v1.0.0:V2_MR_REWARD,10000.0,False,1784316600000,0
2026-07-19T15:07:19.173085+00:00,QQQ,QQQ,strategy-lab-v1.0.0:V2_MR_REWARD,10000.0,False,1784316600000,0
2026-07-19T15:07:19.173085+00:00,NVDA,NVDA,strategy-lab-v1.0.0:V2_MR_REWARD,10000.0,False,1784316600000,0
2026-07-19T15:07:19.173085+00:00,MSTR,MSTR,strategy-lab-v1.0.0:V2_MR_REWARD,10000.0,False,1784316600000,0
2026-07-19T15:07:19.173085+00:00,COIN,COIN,strategy-lab-v1.0.0:V2_MR_REWARD,10000.0,False,1784316600000,0
2026-07-19T15:07:19.173085+00:00,MARA,MARA,strategy-lab-v1.0.0:V2_MR_REWARD,10000.0,False,1784316600000,0
2026-07-19T15:07:19.173085+00:00,RIOT,RIOT,strategy-lab-v1.0.0:V2_MR_REWARD,10000.0,False,1784316600000,0
2026-07-19T15:07:19.173085+00:00,GLD,GLD,strategy-lab-v1.0.0:V2_MR_REWARD,10000.0,False,1784316600000,0
2026-07-19T15:07:19.173085+00:00,GDX,GDX,strategy-lab-v1.0.0:V2_MR_REWARD,10000.0,False,1784316600000,0
2026-07-19T15:07:19.173085+00:00,NEM,NEM,strategy-lab-v1.0.0:V2_MR_REWARD,10000.0,False,1784316600000,0
2026-07-19T15:07:19.173085+00:00,DXY,DX-Y.NYB,strategy-lab-v1.0.0:V2_MR_REWARD,10000.0,False,1784318400000,0
2026-07-19T15:07:19.173085+00:00,USDJPY,JPY=X,strategy-lab-v1.0.0:V2_MR_REWARD,10000.0,False,1784318400000,0
2026-07-19T15:07:19.173085+00:00,USDCHF,CHF=X,strategy-lab-v1.0.0:V2_MR_REWARD,10000.0,False,1784318400000,0
2026-07-19T15:07:19.173085+00:00,USDCAD,CAD=X,strategy-lab-v1.0.0:V2_MR_REWARD,10000.0,False,1784322000000,0
2026-07-19T16:08:02.507928+00:00,BTC,BTCUSDT,strategy-lab-v1.0.0:V2_MR_REWARD,10000.0,False,1784476800000,8
2026-07-19T16:08:02.507928+00:00,SOL,SOLUSDT,strategy-lab-v1.0.0:V2_MR_REWARD,10000.0,False,1784476800000,8
2026-07-19T16:08:02.507928+00:00,XRP,XRPUSDT,strategy-lab-v1.0.0:V2_MR_REWARD,10000.0,False,1784476800000,8
2026-07-19T16:08:02.507928+00:00,DOGE,DOGEUSDT,strategy-lab-v1.0.0:V2_MR_REWARD,10000.0,False,1784476800000,8
2026-07-19T16:08:02.507928+00:00,BNB,BNBUSDT,strategy-lab-v1.0.0:V2_MR_REWARD,10000.0,False,1784476800000,8
2026-07-19T16:08:02.507928+00:00,PAXG,PAXGUSDT,strategy-lab-v1.0.0:V2_MR_REWARD,10000.0,False,1784476800000,8
2026-07-19T16:08:02.507928+00:00,GOLD,XAU/USD,strategy-lab-v1.0.0:V2_MR_REWARD,10000.0,False,0,0
2026-07-19T16:08:02.507928+00:00,SILVER,XAG/USD,strategy-lab-v1.0.0:V2_MR_REWARD,10000.0,False,0,0
2026-07-19T16:08:02.507928+00:00,OIL,WTI/USD,strategy-lab-v1.0.0:V2_MR_REWARD,10000.0,False,0,0
2026-07-19T16:08:02.507928+00:00,GOLD_FUT,GC=F,strategy-lab-v1.0.0:V2_MR_REWARD,10000.0,False,1784318400000,0
2026-07-19T16:08:02.507928+00:00,SILVER_FUT,SI=F,strategy-lab-v1.0.0:V2_MR_REWARD,10000.0,False,1784318400000,0
2026-07-19T16:08:02.507928+00:00,OIL_FUT,CL=F,strategy-lab-v1.0.0:V2_MR_REWARD,10000.0,False,1784318400000,0
2026-07-19T16:08:02.507928+00:00,BRENT_FUT,BZ=F,strategy-lab-v1.0.0:V2_MR_REWARD,10000.0,False,1784318400000,0
2026-07-19T16:08:02.507928+00:00,SPY,SPY,strategy-lab-v1.0.0:V2_MR_REWARD,10000.0,False,1784316600000,0
2026-07-19T16:08:02.507928+00:00,QQQ,QQQ,strategy-lab-v1.0.0:V2_MR_REWARD,10000.0,False,1784316600000,0
2026-07-19T16:08:02.507928+00:00,NVDA,NVDA,strategy-lab-v1.0.0:V2_MR_REWARD,10000.0,False,1784316600000,0
2026-07-19T16:08:02.507928+00:00,MSTR,MSTR,strategy-lab-v1.0.0:V2_MR_REWARD,10000.0,False,1784316600000,0
2026-07-19T16:08:02.507928+00:00,COIN,COIN,strategy-lab-v1.0.0:V2_MR_REWARD,10000.0,False,1784316600000,0
2026-07-19T16:08:02.507928+00:00,MARA,MARA,strategy-lab-v1.0.0:V2_MR_REWARD,10000.0,False,1784316600000,0
2026-07-19T16:08:02.507928+00:00,RIOT,RIOT,strategy-lab-v1.0.0:V2_MR_REWARD,10000.0,False,1784316600000,0
2026-07-19T16:08:02.507928+00:00,GLD,GLD,strategy-lab-v1.0.0:V2_MR_REWARD,10000.0,False,1784316600000,0
2026-07-19T16:08:02.507928+00:00,GDX,GDX,strategy-lab-v1.0.0:V2_MR_REWARD,10000.0,False,1784316600000,0
2026-07-19T16:08:02.507928+00:00,NEM,NEM,strategy-lab-v1.0.0:V2_MR_REWARD,10000.0,False,1784316600000,0
2026-07-19T16:08:02.507928+00:00,DXY,DX-Y.NYB,strategy-lab-v1.0.0:V2_MR_REWARD,10000.0,False,1784318400000,0
2026-07-19T16:08:02.507928+00:00,USDJPY,JPY=X,strategy-lab-v1.0.0:V2_MR_REWARD,10000.0,False,1784318400000,0
2026-07-19T16:08:02.507928+00:00,USDCHF,CHF=X,strategy-lab-v1.0.0:V2_MR_REWARD,10000.0,False,1784318400000,0
2026-07-19T16:08:02.507928+00:00,USDCAD,CAD=X,strategy-lab-v1.0.0:V2_MR_REWARD,10000.0,False,1784322000000,0
2026-07-19T17:13:09.394101+00:00,BTC,BTCUSDT,strategy-lab-v1.0.0:V2_MR_REWARD,10000.0,False,1784480400000,8
2026-07-19T17:13:09.394101+00:00,SOL,SOLUSDT,strategy-lab-v1.0.0:V2_MR_REWARD,10000.0,False,1784480400000,8
2026-07-19T17:13:09.394101+00:00,XRP,XRPUSDT,strategy-lab-v1.0.0:V2_MR_REWARD,10000.0,False,1784480400000,8
2026-07-19T17:13:09.394101+00:00,DOGE,DOGEUSDT,strategy-lab-v1.0.0:V2_MR_REWARD,10000.0,False,1784480400000,8
2026-07-19T17:13:09.394101+00:00,BNB,BNBUSDT,strategy-lab-v1.0.0:V2_MR_REWARD,10000.0,False,1784480400000,8
2026-07-19T17:13:09.394101+00:00,PAXG,PAXGUSDT,strategy-lab-v1.0.0:V2_MR_REWARD,10000.0,False,1784480400000,8
2026-07-19T17:13:09.394101+00:00,GOLD,XAU/USD,strategy-lab-v1.0.0:V2_MR_REWARD,10000.0,False,0,0
2026-07-19T17:13:09.394101+00:00,SILVER,XAG/USD,strategy-lab-v1.0.0:V2_MR_REWARD,10000.0,False,0,0
2026-07-19T17:13:09.394101+00:00,OIL,WTI/USD,strategy-lab-v1.0.0:V2_MR_REWARD,10000.0,False,0,0
2026-07-19T17:13:09.394101+00:00,GOLD_FUT,GC=F,strategy-lab-v1.0.0:V2_MR_REWARD,10000.0,False,1784318400000,0
2026-07-19T17:13:09.394101+00:00,SILVER_FUT,SI=F,strategy-lab-v1.0.0:V2_MR_REWARD,10000.0,False,1784318400000,0
2026-07-19T17:13:09.394101+00:00,OIL_FUT,CL=F,strategy-lab-v1.0.0:V2_MR_REWARD,10000.0,False,1784318400000,0
2026-07-19T17:13:09.394101+00:00,BRENT_FUT,BZ=F,strategy-lab-v1.0.0:V2_MR_REWARD,10000.0,False,1784318400000,0
2026-07-19T17:13:09.394101+00:00,SPY,SPY,strategy-lab-v1.0.0:V2_MR_REWARD,10000.0,False,1784316600000,0
2026-07-19T17:13:09.394101+00:00,QQQ,QQQ,strategy-lab-v1.0.0:V2_MR_REWARD,10000.0,False,1784316600000,0
2026-07-19T17:13:09.394101+00:00,NVDA,NVDA,strategy-lab-v1.0.0:V2_MR_REWARD,10000.0,False,1784316600000,0
2026-07-19T17:13:09.394101+00:00,MSTR,MSTR,strategy-lab-v1.0.0:V2_MR_REWARD,10000.0,False,1784316600000,0
2026-07-19T17:13:09.394101+00:00,COIN,COIN,strategy-lab-v1.0.0:V2_MR_REWARD,10000.0,False,1784316600000,0
2026-07-19T17:13:09.394101+00:00,MARA,MARA,strategy-lab-v1.0.0:V2_MR_REWARD,10000.0,False,1784316600000,0
2026-07-19T17:13:09.394101+00:00,RIOT,RIOT,strategy-lab-v1.0.0:V2_MR_REWARD,10000.0,False,1784316600000,0
2026-07-19T17:13:09.394101+00:00,GLD,GLD,strategy-lab-v1.0.0:V2_MR_REWARD,10000.0,False,1784316600000,0
2026-07-19T17:13:09.394101+00:00,GDX,GDX,strategy-lab-v1.0.0:V2_MR_REWARD,10000.0,False,1784316600000,0
2026-07-19T17:13:09.394101+00:00,NEM,NEM,strategy-lab-v1.0.0:V2_MR_REWARD,10000.0,False,1784316600000,0
2026-07-19T17:13:09.394101+00:00,DXY,DX-Y.NYB,strategy-lab-v1.0.0:V2_MR_REWARD,10000.0,False,1784318400000,0
2026-07-19T17:13:09.394101+00:00,USDJPY,JPY=X,strategy-lab-v1.0.0:V2_MR_REWARD,10000.0,False,1784318400000,0
2026-07-19T17:13:09.394101+00:00,USDCHF,CHF=X,strategy-lab-v1.0.0:V2_MR_REWARD,10000.0,False,1784318400000,0
2026-07-19T17:13:09.394101+00:00,USDCAD,CAD=X,strategy-lab-v1.0.0:V2_MR_REWARD,10000.0,False,1784322000000,0
2026-07-19T18:09:11.999343+00:00,BTC,BTCUSDT,strategy-lab-v1.0.0:V2_MR_REWARD,10000.0,False,1784484000000,8
2026-07-19T18:09:11.999343+00:00,SOL,SOLUSDT,strategy-lab-v1.0.0:V2_MR_REWARD,10000.0,False,1784484000000,8
2026-07-19T18:09:11.999343+00:00,XRP,XRPUSDT,strategy-lab-v1.0.0:V2_MR_REWARD,10000.0,False,1784484000000,8
2026-07-19T18:09:11.999343+00:00,DOGE,DOGEUSDT,strategy-lab-v1.0.0:V2_MR_REWARD,10000.0,False,1784484000000,8
2026-07-19T18:09:11.999343+00:00,BNB,BNBUSDT,strategy-lab-v1.0.0:V2_MR_REWARD,10000.0,False,1784484000000,8
2026-07-19T18:09:11.999343+00:00,PAXG,PAXGUSDT,strategy-lab-v1.0.0:V2_MR_REWARD,10000.0,False,1784480400000,8
2026-07-19T18:09:11.999343+00:00,GOLD,XAU/USD,strategy-lab-v1.0.0:V2_MR_REWARD,10000.0,False,1784484000000,0
2026-07-19T18:09:11.999343+00:00,SILVER,XAG/USD,strategy-lab-v1.0.0:V2_MR_REWARD,10000.0,False,0,0
2026-07-19T18:09:11.999343+00:00,OIL,WTI/USD,strategy-lab-v1.0.0:V2_MR_REWARD,10000.0,False,0,0
2026-07-19T18:09:11.999343+00:00,GOLD_FUT,GC=F,strategy-lab-v1.0.0:V2_MR_REWARD,10000.0,False,1784318400000,0
2026-07-19T18:09:11.999343+00:00,SILVER_FUT,SI=F,strategy-lab-v1.0.0:V2_MR_REWARD,10000.0,False,1784318400000,0
2026-07-19T18:09:11.999343+00:00,OIL_FUT,CL=F,strategy-lab-v1.0.0:V2_MR_REWARD,10000.0,False,1784318400000,0
2026-07-19T18:09:11.999343+00:00,BRENT_FUT,BZ=F,strategy-lab-v1.0.0:V2_MR_REWARD,10000.0,False,1784318400000,0
2026-07-19T18:09:11.999343+00:00,SPY,SPY,strategy-lab-v1.0.0:V2_MR_REWARD,10000.0,False,1784316600000,0
2026-07-19T18:09:11.999343+00:00,QQQ,QQQ,strategy-lab-v1.0.0:V2_MR_REWARD,10000.0,False,1784316600000,0
2026-07-19T18:09:11.999343+00:00,NVDA,NVDA,strategy-lab-v1.0.0:V2_MR_REWARD,10000.0,False,1784316600000,0
2026-07-19T18:09:11.999343+00:00,MSTR,MSTR,strategy-lab-v1.0.0:V2_MR_REWARD,10000.0,False,1784316600000,0
2026-07-19T18:09:11.999343+00:00,COIN,COIN,strategy-lab-v1.0.0:V2_MR_REWARD,10000.0,False,1784316600000,0
2026-07-19T18:09:11.999343+00:00,MARA,MARA,strategy-lab-v1.0.0:V2_MR_REWARD,10000.0,False,1784316600000,0
2026-07-19T18:09:11.999343+00:00,RIOT,RIOT,strategy-lab-v1.0.0:V2_MR_REWARD,10000.0,False,1784316600000,0
2026-07-19T18:09:11.999343+00:00,GLD,GLD,strategy-lab-v1.0.0:V2_MR_REWARD,10000.0,False,1784316600000,0
2026-07-19T18:09:11.999343+00:00,GDX,GDX,strategy-lab-v1.0.0:V2_MR_REWARD,10000.0,False,1784316600000,0
2026-07-19T18:09:11.999343+00:00,NEM,NEM,strategy-lab-v1.0.0:V2_MR_REWARD,10000.0,False,1784316600000,0
2026-07-19T18:09:11.999343+00:00,DXY,DX-Y.NYB,strategy-lab-v1.0.0:V2_MR_REWARD,10000.0,False,1784318400000,0
2026-07-19T18:09:11.999343+00:00,USDJPY,JPY=X,strategy-lab-v1.0.0:V2_MR_REWARD,10000.0,False,1784318400000,0
2026-07-19T18:09:11.999343+00:00,USDCHF,CHF=X,strategy-lab-v1.0.0:V2_MR_REWARD,10000.0,False,1784318400000,0
2026-07-19T18:09:11.999343+00:00,USDCAD,CAD=X,strategy-lab-v1.0.0:V2_MR_REWARD,10000.0,False,1784322000000,0
2026-07-19T19:29:57.947012+00:00,BTC,BTCUSDT,strategy-lab-v1.0.0:V2_MR_REWARD,10000.0,False,1784487600000,8
2026-07-19T19:29:57.947012+00:00,SOL,SOLUSDT,strategy-lab-v1.0.0:V2_MR_REWARD,10000.0,False,1784487600000,8
2026-07-19T19:29:57.947012+00:00,XRP,XRPUSDT,strategy-lab-v1.0.0:V2_MR_REWARD,10000.0,False,1784487600000,8
2026-07-19T19:29:57.947012+00:00,DOGE,DOGEUSDT,strategy-lab-v1.0.0:V2_MR_REWARD,10000.0,False,1784487600000,8
2026-07-19T19:29:57.947012+00:00,BNB,BNBUSDT,strategy-lab-v1.0.0:V2_MR_REWARD,10000.0,False,1784487600000,8
2026-07-19T19:29:57.947012+00:00,PAXG,PAXGUSDT,strategy-lab-v1.0.0:V2_MR_REWARD,10000.0,False,1784487600000,9
2026-07-19T19:29:57.947012+00:00,GOLD,XAU/USD,strategy-lab-v1.0.0:V2_MR_REWARD,10000.0,False,1784484000000,0
2026-07-19T19:29:57.947012+00:00,SILVER,XAG/USD,strategy-lab-v1.0.0:V2_MR_REWARD,10000.0,False,0,0
2026-07-19T19:29:57.947012+00:00,OIL,WTI/USD,strategy-lab-v1.0.0:V2_MR_REWARD,10000.0,False,0,0
2026-07-19T19:29:57.947012+00:00,GOLD_FUT,GC=F,strategy-lab-v1.0.0:V2_MR_REWARD,10000.0,False,1784318400000,0
2026-07-19T19:29:57.947012+00:00,SILVER_FUT,SI=F,strategy-lab-v1.0.0:V2_MR_REWARD,10000.0,False,1784318400000,0
2026-07-19T19:29:57.947012+00:00,OIL_FUT,CL=F,strategy-lab-v1.0.0:V2_MR_REWARD,10000.0,False,1784318400000,0
2026-07-19T19:29:57.947012+00:00,BRENT_FUT,BZ=F,strategy-lab-v1.0.0:V2_MR_REWARD,10000.0,False,1784318400000,0
2026-07-19T19:29:57.947012+00:00,SPY,SPY,strategy-lab-v1.0.0:V2_MR_REWARD,10000.0,False,1784316600000,0
2026-07-19T19:29:57.947012+00:00,QQQ,QQQ,strategy-lab-v1.0.0:V2_MR_REWARD,10000.0,False,1784316600000,0
2026-07-19T19:29:57.947012+00:00,NVDA,NVDA,strategy-lab-v1.0.0:V2_MR_REWARD,10000.0,False,1784316600000,0
2026-07-19T19:29:57.947012+00:00,MSTR,MSTR,strategy-lab-v1.0.0:V2_MR_REWARD,10000.0,False,1784316600000,0
2026-07-19T19:29:57.947012+00:00,COIN,COIN,strategy-lab-v1.0.0:V2_MR_REWARD,10000.0,False,1784316600000,0
2026-07-19T19:29:57.947012+00:00,MARA,MARA,strategy-lab-v1.0.0:V2_MR_REWARD,10000.0,False,1784316600000,0
2026-07-19T19:29:57.947012+00:00,RIOT,RIOT,strategy-lab-v1.0.0:V2_MR_REWARD,10000.0,False,1784316600000,0
2026-07-19T19:29:57.947012+00:00,GLD,GLD,strategy-lab-v1.0.0:V2_MR_REWARD,10000.0,False,1784316600000,0
2026-07-19T19:29:57.947012+00:00,GDX,GDX,strategy-lab-v1.0.0:V2_MR_REWARD,10000.0,False,1784316600000,0
2026-07-19T19:29:57.947012+00:00,NEM,NEM,strategy-lab-v1.0.0:V2_MR_REWARD,10000.0,False,1784316600000,0
2026-07-19T19:29:57.947012+00:00,DXY,DX-Y.NYB,strategy-lab-v1.0.0:V2_MR_REWARD,10000.0,False,1784318400000,0
2026-07-19T19:29:57.947012+00:00,USDJPY,JPY=X,strategy-lab-v1.0.0:V2_MR_REWARD,10000.0,False,1784318400000,0
2026-07-19T19:29:57.947012+00:00,USDCHF,CHF=X,strategy-lab-v1.0.0:V2_MR_REWARD,10000.0,False,1784318400000,0
2026-07-19T19:29:57.947012+00:00,USDCAD,CAD=X,strategy-lab-v1.0.0:V2_MR_REWARD,10000.0,False,1784322000000,0
2026-07-19T20:25:01.244839+00:00,BTC,BTCUSDT,strategy-lab-v1.0.0:V2_MR_REWARD,10000.0,False,1784491200000,8
2026-07-19T20:25:01.244839+00:00,SOL,SOLUSDT,strategy-lab-v1.0.0:V2_MR_REWARD,10000.0,False,1784491200000,8
2026-07-19T20:25:01.244839+00:00,XRP,XRPUSDT,strategy-lab-v1.0.0:V2_MR_REWARD,10000.0,False,1784491200000,8
2026-07-19T20:25:01.244839+00:00,DOGE,DOGEUSDT,strategy-lab-v1.0.0:V2_MR_REWARD,10000.0,False,1784491200000,8
2026-07-19T20:25:01.244839+00:00,BNB,BNBUSDT,strategy-lab-v1.0.0:V2_MR_REWARD,10000.0,False,1784491200000,8
2026-07-19T20:25:01.244839+00:00,PAXG,PAXGUSDT,strategy-lab-v1.0.0:V2_MR_REWARD,10000.0,False,1784491200000,9
2026-07-19T20:25:01.244839+00:00,GOLD,XAU/USD,strategy-lab-v1.0.0:V2_MR_REWARD,10000.0,False,1784484000000,0
2026-07-19T20:25:01.244839+00:00,SILVER,XAG/USD,strategy-lab-v1.0.0:V2_MR_REWARD,10000.0,False,0,0
2026-07-19T20:25:01.244839+00:00,OIL,WTI/USD,strategy-lab-v1.0.0:V2_MR_REWARD,10000.0,False,0,0
2026-07-19T20:25:01.244839+00:00,GOLD_FUT,GC=F,strategy-lab-v1.0.0:V2_MR_REWARD,10000.0,False,1784318400000,0
2026-07-19T20:25:01.244839+00:00,SILVER_FUT,SI=F,strategy-lab-v1.0.0:V2_MR_REWARD,10000.0,False,1784318400000,0
2026-07-19T20:25:01.244839+00:00,OIL_FUT,CL=F,strategy-lab-v1.0.0:V2_MR_REWARD,10000.0,False,1784318400000,0
2026-07-19T20:25:01.244839+00:00,BRENT_FUT,BZ=F,strategy-lab-v1.0.0:V2_MR_REWARD,10000.0,False,1784318400000,0
2026-07-19T20:25:01.244839+00:00,SPY,SPY,strategy-lab-v1.0.0:V2_MR_REWARD,10000.0,False,1784316600000,0
2026-07-19T20:25:01.244839+00:00,QQQ,QQQ,strategy-lab-v1.0.0:V2_MR_REWARD,10000.0,False,1784316600000,0
2026-07-19T20:25:01.244839+00:00,NVDA,NVDA,strategy-lab-v1.0.0:V2_MR_REWARD,10000.0,False,1784316600000,0
2026-07-19T20:25:01.244839+00:00,MSTR,MSTR,strategy-lab-v1.0.0:V2_MR_REWARD,10000.0,False,1784316600000,0
2026-07-19T20:25:01.244839+00:00,COIN,COIN,strategy-lab-v1.0.0:V2_MR_REWARD,10000.0,False,1784316600000,0
2026-07-19T20:25:01.244839+00:00,MARA,MARA,strategy-lab-v1.0.0:V2_MR_REWARD,10000.0,False,1784316600000,0
2026-07-19T20:25:01.244839+00:00,RIOT,RIOT,strategy-lab-v1.0.0:V2_MR_REWARD,10000.0,False,1784316600000,0
2026-07-19T20:25:01.244839+00:00,GLD,GLD,strategy-lab-v1.0.0:V2_MR_REWARD,10000.0,False,1784316600000,0
2026-07-19T20:25:01.244839+00:00,GDX,GDX,strategy-lab-v1.0.0:V2_MR_REWARD,10000.0,False,1784316600000,0
2026-07-19T20:25:01.244839+00:00,NEM,NEM,strategy-lab-v1.0.0:V2_MR_REWARD,10000.0,False,1784316600000,0
2026-07-19T20:25:01.244839+00:00,DXY,DX-Y.NYB,strategy-lab-v1.0.0:V2_MR_REWARD,10000.0,False,1784318400000,0
2026-07-19T20:25:01.244839+00:00,USDJPY,JPY=X,strategy-lab-v1.0.0:V2_MR_REWARD,10000.0,False,1784318400000,0
2026-07-19T20:25:01.244839+00:00,USDCHF,CHF=X,strategy-lab-v1.0.0:V2_MR_REWARD,10000.0,False,1784318400000,0
2026-07-19T20:25:01.244839+00:00,USDCAD,CAD=X,strategy-lab-v1.0.0:V2_MR_REWARD,10000.0,False,1784322000000,0
2026-07-19T21:14:20.693242+00:00,BTC,BTCUSDT,strategy-lab-v1.0.0:V2_MR_REWARD,10000.0,False,1784494800000,8
2026-07-19T21:14:20.693242+00:00,SOL,SOLUSDT,strategy-lab-v1.0.0:V2_MR_REWARD,10000.0,False,1784494800000,8
2026-07-19T21:14:20.693242+00:00,XRP,XRPUSDT,strategy-lab-v1.0.0:V2_MR_REWARD,10000.0,False,1784494800000,8
2026-07-19T21:14:20.693242+00:00,DOGE,DOGEUSDT,strategy-lab-v1.0.0:V2_MR_REWARD,10000.0,False,1784494800000,8
2026-07-19T21:14:20.693242+00:00,BNB,BNBUSDT,strategy-lab-v1.0.0:V2_MR_REWARD,10000.0,False,1784494800000,8
2026-07-19T21:14:20.693242+00:00,PAXG,PAXGUSDT,strategy-lab-v1.0.0:V2_MR_REWARD,10000.0,False,1784494800000,9
2026-07-19T21:14:20.693242+00:00,GOLD,XAU/USD,strategy-lab-v1.0.0:V2_MR_REWARD,10000.0,False,1784494800000,2
2026-07-19T21:14:20.693242+00:00,SILVER,XAG/USD,strategy-lab-v1.0.0:V2_MR_REWARD,10000.0,False,0,0
2026-07-19T21:14:20.693242+00:00,OIL,WTI/USD,strategy-lab-v1.0.0:V2_MR_REWARD,10000.0,False,0,0
2026-07-19T21:14:20.693242+00:00,GOLD_FUT,GC=F,strategy-lab-v1.0.0:V2_MR_REWARD,10000.0,False,1784318400000,0
2026-07-19T21:14:20.693242+00:00,SILVER_FUT,SI=F,strategy-lab-v1.0.0:V2_MR_REWARD,10000.0,False,1784318400000,0
2026-07-19T21:14:20.693242+00:00,OIL_FUT,CL=F,strategy-lab-v1.0.0:V2_MR_REWARD,10000.0,False,1784318400000,0
2026-07-19T21:14:20.693242+00:00,BRENT_FUT,BZ=F,strategy-lab-v1.0.0:V2_MR_REWARD,10000.0,False,1784318400000,0
2026-07-19T21:14:20.693242+00:00,SPY,SPY,strategy-lab-v1.0.0:V2_MR_REWARD,10000.0,False,1784316600000,0
2026-07-19T21:14:20.693242+00:00,QQQ,QQQ,strategy-lab-v1.0.0:V2_MR_REWARD,10000.0,False,1784316600000,0
2026-07-19T21:14:20.693242+00:00,NVDA,NVDA,strategy-lab-v1.0.0:V2_MR_REWARD,10000.0,False,1784316600000,0
2026-07-19T21:14:20.693242+00:00,MSTR,MSTR,strategy-lab-v1.0.0:V2_MR_REWARD,10000.0,False,1784316600000,0
2026-07-19T21:14:20.693242+00:00,COIN,COIN,strategy-lab-v1.0.0:V2_MR_REWARD,10000.0,False,1784316600000,0
2026-07-19T21:14:20.693242+00:00,MARA,MARA,strategy-lab-v1.0.0:V2_MR_REWARD,10000.0,False,1784316600000,0
2026-07-19T21:14:20.693242+00:00,RIOT,RIOT,strategy-lab-v1.0.0:V2_MR_REWARD,10000.0,False,1784316600000,0
2026-07-19T21:14:20.693242+00:00,GLD,GLD,strategy-lab-v1.0.0:V2_MR_REWARD,10000.0,False,1784316600000,0
2026-07-19T21:14:20.693242+00:00,GDX,GDX,strategy-lab-v1.0.0:V2_MR_REWARD,10000.0,False,1784316600000,0
2026-07-19T21:14:20.693242+00:00,NEM,NEM,strategy-lab-v1.0.0:V2_MR_REWARD,10000.0,False,1784316600000,0
2026-07-19T21:14:20.693242+00:00,DXY,DX-Y.NYB,strategy-lab-v1.0.0:V2_MR_REWARD,10000.0,False,1784318400000,0
2026-07-19T21:14:20.693242+00:00,USDJPY,JPY=X,strategy-lab-v1.0.0:V2_MR_REWARD,10000.0,False,1784318400000,0
2026-07-19T21:14:20.693242+00:00,USDCHF,CHF=X,strategy-lab-v1.0.0:V2_MR_REWARD,10000.0,False,1784318400000,0
2026-07-19T21:14:20.693242+00:00,USDCAD,CAD=X,strategy-lab-v1.0.0:V2_MR_REWARD,10000.0,False,1784322000000,0
2026-07-19T22:10:44.118814+00:00,BTC,BTCUSDT,strategy-lab-v1.0.0:V2_MR_REWARD,10000.0,False,1784498400000,8
2026-07-19T22:10:44.118814+00:00,SOL,SOLUSDT,strategy-lab-v1.0.0:V2_MR_REWARD,10000.0,False,1784498400000,8
2026-07-19T22:10:44.118814+00:00,XRP,XRPUSDT,strategy-lab-v1.0.0:V2_MR_REWARD,10000.0,False,1784498400000,8
2026-07-19T22:10:44.118814+00:00,DOGE,DOGEUSDT,strategy-lab-v1.0.0:V2_MR_REWARD,10000.0,False,1784498400000,8
2026-07-19T22:10:44.118814+00:00,BNB,BNBUSDT,strategy-lab-v1.0.0:V2_MR_REWARD,10000.0,False,1784498400000,8
2026-07-19T22:10:44.118814+00:00,PAXG,PAXGUSDT,strategy-lab-v1.0.0:V2_MR_REWARD,10000.0,False,1784498400000,9
2026-07-19T22:10:44.118814+00:00,GOLD,XAU/USD,strategy-lab-v1.0.0:V2_MR_REWARD,10000.0,False,1784494800000,2
2026-07-19T22:10:44.118814+00:00,SILVER,XAG/USD,strategy-lab-v1.0.0:V2_MR_REWARD,10000.0,False,0,0
2026-07-19T22:10:44.118814+00:00,OIL,WTI/USD,strategy-lab-v1.0.0:V2_MR_REWARD,10000.0,False,0,0
2026-07-19T22:10:44.118814+00:00,GOLD_FUT,GC=F,strategy-lab-v1.0.0:V2_MR_REWARD,10000.0,False,1784498400000,0
2026-07-19T22:10:44.118814+00:00,SILVER_FUT,SI=F,strategy-lab-v1.0.0:V2_MR_REWARD,10000.0,False,1784498400000,0
2026-07-19T22:10:44.118814+00:00,OIL_FUT,CL=F,strategy-lab-v1.0.0:V2_MR_REWARD,10000.0,False,1784498400000,0
2026-07-19T22:10:44.118814+00:00,BRENT_FUT,BZ=F,strategy-lab-v1.0.0:V2_MR_REWARD,10000.0,False,1784498400000,0
2026-07-19T22:10:44.118814+00:00,SPY,SPY,strategy-lab-v1.0.0:V2_MR_REWARD,10000.0,False,1784316600000,0
2026-07-19T22:10:44.118814+00:00,QQQ,QQQ,strategy-lab-v1.0.0:V2_MR_REWARD,10000.0,False,1784316600000,0
2026-07-19T22:10:44.118814+00:00,NVDA,NVDA,strategy-lab-v1.0.0:V2_MR_REWARD,10000.0,False,1784316600000,0
2026-07-19T22:10:44.118814+00:00,MSTR,MSTR,strategy-lab-v1.0.0:V2_MR_REWARD,10000.0,False,1784316600000,0
2026-07-19T22:10:44.118814+00:00,COIN,COIN,strategy-lab-v1.0.0:V2_MR_REWARD,10000.0,False,1784316600000,0
2026-07-19T22:10:44.118814+00:00,MARA,MARA,strategy-lab-v1.0.0:V2_MR_REWARD,10000.0,False,1784316600000,0
2026-07-19T22:10:44.118814+00:00,RIOT,RIOT,strategy-lab-v1.0.0:V2_MR_REWARD,10000.0,False,1784316600000,0
2026-07-19T22:10:44.118814+00:00,GLD,GLD,strategy-lab-v1.0.0:V2_MR_REWARD,10000.0,False,1784316600000,0
2026-07-19T22:10:44.118814+00:00,GDX,GDX,strategy-lab-v1.0.0:V2_MR_REWARD,10000.0,False,1784316600000,0
2026-07-19T22:10:44.118814+00:00,NEM,NEM,strategy-lab-v1.0.0:V2_MR_REWARD,10000.0,False,1784316600000,0
2026-07-19T22:10:44.118814+00:00,DXY,DX-Y.NYB,strategy-lab-v1.0.0:V2_MR_REWARD,10000.0,False,1784498400000,0
2026-07-19T22:10:44.118814+00:00,USDJPY,JPY=X,strategy-lab-v1.0.0:V2_MR_REWARD,10000.0,False,1784318400000,0
2026-07-19T22:10:44.118814+00:00,USDCHF,CHF=X,strategy-lab-v1.0.0:V2_MR_REWARD,10000.0,False,1784318400000,0
2026-07-19T22:10:44.118814+00:00,USDCAD,CAD=X,strategy-lab-v1.0.0:V2_MR_REWARD,10000.0,False,1784322000000,0
2026-07-19T23:11:13.385241+00:00,BTC,BTCUSDT,strategy-lab-v1.0.0:V2_MR_REWARD,10000.0,False,1784502000000,8
2026-07-19T23:11:13.385241+00:00,SOL,SOLUSDT,strategy-lab-v1.0.0:V2_MR_REWARD,10000.0,False,1784502000000,8
2026-07-19T23:11:13.385241+00:00,XRP,XRPUSDT,strategy-lab-v1.0.0:V2_MR_REWARD,10000.0,False,1784502000000,8
2026-07-19T23:11:13.385241+00:00,DOGE,DOGEUSDT,strategy-lab-v1.0.0:V2_MR_REWARD,10000.0,False,1784502000000,8
2026-07-19T23:11:13.385241+00:00,BNB,BNBUSDT,strategy-lab-v1.0.0:V2_MR_REWARD,10000.0,False,1784502000000,8
2026-07-19T23:11:13.385241+00:00,PAXG,PAXGUSDT,strategy-lab-v1.0.0:V2_MR_REWARD,10000.0,False,1784502000000,9
2026-07-19T23:11:13.385241+00:00,GOLD,XAU/USD,strategy-lab-v1.0.0:V2_MR_REWARD,10000.0,False,1784502000000,3
2026-07-19T23:11:13.385241+00:00,SILVER,XAG/USD,strategy-lab-v1.0.0:V2_MR_REWARD,10000.0,False,0,0
2026-07-19T23:11:13.385241+00:00,OIL,WTI/USD,strategy-lab-v1.0.0:V2_MR_REWARD,10000.0,False,0,0
2026-07-19T23:11:13.385241+00:00,GOLD_FUT,GC=F,strategy-lab-v1.0.0:V2_MR_REWARD,10000.0,False,1784502000000,0
2026-07-19T23:11:13.385241+00:00,SILVER_FUT,SI=F,strategy-lab-v1.0.0:V2_MR_REWARD,10000.0,False,1784502000000,0
2026-07-19T23:11:13.385241+00:00,OIL_FUT,CL=F,strategy-lab-v1.0.0:V2_MR_REWARD,10000.0,False,1784502000000,0
2026-07-19T23:11:13.385241+00:00,BRENT_FUT,BZ=F,strategy-lab-v1.0.0:V2_MR_REWARD,10000.0,False,1784502000000,0
2026-07-19T23:11:13.385241+00:00,SPY,SPY,strategy-lab-v1.0.0:V2_MR_REWARD,10000.0,False,1784316600000,0
2026-07-19T23:11:13.385241+00:00,QQQ,QQQ,strategy-lab-v1.0.0:V2_MR_REWARD,10000.0,False,1784316600000,0
2026-07-19T23:11:13.385241+00:00,NVDA,NVDA,strategy-lab-v1.0.0:V2_MR_REWARD,10000.0,False,1784316600000,0
2026-07-19T23:11:13.385241+00:00,MSTR,MSTR,strategy-lab-v1.0.0:V2_MR_REWARD,10000.0,False,1784316600000,0
2026-07-19T23:11:13.385241+00:00,COIN,COIN,strategy-lab-v1.0.0:V2_MR_REWARD,10000.0,False,1784316600000,0
2026-07-19T23:11:13.385241+00:00,MARA,MARA,strategy-lab-v1.0.0:V2_MR_REWARD,10000.0,False,1784316600000,0
2026-07-19T23:11:13.385241+00:00,RIOT,RIOT,strategy-lab-v1.0.0:V2_MR_REWARD,10000.0,False,1784316600000,0
2026-07-19T23:11:13.385241+00:00,GLD,GLD,strategy-lab-v1.0.0:V2_MR_REWARD,10000.0,False,1784316600000,0
2026-07-19T23:11:13.385241+00:00,GDX,GDX,strategy-lab-v1.0.0:V2_MR_REWARD,10000.0,False,1784316600000,0
2026-07-19T23:11:13.385241+00:00,NEM,NEM,strategy-lab-v1.0.0:V2_MR_REWARD,10000.0,False,1784316600000,0
2026-07-19T23:11:13.385241+00:00,DXY,DX-Y.NYB,strategy-lab-v1.0.0:V2_MR_REWARD,10000.0,False,1784502000000,0
2026-07-19T23:11:13.385241+00:00,USDJPY,JPY=X,strategy-lab-v1.0.0:V2_MR_REWARD,10000.0,False,1784502000000,0
2026-07-19T23:11:13.385241+00:00,USDCHF,CHF=X,strategy-lab-v1.0.0:V2_MR_REWARD,10000.0,False,1784502000000,0
2026-07-19T23:11:13.385241+00:00,USDCAD,CAD=X,strategy-lab-v1.0.0:V2_MR_REWARD,10000.0,False,1784502000000,0
2026-07-20T00:11:48.386992+00:00,BTC,BTCUSDT,strategy-lab-v1.0.0:V2_MR_REWARD,10000.0,False,1784505600000,8
2026-07-20T00:11:48.386992+00:00,SOL,SOLUSDT,strategy-lab-v1.0.0:V2_MR_REWARD,10000.0,False,1784505600000,8
2026-07-20T00:11:48.386992+00:00,XRP,XRPUSDT,strategy-lab-v1.0.0:V2_MR_REWARD,10000.0,False,1784505600000,8
2026-07-20T00:11:48.386992+00:00,DOGE,DOGEUSDT,strategy-lab-v1.0.0:V2_MR_REWARD,10000.0,False,1784505600000,8
2026-07-20T00:11:48.386992+00:00,BNB,BNBUSDT,strategy-lab-v1.0.0:V2_MR_REWARD,10000.0,False,1784505600000,8
2026-07-20T00:11:48.386992+00:00,PAXG,PAXGUSDT,strategy-lab-v1.0.0:V2_MR_REWARD,10000.0,False,1784505600000,9
2026-07-20T00:11:48.386992+00:00,GOLD,XAU/USD,strategy-lab-v1.0.0:V2_MR_REWARD,10000.0,False,1784502000000,3
2026-07-20T00:11:48.386992+00:00,SILVER,XAG/USD,strategy-lab-v1.0.0:V2_MR_REWARD,10000.0,False,0,0
2026-07-20T00:11:48.386992+00:00,OIL,WTI/USD,strategy-lab-v1.0.0:V2_MR_REWARD,10000.0,False,0,0
2026-07-20T00:11:48.386992+00:00,GOLD_FUT,GC=F,strategy-lab-v1.0.0:V2_MR_REWARD,10000.0,False,1784505600000,0
2026-07-20T00:11:48.386992+00:00,SILVER_FUT,SI=F,strategy-lab-v1.0.0:V2_MR_REWARD,10000.0,False,1784505600000,0
2026-07-20T00:11:48.386992+00:00,OIL_FUT,CL=F,strategy-lab-v1.0.0:V2_MR_REWARD,10000.0,False,1784505600000,0
2026-07-20T00:11:48.386992+00:00,BRENT_FUT,BZ=F,strategy-lab-v1.0.0:V2_MR_REWARD,10000.0,False,1784505600000,0
2026-07-20T00:11:48.386992+00:00,SPY,SPY,strategy-lab-v1.0.0:V2_MR_REWARD,10000.0,False,1784316600000,0
2026-07-20T00:11:48.386992+00:00,QQQ,QQQ,strategy-lab-v1.0.0:V2_MR_REWARD,10000.0,False,1784316600000,0
2026-07-20T00:11:48.386992+00:00,NVDA,NVDA,strategy-lab-v1.0.0:V2_MR_REWARD,10000.0,False,1784316600000,0
2026-07-20T00:11:48.386992+00:00,MSTR,MSTR,strategy-lab-v1.0.0:V2_MR_REWARD,10000.0,False,1784316600000,0
2026-07-20T00:11:48.386992+00:00,COIN,COIN,strategy-lab-v1.0.0:V2_MR_REWARD,10000.0,False,1784316600000,0
2026-07-20T00:11:48.386992+00:00,MARA,MARA,strategy-lab-v1.0.0:V2_MR_REWARD,10000.0,False,1784316600000,0
2026-07-20T00:11:48.386992+00:00,RIOT,RIOT,strategy-lab-v1.0.0:V2_MR_REWARD,10000.0,False,1784316600000,0
2026-07-20T00:11:48.386992+00:00,GLD,GLD,strategy-lab-v1.0.0:V2_MR_REWARD,10000.0,False,1784316600000,0
2026-07-20T00:11:48.386992+00:00,GDX,GDX,strategy-lab-v1.0.0:V2_MR_REWARD,10000.0,False,1784316600000,0
2026-07-20T00:11:48.386992+00:00,NEM,NEM,strategy-lab-v1.0.0:V2_MR_REWARD,10000.0,False,1784316600000,0
2026-07-20T00:11:48.386992+00:00,DXY,DX-Y.NYB,strategy-lab-v1.0.0:V2_MR_REWARD,10000.0,False,1784505600000,0
2026-07-20T00:11:48.386992+00:00,USDJPY,JPY=X,strategy-lab-v1.0.0:V2_MR_REWARD,10000.0,False,1784505600000,0
2026-07-20T00:11:48.386992+00:00,USDCHF,CHF=X,strategy-lab-v1.0.0:V2_MR_REWARD,10000.0,False,1784505600000,0
2026-07-20T00:11:48.386992+00:00,USDCAD,CAD=X,strategy-lab-v1.0.0:V2_MR_REWARD,10000.0,False,1784505600000,0
2026-07-20T04:04:33.948188+00:00,BTC,BTCUSDT,strategy-lab-v1.0.0:V2_MR_REWARD,10000.0,False,1784520000000,11
2026-07-20T04:04:33.948188+00:00,SOL,SOLUSDT,strategy-lab-v1.0.0:V2_MR_REWARD,10000.0,False,1784520000000,11
2026-07-20T04:04:33.948188+00:00,XRP,XRPUSDT,strategy-lab-v1.0.0:V2_MR_REWARD,10000.0,False,1784520000000,11
2026-07-20T04:04:33.948188+00:00,DOGE,DOGEUSDT,strategy-lab-v1.0.0:V2_MR_REWARD,10000.0,False,1784520000000,11
2026-07-20T04:04:33.948188+00:00,BNB,BNBUSDT,strategy-lab-v1.0.0:V2_MR_REWARD,10000.0,False,1784520000000,11
2026-07-20T04:04:33.948188+00:00,PAXG,PAXGUSDT,strategy-lab-v1.0.0:V2_MR_REWARD,10000.0,False,1784520000000,12
2026-07-20T04:04:33.948188+00:00,GOLD,XAU/USD,strategy-lab-v1.0.0:V2_MR_REWARD,10000.0,False,1784502000000,3
2026-07-20T04:04:33.948188+00:00,SILVER,XAG/USD,strategy-lab-v1.0.0:V2_MR_REWARD,10000.0,False,0,0
2026-07-20T04:04:33.948188+00:00,OIL,WTI/USD,strategy-lab-v1.0.0:V2_MR_REWARD,10000.0,False,0,0
2026-07-20T04:04:33.948188+00:00,GOLD_FUT,GC=F,strategy-lab-v1.0.0:V2_MR_REWARD,10000.0,False,1784516400000,1
2026-07-20T04:04:33.948188+00:00,SILVER_FUT,SI=F,strategy-lab-v1.0.0:V2_MR_REWARD,10000.0,False,1784516400000,1
2026-07-20T04:04:33.948188+00:00,OIL_FUT,CL=F,strategy-lab-v1.0.0:V2_MR_REWARD,10000.0,False,1784516400000,1
2026-07-20T04:04:33.948188+00:00,BRENT_FUT,BZ=F,strategy-lab-v1.0.0:V2_MR_REWARD,10000.0,False,1784516400000,1
2026-07-20T04:04:33.948188+00:00,SPY,SPY,strategy-lab-v1.0.0:V2_MR_REWARD,10000.0,False,1784316600000,0
2026-07-20T04:04:33.948188+00:00,QQQ,QQQ,strategy-lab-v1.0.0:V2_MR_REWARD,10000.0,False,1784316600000,0
2026-07-20T04:04:33.948188+00:00,NVDA,NVDA,strategy-lab-v1.0.0:V2_MR_REWARD,10000.0,False,1784316600000,0
2026-07-20T04:04:33.948188+00:00,MSTR,MSTR,strategy-lab-v1.0.0:V2_MR_REWARD,10000.0,False,1784316600000,0
2026-07-20T04:04:33.948188+00:00,COIN,COIN,strategy-lab-v1.0.0:V2_MR_REWARD,10000.0,False,1784316600000,0
2026-07-20T04:04:33.948188+00:00,MARA,MARA,strategy-lab-v1.0.0:V2_MR_REWARD,10000.0,False,1784316600000,0
2026-07-20T04:04:33.948188+00:00,RIOT,RIOT,strategy-lab-v1.0.0:V2_MR_REWARD,10000.0,False,1784316600000,0
2026-07-20T04:04:33.948188+00:00,GLD,GLD,strategy-lab-v1.0.0:V2_MR_REWARD,10000.0,False,1784316600000,0
2026-07-20T04:04:33.948188+00:00,GDX,GDX,strategy-lab-v1.0.0:V2_MR_REWARD,10000.0,False,1784316600000,0
2026-07-20T04:04:33.948188+00:00,NEM,NEM,strategy-lab-v1.0.0:V2_MR_REWARD,10000.0,False,1784316600000,0
2026-07-20T04:04:33.948188+00:00,DXY,DX-Y.NYB,strategy-lab-v1.0.0:V2_MR_REWARD,10000.0,False,1784516400000,1
2026-07-20T04:04:33.948188+00:00,USDJPY,JPY=X,strategy-lab-v1.0.0:V2_MR_REWARD,10000.0,False,1784520000000,3
2026-07-20T04:04:33.948188+00:00,USDCHF,CHF=X,strategy-lab-v1.0.0:V2_MR_REWARD,10000.0,False,1784520000000,3
2026-07-20T04:04:33.948188+00:00,USDCAD,CAD=X,strategy-lab-v1.0.0:V2_MR_REWARD,10000.0,False,1784520000000,3
2026-07-20T07:23:39.375734+00:00,BTC,BTCUSDT,strategy-lab-v1.0.0:V2_MR_REWARD,10000.0,False,1784530800000,13
2026-07-20T07:23:39.375734+00:00,SOL,SOLUSDT,strategy-lab-v1.0.0:V2_MR_REWARD,10000.0,False,1784530800000,13
2026-07-20T07:23:39.375734+00:00,XRP,XRPUSDT,strategy-lab-v1.0.0:V2_MR_REWARD,10000.0,False,1784530800000,13
2026-07-20T07:23:39.375734+00:00,DOGE,DOGEUSDT,strategy-lab-v1.0.0:V2_MR_REWARD,10000.0,False,1784530800000,13
2026-07-20T07:23:39.375734+00:00,BNB,BNBUSDT,strategy-lab-v1.0.0:V2_MR_REWARD,10000.0,False,1784530800000,13
2026-07-20T07:23:39.375734+00:00,PAXG,PAXGUSDT,strategy-lab-v1.0.0:V2_MR_REWARD,10000.0,False,1784530800000,14
2026-07-20T07:23:39.375734+00:00,GOLD,XAU/USD,strategy-lab-v1.0.0:V2_MR_REWARD,10000.0,False,1784502000000,3
2026-07-20T07:23:39.375734+00:00,SILVER,XAG/USD,strategy-lab-v1.0.0:V2_MR_REWARD,10000.0,False,0,0
2026-07-20T07:23:39.375734+00:00,OIL,WTI/USD,strategy-lab-v1.0.0:V2_MR_REWARD,10000.0,False,0,0
2026-07-20T07:23:39.375734+00:00,GOLD_FUT,GC=F,strategy-lab-v1.0.0:V2_MR_REWARD,10000.0,False,1784530800000,4
2026-07-20T07:23:39.375734+00:00,SILVER_FUT,SI=F,strategy-lab-v1.0.0:V2_MR_REWARD,10000.0,False,1784530800000,4
2026-07-20T07:23:39.375734+00:00,OIL_FUT,CL=F,strategy-lab-v1.0.0:V2_MR_REWARD,10000.0,False,1784530800000,4
2026-07-20T07:23:39.375734+00:00,BRENT_FUT,BZ=F,strategy-lab-v1.0.0:V2_MR_REWARD,10000.0,False,1784530800000,4
2026-07-20T07:23:39.375734+00:00,SPY,SPY,strategy-lab-v1.0.0:V2_MR_REWARD,10000.0,False,1784316600000,0
2026-07-20T07:23:39.375734+00:00,QQQ,QQQ,strategy-lab-v1.0.0:V2_MR_REWARD,10000.0,False,1784316600000,0
2026-07-20T07:23:39.375734+00:00,NVDA,NVDA,strategy-lab-v1.0.0:V2_MR_REWARD,10000.0,False,1784316600000,0
2026-07-20T07:23:39.375734+00:00,MSTR,MSTR,strategy-lab-v1.0.0:V2_MR_REWARD,10000.0,False,1784316600000,0
2026-07-20T07:23:39.375734+00:00,COIN,COIN,strategy-lab-v1.0.0:V2_MR_REWARD,10000.0,False,1784316600000,0
2026-07-20T07:23:39.375734+00:00,MARA,MARA,strategy-lab-v1.0.0:V2_MR_REWARD,10000.0,False,1784316600000,0
2026-07-20T07:23:39.375734+00:00,RIOT,RIOT,strategy-lab-v1.0.0:V2_MR_REWARD,10000.0,False,1784316600000,0
2026-07-20T07:23:39.375734+00:00,GLD,GLD,strategy-lab-v1.0.0:V2_MR_REWARD,10000.0,False,1784316600000,0
2026-07-20T07:23:39.375734+00:00,GDX,GDX,strategy-lab-v1.0.0:V2_MR_REWARD,10000.0,False,1784316600000,0
2026-07-20T07:23:39.375734+00:00,NEM,NEM,strategy-lab-v1.0.0:V2_MR_REWARD,10000.0,False,1784316600000,0
2026-07-20T07:23:39.375734+00:00,DXY,DX-Y.NYB,strategy-lab-v1.0.0:V2_MR_REWARD,10000.0,False,1784530800000,4
2026-07-20T07:23:39.375734+00:00,USDJPY,JPY=X,strategy-lab-v1.0.0:V2_MR_REWARD,10000.0,False,1784530800000,5
2026-07-20T07:23:39.375734+00:00,USDCHF,CHF=X,strategy-lab-v1.0.0:V2_MR_REWARD,10000.0,False,1784530800000,5
2026-07-20T07:23:39.375734+00:00,USDCAD,CAD=X,strategy-lab-v1.0.0:V2_MR_REWARD,10000.0,False,1784530800000,5
2026-07-20T10:23:53.063888+00:00,BTC,BTCUSDT,strategy-lab-v1.0.0:V2_MR_REWARD,10000.0,False,1784541600000,15
2026-07-20T10:23:53.063888+00:00,SOL,SOLUSDT,strategy-lab-v1.0.0:V2_MR_REWARD,10000.0,False,1784541600000,15
2026-07-20T10:23:53.063888+00:00,XRP,XRPUSDT,strategy-lab-v1.0.0:V2_MR_REWARD,10000.0,False,1784541600000,15
2026-07-20T10:23:53.063888+00:00,DOGE,DOGEUSDT,strategy-lab-v1.0.0:V2_MR_REWARD,10000.0,False,1784541600000,15
2026-07-20T10:23:53.063888+00:00,BNB,BNBUSDT,strategy-lab-v1.0.0:V2_MR_REWARD,10000.0,False,1784541600000,15
2026-07-20T10:23:53.063888+00:00,PAXG,PAXGUSDT,strategy-lab-v1.0.0:V2_MR_REWARD,10000.0,False,1784541600000,16
2026-07-20T10:23:53.063888+00:00,GOLD,XAU/USD,strategy-lab-v1.0.0:V2_MR_REWARD,10000.0,False,1784502000000,3
2026-07-20T10:23:53.063888+00:00,SILVER,XAG/USD,strategy-lab-v1.0.0:V2_MR_REWARD,10000.0,False,0,0
2026-07-20T10:23:53.063888+00:00,OIL,WTI/USD,strategy-lab-v1.0.0:V2_MR_REWARD,10000.0,False,0,0
2026-07-20T10:23:53.063888+00:00,GOLD_FUT,GC=F,strategy-lab-v1.0.0:V2_MR_REWARD,10000.0,False,1784541600000,6
2026-07-20T10:23:53.063888+00:00,SILVER_FUT,SI=F,strategy-lab-v1.0.0:V2_MR_REWARD,10000.0,False,1784541600000,6
2026-07-20T10:23:53.063888+00:00,OIL_FUT,CL=F,strategy-lab-v1.0.0:V2_MR_REWARD,10000.0,False,1784541600000,6
2026-07-20T10:23:53.063888+00:00,BRENT_FUT,BZ=F,strategy-lab-v1.0.0:V2_MR_REWARD,10000.0,False,1784541600000,6
2026-07-20T10:23:53.063888+00:00,SPY,SPY,strategy-lab-v1.0.0:V2_MR_REWARD,10000.0,False,1784316600000,0
2026-07-20T10:23:53.063888+00:00,QQQ,QQQ,strategy-lab-v1.0.0:V2_MR_REWARD,10000.0,False,1784316600000,0
2026-07-20T10:23:53.063888+00:00,NVDA,NVDA,strategy-lab-v1.0.0:V2_MR_REWARD,10000.0,False,1784316600000,0
2026-07-20T10:23:53.063888+00:00,MSTR,MSTR,strategy-lab-v1.0.0:V2_MR_REWARD,10000.0,False,1784316600000,0
2026-07-20T10:23:53.063888+00:00,COIN,COIN,strategy-lab-v1.0.0:V2_MR_REWARD,10000.0,False,1784316600000,0
2026-07-20T10:23:53.063888+00:00,MARA,MARA,strategy-lab-v1.0.0:V2_MR_REWARD,10000.0,False,1784316600000,0
2026-07-20T10:23:53.063888+00:00,RIOT,RIOT,strategy-lab-v1.0.0:V2_MR_REWARD,10000.0,False,1784316600000,0
2026-07-20T10:23:53.063888+00:00,GLD,GLD,strategy-lab-v1.0.0:V2_MR_REWARD,10000.0,False,1784316600000,0
2026-07-20T10:23:53.063888+00:00,GDX,GDX,strategy-lab-v1.0.0:V2_MR_REWARD,10000.0,False,1784316600000,0
2026-07-20T10:23:53.063888+00:00,NEM,NEM,strategy-lab-v1.0.0:V2_MR_REWARD,10000.0,False,1784316600000,0
2026-07-20T10:23:53.063888+00:00,DXY,DX-Y.NYB,strategy-lab-v1.0.0:V2_MR_REWARD,10000.0,False,1784541600000,6
2026-07-20T10:23:53.063888+00:00,USDJPY,JPY=X,strategy-lab-v1.0.0:V2_MR_REWARD,10000.0,False,1784541600000,7
2026-07-20T10:23:53.063888+00:00,USDCHF,CHF=X,strategy-lab-v1.0.0:V2_MR_REWARD,10000.0,False,1784541600000,7
2026-07-20T10:23:53.063888+00:00,USDCAD,CAD=X,strategy-lab-v1.0.0:V2_MR_REWARD,10000.0,False,1784541600000,7
2026-07-20T12:29:53.097866+00:00,BTC,BTCUSDT,strategy-lab-v1.0.0:V2_MR_REWARD,10000.0,False,1784548800000,16
2026-07-20T12:29:53.097866+00:00,SOL,SOLUSDT,strategy-lab-v1.0.0:V2_MR_REWARD,10000.0,False,1784548800000,16
2026-07-20T12:29:53.097866+00:00,XRP,XRPUSDT,strategy-lab-v1.0.0:V2_MR_REWARD,10000.0,False,1784548800000,16
2026-07-20T12:29:53.097866+00:00,DOGE,DOGEUSDT,strategy-lab-v1.0.0:V2_MR_REWARD,10000.0,False,1784548800000,16
2026-07-20T12:29:53.097866+00:00,BNB,BNBUSDT,strategy-lab-v1.0.0:V2_MR_REWARD,10000.0,False,1784548800000,16
2026-07-20T12:29:53.097866+00:00,PAXG,PAXGUSDT,strategy-lab-v1.0.0:V2_MR_REWARD,10000.0,False,1784548800000,17
2026-07-20T12:29:53.097866+00:00,GOLD,XAU/USD,strategy-lab-v1.0.0:V2_MR_REWARD,10000.0,False,1784502000000,3
2026-07-20T12:29:53.097866+00:00,SILVER,XAG/USD,strategy-lab-v1.0.0:V2_MR_REWARD,10000.0,False,0,0
2026-07-20T12:29:53.097866+00:00,OIL,WTI/USD,strategy-lab-v1.0.0:V2_MR_REWARD,10000.0,False,0,0
2026-07-20T12:29:53.097866+00:00,GOLD_FUT,GC=F,strategy-lab-v1.0.0:V2_MR_REWARD,10000.0,False,1784548800000,7
2026-07-20T12:29:53.097866+00:00,SILVER_FUT,SI=F,strategy-lab-v1.0.0:V2_MR_REWARD,10000.0,False,1784548800000,7
2026-07-20T12:29:53.097866+00:00,OIL_FUT,CL=F,strategy-lab-v1.0.0:V2_MR_REWARD,10000.0,False,1784548800000,7
2026-07-20T12:29:53.097866+00:00,BRENT_FUT,BZ=F,strategy-lab-v1.0.0:V2_MR_REWARD,10000.0,False,1784548800000,7
2026-07-20T12:29:53.097866+00:00,SPY,SPY,strategy-lab-v1.0.0:V2_MR_REWARD,10000.0,False,1784316600000,0
2026-07-20T12:29:53.097866+00:00,QQQ,QQQ,strategy-lab-v1.0.0:V2_MR_REWARD,10000.0,False,1784316600000,0
2026-07-20T12:29:53.097866+00:00,NVDA,NVDA,strategy-lab-v1.0.0:V2_MR_REWARD,10000.0,False,1784316600000,0
2026-07-20T12:29:53.097866+00:00,MSTR,MSTR,strategy-lab-v1.0.0:V2_MR_REWARD,10000.0,False,1784316600000,0
2026-07-20T12:29:53.097866+00:00,COIN,COIN,strategy-lab-v1.0.0:V2_MR_REWARD,10000.0,False,1784316600000,0
2026-07-20T12:29:53.097866+00:00,MARA,MARA,strategy-lab-v1.0.0:V2_MR_REWARD,10000.0,False,1784316600000,0
2026-07-20T12:29:53.097866+00:00,RIOT,RIOT,strategy-lab-v1.0.0:V2_MR_REWARD,10000.0,False,1784316600000,0
2026-07-20T12:29:53.097866+00:00,GLD,GLD,strategy-lab-v1.0.0:V2_MR_REWARD,10000.0,False,1784316600000,0
2026-07-20T12:29:53.097866+00:00,GDX,GDX,strategy-lab-v1.0.0:V2_MR_REWARD,10000.0,False,1784316600000,0
2026-07-20T12:29:53.097866+00:00,NEM,NEM,strategy-lab-v1.0.0:V2_MR_REWARD,10000.0,False,1784316600000,0
2026-07-20T12:29:53.097866+00:00,DXY,DX-Y.NYB,strategy-lab-v1.0.0:V2_MR_REWARD,10000.0,False,1784548800000,7
2026-07-20T12:29:53.097866+00:00,USDJPY,JPY=X,strategy-lab-v1.0.0:V2_MR_REWARD,10000.0,False,1784548800000,8
2026-07-20T12:29:53.097866+00:00,USDCHF,CHF=X,strategy-lab-v1.0.0:V2_MR_REWARD,10000.0,False,1784548800000,8
2026-07-20T12:29:53.097866+00:00,USDCAD,CAD=X,strategy-lab-v1.0.0:V2_MR_REWARD,10000.0,False,1784548800000,8
2026-07-20T14:41:31.144159+00:00,BTC,BTCUSDT,strategy-lab-v1.0.0:V2_MR_REWARD,10000.0,False,1784556000000,17
2026-07-20T14:41:31.144159+00:00,SOL,SOLUSDT,strategy-lab-v1.0.0:V2_MR_REWARD,10000.0,False,1784556000000,17
2026-07-20T14:41:31.144159+00:00,XRP,XRPUSDT,strategy-lab-v1.0.0:V2_MR_REWARD,10000.0,False,1784556000000,17
2026-07-20T14:41:31.144159+00:00,DOGE,DOGEUSDT,strategy-lab-v1.0.0:V2_MR_REWARD,10000.0,False,1784556000000,17
2026-07-20T14:41:31.144159+00:00,BNB,BNBUSDT,strategy-lab-v1.0.0:V2_MR_REWARD,10000.0,False,1784556000000,17
2026-07-20T14:41:31.144159+00:00,PAXG,PAXGUSDT,strategy-lab-v1.0.0:V2_MR_REWARD,10000.0,False,1784556000000,18
2026-07-20T14:41:31.144159+00:00,GOLD,XAU/USD,strategy-lab-v1.0.0:V2_MR_REWARD,10000.0,False,1784556000000,17
2026-07-20T14:41:31.144159+00:00,SILVER,XAG/USD,strategy-lab-v1.0.0:V2_MR_REWARD,10000.0,False,0,0
2026-07-20T14:41:31.144159+00:00,OIL,WTI/USD,strategy-lab-v1.0.0:V2_MR_REWARD,10000.0,False,0,0
2026-07-20T14:41:31.144159+00:00,GOLD_FUT,GC=F,strategy-lab-v1.0.0:V2_MR_REWARD,10000.0,False,1784556000000,8
2026-07-20T14:41:31.144159+00:00,SILVER_FUT,SI=F,strategy-lab-v1.0.0:V2_MR_REWARD,10000.0,False,1784556000000,8
2026-07-20T14:41:31.144159+00:00,OIL_FUT,CL=F,strategy-lab-v1.0.0:V2_MR_REWARD,10000.0,False,1784556000000,8
2026-07-20T14:41:31.144159+00:00,BRENT_FUT,BZ=F,strategy-lab-v1.0.0:V2_MR_REWARD,10000.0,False,1784556000000,8
2026-07-20T14:41:31.144159+00:00,SPY,SPY,strategy-lab-v1.0.0:V2_MR_REWARD,10000.0,False,1784557800000,1
2026-07-20T14:41:31.144159+00:00,QQQ,QQQ,strategy-lab-v1.0.0:V2_MR_REWARD,10000.0,False,1784557800000,1
2026-07-20T14:41:31.144159+00:00,NVDA,NVDA,strategy-lab-v1.0.0:V2_MR_REWARD,10000.0,False,1784557800000,1
2026-07-20T14:41:31.144159+00:00,MSTR,MSTR,strategy-lab-v1.0.0:V2_MR_REWARD,10000.0,False,1784557800000,1
2026-07-20T14:41:31.144159+00:00,COIN,COIN,strategy-lab-v1.0.0:V2_MR_REWARD,10000.0,False,1784557800000,1
2026-07-20T14:41:31.144159+00:00,MARA,MARA,strategy-lab-v1.0.0:V2_MR_REWARD,10000.0,False,1784557800000,1
2026-07-20T14:41:31.144159+00:00,RIOT,RIOT,strategy-lab-v1.0.0:V2_MR_REWARD,10000.0,False,1784557800000,1
2026-07-20T14:41:31.144159+00:00,GLD,GLD,strategy-lab-v1.0.0:V2_MR_REWARD,10000.0,False,1784557800000,1
2026-07-20T14:41:31.144159+00:00,GDX,GDX,strategy-lab-v1.0.0:V2_MR_REWARD,10000.0,False,1784557800000,1
2026-07-20T14:41:31.144159+00:00,NEM,NEM,strategy-lab-v1.0.0:V2_MR_REWARD,10000.0,False,1784557800000,1
2026-07-20T14:41:31.144159+00:00,DXY,DX-Y.NYB,strategy-lab-v1.0.0:V2_MR_REWARD,10000.0,False,1784556000000,8
2026-07-20T14:41:31.144159+00:00,USDJPY,JPY=X,strategy-lab-v1.0.0:V2_MR_REWARD,10000.0,False,1784556000000,9
2026-07-20T14:41:31.144159+00:00,USDCHF,CHF=X,strategy-lab-v1.0.0:V2_MR_REWARD,10000.0,False,1784556000000,9
2026-07-20T14:41:31.144159+00:00,USDCAD,CAD=X,strategy-lab-v1.0.0:V2_MR_REWARD,10000.0,False,1784556000000,9
2026-07-20T16:14:53.327382+00:00,BTC,BTCUSDT,strategy-lab-v1.0.0:V2_MR_REWARD,10000.0,False,1784563200000,18
2026-07-20T16:14:53.327382+00:00,SOL,SOLUSDT,strategy-lab-v1.0.0:V2_MR_REWARD,10000.0,False,1784563200000,18
2026-07-20T16:14:53.327382+00:00,XRP,XRPUSDT,strategy-lab-v1.0.0:V2_MR_REWARD,10000.0,False,1784563200000,18
2026-07-20T16:14:53.327382+00:00,DOGE,DOGEUSDT,strategy-lab-v1.0.0:V2_MR_REWARD,10000.0,False,1784563200000,18
2026-07-20T16:14:53.327382+00:00,BNB,BNBUSDT,strategy-lab-v1.0.0:V2_MR_REWARD,10000.0,False,1784563200000,18
2026-07-20T16:14:53.327382+00:00,PAXG,PAXGUSDT,strategy-lab-v1.0.0:V2_MR_REWARD,10000.0,False,1784563200000,19
2026-07-20T16:14:53.327382+00:00,GOLD,XAU/USD,strategy-lab-v1.0.0:V2_MR_REWARD,10000.0,False,1784563200000,18
2026-07-20T16:14:53.327382+00:00,SILVER,XAG/USD,strategy-lab-v1.0.0:V2_MR_REWARD,10000.0,False,0,0
2026-07-20T16:14:53.327382+00:00,OIL,WTI/USD,strategy-lab-v1.0.0:V2_MR_REWARD,10000.0,False,0,0
2026-07-20T16:14:53.327382+00:00,GOLD_FUT,GC=F,strategy-lab-v1.0.0:V2_MR_REWARD,10000.0,False,1784563200000,9
2026-07-20T16:14:53.327382+00:00,SILVER_FUT,SI=F,strategy-lab-v1.0.0:V2_MR_REWARD,10000.0,False,1784563200000,9
2026-07-20T16:14:53.327382+00:00,OIL_FUT,CL=F,strategy-lab-v1.0.0:V2_MR_REWARD,10000.0,False,1784563200000,9
2026-07-20T16:14:53.327382+00:00,BRENT_FUT,BZ=F,strategy-lab-v1.0.0:V2_MR_REWARD,10000.0,False,1784563200000,9
2026-07-20T16:14:53.327382+00:00,SPY,SPY,strategy-lab-v1.0.0:V2_MR_REWARD,10000.0,False,1784561400000,1
2026-07-20T16:14:53.327382+00:00,QQQ,QQQ,strategy-lab-v1.0.0:V2_MR_REWARD,10000.0,False,1784561400000,1
2026-07-20T16:14:53.327382+00:00,NVDA,NVDA,strategy-lab-v1.0.0:V2_MR_REWARD,10000.0,False,1784561400000,1
2026-07-20T16:14:53.327382+00:00,MSTR,MSTR,strategy-lab-v1.0.0:V2_MR_REWARD,10000.0,False,1784561400000,1
2026-07-20T16:14:53.327382+00:00,COIN,COIN,strategy-lab-v1.0.0:V2_MR_REWARD,10000.0,False,1784561400000,1
2026-07-20T16:14:53.327382+00:00,MARA,MARA,strategy-lab-v1.0.0:V2_MR_REWARD,10000.0,False,1784561400000,1
2026-07-20T16:14:53.327382+00:00,RIOT,RIOT,strategy-lab-v1.0.0:V2_MR_REWARD,10000.0,False,1784561400000,1
2026-07-20T16:14:53.327382+00:00,GLD,GLD,strategy-lab-v1.0.0:V2_MR_REWARD,10000.0,False,1784561400000,1
2026-07-20T16:14:53.327382+00:00,GDX,GDX,strategy-lab-v1.0.0:V2_MR_REWARD,10000.0,False,1784561400000,1
2026-07-20T16:14:53.327382+00:00,NEM,NEM,strategy-lab-v1.0.0:V2_MR_REWARD,10000.0,False,1784561400000,1
2026-07-20T16:14:53.327382+00:00,DXY,DX-Y.NYB,strategy-lab-v1.0.0:V2_MR_REWARD,10000.0,False,1784563200000,9
2026-07-20T16:14:53.327382+00:00,USDJPY,JPY=X,strategy-lab-v1.0.0:V2_MR_REWARD,10000.0,False,1784563200000,10
2026-07-20T16:14:53.327382+00:00,USDCHF,CHF=X,strategy-lab-v1.0.0:V2_MR_REWARD,10000.0,False,1784563200000,10
2026-07-20T16:14:53.327382+00:00,USDCAD,CAD=X,strategy-lab-v1.0.0:V2_MR_REWARD,10000.0,False,1784563200000,10
2026-07-20T18:51:44.362534+00:00,BTC,BTCUSDT,strategy-lab-v1.0.0:V2_MR_REWARD,10000.0,False,1784570400000,19
2026-07-20T18:51:44.362534+00:00,SOL,SOLUSDT,strategy-lab-v1.0.0:V2_MR_REWARD,10000.0,False,1784570400000,19
2026-07-20T18:51:44.362534+00:00,XRP,XRPUSDT,strategy-lab-v1.0.0:V2_MR_REWARD,10000.0,False,1784570400000,19
2026-07-20T18:51:44.362534+00:00,DOGE,DOGEUSDT,strategy-lab-v1.0.0:V2_MR_REWARD,10000.0,False,1784570400000,19
2026-07-20T18:51:44.362534+00:00,BNB,BNBUSDT,strategy-lab-v1.0.0:V2_MR_REWARD,10000.0,False,1784570400000,19
2026-07-20T18:51:44.362534+00:00,PAXG,PAXGUSDT,strategy-lab-v1.0.0:V2_MR_REWARD,10000.0,False,1784570400000,20
2026-07-20T18:51:44.362534+00:00,GOLD,XAU/USD,strategy-lab-v1.0.0:V2_MR_REWARD,10000.0,False,1784563200000,18
2026-07-20T18:51:44.362534+00:00,SILVER,XAG/USD,strategy-lab-v1.0.0:V2_MR_REWARD,10000.0,False,0,0
2026-07-20T18:51:44.362534+00:00,OIL,WTI/USD,strategy-lab-v1.0.0:V2_MR_REWARD,10000.0,False,0,0
2026-07-20T18:51:44.362534+00:00,GOLD_FUT,GC=F,strategy-lab-v1.0.0:V2_MR_REWARD,10000.0,False,1784570400000,10
2026-07-20T18:51:44.362534+00:00,SILVER_FUT,SI=F,strategy-lab-v1.0.0:V2_MR_REWARD,10000.0,False,1784570400000,10
2026-07-20T18:51:44.362534+00:00,OIL_FUT,CL=F,strategy-lab-v1.0.0:V2_MR_REWARD,10000.0,False,1784570400000,10
2026-07-20T18:51:44.362534+00:00,BRENT_FUT,BZ=F,strategy-lab-v1.0.0:V2_MR_REWARD,10000.0,False,1784570400000,10
2026-07-20T18:51:44.362534+00:00,SPY,SPY,strategy-lab-v1.0.0:V2_MR_REWARD,10000.0,False,1784572200000,3
2026-07-20T18:51:44.362534+00:00,QQQ,QQQ,strategy-lab-v1.0.0:V2_MR_REWARD,10000.0,False,1784572200000,3
2026-07-20T18:51:44.362534+00:00,NVDA,NVDA,strategy-lab-v1.0.0:V2_MR_REWARD,10000.0,False,1784572200000,3
2026-07-20T18:51:44.362534+00:00,MSTR,MSTR,strategy-lab-v1.0.0:V2_MR_REWARD,10000.0,False,1784572200000,3
2026-07-20T18:51:44.362534+00:00,COIN,COIN,strategy-lab-v1.0.0:V2_MR_REWARD,10000.0,False,1784572200000,3
2026-07-20T18:51:44.362534+00:00,MARA,MARA,strategy-lab-v1.0.0:V2_MR_REWARD,10000.0,False,1784572200000,3
2026-07-20T18:51:44.362534+00:00,RIOT,RIOT,strategy-lab-v1.0.0:V2_MR_REWARD,10000.0,False,1784572200000,3
2026-07-20T18:51:44.362534+00:00,GLD,GLD,strategy-lab-v1.0.0:V2_MR_REWARD,10000.0,False,1784572200000,3
2026-07-20T18:51:44.362534+00:00,GDX,GDX,strategy-lab-v1.0.0:V2_MR_REWARD,10000.0,False,1784572200000,3
2026-07-20T18:51:44.362534+00:00,NEM,NEM,strategy-lab-v1.0.0:V2_MR_REWARD,10000.0,False,1784572200000,3
2026-07-20T18:51:44.362534+00:00,DXY,DX-Y.NYB,strategy-lab-v1.0.0:V2_MR_REWARD,10000.0,False,1784570400000,10
2026-07-20T18:51:44.362534+00:00,USDJPY,JPY=X,strategy-lab-v1.0.0:V2_MR_REWARD,10000.0,False,1784570400000,11
2026-07-20T18:51:44.362534+00:00,USDCHF,CHF=X,strategy-lab-v1.0.0:V2_MR_REWARD,10000.0,False,1784570400000,11
2026-07-20T18:51:44.362534+00:00,USDCAD,CAD=X,strategy-lab-v1.0.0:V2_MR_REWARD,10000.0,False,1784570400000,11
2026-07-20T20:01:36.094652+00:00,BTC,BTCUSDT,strategy-lab-v1.0.0:V2_MR_REWARD,10000.0,False,1784577600000,20
2026-07-20T20:01:36.094652+00:00,SOL,SOLUSDT,strategy-lab-v1.0.0:V2_MR_REWARD,10000.0,False,1784577600000,20
2026-07-20T20:01:36.094652+00:00,XRP,XRPUSDT,strategy-lab-v1.0.0:V2_MR_REWARD,10000.0,False,1784574000000,19
2026-07-20T20:01:36.094652+00:00,DOGE,DOGEUSDT,strategy-lab-v1.0.0:V2_MR_REWARD,10000.0,False,1784574000000,19
2026-07-20T20:01:36.094652+00:00,BNB,BNBUSDT,strategy-lab-v1.0.0:V2_MR_REWARD,10000.0,False,1784577600000,20
2026-07-20T20:01:36.094652+00:00,PAXG,PAXGUSDT,strategy-lab-v1.0.0:V2_MR_REWARD,10000.0,False,1784574000000,20
2026-07-20T20:01:36.094652+00:00,GOLD,XAU/USD,strategy-lab-v1.0.0:V2_MR_REWARD,10000.0,False,1784563200000,18
2026-07-20T20:01:36.094652+00:00,SILVER,XAG/USD,strategy-lab-v1.0.0:V2_MR_REWARD,10000.0,False,0,0
2026-07-20T20:01:36.094652+00:00,OIL,WTI/USD,strategy-lab-v1.0.0:V2_MR_REWARD,10000.0,False,0,0
2026-07-20T20:01:36.094652+00:00,GOLD_FUT,GC=F,strategy-lab-v1.0.0:V2_MR_REWARD,10000.0,False,1784574000000,10
2026-07-20T20:01:36.094652+00:00,SILVER_FUT,SI=F,strategy-lab-v1.0.0:V2_MR_REWARD,10000.0,False,1784574000000,10
2026-07-20T20:01:36.094652+00:00,OIL_FUT,CL=F,strategy-lab-v1.0.0:V2_MR_REWARD,10000.0,False,1784574000000,10
2026-07-20T20:01:36.094652+00:00,BRENT_FUT,BZ=F,strategy-lab-v1.0.0:V2_MR_REWARD,10000.0,False,1784574000000,10
2026-07-20T20:01:36.094652+00:00,SPY,SPY,strategy-lab-v1.0.0:V2_MR_REWARD,10000.0,False,1784575800000,3
2026-07-20T20:01:36.094652+00:00,QQQ,QQQ,strategy-lab-v1.0.0:V2_MR_REWARD,10000.0,False,1784575800000,3
2026-07-20T20:01:36.094652+00:00,NVDA,NVDA,strategy-lab-v1.0.0:V2_MR_REWARD,10000.0,False,1784575800000,3
2026-07-20T20:01:36.094652+00:00,MSTR,MSTR,strategy-lab-v1.0.0:V2_MR_REWARD,10000.0,False,1784575800000,3
2026-07-20T20:01:36.094652+00:00,COIN,COIN,strategy-lab-v1.0.0:V2_MR_REWARD,10000.0,False,1784575800000,3
2026-07-20T20:01:36.094652+00:00,MARA,MARA,strategy-lab-v1.0.0:V2_MR_REWARD,10000.0,False,1784575800000,3
2026-07-20T20:01:36.094652+00:00,RIOT,RIOT,strategy-lab-v1.0.0:V2_MR_REWARD,10000.0,False,1784575800000,3
2026-07-20T20:01:36.094652+00:00,GLD,GLD,strategy-lab-v1.0.0:V2_MR_REWARD,10000.0,False,1784575800000,3
2026-07-20T20:01:36.094652+00:00,GDX,GDX,strategy-lab-v1.0.0:V2_MR_REWARD,10000.0,False,1784575800000,3
2026-07-20T20:01:36.094652+00:00,NEM,NEM,strategy-lab-v1.0.0:V2_MR_REWARD,10000.0,False,1784575800000,3
2026-07-20T20:01:36.094652+00:00,DXY,DX-Y.NYB,strategy-lab-v1.0.0:V2_MR_REWARD,10000.0,False,1784574000000,10
2026-07-20T20:01:36.094652+00:00,USDJPY,JPY=X,strategy-lab-v1.0.0:V2_MR_REWARD,10000.0,False,1784577600000,12
2026-07-20T20:01:36.094652+00:00,USDCHF,CHF=X,strategy-lab-v1.0.0:V2_MR_REWARD,10000.0,False,1784577600000,12
2026-07-20T20:01:36.094652+00:00,USDCAD,CAD=X,strategy-lab-v1.0.0:V2_MR_REWARD,10000.0,False,1784577600000,12
2026-07-20T21:19:07.024481+00:00,BTC,BTCUSDT,strategy-lab-v1.0.0:V2_MR_REWARD,10000.0,False,1784581200000,20
2026-07-20T21:19:07.024481+00:00,SOL,SOLUSDT,strategy-lab-v1.0.0:V2_MR_REWARD,10000.0,False,1784581200000,20
2026-07-20T21:19:07.024481+00:00,XRP,XRPUSDT,strategy-lab-v1.0.0:V2_MR_REWARD,10000.0,False,1784581200000,20
2026-07-20T21:19:07.024481+00:00,DOGE,DOGEUSDT,strategy-lab-v1.0.0:V2_MR_REWARD,10000.0,False,1784581200000,20
2026-07-20T21:19:07.024481+00:00,BNB,BNBUSDT,strategy-lab-v1.0.0:V2_MR_REWARD,10000.0,False,1784581200000,20
2026-07-20T21:19:07.024481+00:00,PAXG,PAXGUSDT,strategy-lab-v1.0.0:V2_MR_REWARD,10000.0,False,1784581200000,21
2026-07-20T21:19:07.024481+00:00,GOLD,XAU/USD,strategy-lab-v1.0.0:V2_MR_REWARD,10000.0,False,1784563200000,18
2026-07-20T21:19:07.024481+00:00,SILVER,XAG/USD,strategy-lab-v1.0.0:V2_MR_REWARD,10000.0,False,0,0
2026-07-20T21:19:07.024481+00:00,OIL,WTI/USD,strategy-lab-v1.0.0:V2_MR_REWARD,10000.0,False,0,0
2026-07-20T21:19:07.024481+00:00,GOLD_FUT,GC=F,strategy-lab-v1.0.0:V2_MR_REWARD,10000.0,False,1784577600000,10
2026-07-20T21:19:07.024481+00:00,SILVER_FUT,SI=F,strategy-lab-v1.0.0:V2_MR_REWARD,10000.0,False,1784577600000,10
2026-07-20T21:19:07.024481+00:00,OIL_FUT,CL=F,strategy-lab-v1.0.0:V2_MR_REWARD,10000.0,False,1784577600000,10
2026-07-20T21:19:07.024481+00:00,BRENT_FUT,BZ=F,strategy-lab-v1.0.0:V2_MR_REWARD,10000.0,False,1784577600000,10
2026-07-20T21:19:07.024481+00:00,SPY,SPY,strategy-lab-v1.0.0:V2_MR_REWARD,10000.0,False,1784575800000,3
2026-07-20T21:19:07.024481+00:00,QQQ,QQQ,strategy-lab-v1.0.0:V2_MR_REWARD,10000.0,False,1784575800000,3
2026-07-20T21:19:07.024481+00:00,NVDA,NVDA,strategy-lab-v1.0.0:V2_MR_REWARD,10000.0,False,1784575800000,3
2026-07-20T21:19:07.024481+00:00,MSTR,MSTR,strategy-lab-v1.0.0:V2_MR_REWARD,10000.0,False,1784575800000,3
2026-07-20T21:19:07.024481+00:00,COIN,COIN,strategy-lab-v1.0.0:V2_MR_REWARD,10000.0,False,1784575800000,3
2026-07-20T21:19:07.024481+00:00,MARA,MARA,strategy-lab-v1.0.0:V2_MR_REWARD,10000.0,False,1784575800000,3
2026-07-20T21:19:07.024481+00:00,RIOT,RIOT,strategy-lab-v1.0.0:V2_MR_REWARD,10000.0,False,1784575800000,3
2026-07-20T21:19:07.024481+00:00,GLD,GLD,strategy-lab-v1.0.0:V2_MR_REWARD,10000.0,False,1784575800000,3
2026-07-20T21:19:07.024481+00:00,GDX,GDX,strategy-lab-v1.0.0:V2_MR_REWARD,10000.0,False,1784575800000,3
2026-07-20T21:19:07.024481+00:00,NEM,NEM,strategy-lab-v1.0.0:V2_MR_REWARD,10000.0,False,1784575800000,3
2026-07-20T21:19:07.024481+00:00,DXY,DX-Y.NYB,strategy-lab-v1.0.0:V2_MR_REWARD,10000.0,False,1784581200000,11
2026-07-20T21:19:07.024481+00:00,USDJPY,JPY=X,strategy-lab-v1.0.0:V2_MR_REWARD,10000.0,False,1784581200000,12
2026-07-20T21:19:07.024481+00:00,USDCHF,CHF=X,strategy-lab-v1.0.0:V2_MR_REWARD,10000.0,False,1784581200000,12
2026-07-20T21:19:07.024481+00:00,USDCAD,CAD=X,strategy-lab-v1.0.0:V2_MR_REWARD,10000.0,False,1784581200000,12
2026-07-20T22:17:09.202912+00:00,BTC,BTCUSDT,strategy-lab-v1.0.0:V2_MR_REWARD,10000.0,False,1784584800000,20
2026-07-20T22:17:09.202912+00:00,SOL,SOLUSDT,strategy-lab-v1.0.0:V2_MR_REWARD,10000.0,False,1784584800000,20
2026-07-20T22:17:09.202912+00:00,XRP,XRPUSDT,strategy-lab-v1.0.0:V2_MR_REWARD,10000.0,False,1784584800000,20
2026-07-20T22:17:09.202912+00:00,DOGE,DOGEUSDT,strategy-lab-v1.0.0:V2_MR_REWARD,10000.0,False,1784584800000,20
2026-07-20T22:17:09.202912+00:00,BNB,BNBUSDT,strategy-lab-v1.0.0:V2_MR_REWARD,10000.0,False,1784584800000,20
2026-07-20T22:17:09.202912+00:00,PAXG,PAXGUSDT,strategy-lab-v1.0.0:V2_MR_REWARD,10000.0,False,1784584800000,21
2026-07-20T22:17:09.202912+00:00,GOLD,XAU/USD,strategy-lab-v1.0.0:V2_MR_REWARD,10000.0,False,1784563200000,18
2026-07-20T22:17:09.202912+00:00,SILVER,XAG/USD,strategy-lab-v1.0.0:V2_MR_REWARD,10000.0,False,0,0
2026-07-20T22:17:09.202912+00:00,OIL,WTI/USD,strategy-lab-v1.0.0:V2_MR_REWARD,10000.0,False,0,0
2026-07-20T22:17:09.202912+00:00,GOLD_FUT,GC=F,strategy-lab-v1.0.0:V2_MR_REWARD,10000.0,False,1784584800000,10
2026-07-20T22:17:09.202912+00:00,SILVER_FUT,SI=F,strategy-lab-v1.0.0:V2_MR_REWARD,10000.0,False,1784584800000,10
2026-07-20T22:17:09.202912+00:00,OIL_FUT,CL=F,strategy-lab-v1.0.0:V2_MR_REWARD,10000.0,False,1784584800000,10
2026-07-20T22:17:09.202912+00:00,BRENT_FUT,BZ=F,strategy-lab-v1.0.0:V2_MR_REWARD,10000.0,False,1784584800000,10
2026-07-20T22:17:09.202912+00:00,SPY,SPY,strategy-lab-v1.0.0:V2_MR_REWARD,10000.0,False,1784575800000,3
2026-07-20T22:17:09.202912+00:00,QQQ,QQQ,strategy-lab-v1.0.0:V2_MR_REWARD,10000.0,False,1784575800000,3
2026-07-20T22:17:09.202912+00:00,NVDA,NVDA,strategy-lab-v1.0.0:V2_MR_REWARD,10000.0,False,1784575800000,3
2026-07-20T22:17:09.202912+00:00,MSTR,MSTR,strategy-lab-v1.0.0:V2_MR_REWARD,10000.0,False,1784575800000,3
2026-07-20T22:17:09.202912+00:00,COIN,COIN,strategy-lab-v1.0.0:V2_MR_REWARD,10000.0,False,1784575800000,3
2026-07-20T22:17:09.202912+00:00,MARA,MARA,strategy-lab-v1.0.0:V2_MR_REWARD,10000.0,False,1784575800000,3
2026-07-20T22:17:09.202912+00:00,RIOT,RIOT,strategy-lab-v1.0.0:V2_MR_REWARD,10000.0,False,1784575800000,3
2026-07-20T22:17:09.202912+00:00,GLD,GLD,strategy-lab-v1.0.0:V2_MR_REWARD,10000.0,False,1784575800000,3
2026-07-20T22:17:09.202912+00:00,GDX,GDX,strategy-lab-v1.0.0:V2_MR_REWARD,10000.0,False,1784575800000,3
2026-07-20T22:17:09.202912+00:00,NEM,NEM,strategy-lab-v1.0.0:V2_MR_REWARD,10000.0,False,1784575800000,3
2026-07-20T22:17:09.202912+00:00,DXY,DX-Y.NYB,strategy-lab-v1.0.0:V2_MR_REWARD,10000.0,False,1784584800000,11
2026-07-20T22:17:09.202912+00:00,USDJPY,JPY=X,strategy-lab-v1.0.0:V2_MR_REWARD,10000.0,False,1784584800000,12
2026-07-20T22:17:09.202912+00:00,USDCHF,CHF=X,strategy-lab-v1.0.0:V2_MR_REWARD,10000.0,False,1784584800000,12
2026-07-20T22:17:09.202912+00:00,USDCAD,CAD=X,strategy-lab-v1.0.0:V2_MR_REWARD,10000.0,False,1784584800000,12
2026-07-20T23:18:37.083890+00:00,BTC,BTCUSDT,strategy-lab-v1.0.0:V2_MR_REWARD,10000.0,False,1784588400000,20
2026-07-20T23:18:37.083890+00:00,SOL,SOLUSDT,strategy-lab-v1.0.0:V2_MR_REWARD,10000.0,False,1784588400000,20
2026-07-20T23:18:37.083890+00:00,XRP,XRPUSDT,strategy-lab-v1.0.0:V2_MR_REWARD,10000.0,False,1784588400000,20
2026-07-20T23:18:37.083890+00:00,DOGE,DOGEUSDT,strategy-lab-v1.0.0:V2_MR_REWARD,10000.0,False,1784588400000,20
2026-07-20T23:18:37.083890+00:00,BNB,BNBUSDT,strategy-lab-v1.0.0:V2_MR_REWARD,10000.0,False,1784588400000,20
2026-07-20T23:18:37.083890+00:00,PAXG,PAXGUSDT,strategy-lab-v1.0.0:V2_MR_REWARD,10000.0,False,1784588400000,21
2026-07-20T23:18:37.083890+00:00,GOLD,XAU/USD,strategy-lab-v1.0.0:V2_MR_REWARD,10000.0,False,1784588400000,24
2026-07-20T23:18:37.083890+00:00,SILVER,XAG/USD,strategy-lab-v1.0.0:V2_MR_REWARD,10000.0,False,0,0
2026-07-20T23:18:37.083890+00:00,OIL,WTI/USD,strategy-lab-v1.0.0:V2_MR_REWARD,10000.0,False,0,0
2026-07-20T23:18:37.083890+00:00,GOLD_FUT,GC=F,strategy-lab-v1.0.0:V2_MR_REWARD,10000.0,False,1784588400000,10
2026-07-20T23:18:37.083890+00:00,SILVER_FUT,SI=F,strategy-lab-v1.0.0:V2_MR_REWARD,10000.0,False,1784588400000,10
2026-07-20T23:18:37.083890+00:00,OIL_FUT,CL=F,strategy-lab-v1.0.0:V2_MR_REWARD,10000.0,False,1784588400000,10
2026-07-20T23:18:37.083890+00:00,BRENT_FUT,BZ=F,strategy-lab-v1.0.0:V2_MR_REWARD,10000.0,False,1784588400000,10
2026-07-20T23:18:37.083890+00:00,SPY,SPY,strategy-lab-v1.0.0:V2_MR_REWARD,10000.0,False,1784575800000,3
2026-07-20T23:18:37.083890+00:00,QQQ,QQQ,strategy-lab-v1.0.0:V2_MR_REWARD,10000.0,False,1784575800000,3
2026-07-20T23:18:37.083890+00:00,NVDA,NVDA,strategy-lab-v1.0.0:V2_MR_REWARD,10000.0,False,1784575800000,3
2026-07-20T23:18:37.083890+00:00,MSTR,MSTR,strategy-lab-v1.0.0:V2_MR_REWARD,10000.0,False,1784575800000,3
2026-07-20T23:18:37.083890+00:00,COIN,COIN,strategy-lab-v1.0.0:V2_MR_REWARD,10000.0,False,1784575800000,3
2026-07-20T23:18:37.083890+00:00,MARA,MARA,strategy-lab-v1.0.0:V2_MR_REWARD,10000.0,False,1784575800000,3
2026-07-20T23:18:37.083890+00:00,RIOT,RIOT,strategy-lab-v1.0.0:V2_MR_REWARD,10000.0,False,1784575800000,3
2026-07-20T23:18:37.083890+00:00,GLD,GLD,strategy-lab-v1.0.0:V2_MR_REWARD,10000.0,False,1784575800000,3
2026-07-20T23:18:37.083890+00:00,GDX,GDX,strategy-lab-v1.0.0:V2_MR_REWARD,10000.0,False,1784575800000,3
2026-07-20T23:18:37.083890+00:00,NEM,NEM,strategy-lab-v1.0.0:V2_MR_REWARD,10000.0,False,1784575800000,3
2026-07-20T23:18:37.083890+00:00,DXY,DX-Y.NYB,strategy-lab-v1.0.0:V2_MR_REWARD,10000.0,False,1784584800000,11
2026-07-20T23:18:37.083890+00:00,USDJPY,JPY=X,strategy-lab-v1.0.0:V2_MR_REWARD,10000.0,False,1784588400000,12
2026-07-20T23:18:37.083890+00:00,USDCHF,CHF=X,strategy-lab-v1.0.0:V2_MR_REWARD,10000.0,False,1784588400000,12
2026-07-20T23:18:37.083890+00:00,USDCAD,CAD=X,strategy-lab-v1.0.0:V2_MR_REWARD,10000.0,False,1784588400000,12
2026-07-20T23:27:31.204841+00:00,BTC,BTCUSDT,strategy-lab-v1.0.0:V2_MR_REWARD,10000.0,False,1784588400000,20
2026-07-20T23:27:31.204841+00:00,SOL,SOLUSDT,strategy-lab-v1.0.0:V2_MR_REWARD,10000.0,False,1784588400000,20
2026-07-20T23:27:31.204841+00:00,XRP,XRPUSDT,strategy-lab-v1.0.0:V2_MR_REWARD,10000.0,False,1784588400000,20
2026-07-20T23:27:31.204841+00:00,DOGE,DOGEUSDT,strategy-lab-v1.0.0:V2_MR_REWARD,10000.0,False,1784588400000,20
2026-07-20T23:27:31.204841+00:00,BNB,BNBUSDT,strategy-lab-v1.0.0:V2_MR_REWARD,10000.0,False,1784588400000,20
2026-07-20T23:27:31.204841+00:00,PAXG,PAXGUSDT,strategy-lab-v1.0.0:V2_MR_REWARD,10000.0,False,1784588400000,21
2026-07-20T23:27:31.204841+00:00,GOLD,XAU/USD,strategy-lab-v1.0.0:V2_MR_REWARD,10000.0,False,1784588400000,24
2026-07-20T23:27:31.204841+00:00,SILVER,XAG/USD,strategy-lab-v1.0.0:V2_MR_REWARD,10000.0,False,0,0
2026-07-20T23:27:31.204841+00:00,OIL,WTI/USD,strategy-lab-v1.0.0:V2_MR_REWARD,10000.0,False,0,0
2026-07-20T23:27:31.204841+00:00,GOLD_FUT,GC=F,strategy-lab-v1.0.0:V2_MR_REWARD,10000.0,False,1784588400000,10
2026-07-20T23:27:31.204841+00:00,SILVER_FUT,SI=F,strategy-lab-v1.0.0:V2_MR_REWARD,10000.0,False,1784588400000,10
2026-07-20T23:27:31.204841+00:00,OIL_FUT,CL=F,strategy-lab-v1.0.0:V2_MR_REWARD,10000.0,False,1784588400000,10
2026-07-20T23:27:31.204841+00:00,BRENT_FUT,BZ=F,strategy-lab-v1.0.0:V2_MR_REWARD,10000.0,False,1784588400000,10
2026-07-20T23:27:31.204841+00:00,SPY,SPY,strategy-lab-v1.0.0:V2_MR_REWARD,10000.0,False,1784575800000,3
2026-07-20T23:27:31.204841+00:00,QQQ,QQQ,strategy-lab-v1.0.0:V2_MR_REWARD,10000.0,False,1784575800000,3
2026-07-20T23:27:31.204841+00:00,NVDA,NVDA,strategy-lab-v1.0.0:V2_MR_REWARD,10000.0,False,1784575800000,3
2026-07-20T23:27:31.204841+00:00,MSTR,MSTR,strategy-lab-v1.0.0:V2_MR_REWARD,10000.0,False,1784575800000,3
2026-07-20T23:27:31.204841+00:00,COIN,COIN,strategy-lab-v1.0.0:V2_MR_REWARD,10000.0,False,1784575800000,3
2026-07-20T23:27:31.204841+00:00,MARA,MARA,strategy-lab-v1.0.0:V2_MR_REWARD,10000.0,False,1784575800000,3
2026-07-20T23:27:31.204841+00:00,RIOT,RIOT,strategy-lab-v1.0.0:V2_MR_REWARD,10000.0,False,1784575800000,3
2026-07-20T23:27:31.204841+00:00,GLD,GLD,strategy-lab-v1.0.0:V2_MR_REWARD,10000.0,False,1784575800000,3
2026-07-20T23:27:31.204841+00:00,GDX,GDX,strategy-lab-v1.0.0:V2_MR_REWARD,10000.0,False,1784575800000,3
2026-07-20T23:27:31.204841+00:00,NEM,NEM,strategy-lab-v1.0.0:V2_MR_REWARD,10000.0,False,1784575800000,3
2026-07-20T23:27:31.204841+00:00,DXY,DX-Y.NYB,strategy-lab-v1.0.0:V2_MR_REWARD,10000.0,False,1784584800000,11
2026-07-20T23:27:31.204841+00:00,USDJPY,JPY=X,strategy-lab-v1.0.0:V2_MR_REWARD,10000.0,False,1784588400000,12
2026-07-20T23:27:31.204841+00:00,USDCHF,CHF=X,strategy-lab-v1.0.0:V2_MR_REWARD,10000.0,False,1784588400000,12
2026-07-20T23:27:31.204841+00:00,USDCAD,CAD=X,strategy-lab-v1.0.0:V2_MR_REWARD,10000.0,False,1784588400000,12
2026-07-21T00:15:39.965509+00:00,BTC,BTCUSDT,strategy-lab-v1.0.0:V2_MR_REWARD,10000.0,False,1784592000000,20
2026-07-21T00:15:39.965509+00:00,SOL,SOLUSDT,strategy-lab-v1.0.0:V2_MR_REWARD,10000.0,False,1784592000000,20
2026-07-21T00:15:39.965509+00:00,XRP,XRPUSDT,strategy-lab-v1.0.0:V2_MR_REWARD,10000.0,False,1784592000000,20
2026-07-21T00:15:39.965509+00:00,DOGE,DOGEUSDT,strategy-lab-v1.0.0:V2_MR_REWARD,10000.0,False,1784592000000,20
2026-07-21T00:15:39.965509+00:00,BNB,BNBUSDT,strategy-lab-v1.0.0:V2_MR_REWARD,10000.0,False,1784592000000,20
2026-07-21T00:15:39.965509+00:00,PAXG,PAXGUSDT,strategy-lab-v1.0.0:V2_MR_REWARD,10000.0,False,1784592000000,21
2026-07-21T00:15:39.965509+00:00,GOLD,XAU/USD,strategy-lab-v1.0.0:V2_MR_REWARD,10000.0,False,1784588400000,24
2026-07-21T00:15:39.965509+00:00,SILVER,XAG/USD,strategy-lab-v1.0.0:V2_MR_REWARD,10000.0,False,0,0
2026-07-21T00:15:39.965509+00:00,OIL,WTI/USD,strategy-lab-v1.0.0:V2_MR_REWARD,10000.0,False,0,0
2026-07-21T00:15:39.965509+00:00,GOLD_FUT,GC=F,strategy-lab-v1.0.0:V2_MR_REWARD,10000.0,False,1784592000000,10
2026-07-21T00:15:39.965509+00:00,SILVER_FUT,SI=F,strategy-lab-v1.0.0:V2_MR_REWARD,10000.0,False,1784592000000,10
2026-07-21T00:15:39.965509+00:00,OIL_FUT,CL=F,strategy-lab-v1.0.0:V2_MR_REWARD,10000.0,False,1784592000000,10
2026-07-21T00:15:39.965509+00:00,BRENT_FUT,BZ=F,strategy-lab-v1.0.0:V2_MR_REWARD,10000.0,False,1784592000000,10
2026-07-21T00:15:39.965509+00:00,SPY,SPY,strategy-lab-v1.0.0:V2_MR_REWARD,10000.0,False,1784575800000,3
2026-07-21T00:15:39.965509+00:00,QQQ,QQQ,strategy-lab-v1.0.0:V2_MR_REWARD,10000.0,False,1784575800000,3
2026-07-21T00:15:39.965509+00:00,NVDA,NVDA,strategy-lab-v1.0.0:V2_MR_REWARD,10000.0,False,1784575800000,3
2026-07-21T00:15:39.965509+00:00,MSTR,MSTR,strategy-lab-v1.0.0:V2_MR_REWARD,10000.0,False,1784575800000,3
2026-07-21T00:15:39.965509+00:00,COIN,COIN,strategy-lab-v1.0.0:V2_MR_REWARD,10000.0,False,1784575800000,3
2026-07-21T00:15:39.965509+00:00,MARA,MARA,strategy-lab-v1.0.0:V2_MR_REWARD,10000.0,False,1784575800000,3
2026-07-21T00:15:39.965509+00:00,RIOT,RIOT,strategy-lab-v1.0.0:V2_MR_REWARD,10000.0,False,1784575800000,3
2026-07-21T00:15:39.965509+00:00,GLD,GLD,strategy-lab-v1.0.0:V2_MR_REWARD,10000.0,False,1784575800000,3
2026-07-21T00:15:39.965509+00:00,GDX,GDX,strategy-lab-v1.0.0:V2_MR_REWARD,10000.0,False,1784575800000,3
2026-07-21T00:15:39.965509+00:00,NEM,NEM,strategy-lab-v1.0.0:V2_MR_REWARD,10000.0,False,1784575800000,3
2026-07-21T00:15:39.965509+00:00,DXY,DX-Y.NYB,strategy-lab-v1.0.0:V2_MR_REWARD,10000.0,False,1784592000000,12
2026-07-21T00:15:39.965509+00:00,USDJPY,JPY=X,strategy-lab-v1.0.0:V2_MR_REWARD,10000.0,False,1784592000000,12
2026-07-21T00:15:39.965509+00:00,USDCHF,CHF=X,strategy-lab-v1.0.0:V2_MR_REWARD,10000.0,False,1784592000000,12
2026-07-21T00:15:39.965509+00:00,USDCAD,CAD=X,strategy-lab-v1.0.0:V2_MR_REWARD,10000.0,False,1784592000000,12
2026-07-21T03:50:05.601446+00:00,BTC,BTCUSDT,strategy-lab-v1.0.0:V2_MR_REWARD,10000.0,False,1784602800000,22
2026-07-21T03:50:05.601446+00:00,SOL,SOLUSDT,strategy-lab-v1.0.0:V2_MR_REWARD,10000.0,False,1784602800000,22
2026-07-21T03:50:05.601446+00:00,XRP,XRPUSDT,strategy-lab-v1.0.0:V2_MR_REWARD,10000.0,False,1784602800000,22
2026-07-21T03:50:05.601446+00:00,DOGE,DOGEUSDT,strategy-lab-v1.0.0:V2_MR_REWARD,10000.0,False,1784602800000,22
2026-07-21T03:50:05.601446+00:00,BNB,BNBUSDT,strategy-lab-v1.0.0:V2_MR_REWARD,10000.0,False,1784602800000,22
2026-07-21T03:50:05.601446+00:00,PAXG,PAXGUSDT,strategy-lab-v1.0.0:V2_MR_REWARD,10000.0,False,1784602800000,23
2026-07-21T03:50:05.601446+00:00,GOLD,XAU/USD,strategy-lab-v1.0.0:V2_MR_REWARD,10000.0,False,1784588400000,24
2026-07-21T03:50:05.601446+00:00,SILVER,XAG/USD,strategy-lab-v1.0.0:V2_MR_REWARD,10000.0,False,0,0
2026-07-21T03:50:05.601446+00:00,OIL,WTI/USD,strategy-lab-v1.0.0:V2_MR_REWARD,10000.0,False,0,0
2026-07-21T03:50:05.601446+00:00,GOLD_FUT,GC=F,strategy-lab-v1.0.0:V2_MR_REWARD,10000.0,False,1784602800000,12
2026-07-21T03:50:05.601446+00:00,SILVER_FUT,SI=F,strategy-lab-v1.0.0:V2_MR_REWARD,10000.0,False,1784602800000,12
2026-07-21T03:50:05.601446+00:00,OIL_FUT,CL=F,strategy-lab-v1.0.0:V2_MR_REWARD,10000.0,False,1784602800000,12
2026-07-21T03:50:05.601446+00:00,BRENT_FUT,BZ=F,strategy-lab-v1.0.0:V2_MR_REWARD,10000.0,False,1784602800000,12
2026-07-21T03:50:05.601446+00:00,SPY,SPY,strategy-lab-v1.0.0:V2_MR_REWARD,10000.0,False,1784575800000,3
2026-07-21T03:50:05.601446+00:00,QQQ,QQQ,strategy-lab-v1.0.0:V2_MR_REWARD,10000.0,False,1784575800000,3
2026-07-21T03:50:05.601446+00:00,NVDA,NVDA,strategy-lab-v1.0.0:V2_MR_REWARD,10000.0,False,1784575800000,3
2026-07-21T03:50:05.601446+00:00,MSTR,MSTR,strategy-lab-v1.0.0:V2_MR_REWARD,10000.0,False,1784575800000,3
2026-07-21T03:50:05.601446+00:00,COIN,COIN,strategy-lab-v1.0.0:V2_MR_REWARD,10000.0,False,1784575800000,3
2026-07-21T03:50:05.601446+00:00,MARA,MARA,strategy-lab-v1.0.0:V2_MR_REWARD,10000.0,False,1784575800000,3
2026-07-21T03:50:05.601446+00:00,RIOT,RIOT,strategy-lab-v1.0.0:V2_MR_REWARD,10000.0,False,1784575800000,3
2026-07-21T03:50:05.601446+00:00,GLD,GLD,strategy-lab-v1.0.0:V2_MR_REWARD,10000.0,False,1784575800000,3
2026-07-21T03:50:05.601446+00:00,GDX,GDX,strategy-lab-v1.0.0:V2_MR_REWARD,10000.0,False,1784575800000,3
2026-07-21T03:50:05.601446+00:00,NEM,NEM,strategy-lab-v1.0.0:V2_MR_REWARD,10000.0,False,1784575800000,3
2026-07-21T03:50:05.601446+00:00,DXY,DX-Y.NYB,strategy-lab-v1.0.0:V2_MR_REWARD,10000.0,False,1784602800000,14
2026-07-21T03:50:05.601446+00:00,USDJPY,JPY=X,strategy-lab-v1.0.0:V2_MR_REWARD,10000.0,False,1784602800000,14
2026-07-21T03:50:05.601446+00:00,USDCHF,CHF=X,strategy-lab-v1.0.0:V2_MR_REWARD,10000.0,False,1784602800000,14
2026-07-21T03:50:05.601446+00:00,USDCAD,CAD=X,strategy-lab-v1.0.0:V2_MR_REWARD,10000.0,False,1784602800000,14
2026-07-21T06:19:33.059339+00:00,BTC,BTCUSDT,strategy-lab-v1.0.0:V2_MR_REWARD,10000.0,False,1784613600000,24
2026-07-21T06:19:33.059339+00:00,SOL,SOLUSDT,strategy-lab-v1.0.0:V2_MR_REWARD,10000.0,False,1784613600000,24
2026-07-21T06:19:33.059339+00:00,XRP,XRPUSDT,strategy-lab-v1.0.0:V2_MR_REWARD,10000.0,False,1784613600000,24
2026-07-21T06:19:33.059339+00:00,DOGE,DOGEUSDT,strategy-lab-v1.0.0:V2_MR_REWARD,10000.0,False,1784613600000,24
2026-07-21T06:19:33.059339+00:00,BNB,BNBUSDT,strategy-lab-v1.0.0:V2_MR_REWARD,10000.0,False,1784613600000,24
2026-07-21T06:19:33.059339+00:00,PAXG,PAXGUSDT,strategy-lab-v1.0.0:V2_MR_REWARD,10000.0,False,1784613600000,25
2026-07-21T06:19:33.059339+00:00,GOLD,XAU/USD,strategy-lab-v1.0.0:V2_MR_REWARD,10000.0,False,1784613600000,30
2026-07-21T06:19:33.059339+00:00,SILVER,XAG/USD,strategy-lab-v1.0.0:V2_MR_REWARD,10000.0,False,0,0
2026-07-21T06:19:33.059339+00:00,OIL,WTI/USD,strategy-lab-v1.0.0:V2_MR_REWARD,10000.0,False,0,0
2026-07-21T06:19:33.059339+00:00,GOLD_FUT,GC=F,strategy-lab-v1.0.0:V2_MR_REWARD,10000.0,False,1784613600000,14
2026-07-21T06:19:33.059339+00:00,SILVER_FUT,SI=F,strategy-lab-v1.0.0:V2_MR_REWARD,10000.0,False,1784613600000,14
2026-07-21T06:19:33.059339+00:00,OIL_FUT,CL=F,strategy-lab-v1.0.0:V2_MR_REWARD,10000.0,False,1784613600000,14
2026-07-21T06:19:33.059339+00:00,BRENT_FUT,BZ=F,strategy-lab-v1.0.0:V2_MR_REWARD,10000.0,False,1784613600000,14
2026-07-21T06:19:33.059339+00:00,SPY,SPY,strategy-lab-v1.0.0:V2_MR_REWARD,10000.0,False,1784575800000,3
2026-07-21T06:19:33.059339+00:00,QQQ,QQQ,strategy-lab-v1.0.0:V2_MR_REWARD,10000.0,False,1784575800000,3
2026-07-21T06:19:33.059339+00:00,NVDA,NVDA,strategy-lab-v1.0.0:V2_MR_REWARD,10000.0,False,1784575800000,3
2026-07-21T06:19:33.059339+00:00,MSTR,MSTR,strategy-lab-v1.0.0:V2_MR_REWARD,10000.0,False,1784575800000,3
2026-07-21T06:19:33.059339+00:00,COIN,COIN,strategy-lab-v1.0.0:V2_MR_REWARD,10000.0,False,1784575800000,3
2026-07-21T06:19:33.059339+00:00,MARA,MARA,strategy-lab-v1.0.0:V2_MR_REWARD,10000.0,False,1784575800000,3
2026-07-21T06:19:33.059339+00:00,RIOT,RIOT,strategy-lab-v1.0.0:V2_MR_REWARD,10000.0,False,1784575800000,3
2026-07-21T06:19:33.059339+00:00,GLD,GLD,strategy-lab-v1.0.0:V2_MR_REWARD,10000.0,False,1784575800000,3
2026-07-21T06:19:33.059339+00:00,GDX,GDX,strategy-lab-v1.0.0:V2_MR_REWARD,10000.0,False,1784575800000,3
2026-07-21T06:19:33.059339+00:00,NEM,NEM,strategy-lab-v1.0.0:V2_MR_REWARD,10000.0,False,1784575800000,3
2026-07-21T06:19:33.059339+00:00,DXY,DX-Y.NYB,strategy-lab-v1.0.0:V2_MR_REWARD,10000.0,False,1784613600000,16
2026-07-21T06:19:33.059339+00:00,USDJPY,JPY=X,strategy-lab-v1.0.0:V2_MR_REWARD,10000.0,False,1784613600000,16
2026-07-21T06:19:33.059339+00:00,USDCHF,CHF=X,strategy-lab-v1.0.0:V2_MR_REWARD,10000.0,False,1784613600000,16
2026-07-21T06:19:33.059339+00:00,USDCAD,CAD=X,strategy-lab-v1.0.0:V2_MR_REWARD,10000.0,False,1784613600000,16
2026-07-21T09:06:43.145165+00:00,BTC,BTCUSDT,strategy-lab-v1.0.0:V2_MR_REWARD,10000.0,False,1784624400000,26
2026-07-21T09:06:43.145165+00:00,SOL,SOLUSDT,strategy-lab-v1.0.0:V2_MR_REWARD,10000.0,False,1784624400000,26
2026-07-21T09:06:43.145165+00:00,XRP,XRPUSDT,strategy-lab-v1.0.0:V2_MR_REWARD,10000.0,False,1784624400000,26
2026-07-21T09:06:43.145165+00:00,DOGE,DOGEUSDT,strategy-lab-v1.0.0:V2_MR_REWARD,10000.0,False,1784624400000,26
2026-07-21T09:06:43.145165+00:00,BNB,BNBUSDT,strategy-lab-v1.0.0:V2_MR_REWARD,10000.0,False,1784624400000,26
2026-07-21T09:06:43.145165+00:00,PAXG,PAXGUSDT,strategy-lab-v1.0.0:V2_MR_REWARD,10000.0,False,1784620800000,26
2026-07-21T09:06:43.145165+00:00,GOLD,XAU/USD,strategy-lab-v1.0.0:V2_MR_REWARD,10000.0,False,1784613600000,30
2026-07-21T09:06:43.145165+00:00,SILVER,XAG/USD,strategy-lab-v1.0.0:V2_MR_REWARD,10000.0,False,0,0
2026-07-21T09:06:43.145165+00:00,OIL,WTI/USD,strategy-lab-v1.0.0:V2_MR_REWARD,10000.0,False,0,0
2026-07-21T09:06:43.145165+00:00,GOLD_FUT,GC=F,strategy-lab-v1.0.0:V2_MR_REWARD,10000.0,False,1784620800000,15
2026-07-21T09:06:43.145165+00:00,SILVER_FUT,SI=F,strategy-lab-v1.0.0:V2_MR_REWARD,10000.0,False,1784620800000,15
2026-07-21T09:06:43.145165+00:00,OIL_FUT,CL=F,strategy-lab-v1.0.0:V2_MR_REWARD,10000.0,False,1784620800000,15
2026-07-21T09:06:43.145165+00:00,BRENT_FUT,BZ=F,strategy-lab-v1.0.0:V2_MR_REWARD,10000.0,False,1784620800000,15
2026-07-21T09:06:43.145165+00:00,SPY,SPY,strategy-lab-v1.0.0:V2_MR_REWARD,10000.0,False,1784575800000,3
2026-07-21T09:06:43.145165+00:00,QQQ,QQQ,strategy-lab-v1.0.0:V2_MR_REWARD,10000.0,False,1784575800000,3
2026-07-21T09:06:43.145165+00:00,NVDA,NVDA,strategy-lab-v1.0.0:V2_MR_REWARD,10000.0,False,1784575800000,3
2026-07-21T09:06:43.145165+00:00,MSTR,MSTR,strategy-lab-v1.0.0:V2_MR_REWARD,10000.0,False,1784575800000,3
2026-07-21T09:06:43.145165+00:00,COIN,COIN,strategy-lab-v1.0.0:V2_MR_REWARD,10000.0,False,1784575800000,3
2026-07-21T09:06:43.145165+00:00,MARA,MARA,strategy-lab-v1.0.0:V2_MR_REWARD,10000.0,False,1784575800000,3
2026-07-21T09:06:43.145165+00:00,RIOT,RIOT,strategy-lab-v1.0.0:V2_MR_REWARD,10000.0,False,1784575800000,3
2026-07-21T09:06:43.145165+00:00,GLD,GLD,strategy-lab-v1.0.0:V2_MR_REWARD,10000.0,False,1784575800000,3
2026-07-21T09:06:43.145165+00:00,GDX,GDX,strategy-lab-v1.0.0:V2_MR_REWARD,10000.0,False,1784575800000,3
2026-07-21T09:06:43.145165+00:00,NEM,NEM,strategy-lab-v1.0.0:V2_MR_REWARD,10000.0,False,1784575800000,3
2026-07-21T09:06:43.145165+00:00,DXY,DX-Y.NYB,strategy-lab-v1.0.0:V2_MR_REWARD,10000.0,False,1784620800000,17
2026-07-21T09:06:43.145165+00:00,USDJPY,JPY=X,strategy-lab-v1.0.0:V2_MR_REWARD,10000.0,False,1784624400000,18
2026-07-21T09:06:43.145165+00:00,USDCHF,CHF=X,strategy-lab-v1.0.0:V2_MR_REWARD,10000.0,False,1784624400000,18
2026-07-21T09:06:43.145165+00:00,USDCAD,CAD=X,strategy-lab-v1.0.0:V2_MR_REWARD,10000.0,False,1784624400000,18
2026-07-21T11:17:40.200326+00:00,BTC,BTCUSDT,strategy-lab-v1.0.0:V2_MR_REWARD,10000.0,False,1784631600000,27
2026-07-21T11:17:40.200326+00:00,SOL,SOLUSDT,strategy-lab-v1.0.0:V2_MR_REWARD,10000.0,False,1784631600000,27
2026-07-21T11:17:40.200326+00:00,XRP,XRPUSDT,strategy-lab-v1.0.0:V2_MR_REWARD,10000.0,False,1784631600000,27
2026-07-21T11:17:40.200326+00:00,DOGE,DOGEUSDT,strategy-lab-v1.0.0:V2_MR_REWARD,10000.0,False,1784631600000,27
2026-07-21T11:17:40.200326+00:00,BNB,BNBUSDT,strategy-lab-v1.0.0:V2_MR_REWARD,10000.0,False,1784631600000,27
2026-07-21T11:17:40.200326+00:00,PAXG,PAXGUSDT,strategy-lab-v1.0.0:V2_MR_REWARD,10000.0,False,1784631600000,28
2026-07-21T11:17:40.200326+00:00,GOLD,XAU/USD,strategy-lab-v1.0.0:V2_MR_REWARD,10000.0,False,1784613600000,30
2026-07-21T11:17:40.200326+00:00,SILVER,XAG/USD,strategy-lab-v1.0.0:V2_MR_REWARD,10000.0,False,0,0
2026-07-21T11:17:40.200326+00:00,OIL,WTI/USD,strategy-lab-v1.0.0:V2_MR_REWARD,10000.0,False,0,0
2026-07-21T11:17:40.200326+00:00,GOLD_FUT,GC=F,strategy-lab-v1.0.0:V2_MR_REWARD,10000.0,False,1784631600000,17
2026-07-21T11:17:40.200326+00:00,SILVER_FUT,SI=F,strategy-lab-v1.0.0:V2_MR_REWARD,10000.0,False,1784631600000,17
2026-07-21T11:17:40.200326+00:00,OIL_FUT,CL=F,strategy-lab-v1.0.0:V2_MR_REWARD,10000.0,False,1784631600000,17
2026-07-21T11:17:40.200326+00:00,BRENT_FUT,BZ=F,strategy-lab-v1.0.0:V2_MR_REWARD,10000.0,False,1784631600000,17
2026-07-21T11:17:40.200326+00:00,SPY,SPY,strategy-lab-v1.0.0:V2_MR_REWARD,10000.0,False,1784575800000,3
2026-07-21T11:17:40.200326+00:00,QQQ,QQQ,strategy-lab-v1.0.0:V2_MR_REWARD,10000.0,False,1784575800000,3
2026-07-21T11:17:40.200326+00:00,NVDA,NVDA,strategy-lab-v1.0.0:V2_MR_REWARD,10000.0,False,1784575800000,3
2026-07-21T11:17:40.200326+00:00,MSTR,MSTR,strategy-lab-v1.0.0:V2_MR_REWARD,10000.0,False,1784575800000,3
2026-07-21T11:17:40.200326+00:00,COIN,COIN,strategy-lab-v1.0.0:V2_MR_REWARD,10000.0,False,1784575800000,3
2026-07-21T11:17:40.200326+00:00,MARA,MARA,strategy-lab-v1.0.0:V2_MR_REWARD,10000.0,False,1784575800000,3
2026-07-21T11:17:40.200326+00:00,RIOT,RIOT,strategy-lab-v1.0.0:V2_MR_REWARD,10000.0,False,1784575800000,3
2026-07-21T11:17:40.200326+00:00,GLD,GLD,strategy-lab-v1.0.0:V2_MR_REWARD,10000.0,False,1784575800000,3
2026-07-21T11:17:40.200326+00:00,GDX,GDX,strategy-lab-v1.0.0:V2_MR_REWARD,10000.0,False,1784575800000,3
2026-07-21T11:17:40.200326+00:00,NEM,NEM,strategy-lab-v1.0.0:V2_MR_REWARD,10000.0,False,1784575800000,3
2026-07-21T11:17:40.200326+00:00,DXY,DX-Y.NYB,strategy-lab-v1.0.0:V2_MR_REWARD,10000.0,False,1784631600000,19
2026-07-21T11:17:40.200326+00:00,USDJPY,JPY=X,strategy-lab-v1.0.0:V2_MR_REWARD,10000.0,False,1784631600000,19
2026-07-21T11:17:40.200326+00:00,USDCHF,CHF=X,strategy-lab-v1.0.0:V2_MR_REWARD,10000.0,False,1784631600000,19
2026-07-21T11:17:40.200326+00:00,USDCAD,CAD=X,strategy-lab-v1.0.0:V2_MR_REWARD,10000.0,False,1784631600000,19
2026-07-21T12:47:51.990604+00:00,BTC,BTCUSDT,strategy-lab-v1.0.0:V2_MR_REWARD,10000.0,False,1784635200000,27
2026-07-21T12:47:51.990604+00:00,SOL,SOLUSDT,strategy-lab-v1.0.0:V2_MR_REWARD,10000.0,False,1784635200000,27
2026-07-21T12:47:51.990604+00:00,XRP,XRPUSDT,strategy-lab-v1.0.0:V2_MR_REWARD,10000.0,False,1784635200000,27
2026-07-21T12:47:51.990604+00:00,DOGE,DOGEUSDT,strategy-lab-v1.0.0:V2_MR_REWARD,10000.0,False,1784635200000,27
2026-07-21T12:47:51.990604+00:00,BNB,BNBUSDT,strategy-lab-v1.0.0:V2_MR_REWARD,10000.0,False,1784635200000,27
2026-07-21T12:47:51.990604+00:00,PAXG,PAXGUSDT,strategy-lab-v1.0.0:V2_MR_REWARD,10000.0,False,1784635200000,28
2026-07-21T12:47:51.990604+00:00,GOLD,XAU/USD,strategy-lab-v1.0.0:V2_MR_REWARD,10000.0,False,1784613600000,30
2026-07-21T12:47:51.990604+00:00,SILVER,XAG/USD,strategy-lab-v1.0.0:V2_MR_REWARD,10000.0,False,0,0
2026-07-21T12:47:51.990604+00:00,OIL,WTI/USD,strategy-lab-v1.0.0:V2_MR_REWARD,10000.0,False,0,0
2026-07-21T12:47:51.990604+00:00,GOLD_FUT,GC=F,strategy-lab-v1.0.0:V2_MR_REWARD,10000.0,False,1784635200000,17
2026-07-21T12:47:51.990604+00:00,SILVER_FUT,SI=F,strategy-lab-v1.0.0:V2_MR_REWARD,10000.0,False,1784635200000,17
2026-07-21T12:47:51.990604+00:00,OIL_FUT,CL=F,strategy-lab-v1.0.0:V2_MR_REWARD,10000.0,False,1784635200000,17
2026-07-21T12:47:51.990604+00:00,BRENT_FUT,BZ=F,strategy-lab-v1.0.0:V2_MR_REWARD,10000.0,False,1784635200000,17
2026-07-21T12:47:51.990604+00:00,SPY,SPY,strategy-lab-v1.0.0:V2_MR_REWARD,10000.0,False,1784575800000,3
2026-07-21T12:47:51.990604+00:00,QQQ,QQQ,strategy-lab-v1.0.0:V2_MR_REWARD,10000.0,False,1784575800000,3
2026-07-21T12:47:51.990604+00:00,NVDA,NVDA,strategy-lab-v1.0.0:V2_MR_REWARD,10000.0,False,1784575800000,3
2026-07-21T12:47:51.990604+00:00,MSTR,MSTR,strategy-lab-v1.0.0:V2_MR_REWARD,10000.0,False,1784575800000,3
2026-07-21T12:47:51.990604+00:00,COIN,COIN,strategy-lab-v1.0.0:V2_MR_REWARD,10000.0,False,1784575800000,3
2026-07-21T12:47:51.990604+00:00,MARA,MARA,strategy-lab-v1.0.0:V2_MR_REWARD,10000.0,False,1784575800000,3
2026-07-21T12:47:51.990604+00:00,RIOT,RIOT,strategy-lab-v1.0.0:V2_MR_REWARD,10000.0,False,1784575800000,3
2026-07-21T12:47:51.990604+00:00,GLD,GLD,strategy-lab-v1.0.0:V2_MR_REWARD,10000.0,False,1784575800000,3
2026-07-21T12:47:51.990604+00:00,GDX,GDX,strategy-lab-v1.0.0:V2_MR_REWARD,10000.0,False,1784575800000,3
2026-07-21T12:47:51.990604+00:00,NEM,NEM,strategy-lab-v1.0.0:V2_MR_REWARD,10000.0,False,1784575800000,3
2026-07-21T12:47:51.990604+00:00,DXY,DX-Y.NYB,strategy-lab-v1.0.0:V2_MR_REWARD,10000.0,False,1784635200000,19
2026-07-21T12:47:51.990604+00:00,USDJPY,JPY=X,strategy-lab-v1.0.0:V2_MR_REWARD,10000.0,False,1784635200000,19
2026-07-21T12:47:51.990604+00:00,USDCHF,CHF=X,strategy-lab-v1.0.0:V2_MR_REWARD,10000.0,False,1784635200000,19
2026-07-21T12:47:51.990604+00:00,USDCAD,CAD=X,strategy-lab-v1.0.0:V2_MR_REWARD,10000.0,False,1784635200000,19
2026-07-21T14:50:35.011279+00:00,BTC,BTCUSDT,strategy-lab-v1.0.0:V2_MR_REWARD,10000.0,False,1784642400000,28
2026-07-21T14:50:35.011279+00:00,SOL,SOLUSDT,strategy-lab-v1.0.0:V2_MR_REWARD,10000.0,False,1784642400000,28
2026-07-21T14:50:35.011279+00:00,XRP,XRPUSDT,strategy-lab-v1.0.0:V2_MR_REWARD,10000.0,False,1784642400000,28
2026-07-21T14:50:35.011279+00:00,DOGE,DOGEUSDT,strategy-lab-v1.0.0:V2_MR_REWARD,10000.0,False,1784642400000,28
2026-07-21T14:50:35.011279+00:00,BNB,BNBUSDT,strategy-lab-v1.0.0:V2_MR_REWARD,10000.0,False,1784642400000,28
2026-07-21T14:50:35.011279+00:00,PAXG,PAXGUSDT,strategy-lab-v1.0.0:V2_MR_REWARD,10000.0,False,1784642400000,29
2026-07-21T14:50:35.011279+00:00,GOLD,XAU/USD,strategy-lab-v1.0.0:V2_MR_REWARD,10000.0,False,1784642400000,37
2026-07-21T14:50:35.011279+00:00,SILVER,XAG/USD,strategy-lab-v1.0.0:V2_MR_REWARD,10000.0,False,0,0
2026-07-21T14:50:35.011279+00:00,OIL,WTI/USD,strategy-lab-v1.0.0:V2_MR_REWARD,10000.0,False,0,0
2026-07-21T14:50:35.011279+00:00,GOLD_FUT,GC=F,strategy-lab-v1.0.0:V2_MR_REWARD,10000.0,False,1784642400000,18
2026-07-21T14:50:35.011279+00:00,SILVER_FUT,SI=F,strategy-lab-v1.0.0:V2_MR_REWARD,10000.0,False,1784642400000,18
2026-07-21T14:50:35.011279+00:00,OIL_FUT,CL=F,strategy-lab-v1.0.0:V2_MR_REWARD,10000.0,False,1784642400000,18
2026-07-21T14:50:35.011279+00:00,BRENT_FUT,BZ=F,strategy-lab-v1.0.0:V2_MR_REWARD,10000.0,False,1784642400000,18
2026-07-21T14:50:35.011279+00:00,SPY,SPY,strategy-lab-v1.0.0:V2_MR_REWARD,10000.0,False,1784644200000,4
2026-07-21T14:50:35.011279+00:00,QQQ,QQQ,strategy-lab-v1.0.0:V2_MR_REWARD,10000.0,False,1784644200000,4
2026-07-21T14:50:35.011279+00:00,NVDA,NVDA,strategy-lab-v1.0.0:V2_MR_REWARD,10000.0,False,1784644200000,4
2026-07-21T14:50:35.011279+00:00,MSTR,MSTR,strategy-lab-v1.0.0:V2_MR_REWARD,10000.0,False,1784644200000,4
2026-07-21T14:50:35.011279+00:00,COIN,COIN,strategy-lab-v1.0.0:V2_MR_REWARD,10000.0,False,1784644200000,4
2026-07-21T14:50:35.011279+00:00,MARA,MARA,strategy-lab-v1.0.0:V2_MR_REWARD,10000.0,False,1784644200000,4
2026-07-21T14:50:35.011279+00:00,RIOT,RIOT,strategy-lab-v1.0.0:V2_MR_REWARD,10000.0,False,1784644200000,4
2026-07-21T14:50:35.011279+00:00,GLD,GLD,strategy-lab-v1.0.0:V2_MR_REWARD,10000.0,False,1784644200000,4
2026-07-21T14:50:35.011279+00:00,GDX,GDX,strategy-lab-v1.0.0:V2_MR_REWARD,10000.0,False,1784644200000,4
2026-07-21T14:50:35.011279+00:00,NEM,NEM,strategy-lab-v1.0.0:V2_MR_REWARD,10000.0,False,1784644200000,4
2026-07-21T14:50:35.011279+00:00,DXY,DX-Y.NYB,strategy-lab-v1.0.0:V2_MR_REWARD,10000.0,False,1784642400000,20
2026-07-21T14:50:35.011279+00:00,USDJPY,JPY=X,strategy-lab-v1.0.0:V2_MR_REWARD,10000.0,False,1784642400000,20
2026-07-21T14:50:35.011279+00:00,USDCHF,CHF=X,strategy-lab-v1.0.0:V2_MR_REWARD,10000.0,False,1784642400000,20
2026-07-21T14:50:35.011279+00:00,USDCAD,CAD=X,strategy-lab-v1.0.0:V2_MR_REWARD,10000.0,False,1784642400000,20
2026-07-21T16:10:45.426719+00:00,BTC,BTCUSDT,strategy-lab-v1.0.0:V2_MR_REWARD,10000.0,False,1784649600000,29
2026-07-21T16:10:45.426719+00:00,SOL,SOLUSDT,strategy-lab-v1.0.0:V2_MR_REWARD,10000.0,False,1784649600000,29
2026-07-21T16:10:45.426719+00:00,XRP,XRPUSDT,strategy-lab-v1.0.0:V2_MR_REWARD,10000.0,False,1784649600000,29
2026-07-21T16:10:45.426719+00:00,DOGE,DOGEUSDT,strategy-lab-v1.0.0:V2_MR_REWARD,10000.0,False,1784649600000,29
2026-07-21T16:10:45.426719+00:00,BNB,BNBUSDT,strategy-lab-v1.0.0:V2_MR_REWARD,10000.0,False,1784649600000,29
2026-07-21T16:10:45.426719+00:00,PAXG,PAXGUSDT,strategy-lab-v1.0.0:V2_MR_REWARD,10000.0,False,1784649600000,30
2026-07-21T16:10:45.426719+00:00,GOLD,XAU/USD,strategy-lab-v1.0.0:V2_MR_REWARD,10000.0,False,1784642400000,37
2026-07-21T16:10:45.426719+00:00,SILVER,XAG/USD,strategy-lab-v1.0.0:V2_MR_REWARD,10000.0,False,0,0
2026-07-21T16:10:45.426719+00:00,OIL,WTI/USD,strategy-lab-v1.0.0:V2_MR_REWARD,10000.0,False,0,0
2026-07-21T16:10:45.426719+00:00,GOLD_FUT,GC=F,strategy-lab-v1.0.0:V2_MR_REWARD,10000.0,False,1784649600000,19
2026-07-21T16:10:45.426719+00:00,SILVER_FUT,SI=F,strategy-lab-v1.0.0:V2_MR_REWARD,10000.0,False,1784649600000,19
2026-07-21T16:10:45.426719+00:00,OIL_FUT,CL=F,strategy-lab-v1.0.0:V2_MR_REWARD,10000.0,False,1784649600000,19
2026-07-21T16:10:45.426719+00:00,BRENT_FUT,BZ=F,strategy-lab-v1.0.0:V2_MR_REWARD,10000.0,False,1784649600000,19
2026-07-21T16:10:45.426719+00:00,SPY,SPY,strategy-lab-v1.0.0:V2_MR_REWARD,10000.0,False,1784647800000,4
2026-07-21T16:10:45.426719+00:00,QQQ,QQQ,strategy-lab-v1.0.0:V2_MR_REWARD,10000.0,False,1784647800000,4
2026-07-21T16:10:45.426719+00:00,NVDA,NVDA,strategy-lab-v1.0.0:V2_MR_REWARD,10000.0,False,1784647800000,4
2026-07-21T16:10:45.426719+00:00,MSTR,MSTR,strategy-lab-v1.0.0:V2_MR_REWARD,10000.0,False,1784647800000,4
2026-07-21T16:10:45.426719+00:00,COIN,COIN,strategy-lab-v1.0.0:V2_MR_REWARD,10000.0,False,1784647800000,4
2026-07-21T16:10:45.426719+00:00,MARA,MARA,strategy-lab-v1.0.0:V2_MR_REWARD,10000.0,False,1784647800000,4
2026-07-21T16:10:45.426719+00:00,RIOT,RIOT,strategy-lab-v1.0.0:V2_MR_REWARD,10000.0,False,1784647800000,4
2026-07-21T16:10:45.426719+00:00,GLD,GLD,strategy-lab-v1.0.0:V2_MR_REWARD,10000.0,False,1784647800000,4
2026-07-21T16:10:45.426719+00:00,GDX,GDX,strategy-lab-v1.0.0:V2_MR_REWARD,10000.0,False,1784647800000,4
2026-07-21T16:10:45.426719+00:00,NEM,NEM,strategy-lab-v1.0.0:V2_MR_REWARD,10000.0,False,1784647800000,4
2026-07-21T16:10:45.426719+00:00,DXY,DX-Y.NYB,strategy-lab-v1.0.0:V2_MR_REWARD,10000.0,False,1784649600000,21
2026-07-21T16:10:45.426719+00:00,USDJPY,JPY=X,strategy-lab-v1.0.0:V2_MR_REWARD,10000.0,False,1784649600000,21
2026-07-21T16:10:45.426719+00:00,USDCHF,CHF=X,strategy-lab-v1.0.0:V2_MR_REWARD,10000.0,False,1784649600000,21
2026-07-21T16:10:45.426719+00:00,USDCAD,CAD=X,strategy-lab-v1.0.0:V2_MR_REWARD,10000.0,False,1784649600000,21
2026-07-21T17:44:44.183080+00:00,BTC,BTCUSDT,strategy-lab-v1.0.0:V2_MR_REWARD,10000.0,False,1784653200000,29
2026-07-21T17:44:44.183080+00:00,SOL,SOLUSDT,strategy-lab-v1.0.0:V2_MR_REWARD,10000.0,False,1784653200000,29
2026-07-21T17:44:44.183080+00:00,XRP,XRPUSDT,strategy-lab-v1.0.0:V2_MR_REWARD,10000.0,False,1784653200000,29
2026-07-21T17:44:44.183080+00:00,DOGE,DOGEUSDT,strategy-lab-v1.0.0:V2_MR_REWARD,10000.0,False,1784653200000,29
2026-07-21T17:44:44.183080+00:00,BNB,BNBUSDT,strategy-lab-v1.0.0:V2_MR_REWARD,10000.0,False,1784653200000,29
2026-07-21T17:44:44.183080+00:00,PAXG,PAXGUSDT,strategy-lab-v1.0.0:V2_MR_REWARD,10000.0,False,1784653200000,30
2026-07-21T17:44:44.183080+00:00,GOLD,XAU/USD,strategy-lab-v1.0.0:V2_MR_REWARD,10000.0,False,1784642400000,37
2026-07-21T17:44:44.183080+00:00,SILVER,XAG/USD,strategy-lab-v1.0.0:V2_MR_REWARD,10000.0,False,0,0
2026-07-21T17:44:44.183080+00:00,OIL,WTI/USD,strategy-lab-v1.0.0:V2_MR_REWARD,10000.0,False,0,0
2026-07-21T17:44:44.183080+00:00,GOLD_FUT,GC=F,strategy-lab-v1.0.0:V2_MR_REWARD,10000.0,False,1784653200000,19
2026-07-21T17:44:44.183080+00:00,SILVER_FUT,SI=F,strategy-lab-v1.0.0:V2_MR_REWARD,10000.0,False,1784653200000,19
2026-07-21T17:44:44.183080+00:00,OIL_FUT,CL=F,strategy-lab-v1.0.0:V2_MR_REWARD,10000.0,False,1784653200000,19
2026-07-21T17:44:44.183080+00:00,BRENT_FUT,BZ=F,strategy-lab-v1.0.0:V2_MR_REWARD,10000.0,False,1784653200000,19
2026-07-21T17:44:44.183080+00:00,SPY,SPY,strategy-lab-v1.0.0:V2_MR_REWARD,10000.0,False,1784655000000,5
2026-07-21T17:44:44.183080+00:00,QQQ,QQQ,strategy-lab-v1.0.0:V2_MR_REWARD,10000.0,False,1784655000000,5
2026-07-21T17:44:44.183080+00:00,NVDA,NVDA,strategy-lab-v1.0.0:V2_MR_REWARD,10000.0,False,1784655000000,5
2026-07-21T17:44:44.183080+00:00,MSTR,MSTR,strategy-lab-v1.0.0:V2_MR_REWARD,10000.0,False,1784655000000,5
2026-07-21T17:44:44.183080+00:00,COIN,COIN,strategy-lab-v1.0.0:V2_MR_REWARD,10000.0,False,1784655000000,5
2026-07-21T17:44:44.183080+00:00,MARA,MARA,strategy-lab-v1.0.0:V2_MR_REWARD,10000.0,False,1784655000000,5
2026-07-21T17:44:44.183080+00:00,RIOT,RIOT,strategy-lab-v1.0.0:V2_MR_REWARD,10000.0,False,1784655000000,5
2026-07-21T17:44:44.183080+00:00,GLD,GLD,strategy-lab-v1.0.0:V2_MR_REWARD,10000.0,False,1784655000000,5
2026-07-21T17:44:44.183080+00:00,GDX,GDX,strategy-lab-v1.0.0:V2_MR_REWARD,10000.0,False,1784655000000,5
2026-07-21T17:44:44.183080+00:00,NEM,NEM,strategy-lab-v1.0.0:V2_MR_REWARD,10000.0,False,1784655000000,5
2026-07-21T17:44:44.183080+00:00,DXY,DX-Y.NYB,strategy-lab-v1.0.0:V2_MR_REWARD,10000.0,False,1784653200000,21
2026-07-21T17:44:44.183080+00:00,USDJPY,JPY=X,strategy-lab-v1.0.0:V2_MR_REWARD,10000.0,False,1784653200000,21
2026-07-21T17:44:44.183080+00:00,USDCHF,CHF=X,strategy-lab-v1.0.0:V2_MR_REWARD,10000.0,False,1784653200000,21
2026-07-21T17:44:44.183080+00:00,USDCAD,CAD=X,strategy-lab-v1.0.0:V2_MR_REWARD,10000.0,False,1784653200000,21
2026-07-21T18:57:48.786643+00:00,BTC,BTCUSDT,strategy-lab-v1.0.0:V2_MR_REWARD,10000.0,False,1784656800000,29
2026-07-21T18:57:48.786643+00:00,SOL,SOLUSDT,strategy-lab-v1.0.0:V2_MR_REWARD,10000.0,False,1784656800000,29
2026-07-21T18:57:48.786643+00:00,XRP,XRPUSDT,strategy-lab-v1.0.0:V2_MR_REWARD,10000.0,False,1784656800000,29
2026-07-21T18:57:48.786643+00:00,DOGE,DOGEUSDT,strategy-lab-v1.0.0:V2_MR_REWARD,10000.0,False,1784656800000,29
2026-07-21T18:57:48.786643+00:00,BNB,BNBUSDT,strategy-lab-v1.0.0:V2_MR_REWARD,10000.0,False,1784656800000,29
2026-07-21T18:57:48.786643+00:00,PAXG,PAXGUSDT,strategy-lab-v1.0.0:V2_MR_REWARD,10000.0,False,1784656800000,30
2026-07-21T18:57:48.786643+00:00,GOLD,XAU/USD,strategy-lab-v1.0.0:V2_MR_REWARD,10000.0,False,1784642400000,37
2026-07-21T18:57:48.786643+00:00,SILVER,XAG/USD,strategy-lab-v1.0.0:V2_MR_REWARD,10000.0,False,0,0
2026-07-21T18:57:48.786643+00:00,OIL,WTI/USD,strategy-lab-v1.0.0:V2_MR_REWARD,10000.0,False,0,0
2026-07-21T18:57:48.786643+00:00,GOLD_FUT,GC=F,strategy-lab-v1.0.0:V2_MR_REWARD,10000.0,False,1784656800000,19
2026-07-21T18:57:48.786643+00:00,SILVER_FUT,SI=F,strategy-lab-v1.0.0:V2_MR_REWARD,10000.0,False,1784656800000,19
2026-07-21T18:57:48.786643+00:00,OIL_FUT,CL=F,strategy-lab-v1.0.0:V2_MR_REWARD,10000.0,False,1784656800000,19
2026-07-21T18:57:48.786643+00:00,BRENT_FUT,BZ=F,strategy-lab-v1.0.0:V2_MR_REWARD,10000.0,False,1784656800000,19
2026-07-21T18:57:48.786643+00:00,SPY,SPY,strategy-lab-v1.0.0:V2_MR_REWARD,10000.0,False,1784658600000,5
2026-07-21T18:57:48.786643+00:00,QQQ,QQQ,strategy-lab-v1.0.0:V2_MR_REWARD,10000.0,False,1784658600000,5
2026-07-21T18:57:48.786643+00:00,NVDA,NVDA,strategy-lab-v1.0.0:V2_MR_REWARD,10000.0,False,1784658600000,5
2026-07-21T18:57:48.786643+00:00,MSTR,MSTR,strategy-lab-v1.0.0:V2_MR_REWARD,10000.0,False,1784658600000,5
2026-07-21T18:57:48.786643+00:00,COIN,COIN,strategy-lab-v1.0.0:V2_MR_REWARD,10000.0,False,1784658600000,5
2026-07-21T18:57:48.786643+00:00,MARA,MARA,strategy-lab-v1.0.0:V2_MR_REWARD,10000.0,False,1784658600000,5
2026-07-21T18:57:48.786643+00:00,RIOT,RIOT,strategy-lab-v1.0.0:V2_MR_REWARD,10000.0,False,1784658600000,5
2026-07-21T18:57:48.786643+00:00,GLD,GLD,strategy-lab-v1.0.0:V2_MR_REWARD,10000.0,False,1784658600000,5
2026-07-21T18:57:48.786643+00:00,GDX,GDX,strategy-lab-v1.0.0:V2_MR_REWARD,10000.0,False,1784658600000,5
2026-07-21T18:57:48.786643+00:00,NEM,NEM,strategy-lab-v1.0.0:V2_MR_REWARD,10000.0,False,1784658600000,5
2026-07-21T18:57:48.786643+00:00,DXY,DX-Y.NYB,strategy-lab-v1.0.0:V2_MR_REWARD,10000.0,False,1784656800000,21
2026-07-21T18:57:48.786643+00:00,USDJPY,JPY=X,strategy-lab-v1.0.0:V2_MR_REWARD,10000.0,False,1784656800000,21
2026-07-21T18:57:48.786643+00:00,USDCHF,CHF=X,strategy-lab-v1.0.0:V2_MR_REWARD,10000.0,False,1784656800000,21
2026-07-21T18:57:48.786643+00:00,USDCAD,CAD=X,strategy-lab-v1.0.0:V2_MR_REWARD,10000.0,False,1784656800000,21
2026-07-21T20:19:38.477197+00:00,BTC,BTCUSDT,strategy-lab-v1.0.0:V2_MR_REWARD,10000.0,False,1784664000000,30
2026-07-21T20:19:38.477197+00:00,SOL,SOLUSDT,strategy-lab-v1.0.0:V2_MR_REWARD,10000.0,False,1784664000000,30
2026-07-21T20:19:38.477197+00:00,XRP,XRPUSDT,strategy-lab-v1.0.0:V2_MR_REWARD,10000.0,False,1784664000000,30
2026-07-21T20:19:38.477197+00:00,DOGE,DOGEUSDT,strategy-lab-v1.0.0:V2_MR_REWARD,10000.0,False,1784664000000,30
2026-07-21T20:19:38.477197+00:00,BNB,BNBUSDT,strategy-lab-v1.0.0:V2_MR_REWARD,10000.0,False,1784664000000,30
2026-07-21T20:19:38.477197+00:00,PAXG,PAXGUSDT,strategy-lab-v1.0.0:V2_MR_REWARD,10000.0,False,1784664000000,31
2026-07-21T20:19:38.477197+00:00,GOLD,XAU/USD,strategy-lab-v1.0.0:V2_MR_REWARD,10000.0,False,1784642400000,37
2026-07-21T20:19:38.477197+00:00,SILVER,XAG/USD,strategy-lab-v1.0.0:V2_MR_REWARD,10000.0,False,0,0
2026-07-21T20:19:38.477197+00:00,OIL,WTI/USD,strategy-lab-v1.0.0:V2_MR_REWARD,10000.0,False,0,0
2026-07-21T20:19:38.477197+00:00,GOLD_FUT,GC=F,strategy-lab-v1.0.0:V2_MR_REWARD,10000.0,False,1784664000000,20
2026-07-21T20:19:38.477197+00:00,SILVER_FUT,SI=F,strategy-lab-v1.0.0:V2_MR_REWARD,10000.0,False,1784664000000,20
2026-07-21T20:19:38.477197+00:00,OIL_FUT,CL=F,strategy-lab-v1.0.0:V2_MR_REWARD,10000.0,False,1784664000000,20
2026-07-21T20:19:38.477197+00:00,BRENT_FUT,BZ=F,strategy-lab-v1.0.0:V2_MR_REWARD,10000.0,False,1784664000000,20
2026-07-21T20:19:38.477197+00:00,SPY,SPY,strategy-lab-v1.0.0:V2_MR_REWARD,10000.0,False,1784662200000,5
2026-07-21T20:19:38.477197+00:00,QQQ,QQQ,strategy-lab-v1.0.0:V2_MR_REWARD,10000.0,False,1784662200000,5
2026-07-21T20:19:38.477197+00:00,NVDA,NVDA,strategy-lab-v1.0.0:V2_MR_REWARD,10000.0,False,1784662200000,5
2026-07-21T20:19:38.477197+00:00,MSTR,MSTR,strategy-lab-v1.0.0:V2_MR_REWARD,10000.0,False,1784662200000,5
2026-07-21T20:19:38.477197+00:00,COIN,COIN,strategy-lab-v1.0.0:V2_MR_REWARD,10000.0,False,1784662200000,5
2026-07-21T20:19:38.477197+00:00,MARA,MARA,strategy-lab-v1.0.0:V2_MR_REWARD,10000.0,False,1784662200000,5
2026-07-21T20:19:38.477197+00:00,RIOT,RIOT,strategy-lab-v1.0.0:V2_MR_REWARD,10000.0,False,1784662200000,5
2026-07-21T20:19:38.477197+00:00,GLD,GLD,strategy-lab-v1.0.0:V2_MR_REWARD,10000.0,False,1784662200000,5
2026-07-21T20:19:38.477197+00:00,GDX,GDX,strategy-lab-v1.0.0:V2_MR_REWARD,10000.0,False,1784662200000,5
2026-07-21T20:19:38.477197+00:00,NEM,NEM,strategy-lab-v1.0.0:V2_MR_REWARD,10000.0,False,1784662200000,5
2026-07-21T20:19:38.477197+00:00,DXY,DX-Y.NYB,strategy-lab-v1.0.0:V2_MR_REWARD,10000.0,False,1784664000000,22
2026-07-21T20:19:38.477197+00:00,USDJPY,JPY=X,strategy-lab-v1.0.0:V2_MR_REWARD,10000.0,False,1784664000000,22
2026-07-21T20:19:38.477197+00:00,USDCHF,CHF=X,strategy-lab-v1.0.0:V2_MR_REWARD,10000.0,False,1784664000000,22
2026-07-21T20:19:38.477197+00:00,USDCAD,CAD=X,strategy-lab-v1.0.0:V2_MR_REWARD,10000.0,False,1784664000000,22
2026-07-21T21:37:00.854241+00:00,BTC,BTCUSDT,strategy-lab-v1.0.0:V2_MR_REWARD,10000.0,False,1784667600000,30
2026-07-21T21:37:00.854241+00:00,SOL,SOLUSDT,strategy-lab-v1.0.0:V2_MR_REWARD,10000.0,False,1784667600000,30
2026-07-21T21:37:00.854241+00:00,XRP,XRPUSDT,strategy-lab-v1.0.0:V2_MR_REWARD,10000.0,False,1784667600000,30
2026-07-21T21:37:00.854241+00:00,DOGE,DOGEUSDT,strategy-lab-v1.0.0:V2_MR_REWARD,10000.0,False,1784667600000,30
2026-07-21T21:37:00.854241+00:00,BNB,BNBUSDT,strategy-lab-v1.0.0:V2_MR_REWARD,10000.0,False,1784667600000,30
2026-07-21T21:37:00.854241+00:00,PAXG,PAXGUSDT,strategy-lab-v1.0.0:V2_MR_REWARD,10000.0,False,1784667600000,31
2026-07-21T21:37:00.854241+00:00,GOLD,XAU/USD,strategy-lab-v1.0.0:V2_MR_REWARD,10000.0,False,1784642400000,37
2026-07-21T21:37:00.854241+00:00,SILVER,XAG/USD,strategy-lab-v1.0.0:V2_MR_REWARD,10000.0,False,0,0
2026-07-21T21:37:00.854241+00:00,OIL,WTI/USD,strategy-lab-v1.0.0:V2_MR_REWARD,10000.0,False,0,0
2026-07-21T21:37:00.854241+00:00,GOLD_FUT,GC=F,strategy-lab-v1.0.0:V2_MR_REWARD,10000.0,False,1784664000000,20
2026-07-21T21:37:00.854241+00:00,SILVER_FUT,SI=F,strategy-lab-v1.0.0:V2_MR_REWARD,10000.0,False,1784664000000,20
2026-07-21T21:37:00.854241+00:00,OIL_FUT,CL=F,strategy-lab-v1.0.0:V2_MR_REWARD,10000.0,False,1784664000000,20
2026-07-21T21:37:00.854241+00:00,BRENT_FUT,BZ=F,strategy-lab-v1.0.0:V2_MR_REWARD,10000.0,False,1784664000000,20
2026-07-21T21:37:00.854241+00:00,SPY,SPY,strategy-lab-v1.0.0:V2_MR_REWARD,10000.0,False,1784662200000,5
2026-07-21T21:37:00.854241+00:00,QQQ,QQQ,strategy-lab-v1.0.0:V2_MR_REWARD,10000.0,False,1784662200000,5
2026-07-21T21:37:00.854241+00:00,NVDA,NVDA,strategy-lab-v1.0.0:V2_MR_REWARD,10000.0,False,1784662200000,5
2026-07-21T21:37:00.854241+00:00,MSTR,MSTR,strategy-lab-v1.0.0:V2_MR_REWARD,10000.0,False,1784662200000,5
2026-07-21T21:37:00.854241+00:00,COIN,COIN,strategy-lab-v1.0.0:V2_MR_REWARD,10000.0,False,1784662200000,5
2026-07-21T21:37:00.854241+00:00,MARA,MARA,strategy-lab-v1.0.0:V2_MR_REWARD,10000.0,False,1784662200000,5
2026-07-21T21:37:00.854241+00:00,RIOT,RIOT,strategy-lab-v1.0.0:V2_MR_REWARD,10000.0,False,1784662200000,5
2026-07-21T21:37:00.854241+00:00,GLD,GLD,strategy-lab-v1.0.0:V2_MR_REWARD,10000.0,False,1784662200000,5
2026-07-21T21:37:00.854241+00:00,GDX,GDX,strategy-lab-v1.0.0:V2_MR_REWARD,10000.0,False,1784662200000,5
2026-07-21T21:37:00.854241+00:00,NEM,NEM,strategy-lab-v1.0.0:V2_MR_REWARD,10000.0,False,1784662200000,5
2026-07-21T21:37:00.854241+00:00,DXY,DX-Y.NYB,strategy-lab-v1.0.0:V2_MR_REWARD,10000.0,False,1784667600000,22
2026-07-21T21:37:00.854241+00:00,USDJPY,JPY=X,strategy-lab-v1.0.0:V2_MR_REWARD,10000.0,False,1784667600000,22
2026-07-21T21:37:00.854241+00:00,USDCHF,CHF=X,strategy-lab-v1.0.0:V2_MR_REWARD,10000.0,False,1784667600000,22
2026-07-21T21:37:00.854241+00:00,USDCAD,CAD=X,strategy-lab-v1.0.0:V2_MR_REWARD,10000.0,False,1784667600000,22
2026-07-21T22:32:41.968858+00:00,BTC,BTCUSDT,strategy-lab-v1.0.0:V2_MR_REWARD,10000.0,False,1784671200000,30
2026-07-21T22:32:41.968858+00:00,SOL,SOLUSDT,strategy-lab-v1.0.0:V2_MR_REWARD,10000.0,False,1784671200000,30
2026-07-21T22:32:41.968858+00:00,XRP,XRPUSDT,strategy-lab-v1.0.0:V2_MR_REWARD,10000.0,False,1784671200000,30
2026-07-21T22:32:41.968858+00:00,DOGE,DOGEUSDT,strategy-lab-v1.0.0:V2_MR_REWARD,10000.0,False,1784671200000,30
2026-07-21T22:32:41.968858+00:00,BNB,BNBUSDT,strategy-lab-v1.0.0:V2_MR_REWARD,10000.0,False,1784671200000,30
2026-07-21T22:32:41.968858+00:00,PAXG,PAXGUSDT,strategy-lab-v1.0.0:V2_MR_REWARD,10000.0,False,1784671200000,31
2026-07-21T22:32:41.968858+00:00,GOLD,XAU/USD,strategy-lab-v1.0.0:V2_MR_REWARD,10000.0,False,1784642400000,37
2026-07-21T22:32:41.968858+00:00,SILVER,XAG/USD,strategy-lab-v1.0.0:V2_MR_REWARD,10000.0,False,0,0
2026-07-21T22:32:41.968858+00:00,OIL,WTI/USD,strategy-lab-v1.0.0:V2_MR_REWARD,10000.0,False,0,0
2026-07-21T22:32:41.968858+00:00,GOLD_FUT,GC=F,strategy-lab-v1.0.0:V2_MR_REWARD,10000.0,False,1784671200000,20
2026-07-21T22:32:41.968858+00:00,SILVER_FUT,SI=F,strategy-lab-v1.0.0:V2_MR_REWARD,10000.0,False,1784671200000,20
2026-07-21T22:32:41.968858+00:00,OIL_FUT,CL=F,strategy-lab-v1.0.0:V2_MR_REWARD,10000.0,False,1784671200000,20
2026-07-21T22:32:41.968858+00:00,BRENT_FUT,BZ=F,strategy-lab-v1.0.0:V2_MR_REWARD,10000.0,False,1784671200000,20
2026-07-21T22:32:41.968858+00:00,SPY,SPY,strategy-lab-v1.0.0:V2_MR_REWARD,10000.0,False,1784662200000,5
2026-07-21T22:32:41.968858+00:00,QQQ,QQQ,strategy-lab-v1.0.0:V2_MR_REWARD,10000.0,False,1784662200000,5
2026-07-21T22:32:41.968858+00:00,NVDA,NVDA,strategy-lab-v1.0.0:V2_MR_REWARD,10000.0,False,1784662200000,5
2026-07-21T22:32:41.968858+00:00,MSTR,MSTR,strategy-lab-v1.0.0:V2_MR_REWARD,10000.0,False,1784662200000,5
2026-07-21T22:32:41.968858+00:00,COIN,COIN,strategy-lab-v1.0.0:V2_MR_REWARD,10000.0,False,1784662200000,5
2026-07-21T22:32:41.968858+00:00,MARA,MARA,strategy-lab-v1.0.0:V2_MR_REWARD,10000.0,False,1784662200000,5
2026-07-21T22:32:41.968858+00:00,RIOT,RIOT,strategy-lab-v1.0.0:V2_MR_REWARD,10000.0,False,1784662200000,5
2026-07-21T22:32:41.968858+00:00,GLD,GLD,strategy-lab-v1.0.0:V2_MR_REWARD,10000.0,False,1784662200000,5
2026-07-21T22:32:41.968858+00:00,GDX,GDX,strategy-lab-v1.0.0:V2_MR_REWARD,10000.0,False,1784662200000,5
2026-07-21T22:32:41.968858+00:00,NEM,NEM,strategy-lab-v1.0.0:V2_MR_REWARD,10000.0,False,1784662200000,5
2026-07-21T22:32:41.968858+00:00,DXY,DX-Y.NYB,strategy-lab-v1.0.0:V2_MR_REWARD,10000.0,False,1784671200000,22
2026-07-21T22:32:41.968858+00:00,USDJPY,JPY=X,strategy-lab-v1.0.0:V2_MR_REWARD,10000.0,False,1784671200000,22
2026-07-21T22:32:41.968858+00:00,USDCHF,CHF=X,strategy-lab-v1.0.0:V2_MR_REWARD,10000.0,False,1784671200000,22
2026-07-21T22:32:41.968858+00:00,USDCAD,CAD=X,strategy-lab-v1.0.0:V2_MR_REWARD,10000.0,False,1784671200000,22
2026-07-21T23:34:16.231625+00:00,BTC,BTCUSDT,strategy-lab-v1.0.0:V2_MR_REWARD,10000.0,False,1784674800000,30
2026-07-21T23:34:16.231625+00:00,SOL,SOLUSDT,strategy-lab-v1.0.0:V2_MR_REWARD,10000.0,False,1784674800000,30
2026-07-21T23:34:16.231625+00:00,XRP,XRPUSDT,strategy-lab-v1.0.0:V2_MR_REWARD,10000.0,False,1784674800000,30
2026-07-21T23:34:16.231625+00:00,DOGE,DOGEUSDT,strategy-lab-v1.0.0:V2_MR_REWARD,10000.0,False,1784674800000,30
2026-07-21T23:34:16.231625+00:00,BNB,BNBUSDT,strategy-lab-v1.0.0:V2_MR_REWARD,10000.0,False,1784674800000,30
2026-07-21T23:34:16.231625+00:00,PAXG,PAXGUSDT,strategy-lab-v1.0.0:V2_MR_REWARD,10000.0,False,1784674800000,31
2026-07-21T23:34:16.231625+00:00,GOLD,XAU/USD,strategy-lab-v1.0.0:V2_MR_REWARD,10000.0,False,1784674800000,45
2026-07-21T23:34:16.231625+00:00,SILVER,XAG/USD,strategy-lab-v1.0.0:V2_MR_REWARD,10000.0,False,0,0
2026-07-21T23:34:16.231625+00:00,OIL,WTI/USD,strategy-lab-v1.0.0:V2_MR_REWARD,10000.0,False,0,0
2026-07-21T23:34:16.231625+00:00,GOLD_FUT,GC=F,strategy-lab-v1.0.0:V2_MR_REWARD,10000.0,False,1784674800000,20
2026-07-21T23:34:16.231625+00:00,SILVER_FUT,SI=F,strategy-lab-v1.0.0:V2_MR_REWARD,10000.0,False,1784674800000,20
2026-07-21T23:34:16.231625+00:00,OIL_FUT,CL=F,strategy-lab-v1.0.0:V2_MR_REWARD,10000.0,False,1784674800000,20
2026-07-21T23:34:16.231625+00:00,BRENT_FUT,BZ=F,strategy-lab-v1.0.0:V2_MR_REWARD,10000.0,False,1784674800000,20
2026-07-21T23:34:16.231625+00:00,SPY,SPY,strategy-lab-v1.0.0:V2_MR_REWARD,10000.0,False,1784662200000,5
2026-07-21T23:34:16.231625+00:00,QQQ,QQQ,strategy-lab-v1.0.0:V2_MR_REWARD,10000.0,False,1784662200000,5
2026-07-21T23:34:16.231625+00:00,NVDA,NVDA,strategy-lab-v1.0.0:V2_MR_REWARD,10000.0,False,1784662200000,5
2026-07-21T23:34:16.231625+00:00,MSTR,MSTR,strategy-lab-v1.0.0:V2_MR_REWARD,10000.0,False,1784662200000,5
2026-07-21T23:34:16.231625+00:00,COIN,COIN,strategy-lab-v1.0.0:V2_MR_REWARD,10000.0,False,1784662200000,5
2026-07-21T23:34:16.231625+00:00,MARA,MARA,strategy-lab-v1.0.0:V2_MR_REWARD,10000.0,False,1784662200000,5
2026-07-21T23:34:16.231625+00:00,RIOT,RIOT,strategy-lab-v1.0.0:V2_MR_REWARD,10000.0,False,1784662200000,5
2026-07-21T23:34:16.231625+00:00,GLD,GLD,strategy-lab-v1.0.0:V2_MR_REWARD,10000.0,False,1784662200000,5
2026-07-21T23:34:16.231625+00:00,GDX,GDX,strategy-lab-v1.0.0:V2_MR_REWARD,10000.0,False,1784662200000,5
2026-07-21T23:34:16.231625+00:00,NEM,NEM,strategy-lab-v1.0.0:V2_MR_REWARD,10000.0,False,1784662200000,5
2026-07-21T23:34:16.231625+00:00,DXY,DX-Y.NYB,strategy-lab-v1.0.0:V2_MR_REWARD,10000.0,False,1784671200000,22
2026-07-21T23:34:16.231625+00:00,USDJPY,JPY=X,strategy-lab-v1.0.0:V2_MR_REWARD,10000.0,False,1784674800000,22
2026-07-21T23:34:16.231625+00:00,USDCHF,CHF=X,strategy-lab-v1.0.0:V2_MR_REWARD,10000.0,False,1784674800000,22
2026-07-21T23:34:16.231625+00:00,USDCAD,CAD=X,strategy-lab-v1.0.0:V2_MR_REWARD,10000.0,False,1784674800000,22
2026-07-22T01:02:31.096716+00:00,BTC,BTCUSDT,strategy-lab-v1.0.0:V2_MR_REWARD,10000.0,False,1784682000000,31
2026-07-22T01:02:31.096716+00:00,SOL,SOLUSDT,strategy-lab-v1.0.0:V2_MR_REWARD,10000.0,False,1784678400000,30
2026-07-22T01:02:31.096716+00:00,XRP,XRPUSDT,strategy-lab-v1.0.0:V2_MR_REWARD,10000.0,False,1784682000000,31
2026-07-22T01:02:31.096716+00:00,DOGE,DOGEUSDT,strategy-lab-v1.0.0:V2_MR_REWARD,10000.0,False,1784682000000,31
2026-07-22T01:02:31.096716+00:00,BNB,BNBUSDT,strategy-lab-v1.0.0:V2_MR_REWARD,10000.0,False,1784678400000,30
2026-07-22T01:02:31.096716+00:00,PAXG,PAXGUSDT,strategy-lab-v1.0.0:V2_MR_REWARD,10000.0,False,1784682000000,32
2026-07-22T01:02:31.096716+00:00,GOLD,XAU/USD,strategy-lab-v1.0.0:V2_MR_REWARD,10000.0,False,1784674800000,45
2026-07-22T01:02:31.096716+00:00,SILVER,XAG/USD,strategy-lab-v1.0.0:V2_MR_REWARD,10000.0,False,0,0
2026-07-22T01:02:31.096716+00:00,OIL,WTI/USD,strategy-lab-v1.0.0:V2_MR_REWARD,10000.0,False,0,0
2026-07-22T01:02:31.096716+00:00,GOLD_FUT,GC=F,strategy-lab-v1.0.0:V2_MR_REWARD,10000.0,False,1784678400000,20
2026-07-22T01:02:31.096716+00:00,SILVER_FUT,SI=F,strategy-lab-v1.0.0:V2_MR_REWARD,10000.0,False,1784678400000,20
2026-07-22T01:02:31.096716+00:00,OIL_FUT,CL=F,strategy-lab-v1.0.0:V2_MR_REWARD,10000.0,False,1784678400000,20
2026-07-22T01:02:31.096716+00:00,BRENT_FUT,BZ=F,strategy-lab-v1.0.0:V2_MR_REWARD,10000.0,False,1784678400000,20
2026-07-22T01:02:31.096716+00:00,SPY,SPY,strategy-lab-v1.0.0:V2_MR_REWARD,10000.0,False,1784662200000,5
2026-07-22T01:02:31.096716+00:00,QQQ,QQQ,strategy-lab-v1.0.0:V2_MR_REWARD,10000.0,False,1784662200000,5
2026-07-22T01:02:31.096716+00:00,NVDA,NVDA,strategy-lab-v1.0.0:V2_MR_REWARD,10000.0,False,1784662200000,5
2026-07-22T01:02:31.096716+00:00,MSTR,MSTR,strategy-lab-v1.0.0:V2_MR_REWARD,10000.0,False,1784662200000,5
2026-07-22T01:02:31.096716+00:00,COIN,COIN,strategy-lab-v1.0.0:V2_MR_REWARD,10000.0,False,1784662200000,5
2026-07-22T01:02:31.096716+00:00,MARA,MARA,strategy-lab-v1.0.0:V2_MR_REWARD,10000.0,False,1784662200000,5
2026-07-22T01:02:31.096716+00:00,RIOT,RIOT,strategy-lab-v1.0.0:V2_MR_REWARD,10000.0,False,1784662200000,5
2026-07-22T01:02:31.096716+00:00,GLD,GLD,strategy-lab-v1.0.0:V2_MR_REWARD,10000.0,False,1784662200000,5
2026-07-22T01:02:31.096716+00:00,GDX,GDX,strategy-lab-v1.0.0:V2_MR_REWARD,10000.0,False,1784662200000,5
2026-07-22T01:02:31.096716+00:00,NEM,NEM,strategy-lab-v1.0.0:V2_MR_REWARD,10000.0,False,1784662200000,5
2026-07-22T01:02:31.096716+00:00,DXY,DX-Y.NYB,strategy-lab-v1.0.0:V2_MR_REWARD,10000.0,False,1784678400000,23
2026-07-22T01:02:31.096716+00:00,USDJPY,JPY=X,strategy-lab-v1.0.0:V2_MR_REWARD,10000.0,False,1784682000000,23
2026-07-22T01:02:31.096716+00:00,USDCHF,CHF=X,strategy-lab-v1.0.0:V2_MR_REWARD,10000.0,False,1784682000000,23
2026-07-22T01:02:31.096716+00:00,USDCAD,CAD=X,strategy-lab-v1.0.0:V2_MR_REWARD,10000.0,False,1784682000000,23
2026-07-22T04:26:45.114153+00:00,BTC,BTCUSDT,strategy-lab-v1.0.0:V2_MR_REWARD,10000.0,False,1784692800000,33
2026-07-22T04:26:45.114153+00:00,SOL,SOLUSDT,strategy-lab-v1.0.0:V2_MR_REWARD,10000.0,False,1784692800000,33
2026-07-22T04:26:45.114153+00:00,XRP,XRPUSDT,strategy-lab-v1.0.0:V2_MR_REWARD,10000.0,False,1784692800000,33
2026-07-22T04:26:45.114153+00:00,DOGE,DOGEUSDT,strategy-lab-v1.0.0:V2_MR_REWARD,10000.0,False,1784692800000,33
2026-07-22T04:26:45.114153+00:00,BNB,BNBUSDT,strategy-lab-v1.0.0:V2_MR_REWARD,10000.0,False,1784692800000,33
2026-07-22T04:26:45.114153+00:00,PAXG,PAXGUSDT,strategy-lab-v1.0.0:V2_MR_REWARD,10000.0,False,1784692800000,34
2026-07-22T04:26:45.114153+00:00,GOLD,XAU/USD,strategy-lab-v1.0.0:V2_MR_REWARD,10000.0,False,1784674800000,45
2026-07-22T04:26:45.114153+00:00,SILVER,XAG/USD,strategy-lab-v1.0.0:V2_MR_REWARD,10000.0,False,0,0
2026-07-22T04:26:45.114153+00:00,OIL,WTI/USD,strategy-lab-v1.0.0:V2_MR_REWARD,10000.0,False,0,0
2026-07-22T04:26:45.114153+00:00,GOLD_FUT,GC=F,strategy-lab-v1.0.0:V2_MR_REWARD,10000.0,False,1784692800000,20
2026-07-22T04:26:45.114153+00:00,SILVER_FUT,SI=F,strategy-lab-v1.0.0:V2_MR_REWARD,10000.0,False,1784692800000,20
2026-07-22T04:26:45.114153+00:00,OIL_FUT,CL=F,strategy-lab-v1.0.0:V2_MR_REWARD,10000.0,False,1784692800000,20
2026-07-22T04:26:45.114153+00:00,BRENT_FUT,BZ=F,strategy-lab-v1.0.0:V2_MR_REWARD,10000.0,False,1784692800000,20
2026-07-22T04:26:45.114153+00:00,SPY,SPY,strategy-lab-v1.0.0:V2_MR_REWARD,10000.0,False,1784662200000,5
2026-07-22T04:26:45.114153+00:00,QQQ,QQQ,strategy-lab-v1.0.0:V2_MR_REWARD,10000.0,False,1784662200000,5
2026-07-22T04:26:45.114153+00:00,NVDA,NVDA,strategy-lab-v1.0.0:V2_MR_REWARD,10000.0,False,1784662200000,5
2026-07-22T04:26:45.114153+00:00,MSTR,MSTR,strategy-lab-v1.0.0:V2_MR_REWARD,10000.0,False,1784662200000,5
2026-07-22T04:26:45.114153+00:00,COIN,COIN,strategy-lab-v1.0.0:V2_MR_REWARD,10000.0,False,1784662200000,5
2026-07-22T04:26:45.114153+00:00,MARA,MARA,strategy-lab-v1.0.0:V2_MR_REWARD,10000.0,False,1784662200000,5
2026-07-22T04:26:45.114153+00:00,RIOT,RIOT,strategy-lab-v1.0.0:V2_MR_REWARD,10000.0,False,1784662200000,5
2026-07-22T04:26:45.114153+00:00,GLD,GLD,strategy-lab-v1.0.0:V2_MR_REWARD,10000.0,False,1784662200000,5
2026-07-22T04:26:45.114153+00:00,GDX,GDX,strategy-lab-v1.0.0:V2_MR_REWARD,10000.0,False,1784662200000,5
2026-07-22T04:26:45.114153+00:00,NEM,NEM,strategy-lab-v1.0.0:V2_MR_REWARD,10000.0,False,1784662200000,5
2026-07-22T04:26:45.114153+00:00,DXY,DX-Y.NYB,strategy-lab-v1.0.0:V2_MR_REWARD,10000.0,False,1784692800000,23
2026-07-22T04:26:45.114153+00:00,USDJPY,JPY=X,strategy-lab-v1.0.0:V2_MR_REWARD,10000.0,False,1784692800000,25
2026-07-22T04:26:45.114153+00:00,USDCHF,CHF=X,strategy-lab-v1.0.0:V2_MR_REWARD,10000.0,False,1784692800000,25
2026-07-22T04:26:45.114153+00:00,USDCAD,CAD=X,strategy-lab-v1.0.0:V2_MR_REWARD,10000.0,False,1784692800000,25
2026-07-22T07:09:43.413591+00:00,BTC,BTCUSDT,strategy-lab-v1.0.0:V2_MR_REWARD,10000.0,False,1784703600000,35
2026-07-22T07:09:43.413591+00:00,SOL,SOLUSDT,strategy-lab-v1.0.0:V2_MR_REWARD,10000.0,False,1784703600000,35
2026-07-22T07:09:43.413591+00:00,XRP,XRPUSDT,strategy-lab-v1.0.0:V2_MR_REWARD,10000.0,False,1784703600000,35
2026-07-22T07:09:43.413591+00:00,DOGE,DOGEUSDT,strategy-lab-v1.0.0:V2_MR_REWARD,10000.0,False,1784703600000,35
2026-07-22T07:09:43.413591+00:00,BNB,BNBUSDT,strategy-lab-v1.0.0:V2_MR_REWARD,10000.0,False,1784703600000,35
2026-07-22T07:09:43.413591+00:00,PAXG,PAXGUSDT,strategy-lab-v1.0.0:V2_MR_REWARD,10000.0,False,1784703600000,36
2026-07-22T07:09:43.413591+00:00,GOLD,XAU/USD,strategy-lab-v1.0.0:V2_MR_REWARD,10000.0,False,1784674800000,45
2026-07-22T07:09:43.413591+00:00,SILVER,XAG/USD,strategy-lab-v1.0.0:V2_MR_REWARD,10000.0,False,0,0
2026-07-22T07:09:43.413591+00:00,OIL,WTI/USD,strategy-lab-v1.0.0:V2_MR_REWARD,10000.0,False,0,0
2026-07-22T07:09:43.413591+00:00,GOLD_FUT,GC=F,strategy-lab-v1.0.0:V2_MR_REWARD,10000.0,False,1784703600000,22
2026-07-22T07:09:43.413591+00:00,SILVER_FUT,SI=F,strategy-lab-v1.0.0:V2_MR_REWARD,10000.0,False,1784703600000,22
2026-07-22T07:09:43.413591+00:00,OIL_FUT,CL=F,strategy-lab-v1.0.0:V2_MR_REWARD,10000.0,False,1784703600000,22
2026-07-22T07:09:43.413591+00:00,BRENT_FUT,BZ=F,strategy-lab-v1.0.0:V2_MR_REWARD,10000.0,False,1784703600000,22
2026-07-22T07:09:43.413591+00:00,SPY,SPY,strategy-lab-v1.0.0:V2_MR_REWARD,10000.0,False,1784662200000,5
2026-07-22T07:09:43.413591+00:00,QQQ,QQQ,strategy-lab-v1.0.0:V2_MR_REWARD,10000.0,False,1784662200000,5
2026-07-22T07:09:43.413591+00:00,NVDA,NVDA,strategy-lab-v1.0.0:V2_MR_REWARD,10000.0,False,1784662200000,5
2026-07-22T07:09:43.413591+00:00,MSTR,MSTR,strategy-lab-v1.0.0:V2_MR_REWARD,10000.0,False,1784662200000,5
2026-07-22T07:09:43.413591+00:00,COIN,COIN,strategy-lab-v1.0.0:V2_MR_REWARD,10000.0,False,1784662200000,5
2026-07-22T07:09:43.413591+00:00,MARA,MARA,strategy-lab-v1.0.0:V2_MR_REWARD,10000.0,False,1784662200000,5
2026-07-22T07:09:43.413591+00:00,RIOT,RIOT,strategy-lab-v1.0.0:V2_MR_REWARD,10000.0,False,1784662200000,5
2026-07-22T07:09:43.413591+00:00,GLD,GLD,strategy-lab-v1.0.0:V2_MR_REWARD,10000.0,False,1784662200000,5
2026-07-22T07:09:43.413591+00:00,GDX,GDX,strategy-lab-v1.0.0:V2_MR_REWARD,10000.0,False,1784662200000,5
2026-07-22T07:09:43.413591+00:00,NEM,NEM,strategy-lab-v1.0.0:V2_MR_REWARD,10000.0,False,1784662200000,5
2026-07-22T07:09:43.413591+00:00,DXY,DX-Y.NYB,strategy-lab-v1.0.0:V2_MR_REWARD,10000.0,False,1784703600000,25
2026-07-22T07:09:43.413591+00:00,USDJPY,JPY=X,strategy-lab-v1.0.0:V2_MR_REWARD,10000.0,False,1784703600000,27
2026-07-22T07:09:43.413591+00:00,USDCHF,CHF=X,strategy-lab-v1.0.0:V2_MR_REWARD,10000.0,False,1784703600000,27
2026-07-22T07:09:43.413591+00:00,USDCAD,CAD=X,strategy-lab-v1.0.0:V2_MR_REWARD,10000.0,False,1784703600000,27
2026-07-22T09:38:04.108641+00:00,BTC,BTCUSDT,strategy-lab-v1.0.0:V2_MR_REWARD,10000.0,False,1784710800000,36
2026-07-22T09:38:04.108641+00:00,SOL,SOLUSDT,strategy-lab-v1.0.0:V2_MR_REWARD,10000.0,False,1784710800000,36
2026-07-22T09:38:04.108641+00:00,XRP,XRPUSDT,strategy-lab-v1.0.0:V2_MR_REWARD,10000.0,False,1784710800000,36
2026-07-22T09:38:04.108641+00:00,DOGE,DOGEUSDT,strategy-lab-v1.0.0:V2_MR_REWARD,10000.0,False,1784710800000,36
2026-07-22T09:38:04.108641+00:00,BNB,BNBUSDT,strategy-lab-v1.0.0:V2_MR_REWARD,10000.0,False,1784710800000,36
2026-07-22T09:38:04.108641+00:00,PAXG,PAXGUSDT,strategy-lab-v1.0.0:V2_MR_REWARD,10000.0,False,1784710800000,37
2026-07-22T09:38:04.108641+00:00,GOLD,XAU/USD,strategy-lab-v1.0.0:V2_MR_REWARD,10000.0,False,1784674800000,45
2026-07-22T09:38:04.108641+00:00,SILVER,XAG/USD,strategy-lab-v1.0.0:V2_MR_REWARD,10000.0,False,0,0
2026-07-22T09:38:04.108641+00:00,OIL,WTI/USD,strategy-lab-v1.0.0:V2_MR_REWARD,10000.0,False,0,0
2026-07-22T09:38:04.108641+00:00,GOLD_FUT,GC=F,strategy-lab-v1.0.0:V2_MR_REWARD,10000.0,False,1784710800000,23
2026-07-22T09:38:04.108641+00:00,SILVER_FUT,SI=F,strategy-lab-v1.0.0:V2_MR_REWARD,10000.0,False,1784710800000,23
2026-07-22T09:38:04.108641+00:00,OIL_FUT,CL=F,strategy-lab-v1.0.0:V2_MR_REWARD,10000.0,False,1784710800000,23
2026-07-22T09:38:04.108641+00:00,BRENT_FUT,BZ=F,strategy-lab-v1.0.0:V2_MR_REWARD,10000.0,False,1784710800000,23
2026-07-22T09:38:04.108641+00:00,SPY,SPY,strategy-lab-v1.0.0:V2_MR_REWARD,10000.0,False,1784662200000,5
2026-07-22T09:38:04.108641+00:00,QQQ,QQQ,strategy-lab-v1.0.0:V2_MR_REWARD,10000.0,False,1784662200000,5
2026-07-22T09:38:04.108641+00:00,NVDA,NVDA,strategy-lab-v1.0.0:V2_MR_REWARD,10000.0,False,1784662200000,5
2026-07-22T09:38:04.108641+00:00,MSTR,MSTR,strategy-lab-v1.0.0:V2_MR_REWARD,10000.0,False,1784662200000,5
2026-07-22T09:38:04.108641+00:00,COIN,COIN,strategy-lab-v1.0.0:V2_MR_REWARD,10000.0,False,1784662200000,5
2026-07-22T09:38:04.108641+00:00,MARA,MARA,strategy-lab-v1.0.0:V2_MR_REWARD,10000.0,False,1784662200000,5
2026-07-22T09:38:04.108641+00:00,RIOT,RIOT,strategy-lab-v1.0.0:V2_MR_REWARD,10000.0,False,1784662200000,5
2026-07-22T09:38:04.108641+00:00,GLD,GLD,strategy-lab-v1.0.0:V2_MR_REWARD,10000.0,False,1784662200000,5
2026-07-22T09:38:04.108641+00:00,GDX,GDX,strategy-lab-v1.0.0:V2_MR_REWARD,10000.0,False,1784662200000,5
2026-07-22T09:38:04.108641+00:00,NEM,NEM,strategy-lab-v1.0.0:V2_MR_REWARD,10000.0,False,1784662200000,5
2026-07-22T09:38:04.108641+00:00,DXY,DX-Y.NYB,strategy-lab-v1.0.0:V2_MR_REWARD,10000.0,False,1784710800000,26
2026-07-22T09:38:04.108641+00:00,USDJPY,JPY=X,strategy-lab-v1.0.0:V2_MR_REWARD,10000.0,False,1784710800000,28
2026-07-22T09:38:04.108641+00:00,USDCHF,CHF=X,strategy-lab-v1.0.0:V2_MR_REWARD,10000.0,False,1784710800000,28
2026-07-22T09:38:04.108641+00:00,USDCAD,CAD=X,strategy-lab-v1.0.0:V2_MR_REWARD,10000.0,False,1784710800000,28
2026-07-22T11:29:02.911464+00:00,BTC,BTCUSDT,strategy-lab-v1.0.0:V2_MR_REWARD,10000.0,False,1784718000000,37
2026-07-22T11:29:02.911464+00:00,SOL,SOLUSDT,strategy-lab-v1.0.0:V2_MR_REWARD,10000.0,False,1784718000000,37
2026-07-22T11:29:02.911464+00:00,XRP,XRPUSDT,strategy-lab-v1.0.0:V2_MR_REWARD,10000.0,False,1784718000000,37
2026-07-22T11:29:02.911464+00:00,DOGE,DOGEUSDT,strategy-lab-v1.0.0:V2_MR_REWARD,10000.0,False,1784718000000,37
2026-07-22T11:29:02.911464+00:00,BNB,BNBUSDT,strategy-lab-v1.0.0:V2_MR_REWARD,10000.0,False,1784718000000,37
2026-07-22T11:29:02.911464+00:00,PAXG,PAXGUSDT,strategy-lab-v1.0.0:V2_MR_REWARD,10000.0,False,1784718000000,38
2026-07-22T11:29:02.911464+00:00,GOLD,XAU/USD,strategy-lab-v1.0.0:V2_MR_REWARD,10000.0,False,1784674800000,45
2026-07-22T11:29:02.911464+00:00,SILVER,XAG/USD,strategy-lab-v1.0.0:V2_MR_REWARD,10000.0,False,0,0
2026-07-22T11:29:02.911464+00:00,OIL,WTI/USD,strategy-lab-v1.0.0:V2_MR_REWARD,10000.0,False,0,0
2026-07-22T11:29:02.911464+00:00,GOLD_FUT,GC=F,strategy-lab-v1.0.0:V2_MR_REWARD,10000.0,False,1784718000000,24
2026-07-22T11:29:02.911464+00:00,SILVER_FUT,SI=F,strategy-lab-v1.0.0:V2_MR_REWARD,10000.0,False,1784718000000,24
2026-07-22T11:29:02.911464+00:00,OIL_FUT,CL=F,strategy-lab-v1.0.0:V2_MR_REWARD,10000.0,False,1784718000000,24
2026-07-22T11:29:02.911464+00:00,BRENT_FUT,BZ=F,strategy-lab-v1.0.0:V2_MR_REWARD,10000.0,False,1784718000000,24
2026-07-22T11:29:02.911464+00:00,SPY,SPY,strategy-lab-v1.0.0:V2_MR_REWARD,10000.0,False,1784662200000,5
2026-07-22T11:29:02.911464+00:00,QQQ,QQQ,strategy-lab-v1.0.0:V2_MR_REWARD,10000.0,False,1784662200000,5
2026-07-22T11:29:02.911464+00:00,NVDA,NVDA,strategy-lab-v1.0.0:V2_MR_REWARD,10000.0,False,1784662200000,5
2026-07-22T11:29:02.911464+00:00,MSTR,MSTR,strategy-lab-v1.0.0:V2_MR_REWARD,10000.0,False,1784662200000,5
2026-07-22T11:29:02.911464+00:00,COIN,COIN,strategy-lab-v1.0.0:V2_MR_REWARD,10000.0,False,1784662200000,5
2026-07-22T11:29:02.911464+00:00,MARA,MARA,strategy-lab-v1.0.0:V2_MR_REWARD,10000.0,False,1784662200000,5
2026-07-22T11:29:02.911464+00:00,RIOT,RIOT,strategy-lab-v1.0.0:V2_MR_REWARD,10000.0,False,1784662200000,5
2026-07-22T11:29:02.911464+00:00,GLD,GLD,strategy-lab-v1.0.0:V2_MR_REWARD,10000.0,False,1784662200000,5
2026-07-22T11:29:02.911464+00:00,GDX,GDX,strategy-lab-v1.0.0:V2_MR_REWARD,10000.0,False,1784662200000,5
2026-07-22T11:29:02.911464+00:00,NEM,NEM,strategy-lab-v1.0.0:V2_MR_REWARD,10000.0,False,1784662200000,5
2026-07-22T11:29:02.911464+00:00,DXY,DX-Y.NYB,strategy-lab-v1.0.0:V2_MR_REWARD,10000.0,False,1784718000000,27
2026-07-22T11:29:02.911464+00:00,USDJPY,JPY=X,strategy-lab-v1.0.0:V2_MR_REWARD,10000.0,False,1784718000000,29
2026-07-22T11:29:02.911464+00:00,USDCHF,CHF=X,strategy-lab-v1.0.0:V2_MR_REWARD,10000.0,False,1784718000000,29
2026-07-22T11:29:02.911464+00:00,USDCAD,CAD=X,strategy-lab-v1.0.0:V2_MR_REWARD,10000.0,False,1784718000000,29
2026-07-22T13:02:04.910890+00:00,BTC,BTCUSDT,strategy-lab-v1.0.0:V2_MR_REWARD,10000.0,False,1784725200000,38
2026-07-22T13:02:04.910890+00:00,SOL,SOLUSDT,strategy-lab-v1.0.0:V2_MR_REWARD,10000.0,False,1784721600000,37
2026-07-22T13:02:04.910890+00:00,XRP,XRPUSDT,strategy-lab-v1.0.0:V2_MR_REWARD,10000.0,False,1784725200000,38
2026-07-22T13:02:04.910890+00:00,DOGE,DOGEUSDT,strategy-lab-v1.0.0:V2_MR_REWARD,10000.0,False,1784725200000,38
2026-07-22T13:02:04.910890+00:00,BNB,BNBUSDT,strategy-lab-v1.0.0:V2_MR_REWARD,10000.0,False,1784721600000,37
2026-07-22T13:02:04.910890+00:00,PAXG,PAXGUSDT,strategy-lab-v1.0.0:V2_MR_REWARD,10000.0,False,1784725200000,39
2026-07-22T13:02:04.910890+00:00,GOLD,XAU/USD,strategy-lab-v1.0.0:V2_MR_REWARD,10000.0,False,1784725200000,58
2026-07-22T13:02:04.910890+00:00,SILVER,XAG/USD,strategy-lab-v1.0.0:V2_MR_REWARD,10000.0,False,0,0
2026-07-22T13:02:04.910890+00:00,OIL,WTI/USD,strategy-lab-v1.0.0:V2_MR_REWARD,10000.0,False,0,0
2026-07-22T13:02:04.910890+00:00,GOLD_FUT,GC=F,strategy-lab-v1.0.0:V2_MR_REWARD,10000.0,False,1784721600000,24
2026-07-22T13:02:04.910890+00:00,SILVER_FUT,SI=F,strategy-lab-v1.0.0:V2_MR_REWARD,10000.0,False,1784721600000,24
2026-07-22T13:02:04.910890+00:00,OIL_FUT,CL=F,strategy-lab-v1.0.0:V2_MR_REWARD,10000.0,False,1784721600000,24
2026-07-22T13:02:04.910890+00:00,BRENT_FUT,BZ=F,strategy-lab-v1.0.0:V2_MR_REWARD,10000.0,False,1784721600000,24
2026-07-22T13:02:04.910890+00:00,SPY,SPY,strategy-lab-v1.0.0:V2_MR_REWARD,10000.0,False,1784662200000,5
2026-07-22T13:02:04.910890+00:00,QQQ,QQQ,strategy-lab-v1.0.0:V2_MR_REWARD,10000.0,False,1784662200000,5
2026-07-22T13:02:04.910890+00:00,NVDA,NVDA,strategy-lab-v1.0.0:V2_MR_REWARD,10000.0,False,1784662200000,5
2026-07-22T13:02:04.910890+00:00,MSTR,MSTR,strategy-lab-v1.0.0:V2_MR_REWARD,10000.0,False,1784662200000,5
2026-07-22T13:02:04.910890+00:00,COIN,COIN,strategy-lab-v1.0.0:V2_MR_REWARD,10000.0,False,1784662200000,5
2026-07-22T13:02:04.910890+00:00,MARA,MARA,strategy-lab-v1.0.0:V2_MR_REWARD,10000.0,False,1784662200000,5
2026-07-22T13:02:04.910890+00:00,RIOT,RIOT,strategy-lab-v1.0.0:V2_MR_REWARD,10000.0,False,1784662200000,5
2026-07-22T13:02:04.910890+00:00,GLD,GLD,strategy-lab-v1.0.0:V2_MR_REWARD,10000.0,False,1784662200000,5
2026-07-22T13:02:04.910890+00:00,GDX,GDX,strategy-lab-v1.0.0:V2_MR_REWARD,10000.0,False,1784662200000,5
2026-07-22T13:02:04.910890+00:00,NEM,NEM,strategy-lab-v1.0.0:V2_MR_REWARD,10000.0,False,1784662200000,5
2026-07-22T13:02:04.910890+00:00,DXY,DX-Y.NYB,strategy-lab-v1.0.0:V2_MR_REWARD,10000.0,False,1784721600000,27
2026-07-22T13:02:04.910890+00:00,USDJPY,JPY=X,strategy-lab-v1.0.0:V2_MR_REWARD,10000.0,False,1784725200000,30
2026-07-22T13:02:04.910890+00:00,USDCHF,CHF=X,strategy-lab-v1.0.0:V2_MR_REWARD,10000.0,False,1784725200000,30
2026-07-22T13:02:04.910890+00:00,USDCAD,CAD=X,strategy-lab-v1.0.0:V2_MR_REWARD,10000.0,False,1784725200000,30
2026-07-22T15:10:47.196087+00:00,BTC,BTCUSDT,strategy-lab-v1.0.0:V2_MR_REWARD,10000.0,False,1784732400000,39
2026-07-22T15:10:47.196087+00:00,SOL,SOLUSDT,strategy-lab-v1.0.0:V2_MR_REWARD,10000.0,False,1784732400000,39
2026-07-22T15:10:47.196087+00:00,XRP,XRPUSDT,strategy-lab-v1.0.0:V2_MR_REWARD,10000.0,False,1784732400000,39
2026-07-22T15:10:47.196087+00:00,DOGE,DOGEUSDT,strategy-lab-v1.0.0:V2_MR_REWARD,10000.0,False,1784732400000,39
2026-07-22T15:10:47.196087+00:00,BNB,BNBUSDT,strategy-lab-v1.0.0:V2_MR_REWARD,10000.0,False,1784732400000,39
2026-07-22T15:10:47.196087+00:00,PAXG,PAXGUSDT,strategy-lab-v1.0.0:V2_MR_REWARD,10000.0,False,1784732400000,40
2026-07-22T15:10:47.196087+00:00,GOLD,XAU/USD,strategy-lab-v1.0.0:V2_MR_REWARD,10000.0,False,1784725200000,58
2026-07-22T15:10:47.196087+00:00,SILVER,XAG/USD,strategy-lab-v1.0.0:V2_MR_REWARD,10000.0,False,0,0
2026-07-22T15:10:47.196087+00:00,OIL,WTI/USD,strategy-lab-v1.0.0:V2_MR_REWARD,10000.0,False,0,0
2026-07-22T15:10:47.196087+00:00,GOLD_FUT,GC=F,strategy-lab-v1.0.0:V2_MR_REWARD,10000.0,False,1784732400000,26
2026-07-22T15:10:47.196087+00:00,SILVER_FUT,SI=F,strategy-lab-v1.0.0:V2_MR_REWARD,10000.0,False,1784732400000,26
2026-07-22T15:10:47.196087+00:00,OIL_FUT,CL=F,strategy-lab-v1.0.0:V2_MR_REWARD,10000.0,False,1784732400000,26
2026-07-22T15:10:47.196087+00:00,BRENT_FUT,BZ=F,strategy-lab-v1.0.0:V2_MR_REWARD,10000.0,False,1784732400000,26
2026-07-22T15:10:47.196087+00:00,SPY,SPY,strategy-lab-v1.0.0:V2_MR_REWARD,10000.0,False,1784730600000,6
2026-07-22T15:10:47.196087+00:00,QQQ,QQQ,strategy-lab-v1.0.0:V2_MR_REWARD,10000.0,False,1784730600000,6
2026-07-22T15:10:47.196087+00:00,NVDA,NVDA,strategy-lab-v1.0.0:V2_MR_REWARD,10000.0,False,1784730600000,6
2026-07-22T15:10:47.196087+00:00,MSTR,MSTR,strategy-lab-v1.0.0:V2_MR_REWARD,10000.0,False,1784730600000,6
2026-07-22T15:10:47.196087+00:00,COIN,COIN,strategy-lab-v1.0.0:V2_MR_REWARD,10000.0,False,1784730600000,6
2026-07-22T15:10:47.196087+00:00,MARA,MARA,strategy-lab-v1.0.0:V2_MR_REWARD,10000.0,False,1784730600000,6
2026-07-22T15:10:47.196087+00:00,RIOT,RIOT,strategy-lab-v1.0.0:V2_MR_REWARD,10000.0,False,1784730600000,6
2026-07-22T15:10:47.196087+00:00,GLD,GLD,strategy-lab-v1.0.0:V2_MR_REWARD,10000.0,False,1784730600000,6
2026-07-22T15:10:47.196087+00:00,GDX,GDX,strategy-lab-v1.0.0:V2_MR_REWARD,10000.0,False,1784730600000,6
2026-07-22T15:10:47.196087+00:00,NEM,NEM,strategy-lab-v1.0.0:V2_MR_REWARD,10000.0,False,1784730600000,6
2026-07-22T15:10:47.196087+00:00,DXY,DX-Y.NYB,strategy-lab-v1.0.0:V2_MR_REWARD,10000.0,False,1784732400000,29
2026-07-22T15:10:47.196087+00:00,USDJPY,JPY=X,strategy-lab-v1.0.0:V2_MR_REWARD,10000.0,False,1784732400000,31
2026-07-22T15:10:47.196087+00:00,USDCHF,CHF=X,strategy-lab-v1.0.0:V2_MR_REWARD,10000.0,False,1784732400000,31
2026-07-22T15:10:47.196087+00:00,USDCAD,CAD=X,strategy-lab-v1.0.0:V2_MR_REWARD,10000.0,False,1784732400000,31
2026-07-22T15:14:08.406569+00:00,BTC,BTCUSDT,strategy-lab-v1.0.0:V2_MR_REWARD,10000.0,False,1784732400000,39
2026-07-22T15:14:08.406569+00:00,SOL,SOLUSDT,strategy-lab-v1.0.0:V2_MR_REWARD,10000.0,False,1784732400000,39
2026-07-22T15:14:08.406569+00:00,XRP,XRPUSDT,strategy-lab-v1.0.0:V2_MR_REWARD,10000.0,False,1784732400000,39
2026-07-22T15:14:08.406569+00:00,DOGE,DOGEUSDT,strategy-lab-v1.0.0:V2_MR_REWARD,10000.0,False,1784732400000,39
2026-07-22T15:14:08.406569+00:00,BNB,BNBUSDT,strategy-lab-v1.0.0:V2_MR_REWARD,10000.0,False,1784732400000,39
2026-07-22T15:14:08.406569+00:00,PAXG,PAXGUSDT,strategy-lab-v1.0.0:V2_MR_REWARD,10000.0,False,1784732400000,40
2026-07-22T15:14:08.406569+00:00,GOLD,XAU/USD,strategy-lab-v1.0.0:V2_MR_REWARD,10000.0,False,1784732400000,59
2026-07-22T15:14:08.406569+00:00,SILVER,XAG/USD,strategy-lab-v1.0.0:V2_MR_REWARD,10000.0,False,0,0
2026-07-22T15:14:08.406569+00:00,OIL,WTI/USD,strategy-lab-v1.0.0:V2_MR_REWARD,10000.0,False,0,0
2026-07-22T15:14:08.406569+00:00,GOLD_FUT,GC=F,strategy-lab-v1.0.0:V2_MR_REWARD,10000.0,False,1784732400000,26
2026-07-22T15:14:08.406569+00:00,SILVER_FUT,SI=F,strategy-lab-v1.0.0:V2_MR_REWARD,10000.0,False,1784732400000,26
2026-07-22T15:14:08.406569+00:00,OIL_FUT,CL=F,strategy-lab-v1.0.0:V2_MR_REWARD,10000.0,False,1784732400000,26
2026-07-22T15:14:08.406569+00:00,BRENT_FUT,BZ=F,strategy-lab-v1.0.0:V2_MR_REWARD,10000.0,False,1784732400000,26
2026-07-22T15:14:08.406569+00:00,SPY,SPY,strategy-lab-v1.0.0:V2_MR_REWARD,10000.0,False,1784730600000,6
2026-07-22T15:14:08.406569+00:00,QQQ,QQQ,strategy-lab-v1.0.0:V2_MR_REWARD,10000.0,False,1784730600000,6
2026-07-22T15:14:08.406569+00:00,NVDA,NVDA,strategy-lab-v1.0.0:V2_MR_REWARD,10000.0,False,1784730600000,6
2026-07-22T15:14:08.406569+00:00,MSTR,MSTR,strategy-lab-v1.0.0:V2_MR_REWARD,10000.0,False,1784730600000,6
2026-07-22T15:14:08.406569+00:00,COIN,COIN,strategy-lab-v1.0.0:V2_MR_REWARD,10000.0,False,1784730600000,6
2026-07-22T15:14:08.406569+00:00,MARA,MARA,strategy-lab-v1.0.0:V2_MR_REWARD,10000.0,False,1784730600000,6
2026-07-22T15:14:08.406569+00:00,RIOT,RIOT,strategy-lab-v1.0.0:V2_MR_REWARD,10000.0,False,1784730600000,6
2026-07-22T15:14:08.406569+00:00,GLD,GLD,strategy-lab-v1.0.0:V2_MR_REWARD,10000.0,False,1784730600000,6
2026-07-22T15:14:08.406569+00:00,GDX,GDX,strategy-lab-v1.0.0:V2_MR_REWARD,10000.0,False,1784730600000,6
2026-07-22T15:14:08.406569+00:00,NEM,NEM,strategy-lab-v1.0.0:V2_MR_REWARD,10000.0,False,1784730600000,6
2026-07-22T15:14:08.406569+00:00,DXY,DX-Y.NYB,strategy-lab-v1.0.0:V2_MR_REWARD,10000.0,False,1784732400000,29
2026-07-22T15:14:08.406569+00:00,USDJPY,JPY=X,strategy-lab-v1.0.0:V2_MR_REWARD,10000.0,False,1784732400000,31
2026-07-22T15:14:08.406569+00:00,USDCHF,CHF=X,strategy-lab-v1.0.0:V2_MR_REWARD,10000.0,False,1784732400000,31
2026-07-22T15:14:08.406569+00:00,USDCAD,CAD=X,strategy-lab-v1.0.0:V2_MR_REWARD,10000.0,False,1784732400000,31
2026-07-22T16:44:14.253718+00:00,BTC,BTCUSDT,strategy-lab-v1.0.0:V2_MR_REWARD,10000.0,False,1784736000000,39
2026-07-22T16:44:14.253718+00:00,SOL,SOLUSDT,strategy-lab-v1.0.0:V2_MR_REWARD,10000.0,False,1784736000000,39
2026-07-22T16:44:14.253718+00:00,XRP,XRPUSDT,strategy-lab-v1.0.0:V2_MR_REWARD,10000.0,False,1784736000000,39
2026-07-22T16:44:14.253718+00:00,DOGE,DOGEUSDT,strategy-lab-v1.0.0:V2_MR_REWARD,10000.0,False,1784736000000,39
2026-07-22T16:44:14.253718+00:00,BNB,BNBUSDT,strategy-lab-v1.0.0:V2_MR_REWARD,10000.0,False,1784736000000,39
2026-07-22T16:44:14.253718+00:00,PAXG,PAXGUSDT,strategy-lab-v1.0.0:V2_MR_REWARD,10000.0,False,1784736000000,40
2026-07-22T16:44:14.253718+00:00,GOLD,XAU/USD,strategy-lab-v1.0.0:V2_MR_REWARD,10000.0,False,1784732400000,59
2026-07-22T16:44:14.253718+00:00,SILVER,XAG/USD,strategy-lab-v1.0.0:V2_MR_REWARD,10000.0,False,0,0
2026-07-22T16:44:14.253718+00:00,OIL,WTI/USD,strategy-lab-v1.0.0:V2_MR_REWARD,10000.0,False,0,0
2026-07-22T16:44:14.253718+00:00,GOLD_FUT,GC=F,strategy-lab-v1.0.0:V2_MR_REWARD,10000.0,False,1784736000000,26
2026-07-22T16:44:14.253718+00:00,SILVER_FUT,SI=F,strategy-lab-v1.0.0:V2_MR_REWARD,10000.0,False,1784736000000,26
2026-07-22T16:44:14.253718+00:00,OIL_FUT,CL=F,strategy-lab-v1.0.0:V2_MR_REWARD,10000.0,False,1784736000000,26
2026-07-22T16:44:14.253718+00:00,BRENT_FUT,BZ=F,strategy-lab-v1.0.0:V2_MR_REWARD,10000.0,False,1784736000000,26
2026-07-22T16:44:14.253718+00:00,SPY,SPY,strategy-lab-v1.0.0:V2_MR_REWARD,10000.0,False,1784737800000,7
2026-07-22T16:44:14.253718+00:00,QQQ,QQQ,strategy-lab-v1.0.0:V2_MR_REWARD,10000.0,False,1784737800000,7
2026-07-22T16:44:14.253718+00:00,NVDA,NVDA,strategy-lab-v1.0.0:V2_MR_REWARD,10000.0,False,1784737800000,7
2026-07-22T16:44:14.253718+00:00,MSTR,MSTR,strategy-lab-v1.0.0:V2_MR_REWARD,10000.0,False,1784737800000,7
2026-07-22T16:44:14.253718+00:00,COIN,COIN,strategy-lab-v1.0.0:V2_MR_REWARD,10000.0,False,1784737800000,7
2026-07-22T16:44:14.253718+00:00,MARA,MARA,strategy-lab-v1.0.0:V2_MR_REWARD,10000.0,False,1784737800000,7
2026-07-22T16:44:14.253718+00:00,RIOT,RIOT,strategy-lab-v1.0.0:V2_MR_REWARD,10000.0,False,1784737800000,7
2026-07-22T16:44:14.253718+00:00,GLD,GLD,strategy-lab-v1.0.0:V2_MR_REWARD,10000.0,False,1784737800000,7
2026-07-22T16:44:14.253718+00:00,GDX,GDX,strategy-lab-v1.0.0:V2_MR_REWARD,10000.0,False,1784737800000,7
2026-07-22T16:44:14.253718+00:00,NEM,NEM,strategy-lab-v1.0.0:V2_MR_REWARD,10000.0,False,1784737800000,7
2026-07-22T16:44:14.253718+00:00,DXY,DX-Y.NYB,strategy-lab-v1.0.0:V2_MR_REWARD,10000.0,False,1784736000000,29
2026-07-22T16:44:14.253718+00:00,USDJPY,JPY=X,strategy-lab-v1.0.0:V2_MR_REWARD,10000.0,False,1784736000000,31
2026-07-22T16:44:14.253718+00:00,USDCHF,CHF=X,strategy-lab-v1.0.0:V2_MR_REWARD,10000.0,False,1784736000000,31
2026-07-22T16:44:14.253718+00:00,USDCAD,CAD=X,strategy-lab-v1.0.0:V2_MR_REWARD,10000.0,False,1784736000000,31
2026-07-22T17:55:14.115146+00:00,BTC,BTCUSDT,strategy-lab-v1.0.0:V2_MR_REWARD,10000.0,False,1784739600000,39
2026-07-22T17:55:14.115146+00:00,SOL,SOLUSDT,strategy-lab-v1.0.0:V2_MR_REWARD,10000.0,False,1784739600000,39
2026-07-22T17:55:14.115146+00:00,XRP,XRPUSDT,strategy-lab-v1.0.0:V2_MR_REWARD,10000.0,False,1784739600000,39
2026-07-22T17:55:14.115146+00:00,DOGE,DOGEUSDT,strategy-lab-v1.0.0:V2_MR_REWARD,10000.0,False,1784739600000,39
2026-07-22T17:55:14.115146+00:00,BNB,BNBUSDT,strategy-lab-v1.0.0:V2_MR_REWARD,10000.0,False,1784739600000,39
2026-07-22T17:55:14.115146+00:00,PAXG,PAXGUSDT,strategy-lab-v1.0.0:V2_MR_REWARD,10000.0,False,1784739600000,40
2026-07-22T17:55:14.115146+00:00,GOLD,XAU/USD,strategy-lab-v1.0.0:V2_MR_REWARD,10000.0,False,1784732400000,59
2026-07-22T17:55:14.115146+00:00,SILVER,XAG/USD,strategy-lab-v1.0.0:V2_MR_REWARD,10000.0,False,0,0
2026-07-22T17:55:14.115146+00:00,OIL,WTI/USD,strategy-lab-v1.0.0:V2_MR_REWARD,10000.0,False,0,0
2026-07-22T17:55:14.115146+00:00,GOLD_FUT,GC=F,strategy-lab-v1.0.0:V2_MR_REWARD,10000.0,False,1784739600000,26
2026-07-22T17:55:14.115146+00:00,SILVER_FUT,SI=F,strategy-lab-v1.0.0:V2_MR_REWARD,10000.0,False,1784739600000,26
2026-07-22T17:55:14.115146+00:00,OIL_FUT,CL=F,strategy-lab-v1.0.0:V2_MR_REWARD,10000.0,False,1784739600000,26
2026-07-22T17:55:14.115146+00:00,BRENT_FUT,BZ=F,strategy-lab-v1.0.0:V2_MR_REWARD,10000.0,False,1784739600000,26
2026-07-22T17:55:14.115146+00:00,SPY,SPY,strategy-lab-v1.0.0:V2_MR_REWARD,10000.0,False,1784741400000,7
2026-07-22T17:55:14.115146+00:00,QQQ,QQQ,strategy-lab-v1.0.0:V2_MR_REWARD,10000.0,False,1784741400000,7
2026-07-22T17:55:14.115146+00:00,NVDA,NVDA,strategy-lab-v1.0.0:V2_MR_REWARD,10000.0,False,1784741400000,7
2026-07-22T17:55:14.115146+00:00,MSTR,MSTR,strategy-lab-v1.0.0:V2_MR_REWARD,10000.0,False,1784741400000,7
2026-07-22T17:55:14.115146+00:00,COIN,COIN,strategy-lab-v1.0.0:V2_MR_REWARD,10000.0,False,1784741400000,7
2026-07-22T17:55:14.115146+00:00,MARA,MARA,strategy-lab-v1.0.0:V2_MR_REWARD,10000.0,False,1784741400000,7
2026-07-22T17:55:14.115146+00:00,RIOT,RIOT,strategy-lab-v1.0.0:V2_MR_REWARD,10000.0,False,1784741400000,7
2026-07-22T17:55:14.115146+00:00,GLD,GLD,strategy-lab-v1.0.0:V2_MR_REWARD,10000.0,False,1784741400000,7
2026-07-22T17:55:14.115146+00:00,GDX,GDX,strategy-lab-v1.0.0:V2_MR_REWARD,10000.0,False,1784741400000,7
2026-07-22T17:55:14.115146+00:00,NEM,NEM,strategy-lab-v1.0.0:V2_MR_REWARD,10000.0,False,1784741400000,7
2026-07-22T17:55:14.115146+00:00,DXY,DX-Y.NYB,strategy-lab-v1.0.0:V2_MR_REWARD,10000.0,False,1784739600000,29
2026-07-22T17:55:14.115146+00:00,USDJPY,JPY=X,strategy-lab-v1.0.0:V2_MR_REWARD,10000.0,False,1784739600000,31
2026-07-22T17:55:14.115146+00:00,USDCHF,CHF=X,strategy-lab-v1.0.0:V2_MR_REWARD,10000.0,False,1784739600000,31
2026-07-22T17:55:14.115146+00:00,USDCAD,CAD=X,strategy-lab-v1.0.0:V2_MR_REWARD,10000.0,False,1784739600000,31
2026-07-22T19:05:29.306272+00:00,BTC,BTCUSDT,strategy-lab-v1.0.0:V2_MR_REWARD,10000.0,False,1784746800000,40
2026-07-22T19:05:29.306272+00:00,SOL,SOLUSDT,strategy-lab-v1.0.0:V2_MR_REWARD,10000.0,False,1784746800000,40
2026-07-22T19:05:29.306272+00:00,XRP,XRPUSDT,strategy-lab-v1.0.0:V2_MR_REWARD,10000.0,False,1784746800000,40
2026-07-22T19:05:29.306272+00:00,DOGE,DOGEUSDT,strategy-lab-v1.0.0:V2_MR_REWARD,10000.0,False,1784746800000,40
2026-07-22T19:05:29.306272+00:00,BNB,BNBUSDT,strategy-lab-v1.0.0:V2_MR_REWARD,10000.0,False,1784746800000,40
2026-07-22T19:05:29.306272+00:00,PAXG,PAXGUSDT,strategy-lab-v1.0.0:V2_MR_REWARD,10000.0,False,1784746800000,41
2026-07-22T19:05:29.306272+00:00,GOLD,XAU/USD,strategy-lab-v1.0.0:V2_MR_REWARD,10000.0,False,1784732400000,59
2026-07-22T19:05:29.306272+00:00,SILVER,XAG/USD,strategy-lab-v1.0.0:V2_MR_REWARD,10000.0,False,0,0
2026-07-22T19:05:29.306272+00:00,OIL,WTI/USD,strategy-lab-v1.0.0:V2_MR_REWARD,10000.0,False,0,0
2026-07-22T19:05:29.306272+00:00,GOLD_FUT,GC=F,strategy-lab-v1.0.0:V2_MR_REWARD,10000.0,False,1784743200000,26
2026-07-22T19:05:29.306272+00:00,SILVER_FUT,SI=F,strategy-lab-v1.0.0:V2_MR_REWARD,10000.0,False,1784743200000,26
2026-07-22T19:05:29.306272+00:00,OIL_FUT,CL=F,strategy-lab-v1.0.0:V2_MR_REWARD,10000.0,False,1784743200000,26
2026-07-22T19:05:29.306272+00:00,BRENT_FUT,BZ=F,strategy-lab-v1.0.0:V2_MR_REWARD,10000.0,False,1784743200000,26
2026-07-22T19:05:29.306272+00:00,SPY,SPY,strategy-lab-v1.0.0:V2_MR_REWARD,10000.0,False,1784745000000,7
2026-07-22T19:05:29.306272+00:00,QQQ,QQQ,strategy-lab-v1.0.0:V2_MR_REWARD,10000.0,False,1784745000000,7
2026-07-22T19:05:29.306272+00:00,NVDA,NVDA,strategy-lab-v1.0.0:V2_MR_REWARD,10000.0,False,1784745000000,7
2026-07-22T19:05:29.306272+00:00,MSTR,MSTR,strategy-lab-v1.0.0:V2_MR_REWARD,10000.0,False,1784745000000,7
2026-07-22T19:05:29.306272+00:00,COIN,COIN,strategy-lab-v1.0.0:V2_MR_REWARD,10000.0,False,1784745000000,7
2026-07-22T19:05:29.306272+00:00,MARA,MARA,strategy-lab-v1.0.0:V2_MR_REWARD,10000.0,False,1784745000000,7
2026-07-22T19:05:29.306272+00:00,RIOT,RIOT,strategy-lab-v1.0.0:V2_MR_REWARD,10000.0,False,1784745000000,7
2026-07-22T19:05:29.306272+00:00,GLD,GLD,strategy-lab-v1.0.0:V2_MR_REWARD,10000.0,False,1784745000000,7
2026-07-22T19:05:29.306272+00:00,GDX,GDX,strategy-lab-v1.0.0:V2_MR_REWARD,10000.0,False,1784745000000,7
2026-07-22T19:05:29.306272+00:00,NEM,NEM,strategy-lab-v1.0.0:V2_MR_REWARD,10000.0,False,1784745000000,7
2026-07-22T19:05:29.306272+00:00,DXY,DX-Y.NYB,strategy-lab-v1.0.0:V2_MR_REWARD,10000.0,False,1784743200000,29
2026-07-22T19:05:29.306272+00:00,USDJPY,JPY=X,strategy-lab-v1.0.0:V2_MR_REWARD,10000.0,False,1784746800000,32
2026-07-22T19:05:29.306272+00:00,USDCHF,CHF=X,strategy-lab-v1.0.0:V2_MR_REWARD,10000.0,False,1784746800000,32
2026-07-22T19:05:29.306272+00:00,USDCAD,CAD=X,strategy-lab-v1.0.0:V2_MR_REWARD,10000.0,False,1784746800000,32
2026-07-22T20:19:25.205806+00:00,BTC,BTCUSDT,strategy-lab-v1.0.0:V2_MR_REWARD,10000.0,False,1784750400000,40
2026-07-22T20:19:25.205806+00:00,SOL,SOLUSDT,strategy-lab-v1.0.0:V2_MR_REWARD,10000.0,False,1784750400000,40
2026-07-22T20:19:25.205806+00:00,XRP,XRPUSDT,strategy-lab-v1.0.0:V2_MR_REWARD,10000.0,False,1784750400000,40
2026-07-22T20:19:25.205806+00:00,DOGE,DOGEUSDT,strategy-lab-v1.0.0:V2_MR_REWARD,10000.0,False,1784750400000,40
2026-07-22T20:19:25.205806+00:00,BNB,BNBUSDT,strategy-lab-v1.0.0:V2_MR_REWARD,10000.0,False,1784750400000,40
2026-07-22T20:19:25.205806+00:00,PAXG,PAXGUSDT,strategy-lab-v1.0.0:V2_MR_REWARD,10000.0,False,1784750400000,41
2026-07-22T20:19:25.205806+00:00,GOLD,XAU/USD,strategy-lab-v1.0.0:V2_MR_REWARD,10000.0,False,1784732400000,59
2026-07-22T20:19:25.205806+00:00,SILVER,XAG/USD,strategy-lab-v1.0.0:V2_MR_REWARD,10000.0,False,0,0
2026-07-22T20:19:25.205806+00:00,OIL,WTI/USD,strategy-lab-v1.0.0:V2_MR_REWARD,10000.0,False,0,0
2026-07-22T20:19:25.205806+00:00,GOLD_FUT,GC=F,strategy-lab-v1.0.0:V2_MR_REWARD,10000.0,False,1784750400000,27
2026-07-22T20:19:25.205806+00:00,SILVER_FUT,SI=F,strategy-lab-v1.0.0:V2_MR_REWARD,10000.0,False,1784750400000,27
2026-07-22T20:19:25.205806+00:00,OIL_FUT,CL=F,strategy-lab-v1.0.0:V2_MR_REWARD,10000.0,False,1784750400000,27
2026-07-22T20:19:25.205806+00:00,BRENT_FUT,BZ=F,strategy-lab-v1.0.0:V2_MR_REWARD,10000.0,False,1784750400000,27
2026-07-22T20:19:25.205806+00:00,SPY,SPY,strategy-lab-v1.0.0:V2_MR_REWARD,10000.0,False,1784748600000,7
2026-07-22T20:19:25.205806+00:00,QQQ,QQQ,strategy-lab-v1.0.0:V2_MR_REWARD,10000.0,False,1784748600000,7
2026-07-22T20:19:25.205806+00:00,NVDA,NVDA,strategy-lab-v1.0.0:V2_MR_REWARD,10000.0,False,1784748600000,7
2026-07-22T20:19:25.205806+00:00,MSTR,MSTR,strategy-lab-v1.0.0:V2_MR_REWARD,10000.0,False,1784748600000,7
2026-07-22T20:19:25.205806+00:00,COIN,COIN,strategy-lab-v1.0.0:V2_MR_REWARD,10000.0,False,1784748600000,7
2026-07-22T20:19:25.205806+00:00,MARA,MARA,strategy-lab-v1.0.0:V2_MR_REWARD,10000.0,False,1784748600000,7
2026-07-22T20:19:25.205806+00:00,RIOT,RIOT,strategy-lab-v1.0.0:V2_MR_REWARD,10000.0,False,1784748600000,7
2026-07-22T20:19:25.205806+00:00,GLD,GLD,strategy-lab-v1.0.0:V2_MR_REWARD,10000.0,False,1784748600000,7
2026-07-22T20:19:25.205806+00:00,GDX,GDX,strategy-lab-v1.0.0:V2_MR_REWARD,10000.0,False,1784748600000,7
2026-07-22T20:19:25.205806+00:00,NEM,NEM,strategy-lab-v1.0.0:V2_MR_REWARD,10000.0,False,1784748600000,7
2026-07-22T20:19:25.205806+00:00,DXY,DX-Y.NYB,strategy-lab-v1.0.0:V2_MR_REWARD,10000.0,False,1784750400000,30
2026-07-22T20:19:25.205806+00:00,USDJPY,JPY=X,strategy-lab-v1.0.0:V2_MR_REWARD,10000.0,False,1784750400000,32
2026-07-22T20:19:25.205806+00:00,USDCHF,CHF=X,strategy-lab-v1.0.0:V2_MR_REWARD,10000.0,False,1784750400000,32
2026-07-22T20:19:25.205806+00:00,USDCAD,CAD=X,strategy-lab-v1.0.0:V2_MR_REWARD,10000.0,False,1784750400000,32
2026-07-22T21:33:27.469540+00:00,BTC,BTCUSDT,strategy-lab-v1.0.0:V2_MR_REWARD,10000.0,False,1784754000000,40
2026-07-22T21:33:27.469540+00:00,SOL,SOLUSDT,strategy-lab-v1.0.0:V2_MR_REWARD,10000.0,False,1784754000000,40
2026-07-22T21:33:27.469540+00:00,XRP,XRPUSDT,strategy-lab-v1.0.0:V2_MR_REWARD,10000.0,False,1784754000000,40
2026-07-22T21:33:27.469540+00:00,DOGE,DOGEUSDT,strategy-lab-v1.0.0:V2_MR_REWARD,10000.0,False,1784754000000,40
2026-07-22T21:33:27.469540+00:00,BNB,BNBUSDT,strategy-lab-v1.0.0:V2_MR_REWARD,10000.0,False,1784754000000,40
2026-07-22T21:33:27.469540+00:00,PAXG,PAXGUSDT,strategy-lab-v1.0.0:V2_MR_REWARD,10000.0,False,1784754000000,41
2026-07-22T21:33:27.469540+00:00,GOLD,XAU/USD,strategy-lab-v1.0.0:V2_MR_REWARD,10000.0,False,1784732400000,59
2026-07-22T21:33:27.469540+00:00,SILVER,XAG/USD,strategy-lab-v1.0.0:V2_MR_REWARD,10000.0,False,0,0
2026-07-22T21:33:27.469540+00:00,OIL,WTI/USD,strategy-lab-v1.0.0:V2_MR_REWARD,10000.0,False,0,0
2026-07-22T21:33:27.469540+00:00,GOLD_FUT,GC=F,strategy-lab-v1.0.0:V2_MR_REWARD,10000.0,False,1784750400000,27
2026-07-22T21:33:27.469540+00:00,SILVER_FUT,SI=F,strategy-lab-v1.0.0:V2_MR_REWARD,10000.0,False,1784750400000,27
2026-07-22T21:33:27.469540+00:00,OIL_FUT,CL=F,strategy-lab-v1.0.0:V2_MR_REWARD,10000.0,False,1784750400000,27
2026-07-22T21:33:27.469540+00:00,BRENT_FUT,BZ=F,strategy-lab-v1.0.0:V2_MR_REWARD,10000.0,False,1784750400000,27
2026-07-22T21:33:27.469540+00:00,SPY,SPY,strategy-lab-v1.0.0:V2_MR_REWARD,10000.0,False,1784748600000,7
2026-07-22T21:33:27.469540+00:00,QQQ,QQQ,strategy-lab-v1.0.0:V2_MR_REWARD,10000.0,False,1784748600000,7
2026-07-22T21:33:27.469540+00:00,NVDA,NVDA,strategy-lab-v1.0.0:V2_MR_REWARD,10000.0,False,1784748600000,7
2026-07-22T21:33:27.469540+00:00,MSTR,MSTR,strategy-lab-v1.0.0:V2_MR_REWARD,10000.0,False,1784748600000,7
2026-07-22T21:33:27.469540+00:00,COIN,COIN,strategy-lab-v1.0.0:V2_MR_REWARD,10000.0,False,1784748600000,7
2026-07-22T21:33:27.469540+00:00,MARA,MARA,strategy-lab-v1.0.0:V2_MR_REWARD,10000.0,False,1784748600000,7
2026-07-22T21:33:27.469540+00:00,RIOT,RIOT,strategy-lab-v1.0.0:V2_MR_REWARD,10000.0,False,1784748600000,7
2026-07-22T21:33:27.469540+00:00,GLD,GLD,strategy-lab-v1.0.0:V2_MR_REWARD,10000.0,False,1784748600000,7
2026-07-22T21:33:27.469540+00:00,GDX,GDX,strategy-lab-v1.0.0:V2_MR_REWARD,10000.0,False,1784748600000,7
2026-07-22T21:33:27.469540+00:00,NEM,NEM,strategy-lab-v1.0.0:V2_MR_REWARD,10000.0,False,1784748600000,7
2026-07-22T21:33:27.469540+00:00,DXY,DX-Y.NYB,strategy-lab-v1.0.0:V2_MR_REWARD,10000.0,False,1784754000000,30
2026-07-22T21:33:27.469540+00:00,USDJPY,JPY=X,strategy-lab-v1.0.0:V2_MR_REWARD,10000.0,False,1784754000000,32
2026-07-22T21:33:27.469540+00:00,USDCHF,CHF=X,strategy-lab-v1.0.0:V2_MR_REWARD,10000.0,False,1784754000000,32
2026-07-22T21:33:27.469540+00:00,USDCAD,CAD=X,strategy-lab-v1.0.0:V2_MR_REWARD,10000.0,False,1784754000000,32
2026-07-22T22:37:45.958063+00:00,BTC,BTCUSDT,strategy-lab-v1.0.0:V2_MR_REWARD,10000.0,False,1784757600000,40
2026-07-22T22:37:45.958063+00:00,SOL,SOLUSDT,strategy-lab-v1.0.0:V2_MR_REWARD,10000.0,False,1784757600000,40
2026-07-22T22:37:45.958063+00:00,XRP,XRPUSDT,strategy-lab-v1.0.0:V2_MR_REWARD,10000.0,False,1784757600000,40
2026-07-22T22:37:45.958063+00:00,DOGE,DOGEUSDT,strategy-lab-v1.0.0:V2_MR_REWARD,10000.0,False,1784757600000,40
2026-07-22T22:37:45.958063+00:00,BNB,BNBUSDT,strategy-lab-v1.0.0:V2_MR_REWARD,10000.0,False,1784757600000,40
2026-07-22T22:37:45.958063+00:00,PAXG,PAXGUSDT,strategy-lab-v1.0.0:V2_MR_REWARD,10000.0,False,1784757600000,41
2026-07-22T22:37:45.958063+00:00,GOLD,XAU/USD,strategy-lab-v1.0.0:V2_MR_REWARD,10000.0,False,1784757600000,65
2026-07-22T22:37:45.958063+00:00,SILVER,XAG/USD,strategy-lab-v1.0.0:V2_MR_REWARD,10000.0,False,0,0
2026-07-22T22:37:45.958063+00:00,OIL,WTI/USD,strategy-lab-v1.0.0:V2_MR_REWARD,10000.0,False,0,0
2026-07-22T22:37:45.958063+00:00,GOLD_FUT,GC=F,strategy-lab-v1.0.0:V2_MR_REWARD,10000.0,False,1784757600000,27
2026-07-22T22:37:45.958063+00:00,SILVER_FUT,SI=F,strategy-lab-v1.0.0:V2_MR_REWARD,10000.0,False,1784757600000,27
2026-07-22T22:37:45.958063+00:00,OIL_FUT,CL=F,strategy-lab-v1.0.0:V2_MR_REWARD,10000.0,False,1784757600000,27
2026-07-22T22:37:45.958063+00:00,BRENT_FUT,BZ=F,strategy-lab-v1.0.0:V2_MR_REWARD,10000.0,False,1784757600000,27
2026-07-22T22:37:45.958063+00:00,SPY,SPY,strategy-lab-v1.0.0:V2_MR_REWARD,10000.0,False,1784748600000,7
2026-07-22T22:37:45.958063+00:00,QQQ,QQQ,strategy-lab-v1.0.0:V2_MR_REWARD,10000.0,False,1784748600000,7
2026-07-22T22:37:45.958063+00:00,NVDA,NVDA,strategy-lab-v1.0.0:V2_MR_REWARD,10000.0,False,1784748600000,7
2026-07-22T22:37:45.958063+00:00,MSTR,MSTR,strategy-lab-v1.0.0:V2_MR_REWARD,10000.0,False,1784748600000,7
2026-07-22T22:37:45.958063+00:00,COIN,COIN,strategy-lab-v1.0.0:V2_MR_REWARD,10000.0,False,1784748600000,7
2026-07-22T22:37:45.958063+00:00,MARA,MARA,strategy-lab-v1.0.0:V2_MR_REWARD,10000.0,False,1784748600000,7
2026-07-22T22:37:45.958063+00:00,RIOT,RIOT,strategy-lab-v1.0.0:V2_MR_REWARD,10000.0,False,1784748600000,7
2026-07-22T22:37:45.958063+00:00,GLD,GLD,strategy-lab-v1.0.0:V2_MR_REWARD,10000.0,False,1784748600000,7
2026-07-22T22:37:45.958063+00:00,GDX,GDX,strategy-lab-v1.0.0:V2_MR_REWARD,10000.0,False,1784748600000,7
2026-07-22T22:37:45.958063+00:00,NEM,NEM,strategy-lab-v1.0.0:V2_MR_REWARD,10000.0,False,1784748600000,7
2026-07-22T22:37:45.958063+00:00,DXY,DX-Y.NYB,strategy-lab-v1.0.0:V2_MR_REWARD,10000.0,False,1784757600000,30
2026-07-22T22:37:45.958063+00:00,USDJPY,JPY=X,strategy-lab-v1.0.0:V2_MR_REWARD,10000.0,False,1784757600000,32
2026-07-22T22:37:45.958063+00:00,USDCHF,CHF=X,strategy-lab-v1.0.0:V2_MR_REWARD,10000.0,False,1784757600000,32
2026-07-22T22:37:45.958063+00:00,USDCAD,CAD=X,strategy-lab-v1.0.0:V2_MR_REWARD,10000.0,False,1784757600000,32
2026-07-22T23:37:48.495488+00:00,BTC,BTCUSDT,strategy-lab-v1.0.0:V2_MR_REWARD,10000.0,False,1784761200000,40
2026-07-22T23:37:48.495488+00:00,SOL,SOLUSDT,strategy-lab-v1.0.0:V2_MR_REWARD,10000.0,False,1784761200000,40
2026-07-22T23:37:48.495488+00:00,XRP,XRPUSDT,strategy-lab-v1.0.0:V2_MR_REWARD,10000.0,False,1784761200000,40
2026-07-22T23:37:48.495488+00:00,DOGE,DOGEUSDT,strategy-lab-v1.0.0:V2_MR_REWARD,10000.0,False,1784761200000,40
2026-07-22T23:37:48.495488+00:00,BNB,BNBUSDT,strategy-lab-v1.0.0:V2_MR_REWARD,10000.0,False,1784761200000,40
2026-07-22T23:37:48.495488+00:00,PAXG,PAXGUSDT,strategy-lab-v1.0.0:V2_MR_REWARD,10000.0,False,1784761200000,41
2026-07-22T23:37:48.495488+00:00,GOLD,XAU/USD,strategy-lab-v1.0.0:V2_MR_REWARD,10000.0,False,1784757600000,65
2026-07-22T23:37:48.495488+00:00,SILVER,XAG/USD,strategy-lab-v1.0.0:V2_MR_REWARD,10000.0,False,0,0
2026-07-22T23:37:48.495488+00:00,OIL,WTI/USD,strategy-lab-v1.0.0:V2_MR_REWARD,10000.0,False,0,0
2026-07-22T23:37:48.495488+00:00,GOLD_FUT,GC=F,strategy-lab-v1.0.0:V2_MR_REWARD,10000.0,False,1784761200000,27
2026-07-22T23:37:48.495488+00:00,SILVER_FUT,SI=F,strategy-lab-v1.0.0:V2_MR_REWARD,10000.0,False,1784761200000,27
2026-07-22T23:37:48.495488+00:00,OIL_FUT,CL=F,strategy-lab-v1.0.0:V2_MR_REWARD,10000.0,False,1784761200000,27
2026-07-22T23:37:48.495488+00:00,BRENT_FUT,BZ=F,strategy-lab-v1.0.0:V2_MR_REWARD,10000.0,False,1784761200000,27
2026-07-22T23:37:48.495488+00:00,SPY,SPY,strategy-lab-v1.0.0:V2_MR_REWARD,10000.0,False,1784748600000,7
2026-07-22T23:37:48.495488+00:00,QQQ,QQQ,strategy-lab-v1.0.0:V2_MR_REWARD,10000.0,False,1784748600000,7
2026-07-22T23:37:48.495488+00:00,NVDA,NVDA,strategy-lab-v1.0.0:V2_MR_REWARD,10000.0,False,1784748600000,7
2026-07-22T23:37:48.495488+00:00,MSTR,MSTR,strategy-lab-v1.0.0:V2_MR_REWARD,10000.0,False,1784748600000,7
2026-07-22T23:37:48.495488+00:00,COIN,COIN,strategy-lab-v1.0.0:V2_MR_REWARD,10000.0,False,1784748600000,7
2026-07-22T23:37:48.495488+00:00,MARA,MARA,strategy-lab-v1.0.0:V2_MR_REWARD,10000.0,False,1784748600000,7
2026-07-22T23:37:48.495488+00:00,RIOT,RIOT,strategy-lab-v1.0.0:V2_MR_REWARD,10000.0,False,1784748600000,7
2026-07-22T23:37:48.495488+00:00,GLD,GLD,strategy-lab-v1.0.0:V2_MR_REWARD,10000.0,False,1784748600000,7
2026-07-22T23:37:48.495488+00:00,GDX,GDX,strategy-lab-v1.0.0:V2_MR_REWARD,10000.0,False,1784748600000,7
2026-07-22T23:37:48.495488+00:00,NEM,NEM,strategy-lab-v1.0.0:V2_MR_REWARD,10000.0,False,1784748600000,7
2026-07-22T23:37:48.495488+00:00,DXY,DX-Y.NYB,strategy-lab-v1.0.0:V2_MR_REWARD,10000.0,False,1784757600000,30
2026-07-22T23:37:48.495488+00:00,USDJPY,JPY=X,strategy-lab-v1.0.0:V2_MR_REWARD,10000.0,False,1784761200000,32
2026-07-22T23:37:48.495488+00:00,USDCHF,CHF=X,strategy-lab-v1.0.0:V2_MR_REWARD,10000.0,False,1784761200000,32
2026-07-22T23:37:48.495488+00:00,USDCAD,CAD=X,strategy-lab-v1.0.0:V2_MR_REWARD,10000.0,False,1784761200000,32
2026-07-23T01:09:39.278477+00:00,BTC,BTCUSDT,strategy-lab-v1.0.0:V2_MR_REWARD,10000.0,False,1784768400000,41
2026-07-23T01:09:39.278477+00:00,SOL,SOLUSDT,strategy-lab-v1.0.0:V2_MR_REWARD,10000.0,False,1784768400000,41
2026-07-23T01:09:39.278477+00:00,XRP,XRPUSDT,strategy-lab-v1.0.0:V2_MR_REWARD,10000.0,False,1784768400000,41
2026-07-23T01:09:39.278477+00:00,DOGE,DOGEUSDT,strategy-lab-v1.0.0:V2_MR_REWARD,10000.0,False,1784768400000,41
2026-07-23T01:09:39.278477+00:00,BNB,BNBUSDT,strategy-lab-v1.0.0:V2_MR_REWARD,10000.0,False,1784768400000,41
2026-07-23T01:09:39.278477+00:00,PAXG,PAXGUSDT,strategy-lab-v1.0.0:V2_MR_REWARD,10000.0,False,1784768400000,42
2026-07-23T01:09:39.278477+00:00,GOLD,XAU/USD,strategy-lab-v1.0.0:V2_MR_REWARD,10000.0,False,1784768400000,67
2026-07-23T01:09:39.278477+00:00,SILVER,XAG/USD,strategy-lab-v1.0.0:V2_MR_REWARD,10000.0,False,0,0
2026-07-23T01:09:39.278477+00:00,OIL,WTI/USD,strategy-lab-v1.0.0:V2_MR_REWARD,10000.0,False,0,0
2026-07-23T01:09:39.278477+00:00,GOLD_FUT,GC=F,strategy-lab-v1.0.0:V2_MR_REWARD,10000.0,False,1784764800000,27
2026-07-23T01:09:39.278477+00:00,SILVER_FUT,SI=F,strategy-lab-v1.0.0:V2_MR_REWARD,10000.0,False,1784764800000,27
2026-07-23T01:09:39.278477+00:00,OIL_FUT,CL=F,strategy-lab-v1.0.0:V2_MR_REWARD,10000.0,False,1784768400000,28
2026-07-23T01:09:39.278477+00:00,BRENT_FUT,BZ=F,strategy-lab-v1.0.0:V2_MR_REWARD,10000.0,False,1784764800000,27
2026-07-23T01:09:39.278477+00:00,SPY,SPY,strategy-lab-v1.0.0:V2_MR_REWARD,10000.0,False,1784748600000,7
2026-07-23T01:09:39.278477+00:00,QQQ,QQQ,strategy-lab-v1.0.0:V2_MR_REWARD,10000.0,False,1784748600000,7
2026-07-23T01:09:39.278477+00:00,NVDA,NVDA,strategy-lab-v1.0.0:V2_MR_REWARD,10000.0,False,1784748600000,7
2026-07-23T01:09:39.278477+00:00,MSTR,MSTR,strategy-lab-v1.0.0:V2_MR_REWARD,10000.0,False,1784748600000,7
2026-07-23T01:09:39.278477+00:00,COIN,COIN,strategy-lab-v1.0.0:V2_MR_REWARD,10000.0,False,1784748600000,7
2026-07-23T01:09:39.278477+00:00,MARA,MARA,strategy-lab-v1.0.0:V2_MR_REWARD,10000.0,False,1784748600000,7
2026-07-23T01:09:39.278477+00:00,RIOT,RIOT,strategy-lab-v1.0.0:V2_MR_REWARD,10000.0,False,1784748600000,7
2026-07-23T01:09:39.278477+00:00,GLD,GLD,strategy-lab-v1.0.0:V2_MR_REWARD,10000.0,False,1784748600000,7
2026-07-23T01:09:39.278477+00:00,GDX,GDX,strategy-lab-v1.0.0:V2_MR_REWARD,10000.0,False,1784748600000,7
2026-07-23T01:09:39.278477+00:00,NEM,NEM,strategy-lab-v1.0.0:V2_MR_REWARD,10000.0,False,1784748600000,7
2026-07-23T01:09:39.278477+00:00,DXY,DX-Y.NYB,strategy-lab-v1.0.0:V2_MR_REWARD,10000.0,False,1784764800000,31
2026-07-23T01:09:39.278477+00:00,USDJPY,JPY=X,strategy-lab-v1.0.0:V2_MR_REWARD,10000.0,False,1784768400000,33
2026-07-23T01:09:39.278477+00:00,USDCHF,CHF=X,strategy-lab-v1.0.0:V2_MR_REWARD,10000.0,False,1784768400000,33
2026-07-23T01:09:39.278477+00:00,USDCAD,CAD=X,strategy-lab-v1.0.0:V2_MR_REWARD,10000.0,False,1784768400000,33
