timestamp,candidate_id,asset,symbol,strategy_version,candle_close_time,candle_time,open,high,low,close,rsi,ma20,bb_lower,ma200,atr,atr_pct,rsi_prev,planned_reward_r,passed,rejection_reasons
2026-07-22T11:29:02.911464+00:00,REPAIR_MR_1R_ASYMMETRIC_V1,BTC,BTCUSDT,strategy-lab-v1.0.0:REPAIR_MR_1R_ASYMMETRIC_V1,1784502000000,2026-07-19T23:00:00+00:00,64629.22,64729.81,64523.99,64681.78,59.50638374393112,64535.28250000001,64312.70742871986,63943.9257,227.00071428571496,0.003509500114030798,48.433152614592146,1.499999999999984,False,RSI_NOT_BELOW_35|CLOSE_NOT_NEAR_OR_BELOW_LOWER_BB
2026-07-22T11:29:02.911464+00:00,REPAIR_MR_1R_ASYMMETRIC_V1,BTC,BTCUSDT,strategy-lab-v1.0.0:REPAIR_MR_1R_ASYMMETRIC_V1,1784505600000,2026-07-20T00:00:00+00:00,64681.79,65050.87,64363.18,64503.04,47.903675916494905,64526.361,64313.863827227375,63945.777299999994,260.4150000000009,0.004037251577600077,59.50638374393112,1.500000000000014,False,RSI_NOT_BELOW_35|CLOSE_NOT_NEAR_OR_BELOW_LOWER_BB|RSI_RECOVERY_NOT_CONFIRMED
2026-07-22T11:29:02.911464+00:00,REPAIR_MR_1R_ASYMMETRIC_V1,BTC,BTCUSDT,strategy-lab-v1.0.0:REPAIR_MR_1R_ASYMMETRIC_V1,1784509200000,2026-07-20T01:00:00+00:00,64503.04,64980.0,64449.52,64576.64,56.495295524250395,64521.082500000004,64319.361376675355,63947.303100000005,283.8835714285727,0.004396072193111514,47.903675916494905,1.4999999999999871,False,RSI_NOT_BELOW_35|CLOSE_NOT_NEAR_OR_BELOW_LOWER_BB
2026-07-22T11:29:02.911464+00:00,REPAIR_MR_1R_ASYMMETRIC_V1,BTC,BTCUSDT,strategy-lab-v1.0.0:REPAIR_MR_1R_ASYMMETRIC_V1,1784512800000,2026-07-20T02:00:00+00:00,64576.64,64913.18,64536.17,64775.79,64.19726085251465,64526.467500000006,64304.592851165675,63949.7721,297.3400000000017,0.004590295232215642,56.495295524250395,1.4999999999999878,False,RSI_NOT_BELOW_35|CLOSE_NOT_NEAR_OR_BELOW_LOWER_BB
2026-07-22T11:29:02.911464+00:00,REPAIR_MR_1R_ASYMMETRIC_V1,BTC,BTCUSDT,strategy-lab-v1.0.0:REPAIR_MR_1R_ASYMMETRIC_V1,1784516400000,2026-07-20T03:00:00+00:00,64775.8,64870.03,64592.0,64814.39,64.34756486801112,64533.287,64286.244916612646,63952.6141,301.9121428571447,0.004658103591766345,64.19726085251465,1.500000000000012,False,RSI_NOT_BELOW_35|CLOSE_NOT_NEAR_OR_BELOW_LOWER_BB
2026-07-22T11:29:02.911464+00:00,REPAIR_MR_1R_ASYMMETRIC_V1,BTC,BTCUSDT,strategy-lab-v1.0.0:REPAIR_MR_1R_ASYMMETRIC_V1,1784520000000,2026-07-20T04:00:00+00:00,64814.4,64820.98,64485.87,64494.19,48.275368448449896,64524.56499999999,64285.04951536411,63953.3995,307.63000000000153,0.004769887023931947,64.34756486801112,1.5,False,RSI_NOT_BELOW_35|CLOSE_NOT_NEAR_OR_BELOW_LOWER_BB|RSI_RECOVERY_NOT_CONFIRMED
2026-07-22T11:29:02.911464+00:00,REPAIR_MR_1R_ASYMMETRIC_V1,BTC,BTCUSDT,strategy-lab-v1.0.0:REPAIR_MR_1R_ASYMMETRIC_V1,1784523600000,2026-07-20T05:00:00+00:00,64494.2,64514.07,64025.31,64076.18,38.01189664977623,64504.85800000001,64195.931598369534,63952.228449999995,333.13071428571595,0.0051989790010221575,48.275368448449896,1.5000000000000109,False,RSI_NOT_BELOW_35|RSI_RECOVERY_NOT_CONFIRMED
2026-07-22T11:29:02.911464+00:00,REPAIR_MR_1R_ASYMMETRIC_V1,BTC,BTCUSDT,strategy-lab-v1.0.0:REPAIR_MR_1R_ASYMMETRIC_V1,1784527200000,2026-07-20T06:00:00+00:00,64076.18,64163.49,63702.01,63860.34,35.01968299521357,64470.19149999999,64053.97926455834,63950.73975000001,355.84500000000116,0.005572237792658185,38.01189664977623,1.5,False,RSI_NOT_BELOW_35|CLOSE_NOT_ABOVE_MA200|RSI_RECOVERY_NOT_CONFIRMED
2026-07-22T11:29:02.911464+00:00,REPAIR_MR_1R_ASYMMETRIC_V1,BTC,BTCUSDT,strategy-lab-v1.0.0:REPAIR_MR_1R_ASYMMETRIC_V1,1784530800000,2026-07-20T07:00:00+00:00,63860.34,64245.2,63830.0,64214.24,44.15534894286771,64459.568499999994,64028.8653953312,63952.94574999999,359.5242857142865,0.005598824897939873,35.01968299521357,1.5,False,RSI_NOT_BELOW_35|CLOSE_NOT_NEAR_OR_BELOW_LOWER_BB
2026-07-22T11:29:02.911464+00:00,REPAIR_MR_1R_ASYMMETRIC_V1,BTC,BTCUSDT,strategy-lab-v1.0.0:REPAIR_MR_1R_ASYMMETRIC_V1,1784534400000,2026-07-20T08:00:00+00:00,64214.24,64297.3,63815.31,63997.35,42.6214230895734,64439.4715,63964.19042992532,63953.995650000004,375.23785714285833,0.0058633342965428775,44.15534894286771,1.5,False,RSI_NOT_BELOW_35|CLOSE_NOT_NEAR_OR_BELOW_LOWER_BB|RSI_RECOVERY_NOT_CONFIRMED
2026-07-22T11:29:02.911464+00:00,REPAIR_MR_1R_ASYMMETRIC_V1,BTC,BTCUSDT,strategy-lab-v1.0.0:REPAIR_MR_1R_ASYMMETRIC_V1,1784538000000,2026-07-20T09:00:00+00:00,63997.35,64226.24,63952.42,64138.72,44.89975483929191,64424.7925,63931.730424521345,63954.26295,385.8435714285723,0.006015766629402213,42.6214230895734,1.5,False,RSI_NOT_BELOW_35|CLOSE_NOT_NEAR_OR_BELOW_LOWER_BB
2026-07-22T11:29:02.911464+00:00,REPAIR_MR_1R_ASYMMETRIC_V1,BTC,BTCUSDT,strategy-lab-v1.0.0:REPAIR_MR_1R_ASYMMETRIC_V1,1784541600000,2026-07-20T10:00:00+00:00,64138.72,64354.39,64100.1,64239.45,45.3603788358999,64409.40499999999,63913.38407413061,63955.304000000004,397.60071428571507,0.006189354271957732,44.89975483929191,1.5,False,RSI_NOT_BELOW_35|CLOSE_NOT_NEAR_OR_BELOW_LOWER_BB
2026-07-22T11:29:02.911464+00:00,REPAIR_MR_1R_ASYMMETRIC_V1,BTC,BTCUSDT,strategy-lab-v1.0.0:REPAIR_MR_1R_ASYMMETRIC_V1,1784545200000,2026-07-20T11:00:00+00:00,64239.45,65015.8,64208.91,64944.01,58.734972911494594,64429.398,63883.534338538346,63959.127250000005,439.5364285714292,0.006767928690751144,45.3603788358999,1.5000000000000167,False,RSI_NOT_BELOW_35|CLOSE_NOT_NEAR_OR_BELOW_LOWER_BB
2026-07-22T11:29:02.911464+00:00,REPAIR_MR_1R_ASYMMETRIC_V1,BTC,BTCUSDT,strategy-lab-v1.0.0:REPAIR_MR_1R_ASYMMETRIC_V1,1784548800000,2026-07-20T12:00:00+00:00,64944.01,64950.72,64541.82,64585.99,49.35916825317746,64433.943499999994,63884.465678344444,63962.24685,428.9621428571435,0.006641721259628342,58.734972911494594,1.5,False,RSI_NOT_BELOW_35|CLOSE_NOT_NEAR_OR_BELOW_LOWER_BB|RSI_RECOVERY_NOT_CONFIRMED
2026-07-22T11:29:02.911464+00:00,REPAIR_MR_1R_ASYMMETRIC_V1,BTC,BTCUSDT,strategy-lab-v1.0.0:REPAIR_MR_1R_ASYMMETRIC_V1,1784552400000,2026-07-20T13:00:00+00:00,64585.99,64702.14,64128.6,64278.4,44.43951257168068,64422.743500000004,63870.18073063228,63964.01045,455.22785714285783,0.007082128011009263,49.35916825317746,1.5,False,RSI_NOT_BELOW_35|CLOSE_NOT_NEAR_OR_BELOW_LOWER_BB|RSI_RECOVERY_NOT_CONFIRMED
2026-07-22T11:29:02.911464+00:00,REPAIR_MR_1R_ASYMMETRIC_V1,BTC,BTCUSDT,strategy-lab-v1.0.0:REPAIR_MR_1R_ASYMMETRIC_V1,1784556000000,2026-07-20T14:00:00+00:00,64279.02,64505.31,64010.0,64354.45,47.892047405171155,64421.7545,63868.777294231695,63967.20895000001,441.4864285714289,0.006860231554638862,44.43951257168068,1.5,False,RSI_NOT_BELOW_35|CLOSE_NOT_NEAR_OR_BELOW_LOWER_BB
2026-07-22T11:29:02.911464+00:00,REPAIR_MR_1R_ASYMMETRIC_V1,BTC,BTCUSDT,strategy-lab-v1.0.0:REPAIR_MR_1R_ASYMMETRIC_V1,1784559600000,2026-07-20T15:00:00+00:00,64355.24,65626.04,64347.99,65550.0,60.47421047421046,64478.7545,63738.9249668646,63975.74045,494.8842857142855,0.007549722131415492,47.892047405171155,1.5000000000000147,False,RSI_NOT_BELOW_35|CLOSE_NOT_NEAR_OR_BELOW_LOWER_BB
2026-07-22T11:29:02.911464+00:00,REPAIR_MR_1R_ASYMMETRIC_V1,BTC,BTCUSDT,strategy-lab-v1.0.0:REPAIR_MR_1R_ASYMMETRIC_V1,1784563200000,2026-07-20T16:00:00+00:00,65550.0,65592.82,65283.63,65454.01,57.463957916052216,64527.0395,63673.67652345405,63983.310099999995,490.04000000000036,0.007486783468270322,60.47421047421046,1.4999999999999927,False,RSI_NOT_BELOW_35|CLOSE_NOT_NEAR_OR_BELOW_LOWER_BB|RSI_RECOVERY_NOT_CONFIRMED
2026-07-22T11:29:02.911464+00:00,REPAIR_MR_1R_ASYMMETRIC_V1,BTC,BTCUSDT,strategy-lab-v1.0.0:REPAIR_MR_1R_ASYMMETRIC_V1,1784566800000,2026-07-20T17:00:00+00:00,65454.01,65610.89,65282.93,65533.52,57.84355428743445,64585.08500000001,63629.79334048424,63991.40155,493.6064285714289,0.007532121402473558,57.463957916052216,1.5000000000000073,False,RSI_NOT_BELOW_35|CLOSE_NOT_NEAR_OR_BELOW_LOWER_BB
2026-07-22T11:29:02.911464+00:00,REPAIR_MR_1R_ASYMMETRIC_V1,BTC,BTCUSDT,strategy-lab-v1.0.0:REPAIR_MR_1R_ASYMMETRIC_V1,1784570400000,2026-07-20T18:00:00+00:00,65533.52,65756.09,65146.39,65192.32,57.57978463522834,64613.24049999999,63621.89359203114,63998.32535,513.2200000000001,0.007872399693706254,57.84355428743445,1.5000000000000142,False,RSI_NOT_BELOW_35|CLOSE_NOT_NEAR_OR_BELOW_LOWER_BB|RSI_RECOVERY_NOT_CONFIRMED
2026-07-22T11:29:02.911464+00:00,REPAIR_MR_1R_ASYMMETRIC_V1,BTC,BTCUSDT,strategy-lab-v1.0.0:REPAIR_MR_1R_ASYMMETRIC_V1,1784574000000,2026-07-20T19:00:00+00:00,65192.32,65227.91,64986.6,65099.39,61.953024791303065,64634.121,63620.53654595761,64003.9896,495.54500000000036,0.007612129698911163,57.57978463522834,1.5,False,RSI_NOT_BELOW_35|CLOSE_NOT_NEAR_OR_BELOW_LOWER_BB|RSI_RECOVERY_NOT_CONFIRMED
2026-07-22T11:29:02.911464+00:00,REPAIR_MR_1R_ASYMMETRIC_V1,BTC,BTCUSDT,strategy-lab-v1.0.0:REPAIR_MR_1R_ASYMMETRIC_V1,1784577600000,2026-07-20T20:00:00+00:00,65101.02,65400.0,65006.94,65327.99,67.09396234238478,64675.368500000004,63620.18964664318,64010.71875,490.6578571428576,0.007510683508598039,61.953024791303065,1.5000000000000149,False,RSI_NOT_BELOW_35|CLOSE_NOT_NEAR_OR_BELOW_LOWER_BB
2026-07-22T11:29:02.911464+00:00,REPAIR_MR_1R_ASYMMETRIC_V1,BTC,BTCUSDT,strategy-lab-v1.0.0:REPAIR_MR_1R_ASYMMETRIC_V1,1784581200000,2026-07-20T21:00:00+00:00,65327.99,65400.0,65225.51,65241.69,62.76243450782438,64708.621,63626.41305210993,64017.0246,473.46428571428623,0.007257081870722328,67.09396234238478,1.5000000000000078,False,RSI_NOT_BELOW_35|CLOSE_NOT_NEAR_OR_BELOW_LOWER_BB|RSI_RECOVERY_NOT_CONFIRMED
2026-07-22T11:29:02.911464+00:00,REPAIR_MR_1R_ASYMMETRIC_V1,BTC,BTCUSDT,strategy-lab-v1.0.0:REPAIR_MR_1R_ASYMMETRIC_V1,1784584800000,2026-07-20T22:00:00+00:00,65241.7,65241.7,65046.0,65106.78,64.06724300143792,64725.17049999999,63629.3227543622,64021.76529999999,453.01499999999993,0.006958031099065258,62.76243450782438,1.500000000000016,False,RSI_NOT_BELOW_35|CLOSE_NOT_NEAR_OR_BELOW_LOWER_BB|RSI_RECOVERY_NOT_CONFIRMED
2026-07-22T11:29:02.911464+00:00,REPAIR_MR_1R_ASYMMETRIC_V1,BTC,BTCUSDT,strategy-lab-v1.0.0:REPAIR_MR_1R_ASYMMETRIC_V1,1784588400000,2026-07-20T23:00:00+00:00,65106.78,65231.13,65085.84,65213.05,63.74452754585864,64745.103500000005,63629.170598284385,64027.14795,443.8342857142857,0.006805912094500805,64.06724300143792,1.5000000000000164,False,RSI_NOT_BELOW_35|CLOSE_NOT_NEAR_OR_BELOW_LOWER_BB|RSI_RECOVERY_NOT_CONFIRMED
2026-07-22T11:29:02.911464+00:00,REPAIR_MR_1R_ASYMMETRIC_V1,BTC,BTCUSDT,strategy-lab-v1.0.0:REPAIR_MR_1R_ASYMMETRIC_V1,1784592000000,2026-07-21T00:00:00+00:00,65213.05,65544.57,65106.79,65520.95,65.56964362950691,64796.4415,63637.75261959618,64034.0938,456.9407142857147,0.006973963507637095,63.74452754585864,1.500000000000008,False,RSI_NOT_BELOW_35|CLOSE_NOT_NEAR_OR_BELOW_LOWER_BB
2026-07-22T11:29:02.911464+00:00,REPAIR_MR_1R_ASYMMETRIC_V1,BTC,BTCUSDT,strategy-lab-v1.0.0:REPAIR_MR_1R_ASYMMETRIC_V1,1784595600000,2026-07-21T01:00:00+00:00,65520.95,65619.3,65188.41,65193.52,53.33725673777832,64852.3085,63730.767428005085,64039.886849999995,430.0835714285718,0.006597029450604475,65.56964362950691,1.4999999999999916,False,RSI_NOT_BELOW_35|CLOSE_NOT_NEAR_OR_BELOW_LOWER_BB|RSI_RECOVERY_NOT_CONFIRMED
2026-07-22T11:29:02.911464+00:00,REPAIR_MR_1R_ASYMMETRIC_V1,BTC,BTCUSDT,strategy-lab-v1.0.0:REPAIR_MR_1R_ASYMMETRIC_V1,1784599200000,2026-07-21T02:00:00+00:00,65193.53,65456.54,65115.68,65366.95,60.98810803509625,64927.639,63882.973257785525,64046.175650000005,425.22357142857174,0.006505176873459321,53.33725673777832,1.4999999999999913,False,RSI_NOT_BELOW_35|CLOSE_NOT_NEAR_OR_BELOW_LOWER_BB
2026-07-22T11:29:02.911464+00:00,REPAIR_MR_1R_ASYMMETRIC_V1,BTC,BTCUSDT,strategy-lab-v1.0.0:REPAIR_MR_1R_ASYMMETRIC_V1,1784602800000,2026-07-21T03:00:00+00:00,65366.95,65551.98,65355.44,65522.31,68.28510361818414,64993.0425,63971.69283670366,64052.81785,398.2949999999998,0.006078769200902712,60.98810803509625,1.5,False,RSI_NOT_BELOW_35|CLOSE_NOT_NEAR_OR_BELOW_LOWER_BB
2026-07-22T11:29:02.911464+00:00,REPAIR_MR_1R_ASYMMETRIC_V1,BTC,BTCUSDT,strategy-lab-v1.0.0:REPAIR_MR_1R_ASYMMETRIC_V1,1784606400000,2026-07-21T04:00:00+00:00,65522.31,65695.5,65426.93,65472.49,66.56257406968481,65066.7995,64134.550592969485,64059.37159999999,382.09928571428566,0.00583602801289955,68.28510361818414,1.499999999999981,False,RSI_NOT_BELOW_35|CLOSE_NOT_NEAR_OR_BELOW_LOWER_BB|RSI_RECOVERY_NOT_CONFIRMED
2026-07-22T11:29:02.911464+00:00,REPAIR_MR_1R_ASYMMETRIC_V1,BTC,BTCUSDT,strategy-lab-v1.0.0:REPAIR_MR_1R_ASYMMETRIC_V1,1784610000000,2026-07-21T05:00:00+00:00,65472.03,65888.0,65438.29,65704.1,53.19542479865311,65145.068499999994,64276.99710143209,64068.4732,322.93214285714305,0.004914946599331595,66.56257406968481,1.5,False,RSI_NOT_BELOW_35|CLOSE_NOT_NEAR_OR_BELOW_LOWER_BB|RSI_RECOVERY_NOT_CONFIRMED
2026-07-22T11:29:02.911464+00:00,REPAIR_MR_1R_ASYMMETRIC_V1,BTC,BTCUSDT,strategy-lab-v1.0.0:REPAIR_MR_1R_ASYMMETRIC_V1,1784613600000,2026-07-21T06:00:00+00:00,65704.11,65949.05,65589.09,65874.68,58.46129090653084,65226.83,64408.755555856515,64078.6186,326.5585714285714,0.00495726994694428,53.19542479865311,1.4999999999999778,False,RSI_NOT_BELOW_35|CLOSE_NOT_NEAR_OR_BELOW_LOWER_BB
2026-07-22T11:29:02.911464+00:00,REPAIR_MR_1R_ASYMMETRIC_V1,BTC,BTCUSDT,strategy-lab-v1.0.0:REPAIR_MR_1R_ASYMMETRIC_V1,1784617200000,2026-07-21T07:00:00+00:00,65874.68,66214.0,65819.11,66140.36,61.35545392624315,65286.6475,64388.95977888775,64090.6188,331.3392857142857,0.0050096383768441196,58.46129090653084,1.5,False,RSI_NOT_BELOW_35|CLOSE_NOT_NEAR_OR_BELOW_LOWER_BB
2026-07-22T11:29:02.911464+00:00,REPAIR_MR_1R_ASYMMETRIC_V1,BTC,BTCUSDT,strategy-lab-v1.0.0:REPAIR_MR_1R_ASYMMETRIC_V1,1784620800000,2026-07-21T08:00:00+00:00,66138.18,66316.8,66086.23,66186.39,70.91150051538803,65366.6675,64447.99804375595,64101.42685,304.2585714285721,0.004596996020308285,61.35545392624315,1.5,False,RSI_NOT_BELOW_35|CLOSE_NOT_NEAR_OR_BELOW_LOWER_BB
2026-07-22T11:29:02.911464+00:00,REPAIR_MR_1R_ASYMMETRIC_V1,BTC,BTCUSDT,strategy-lab-v1.0.0:REPAIR_MR_1R_ASYMMETRIC_V1,1784624400000,2026-07-21T09:00:00+00:00,66186.39,66311.42,66096.0,66250.78,74.51528971898941,65465.2865,64614.1011539021,64115.836899999995,302.40928571428594,0.0045646147217328755,70.91150051538803,1.500000000000024,False,RSI_NOT_BELOW_35|CLOSE_NOT_NEAR_OR_BELOW_LOWER_BB
2026-07-22T11:29:02.911464+00:00,REPAIR_MR_1R_ASYMMETRIC_V1,BTC,BTCUSDT,strategy-lab-v1.0.0:REPAIR_MR_1R_ASYMMETRIC_V1,1784628000000,2026-07-21T10:00:00+00:00,66250.78,66387.4,66134.4,66148.21,68.45447018377548,65554.9745,64820.92674987753,64129.943250000004,292.40500000000037,0.004420452193642131,74.51528971898941,1.5,False,RSI_NOT_BELOW_35|CLOSE_NOT_NEAR_OR_BELOW_LOWER_BB|RSI_RECOVERY_NOT_CONFIRMED
2026-07-22T11:29:02.911464+00:00,REPAIR_MR_1R_ASYMMETRIC_V1,BTC,BTCUSDT,strategy-lab-v1.0.0:REPAIR_MR_1R_ASYMMETRIC_V1,1784631600000,2026-07-21T11:00:00+00:00,66148.21,66322.07,66106.98,66309.46,73.24038080644964,65592.9475,64788.6446780754,64147.697649999995,295.3050000000013,0.004453436960578495,68.45447018377548,1.5000000000000246,False,RSI_NOT_BELOW_35|CLOSE_NOT_NEAR_OR_BELOW_LOWER_BB
2026-07-22T11:29:02.911464+00:00,REPAIR_MR_1R_ASYMMETRIC_V1,BTC,BTCUSDT,strategy-lab-v1.0.0:REPAIR_MR_1R_ASYMMETRIC_V1,1784635200000,2026-07-21T12:00:00+00:00,66309.46,66597.5,66227.76,66508.85,79.68336501941415,65645.68950000001,64751.4351138101,64167.1196,307.7364285714305,0.004626999693596123,73.24038080644964,1.5,False,RSI_NOT_BELOW_35|CLOSE_NOT_NEAR_OR_BELOW_LOWER_BB
2026-07-22T11:29:02.911464+00:00,REPAIR_MR_1R_ASYMMETRIC_V1,BTC,BTCUSDT,strategy-lab-v1.0.0:REPAIR_MR_1R_ASYMMETRIC_V1,1784638800000,2026-07-21T13:00:00+00:00,66508.86,66779.58,66275.3,66737.99,80.68808410274595,65705.913,64695.32351631984,64187.03689999999,333.3785714285732,0.0049953343130138194,79.68336501941415,1.5000000000000218,False,RSI_NOT_BELOW_35|CLOSE_NOT_NEAR_OR_BELOW_LOWER_BB
2026-07-22T11:29:02.911464+00:00,REPAIR_MR_1R_ASYMMETRIC_V1,BTC,BTCUSDT,strategy-lab-v1.0.0:REPAIR_MR_1R_ASYMMETRIC_V1,1784642400000,2026-07-21T14:00:00+00:00,66738.0,66923.95,66609.35,66809.72,78.65958610751622,65786.78300000001,64697.722073492696,64207.35035,324.5800000000007,0.004858275113261973,80.68808410274595,1.4999999999999776,False,RSI_NOT_BELOW_35|CLOSE_NOT_NEAR_OR_BELOW_LOWER_BB|RSI_RECOVERY_NOT_CONFIRMED
2026-07-22T11:29:02.911464+00:00,REPAIR_MR_1R_ASYMMETRIC_V1,BTC,BTCUSDT,strategy-lab-v1.0.0:REPAIR_MR_1R_ASYMMETRIC_V1,1784646000000,2026-07-21T15:00:00+00:00,66809.72,66809.72,66498.25,66648.4,84.93444748595304,65864.2335,64761.494035986856,64225.9145,316.0500000000008,0.004742049321514108,78.65958610751622,1.500000000000023,False,RSI_NOT_BELOW_35|CLOSE_NOT_NEAR_OR_BELOW_LOWER_BB|RSI_RECOVERY_NOT_CONFIRMED
2026-07-22T11:29:02.911464+00:00,REPAIR_MR_1R_ASYMMETRIC_V1,BTC,BTCUSDT,strategy-lab-v1.0.0:REPAIR_MR_1R_ASYMMETRIC_V1,1784649600000,2026-07-21T16:00:00+00:00,66648.4,66734.58,66430.56,66510.09,77.91987026055362,65923.3385,64815.197973328395,64242.75245,313.41857142857253,0.004712346223386144,84.93444748595304,1.5,False,RSI_NOT_BELOW_35|CLOSE_NOT_NEAR_OR_BELOW_LOWER_BB|RSI_RECOVERY_NOT_CONFIRMED
2026-07-22T11:29:02.911464+00:00,REPAIR_MR_1R_ASYMMETRIC_V1,BTC,BTCUSDT,strategy-lab-v1.0.0:REPAIR_MR_1R_ASYMMETRIC_V1,1784653200000,2026-07-21T17:00:00+00:00,66510.09,66540.05,66018.97,66164.0,64.33681425973353,65969.454,64902.62527640045,64258.37745,336.60000000000167,0.005087358684481012,77.91987026055362,1.5,False,RSI_NOT_BELOW_35|CLOSE_NOT_NEAR_OR_BELOW_LOWER_BB|RSI_RECOVERY_NOT_CONFIRMED
2026-07-22T11:29:02.911464+00:00,REPAIR_MR_1R_ASYMMETRIC_V1,BTC,BTCUSDT,strategy-lab-v1.0.0:REPAIR_MR_1R_ASYMMETRIC_V1,1784656800000,2026-07-21T18:00:00+00:00,66170.42,66330.62,66051.7,66280.0,67.52340403369672,66028.115,65030.71560588496,64275.768500000006,337.33928571428726,0.005089609018018818,64.33681425973353,1.5,False,RSI_NOT_BELOW_35|CLOSE_NOT_NEAR_OR_BELOW_LOWER_BB
2026-07-22T11:29:02.911464+00:00,REPAIR_MR_1R_ASYMMETRIC_V1,BTC,BTCUSDT,strategy-lab-v1.0.0:REPAIR_MR_1R_ASYMMETRIC_V1,1784660400000,2026-07-21T19:00:00+00:00,66278.65,66484.44,66228.78,66424.0,66.23971341947593,66088.6625,65151.314993385684,64293.673650000004,323.4785714285733,0.004869905025722228,67.52340403369672,1.5,False,RSI_NOT_BELOW_35|CLOSE_NOT_NEAR_OR_BELOW_LOWER_BB|RSI_RECOVERY_NOT_CONFIRMED
2026-07-22T11:29:02.911464+00:00,REPAIR_MR_1R_ASYMMETRIC_V1,BTC,BTCUSDT,strategy-lab-v1.0.0:REPAIR_MR_1R_ASYMMETRIC_V1,1784664000000,2026-07-21T20:00:00+00:00,66424.0,66476.56,66322.18,66370.02,61.79448349429523,66131.11600000001,65224.04154796362,64312.71625,308.79428571428747,0.0046526170357382365,66.23971341947593,1.5000000000000235,False,RSI_NOT_BELOW_35|CLOSE_NOT_NEAR_OR_BELOW_LOWER_BB|RSI_RECOVERY_NOT_CONFIRMED
2026-07-22T11:29:02.911464+00:00,REPAIR_MR_1R_ASYMMETRIC_V1,BTC,BTCUSDT,strategy-lab-v1.0.0:REPAIR_MR_1R_ASYMMETRIC_V1,1784667600000,2026-07-21T21:00:00+00:00,66370.02,66378.54,66248.65,66346.91,55.56046109696294,66188.7855,65386.92694959343,64333.21355000001,289.865714285716,0.004368940682930313,61.79448349429523,1.500000000000025,False,RSI_NOT_BELOW_35|CLOSE_NOT_NEAR_OR_BELOW_LOWER_BB|RSI_RECOVERY_NOT_CONFIRMED
2026-07-22T11:29:02.911464+00:00,REPAIR_MR_1R_ASYMMETRIC_V1,BTC,BTCUSDT,strategy-lab-v1.0.0:REPAIR_MR_1R_ASYMMETRIC_V1,1784671200000,2026-07-21T22:00:00+00:00,66346.91,66351.59,66150.59,66266.01,52.103922459808146,66233.7385,65525.92210227236,64350.962649999994,287.7535714285727,0.004342400748567368,55.56046109696294,1.5000000000000253,False,RSI_NOT_BELOW_35|CLOSE_NOT_NEAR_OR_BELOW_LOWER_BB|RSI_RECOVERY_NOT_CONFIRMED
2026-07-22T11:29:02.911464+00:00,REPAIR_MR_1R_ASYMMETRIC_V1,BTC,BTCUSDT,strategy-lab-v1.0.0:REPAIR_MR_1R_ASYMMETRIC_V1,1784674800000,2026-07-21T23:00:00+00:00,66266.0,66537.38,66187.68,66516.18,56.38607095420497,66283.432,65646.36464470296,64370.840449999996,297.3450000000022,0.004470265730834246,52.103922459808146,1.5,False,RSI_NOT_BELOW_35|CLOSE_NOT_NEAR_OR_BELOW_LOWER_BB
2026-07-22T11:29:02.911464+00:00,REPAIR_MR_1R_ASYMMETRIC_V1,BTC,BTCUSDT,strategy-lab-v1.0.0:REPAIR_MR_1R_ASYMMETRIC_V1,1784678400000,2026-07-22T00:00:00+00:00,66516.17,66698.55,66499.0,66583.35,60.65182907723633,66338.975,65809.84411670062,64392.735499999995,293.5271428571453,0.0044084165614548575,56.38607095420497,1.5,False,RSI_NOT_BELOW_35|CLOSE_NOT_NEAR_OR_BELOW_LOWER_BB
2026-07-22T11:29:02.911464+00:00,REPAIR_MR_1R_ASYMMETRIC_V1,BTC,BTCUSDT,strategy-lab-v1.0.0:REPAIR_MR_1R_ASYMMETRIC_V1,1784682000000,2026-07-22T01:00:00+00:00,66583.35,66620.26,66243.69,66389.6,51.931028500380684,66373.25,65931.45851732836,64415.533500000005,305.06142857142964,0.004595018324729018,60.65182907723633,1.5000000000000238,False,RSI_NOT_BELOW_35|CLOSE_NOT_NEAR_OR_BELOW_LOWER_BB|RSI_RECOVERY_NOT_CONFIRMED
2026-07-22T11:29:02.911464+00:00,REPAIR_MR_1R_ASYMMETRIC_V1,BTC,BTCUSDT,strategy-lab-v1.0.0:REPAIR_MR_1R_ASYMMETRIC_V1,1784685600000,2026-07-22T02:00:00+00:00,66390.21,66497.35,66252.18,66268.01,43.970739913681534,66392.91649999999,66010.64262983331,64437.12015,296.16357142857305,0.0044691785890141125,51.931028500380684,1.5,False,RSI_NOT_BELOW_35|CLOSE_NOT_NEAR_OR_BELOW_LOWER_BB|RSI_RECOVERY_NOT_CONFIRMED
2026-07-22T11:29:02.911464+00:00,REPAIR_MR_1R_ASYMMETRIC_V1,BTC,BTCUSDT,strategy-lab-v1.0.0:REPAIR_MR_1R_ASYMMETRIC_V1,1784689200000,2026-07-22T03:00:00+00:00,66268.01,66324.0,66133.8,66160.44,34.604332272390494,66393.92050000001,66014.20825734748,64456.869000000006,273.7292857142872,0.004137355883882985,43.970739913681534,1.4999999999999734,False,CLOSE_NOT_NEAR_OR_BELOW_LOWER_BB|RSI_RECOVERY_NOT_CONFIRMED
2026-07-22T11:29:02.911464+00:00,REPAIR_MR_1R_ASYMMETRIC_V1,BTC,BTCUSDT,strategy-lab-v1.0.0:REPAIR_MR_1R_ASYMMETRIC_V1,1784692800000,2026-07-22T04:00:00+00:00,66160.44,66380.85,66153.78,66336.01,38.034786035068855,66401.4015,66032.6001045414,64477.84405,267.47714285714545,0.0040321560319522606,34.604332272390494,1.4999999999999727,False,RSI_NOT_BELOW_35|CLOSE_NOT_NEAR_OR_BELOW_LOWER_BB
2026-07-22T11:29:02.911464+00:00,REPAIR_MR_1R_ASYMMETRIC_V1,BTC,BTCUSDT,strategy-lab-v1.0.0:REPAIR_MR_1R_ASYMMETRIC_V1,1784696400000,2026-07-22T05:00:00+00:00,66336.0,66336.01,65893.45,65937.32,33.96228968379293,66385.7285,65969.11254008942,64497.5412,276.8407142857167,0.004198543621210517,38.034786035068855,1.5000000000000262,False,RSI_RECOVERY_NOT_CONFIRMED
2026-07-22T11:29:02.911464+00:00,REPAIR_MR_1R_ASYMMETRIC_V1,BTC,BTCUSDT,strategy-lab-v1.0.0:REPAIR_MR_1R_ASYMMETRIC_V1,1784700000000,2026-07-22T06:00:00+00:00,65937.32,65985.22,65786.0,65891.27,35.43706227878623,66372.88149999999,65914.05308927088,64517.793099999995,269.3550000000022,0.00408787082112702,33.96228968379293,1.499999999999973,False,RSI_NOT_BELOW_35|RSI_RECOVERY_NOT_CONFIRMED
2026-07-22T11:29:02.911464+00:00,REPAIR_MR_1R_ASYMMETRIC_V1,BTC,BTCUSDT,strategy-lab-v1.0.0:REPAIR_MR_1R_ASYMMETRIC_V1,1784703600000,2026-07-22T07:00:00+00:00,65891.28,65930.25,65653.46,65797.99,40.22320403028067,66347.30799999999,65824.61967517802,64535.45835,251.90571428571587,0.0038284712691940264,35.43706227878623,1.5000000000000289,False,RSI_NOT_BELOW_35|RSI_RECOVERY_NOT_CONFIRMED
2026-07-22T11:29:02.911464+00:00,REPAIR_MR_1R_ASYMMETRIC_V1,BTC,BTCUSDT,strategy-lab-v1.0.0:REPAIR_MR_1R_ASYMMETRIC_V1,1784707200000,2026-07-22T08:00:00+00:00,65806.08,66113.98,65802.24,65940.48,41.057355977917176,66318.88949999999,65773.12830579489,64552.755750000004,254.55357142857247,0.0038603536314654138,40.22320403028067,1.5000000000000286,False,RSI_NOT_BELOW_35|CLOSE_NOT_NEAR_OR_BELOW_LOWER_BB
2026-07-22T11:29:02.911464+00:00,REPAIR_MR_1R_ASYMMETRIC_V1,BTC,BTCUSDT,strategy-lab-v1.0.0:REPAIR_MR_1R_ASYMMETRIC_V1,1784710800000,2026-07-22T09:00:00+00:00,65940.48,66041.62,65797.34,65884.27,35.09469602823482,66276.20349999999,65734.70864420525,64569.87985,253.740714285715,0.003851309489893642,41.057355977917176,1.5000000000000286,False,RSI_NOT_BELOW_35|CLOSE_NOT_NEAR_OR_BELOW_LOWER_BB|RSI_RECOVERY_NOT_CONFIRMED
2026-07-22T11:29:02.911464+00:00,REPAIR_MR_1R_ASYMMETRIC_V1,BTC,BTCUSDT,strategy-lab-v1.0.0:REPAIR_MR_1R_ASYMMETRIC_V1,1784714400000,2026-07-22T10:00:00+00:00,65884.28,66070.0,65850.0,66006.69,40.33167107511019,66236.052,65741.71644470871,64587.5325,258.42785714285753,0.003915176736522578,35.09469602823482,1.5000000000000282,False,RSI_NOT_BELOW_35|CLOSE_NOT_NEAR_OR_BELOW_LOWER_BB
2026-07-22T11:29:02.911464+00:00,REPAIR_MR_1R_ASYMMETRIC_V1,BTC,BTCUSDT,strategy-lab-v1.0.0:REPAIR_MR_1R_ASYMMETRIC_V1,1784718000000,2026-07-22T11:00:00+00:00,66006.69,66046.58,65936.64,66022.03,41.318939717827924,66204.7335,65740.40693805019,64605.14265000001,257.00285714285775,0.0038926833534633476,40.33167107511019,1.5,False,RSI_NOT_BELOW_35|CLOSE_NOT_NEAR_OR_BELOW_LOWER_BB
2026-07-22T11:29:02.911464+00:00,REPAIR_MR_1R_ASYMMETRIC_V1,SOL,SOLUSDT,strategy-lab-v1.0.0:REPAIR_MR_1R_ASYMMETRIC_V1,1784502000000,2026-07-19T23:00:00+00:00,76.05,76.52,75.83,76.33,56.47840531561462,76.0185,75.66121719884723,76.15090000000001,0.49500000000000355,0.006484999344949608,47.01986754966877,1.5,False,RSI_NOT_BELOW_35|CLOSE_NOT_NEAR_OR_BELOW_LOWER_BB
2026-07-22T11:29:02.911464+00:00,REPAIR_MR_1R_ASYMMETRIC_V1,SOL,SOLUSDT,strategy-lab-v1.0.0:REPAIR_MR_1R_ASYMMETRIC_V1,1784505600000,2026-07-20T00:00:00+00:00,76.33,77.05,76.08,76.52,55.13698630136981,76.048,75.63218273244176,76.14410000000001,0.5214285714285742,0.0068142782465835635,56.47840531561462,1.5,False,RSI_NOT_BELOW_35|CLOSE_NOT_NEAR_OR_BELOW_LOWER_BB|RSI_RECOVERY_NOT_CONFIRMED
2026-07-22T11:29:02.911464+00:00,REPAIR_MR_1R_ASYMMETRIC_V1,SOL,SOLUSDT,strategy-lab-v1.0.0:REPAIR_MR_1R_ASYMMETRIC_V1,1784509200000,2026-07-20T01:00:00+00:00,76.52,77.35,76.23,76.34,55.51724137931049,76.06949999999999,75.64019940601062,76.13565,0.575714285714288,0.007541449904562326,55.13698630136981,1.4999999999999876,False,RSI_NOT_BELOW_35|CLOSE_NOT_NEAR_OR_BELOW_LOWER_BB|RSI_RECOVERY_NOT_CONFIRMED
2026-07-22T11:29:02.911464+00:00,REPAIR_MR_1R_ASYMMETRIC_V1,SOL,SOLUSDT,strategy-lab-v1.0.0:REPAIR_MR_1R_ASYMMETRIC_V1,1784512800000,2026-07-20T02:00:00+00:00,76.33,77.13,76.32,76.92,63.8483965014578,76.113,75.54614552131991,76.13015,0.6014285714285735,0.007818884183938814,55.51724137931049,1.4999999999999882,False,RSI_NOT_BELOW_35|CLOSE_NOT_NEAR_OR_BELOW_LOWER_BB
2026-07-22T11:29:02.911464+00:00,REPAIR_MR_1R_ASYMMETRIC_V1,SOL,SOLUSDT,strategy-lab-v1.0.0:REPAIR_MR_1R_ASYMMETRIC_V1,1784516400000,2026-07-20T03:00:00+00:00,76.92,77.03,76.48,76.69,58.93854748603353,76.1435,75.52384606432325,76.1232,0.6214285714285727,0.008103123893970174,63.8483965014578,1.5,False,RSI_NOT_BELOW_35|CLOSE_NOT_NEAR_OR_BELOW_LOWER_BB|RSI_RECOVERY_NOT_CONFIRMED
2026-07-22T11:29:02.911464+00:00,REPAIR_MR_1R_ASYMMETRIC_V1,SOL,SOLUSDT,strategy-lab-v1.0.0:REPAIR_MR_1R_ASYMMETRIC_V1,1784520000000,2026-07-20T04:00:00+00:00,76.69,76.87,76.24,76.43,50.991501416430694,76.1535,75.52223856446024,76.11475,0.6221428571428588,0.008140034765705335,58.93854748603353,1.4999999999999887,False,RSI_NOT_BELOW_35|CLOSE_NOT_NEAR_OR_BELOW_LOWER_BB|RSI_RECOVERY_NOT_CONFIRMED
2026-07-22T11:29:02.911464+00:00,REPAIR_MR_1R_ASYMMETRIC_V1,SOL,SOLUSDT,strategy-lab-v1.0.0:REPAIR_MR_1R_ASYMMETRIC_V1,1784523600000,2026-07-20T05:00:00+00:00,76.41,76.43,75.69,75.85,45.91836734693869,76.149,75.51047357141643,76.1031,0.6478571428571444,0.008541293907147586,50.991501416430694,1.5000000000000109,False,RSI_NOT_BELOW_35|CLOSE_NOT_NEAR_OR_BELOW_LOWER_BB|CLOSE_NOT_ABOVE_MA200|RSI_RECOVERY_NOT_CONFIRMED
2026-07-22T11:29:02.911464+00:00,REPAIR_MR_1R_ASYMMETRIC_V1,SOL,SOLUSDT,strategy-lab-v1.0.0:REPAIR_MR_1R_ASYMMETRIC_V1,1784527200000,2026-07-20T06:00:00+00:00,75.86,75.99,75.4,75.57,46.272493573264704,76.1165,75.43127667873921,76.09175,0.6592857142857146,0.008724172479631,45.91836734693869,1.5,False,RSI_NOT_BELOW_35|CLOSE_NOT_NEAR_OR_BELOW_LOWER_BB|CLOSE_NOT_ABOVE_MA200|RSI_RECOVERY_NOT_CONFIRMED
2026-07-22T11:29:02.911464+00:00,REPAIR_MR_1R_ASYMMETRIC_V1,SOL,SOLUSDT,strategy-lab-v1.0.0:REPAIR_MR_1R_ASYMMETRIC_V1,1784530800000,2026-07-20T07:00:00+00:00,75.58,76.18,75.48,76.15,52.927927927927975,76.123,75.43909649803523,76.0888,0.663571428571429,0.008714004314792238,46.272493573264704,1.5,False,RSI_NOT_BELOW_35|CLOSE_NOT_NEAR_OR_BELOW_LOWER_BB
2026-07-22T11:29:02.911464+00:00,REPAIR_MR_1R_ASYMMETRIC_V1,SOL,SOLUSDT,strategy-lab-v1.0.0:REPAIR_MR_1R_ASYMMETRIC_V1,1784534400000,2026-07-20T08:00:00+00:00,76.15,76.37,75.83,76.08,54.398148148148074,76.1285,75.44784516823894,76.08895,0.6564285714285722,0.008628135796905525,52.927927927927975,1.4999999999999891,False,RSI_NOT_BELOW_35|CLOSE_NOT_NEAR_OR_BELOW_LOWER_BB|CLOSE_NOT_ABOVE_MA200|RSI_RECOVERY_NOT_CONFIRMED
2026-07-22T11:29:02.911464+00:00,REPAIR_MR_1R_ASYMMETRIC_V1,SOL,SOLUSDT,strategy-lab-v1.0.0:REPAIR_MR_1R_ASYMMETRIC_V1,1784538000000,2026-07-20T09:00:00+00:00,76.08,76.67,76.0,76.39,56.319290465631966,76.1455,75.45660305560287,76.087,0.6857142857142863,0.008976492809455247,54.398148148148074,1.5,False,RSI_NOT_BELOW_35|CLOSE_NOT_NEAR_OR_BELOW_LOWER_BB
2026-07-22T11:29:02.911464+00:00,REPAIR_MR_1R_ASYMMETRIC_V1,SOL,SOLUSDT,strategy-lab-v1.0.0:REPAIR_MR_1R_ASYMMETRIC_V1,1784541600000,2026-07-20T10:00:00+00:00,76.39,76.62,76.26,76.28,52.29357798165139,76.14150000000001,75.4567146321659,76.0844,0.691428571428572,0.009064349389467383,56.319290465631966,1.5000000000000102,False,RSI_NOT_BELOW_35|CLOSE_NOT_NEAR_OR_BELOW_LOWER_BB|RSI_RECOVERY_NOT_CONFIRMED
2026-07-22T11:29:02.911464+00:00,REPAIR_MR_1R_ASYMMETRIC_V1,SOL,SOLUSDT,strategy-lab-v1.0.0:REPAIR_MR_1R_ASYMMETRIC_V1,1784545200000,2026-07-20T11:00:00+00:00,76.28,77.17,76.23,77.07,64.22594142259409,76.1865,75.39082984220863,76.08475,0.720714285714286,0.009351424493503128,52.29357798165139,1.5,False,RSI_NOT_BELOW_35|CLOSE_NOT_NEAR_OR_BELOW_LOWER_BB
2026-07-22T11:29:02.911464+00:00,REPAIR_MR_1R_ASYMMETRIC_V1,SOL,SOLUSDT,strategy-lab-v1.0.0:REPAIR_MR_1R_ASYMMETRIC_V1,1784548800000,2026-07-20T12:00:00+00:00,77.08,77.08,76.59,76.68,56.52173913043488,76.2275,75.41894882660418,76.08485,0.6999999999999998,0.009128847157016168,64.22594142259409,1.4999999999999898,False,RSI_NOT_BELOW_35|CLOSE_NOT_NEAR_OR_BELOW_LOWER_BB|RSI_RECOVERY_NOT_CONFIRMED
2026-07-22T11:29:02.911464+00:00,REPAIR_MR_1R_ASYMMETRIC_V1,SOL,SOLUSDT,strategy-lab-v1.0.0:REPAIR_MR_1R_ASYMMETRIC_V1,1784552400000,2026-07-20T13:00:00+00:00,76.67,77.06,76.06,76.21,48.80478087649398,76.2435,75.44976767736233,76.08395,0.7221428571428571,0.0094756968526815,56.52173913043488,1.4999999999999902,False,RSI_NOT_BELOW_35|CLOSE_NOT_NEAR_OR_BELOW_LOWER_BB|RSI_RECOVERY_NOT_CONFIRMED
2026-07-22T11:29:02.911464+00:00,REPAIR_MR_1R_ASYMMETRIC_V1,SOL,SOLUSDT,strategy-lab-v1.0.0:REPAIR_MR_1R_ASYMMETRIC_V1,1784556000000,2026-07-20T14:00:00+00:00,76.2,76.38,75.72,76.06,45.38152610441774,76.2615,75.50230898319343,76.08274999999999,0.6999999999999998,0.00920326058374967,48.80478087649398,1.4999999999999898,False,RSI_NOT_BELOW_35|CLOSE_NOT_NEAR_OR_BELOW_LOWER_BB|CLOSE_NOT_ABOVE_MA200|RSI_RECOVERY_NOT_CONFIRMED
2026-07-22T11:29:02.911464+00:00,REPAIR_MR_1R_ASYMMETRIC_V1,SOL,SOLUSDT,strategy-lab-v1.0.0:REPAIR_MR_1R_ASYMMETRIC_V1,1784559600000,2026-07-20T15:00:00+00:00,76.07,77.87,76.03,77.72,60.68111455108354,76.35650000000001,75.39383131348328,76.0891,0.7514285714285721,0.00966840673479892,45.38152610441774,1.4999999999999905,False,RSI_NOT_BELOW_35|CLOSE_NOT_NEAR_OR_BELOW_LOWER_BB
2026-07-22T11:29:02.911464+00:00,REPAIR_MR_1R_ASYMMETRIC_V1,SOL,SOLUSDT,strategy-lab-v1.0.0:REPAIR_MR_1R_ASYMMETRIC_V1,1784563200000,2026-07-20T16:00:00+00:00,77.73,77.82,77.39,77.58,55.48172757475079,76.4315,75.34139404184734,76.09375,0.7242857142857143,0.009335984974036019,60.68111455108354,1.5,False,RSI_NOT_BELOW_35|CLOSE_NOT_NEAR_OR_BELOW_LOWER_BB|RSI_RECOVERY_NOT_CONFIRMED
2026-07-22T11:29:02.911464+00:00,REPAIR_MR_1R_ASYMMETRIC_V1,SOL,SOLUSDT,strategy-lab-v1.0.0:REPAIR_MR_1R_ASYMMETRIC_V1,1784566800000,2026-07-20T17:00:00+00:00,77.58,77.83,77.31,77.68,58.404074702886305,76.53,75.36502789732971,76.0987,0.7221428571428571,0.009296380756215977,55.48172757475079,1.5000000000000098,False,RSI_NOT_BELOW_35|CLOSE_NOT_NEAR_OR_BELOW_LOWER_BB
2026-07-22T11:29:02.911464+00:00,REPAIR_MR_1R_ASYMMETRIC_V1,SOL,SOLUSDT,strategy-lab-v1.0.0:REPAIR_MR_1R_ASYMMETRIC_V1,1784570400000,2026-07-20T18:00:00+00:00,77.67,78.32,77.54,77.6,60.24518388791576,76.6075,75.3762262692642,76.10340000000001,0.7328571428571412,0.00944403534609718,58.404074702886305,1.5,False,RSI_NOT_BELOW_35|CLOSE_NOT_NEAR_OR_BELOW_LOWER_BB|RSI_RECOVERY_NOT_CONFIRMED
2026-07-22T11:29:02.911464+00:00,REPAIR_MR_1R_ASYMMETRIC_V1,SOL,SOLUSDT,strategy-lab-v1.0.0:REPAIR_MR_1R_ASYMMETRIC_V1,1784574000000,2026-07-20T19:00:00+00:00,77.59,77.67,77.24,77.58,66.79611650485435,76.66999999999999,75.37610665045369,76.1069,0.7107142857142839,0.009161050344344984,60.24518388791576,1.5,False,RSI_NOT_BELOW_35|CLOSE_NOT_NEAR_OR_BELOW_LOWER_BB|RSI_RECOVERY_NOT_CONFIRMED
2026-07-22T11:29:02.911464+00:00,REPAIR_MR_1R_ASYMMETRIC_V1,SOL,SOLUSDT,strategy-lab-v1.0.0:REPAIR_MR_1R_ASYMMETRIC_V1,1784577600000,2026-07-20T20:00:00+00:00,77.59,78.0,77.48,77.82,72.01565557729936,76.73499999999999,75.35034841927644,76.11035,0.7057142857142844,0.009068546462532568,66.79611650485435,1.50000000000001,False,RSI_NOT_BELOW_35|CLOSE_NOT_NEAR_OR_BELOW_LOWER_BB
2026-07-22T11:29:02.911464+00:00,REPAIR_MR_1R_ASYMMETRIC_V1,SOL,SOLUSDT,strategy-lab-v1.0.0:REPAIR_MR_1R_ASYMMETRIC_V1,1784581200000,2026-07-20T21:00:00+00:00,77.82,77.99,77.68,77.69,66.52360515021452,76.8025,75.37063583046427,76.11325,0.6778571428571405,0.008725153080925994,72.01565557729936,1.5,False,RSI_NOT_BELOW_35|CLOSE_NOT_NEAR_OR_BELOW_LOWER_BB|RSI_RECOVERY_NOT_CONFIRMED
2026-07-22T11:29:02.911464+00:00,REPAIR_MR_1R_ASYMMETRIC_V1,SOL,SOLUSDT,strategy-lab-v1.0.0:REPAIR_MR_1R_ASYMMETRIC_V1,1784584800000,2026-07-20T22:00:00+00:00,77.7,77.78,77.38,77.39,63.39468302658493,76.826,75.37193810310555,76.11269999999999,0.6678571428571404,0.008629760212652026,66.52360515021452,1.5,False,RSI_NOT_BELOW_35|CLOSE_NOT_NEAR_OR_BELOW_LOWER_BB|RSI_RECOVERY_NOT_CONFIRMED
2026-07-22T11:29:02.911464+00:00,REPAIR_MR_1R_ASYMMETRIC_V1,SOL,SOLUSDT,strategy-lab-v1.0.0:REPAIR_MR_1R_ASYMMETRIC_V1,1784588400000,2026-07-20T23:00:00+00:00,77.4,77.83,77.37,77.7,63.39468302658493,76.8765,75.37544337215401,76.11415,0.6528571428571398,0.00840227983085122,63.39468302658493,1.4999999999999891,False,RSI_NOT_BELOW_35|CLOSE_NOT_NEAR_OR_BELOW_LOWER_BB|RSI_RECOVERY_NOT_CONFIRMED
2026-07-22T11:29:02.911464+00:00,REPAIR_MR_1R_ASYMMETRIC_V1,SOL,SOLUSDT,strategy-lab-v1.0.0:REPAIR_MR_1R_ASYMMETRIC_V1,1784592000000,2026-07-21T00:00:00+00:00,77.7,78.23,77.69,78.07,67.37864077669903,76.9585,75.38646596728938,76.117,0.6657142857142831,0.008527145967904229,63.39468302658493,1.5000000000000107,False,RSI_NOT_BELOW_35|CLOSE_NOT_NEAR_OR_BELOW_LOWER_BB
2026-07-22T11:29:02.911464+00:00,REPAIR_MR_1R_ASYMMETRIC_V1,SOL,SOLUSDT,strategy-lab-v1.0.0:REPAIR_MR_1R_ASYMMETRIC_V1,1784595600000,2026-07-21T01:00:00+00:00,78.06,78.17,77.78,77.79,57.75862068965536,77.0555,75.53031837147161,76.1194,0.6264285714285691,0.00805281619010887,67.37864077669903,1.4999999999999887,False,RSI_NOT_BELOW_35|CLOSE_NOT_NEAR_OR_BELOW_LOWER_BB|RSI_RECOVERY_NOT_CONFIRMED
2026-07-22T11:29:02.911464+00:00,REPAIR_MR_1R_ASYMMETRIC_V1,SOL,SOLUSDT,strategy-lab-v1.0.0:REPAIR_MR_1R_ASYMMETRIC_V1,1784599200000,2026-07-21T02:00:00+00:00,77.8,78.19,77.59,77.98,64.63963963963967,77.176,75.7626012593749,76.12165,0.6342857142857119,0.008133953761037597,57.75862068965536,1.5,False,RSI_NOT_BELOW_35|CLOSE_NOT_NEAR_OR_BELOW_LOWER_BB
2026-07-22T11:29:02.911464+00:00,REPAIR_MR_1R_ASYMMETRIC_V1,SOL,SOLUSDT,strategy-lab-v1.0.0:REPAIR_MR_1R_ASYMMETRIC_V1,1784602800000,2026-07-21T03:00:00+00:00,77.97,78.49,77.97,78.14,73.36561743341431,77.2755,75.88502562051625,76.1242,0.5999999999999973,0.007678525723061138,64.63963963963967,1.5,False,RSI_NOT_BELOW_35|CLOSE_NOT_NEAR_OR_BELOW_LOWER_BB
2026-07-22T11:29:02.911464+00:00,REPAIR_MR_1R_ASYMMETRIC_V1,SOL,SOLUSDT,strategy-lab-v1.0.0:REPAIR_MR_1R_ASYMMETRIC_V1,1784606400000,2026-07-21T04:00:00+00:00,78.14,78.34,77.96,78.08,75.00000000000009,77.3755,76.05753983368207,76.1275,0.5799999999999983,0.007428278688524568,73.36561743341431,1.4999999999999878,False,RSI_NOT_BELOW_35|CLOSE_NOT_NEAR_OR_BELOW_LOWER_BB|RSI_RECOVERY_NOT_CONFIRMED
2026-07-22T11:29:02.911464+00:00,REPAIR_MR_1R_ASYMMETRIC_V1,SOL,SOLUSDT,strategy-lab-v1.0.0:REPAIR_MR_1R_ASYMMETRIC_V1,1784610000000,2026-07-21T05:00:00+00:00,78.07,78.6,78.05,78.39,62.453531598513116,77.4755,76.16835846213928,76.13415,0.4878571428571407,0.006223461447342017,75.00000000000009,1.5,False,RSI_NOT_BELOW_35|CLOSE_NOT_NEAR_OR_BELOW_LOWER_BB|RSI_RECOVERY_NOT_CONFIRMED
2026-07-22T11:29:02.911464+00:00,REPAIR_MR_1R_ASYMMETRIC_V1,SOL,SOLUSDT,strategy-lab-v1.0.0:REPAIR_MR_1R_ASYMMETRIC_V1,1784613600000,2026-07-21T06:00:00+00:00,78.4,78.81,78.25,78.61,68.592057761733,77.592,76.31689059292898,76.14359999999999,0.49714285714285567,0.006324168135642484,62.453531598513116,1.4999999999999858,False,RSI_NOT_BELOW_35|CLOSE_NOT_NEAR_OR_BELOW_LOWER_BB
2026-07-22T11:29:02.911464+00:00,REPAIR_MR_1R_ASYMMETRIC_V1,SOL,SOLUSDT,strategy-lab-v1.0.0:REPAIR_MR_1R_ASYMMETRIC_V1,1784617200000,2026-07-21T07:00:00+00:00,78.59,78.69,78.41,78.51,64.98194945848391,77.664,76.35281122640518,76.15175,0.4799999999999989,0.0061138708444783965,68.592057761733,1.5000000000000149,False,RSI_NOT_BELOW_35|CLOSE_NOT_NEAR_OR_BELOW_LOWER_BB|RSI_RECOVERY_NOT_CONFIRMED
2026-07-22T11:29:02.911464+00:00,REPAIR_MR_1R_ASYMMETRIC_V1,SOL,SOLUSDT,strategy-lab-v1.0.0:REPAIR_MR_1R_ASYMMETRIC_V1,1784620800000,2026-07-21T08:00:00+00:00,78.5,78.69,78.29,78.3,62.06896551724158,77.74499999999999,76.48793198274669,76.15589999999999,0.45285714285714207,0.0057836161284437046,64.98194945848391,1.5,False,RSI_NOT_BELOW_35|CLOSE_NOT_NEAR_OR_BELOW_LOWER_BB|RSI_RECOVERY_NOT_CONFIRMED
2026-07-22T11:29:02.911464+00:00,REPAIR_MR_1R_ASYMMETRIC_V1,SOL,SOLUSDT,strategy-lab-v1.0.0:REPAIR_MR_1R_ASYMMETRIC_V1,1784624400000,2026-07-21T09:00:00+00:00,78.3,78.45,78.1,78.37,63.389830508474795,77.85300000000001,76.78508427298722,76.16645,0.4471428571428565,0.0057055360104996365,62.06896551724158,1.500000000000016,False,RSI_NOT_BELOW_35|CLOSE_NOT_NEAR_OR_BELOW_LOWER_BB
2026-07-22T11:29:02.911464+00:00,REPAIR_MR_1R_ASYMMETRIC_V1,SOL,SOLUSDT,strategy-lab-v1.0.0:REPAIR_MR_1R_ASYMMETRIC_V1,1784628000000,2026-07-21T10:00:00+00:00,78.37,78.44,78.02,78.16,55.821917808219254,77.958,77.27081443554061,76.1751,0.4399999999999998,0.005629477993858749,63.389830508474795,1.5,False,RSI_NOT_BELOW_35|CLOSE_NOT_NEAR_OR_BELOW_LOWER_BB|RSI_RECOVERY_NOT_CONFIRMED
2026-07-22T11:29:02.911464+00:00,REPAIR_MR_1R_ASYMMETRIC_V1,SOL,SOLUSDT,strategy-lab-v1.0.0:REPAIR_MR_1R_ASYMMETRIC_V1,1784631600000,2026-07-21T11:00:00+00:00,78.16,78.38,78.04,78.32,60.67796610169488,77.98800000000001,77.29265548107331,76.1876,0.442142857142857,0.005645337808259155,55.821917808219254,1.500000000000016,False,RSI_NOT_BELOW_35|CLOSE_NOT_NEAR_OR_BELOW_LOWER_BB
2026-07-22T11:29:02.911464+00:00,REPAIR_MR_1R_ASYMMETRIC_V1,SOL,SOLUSDT,strategy-lab-v1.0.0:REPAIR_MR_1R_ASYMMETRIC_V1,1784635200000,2026-07-21T12:00:00+00:00,78.32,78.5,78.22,78.46,69.1756272401433,78.032,77.3341289517386,76.20060000000001,0.4335714285714281,0.005526018717453838,60.67796610169488,1.5000000000000164,False,RSI_NOT_BELOW_35|CLOSE_NOT_NEAR_OR_BELOW_LOWER_BB
2026-07-22T11:29:02.911464+00:00,REPAIR_MR_1R_ASYMMETRIC_V1,SOL,SOLUSDT,strategy-lab-v1.0.0:REPAIR_MR_1R_ASYMMETRIC_V1,1784638800000,2026-07-21T13:00:00+00:00,78.47,78.58,78.15,78.54,66.40625000000006,78.075,77.36333996880428,76.21155,0.4314285714285709,0.0054931063334424605,69.1756272401433,1.5,False,RSI_NOT_BELOW_35|CLOSE_NOT_NEAR_OR_BELOW_LOWER_BB|RSI_RECOVERY_NOT_CONFIRMED
2026-07-22T11:29:02.911464+00:00,REPAIR_MR_1R_ASYMMETRIC_V1,SOL,SOLUSDT,strategy-lab-v1.0.0:REPAIR_MR_1R_ASYMMETRIC_V1,1784642400000,2026-07-21T14:00:00+00:00,78.55,78.59,77.87,77.95,47.84172661870522,78.0925,77.41188630633707,76.2196,0.4442857142857132,0.005699624301292023,66.40625000000006,1.5,False,RSI_NOT_BELOW_35|CLOSE_NOT_NEAR_OR_BELOW_LOWER_BB|RSI_RECOVERY_NOT_CONFIRMED
2026-07-22T11:29:02.911464+00:00,REPAIR_MR_1R_ASYMMETRIC_V1,SOL,SOLUSDT,strategy-lab-v1.0.0:REPAIR_MR_1R_ASYMMETRIC_V1,1784646000000,2026-07-21T15:00:00+00:00,77.95,78.13,77.73,78.1,55.84905660377331,78.11850000000001,77.479742612566,76.22815,0.44499999999999823,0.005697823303457084,47.84172661870522,1.5,False,RSI_NOT_BELOW_35|CLOSE_NOT_NEAR_OR_BELOW_LOWER_BB
2026-07-22T11:29:02.911464+00:00,REPAIR_MR_1R_ASYMMETRIC_V1,SOL,SOLUSDT,strategy-lab-v1.0.0:REPAIR_MR_1R_ASYMMETRIC_V1,1784649600000,2026-07-21T16:00:00+00:00,78.09,78.22,77.93,78.16,53.571428571428385,78.13550000000001,77.51149759615724,76.23565,0.42285714285714093,0.005410147682409685,55.84905660377331,1.5,False,RSI_NOT_BELOW_35|CLOSE_NOT_NEAR_OR_BELOW_LOWER_BB|RSI_RECOVERY_NOT_CONFIRMED
2026-07-22T11:29:02.911464+00:00,REPAIR_MR_1R_ASYMMETRIC_V1,SOL,SOLUSDT,strategy-lab-v1.0.0:REPAIR_MR_1R_ASYMMETRIC_V1,1784653200000,2026-07-21T17:00:00+00:00,78.16,78.19,77.42,77.7,42.198581560283785,78.136,77.5134118536291,76.2414,0.4407142857142838,0.005671998529141361,53.571428571428385,1.5,False,RSI_NOT_BELOW_35|CLOSE_NOT_NEAR_OR_BELOW_LOWER_BB|RSI_RECOVERY_NOT_CONFIRMED
2026-07-22T11:29:02.911464+00:00,REPAIR_MR_1R_ASYMMETRIC_V1,SOL,SOLUSDT,strategy-lab-v1.0.0:REPAIR_MR_1R_ASYMMETRIC_V1,1784656800000,2026-07-21T18:00:00+00:00,77.7,77.95,77.55,77.82,45.486111111111036,78.1575,77.61488134937916,76.2494,0.44214285714285495,0.005681609575210164,42.198581560283785,1.500000000000016,False,RSI_NOT_BELOW_35|CLOSE_NOT_NEAR_OR_BELOW_LOWER_BB
2026-07-22T11:29:02.911464+00:00,REPAIR_MR_1R_ASYMMETRIC_V1,SOL,SOLUSDT,strategy-lab-v1.0.0:REPAIR_MR_1R_ASYMMETRIC_V1,1784660400000,2026-07-21T19:00:00+00:00,77.82,77.97,77.67,77.84,39.382239382239504,78.1645,77.6424473206643,76.2572,0.4242857142857121,0.005450741447658172,45.486111111111036,1.5000000000000167,False,RSI_NOT_BELOW_35|CLOSE_NOT_NEAR_OR_BELOW_LOWER_BB|RSI_RECOVERY_NOT_CONFIRMED
2026-07-22T11:29:02.911464+00:00,REPAIR_MR_1R_ASYMMETRIC_V1,SOL,SOLUSDT,strategy-lab-v1.0.0:REPAIR_MR_1R_ASYMMETRIC_V1,1784664000000,2026-07-21T20:00:00+00:00,77.84,78.07,77.77,77.88,34.854771784232355,78.155,77.61966832710779,76.26765,0.40571428571428314,0.0052094797857509395,39.382239382239504,1.5,False,CLOSE_NOT_NEAR_OR_BELOW_LOWER_BB|RSI_RECOVERY_NOT_CONFIRMED
2026-07-22T11:29:02.911464+00:00,REPAIR_MR_1R_ASYMMETRIC_V1,SOL,SOLUSDT,strategy-lab-v1.0.0:REPAIR_MR_1R_ASYMMETRIC_V1,1784667600000,2026-07-21T21:00:00+00:00,77.86,78.11,77.76,78.01,39.754098360655846,78.166,77.65252556051777,76.28110000000001,0.41071428571428265,0.005264892779313968,34.854771784232355,1.5,False,RSI_NOT_BELOW_35|CLOSE_NOT_NEAR_OR_BELOW_LOWER_BB
2026-07-22T11:29:02.911464+00:00,REPAIR_MR_1R_ASYMMETRIC_V1,SOL,SOLUSDT,strategy-lab-v1.0.0:REPAIR_MR_1R_ASYMMETRIC_V1,1784671200000,2026-07-21T22:00:00+00:00,77.98,78.03,77.81,77.95,42.35807860262028,78.1645,77.64869092679405,76.29045,0.39785714285714036,0.005104004398423866,39.754098360655846,1.5,False,RSI_NOT_BELOW_35|CLOSE_NOT_NEAR_OR_BELOW_LOWER_BB|RSI_RECOVERY_NOT_CONFIRMED
2026-07-22T11:29:02.911464+00:00,REPAIR_MR_1R_ASYMMETRIC_V1,SOL,SOLUSDT,strategy-lab-v1.0.0:REPAIR_MR_1R_ASYMMETRIC_V1,1784674800000,2026-07-21T23:00:00+00:00,77.94,78.17,77.77,78.09,44.067796610169495,78.16199999999999,77.64525634981977,76.3022,0.4014285714285687,0.005140588698022393,42.35807860262028,1.5,False,RSI_NOT_BELOW_35|CLOSE_NOT_NEAR_OR_BELOW_LOWER_BB
2026-07-22T11:29:02.911464+00:00,REPAIR_MR_1R_ASYMMETRIC_V1,SOL,SOLUSDT,strategy-lab-v1.0.0:REPAIR_MR_1R_ASYMMETRIC_V1,1784678400000,2026-07-22T00:00:00+00:00,78.1,78.54,78.06,78.4,54.87804878048798,78.178,77.65265820649638,76.31815,0.40571428571428314,0.005174927113702591,44.067796610169495,1.5,False,RSI_NOT_BELOW_35|CLOSE_NOT_NEAR_OR_BELOW_LOWER_BB
2026-07-22T11:29:02.911464+00:00,REPAIR_MR_1R_ASYMMETRIC_V1,SOL,SOLUSDT,strategy-lab-v1.0.0:REPAIR_MR_1R_ASYMMETRIC_V1,1784682000000,2026-07-22T01:00:00+00:00,78.4,78.48,78.11,78.3,49.58333333333343,78.1735,77.65398965361449,76.3371,0.4078571428571414,0.005208903484765536,54.87804878048798,1.5000000000000173,False,RSI_NOT_BELOW_35|CLOSE_NOT_NEAR_OR_BELOW_LOWER_BB|RSI_RECOVERY_NOT_CONFIRMED
2026-07-22T11:29:02.911464+00:00,REPAIR_MR_1R_ASYMMETRIC_V1,SOL,SOLUSDT,strategy-lab-v1.0.0:REPAIR_MR_1R_ASYMMETRIC_V1,1784685600000,2026-07-22T02:00:00+00:00,78.3,78.47,78.04,78.08,42.3387096774195,78.147,77.66666261856737,76.35365,0.4185714285714265,0.00536080210772831,49.58333333333343,1.5,False,RSI_NOT_BELOW_35|CLOSE_NOT_NEAR_OR_BELOW_LOWER_BB|RSI_RECOVERY_NOT_CONFIRMED
2026-07-22T11:29:02.911464+00:00,REPAIR_MR_1R_ASYMMETRIC_V1,SOL,SOLUSDT,strategy-lab-v1.0.0:REPAIR_MR_1R_ASYMMETRIC_V1,1784689200000,2026-07-22T03:00:00+00:00,78.07,78.2,77.76,77.82,36.46616541353364,78.1125,77.64239894703212,76.36725,0.4192857142857126,0.005387891471160532,42.3387096774195,1.5,False,RSI_NOT_BELOW_35|CLOSE_NOT_NEAR_OR_BELOW_LOWER_BB|RSI_RECOVERY_NOT_CONFIRMED
2026-07-22T11:29:02.911464+00:00,REPAIR_MR_1R_ASYMMETRIC_V1,SOL,SOLUSDT,strategy-lab-v1.0.0:REPAIR_MR_1R_ASYMMETRIC_V1,1784692800000,2026-07-22T04:00:00+00:00,77.81,78.18,77.78,78.02,51.541850220264166,78.0985,77.63493662784741,76.38375,0.3964285714285702,0.00508111473248616,36.46616541353364,1.5,False,RSI_NOT_BELOW_35|CLOSE_NOT_NEAR_OR_BELOW_LOWER_BB
2026-07-22T11:29:02.911464+00:00,REPAIR_MR_1R_ASYMMETRIC_V1,SOL,SOLUSDT,strategy-lab-v1.0.0:REPAIR_MR_1R_ASYMMETRIC_V1,1784696400000,2026-07-22T05:00:00+00:00,78.02,78.03,77.36,77.38,36.956521739130544,78.04899999999999,77.50715500371285,76.39895,0.4157142857142852,0.005372373813831549,51.541850220264166,1.499999999999983,False,RSI_NOT_BELOW_35|RSI_RECOVERY_NOT_CONFIRMED
2026-07-22T11:29:02.911464+00:00,REPAIR_MR_1R_ASYMMETRIC_V1,SOL,SOLUSDT,strategy-lab-v1.0.0:REPAIR_MR_1R_ASYMMETRIC_V1,1784700000000,2026-07-22T06:00:00+00:00,77.39,77.45,76.98,77.25,33.92226148409907,78.0035,77.36277306908377,76.41315,0.42857142857142855,0.005547850208044382,36.956521739130544,1.5000000000000167,False,RSI_RECOVERY_NOT_CONFIRMED
2026-07-22T11:29:02.911464+00:00,REPAIR_MR_1R_ASYMMETRIC_V1,SOL,SOLUSDT,strategy-lab-v1.0.0:REPAIR_MR_1R_ASYMMETRIC_V1,1784703600000,2026-07-22T07:00:00+00:00,77.24,77.28,76.96,77.05,37.354085603112836,77.94000000000001,77.19421182631982,76.42385,0.39642857142857224,0.005145082043200159,33.92226148409907,1.5,False,RSI_NOT_BELOW_35|RSI_RECOVERY_NOT_CONFIRMED
2026-07-22T11:29:02.911464+00:00,REPAIR_MR_1R_ASYMMETRIC_V1,SOL,SOLUSDT,strategy-lab-v1.0.0:REPAIR_MR_1R_ASYMMETRIC_V1,1784707200000,2026-07-22T08:00:00+00:00,77.06,77.47,77.0,77.38,42.08633093525192,77.886,77.14224197483243,76.434,0.40142857142857175,0.00518775615699886,37.354085603112836,1.5,False,RSI_NOT_BELOW_35|CLOSE_NOT_NEAR_OR_BELOW_LOWER_BB
2026-07-22T11:29:02.911464+00:00,REPAIR_MR_1R_ASYMMETRIC_V1,SOL,SOLUSDT,strategy-lab-v1.0.0:REPAIR_MR_1R_ASYMMETRIC_V1,1784710800000,2026-07-22T09:00:00+00:00,77.38,77.53,77.23,77.5,44.09722222222221,77.83399999999999,77.13642133060057,76.4454,0.40142857142857175,0.005179723502304151,42.08633093525192,1.5,False,RSI_NOT_BELOW_35|CLOSE_NOT_NEAR_OR_BELOW_LOWER_BB
2026-07-22T11:29:02.911464+00:00,REPAIR_MR_1R_ASYMMETRIC_V1,SOL,SOLUSDT,strategy-lab-v1.0.0:REPAIR_MR_1R_ASYMMETRIC_V1,1784714400000,2026-07-22T10:00:00+00:00,77.5,77.68,77.4,77.62,45.60810810810832,77.81750000000001,77.11607644750049,76.4586,0.40000000000000063,0.005153311002318998,44.09722222222221,1.5,False,RSI_NOT_BELOW_35|CLOSE_NOT_NEAR_OR_BELOW_LOWER_BB
2026-07-22T11:29:02.911464+00:00,REPAIR_MR_1R_ASYMMETRIC_V1,SOL,SOLUSDT,strategy-lab-v1.0.0:REPAIR_MR_1R_ASYMMETRIC_V1,1784718000000,2026-07-22T11:00:00+00:00,77.61,77.76,77.54,77.61,42.95774647887322,77.79299999999999,77.09856209780786,76.4713,0.3907142857142866,0.005034329154932181,45.60810810810832,1.5000000000000182,False,RSI_NOT_BELOW_35|CLOSE_NOT_NEAR_OR_BELOW_LOWER_BB|RSI_RECOVERY_NOT_CONFIRMED
2026-07-22T11:29:02.911464+00:00,REPAIR_MR_1R_ASYMMETRIC_V1,XRP,XRPUSDT,strategy-lab-v1.0.0:REPAIR_MR_1R_ASYMMETRIC_V1,1784502000000,2026-07-19T23:00:00+00:00,1.0969,1.0977,1.0928,1.097,53.488372093023244,1.09535,1.0918994927908967,1.0932250000000001,0.005285714285714306,0.004818335720796998,49.079754601227094,1.5,False,RSI_NOT_BELOW_35|CLOSE_NOT_NEAR_OR_BELOW_LOWER_BB
2026-07-22T11:29:02.911464+00:00,REPAIR_MR_1R_ASYMMETRIC_V1,XRP,XRPUSDT,strategy-lab-v1.0.0:REPAIR_MR_1R_ASYMMETRIC_V1,1784505600000,2026-07-20T00:00:00+00:00,1.0971,1.1052,1.0926,1.0955,47.09897610921496,1.095325,1.0918864683366192,1.093143,0.0057857142857142985,0.00528134576514313,53.488372093023244,1.500000000000019,False,RSI_NOT_BELOW_35|CLOSE_NOT_NEAR_OR_BELOW_LOWER_BB|RSI_RECOVERY_NOT_CONFIRMED
2026-07-22T11:29:02.911464+00:00,REPAIR_MR_1R_ASYMMETRIC_V1,XRP,XRPUSDT,strategy-lab-v1.0.0:REPAIR_MR_1R_ASYMMETRIC_V1,1784509200000,2026-07-20T01:00:00+00:00,1.0956,1.1074,1.0939,1.0959,49.47735191637637,1.095325,1.0918864683366192,1.093052,0.0065285714285714235,0.005957269302465027,47.09897610921496,1.5,False,RSI_NOT_BELOW_35|CLOSE_NOT_NEAR_OR_BELOW_LOWER_BB
2026-07-22T11:29:02.911464+00:00,REPAIR_MR_1R_ASYMMETRIC_V1,XRP,XRPUSDT,strategy-lab-v1.0.0:REPAIR_MR_1R_ASYMMETRIC_V1,1784512800000,2026-07-20T02:00:00+00:00,1.0961,1.1028,1.095,1.1004,58.80503144654088,1.09555,1.0914627026044006,1.0929725000000001,0.006649999999999997,0.0060432569974554675,49.47735191637637,1.5,False,RSI_NOT_BELOW_35|CLOSE_NOT_NEAR_OR_BELOW_LOWER_BB
2026-07-22T11:29:02.911464+00:00,REPAIR_MR_1R_ASYMMETRIC_V1,XRP,XRPUSDT,strategy-lab-v1.0.0:REPAIR_MR_1R_ASYMMETRIC_V1,1784516400000,2026-07-20T03:00:00+00:00,1.1005,1.1014,1.0962,1.0992,59.17721518987337,1.0957700000000001,1.0914037201189029,1.0928945,0.006771428571428555,0.006160324391765425,58.80503144654088,1.5,False,RSI_NOT_BELOW_35|CLOSE_NOT_NEAR_OR_BELOW_LOWER_BB|RSI_RECOVERY_NOT_CONFIRMED
2026-07-22T11:29:02.911464+00:00,REPAIR_MR_1R_ASYMMETRIC_V1,XRP,XRPUSDT,strategy-lab-v1.0.0:REPAIR_MR_1R_ASYMMETRIC_V1,1784520000000,2026-07-20T04:00:00+00:00,1.0992,1.1,1.0943,1.0953,45.806451612903,1.09566,1.091363303594612,1.0928025000000001,0.006528571428571407,0.005960532665544972,59.17721518987337,1.5,False,RSI_NOT_BELOW_35|CLOSE_NOT_NEAR_OR_BELOW_LOWER_BB|RSI_RECOVERY_NOT_CONFIRMED
2026-07-22T11:29:02.911464+00:00,REPAIR_MR_1R_ASYMMETRIC_V1,XRP,XRPUSDT,strategy-lab-v1.0.0:REPAIR_MR_1R_ASYMMETRIC_V1,1784523600000,2026-07-20T05:00:00+00:00,1.0951,1.0954,1.0849,1.0872,37.07571801566578,1.095275,1.0896121826799663,1.0926685,0.00709999999999998,0.006530537159676214,45.806451612903,1.5,False,RSI_NOT_BELOW_35|CLOSE_NOT_ABOVE_MA200|RSI_RECOVERY_NOT_CONFIRMED
2026-07-22T11:29:02.911464+00:00,REPAIR_MR_1R_ASYMMETRIC_V1,XRP,XRPUSDT,strategy-lab-v1.0.0:REPAIR_MR_1R_ASYMMETRIC_V1,1784527200000,2026-07-20T06:00:00+00:00,1.0872,1.0886,1.0825,1.0846,38.172043010752766,1.094645,1.0873972486245682,1.09255,0.007235714285714266,0.006671320565843875,37.07571801566578,1.5,False,RSI_NOT_BELOW_35|CLOSE_NOT_ABOVE_MA200|RSI_RECOVERY_NOT_CONFIRMED
2026-07-22T11:29:02.911464+00:00,REPAIR_MR_1R_ASYMMETRIC_V1,XRP,XRPUSDT,strategy-lab-v1.0.0:REPAIR_MR_1R_ASYMMETRIC_V1,1784530800000,2026-07-20T07:00:00+00:00,1.0847,1.0899,1.0822,1.0893,44.711538461538495,1.0943,1.0867313805750274,1.092516,0.007207142857142841,0.006616306671387902,38.172043010752766,1.5,False,RSI_NOT_BELOW_35|CLOSE_NOT_NEAR_OR_BELOW_LOWER_BB|CLOSE_NOT_ABOVE_MA200
2026-07-22T11:29:02.911464+00:00,REPAIR_MR_1R_ASYMMETRIC_V1,XRP,XRPUSDT,strategy-lab-v1.0.0:REPAIR_MR_1R_ASYMMETRIC_V1,1784534400000,2026-07-20T08:00:00+00:00,1.0891,1.0909,1.0852,1.0872,44.3914081145583,1.09392,1.0857506426201278,1.09249,0.007271428571428548,0.006688216125302197,44.711538461538495,1.5000000000000153,False,RSI_NOT_BELOW_35|CLOSE_NOT_NEAR_OR_BELOW_LOWER_BB|CLOSE_NOT_ABOVE_MA200|RSI_RECOVERY_NOT_CONFIRMED
2026-07-22T11:29:02.911464+00:00,REPAIR_MR_1R_ASYMMETRIC_V1,XRP,XRPUSDT,strategy-lab-v1.0.0:REPAIR_MR_1R_ASYMMETRIC_V1,1784538000000,2026-07-20T09:00:00+00:00,1.0872,1.0918,1.086,1.089,44.25837320574147,1.0937,1.0852541726278548,1.0924445,0.0074428571428571165,0.006834579561852266,44.3914081145583,1.5000000000000149,False,RSI_NOT_BELOW_35|CLOSE_NOT_NEAR_OR_BELOW_LOWER_BB|CLOSE_NOT_ABOVE_MA200|RSI_RECOVERY_NOT_CONFIRMED
2026-07-22T11:29:02.911464+00:00,REPAIR_MR_1R_ASYMMETRIC_V1,XRP,XRPUSDT,strategy-lab-v1.0.0:REPAIR_MR_1R_ASYMMETRIC_V1,1784541600000,2026-07-20T10:00:00+00:00,1.089,1.0941,1.0887,1.0918,44.655581947743556,1.093395,1.0851394624644985,1.0924265000000002,0.007585714285714275,0.006947897312432931,44.25837320574147,1.5,False,RSI_NOT_BELOW_35|CLOSE_NOT_NEAR_OR_BELOW_LOWER_BB|CLOSE_NOT_ABOVE_MA200
2026-07-22T11:29:02.911464+00:00,REPAIR_MR_1R_ASYMMETRIC_V1,XRP,XRPUSDT,strategy-lab-v1.0.0:REPAIR_MR_1R_ASYMMETRIC_V1,1784545200000,2026-07-20T11:00:00+00:00,1.0919,1.1061,1.091,1.1049,62.18323586744632,1.093785,1.0842313043799756,1.0924555,0.008249999999999995,0.007466739071409173,44.655581947743556,1.5000000000000135,False,RSI_NOT_BELOW_35|CLOSE_NOT_NEAR_OR_BELOW_LOWER_BB
2026-07-22T11:29:02.911464+00:00,REPAIR_MR_1R_ASYMMETRIC_V1,XRP,XRPUSDT,strategy-lab-v1.0.0:REPAIR_MR_1R_ASYMMETRIC_V1,1784548800000,2026-07-20T12:00:00+00:00,1.1047,1.1049,1.0972,1.0989,51.89393939393939,1.09406,1.084253186042344,1.092476,0.008121428571428566,0.007390507390507385,62.18323586744632,1.5,False,RSI_NOT_BELOW_35|CLOSE_NOT_NEAR_OR_BELOW_LOWER_BB|RSI_RECOVERY_NOT_CONFIRMED
2026-07-22T11:29:02.911464+00:00,REPAIR_MR_1R_ASYMMETRIC_V1,XRP,XRPUSDT,strategy-lab-v1.0.0:REPAIR_MR_1R_ASYMMETRIC_V1,1784552400000,2026-07-20T13:00:00+00:00,1.0989,1.1002,1.0882,1.0901,44.39024390243911,1.09388,1.0839223697598237,1.0924575,0.00862857142857143,0.007915394393699137,51.89393939393939,1.5,False,RSI_NOT_BELOW_35|CLOSE_NOT_NEAR_OR_BELOW_LOWER_BB|CLOSE_NOT_ABOVE_MA200|RSI_RECOVERY_NOT_CONFIRMED
2026-07-22T11:29:02.911464+00:00,REPAIR_MR_1R_ASYMMETRIC_V1,XRP,XRPUSDT,strategy-lab-v1.0.0:REPAIR_MR_1R_ASYMMETRIC_V1,1784556000000,2026-07-20T14:00:00+00:00,1.0899,1.0939,1.0854,1.0924,47.512038523274576,1.093905,1.0839648843065046,1.092465,0.008335714285714304,0.007630642883297605,44.39024390243911,1.5,False,RSI_NOT_BELOW_35|CLOSE_NOT_NEAR_OR_BELOW_LOWER_BB|CLOSE_NOT_ABOVE_MA200
2026-07-22T11:29:02.911464+00:00,REPAIR_MR_1R_ASYMMETRIC_V1,XRP,XRPUSDT,strategy-lab-v1.0.0:REPAIR_MR_1R_ASYMMETRIC_V1,1784559600000,2026-07-20T15:00:00+00:00,1.0924,1.113,1.0922,1.1118,59.77859778597777,1.094805,1.0821713188262458,1.09257,0.008857142857142881,0.007966489348032813,47.512038523274576,1.5,False,RSI_NOT_BELOW_35|CLOSE_NOT_NEAR_OR_BELOW_LOWER_BB
2026-07-22T11:29:02.911464+00:00,REPAIR_MR_1R_ASYMMETRIC_V1,XRP,XRPUSDT,strategy-lab-v1.0.0:REPAIR_MR_1R_ASYMMETRIC_V1,1784563200000,2026-07-20T16:00:00+00:00,1.1118,1.1142,1.1088,1.1134,58.290816326530575,1.09566,1.0806468857327978,1.092671,0.008685714285714312,0.007801072647489054,59.77859778597777,1.5,False,RSI_NOT_BELOW_35|CLOSE_NOT_NEAR_OR_BELOW_LOWER_BB|RSI_RECOVERY_NOT_CONFIRMED
2026-07-22T11:29:02.911464+00:00,REPAIR_MR_1R_ASYMMETRIC_V1,XRP,XRPUSDT,strategy-lab-v1.0.0:REPAIR_MR_1R_ASYMMETRIC_V1,1784566800000,2026-07-20T17:00:00+00:00,1.1132,1.1164,1.1096,1.1144,59.71867007672643,1.09676,1.0797698381408514,1.092772,0.008800000000000046,0.00789662598707829,58.290816326530575,1.4999999999999873,False,RSI_NOT_BELOW_35|CLOSE_NOT_NEAR_OR_BELOW_LOWER_BB
2026-07-22T11:29:02.911464+00:00,REPAIR_MR_1R_ASYMMETRIC_V1,XRP,XRPUSDT,strategy-lab-v1.0.0:REPAIR_MR_1R_ASYMMETRIC_V1,1784570400000,2026-07-20T18:00:00+00:00,1.1143,1.1197,1.1127,1.1135,62.101063829787236,1.09759,1.079098066623523,1.0928695,0.008892857142857178,0.007986400667137116,59.71867007672643,1.4999999999999876,False,RSI_NOT_BELOW_35|CLOSE_NOT_NEAR_OR_BELOW_LOWER_BB|RSI_RECOVERY_NOT_CONFIRMED
2026-07-22T11:29:02.911464+00:00,REPAIR_MR_1R_ASYMMETRIC_V1,XRP,XRPUSDT,strategy-lab-v1.0.0:REPAIR_MR_1R_ASYMMETRIC_V1,1784574000000,2026-07-20T19:00:00+00:00,1.1135,1.1177,1.1105,1.116,70.68965517241388,1.09854,1.078389129051079,1.092971,0.008657142857142888,0.007757296466973913,62.101063829787236,1.5,False,RSI_NOT_BELOW_35|CLOSE_NOT_NEAR_OR_BELOW_LOWER_BB
2026-07-22T11:29:02.911464+00:00,REPAIR_MR_1R_ASYMMETRIC_V1,XRP,XRPUSDT,strategy-lab-v1.0.0:REPAIR_MR_1R_ASYMMETRIC_V1,1784577600000,2026-07-20T20:00:00+00:00,1.116,1.1161,1.1118,1.114,71.30434782608697,1.099465,1.0782850779038242,1.0930485,0.008528571428571472,0.007655809181841536,70.68965517241388,1.499999999999987,False,RSI_NOT_BELOW_35|CLOSE_NOT_NEAR_OR_BELOW_LOWER_BB|RSI_RECOVERY_NOT_CONFIRMED
2026-07-22T11:29:02.911464+00:00,REPAIR_MR_1R_ASYMMETRIC_V1,XRP,XRPUSDT,strategy-lab-v1.0.0:REPAIR_MR_1R_ASYMMETRIC_V1,1784581200000,2026-07-20T21:00:00+00:00,1.114,1.118,1.1136,1.1145,69.44444444444447,1.100395,1.0783088527578921,1.0931325,0.008292857142857197,0.007440876754470343,71.30434782608697,1.5,False,RSI_NOT_BELOW_35|CLOSE_NOT_NEAR_OR_BELOW_LOWER_BB|RSI_RECOVERY_NOT_CONFIRMED
2026-07-22T11:29:02.911464+00:00,REPAIR_MR_1R_ASYMMETRIC_V1,XRP,XRPUSDT,strategy-lab-v1.0.0:REPAIR_MR_1R_ASYMMETRIC_V1,1784584800000,2026-07-20T22:00:00+00:00,1.1146,1.1146,1.1072,1.1091,66.07929515418498,1.1008299999999998,1.0784202610456952,1.093172,0.008414285714285772,0.007586588868709559,69.44444444444447,1.5,False,RSI_NOT_BELOW_35|CLOSE_NOT_NEAR_OR_BELOW_LOWER_BB|RSI_RECOVERY_NOT_CONFIRMED
2026-07-22T11:29:02.911464+00:00,REPAIR_MR_1R_ASYMMETRIC_V1,XRP,XRPUSDT,strategy-lab-v1.0.0:REPAIR_MR_1R_ASYMMETRIC_V1,1784588400000,2026-07-20T23:00:00+00:00,1.1091,1.1138,1.1086,1.1117,66.47314949201733,1.101455,1.0785697667698126,1.093224,0.008371428571428616,0.007530294658116953,66.07929515418498,1.4999999999999867,False,RSI_NOT_BELOW_35|CLOSE_NOT_NEAR_OR_BELOW_LOWER_BB
2026-07-22T11:29:02.911464+00:00,REPAIR_MR_1R_ASYMMETRIC_V1,XRP,XRPUSDT,strategy-lab-v1.0.0:REPAIR_MR_1R_ASYMMETRIC_V1,1784592000000,2026-07-21T00:00:00+00:00,1.1114,1.1172,1.1105,1.1154,66.90544412607437,1.10246,1.078986406325403,1.0932955,0.008464285714285749,0.007588565280873005,66.47314949201733,1.500000000000013,False,RSI_NOT_BELOW_35|CLOSE_NOT_NEAR_OR_BELOW_LOWER_BB
2026-07-22T11:29:02.911464+00:00,REPAIR_MR_1R_ASYMMETRIC_V1,XRP,XRPUSDT,strategy-lab-v1.0.0:REPAIR_MR_1R_ASYMMETRIC_V1,1784595600000,2026-07-21T01:00:00+00:00,1.1155,1.1196,1.1127,1.1133,57.14285714285709,1.103765,1.0809368353781985,1.0933725,0.007878571428571448,0.007076773042819949,66.90544412607437,1.5,False,RSI_NOT_BELOW_35|CLOSE_NOT_NEAR_OR_BELOW_LOWER_BB|RSI_RECOVERY_NOT_CONFIRMED
2026-07-22T11:29:02.911464+00:00,REPAIR_MR_1R_ASYMMETRIC_V1,XRP,XRPUSDT,strategy-lab-v1.0.0:REPAIR_MR_1R_ASYMMETRIC_V1,1784599200000,2026-07-21T02:00:00+00:00,1.1133,1.1207,1.1106,1.1185,66.89655172413791,1.1054599999999999,1.0835602831068507,1.093464,0.008050000000000017,0.007197139025480569,57.14285714285709,1.4999999999999862,False,RSI_NOT_BELOW_35|CLOSE_NOT_NEAR_OR_BELOW_LOWER_BB
2026-07-22T11:29:02.911464+00:00,REPAIR_MR_1R_ASYMMETRIC_V1,XRP,XRPUSDT,strategy-lab-v1.0.0:REPAIR_MR_1R_ASYMMETRIC_V1,1784602800000,2026-07-21T03:00:00+00:00,1.1184,1.125,1.1184,1.1237,80.88235294117621,1.10718,1.0852238072517095,1.0935840000000001,0.007664285714285727,0.006820579971776922,66.89655172413791,1.5,False,RSI_NOT_BELOW_35|CLOSE_NOT_NEAR_OR_BELOW_LOWER_BB
2026-07-22T11:29:02.911464+00:00,REPAIR_MR_1R_ASYMMETRIC_V1,XRP,XRPUSDT,strategy-lab-v1.0.0:REPAIR_MR_1R_ASYMMETRIC_V1,1784606400000,2026-07-21T04:00:00+00:00,1.1237,1.1277,1.121,1.1259,80.84714548802921,1.1091149999999999,1.0877293716482284,1.09372,0.00753571428571428,0.0066930582518112455,80.88235294117621,1.5000000000000147,False,RSI_NOT_BELOW_35|CLOSE_NOT_NEAR_OR_BELOW_LOWER_BB|RSI_RECOVERY_NOT_CONFIRMED
2026-07-22T11:29:02.911464+00:00,REPAIR_MR_1R_ASYMMETRIC_V1,XRP,XRPUSDT,strategy-lab-v1.0.0:REPAIR_MR_1R_ASYMMETRIC_V1,1784610000000,2026-07-21T05:00:00+00:00,1.1258,1.1375,1.1249,1.1305,73.67088607594926,1.1111900000000001,1.0899611611245434,1.0939044999999998,0.006949999999999996,0.006147722246793451,80.84714548802921,1.500000000000016,False,RSI_NOT_BELOW_35|CLOSE_NOT_NEAR_OR_BELOW_LOWER_BB|RSI_RECOVERY_NOT_CONFIRMED
2026-07-22T11:29:02.911464+00:00,REPAIR_MR_1R_ASYMMETRIC_V1,XRP,XRPUSDT,strategy-lab-v1.0.0:REPAIR_MR_1R_ASYMMETRIC_V1,1784613600000,2026-07-21T06:00:00+00:00,1.1304,1.1361,1.1282,1.1334,74.50980392156842,1.11327,1.091896642753182,1.0941425,0.007128571428571421,0.006289545993092837,73.67088607594926,1.5,False,RSI_NOT_BELOW_35|CLOSE_NOT_NEAR_OR_BELOW_LOWER_BB
2026-07-22T11:29:02.911464+00:00,REPAIR_MR_1R_ASYMMETRIC_V1,XRP,XRPUSDT,strategy-lab-v1.0.0:REPAIR_MR_1R_ASYMMETRIC_V1,1784617200000,2026-07-21T07:00:00+00:00,1.1332,1.1358,1.1307,1.1355,75.17899761336487,1.1148,1.091728805839313,1.094393,0.007007142857142831,0.006170975655784087,74.50980392156842,1.5,False,RSI_NOT_BELOW_35|CLOSE_NOT_NEAR_OR_BELOW_LOWER_BB
2026-07-22T11:29:02.911464+00:00,REPAIR_MR_1R_ASYMMETRIC_V1,XRP,XRPUSDT,strategy-lab-v1.0.0:REPAIR_MR_1R_ASYMMETRIC_V1,1784620800000,2026-07-21T08:00:00+00:00,1.1353,1.1371,1.132,1.1326,71.75398633257414,1.116485,1.0933824222217494,1.0945935,0.0068714285714285605,0.006066950884185555,75.17899761336487,1.5000000000000162,False,RSI_NOT_BELOW_35|CLOSE_NOT_NEAR_OR_BELOW_LOWER_BB|RSI_RECOVERY_NOT_CONFIRMED
2026-07-22T11:29:02.911464+00:00,REPAIR_MR_1R_ASYMMETRIC_V1,XRP,XRPUSDT,strategy-lab-v1.0.0:REPAIR_MR_1R_ASYMMETRIC_V1,1784624400000,2026-07-21T09:00:00+00:00,1.1324,1.1359,1.1302,1.1344,71.29629629629632,1.1187,1.0977462413872803,1.0948645000000001,0.006764285714285699,0.005962875277050157,71.75398633257414,1.4999999999999836,False,RSI_NOT_BELOW_35|CLOSE_NOT_NEAR_OR_BELOW_LOWER_BB|RSI_RECOVERY_NOT_CONFIRMED
2026-07-22T11:29:02.911464+00:00,REPAIR_MR_1R_ASYMMETRIC_V1,XRP,XRPUSDT,strategy-lab-v1.0.0:REPAIR_MR_1R_ASYMMETRIC_V1,1784628000000,2026-07-21T10:00:00+00:00,1.1343,1.1348,1.1289,1.1307,68.59688195991087,1.120615,1.1028708995719665,1.0951220000000002,0.006878571428571401,0.006083462835917043,71.29629629629632,1.5000000000000162,False,RSI_NOT_BELOW_35|CLOSE_NOT_NEAR_OR_BELOW_LOWER_BB|RSI_RECOVERY_NOT_CONFIRMED
2026-07-22T11:29:02.911464+00:00,REPAIR_MR_1R_ASYMMETRIC_V1,XRP,XRPUSDT,strategy-lab-v1.0.0:REPAIR_MR_1R_ASYMMETRIC_V1,1784631600000,2026-07-21T11:00:00+00:00,1.1306,1.1364,1.1289,1.1357,71.45748987854245,1.12181,1.1033950169698654,1.0954419999999998,0.007099999999999963,0.006251650964163039,68.59688195991087,1.5,False,RSI_NOT_BELOW_35|CLOSE_NOT_NEAR_OR_BELOW_LOWER_BB
2026-07-22T11:29:02.911464+00:00,REPAIR_MR_1R_ASYMMETRIC_V1,XRP,XRPUSDT,strategy-lab-v1.0.0:REPAIR_MR_1R_ASYMMETRIC_V1,1784635200000,2026-07-21T12:00:00+00:00,1.1357,1.141,1.1333,1.141,82.3529411764707,1.12319,1.1034162901811482,1.095787,0.007121428571428533,0.006241392262426409,71.45748987854245,1.4999999999999845,False,RSI_NOT_BELOW_35|CLOSE_NOT_NEAR_OR_BELOW_LOWER_BB
2026-07-22T11:29:02.911464+00:00,REPAIR_MR_1R_ASYMMETRIC_V1,XRP,XRPUSDT,strategy-lab-v1.0.0:REPAIR_MR_1R_ASYMMETRIC_V1,1784638800000,2026-07-21T13:00:00+00:00,1.141,1.1445,1.1375,1.1403,80.16877637130828,1.1244850000000002,1.1038116088896825,1.096111,0.007249999999999979,0.006357975971235621,82.3529411764707,1.5,False,RSI_NOT_BELOW_35|CLOSE_NOT_NEAR_OR_BELOW_LOWER_BB|RSI_RECOVERY_NOT_CONFIRMED
2026-07-22T11:29:02.911464+00:00,REPAIR_MR_1R_ASYMMETRIC_V1,XRP,XRPUSDT,strategy-lab-v1.0.0:REPAIR_MR_1R_ASYMMETRIC_V1,1784642400000,2026-07-21T14:00:00+00:00,1.1401,1.151,1.1388,1.1482,81.78294573643434,1.12622,1.1037768629643678,1.0964665,0.007642857142857126,0.006656381416876089,80.16877637130828,1.4999999999999856,False,RSI_NOT_BELOW_35|CLOSE_NOT_NEAR_OR_BELOW_LOWER_BB
2026-07-22T11:29:02.911464+00:00,REPAIR_MR_1R_ASYMMETRIC_V1,XRP,XRPUSDT,strategy-lab-v1.0.0:REPAIR_MR_1R_ASYMMETRIC_V1,1784646000000,2026-07-21T15:00:00+00:00,1.148,1.1562,1.1444,1.1543,86.87050359712252,1.1281349999999999,1.103118343548744,1.0968440000000002,0.00799285714285712,0.006924419252236956,81.78294573643434,1.499999999999986,False,RSI_NOT_BELOW_35|CLOSE_NOT_NEAR_OR_BELOW_LOWER_BB
2026-07-22T11:29:02.911464+00:00,REPAIR_MR_1R_ASYMMETRIC_V1,XRP,XRPUSDT,strategy-lab-v1.0.0:REPAIR_MR_1R_ASYMMETRIC_V1,1784649600000,2026-07-21T16:00:00+00:00,1.1543,1.1576,1.1479,1.1503,79.22794117647075,1.12995,1.1040472202263893,1.0972005,0.007964285714285693,0.006923659666422405,86.87050359712252,1.499999999999986,False,RSI_NOT_BELOW_35|CLOSE_NOT_NEAR_OR_BELOW_LOWER_BB|RSI_RECOVERY_NOT_CONFIRMED
2026-07-22T11:29:02.911464+00:00,REPAIR_MR_1R_ASYMMETRIC_V1,XRP,XRPUSDT,strategy-lab-v1.0.0:REPAIR_MR_1R_ASYMMETRIC_V1,1784653200000,2026-07-21T17:00:00+00:00,1.1503,1.1609,1.1478,1.157,79.78533094812182,1.132075,1.1046616547097916,1.0975965,0.00842857142857142,0.007284849981479188,79.22794117647075,1.5,False,RSI_NOT_BELOW_35|CLOSE_NOT_NEAR_OR_BELOW_LOWER_BB
2026-07-22T11:29:02.911464+00:00,REPAIR_MR_1R_ASYMMETRIC_V1,XRP,XRPUSDT,strategy-lab-v1.0.0:REPAIR_MR_1R_ASYMMETRIC_V1,1784656800000,2026-07-21T18:00:00+00:00,1.1572,1.1636,1.1524,1.1576,79.18968692449373,1.1345,1.1070645484819333,1.0979990000000002,0.008749999999999989,0.0075587422252937015,79.78533094812182,1.5,False,RSI_NOT_BELOW_35|CLOSE_NOT_NEAR_OR_BELOW_LOWER_BB|RSI_RECOVERY_NOT_CONFIRMED
2026-07-22T11:29:02.911464+00:00,REPAIR_MR_1R_ASYMMETRIC_V1,XRP,XRPUSDT,strategy-lab-v1.0.0:REPAIR_MR_1R_ASYMMETRIC_V1,1784660400000,2026-07-21T19:00:00+00:00,1.1576,1.1641,1.1524,1.1563,75.29411764705912,1.13673,1.109824751441397,1.098398,0.008685714285714265,0.007511644284108159,79.18968692449373,1.4999999999999871,False,RSI_NOT_BELOW_35|CLOSE_NOT_NEAR_OR_BELOW_LOWER_BB|RSI_RECOVERY_NOT_CONFIRMED
2026-07-22T11:29:02.911464+00:00,REPAIR_MR_1R_ASYMMETRIC_V1,XRP,XRPUSDT,strategy-lab-v1.0.0:REPAIR_MR_1R_ASYMMETRIC_V1,1784664000000,2026-07-21T20:00:00+00:00,1.1567,1.1571,1.1478,1.1483,63.27985739750468,1.1383750000000001,1.1129025148444402,1.098775,0.00878571428571427,0.007651061818091325,75.29411764705912,1.5,False,RSI_NOT_BELOW_35|CLOSE_NOT_NEAR_OR_BELOW_LOWER_BB|RSI_RECOVERY_NOT_CONFIRMED
2026-07-22T11:29:02.911464+00:00,REPAIR_MR_1R_ASYMMETRIC_V1,XRP,XRPUSDT,strategy-lab-v1.0.0:REPAIR_MR_1R_ASYMMETRIC_V1,1784667600000,2026-07-21T21:00:00+00:00,1.148,1.1483,1.1446,1.1461,59.43060498220639,1.140015,1.117117989278069,1.0991665,0.008685714285714281,0.007578496017550198,63.27985739750468,1.4999999999999871,False,RSI_NOT_BELOW_35|CLOSE_NOT_NEAR_OR_BELOW_LOWER_BB|RSI_RECOVERY_NOT_CONFIRMED
2026-07-22T11:29:02.911464+00:00,REPAIR_MR_1R_ASYMMETRIC_V1,XRP,XRPUSDT,strategy-lab-v1.0.0:REPAIR_MR_1R_ASYMMETRIC_V1,1784671200000,2026-07-21T22:00:00+00:00,1.1461,1.1463,1.1389,1.1413,57.48709122203094,1.141155,1.1204952347544743,1.0994915,0.008849999999999993,0.007754315254534298,59.43060498220639,1.5000000000000124,False,RSI_NOT_BELOW_35|CLOSE_NOT_NEAR_OR_BELOW_LOWER_BB|RSI_RECOVERY_NOT_CONFIRMED
2026-07-22T11:29:02.911464+00:00,REPAIR_MR_1R_ASYMMETRIC_V1,XRP,XRPUSDT,strategy-lab-v1.0.0:REPAIR_MR_1R_ASYMMETRIC_V1,1784674800000,2026-07-21T23:00:00+00:00,1.1413,1.1432,1.1374,1.1432,57.56013745704463,1.1421299999999999,1.1230794252055158,1.0998495,0.008857142857142866,0.0077476756972908204,57.48709122203094,1.5,False,RSI_NOT_BELOW_35|CLOSE_NOT_NEAR_OR_BELOW_LOWER_BB
2026-07-22T11:29:02.911464+00:00,REPAIR_MR_1R_ASYMMETRIC_V1,XRP,XRPUSDT,strategy-lab-v1.0.0:REPAIR_MR_1R_ASYMMETRIC_V1,1784678400000,2026-07-22T00:00:00+00:00,1.1433,1.1471,1.1417,1.1449,62.633451957295414,1.1430799999999999,1.1255253311053657,1.1002365,0.008821428571428582,0.007704977352981555,57.56013745704463,1.5000000000000127,False,RSI_NOT_BELOW_35|CLOSE_NOT_NEAR_OR_BELOW_LOWER_BB
2026-07-22T11:29:02.911464+00:00,REPAIR_MR_1R_ASYMMETRIC_V1,XRP,XRPUSDT,strategy-lab-v1.0.0:REPAIR_MR_1R_ASYMMETRIC_V1,1784682000000,2026-07-22T01:00:00+00:00,1.1451,1.1457,1.1412,1.1436,57.52380952380954,1.143735,1.1271563058415255,1.1006645,0.00860714285714286,0.007526357867386202,62.633451957295414,1.4999999999999871,False,RSI_NOT_BELOW_35|CLOSE_NOT_NEAR_OR_BELOW_LOWER_BB|RSI_RECOVERY_NOT_CONFIRMED
2026-07-22T11:29:02.911464+00:00,REPAIR_MR_1R_ASYMMETRIC_V1,XRP,XRPUSDT,strategy-lab-v1.0.0:REPAIR_MR_1R_ASYMMETRIC_V1,1784685600000,2026-07-22T02:00:00+00:00,1.1437,1.1456,1.1402,1.1408,49.800000000000026,1.1441050000000001,1.128146745082866,1.101066,0.008442857142857132,0.007400821478661581,57.52380952380954,1.5,False,RSI_NOT_BELOW_35|CLOSE_NOT_NEAR_OR_BELOW_LOWER_BB|RSI_RECOVERY_NOT_CONFIRMED
2026-07-22T11:29:02.911464+00:00,REPAIR_MR_1R_ASYMMETRIC_V1,XRP,XRPUSDT,strategy-lab-v1.0.0:REPAIR_MR_1R_ASYMMETRIC_V1,1784689200000,2026-07-22T03:00:00+00:00,1.1406,1.1412,1.1377,1.1383,48.06949806949806,1.1442450000000002,1.1285441114901025,1.1014270000000002,0.008192857142857128,0.007197449831201904,49.800000000000026,1.5000000000000135,False,RSI_NOT_BELOW_35|CLOSE_NOT_NEAR_OR_BELOW_LOWER_BB|RSI_RECOVERY_NOT_CONFIRMED
2026-07-22T11:29:02.911464+00:00,REPAIR_MR_1R_ASYMMETRIC_V1,XRP,XRPUSDT,strategy-lab-v1.0.0:REPAIR_MR_1R_ASYMMETRIC_V1,1784692800000,2026-07-22T04:00:00+00:00,1.1382,1.1415,1.1377,1.1414,42.76595744680832,1.1446850000000002,1.129844477771984,1.1018275,0.007592857142857131,0.006652231595283977,48.06949806949806,1.5000000000000147,False,RSI_NOT_BELOW_35|CLOSE_NOT_NEAR_OR_BELOW_LOWER_BB|RSI_RECOVERY_NOT_CONFIRMED
2026-07-22T11:29:02.911464+00:00,REPAIR_MR_1R_ASYMMETRIC_V1,XRP,XRPUSDT,strategy-lab-v1.0.0:REPAIR_MR_1R_ASYMMETRIC_V1,1784696400000,2026-07-22T05:00:00+00:00,1.1412,1.1416,1.1324,1.1328,28.28282828282805,1.144605,1.1295281999416242,1.1021995000000002,0.00740714285714285,0.006538791364003222,42.76595744680832,1.499999999999985,False,CLOSE_NOT_NEAR_OR_BELOW_LOWER_BB|RSI_RECOVERY_NOT_CONFIRMED
2026-07-22T11:29:02.911464+00:00,REPAIR_MR_1R_ASYMMETRIC_V1,XRP,XRPUSDT,strategy-lab-v1.0.0:REPAIR_MR_1R_ASYMMETRIC_V1,1784700000000,2026-07-22T06:00:00+00:00,1.133,1.1336,1.1288,1.1316,29.978586723768444,1.14465,1.129734974019458,1.1025705000000001,0.007057142857142841,0.006236428823915554,28.28282828282805,1.4999999999999842,False,CLOSE_NOT_NEAR_OR_BELOW_LOWER_BB|RSI_RECOVERY_NOT_CONFIRMED
2026-07-22T11:29:02.911464+00:00,REPAIR_MR_1R_ASYMMETRIC_V1,XRP,XRPUSDT,strategy-lab-v1.0.0:REPAIR_MR_1R_ASYMMETRIC_V1,1784703600000,2026-07-22T07:00:00+00:00,1.1316,1.1332,1.1278,1.1303,17.67554479418868,1.14438,1.1286532584430136,1.102891,0.006507142857142838,0.005757005093464424,29.978586723768444,1.500000000000017,False,CLOSE_NOT_NEAR_OR_BELOW_LOWER_BB|RSI_RECOVERY_NOT_CONFIRMED
2026-07-22T11:29:02.911464+00:00,REPAIR_MR_1R_ASYMMETRIC_V1,XRP,XRPUSDT,strategy-lab-v1.0.0:REPAIR_MR_1R_ASYMMETRIC_V1,1784707200000,2026-07-22T08:00:00+00:00,1.1302,1.1353,1.1301,1.1342,23.766816143497763,1.14404,1.1277516728912929,1.1032215,0.00607857142857141,0.00535934705393353,17.67554479418868,1.4999999999999818,False,CLOSE_NOT_NEAR_OR_BELOW_LOWER_BB
2026-07-22T11:29:02.911464+00:00,REPAIR_MR_1R_ASYMMETRIC_V1,XRP,XRPUSDT,strategy-lab-v1.0.0:REPAIR_MR_1R_ASYMMETRIC_V1,1784710800000,2026-07-22T09:00:00+00:00,1.134,1.1359,1.1316,1.1345,24.999999999999872,1.14375,1.1270055083684145,1.1035735,0.005549999999999992,0.004892022917584831,23.766816143497763,1.5,False,CLOSE_NOT_NEAR_OR_BELOW_LOWER_BB
2026-07-22T11:29:02.911464+00:00,REPAIR_MR_1R_ASYMMETRIC_V1,XRP,XRPUSDT,strategy-lab-v1.0.0:REPAIR_MR_1R_ASYMMETRIC_V1,1784714400000,2026-07-22T10:00:00+00:00,1.1345,1.1388,1.1336,1.1382,37.15012722646307,1.1432499999999999,1.1264697139476039,1.1039405,0.005257142857142849,0.004618821698421058,24.999999999999872,1.5,False,RSI_NOT_BELOW_35|CLOSE_NOT_NEAR_OR_BELOW_LOWER_BB
2026-07-22T11:29:02.911464+00:00,REPAIR_MR_1R_ASYMMETRIC_V1,XRP,XRPUSDT,strategy-lab-v1.0.0:REPAIR_MR_1R_ASYMMETRIC_V1,1784718000000,2026-07-22T11:00:00+00:00,1.1382,1.1398,1.1366,1.1393,41.099476439790585,1.1425,1.1264367500175017,1.104311,0.005221428571428551,0.0045830146330453365,37.15012722646307,1.5000000000000213,False,RSI_NOT_BELOW_35|CLOSE_NOT_NEAR_OR_BELOW_LOWER_BB
2026-07-22T11:29:02.911464+00:00,REPAIR_MR_1R_ASYMMETRIC_V1,DOGE,DOGEUSDT,strategy-lab-v1.0.0:REPAIR_MR_1R_ASYMMETRIC_V1,1784502000000,2026-07-19T23:00:00+00:00,0.0722,0.07241,0.072,0.0723,46.81818181818177,0.07234399999999999,0.07201382428920275,0.07291394999999999,0.0003950000000000005,0.0054633471645919845,41.2280701754385,1.5,False,RSI_NOT_BELOW_35|CLOSE_NOT_NEAR_OR_BELOW_LOWER_BB|CLOSE_NOT_ABOVE_MA200
2026-07-22T11:29:02.911464+00:00,REPAIR_MR_1R_ASYMMETRIC_V1,DOGE,DOGEUSDT,strategy-lab-v1.0.0:REPAIR_MR_1R_ASYMMETRIC_V1,1784505600000,2026-07-20T00:00:00+00:00,0.07234,0.07304,0.07218,0.07243,46.81818181818177,0.0723495,0.07201744729333966,0.07290125,0.0004271428571428571,0.005897319579495473,46.81818181818177,1.4999999999999838,False,RSI_NOT_BELOW_35|CLOSE_NOT_NEAR_OR_BELOW_LOWER_BB|CLOSE_NOT_ABOVE_MA200|RSI_RECOVERY_NOT_CONFIRMED
2026-07-22T11:29:02.911464+00:00,REPAIR_MR_1R_ASYMMETRIC_V1,DOGE,DOGEUSDT,strategy-lab-v1.0.0:REPAIR_MR_1R_ASYMMETRIC_V1,1784509200000,2026-07-20T01:00:00+00:00,0.07244,0.07309,0.07217,0.07226,45.175438596491226,0.072348,0.07201461733698276,0.07288739999999999,0.0004750000000000002,0.00657348463880432,46.81818181818177,1.5,False,RSI_NOT_BELOW_35|CLOSE_NOT_NEAR_OR_BELOW_LOWER_BB|CLOSE_NOT_ABOVE_MA200|RSI_RECOVERY_NOT_CONFIRMED
2026-07-22T11:29:02.911464+00:00,REPAIR_MR_1R_ASYMMETRIC_V1,DOGE,DOGEUSDT,strategy-lab-v1.0.0:REPAIR_MR_1R_ASYMMETRIC_V1,1784512800000,2026-07-20T02:00:00+00:00,0.07228,0.07278,0.07226,0.07266,55.2123552123554,0.07235950000000001,0.07200069782609292,0.0728749,0.0004900000000000003,0.006743737957610794,45.175438596491226,1.4999999999999858,False,RSI_NOT_BELOW_35|CLOSE_NOT_NEAR_OR_BELOW_LOWER_BB|CLOSE_NOT_ABOVE_MA200
2026-07-22T11:29:02.911464+00:00,REPAIR_MR_1R_ASYMMETRIC_V1,DOGE,DOGEUSDT,strategy-lab-v1.0.0:REPAIR_MR_1R_ASYMMETRIC_V1,1784516400000,2026-07-20T03:00:00+00:00,0.07266,0.07289,0.0725,0.07266,55.4263565891474,0.0723715,0.07199006717498302,0.07286165,0.0004950000000000004,0.006812551610239477,55.2123552123554,1.5,False,RSI_NOT_BELOW_35|CLOSE_NOT_NEAR_OR_BELOW_LOWER_BB|CLOSE_NOT_ABOVE_MA200
2026-07-22T11:29:02.911464+00:00,REPAIR_MR_1R_ASYMMETRIC_V1,DOGE,DOGEUSDT,strategy-lab-v1.0.0:REPAIR_MR_1R_ASYMMETRIC_V1,1784520000000,2026-07-20T04:00:00+00:00,0.07267,0.07271,0.07226,0.07227,44.80286738351252,0.07235450000000002,0.07198705068376653,0.07284734999999999,0.0004957142857142859,0.0068591986400205595,55.4263565891474,1.500000000000014,False,RSI_NOT_BELOW_35|CLOSE_NOT_NEAR_OR_BELOW_LOWER_BB|CLOSE_NOT_ABOVE_MA200|RSI_RECOVERY_NOT_CONFIRMED
2026-07-22T11:29:02.911464+00:00,REPAIR_MR_1R_ASYMMETRIC_V1,DOGE,DOGEUSDT,strategy-lab-v1.0.0:REPAIR_MR_1R_ASYMMETRIC_V1,1784523600000,2026-07-20T05:00:00+00:00,0.07227,0.07229,0.07142,0.07167,38.46153846153836,0.072316,0.07184553639885695,0.07283,0.000538571428571429,0.007514600649803669,44.80286738351252,1.5000000000000129,False,RSI_NOT_BELOW_35|CLOSE_NOT_ABOVE_MA200|RSI_RECOVERY_NOT_CONFIRMED
2026-07-22T11:29:02.911464+00:00,REPAIR_MR_1R_ASYMMETRIC_V1,DOGE,DOGEUSDT,strategy-lab-v1.0.0:REPAIR_MR_1R_ASYMMETRIC_V1,1784527200000,2026-07-20T06:00:00+00:00,0.07165,0.07174,0.07103,0.07128,36.02305475504314,0.0722515,0.07161396490292646,0.0728135,0.0005728571428571429,0.008036716370049704,38.46153846153836,1.4999999999999878,False,RSI_NOT_BELOW_35|CLOSE_NOT_ABOVE_MA200|RSI_RECOVERY_NOT_CONFIRMED
2026-07-22T11:29:02.911464+00:00,REPAIR_MR_1R_ASYMMETRIC_V1,DOGE,DOGEUSDT,strategy-lab-v1.0.0:REPAIR_MR_1R_ASYMMETRIC_V1,1784530800000,2026-07-20T07:00:00+00:00,0.07129,0.07181,0.07126,0.07179,44.783715012722716,0.072217,0.07155833164642547,0.07280655,0.0005692857142857137,0.007929874833343275,36.02305475504314,1.5,False,RSI_NOT_BELOW_35|CLOSE_NOT_NEAR_OR_BELOW_LOWER_BB|CLOSE_NOT_ABOVE_MA200
2026-07-22T11:29:02.911464+00:00,REPAIR_MR_1R_ASYMMETRIC_V1,DOGE,DOGEUSDT,strategy-lab-v1.0.0:REPAIR_MR_1R_ASYMMETRIC_V1,1784534400000,2026-07-20T08:00:00+00:00,0.07178,0.07193,0.07147,0.07174,46.43799472295506,0.0721845,0.07149956277659875,0.0728023,0.0005628571428571417,0.007845792345374154,44.783715012722716,1.5,False,RSI_NOT_BELOW_35|CLOSE_NOT_NEAR_OR_BELOW_LOWER_BB|CLOSE_NOT_ABOVE_MA200|RSI_RECOVERY_NOT_CONFIRMED
2026-07-22T11:29:02.911464+00:00,REPAIR_MR_1R_ASYMMETRIC_V1,DOGE,DOGEUSDT,strategy-lab-v1.0.0:REPAIR_MR_1R_ASYMMETRIC_V1,1784538000000,2026-07-20T09:00:00+00:00,0.07174,0.07207,0.07167,0.07198,46.15384615384618,0.0721645,0.07148020547276729,0.07279575,0.0005664285714285699,0.007869249394673103,46.43799472295506,1.5000000000000122,False,RSI_NOT_BELOW_35|CLOSE_NOT_NEAR_OR_BELOW_LOWER_BB|CLOSE_NOT_ABOVE_MA200|RSI_RECOVERY_NOT_CONFIRMED
2026-07-22T11:29:02.911464+00:00,REPAIR_MR_1R_ASYMMETRIC_V1,DOGE,DOGEUSDT,strategy-lab-v1.0.0:REPAIR_MR_1R_ASYMMETRIC_V1,1784541600000,2026-07-20T10:00:00+00:00,0.07196,0.07224,0.07192,0.07213,46.71916010498688,0.07214299999999998,0.07148317881210081,0.0727906,0.0005771428571428554,0.00800142599671226,46.15384615384618,1.5,False,RSI_NOT_BELOW_35|CLOSE_NOT_NEAR_OR_BELOW_LOWER_BB|CLOSE_NOT_ABOVE_MA200
2026-07-22T11:29:02.911464+00:00,REPAIR_MR_1R_ASYMMETRIC_V1,DOGE,DOGEUSDT,strategy-lab-v1.0.0:REPAIR_MR_1R_ASYMMETRIC_V1,1784545200000,2026-07-20T11:00:00+00:00,0.07214,0.07289,0.07208,0.07279,60.39603960396031,0.0721615,0.07145271865148649,0.0727877,0.0005957142857142837,0.00818401271760247,46.71916010498688,1.5,False,RSI_NOT_BELOW_35|CLOSE_NOT_NEAR_OR_BELOW_LOWER_BB
2026-07-22T11:29:02.911464+00:00,REPAIR_MR_1R_ASYMMETRIC_V1,DOGE,DOGEUSDT,strategy-lab-v1.0.0:REPAIR_MR_1R_ASYMMETRIC_V1,1784548800000,2026-07-20T12:00:00+00:00,0.07279,0.07282,0.07243,0.07248,53.3007334963326,0.072173,0.07145149878724937,0.07278464999999999,0.0005757142857142836,0.007943077893408989,60.39603960396031,1.500000000000012,False,RSI_NOT_BELOW_35|CLOSE_NOT_NEAR_OR_BELOW_LOWER_BB|CLOSE_NOT_ABOVE_MA200|RSI_RECOVERY_NOT_CONFIRMED
2026-07-22T11:29:02.911464+00:00,REPAIR_MR_1R_ASYMMETRIC_V1,DOGE,DOGEUSDT,strategy-lab-v1.0.0:REPAIR_MR_1R_ASYMMETRIC_V1,1784552400000,2026-07-20T13:00:00+00:00,0.07249,0.07269,0.07187,0.07198,46.444444444444436,0.072162,0.07143578790976696,0.0727791,0.0006049999999999974,0.008405112531258646,53.3007334963326,1.5,False,RSI_NOT_BELOW_35|CLOSE_NOT_NEAR_OR_BELOW_LOWER_BB|CLOSE_NOT_ABOVE_MA200|RSI_RECOVERY_NOT_CONFIRMED
2026-07-22T11:29:02.911464+00:00,REPAIR_MR_1R_ASYMMETRIC_V1,DOGE,DOGEUSDT,strategy-lab-v1.0.0:REPAIR_MR_1R_ASYMMETRIC_V1,1784556000000,2026-07-20T14:00:00+00:00,0.07198,0.07248,0.07173,0.07231,48.7234042553192,0.072177,0.07145157322905711,0.0727765,0.0005971428571428546,0.008258095106387147,46.444444444444436,1.5,False,RSI_NOT_BELOW_35|CLOSE_NOT_NEAR_OR_BELOW_LOWER_BB|CLOSE_NOT_ABOVE_MA200
2026-07-22T11:29:02.911464+00:00,REPAIR_MR_1R_ASYMMETRIC_V1,DOGE,DOGEUSDT,strategy-lab-v1.0.0:REPAIR_MR_1R_ASYMMETRIC_V1,1784559600000,2026-07-20T15:00:00+00:00,0.07232,0.07343,0.07228,0.0733,59.42028985507244,0.0722285,0.07135321090490024,0.07277875,0.0006135714285714257,0.008370687975053555,48.7234042553192,1.4999999999999887,False,RSI_NOT_BELOW_35|CLOSE_NOT_NEAR_OR_BELOW_LOWER_BB
2026-07-22T11:29:02.911464+00:00,REPAIR_MR_1R_ASYMMETRIC_V1,DOGE,DOGEUSDT,strategy-lab-v1.0.0:REPAIR_MR_1R_ASYMMETRIC_V1,1784563200000,2026-07-20T16:00:00+00:00,0.07331,0.07353,0.07293,0.07319,55.06692160611856,0.072269,0.0712995279787428,0.07277979999999999,0.0006192857142857121,0.008461343274842357,59.42028985507244,1.5,False,RSI_NOT_BELOW_35|CLOSE_NOT_NEAR_OR_BELOW_LOWER_BB|RSI_RECOVERY_NOT_CONFIRMED
2026-07-22T11:29:02.911464+00:00,REPAIR_MR_1R_ASYMMETRIC_V1,DOGE,DOGEUSDT,strategy-lab-v1.0.0:REPAIR_MR_1R_ASYMMETRIC_V1,1784566800000,2026-07-20T17:00:00+00:00,0.0732,0.07324,0.07276,0.07306,53.73134328358205,0.0723245,0.07130845915436414,0.07278045,0.000625714285714283,0.008564389347307461,55.06692160611856,1.5,False,RSI_NOT_BELOW_35|CLOSE_NOT_NEAR_OR_BELOW_LOWER_BB|RSI_RECOVERY_NOT_CONFIRMED
2026-07-22T11:29:02.911464+00:00,REPAIR_MR_1R_ASYMMETRIC_V1,DOGE,DOGEUSDT,strategy-lab-v1.0.0:REPAIR_MR_1R_ASYMMETRIC_V1,1784570400000,2026-07-20T18:00:00+00:00,0.07304,0.07323,0.07231,0.07238,50.97345132743362,0.07233300000000001,0.07131808916647794,0.0727776,0.0006592857142857124,0.009108672482532639,53.73134328358205,1.4999999999999896,False,RSI_NOT_BELOW_35|CLOSE_NOT_NEAR_OR_BELOW_LOWER_BB|CLOSE_NOT_ABOVE_MA200|RSI_RECOVERY_NOT_CONFIRMED
2026-07-22T11:29:02.911464+00:00,REPAIR_MR_1R_ASYMMETRIC_V1,DOGE,DOGEUSDT,strategy-lab-v1.0.0:REPAIR_MR_1R_ASYMMETRIC_V1,1784574000000,2026-07-20T19:00:00+00:00,0.07236,0.07241,0.07141,0.07207,53.73134328358205,0.07232150000000001,0.07130016215188095,0.0727719,0.0006685714285714271,0.00927669527641775,50.97345132743362,1.4999999999999896,False,RSI_NOT_BELOW_35|CLOSE_NOT_NEAR_OR_BELOW_LOWER_BB|CLOSE_NOT_ABOVE_MA200|RSI_RECOVERY_NOT_CONFIRMED
2026-07-22T11:29:02.911464+00:00,REPAIR_MR_1R_ASYMMETRIC_V1,DOGE,DOGEUSDT,strategy-lab-v1.0.0:REPAIR_MR_1R_ASYMMETRIC_V1,1784577600000,2026-07-20T20:00:00+00:00,0.0721,0.07232,0.0719,0.07212,58.366533864541864,0.07230600000000001,0.07128231254769805,0.0727658,0.0006478571428571405,0.008983044132794516,53.73134328358205,1.5,False,RSI_NOT_BELOW_35|CLOSE_NOT_NEAR_OR_BELOW_LOWER_BB|CLOSE_NOT_ABOVE_MA200
2026-07-22T11:29:02.911464+00:00,REPAIR_MR_1R_ASYMMETRIC_V1,DOGE,DOGEUSDT,strategy-lab-v1.0.0:REPAIR_MR_1R_ASYMMETRIC_V1,1784581200000,2026-07-20T21:00:00+00:00,0.07211,0.07229,0.07204,0.07205,52.83842794759821,0.0722955,0.07126585005948599,0.0727599,0.0006264285714285685,0.008694359076038424,58.366533864541864,1.499999999999989,False,RSI_NOT_BELOW_35|CLOSE_NOT_NEAR_OR_BELOW_LOWER_BB|CLOSE_NOT_ABOVE_MA200|RSI_RECOVERY_NOT_CONFIRMED
2026-07-22T11:29:02.911464+00:00,REPAIR_MR_1R_ASYMMETRIC_V1,DOGE,DOGEUSDT,strategy-lab-v1.0.0:REPAIR_MR_1R_ASYMMETRIC_V1,1784584800000,2026-07-20T22:00:00+00:00,0.07204,0.07204,0.07164,0.07175,50.103519668737015,0.07225,0.0712084434724891,0.07275024999999999,0.0006228571428571413,0.008680935788949705,52.83842794759821,1.5,False,RSI_NOT_BELOW_35|CLOSE_NOT_NEAR_OR_BELOW_LOWER_BB|CLOSE_NOT_ABOVE_MA200|RSI_RECOVERY_NOT_CONFIRMED
2026-07-22T11:29:02.911464+00:00,REPAIR_MR_1R_ASYMMETRIC_V1,DOGE,DOGEUSDT,strategy-lab-v1.0.0:REPAIR_MR_1R_ASYMMETRIC_V1,1784588400000,2026-07-20T23:00:00+00:00,0.07175,0.07218,0.07169,0.07204,50.6147540983607,0.072219,0.07119128603201057,0.0727421,0.0006292857142857122,0.00873522646148962,50.103519668737015,1.500000000000011,False,RSI_NOT_BELOW_35|CLOSE_NOT_NEAR_OR_BELOW_LOWER_BB|CLOSE_NOT_ABOVE_MA200
2026-07-22T11:29:02.911464+00:00,REPAIR_MR_1R_ASYMMETRIC_V1,DOGE,DOGEUSDT,strategy-lab-v1.0.0:REPAIR_MR_1R_ASYMMETRIC_V1,1784592000000,2026-07-21T00:00:00+00:00,0.07207,0.07235,0.07185,0.07226,51.31313131313135,0.07221849999999999,0.07119087604154019,0.07273550000000001,0.000642142857142855,0.00888656043651889,50.6147540983607,1.5000000000000109,False,RSI_NOT_BELOW_35|CLOSE_NOT_NEAR_OR_BELOW_LOWER_BB|CLOSE_NOT_ABOVE_MA200
2026-07-22T11:29:02.911464+00:00,REPAIR_MR_1R_ASYMMETRIC_V1,DOGE,DOGEUSDT,strategy-lab-v1.0.0:REPAIR_MR_1R_ASYMMETRIC_V1,1784595600000,2026-07-21T01:00:00+00:00,0.07224,0.0724,0.07214,0.0722,43.21839080459783,0.072245,0.07124845597187052,0.07272964999999999,0.0006028571428571421,0.008349821923229115,51.31313131313135,1.4999999999999885,False,RSI_NOT_BELOW_35|CLOSE_NOT_NEAR_OR_BELOW_LOWER_BB|CLOSE_NOT_ABOVE_MA200|RSI_RECOVERY_NOT_CONFIRMED
2026-07-22T11:29:02.911464+00:00,REPAIR_MR_1R_ASYMMETRIC_V1,DOGE,DOGEUSDT,strategy-lab-v1.0.0:REPAIR_MR_1R_ASYMMETRIC_V1,1784599200000,2026-07-21T02:00:00+00:00,0.07222,0.07256,0.07207,0.07246,49.76744186046504,0.07230400000000001,0.07140835721406329,0.07272384999999999,0.0006099999999999994,0.008418437758763449,43.21839080459783,1.5,False,RSI_NOT_BELOW_35|CLOSE_NOT_NEAR_OR_BELOW_LOWER_BB|CLOSE_NOT_ABOVE_MA200
2026-07-22T11:29:02.911464+00:00,REPAIR_MR_1R_ASYMMETRIC_V1,DOGE,DOGEUSDT,strategy-lab-v1.0.0:REPAIR_MR_1R_ASYMMETRIC_V1,1784602800000,2026-07-21T03:00:00+00:00,0.07247,0.07279,0.07246,0.07275,59.413202933985154,0.072352,0.071468878264337,0.07271949999999999,0.0005749999999999991,0.007903780068728512,49.76744186046504,1.499999999999988,False,RSI_NOT_BELOW_35|CLOSE_NOT_NEAR_OR_BELOW_LOWER_BB
2026-07-22T11:29:02.911464+00:00,REPAIR_MR_1R_ASYMMETRIC_V1,DOGE,DOGEUSDT,strategy-lab-v1.0.0:REPAIR_MR_1R_ASYMMETRIC_V1,1784606400000,2026-07-21T04:00:00+00:00,0.07276,0.07282,0.07249,0.07265,54.404145077720266,0.0723975,0.07155223376975041,0.07271585,0.0005449999999999988,0.00750172057811423,59.413202933985154,1.4999999999999873,False,RSI_NOT_BELOW_35|CLOSE_NOT_NEAR_OR_BELOW_LOWER_BB|CLOSE_NOT_ABOVE_MA200|RSI_RECOVERY_NOT_CONFIRMED
2026-07-22T11:29:02.911464+00:00,REPAIR_MR_1R_ASYMMETRIC_V1,DOGE,DOGEUSDT,strategy-lab-v1.0.0:REPAIR_MR_1R_ASYMMETRIC_V1,1784610000000,2026-07-21T05:00:00+00:00,0.07264,0.07306,0.07264,0.07292,43.94904458598721,0.0724445,0.07159280815431852,0.0727159,0.0004928571428571421,0.006758874696340402,54.404145077720266,1.500000000000014,False,RSI_NOT_BELOW_35|CLOSE_NOT_NEAR_OR_BELOW_LOWER_BB|RSI_RECOVERY_NOT_CONFIRMED
2026-07-22T11:29:02.911464+00:00,REPAIR_MR_1R_ASYMMETRIC_V1,DOGE,DOGEUSDT,strategy-lab-v1.0.0:REPAIR_MR_1R_ASYMMETRIC_V1,1784613600000,2026-07-21T06:00:00+00:00,0.07293,0.07318,0.07277,0.07307,48.11320754716968,0.07249150000000001,0.0716111529093589,0.0727179,0.00047928571428571286,0.006559268020880154,43.94904458598721,1.5,False,RSI_NOT_BELOW_35|CLOSE_NOT_NEAR_OR_BELOW_LOWER_BB
2026-07-22T11:29:02.911464+00:00,REPAIR_MR_1R_ASYMMETRIC_V1,DOGE,DOGEUSDT,strategy-lab-v1.0.0:REPAIR_MR_1R_ASYMMETRIC_V1,1784617200000,2026-07-21T07:00:00+00:00,0.07306,0.07329,0.07292,0.07327,53.23076923076924,0.0725155,0.07157949839743714,0.07272085,0.00047142857142857007,0.006434128175632183,48.11320754716968,1.5,False,RSI_NOT_BELOW_35|CLOSE_NOT_NEAR_OR_BELOW_LOWER_BB
2026-07-22T11:29:02.911464+00:00,REPAIR_MR_1R_ASYMMETRIC_V1,DOGE,DOGEUSDT,strategy-lab-v1.0.0:REPAIR_MR_1R_ASYMMETRIC_V1,1784620800000,2026-07-21T08:00:00+00:00,0.07325,0.07376,0.07324,0.07347,69.6750902527074,0.072565,0.07154115430850144,0.07272125,0.00044285714285714165,0.006027727546714872,53.23076923076924,1.5000000000000158,False,RSI_NOT_BELOW_35|CLOSE_NOT_NEAR_OR_BELOW_LOWER_BB
2026-07-22T11:29:02.911464+00:00,REPAIR_MR_1R_ASYMMETRIC_V1,DOGE,DOGEUSDT,strategy-lab-v1.0.0:REPAIR_MR_1R_ASYMMETRIC_V1,1784624400000,2026-07-21T09:00:00+00:00,0.07346,0.07354,0.07331,0.07341,76.5873015873018,0.07263649999999999,0.07158665667835619,0.07272605,0.0003878571428571412,0.005283437445268236,69.6750902527074,1.500000000000018,False,RSI_NOT_BELOW_35|CLOSE_NOT_NEAR_OR_BELOW_LOWER_BB|RSI_RECOVERY_NOT_CONFIRMED
2026-07-22T11:29:02.911464+00:00,REPAIR_MR_1R_ASYMMETRIC_V1,DOGE,DOGEUSDT,strategy-lab-v1.0.0:REPAIR_MR_1R_ASYMMETRIC_V1,1784628000000,2026-07-21T10:00:00+00:00,0.07343,0.0737,0.07322,0.07339,75.50200803212846,0.0726905,0.07160296195468847,0.0727297,0.0003921428571428568,0.005343273704085799,76.5873015873018,1.5000000000000178,False,RSI_NOT_BELOW_35|CLOSE_NOT_NEAR_OR_BELOW_LOWER_BB|RSI_RECOVERY_NOT_CONFIRMED
2026-07-22T11:29:02.911464+00:00,REPAIR_MR_1R_ASYMMETRIC_V1,DOGE,DOGEUSDT,strategy-lab-v1.0.0:REPAIR_MR_1R_ASYMMETRIC_V1,1784631600000,2026-07-21T11:00:00+00:00,0.07341,0.07369,0.07333,0.07361,79.5454545454545,0.07270599999999999,0.0715761433719272,0.0727379,0.00040000000000000056,0.005434044287460951,75.50200803212846,1.5000000000000173,False,RSI_NOT_BELOW_35|CLOSE_NOT_NEAR_OR_BELOW_LOWER_BB
2026-07-22T11:29:02.911464+00:00,REPAIR_MR_1R_ASYMMETRIC_V1,DOGE,DOGEUSDT,strategy-lab-v1.0.0:REPAIR_MR_1R_ASYMMETRIC_V1,1784635200000,2026-07-21T12:00:00+00:00,0.07362,0.07368,0.07335,0.07349,85.36585365853703,0.07272100000000001,0.07155834957962423,0.07274545,0.0003942857142857141,0.00536516144081799,79.5454545454545,1.5,False,RSI_NOT_BELOW_35|CLOSE_NOT_NEAR_OR_BELOW_LOWER_BB|RSI_RECOVERY_NOT_CONFIRMED
2026-07-22T11:29:02.911464+00:00,REPAIR_MR_1R_ASYMMETRIC_V1,DOGE,DOGEUSDT,strategy-lab-v1.0.0:REPAIR_MR_1R_ASYMMETRIC_V1,1784638800000,2026-07-21T13:00:00+00:00,0.07347,0.07356,0.07308,0.07341,80.4444444444449,0.0727385,0.0715458177288146,0.0727511,0.0003935714285714286,0.005361278144277736,85.36585365853703,1.5000000000000175,False,RSI_NOT_BELOW_35|CLOSE_NOT_NEAR_OR_BELOW_LOWER_BB|RSI_RECOVERY_NOT_CONFIRMED
2026-07-22T11:29:02.911464+00:00,REPAIR_MR_1R_ASYMMETRIC_V1,DOGE,DOGEUSDT,strategy-lab-v1.0.0:REPAIR_MR_1R_ASYMMETRIC_V1,1784642400000,2026-07-21T14:00:00+00:00,0.07341,0.07357,0.07308,0.07325,72.6027397260275,0.072782,0.07158135683902339,0.0727558,0.0003928571428571422,0.0053632374451487,80.4444444444449,1.5,False,RSI_NOT_BELOW_35|CLOSE_NOT_NEAR_OR_BELOW_LOWER_BB|RSI_RECOVERY_NOT_CONFIRMED
2026-07-22T11:29:02.911464+00:00,REPAIR_MR_1R_ASYMMETRIC_V1,DOGE,DOGEUSDT,strategy-lab-v1.0.0:REPAIR_MR_1R_ASYMMETRIC_V1,1784646000000,2026-07-21T15:00:00+00:00,0.07325,0.07345,0.07307,0.07342,76.52173913043512,0.0728495,0.07166487389864995,0.07276125,0.00040142857142857043,0.005467564307117549,72.6027397260275,1.5000000000000173,False,RSI_NOT_BELOW_35|CLOSE_NOT_NEAR_OR_BELOW_LOWER_BB
2026-07-22T11:29:02.911464+00:00,REPAIR_MR_1R_ASYMMETRIC_V1,DOGE,DOGEUSDT,strategy-lab-v1.0.0:REPAIR_MR_1R_ASYMMETRIC_V1,1784649600000,2026-07-21T16:00:00+00:00,0.07344,0.07348,0.0732,0.07336,71.42857142857162,0.07291149999999999,0.07175666191611128,0.07276555,0.0003864285714285703,0.005267565041283674,76.52173913043512,1.5,False,RSI_NOT_BELOW_35|CLOSE_NOT_NEAR_OR_BELOW_LOWER_BB|RSI_RECOVERY_NOT_CONFIRMED
2026-07-22T11:29:02.911464+00:00,REPAIR_MR_1R_ASYMMETRIC_V1,DOGE,DOGEUSDT,strategy-lab-v1.0.0:REPAIR_MR_1R_ASYMMETRIC_V1,1784653200000,2026-07-21T17:00:00+00:00,0.07335,0.07339,0.07285,0.07325,63.0208333333335,0.0729715,0.0718789200258106,0.07277020000000001,0.00040142857142857043,0.0054802535348610305,71.42857142857162,1.4999999999999827,False,RSI_NOT_BELOW_35|CLOSE_NOT_NEAR_OR_BELOW_LOWER_BB|RSI_RECOVERY_NOT_CONFIRMED
2026-07-22T11:29:02.911464+00:00,REPAIR_MR_1R_ASYMMETRIC_V1,DOGE,DOGEUSDT,strategy-lab-v1.0.0:REPAIR_MR_1R_ASYMMETRIC_V1,1784656800000,2026-07-21T18:00:00+00:00,0.07325,0.07346,0.07318,0.07343,69.49999999999984,0.07305550000000001,0.07210201219200266,0.07277645,0.00039785714285714224,0.005418182525631789,63.0208333333335,1.5,False,RSI_NOT_BELOW_35|CLOSE_NOT_NEAR_OR_BELOW_LOWER_BB
2026-07-22T11:29:02.911464+00:00,REPAIR_MR_1R_ASYMMETRIC_V1,DOGE,DOGEUSDT,strategy-lab-v1.0.0:REPAIR_MR_1R_ASYMMETRIC_V1,1784660400000,2026-07-21T19:00:00+00:00,0.07345,0.07359,0.07332,0.07348,65.73033707865179,0.0731275,0.0722800361364639,0.07278265,0.00038714285714285673,0.005268683412395982,69.49999999999984,1.5,False,RSI_NOT_BELOW_35|CLOSE_NOT_NEAR_OR_BELOW_LOWER_BB|RSI_RECOVERY_NOT_CONFIRMED
2026-07-22T11:29:02.911464+00:00,REPAIR_MR_1R_ASYMMETRIC_V1,DOGE,DOGEUSDT,strategy-lab-v1.0.0:REPAIR_MR_1R_ASYMMETRIC_V1,1784664000000,2026-07-21T20:00:00+00:00,0.0735,0.07359,0.07335,0.07349,62.80487804878058,0.07318899999999999,0.07242818727665773,0.07278975,0.00037500000000000033,0.005102735065995378,65.73033707865179,1.5000000000000184,False,RSI_NOT_BELOW_35|CLOSE_NOT_NEAR_OR_BELOW_LOWER_BB|RSI_RECOVERY_NOT_CONFIRMED
2026-07-22T11:29:02.911464+00:00,REPAIR_MR_1R_ASYMMETRIC_V1,DOGE,DOGEUSDT,strategy-lab-v1.0.0:REPAIR_MR_1R_ASYMMETRIC_V1,1784667600000,2026-07-21T21:00:00+00:00,0.07347,0.07352,0.07328,0.07336,52.86624203821633,0.07324699999999999,0.07263413459879073,0.07279635,0.00036571428571428665,0.00498520018694502,62.80487804878058,1.5000000000000189,False,RSI_NOT_BELOW_35|CLOSE_NOT_NEAR_OR_BELOW_LOWER_BB|RSI_RECOVERY_NOT_CONFIRMED
2026-07-22T11:29:02.911464+00:00,REPAIR_MR_1R_ASYMMETRIC_V1,DOGE,DOGEUSDT,strategy-lab-v1.0.0:REPAIR_MR_1R_ASYMMETRIC_V1,1784671200000,2026-07-21T22:00:00+00:00,0.07332,0.07332,0.073,0.07306,37.724550898203816,0.073277,0.07277190198970955,0.07279914999999999,0.0003542857142857147,0.00484924328340699,52.86624203821633,1.4999999999999805,False,RSI_NOT_BELOW_35|CLOSE_NOT_NEAR_OR_BELOW_LOWER_BB|RSI_RECOVERY_NOT_CONFIRMED
2026-07-22T11:29:02.911464+00:00,REPAIR_MR_1R_ASYMMETRIC_V1,DOGE,DOGEUSDT,strategy-lab-v1.0.0:REPAIR_MR_1R_ASYMMETRIC_V1,1784674800000,2026-07-21T23:00:00+00:00,0.07305,0.07335,0.07296,0.07335,48.42105263157884,0.073307,0.07286310361569467,0.07280595000000001,0.00036571428571428665,0.0049858798325056125,37.724550898203816,1.4999999999999811,False,RSI_NOT_BELOW_35|CLOSE_NOT_NEAR_OR_BELOW_LOWER_BB
2026-07-22T11:29:02.911464+00:00,REPAIR_MR_1R_ASYMMETRIC_V1,DOGE,DOGEUSDT,strategy-lab-v1.0.0:REPAIR_MR_1R_ASYMMETRIC_V1,1784678400000,2026-07-22T00:00:00+00:00,0.07335,0.07385,0.07325,0.07367,56.3636363636364,0.073358,0.07300210113796293,0.0728164,0.0003742857142857149,0.005080571661269376,48.42105263157884,1.5,False,RSI_NOT_BELOW_35|CLOSE_NOT_NEAR_OR_BELOW_LOWER_BB
2026-07-22T11:29:02.911464+00:00,REPAIR_MR_1R_ASYMMETRIC_V1,DOGE,DOGEUSDT,strategy-lab-v1.0.0:REPAIR_MR_1R_ASYMMETRIC_V1,1784682000000,2026-07-22T01:00:00+00:00,0.07368,0.07379,0.0733,0.07357,49.03846153846158,0.0733905,0.0730854442673883,0.07282985,0.00038357142857142854,0.005213693469776112,56.3636363636364,1.5,False,RSI_NOT_BELOW_35|CLOSE_NOT_NEAR_OR_BELOW_LOWER_BB|RSI_RECOVERY_NOT_CONFIRMED
2026-07-22T11:29:02.911464+00:00,REPAIR_MR_1R_ASYMMETRIC_V1,DOGE,DOGEUSDT,strategy-lab-v1.0.0:REPAIR_MR_1R_ASYMMETRIC_V1,1784685600000,2026-07-22T02:00:00+00:00,0.07358,0.0737,0.07337,0.07337,47.22222222222235,0.07340549999999998,0.07313773331051221,0.07284015,0.00038357142857142854,0.005227905527755602,49.03846153846158,1.5,False,RSI_NOT_BELOW_35|CLOSE_NOT_NEAR_OR_BELOW_LOWER_BB|RSI_RECOVERY_NOT_CONFIRMED
2026-07-22T11:29:02.911464+00:00,REPAIR_MR_1R_ASYMMETRIC_V1,DOGE,DOGEUSDT,strategy-lab-v1.0.0:REPAIR_MR_1R_ASYMMETRIC_V1,1784689200000,2026-07-22T03:00:00+00:00,0.07336,0.07347,0.07315,0.07317,44.73684210526311,0.07340050000000001,0.07311939681609907,0.0728473,0.0003721428571428566,0.005086003240984783,47.22222222222235,1.4999999999999813,False,RSI_NOT_BELOW_35|CLOSE_NOT_NEAR_OR_BELOW_LOWER_BB|RSI_RECOVERY_NOT_CONFIRMED
2026-07-22T11:29:02.911464+00:00,REPAIR_MR_1R_ASYMMETRIC_V1,DOGE,DOGEUSDT,strategy-lab-v1.0.0:REPAIR_MR_1R_ASYMMETRIC_V1,1784692800000,2026-07-22T04:00:00+00:00,0.07321,0.07345,0.07317,0.07339,52.991452991453,0.0733965,0.0731171955066612,0.0728557,0.00035714285714285747,0.004866369493702923,44.73684210526311,1.5,False,RSI_NOT_BELOW_35|CLOSE_NOT_NEAR_OR_BELOW_LOWER_BB
2026-07-22T11:29:02.911464+00:00,REPAIR_MR_1R_ASYMMETRIC_V1,DOGE,DOGEUSDT,strategy-lab-v1.0.0:REPAIR_MR_1R_ASYMMETRIC_V1,1784696400000,2026-07-22T05:00:00+00:00,0.07338,0.07338,0.07239,0.07243,34.185303514376955,0.0733475,0.07284233171120971,0.07286065,0.0004014285714285714,0.005542296996114475,52.991452991453,1.4999999999999827,False,CLOSE_NOT_ABOVE_MA200|RSI_RECOVERY_NOT_CONFIRMED
2026-07-22T11:29:02.911464+00:00,REPAIR_MR_1R_ASYMMETRIC_V1,DOGE,DOGEUSDT,strategy-lab-v1.0.0:REPAIR_MR_1R_ASYMMETRIC_V1,1784700000000,2026-07-22T06:00:00+00:00,0.07246,0.07251,0.07216,0.07233,33.75394321766575,0.0732945,0.07262318859684991,0.072866,0.00040642857142857147,0.0056190871205388,34.185303514376955,1.500000000000017,False,CLOSE_NOT_ABOVE_MA200|RSI_RECOVERY_NOT_CONFIRMED
2026-07-22T11:29:02.911464+00:00,REPAIR_MR_1R_ASYMMETRIC_V1,DOGE,DOGEUSDT,strategy-lab-v1.0.0:REPAIR_MR_1R_ASYMMETRIC_V1,1784703600000,2026-07-22T07:00:00+00:00,0.07235,0.07239,0.07205,0.07216,33.126934984520204,0.073222,0.07240521116560067,0.07286725000000001,0.0003921428571428568,0.005434352233132716,33.75394321766575,1.4999999999999822,False,CLOSE_NOT_ABOVE_MA200|RSI_RECOVERY_NOT_CONFIRMED
2026-07-22T11:29:02.911464+00:00,REPAIR_MR_1R_ASYMMETRIC_V1,DOGE,DOGEUSDT,strategy-lab-v1.0.0:REPAIR_MR_1R_ASYMMETRIC_V1,1784707200000,2026-07-22T08:00:00+00:00,0.07216,0.07249,0.07216,0.07246,35.522388059701484,0.0731705,0.07229969634819354,0.0728682,0.00039571428571428494,0.0054611411221954865,33.126934984520204,1.5000000000000175,False,RSI_NOT_BELOW_35|CLOSE_NOT_NEAR_OR_BELOW_LOWER_BB|CLOSE_NOT_ABOVE_MA200
2026-07-22T11:29:02.911464+00:00,REPAIR_MR_1R_ASYMMETRIC_V1,DOGE,DOGEUSDT,strategy-lab-v1.0.0:REPAIR_MR_1R_ASYMMETRIC_V1,1784710800000,2026-07-22T09:00:00+00:00,0.07244,0.0726,0.07232,0.07248,34.93975903614451,0.073124,0.0722110180724683,0.07287135,0.0003964285714285704,0.005469489120151358,35.522388059701484,1.5,False,CLOSE_NOT_NEAR_OR_BELOW_LOWER_BB|CLOSE_NOT_ABOVE_MA200|RSI_RECOVERY_NOT_CONFIRMED
2026-07-22T11:29:02.911464+00:00,REPAIR_MR_1R_ASYMMETRIC_V1,DOGE,DOGEUSDT,strategy-lab-v1.0.0:REPAIR_MR_1R_ASYMMETRIC_V1,1784714400000,2026-07-22T10:00:00+00:00,0.07249,0.07274,0.07241,0.07266,38.10888252148998,0.07309449999999999,0.07216179479469688,0.07287585,0.00040285714285714133,0.005544414297510891,34.93975903614451,1.5000000000000173,False,RSI_NOT_BELOW_35|CLOSE_NOT_NEAR_OR_BELOW_LOWER_BB|CLOSE_NOT_ABOVE_MA200
2026-07-22T11:29:02.911464+00:00,REPAIR_MR_1R_ASYMMETRIC_V1,DOGE,DOGEUSDT,strategy-lab-v1.0.0:REPAIR_MR_1R_ASYMMETRIC_V1,1784718000000,2026-07-22T11:00:00+00:00,0.07265,0.07278,0.07263,0.07278,41.666666666666664,0.0730625,0.07213275003361143,0.07287995,0.0003964285714285694,0.005446943822871248,38.10888252148998,1.5,False,RSI_NOT_BELOW_35|CLOSE_NOT_NEAR_OR_BELOW_LOWER_BB|CLOSE_NOT_ABOVE_MA200
2026-07-22T11:29:02.911464+00:00,REPAIR_MR_1R_ASYMMETRIC_V1,BNB,BNBUSDT,strategy-lab-v1.0.0:REPAIR_MR_1R_ASYMMETRIC_V1,1784502000000,2026-07-19T23:00:00+00:00,570.1,571.28,569.69,570.27,63.538611925708885,568.4860000000001,566.7294647740658,572.85685,1.797142857142863,0.0031513894420938555,57.875787578757944,1.4999999999999685,False,RSI_NOT_BELOW_35|CLOSE_NOT_NEAR_OR_BELOW_LOWER_BB|CLOSE_NOT_ABOVE_MA200
2026-07-22T11:29:02.911464+00:00,REPAIR_MR_1R_ASYMMETRIC_V1,BNB,BNBUSDT,strategy-lab-v1.0.0:REPAIR_MR_1R_ASYMMETRIC_V1,1784505600000,2026-07-20T00:00:00+00:00,570.21,573.5,568.4,569.12,55.956678700361344,568.5155,566.7373158138291,572.805,2.067142857142861,0.003632173982890886,63.538611925708885,1.4999999999999725,False,RSI_NOT_BELOW_35|CLOSE_NOT_NEAR_OR_BELOW_LOWER_BB|CLOSE_NOT_ABOVE_MA200|RSI_RECOVERY_NOT_CONFIRMED
2026-07-22T11:29:02.911464+00:00,REPAIR_MR_1R_ASYMMETRIC_V1,BNB,BNBUSDT,strategy-lab-v1.0.0:REPAIR_MR_1R_ASYMMETRIC_V1,1784509200000,2026-07-20T01:00:00+00:00,569.01,572.2,567.9,568.9,55.25846702317272,568.538,566.7523281376614,572.7498,2.2278571428571468,0.003916078648017484,55.956678700361344,1.5,False,RSI_NOT_BELOW_35|CLOSE_NOT_NEAR_OR_BELOW_LOWER_BB|CLOSE_NOT_ABOVE_MA200|RSI_RECOVERY_NOT_CONFIRMED
2026-07-22T11:29:02.911464+00:00,REPAIR_MR_1R_ASYMMETRIC_V1,BNB,BNBUSDT,strategy-lab-v1.0.0:REPAIR_MR_1R_ASYMMETRIC_V1,1784512800000,2026-07-20T02:00:00+00:00,569.0,571.19,568.4,570.27,59.77564102564086,568.606,566.6714674983479,572.6988,2.3464285714285813,0.004114592335961178,55.25846702317272,1.5,False,RSI_NOT_BELOW_35|CLOSE_NOT_NEAR_OR_BELOW_LOWER_BB|CLOSE_NOT_ABOVE_MA200
2026-07-22T11:29:02.911464+00:00,REPAIR_MR_1R_ASYMMETRIC_V1,BNB,BNBUSDT,strategy-lab-v1.0.0:REPAIR_MR_1R_ASYMMETRIC_V1,1784516400000,2026-07-20T03:00:00+00:00,570.29,570.6,568.8,569.6,56.2307692307693,568.6564999999999,566.6741349983041,572.6453,2.3935714285714442,0.00420219703049762,59.77564102564086,1.5,False,RSI_NOT_BELOW_35|CLOSE_NOT_NEAR_OR_BELOW_LOWER_BB|CLOSE_NOT_ABOVE_MA200|RSI_RECOVERY_NOT_CONFIRMED
2026-07-22T11:29:02.911464+00:00,REPAIR_MR_1R_ASYMMETRIC_V1,BNB,BNBUSDT,strategy-lab-v1.0.0:REPAIR_MR_1R_ASYMMETRIC_V1,1784520000000,2026-07-20T04:00:00+00:00,569.57,569.57,567.0,567.0,41.865357643758514,568.5840000000001,566.4747309323019,572.5762,2.4235714285714414,0.004274376417233583,56.2307692307693,1.5,False,RSI_NOT_BELOW_35|CLOSE_NOT_NEAR_OR_BELOW_LOWER_BB|CLOSE_NOT_ABOVE_MA200|RSI_RECOVERY_NOT_CONFIRMED
2026-07-22T11:29:02.911464+00:00,REPAIR_MR_1R_ASYMMETRIC_V1,BNB,BNBUSDT,strategy-lab-v1.0.0:REPAIR_MR_1R_ASYMMETRIC_V1,1784523600000,2026-07-20T05:00:00+00:00,566.9,566.91,563.6,564.75,33.71069182389951,568.4465,565.7859942210272,572.4969,2.5621428571428657,0.004536773540757619,41.865357643758514,1.5,False,CLOSE_NOT_ABOVE_MA200|RSI_RECOVERY_NOT_CONFIRMED
2026-07-22T11:29:02.911464+00:00,REPAIR_MR_1R_ASYMMETRIC_V1,BNB,BNBUSDT,strategy-lab-v1.0.0:REPAIR_MR_1R_ASYMMETRIC_V1,1784527200000,2026-07-20T06:00:00+00:00,564.7,565.25,562.52,564.21,37.06777316735823,568.267,565.0335182851999,572.41875,2.605714285714295,0.00461834119514772,33.71069182389951,1.4999999999999782,False,RSI_NOT_BELOW_35|CLOSE_NOT_ABOVE_MA200|RSI_RECOVERY_NOT_CONFIRMED
2026-07-22T11:29:02.911464+00:00,REPAIR_MR_1R_ASYMMETRIC_V1,BNB,BNBUSDT,strategy-lab-v1.0.0:REPAIR_MR_1R_ASYMMETRIC_V1,1784530800000,2026-07-20T07:00:00+00:00,564.1,566.3,563.35,566.06,44.31468961278415,568.184,564.8161852782632,572.3775499999999,2.632857142857144,0.004651198005259414,37.06777316735823,1.5,False,RSI_NOT_BELOW_35|CLOSE_NOT_NEAR_OR_BELOW_LOWER_BB|CLOSE_NOT_ABOVE_MA200
2026-07-22T11:29:02.911464+00:00,REPAIR_MR_1R_ASYMMETRIC_V1,BNB,BNBUSDT,strategy-lab-v1.0.0:REPAIR_MR_1R_ASYMMETRIC_V1,1784534400000,2026-07-20T08:00:00+00:00,566.03,566.45,563.9,564.75,43.303303303303196,568.03,564.3447971562008,572.3478,2.6885714285714357,0.004760639979763498,44.31468961278415,1.500000000000021,False,RSI_NOT_BELOW_35|CLOSE_NOT_NEAR_OR_BELOW_LOWER_BB|CLOSE_NOT_ABOVE_MA200|RSI_RECOVERY_NOT_CONFIRMED
2026-07-22T11:29:02.911464+00:00,REPAIR_MR_1R_ASYMMETRIC_V1,BNB,BNBUSDT,strategy-lab-v1.0.0:REPAIR_MR_1R_ASYMMETRIC_V1,1784538000000,2026-07-20T09:00:00+00:00,564.82,566.71,564.48,565.44,42.50913520097464,567.903,564.0484800558377,572.30745,2.747142857142868,0.004858416201794828,43.303303303303196,1.5000000000000207,False,RSI_NOT_BELOW_35|CLOSE_NOT_NEAR_OR_BELOW_LOWER_BB|CLOSE_NOT_ABOVE_MA200|RSI_RECOVERY_NOT_CONFIRMED
2026-07-22T11:29:02.911464+00:00,REPAIR_MR_1R_ASYMMETRIC_V1,BNB,BNBUSDT,strategy-lab-v1.0.0:REPAIR_MR_1R_ASYMMETRIC_V1,1784541600000,2026-07-20T10:00:00+00:00,565.36,567.05,565.32,566.42,41.728395061728115,567.758,563.909428316902,572.2705000000001,2.7850000000000006,0.00491684615656227,42.50913520097464,1.4999999999999796,False,RSI_NOT_BELOW_35|CLOSE_NOT_NEAR_OR_BELOW_LOWER_BB|CLOSE_NOT_ABOVE_MA200|RSI_RECOVERY_NOT_CONFIRMED
2026-07-22T11:29:02.911464+00:00,REPAIR_MR_1R_ASYMMETRIC_V1,BNB,BNBUSDT,strategy-lab-v1.0.0:REPAIR_MR_1R_ASYMMETRIC_V1,1784545200000,2026-07-20T11:00:00+00:00,566.17,570.88,566.02,570.6,55.5894308943091,567.7915,563.8571778220455,572.24835,2.9942857142857195,0.005247609033098001,41.728395061728115,1.5,False,RSI_NOT_BELOW_35|CLOSE_NOT_NEAR_OR_BELOW_LOWER_BB|CLOSE_NOT_ABOVE_MA200
2026-07-22T11:29:02.911464+00:00,REPAIR_MR_1R_ASYMMETRIC_V1,BNB,BNBUSDT,strategy-lab-v1.0.0:REPAIR_MR_1R_ASYMMETRIC_V1,1784548800000,2026-07-20T12:00:00+00:00,570.48,570.48,568.52,569.03,46.99228791773758,567.8455,563.8744826240692,572.2232,2.9078571428571536,0.005110200064771899,55.5894308943091,1.5000000000000195,False,RSI_NOT_BELOW_35|CLOSE_NOT_NEAR_OR_BELOW_LOWER_BB|CLOSE_NOT_ABOVE_MA200|RSI_RECOVERY_NOT_CONFIRMED
2026-07-22T11:29:02.911464+00:00,REPAIR_MR_1R_ASYMMETRIC_V1,BNB,BNBUSDT,strategy-lab-v1.0.0:REPAIR_MR_1R_ASYMMETRIC_V1,1784552400000,2026-07-20T13:00:00+00:00,568.81,569.36,565.68,566.27,40.966576332429945,567.7635,563.7338981586335,572.19055,3.0571428571428783,0.005398737099162729,46.99228791773758,1.5000000000000187,False,RSI_NOT_BELOW_35|CLOSE_NOT_NEAR_OR_BELOW_LOWER_BB|CLOSE_NOT_ABOVE_MA200|RSI_RECOVERY_NOT_CONFIRMED
2026-07-22T11:29:02.911464+00:00,REPAIR_MR_1R_ASYMMETRIC_V1,BNB,BNBUSDT,strategy-lab-v1.0.0:REPAIR_MR_1R_ASYMMETRIC_V1,1784556000000,2026-07-20T14:00:00+00:00,566.27,567.81,564.49,567.24,45.71948998178506,567.7765,563.7554241489441,572.16925,2.930000000000015,0.005165362104223988,40.966576332429945,1.5,False,RSI_NOT_BELOW_35|CLOSE_NOT_NEAR_OR_BELOW_LOWER_BB|CLOSE_NOT_ABOVE_MA200
2026-07-22T11:29:02.911464+00:00,REPAIR_MR_1R_ASYMMETRIC_V1,BNB,BNBUSDT,strategy-lab-v1.0.0:REPAIR_MR_1R_ASYMMETRIC_V1,1784559600000,2026-07-20T15:00:00+00:00,567.24,574.56,567.24,573.43,58.109559613319,568.0530000000001,563.3357334186052,572.17735,3.1457142857142912,0.005485786034414473,45.71948998178506,1.5,False,RSI_NOT_BELOW_35|CLOSE_NOT_NEAR_OR_BELOW_LOWER_BB
2026-07-22T11:29:02.911464+00:00,REPAIR_MR_1R_ASYMMETRIC_V1,BNB,BNBUSDT,strategy-lab-v1.0.0:REPAIR_MR_1R_ASYMMETRIC_V1,1784563200000,2026-07-20T16:00:00+00:00,573.48,574.33,571.97,572.64,54.33272394881173,568.23,563.119602755172,572.1736,3.115000000000001,0.005439717798267674,58.109559613319,1.5,False,RSI_NOT_BELOW_35|CLOSE_NOT_NEAR_OR_BELOW_LOWER_BB|RSI_RECOVERY_NOT_CONFIRMED
2026-07-22T11:29:02.911464+00:00,REPAIR_MR_1R_ASYMMETRIC_V1,BNB,BNBUSDT,strategy-lab-v1.0.0:REPAIR_MR_1R_ASYMMETRIC_V1,1784566800000,2026-07-20T17:00:00+00:00,572.76,574.2,571.8,573.51,57.09618874773138,568.4855,562.8797048735306,572.17115,3.1578571428571456,0.005506193689486052,54.33272394881173,1.500000000000018,False,RSI_NOT_BELOW_35|CLOSE_NOT_NEAR_OR_BELOW_LOWER_BB
2026-07-22T11:29:02.911464+00:00,REPAIR_MR_1R_ASYMMETRIC_V1,BNB,BNBUSDT,strategy-lab-v1.0.0:REPAIR_MR_1R_ASYMMETRIC_V1,1784570400000,2026-07-20T18:00:00+00:00,573.84,574.83,571.58,571.77,58.93593106032224,568.564,562.8220512019046,572.1603,3.204285714285715,0.00560415151946712,57.09618874773138,1.4999999999999822,False,RSI_NOT_BELOW_35|CLOSE_NOT_NEAR_OR_BELOW_LOWER_BB|CLOSE_NOT_ABOVE_MA200|RSI_RECOVERY_NOT_CONFIRMED
2026-07-22T11:29:02.911464+00:00,REPAIR_MR_1R_ASYMMETRIC_V1,BNB,BNBUSDT,strategy-lab-v1.0.0:REPAIR_MR_1R_ASYMMETRIC_V1,1784574000000,2026-07-20T19:00:00+00:00,571.84,572.08,570.73,570.88,62.100276352151674,568.5944999999999,562.8103026485994,572.1157,3.0578571428571473,0.005356392136451,58.93593106032224,1.5000000000000187,False,RSI_NOT_BELOW_35|CLOSE_NOT_NEAR_OR_BELOW_LOWER_BB|CLOSE_NOT_ABOVE_MA200|RSI_RECOVERY_NOT_CONFIRMED
2026-07-22T11:29:02.911464+00:00,REPAIR_MR_1R_ASYMMETRIC_V1,BNB,BNBUSDT,strategy-lab-v1.0.0:REPAIR_MR_1R_ASYMMETRIC_V1,1784577600000,2026-07-20T20:00:00+00:00,570.84,572.64,570.4,571.92,64.92450638792099,568.7345,562.7733676411316,572.0657,3.0228571428571462,0.005285454509122161,62.100276352151674,1.4999999999999811,False,RSI_NOT_BELOW_35|CLOSE_NOT_NEAR_OR_BELOW_LOWER_BB|CLOSE_NOT_ABOVE_MA200
2026-07-22T11:29:02.911464+00:00,REPAIR_MR_1R_ASYMMETRIC_V1,BNB,BNBUSDT,strategy-lab-v1.0.0:REPAIR_MR_1R_ASYMMETRIC_V1,1784581200000,2026-07-20T21:00:00+00:00,571.83,572.4,570.84,570.94,59.77564102564132,568.8365000000001,562.7982178767511,572.0167,2.923571428571433,0.0051206281370571914,64.92450638792099,1.5,False,RSI_NOT_BELOW_35|CLOSE_NOT_NEAR_OR_BELOW_LOWER_BB|CLOSE_NOT_ABOVE_MA200|RSI_RECOVERY_NOT_CONFIRMED
2026-07-22T11:29:02.911464+00:00,REPAIR_MR_1R_ASYMMETRIC_V1,BNB,BNBUSDT,strategy-lab-v1.0.0:REPAIR_MR_1R_ASYMMETRIC_V1,1784584800000,2026-07-20T22:00:00+00:00,570.84,570.84,569.5,569.58,59.65613754498214,568.802,562.7890419925008,571.9581,2.844285714285718,0.00499365447221763,59.77564102564132,1.50000000000002,False,RSI_NOT_BELOW_35|CLOSE_NOT_NEAR_OR_BELOW_LOWER_BB|CLOSE_NOT_ABOVE_MA200|RSI_RECOVERY_NOT_CONFIRMED
2026-07-22T11:29:02.911464+00:00,REPAIR_MR_1R_ASYMMETRIC_V1,BNB,BNBUSDT,strategy-lab-v1.0.0:REPAIR_MR_1R_ASYMMETRIC_V1,1784588400000,2026-07-20T23:00:00+00:00,569.54,571.22,569.48,570.6,60.18153117600633,568.8520000000001,562.7968481439399,571.90705,2.8092857142857173,0.004923388913925197,59.65613754498214,1.4999999999999798,False,RSI_NOT_BELOW_35|CLOSE_NOT_NEAR_OR_BELOW_LOWER_BB|CLOSE_NOT_ABOVE_MA200
2026-07-22T11:29:02.911464+00:00,REPAIR_MR_1R_ASYMMETRIC_V1,BNB,BNBUSDT,strategy-lab-v1.0.0:REPAIR_MR_1R_ASYMMETRIC_V1,1784592000000,2026-07-21T00:00:00+00:00,570.48,573.37,570.48,573.09,62.42085661080092,569.1564999999999,562.8954992014094,571.8685,2.892142857142866,0.005046577077148206,60.18153117600633,1.4999999999999802,False,RSI_NOT_BELOW_35|CLOSE_NOT_NEAR_OR_BELOW_LOWER_BB
2026-07-22T11:29:02.911464+00:00,REPAIR_MR_1R_ASYMMETRIC_V1,BNB,BNBUSDT,strategy-lab-v1.0.0:REPAIR_MR_1R_ASYMMETRIC_V1,1784595600000,2026-07-21T01:00:00+00:00,573.07,573.71,571.57,572.03,53.013063632532564,569.5205,563.4841021502925,571.83365,2.6978571428571496,0.004716286108870426,62.42085661080092,1.5,False,RSI_NOT_BELOW_35|CLOSE_NOT_NEAR_OR_BELOW_LOWER_BB|RSI_RECOVERY_NOT_CONFIRMED
2026-07-22T11:29:02.911464+00:00,REPAIR_MR_1R_ASYMMETRIC_V1,BNB,BNBUSDT,strategy-lab-v1.0.0:REPAIR_MR_1R_ASYMMETRIC_V1,1784599200000,2026-07-21T02:00:00+00:00,572.04,573.52,570.84,572.96,58.510177566046075,569.9580000000001,564.2660562195367,571.8028,2.740714285714286,0.004783430406510552,53.013063632532564,1.4999999999999793,False,RSI_NOT_BELOW_35|CLOSE_NOT_NEAR_OR_BELOW_LOWER_BB
2026-07-22T11:29:02.911464+00:00,REPAIR_MR_1R_ASYMMETRIC_V1,BNB,BNBUSDT,strategy-lab-v1.0.0:REPAIR_MR_1R_ASYMMETRIC_V1,1784602800000,2026-07-21T03:00:00+00:00,573.2,574.87,573.2,574.87,69.33453237410086,570.3985,564.6184713668566,571.7799,2.6142857142857077,0.0045476120066896995,58.510177566046075,1.4999999999999782,False,RSI_NOT_BELOW_35|CLOSE_NOT_NEAR_OR_BELOW_LOWER_BB
2026-07-22T11:29:02.911464+00:00,REPAIR_MR_1R_ASYMMETRIC_V1,BNB,BNBUSDT,strategy-lab-v1.0.0:REPAIR_MR_1R_ASYMMETRIC_V1,1784606400000,2026-07-21T04:00:00+00:00,574.87,575.6,573.29,573.6,64.10825199645089,570.841,565.5217598287011,571.7556000000001,2.5421428571428595,0.004431908746762307,69.33453237410086,1.5,False,RSI_NOT_BELOW_35|CLOSE_NOT_NEAR_OR_BELOW_LOWER_BB|RSI_RECOVERY_NOT_CONFIRMED
2026-07-22T11:29:02.911464+00:00,REPAIR_MR_1R_ASYMMETRIC_V1,BNB,BNBUSDT,strategy-lab-v1.0.0:REPAIR_MR_1R_ASYMMETRIC_V1,1784610000000,2026-07-21T05:00:00+00:00,573.67,575.49,573.55,574.59,53.34486735870845,571.2985000000001,566.3554310140397,571.7542500000001,2.1578571428571536,0.0037554728464768853,64.10825199645089,1.5000000000000264,False,RSI_NOT_BELOW_35|CLOSE_NOT_NEAR_OR_BELOW_LOWER_BB|RSI_RECOVERY_NOT_CONFIRMED
2026-07-22T11:29:02.911464+00:00,REPAIR_MR_1R_ASYMMETRIC_V1,BNB,BNBUSDT,strategy-lab-v1.0.0:REPAIR_MR_1R_ASYMMETRIC_V1,1784613600000,2026-07-21T06:00:00+00:00,574.54,576.52,574.49,575.86,59.03479236812581,571.7705000000001,566.980479227606,571.7650500000001,2.134285714285722,0.003706257969446952,53.34486735870845,1.5000000000000266,False,RSI_NOT_BELOW_35|CLOSE_NOT_NEAR_OR_BELOW_LOWER_BB
2026-07-22T11:29:02.911464+00:00,REPAIR_MR_1R_ASYMMETRIC_V1,BNB,BNBUSDT,strategy-lab-v1.0.0:REPAIR_MR_1R_ASYMMETRIC_V1,1784617200000,2026-07-21T07:00:00+00:00,575.91,576.47,574.69,576.44,58.357102110667626,572.0625,566.8962562001036,571.77935,2.0899999999999994,0.0036257025883006024,59.03479236812581,1.499999999999973,False,RSI_NOT_BELOW_35|CLOSE_NOT_NEAR_OR_BELOW_LOWER_BB|RSI_RECOVERY_NOT_CONFIRMED
2026-07-22T11:29:02.911464+00:00,REPAIR_MR_1R_ASYMMETRIC_V1,BNB,BNBUSDT,strategy-lab-v1.0.0:REPAIR_MR_1R_ASYMMETRIC_V1,1784620800000,2026-07-21T08:00:00+00:00,576.48,577.97,575.89,577.33,66.66666666666688,572.4775,567.0266950135809,571.779,2.006428571428574,0.0034753582377991337,58.357102110667626,1.5,False,RSI_NOT_BELOW_35|CLOSE_NOT_NEAR_OR_BELOW_LOWER_BB
2026-07-22T11:29:02.911464+00:00,REPAIR_MR_1R_ASYMMETRIC_V1,BNB,BNBUSDT,strategy-lab-v1.0.0:REPAIR_MR_1R_ASYMMETRIC_V1,1784624400000,2026-07-21T09:00:00+00:00,577.28,579.53,576.75,579.19,73.54107648725233,573.1234999999999,567.7062192245579,571.8156,2.108571428571427,0.0036405521997469347,66.66666666666688,1.5,False,RSI_NOT_BELOW_35|CLOSE_NOT_NEAR_OR_BELOW_LOWER_BB
2026-07-22T11:29:02.911464+00:00,REPAIR_MR_1R_ASYMMETRIC_V1,BNB,BNBUSDT,strategy-lab-v1.0.0:REPAIR_MR_1R_ASYMMETRIC_V1,1784628000000,2026-07-21T10:00:00+00:00,579.24,579.35,577.06,577.52,65.31728665207876,573.6375,568.6142664796492,571.8452,2.1121428571428607,0.00365726357034018,73.54107648725233,1.4999999999999731,False,RSI_NOT_BELOW_35|CLOSE_NOT_NEAR_OR_BELOW_LOWER_BB|RSI_RECOVERY_NOT_CONFIRMED
2026-07-22T11:29:02.911464+00:00,REPAIR_MR_1R_ASYMMETRIC_V1,BNB,BNBUSDT,strategy-lab-v1.0.0:REPAIR_MR_1R_ASYMMETRIC_V1,1784631600000,2026-07-21T11:00:00+00:00,577.55,577.67,576.0,576.29,64.43604964921708,573.7805,568.6278677600689,571.8832500000001,2.1200000000000045,0.003678703430564481,65.31728665207876,1.5000000000000269,False,RSI_NOT_BELOW_35|CLOSE_NOT_NEAR_OR_BELOW_LOWER_BB|RSI_RECOVERY_NOT_CONFIRMED
2026-07-22T11:29:02.911464+00:00,REPAIR_MR_1R_ASYMMETRIC_V1,BNB,BNBUSDT,strategy-lab-v1.0.0:REPAIR_MR_1R_ASYMMETRIC_V1,1784635200000,2026-07-21T12:00:00+00:00,576.4,577.7,575.91,577.44,71.4519650655019,574.0205,568.6597669344595,571.9354,2.1450000000000062,0.0037146716541978492,64.43604964921708,1.5,False,RSI_NOT_BELOW_35|CLOSE_NOT_NEAR_OR_BELOW_LOWER_BB
2026-07-22T11:29:02.911464+00:00,REPAIR_MR_1R_ASYMMETRIC_V1,BNB,BNBUSDT,strategy-lab-v1.0.0:REPAIR_MR_1R_ASYMMETRIC_V1,1784638800000,2026-07-21T13:00:00+00:00,577.29,577.8,575.96,577.54,69.94252873563178,574.222,568.6542083372328,571.98235,2.1521428571428567,0.003726396192718871,71.4519650655019,1.4999999999999736,False,RSI_NOT_BELOW_35|CLOSE_NOT_NEAR_OR_BELOW_LOWER_BB|RSI_RECOVERY_NOT_CONFIRMED
2026-07-22T11:29:02.911464+00:00,REPAIR_MR_1R_ASYMMETRIC_V1,BNB,BNBUSDT,strategy-lab-v1.0.0:REPAIR_MR_1R_ASYMMETRIC_V1,1784642400000,2026-07-21T14:00:00+00:00,577.31,577.31,574.09,575.5,57.1091445427727,574.4085000000001,568.9326100266734,572.0188,2.1921428571428527,0.0038091100906044355,69.94252873563178,1.500000000000026,False,RSI_NOT_BELOW_35|CLOSE_NOT_NEAR_OR_BELOW_LOWER_BB|RSI_RECOVERY_NOT_CONFIRMED
2026-07-22T11:29:02.911464+00:00,REPAIR_MR_1R_ASYMMETRIC_V1,BNB,BNBUSDT,strategy-lab-v1.0.0:REPAIR_MR_1R_ASYMMETRIC_V1,1784646000000,2026-07-21T15:00:00+00:00,575.42,575.52,574.24,574.88,58.631132646880694,574.6085,569.3759317013554,572.04475,2.1307142857142805,0.00370636356407299,57.1091445427727,1.5,False,RSI_NOT_BELOW_35|CLOSE_NOT_NEAR_OR_BELOW_LOWER_BB|RSI_RECOVERY_NOT_CONFIRMED
2026-07-22T11:29:02.911464+00:00,REPAIR_MR_1R_ASYMMETRIC_V1,BNB,BNBUSDT,strategy-lab-v1.0.0:REPAIR_MR_1R_ASYMMETRIC_V1,1784649600000,2026-07-21T16:00:00+00:00,574.88,575.42,573.75,574.4,54.483188044831685,574.7325,569.6451278885871,572.068,2.058571428571424,0.0035838639076800557,58.631132646880694,1.5,False,RSI_NOT_BELOW_35|CLOSE_NOT_NEAR_OR_BELOW_LOWER_BB|RSI_RECOVERY_NOT_CONFIRMED
2026-07-22T11:29:02.911464+00:00,REPAIR_MR_1R_ASYMMETRIC_V1,BNB,BNBUSDT,strategy-lab-v1.0.0:REPAIR_MR_1R_ASYMMETRIC_V1,1784653200000,2026-07-21T17:00:00+00:00,574.54,574.58,572.0,572.95,43.84615384615399,574.833,569.975037052428,572.08675,2.106428571428572,0.0036764614214653494,54.483188044831685,1.5,False,RSI_NOT_BELOW_35|CLOSE_NOT_NEAR_OR_BELOW_LOWER_BB|RSI_RECOVERY_NOT_CONFIRMED
2026-07-22T11:29:02.911464+00:00,REPAIR_MR_1R_ASYMMETRIC_V1,BNB,BNBUSDT,strategy-lab-v1.0.0:REPAIR_MR_1R_ASYMMETRIC_V1,1784656800000,2026-07-21T18:00:00+00:00,572.64,573.4,572.16,573.03,48.02220680083258,575.0055,570.6913211673619,572.10545,2.029999999999997,0.0035425719421321696,43.84615384615399,1.5,False,RSI_NOT_BELOW_35|CLOSE_NOT_NEAR_OR_BELOW_LOWER_BB
2026-07-22T11:29:02.911464+00:00,REPAIR_MR_1R_ASYMMETRIC_V1,BNB,BNBUSDT,strategy-lab-v1.0.0:REPAIR_MR_1R_ASYMMETRIC_V1,1784660400000,2026-07-21T19:00:00+00:00,573.11,573.16,572.33,572.44,42.32690935046397,575.0975000000001,571.0958809526664,572.1221499999999,1.9507142857142736,0.0034077183385407615,48.02220680083258,1.500000000000029,False,RSI_NOT_BELOW_35|CLOSE_NOT_NEAR_OR_BELOW_LOWER_BB|RSI_RECOVERY_NOT_CONFIRMED
2026-07-22T11:29:02.911464+00:00,REPAIR_MR_1R_ASYMMETRIC_V1,BNB,BNBUSDT,strategy-lab-v1.0.0:REPAIR_MR_1R_ASYMMETRIC_V1,1784664000000,2026-07-21T20:00:00+00:00,572.49,573.43,572.22,572.76,38.1316998468604,575.081,571.0438430795939,572.14645,1.8921428571428416,0.003303552722157346,42.32690935046397,1.49999999999997,False,RSI_NOT_BELOW_35|CLOSE_NOT_NEAR_OR_BELOW_LOWER_BB|RSI_RECOVERY_NOT_CONFIRMED
2026-07-22T11:29:02.911464+00:00,REPAIR_MR_1R_ASYMMETRIC_V1,BNB,BNBUSDT,strategy-lab-v1.0.0:REPAIR_MR_1R_ASYMMETRIC_V1,1784667600000,2026-07-21T21:00:00+00:00,572.64,573.75,572.15,572.88,35.873015873015405,575.1235,571.1993987016156,572.17385,1.8792857142857022,0.0032804177389430637,38.1316998468604,1.5,False,RSI_NOT_BELOW_35|CLOSE_NOT_NEAR_OR_BELOW_LOWER_BB|RSI_RECOVERY_NOT_CONFIRMED
2026-07-22T11:29:02.911464+00:00,REPAIR_MR_1R_ASYMMETRIC_V1,BNB,BNBUSDT,strategy-lab-v1.0.0:REPAIR_MR_1R_ASYMMETRIC_V1,1784671200000,2026-07-21T22:00:00+00:00,572.77,573.42,572.05,572.51,30.049668874171672,575.1009999999999,571.122749630807,572.18535,1.8285714285714139,0.0031939554393310404,35.873015873015405,1.5,False,CLOSE_NOT_NEAR_OR_BELOW_LOWER_BB|RSI_RECOVERY_NOT_CONFIRMED
2026-07-22T11:29:02.911464+00:00,REPAIR_MR_1R_ASYMMETRIC_V1,BNB,BNBUSDT,strategy-lab-v1.0.0:REPAIR_MR_1R_ASYMMETRIC_V1,1784674800000,2026-07-21T23:00:00+00:00,572.37,573.72,571.68,573.69,25.877192982455853,575.042,571.0170696900465,572.2134,1.7757142857142785,0.003095250545964333,30.049668874171672,1.5,False,CLOSE_NOT_NEAR_OR_BELOW_LOWER_BB|RSI_RECOVERY_NOT_CONFIRMED
2026-07-22T11:29:02.911464+00:00,REPAIR_MR_1R_ASYMMETRIC_V1,BNB,BNBUSDT,strategy-lab-v1.0.0:REPAIR_MR_1R_ASYMMETRIC_V1,1784678400000,2026-07-22T00:00:00+00:00,573.48,575.16,573.24,574.58,36.15819209039546,575.091,571.1139060860996,572.25875,1.7492857142856988,0.0030444598041799204,25.877192982455853,1.4999999999999676,False,RSI_NOT_BELOW_35|CLOSE_NOT_NEAR_OR_BELOW_LOWER_BB
2026-07-22T11:29:02.911464+00:00,REPAIR_MR_1R_ASYMMETRIC_V1,BNB,BNBUSDT,strategy-lab-v1.0.0:REPAIR_MR_1R_ASYMMETRIC_V1,1784682000000,2026-07-22T01:00:00+00:00,574.52,574.55,572.76,573.09,35.294117647058826,575.016,570.9483992329651,572.3126,1.759999999999991,0.0030710708614702592,36.15819209039546,1.5,False,RSI_NOT_BELOW_35|CLOSE_NOT_NEAR_OR_BELOW_LOWER_BB|RSI_RECOVERY_NOT_CONFIRMED
2026-07-22T11:29:02.911464+00:00,REPAIR_MR_1R_ASYMMETRIC_V1,BNB,BNBUSDT,strategy-lab-v1.0.0:REPAIR_MR_1R_ASYMMETRIC_V1,1784685600000,2026-07-22T02:00:00+00:00,572.99,573.72,572.17,572.33,25.643469971400506,574.8394999999999,570.6298421754277,572.3541,1.7428571428571331,0.0030451962029897665,35.294117647058826,1.5000000000000326,False,CLOSE_NOT_NEAR_OR_BELOW_LOWER_BB|CLOSE_NOT_ABOVE_MA200|RSI_RECOVERY_NOT_CONFIRMED
2026-07-22T11:29:02.911464+00:00,REPAIR_MR_1R_ASYMMETRIC_V1,BNB,BNBUSDT,strategy-lab-v1.0.0:REPAIR_MR_1R_ASYMMETRIC_V1,1784689200000,2026-07-22T03:00:00+00:00,572.16,572.4,570.6,570.6,21.369636963696095,574.5475,570.023948850739,572.3791,1.7399999999999929,0.0030494216614090305,25.643469971400506,1.5,False,CLOSE_NOT_NEAR_OR_BELOW_LOWER_BB|CLOSE_NOT_ABOVE_MA200|RSI_RECOVERY_NOT_CONFIRMED
2026-07-22T11:29:02.911464+00:00,REPAIR_MR_1R_ASYMMETRIC_V1,BNB,BNBUSDT,strategy-lab-v1.0.0:REPAIR_MR_1R_ASYMMETRIC_V1,1784692800000,2026-07-22T04:00:00+00:00,570.53,572.22,570.23,571.55,32.094288304623134,574.2585,569.7444141567778,572.41205,1.6357142857142841,0.0028618918479823012,21.369636963696095,1.5000000000000349,False,CLOSE_NOT_NEAR_OR_BELOW_LOWER_BB|CLOSE_NOT_ABOVE_MA200
2026-07-22T11:29:02.911464+00:00,REPAIR_MR_1R_ASYMMETRIC_V1,BNB,BNBUSDT,strategy-lab-v1.0.0:REPAIR_MR_1R_ASYMMETRIC_V1,1784696400000,2026-07-22T05:00:00+00:00,571.44,571.5,568.32,569.01,27.335907335906796,573.7495,569.2789229678958,572.4359,1.7749999999999935,0.003119453085183026,32.094288304623134,1.500000000000032,False,CLOSE_NOT_ABOVE_MA200|RSI_RECOVERY_NOT_CONFIRMED
2026-07-22T11:29:02.911464+00:00,REPAIR_MR_1R_ASYMMETRIC_V1,BNB,BNBUSDT,strategy-lab-v1.0.0:REPAIR_MR_1R_ASYMMETRIC_V1,1784700000000,2026-07-22T06:00:00+00:00,569.13,569.38,566.92,567.53,25.37634408602098,573.25,568.3631646231969,572.45025,1.8314285714285705,0.003227016318835252,27.335907335906796,1.500000000000031,False,CLOSE_NOT_ABOVE_MA200|RSI_RECOVERY_NOT_CONFIRMED
2026-07-22T11:29:02.911464+00:00,REPAIR_MR_1R_ASYMMETRIC_V1,BNB,BNBUSDT,strategy-lab-v1.0.0:REPAIR_MR_1R_ASYMMETRIC_V1,1784703600000,2026-07-22T07:00:00+00:00,567.7,568.09,567.16,568.04,31.129900076863294,572.8375,567.6624603866276,572.45605,1.7135714285714292,0.003016638667297073,25.37634408602098,1.5,False,CLOSE_NOT_NEAR_OR_BELOW_LOWER_BB|CLOSE_NOT_ABOVE_MA200
2026-07-22T11:29:02.911464+00:00,REPAIR_MR_1R_ASYMMETRIC_V1,BNB,BNBUSDT,strategy-lab-v1.0.0:REPAIR_MR_1R_ASYMMETRIC_V1,1784707200000,2026-07-22T08:00:00+00:00,568.15,570.12,568.15,569.83,39.13043478260886,572.457,567.5811078765039,572.4622999999999,1.7735714285714315,0.0031124570987337125,31.129900076863294,1.500000000000032,False,RSI_NOT_BELOW_35|CLOSE_NOT_NEAR_OR_BELOW_LOWER_BB|CLOSE_NOT_ABOVE_MA200
2026-07-22T11:29:02.911464+00:00,REPAIR_MR_1R_ASYMMETRIC_V1,BNB,BNBUSDT,strategy-lab-v1.0.0:REPAIR_MR_1R_ASYMMETRIC_V1,1784710800000,2026-07-22T09:00:00+00:00,569.75,570.81,568.72,570.75,44.38538205980047,572.1175,567.7898360805199,572.4699499999999,1.8635714285714309,0.0032651273387147278,39.13043478260886,1.5000000000000304,False,RSI_NOT_BELOW_35|CLOSE_NOT_NEAR_OR_BELOW_LOWER_BB|CLOSE_NOT_ABOVE_MA200
2026-07-22T11:29:02.911464+00:00,REPAIR_MR_1R_ASYMMETRIC_V1,BNB,BNBUSDT,strategy-lab-v1.0.0:REPAIR_MR_1R_ASYMMETRIC_V1,1784714400000,2026-07-22T10:00:00+00:00,570.6,571.43,570.52,570.77,43.25423728813556,571.881,567.8091655239967,572.4776999999999,1.8421428571428626,0.003227469658781756,44.38538205980047,1.4999999999999691,False,RSI_NOT_BELOW_35|CLOSE_NOT_NEAR_OR_BELOW_LOWER_BB|CLOSE_NOT_ABOVE_MA200|RSI_RECOVERY_NOT_CONFIRMED
2026-07-22T11:29:02.911464+00:00,REPAIR_MR_1R_ASYMMETRIC_V1,BNB,BNBUSDT,strategy-lab-v1.0.0:REPAIR_MR_1R_ASYMMETRIC_V1,1784718000000,2026-07-22T11:00:00+00:00,570.77,571.09,570.34,571.02,43.74999999999996,571.688,567.8434839056173,572.48555,1.7814285714285754,0.0031197306073842868,43.25423728813556,1.500000000000032,False,RSI_NOT_BELOW_35|CLOSE_NOT_NEAR_OR_BELOW_LOWER_BB|CLOSE_NOT_ABOVE_MA200
2026-07-22T11:29:02.911464+00:00,REPAIR_MR_1R_ASYMMETRIC_V1,PAXG,PAXGUSDT,strategy-lab-v1.0.0:REPAIR_MR_1R_ASYMMETRIC_V1,1784502000000,2026-07-19T23:00:00+00:00,3989.27,3990.04,3985.01,3987.87,24.773060029283286,4003.8595,3992.3989180339954,4028.8351500000003,3.8085714285714727,0.000955039012949638,25.605326876514127,1.5,False,CLOSE_NOT_ABOVE_MA200|RSI_RECOVERY_NOT_CONFIRMED
2026-07-22T11:29:02.911464+00:00,REPAIR_MR_1R_ASYMMETRIC_V1,PAXG,PAXGUSDT,strategy-lab-v1.0.0:REPAIR_MR_1R_ASYMMETRIC_V1,1784505600000,2026-07-20T00:00:00+00:00,3985.44,4003.04,3979.25,4003.03,47.42120343839549,4003.5445,3992.359671928031,4028.3314,5.396428571428617,0.0013480859677365937,24.773060029283286,1.4999999999999578,False,RSI_NOT_BELOW_35|CLOSE_NOT_NEAR_OR_BELOW_LOWER_BB|CLOSE_NOT_ABOVE_MA200
2026-07-22T11:29:02.911464+00:00,REPAIR_MR_1R_ASYMMETRIC_V1,PAXG,PAXGUSDT,strategy-lab-v1.0.0:REPAIR_MR_1R_ASYMMETRIC_V1,1784509200000,2026-07-20T01:00:00+00:00,4003.03,4013.35,3992.25,3997.0,43.09895833333341,4002.942,3991.7102439485398,4027.78765,6.769285714285745,0.0016935916222881524,47.42120343839549,1.5,False,RSI_NOT_BELOW_35|CLOSE_NOT_NEAR_OR_BELOW_LOWER_BB|CLOSE_NOT_ABOVE_MA200|RSI_RECOVERY_NOT_CONFIRMED
2026-07-22T11:29:02.911464+00:00,REPAIR_MR_1R_ASYMMETRIC_V1,PAXG,PAXGUSDT,strategy-lab-v1.0.0:REPAIR_MR_1R_ASYMMETRIC_V1,1784512800000,2026-07-20T02:00:00+00:00,3997.54,4022.22,3997.54,4015.8,60.07729745204708,4003.3575000000005,3990.93210040886,4027.3519,8.31428571428572,0.0020703933747412023,43.09895833333341,1.5,False,RSI_NOT_BELOW_35|CLOSE_NOT_NEAR_OR_BELOW_LOWER_BB|CLOSE_NOT_ABOVE_MA200
2026-07-22T11:29:02.911464+00:00,REPAIR_MR_1R_ASYMMETRIC_V1,PAXG,PAXGUSDT,strategy-lab-v1.0.0:REPAIR_MR_1R_ASYMMETRIC_V1,1784516400000,2026-07-20T03:00:00+00:00,4016.33,4020.96,4013.92,4018.51,60.389149268569774,4003.9129999999996,3989.9198758313405,4026.9265499999997,8.559999999999977,0.002130142764357928,60.07729745204708,1.4999999999999734,False,RSI_NOT_BELOW_35|CLOSE_NOT_NEAR_OR_BELOW_LOWER_BB|CLOSE_NOT_ABOVE_MA200
2026-07-22T11:29:02.911464+00:00,REPAIR_MR_1R_ASYMMETRIC_V1,PAXG,PAXGUSDT,strategy-lab-v1.0.0:REPAIR_MR_1R_ASYMMETRIC_V1,1784520000000,2026-07-20T04:00:00+00:00,4018.93,4019.15,4012.17,4014.23,55.49252905368009,4004.327,3989.644351601312,4026.4764,8.868571428571418,0.002209283331690366,60.389149268569774,1.5000000000000255,False,RSI_NOT_BELOW_35|CLOSE_NOT_NEAR_OR_BELOW_LOWER_BB|CLOSE_NOT_ABOVE_MA200|RSI_RECOVERY_NOT_CONFIRMED
2026-07-22T11:29:02.911464+00:00,REPAIR_MR_1R_ASYMMETRIC_V1,PAXG,PAXGUSDT,strategy-lab-v1.0.0:REPAIR_MR_1R_ASYMMETRIC_V1,1784523600000,2026-07-20T05:00:00+00:00,4011.18,4013.02,4001.91,4006.04,50.64393939393937,4004.374,3989.675745137619,4026.01315,9.61928571428572,0.0024011956231804275,55.49252905368009,1.5000000000000235,False,RSI_NOT_BELOW_35|CLOSE_NOT_NEAR_OR_BELOW_LOWER_BB|CLOSE_NOT_ABOVE_MA200|RSI_RECOVERY_NOT_CONFIRMED
2026-07-22T11:29:02.911464+00:00,REPAIR_MR_1R_ASYMMETRIC_V1,PAXG,PAXGUSDT,strategy-lab-v1.0.0:REPAIR_MR_1R_ASYMMETRIC_V1,1784527200000,2026-07-20T06:00:00+00:00,4006.01,4006.01,3998.34,3998.34,46.43435980551066,4004.0135,3989.096258599543,4025.5039999999995,9.986428571428567,0.0024976436649781076,50.64393939393937,1.5,False,RSI_NOT_BELOW_35|CLOSE_NOT_NEAR_OR_BELOW_LOWER_BB|CLOSE_NOT_ABOVE_MA200|RSI_RECOVERY_NOT_CONFIRMED
2026-07-22T11:29:02.911464+00:00,REPAIR_MR_1R_ASYMMETRIC_V1,PAXG,PAXGUSDT,strategy-lab-v1.0.0:REPAIR_MR_1R_ASYMMETRIC_V1,1784530800000,2026-07-20T07:00:00+00:00,3999.35,4015.47,3997.55,4015.47,54.38233264320212,4004.566,3988.833222241463,4025.08925,11.107142857142824,0.002766087869450606,46.43435980551066,1.5000000000000204,False,RSI_NOT_BELOW_35|CLOSE_NOT_NEAR_OR_BELOW_LOWER_BB|CLOSE_NOT_ABOVE_MA200
2026-07-22T11:29:02.911464+00:00,REPAIR_MR_1R_ASYMMETRIC_V1,PAXG,PAXGUSDT,strategy-lab-v1.0.0:REPAIR_MR_1R_ASYMMETRIC_V1,1784534400000,2026-07-20T08:00:00+00:00,4016.66,4023.29,4011.68,4011.68,51.80050067398409,4005.0640000000008,3989.09433701046,4024.665,11.808571428571408,0.002943547697865086,54.38233264320212,1.5000000000000193,False,RSI_NOT_BELOW_35|CLOSE_NOT_NEAR_OR_BELOW_LOWER_BB|CLOSE_NOT_ABOVE_MA200|RSI_RECOVERY_NOT_CONFIRMED
2026-07-22T11:29:02.911464+00:00,REPAIR_MR_1R_ASYMMETRIC_V1,PAXG,PAXGUSDT,strategy-lab-v1.0.0:REPAIR_MR_1R_ASYMMETRIC_V1,1784538000000,2026-07-20T09:00:00+00:00,4009.79,4015.75,4009.28,4011.84,52.40361270272906,4005.4620000000004,3989.235509806508,4024.2371,12.117142857142815,0.0030203454916304774,51.80050067398409,1.5000000000000189,False,RSI_NOT_BELOW_35|CLOSE_NOT_NEAR_OR_BELOW_LOWER_BB|CLOSE_NOT_ABOVE_MA200
2026-07-22T11:29:02.911464+00:00,REPAIR_MR_1R_ASYMMETRIC_V1,PAXG,PAXGUSDT,strategy-lab-v1.0.0:REPAIR_MR_1R_ASYMMETRIC_V1,1784541600000,2026-07-20T10:00:00+00:00,4011.91,4017.89,4011.91,4017.88,55.325034578146656,4006.0414999999994,3988.934193636942,4023.8284,12.375714285714205,0.003080160255088306,52.40361270272906,1.4999999999999816,False,RSI_NOT_BELOW_35|CLOSE_NOT_NEAR_OR_BELOW_LOWER_BB|CLOSE_NOT_ABOVE_MA200
2026-07-22T11:29:02.911464+00:00,REPAIR_MR_1R_ASYMMETRIC_V1,PAXG,PAXGUSDT,strategy-lab-v1.0.0:REPAIR_MR_1R_ASYMMETRIC_V1,1784545200000,2026-07-20T11:00:00+00:00,4017.53,4031.9,4013.52,4018.11,61.209349593495794,4006.696,3988.8111601628784,4023.4188999999997,12.942142857142796,0.003220952850256164,55.325034578146656,1.5000000000000175,False,RSI_NOT_BELOW_35|CLOSE_NOT_NEAR_OR_BELOW_LOWER_BB|CLOSE_NOT_ABOVE_MA200
2026-07-22T11:29:02.911464+00:00,REPAIR_MR_1R_ASYMMETRIC_V1,PAXG,PAXGUSDT,strategy-lab-v1.0.0:REPAIR_MR_1R_ASYMMETRIC_V1,1784548800000,2026-07-20T12:00:00+00:00,4018.1,4018.1,4000.9,4002.92,56.09574369004379,4006.6170000000006,3988.6801751973917,4022.93615,13.344285714285629,0.0033336378729241726,61.209349593495794,1.5,False,RSI_NOT_BELOW_35|CLOSE_NOT_NEAR_OR_BELOW_LOWER_BB|CLOSE_NOT_ABOVE_MA200|RSI_RECOVERY_NOT_CONFIRMED
2026-07-22T11:29:02.911464+00:00,REPAIR_MR_1R_ASYMMETRIC_V1,PAXG,PAXGUSDT,strategy-lab-v1.0.0:REPAIR_MR_1R_ASYMMETRIC_V1,1784552400000,2026-07-20T13:00:00+00:00,4005.63,4008.97,3996.35,3996.35,53.786390426861914,4006.1055,3987.6186089958455,4022.4267,13.886428571428496,0.0034747778776704984,56.09574369004379,1.5000000000000164,False,RSI_NOT_BELOW_35|CLOSE_NOT_NEAR_OR_BELOW_LOWER_BB|CLOSE_NOT_ABOVE_MA200|RSI_RECOVERY_NOT_CONFIRMED
2026-07-22T11:29:02.911464+00:00,REPAIR_MR_1R_ASYMMETRIC_V1,PAXG,PAXGUSDT,strategy-lab-v1.0.0:REPAIR_MR_1R_ASYMMETRIC_V1,1784556000000,2026-07-20T14:00:00+00:00,3998.55,4006.5,3992.65,4000.88,48.93931919092251,4005.7525,3987.1499519218605,4021.9492499999997,13.176428571428492,0.003293382598685412,53.786390426861914,1.4999999999999827,False,RSI_NOT_BELOW_35|CLOSE_NOT_NEAR_OR_BELOW_LOWER_BB|CLOSE_NOT_ABOVE_MA200|RSI_RECOVERY_NOT_CONFIRMED
2026-07-22T11:29:02.911464+00:00,REPAIR_MR_1R_ASYMMETRIC_V1,PAXG,PAXGUSDT,strategy-lab-v1.0.0:REPAIR_MR_1R_ASYMMETRIC_V1,1784559600000,2026-07-20T15:00:00+00:00,4001.04,4011.42,4001.02,4005.68,54.33479824210937,4005.692,3987.0967741611053,4021.4977500000005,12.422142857142783,0.00310113210669419,48.93931919092251,1.5,False,RSI_NOT_BELOW_35|CLOSE_NOT_NEAR_OR_BELOW_LOWER_BB|CLOSE_NOT_ABOVE_MA200
2026-07-22T11:29:02.911464+00:00,REPAIR_MR_1R_ASYMMETRIC_V1,PAXG,PAXGUSDT,strategy-lab-v1.0.0:REPAIR_MR_1R_ASYMMETRIC_V1,1784563200000,2026-07-20T16:00:00+00:00,4006.55,4011.99,3996.8,4004.36,43.07841239109386,4005.5935,3986.9919664342024,4021.0377000000003,11.705714285714196,0.002923242237389794,54.33479824210937,1.4999999999999807,False,RSI_NOT_BELOW_35|CLOSE_NOT_NEAR_OR_BELOW_LOWER_BB|CLOSE_NOT_ABOVE_MA200|RSI_RECOVERY_NOT_CONFIRMED
2026-07-22T11:29:02.911464+00:00,REPAIR_MR_1R_ASYMMETRIC_V1,PAXG,PAXGUSDT,strategy-lab-v1.0.0:REPAIR_MR_1R_ASYMMETRIC_V1,1784566800000,2026-07-20T17:00:00+00:00,4004.91,4006.68,3998.78,3999.4,38.74425727411936,4005.761,3987.4481346862513,4020.5491,11.767142857142744,0.0029422270483429372,43.07841239109386,1.5,False,RSI_NOT_BELOW_35|CLOSE_NOT_NEAR_OR_BELOW_LOWER_BB|CLOSE_NOT_ABOVE_MA200|RSI_RECOVERY_NOT_CONFIRMED
2026-07-22T11:29:02.911464+00:00,REPAIR_MR_1R_ASYMMETRIC_V1,PAXG,PAXGUSDT,strategy-lab-v1.0.0:REPAIR_MR_1R_ASYMMETRIC_V1,1784570400000,2026-07-20T18:00:00+00:00,4000.51,4006.15,3998.25,4000.73,41.76226507200386,4006.3059999999996,3989.3214253512338,4020.06455,11.832857142857035,0.0029576745101161624,38.74425727411936,1.4999999999999807,False,RSI_NOT_BELOW_35|CLOSE_NOT_NEAR_OR_BELOW_LOWER_BB|CLOSE_NOT_ABOVE_MA200
2026-07-22T11:29:02.911464+00:00,REPAIR_MR_1R_ASYMMETRIC_V1,PAXG,PAXGUSDT,strategy-lab-v1.0.0:REPAIR_MR_1R_ASYMMETRIC_V1,1784574000000,2026-07-20T19:00:00+00:00,4000.8,4009.79,3999.5,4002.99,47.99368504144178,4007.0620000000004,3992.21573501518,4019.60135,11.687857142857021,0.002919781748856985,41.76226507200386,1.5,False,RSI_NOT_BELOW_35|CLOSE_NOT_NEAR_OR_BELOW_LOWER_BB|CLOSE_NOT_ABOVE_MA200
2026-07-22T11:29:02.911464+00:00,REPAIR_MR_1R_ASYMMETRIC_V1,PAXG,PAXGUSDT,strategy-lab-v1.0.0:REPAIR_MR_1R_ASYMMETRIC_V1,1784577600000,2026-07-20T20:00:00+00:00,4002.32,4003.73,4001.17,4001.95,52.60273972602719,4007.0080000000003,3992.0957559033027,4019.13615,11.320714285714173,0.002828799531656861,47.99368504144178,1.49999999999998,False,RSI_NOT_BELOW_35|CLOSE_NOT_NEAR_OR_BELOW_LOWER_BB|CLOSE_NOT_ABOVE_MA200|RSI_RECOVERY_NOT_CONFIRMED
2026-07-22T11:29:02.911464+00:00,REPAIR_MR_1R_ASYMMETRIC_V1,PAXG,PAXGUSDT,strategy-lab-v1.0.0:REPAIR_MR_1R_ASYMMETRIC_V1,1784581200000,2026-07-20T21:00:00+00:00,4001.34,4006.11,4001.34,4002.62,37.852145963320154,4007.2889999999998,3992.9405479580723,4018.6823,10.381428571428485,0.0025936582966728005,52.60273972602719,1.500000000000022,False,RSI_NOT_BELOW_35|CLOSE_NOT_NEAR_OR_BELOW_LOWER_BB|CLOSE_NOT_ABOVE_MA200|RSI_RECOVERY_NOT_CONFIRMED
2026-07-22T11:29:02.911464+00:00,REPAIR_MR_1R_ASYMMETRIC_V1,PAXG,PAXGUSDT,strategy-lab-v1.0.0:REPAIR_MR_1R_ASYMMETRIC_V1,1784584800000,2026-07-20T22:00:00+00:00,4002.62,4005.08,3995.5,3995.51,35.61643835616461,4006.2744999999995,3991.6108449645217,4018.1841999999997,10.23642857142847,0.002561982968739528,37.852145963320154,1.5,False,RSI_NOT_BELOW_35|CLOSE_NOT_NEAR_OR_BELOW_LOWER_BB|CLOSE_NOT_ABOVE_MA200|RSI_RECOVERY_NOT_CONFIRMED
2026-07-22T11:29:02.911464+00:00,REPAIR_MR_1R_ASYMMETRIC_V1,PAXG,PAXGUSDT,strategy-lab-v1.0.0:REPAIR_MR_1R_ASYMMETRIC_V1,1784588400000,2026-07-20T23:00:00+00:00,3996.31,4003.42,3996.3,4000.38,40.594221930400366,4005.368,3991.6296105747615,4017.70065,10.339285714285618,0.0025845758938614874,35.61643835616461,1.500000000000022,False,RSI_NOT_BELOW_35|CLOSE_NOT_NEAR_OR_BELOW_LOWER_BB|CLOSE_NOT_ABOVE_MA200
2026-07-22T11:29:02.911464+00:00,REPAIR_MR_1R_ASYMMETRIC_V1,PAXG,PAXGUSDT,strategy-lab-v1.0.0:REPAIR_MR_1R_ASYMMETRIC_V1,1784592000000,2026-07-21T00:00:00+00:00,3999.97,4019.29,3999.1,4013.5,46.779411764705756,4005.3315000000002,3991.6839034716913,4017.2845999999995,11.34928571428564,0.0028277776789051054,40.594221930400366,1.5,False,RSI_NOT_BELOW_35|CLOSE_NOT_NEAR_OR_BELOW_LOWER_BB|CLOSE_NOT_ABOVE_MA200
2026-07-22T11:29:02.911464+00:00,REPAIR_MR_1R_ASYMMETRIC_V1,PAXG,PAXGUSDT,strategy-lab-v1.0.0:REPAIR_MR_1R_ASYMMETRIC_V1,1784595600000,2026-07-21T01:00:00+00:00,4018.59,4026.37,4015.81,4015.98,48.48398576512446,4005.8284999999996,3991.41161507296,4016.8981,10.955714285714196,0.0027280300912141484,46.779411764705756,1.4999999999999793,False,RSI_NOT_BELOW_35|CLOSE_NOT_NEAR_OR_BELOW_LOWER_BB|CLOSE_NOT_ABOVE_MA200
2026-07-22T11:29:02.911464+00:00,REPAIR_MR_1R_ASYMMETRIC_V1,PAXG,PAXGUSDT,strategy-lab-v1.0.0:REPAIR_MR_1R_ASYMMETRIC_V1,1784599200000,2026-07-21T02:00:00+00:00,4016.01,4036.5,4016.01,4033.25,70.96640398175055,4007.5739999999996,3989.275593074819,4016.6001,11.192142857142764,0.002774968786249988,48.48398576512446,1.4999999999999798,False,RSI_NOT_BELOW_35|CLOSE_NOT_NEAR_OR_BELOW_LOWER_BB
2026-07-22T11:29:02.911464+00:00,REPAIR_MR_1R_ASYMMETRIC_V1,PAXG,PAXGUSDT,strategy-lab-v1.0.0:REPAIR_MR_1R_ASYMMETRIC_V1,1784602800000,2026-07-21T03:00:00+00:00,4033.16,4043.5,4030.99,4040.18,80.14857614527494,4008.8095000000003,3985.8119623274692,4016.3322000000003,11.184285714285645,0.0027682642145363933,70.96640398175055,1.5,False,RSI_NOT_BELOW_35|CLOSE_NOT_NEAR_OR_BELOW_LOWER_BB
2026-07-22T11:29:02.911464+00:00,REPAIR_MR_1R_ASYMMETRIC_V1,PAXG,PAXGUSDT,strategy-lab-v1.0.0:REPAIR_MR_1R_ASYMMETRIC_V1,1784606400000,2026-07-21T04:00:00+00:00,4039.82,4043.46,4036.67,4041.48,79.22545349841684,4010.2994999999996,3983.2471304365126,4016.0532000000003,10.679999999999934,0.002642596276611522,80.14857614527494,1.4999999999999787,False,RSI_NOT_BELOW_35|CLOSE_NOT_NEAR_OR_BELOW_LOWER_BB|RSI_RECOVERY_NOT_CONFIRMED
2026-07-22T11:29:02.911464+00:00,REPAIR_MR_1R_ASYMMETRIC_V1,PAXG,PAXGUSDT,strategy-lab-v1.0.0:REPAIR_MR_1R_ASYMMETRIC_V1,1784610000000,2026-07-21T05:00:00+00:00,4040.1,4058.33,4040.1,4053.05,81.07044470680893,4012.3599999999997,3979.498252024588,4015.8934500000005,11.229285714285652,0.0027705766556755163,79.22545349841684,1.5,False,RSI_NOT_BELOW_35|CLOSE_NOT_NEAR_OR_BELOW_LOWER_BB
2026-07-22T11:29:02.911464+00:00,REPAIR_MR_1R_ASYMMETRIC_V1,PAXG,PAXGUSDT,strategy-lab-v1.0.0:REPAIR_MR_1R_ASYMMETRIC_V1,1784613600000,2026-07-21T06:00:00+00:00,4054.51,4074.41,4054.51,4070.78,85.84844559585518,4015.005,3973.431022802726,4015.9064499999995,11.669999999999943,0.0028667724612973294,81.07044470680893,1.5,False,RSI_NOT_BELOW_35|CLOSE_NOT_NEAR_OR_BELOW_LOWER_BB
2026-07-22T11:29:02.911464+00:00,REPAIR_MR_1R_ASYMMETRIC_V1,PAXG,PAXGUSDT,strategy-lab-v1.0.0:REPAIR_MR_1R_ASYMMETRIC_V1,1784617200000,2026-07-21T07:00:00+00:00,4069.79,4070.02,4059.47,4060.0,80.77391834247419,4017.0995000000003,3971.1230967152774,4015.8189499999994,11.913571428571426,0.002934377199155524,85.84844559585518,1.5,False,RSI_NOT_BELOW_35|CLOSE_NOT_NEAR_OR_BELOW_LOWER_BB|RSI_RECOVERY_NOT_CONFIRMED
2026-07-22T11:29:02.911464+00:00,REPAIR_MR_1R_ASYMMETRIC_V1,PAXG,PAXGUSDT,strategy-lab-v1.0.0:REPAIR_MR_1R_ASYMMETRIC_V1,1784620800000,2026-07-21T08:00:00+00:00,4058.53,4059.44,4052.75,4056.32,77.57166947723462,4019.7695,3971.2643256471592,4015.78895,11.867142857142849,0.0029255933597800094,80.77391834247419,1.500000000000019,False,RSI_NOT_BELOW_35|CLOSE_NOT_NEAR_OR_BELOW_LOWER_BB|RSI_RECOVERY_NOT_CONFIRMED
2026-07-22T11:29:02.911464+00:00,REPAIR_MR_1R_ASYMMETRIC_V1,PAXG,PAXGUSDT,strategy-lab-v1.0.0:REPAIR_MR_1R_ASYMMETRIC_V1,1784624400000,2026-07-21T09:00:00+00:00,4057.9,4060.0,4054.37,4058.3,77.50920123346292,4022.8669999999997,3972.851010516641,4015.74805,11.534285714285716,0.002842147134092037,77.57166947723462,1.5000000000000198,False,RSI_NOT_BELOW_35|CLOSE_NOT_NEAR_OR_BELOW_LOWER_BB|RSI_RECOVERY_NOT_CONFIRMED
2026-07-22T11:29:02.911464+00:00,REPAIR_MR_1R_ASYMMETRIC_V1,PAXG,PAXGUSDT,strategy-lab-v1.0.0:REPAIR_MR_1R_ASYMMETRIC_V1,1784628000000,2026-07-21T10:00:00+00:00,4056.22,4062.79,4054.39,4056.63,77.02649268485585,4025.6544999999996,3974.6464518213106,4015.7195999999994,11.951428571428583,0.002946147065773458,77.50920123346292,1.5,False,RSI_NOT_BELOW_35|CLOSE_NOT_NEAR_OR_BELOW_LOWER_BB|RSI_RECOVERY_NOT_CONFIRMED
2026-07-22T11:29:02.911464+00:00,REPAIR_MR_1R_ASYMMETRIC_V1,PAXG,PAXGUSDT,strategy-lab-v1.0.0:REPAIR_MR_1R_ASYMMETRIC_V1,1784631600000,2026-07-21T11:00:00+00:00,4053.04,4053.04,4048.13,4048.78,71.3033044120364,4027.8095000000003,3976.7173626499202,4015.70185,12.217857142857156,0.0030176638747615716,77.02649268485585,1.4999999999999813,False,RSI_NOT_BELOW_35|CLOSE_NOT_NEAR_OR_BELOW_LOWER_BB|RSI_RECOVERY_NOT_CONFIRMED
2026-07-22T11:29:02.911464+00:00,REPAIR_MR_1R_ASYMMETRIC_V1,PAXG,PAXGUSDT,strategy-lab-v1.0.0:REPAIR_MR_1R_ASYMMETRIC_V1,1784635200000,2026-07-21T12:00:00+00:00,4049.05,4056.94,4044.81,4050.22,76.64361546703019,4030.1025,3979.310321517487,4015.7084499999996,12.400000000000025,0.0030615620879853502,71.3033044120364,1.4999999999999816,False,RSI_NOT_BELOW_35|CLOSE_NOT_NEAR_OR_BELOW_LOWER_BB
2026-07-22T11:29:02.911464+00:00,REPAIR_MR_1R_ASYMMETRIC_V1,PAXG,PAXGUSDT,strategy-lab-v1.0.0:REPAIR_MR_1R_ASYMMETRIC_V1,1784638800000,2026-07-21T13:00:00+00:00,4051.0,4052.52,4038.35,4045.83,72.23798806145415,4032.424,3983.2383303796782,4015.6973000000003,12.847142857142899,0.003175403528359545,76.64361546703019,1.5,False,RSI_NOT_BELOW_35|CLOSE_NOT_NEAR_OR_BELOW_LOWER_BB|RSI_RECOVERY_NOT_CONFIRMED
2026-07-22T11:29:02.911464+00:00,REPAIR_MR_1R_ASYMMETRIC_V1,PAXG,PAXGUSDT,strategy-lab-v1.0.0:REPAIR_MR_1R_ASYMMETRIC_V1,1784642400000,2026-07-21T14:00:00+00:00,4045.81,4066.39,4045.81,4061.45,72.90094564905912,4035.46,3986.983606569801,4015.7805,12.875000000000032,0.0031700501052579822,72.23798806145415,1.5,False,RSI_NOT_BELOW_35|CLOSE_NOT_NEAR_OR_BELOW_LOWER_BB
2026-07-22T11:29:02.911464+00:00,REPAIR_MR_1R_ASYMMETRIC_V1,PAXG,PAXGUSDT,strategy-lab-v1.0.0:REPAIR_MR_1R_ASYMMETRIC_V1,1784646000000,2026-07-21T15:00:00+00:00,4059.94,4073.56,4059.57,4066.52,73.55518269947804,4038.6364999999996,3990.7649567723215,4015.8131,12.955000000000025,0.003185770634350753,72.90094564905912,1.5,False,RSI_NOT_BELOW_35|CLOSE_NOT_NEAR_OR_BELOW_LOWER_BB
2026-07-22T11:29:02.911464+00:00,REPAIR_MR_1R_ASYMMETRIC_V1,PAXG,PAXGUSDT,strategy-lab-v1.0.0:REPAIR_MR_1R_ASYMMETRIC_V1,1784649600000,2026-07-21T16:00:00+00:00,4067.79,4070.37,4061.77,4063.64,66.35805791796744,4041.721,3995.7918890136175,4015.78965,12.103571428571447,0.002978504845057989,73.55518269947804,1.5000000000000189,False,RSI_NOT_BELOW_35|CLOSE_NOT_NEAR_OR_BELOW_LOWER_BB|RSI_RECOVERY_NOT_CONFIRMED
2026-07-22T11:29:02.911464+00:00,REPAIR_MR_1R_ASYMMETRIC_V1,PAXG,PAXGUSDT,strategy-lab-v1.0.0:REPAIR_MR_1R_ASYMMETRIC_V1,1784653200000,2026-07-21T17:00:00+00:00,4063.63,4064.72,4058.35,4060.6,61.47191011235959,4044.6200000000003,4001.708787945347,4015.7746,11.664999999999996,0.002872728168250996,66.35805791796744,1.5,False,RSI_NOT_BELOW_35|CLOSE_NOT_NEAR_OR_BELOW_LOWER_BB|RSI_RECOVERY_NOT_CONFIRMED
2026-07-22T11:29:02.911464+00:00,REPAIR_MR_1R_ASYMMETRIC_V1,PAXG,PAXGUSDT,strategy-lab-v1.0.0:REPAIR_MR_1R_ASYMMETRIC_V1,1784656800000,2026-07-21T18:00:00+00:00,4060.42,4077.19,4060.23,4074.11,66.11994862167775,4048.5500000000006,4010.194216602976,4015.8749,12.391428571428573,0.0030415056469826718,61.47191011235959,1.4999999999999816,False,RSI_NOT_BELOW_35|CLOSE_NOT_NEAR_OR_BELOW_LOWER_BB
2026-07-22T11:29:02.911464+00:00,REPAIR_MR_1R_ASYMMETRIC_V1,PAXG,PAXGUSDT,strategy-lab-v1.0.0:REPAIR_MR_1R_ASYMMETRIC_V1,1784660400000,2026-07-21T19:00:00+00:00,4076.33,4076.57,4071.96,4074.03,61.69193045028983,4052.2325000000005,4019.328105232744,4015.995,11.418571428571438,0.0028027705806219975,66.11994862167775,1.5,False,RSI_NOT_BELOW_35|CLOSE_NOT_NEAR_OR_BELOW_LOWER_BB|RSI_RECOVERY_NOT_CONFIRMED
2026-07-22T11:29:02.911464+00:00,REPAIR_MR_1R_ASYMMETRIC_V1,PAXG,PAXGUSDT,strategy-lab-v1.0.0:REPAIR_MR_1R_ASYMMETRIC_V1,1784664000000,2026-07-21T20:00:00+00:00,4075.27,4077.0,4069.26,4069.26,49.00990099009902,4055.0205,4026.5678505803157,4016.0489000000002,10.445714285714303,0.0025669812903855497,61.69193045028983,1.4999999999999782,False,RSI_NOT_BELOW_35|CLOSE_NOT_NEAR_OR_BELOW_LOWER_BB|RSI_RECOVERY_NOT_CONFIRMED
2026-07-22T11:29:02.911464+00:00,REPAIR_MR_1R_ASYMMETRIC_V1,PAXG,PAXGUSDT,strategy-lab-v1.0.0:REPAIR_MR_1R_ASYMMETRIC_V1,1784667600000,2026-07-21T21:00:00+00:00,4069.24,4071.84,4068.85,4071.51,58.4347061409939,4057.797,4034.812961103421,4016.2387,9.851428571428576,0.0024196007307924028,49.00990099009902,1.500000000000023,False,RSI_NOT_BELOW_35|CLOSE_NOT_NEAR_OR_BELOW_LOWER_BB
2026-07-22T11:29:02.911464+00:00,REPAIR_MR_1R_ASYMMETRIC_V1,PAXG,PAXGUSDT,strategy-lab-v1.0.0:REPAIR_MR_1R_ASYMMETRIC_V1,1784671200000,2026-07-21T22:00:00+00:00,4071.42,4075.73,4068.44,4071.43,61.68961782453941,4059.7060000000006,4038.961130369187,4016.5469,9.854285714285718,0.0024203500279473596,58.4347061409939,1.5,False,RSI_NOT_BELOW_35|CLOSE_NOT_NEAR_OR_BELOW_LOWER_BB|RSI_RECOVERY_NOT_CONFIRMED
2026-07-22T11:29:02.911464+00:00,REPAIR_MR_1R_ASYMMETRIC_V1,PAXG,PAXGUSDT,strategy-lab-v1.0.0:REPAIR_MR_1R_ASYMMETRIC_V1,1784674800000,2026-07-21T23:00:00+00:00,4071.16,4073.29,4069.9,4070.1,59.22163175992476,4061.2019999999998,4042.0512385530114,4016.8448000000003,9.6942857142857,0.00238182986027019,61.68961782453941,1.5,False,RSI_NOT_BELOW_35|CLOSE_NOT_NEAR_OR_BELOW_LOWER_BB|RSI_RECOVERY_NOT_CONFIRMED
2026-07-22T11:29:02.911464+00:00,REPAIR_MR_1R_ASYMMETRIC_V1,PAXG,PAXGUSDT,strategy-lab-v1.0.0:REPAIR_MR_1R_ASYMMETRIC_V1,1784678400000,2026-07-22T00:00:00+00:00,4069.79,4092.66,4069.68,4092.66,71.22658183103557,4063.761,4042.2973694590255,4017.3581,10.735714285714266,0.0026231630005214865,59.22163175992476,1.500000000000021,False,RSI_NOT_BELOW_35|CLOSE_NOT_NEAR_OR_BELOW_LOWER_BB
2026-07-22T11:29:02.911464+00:00,REPAIR_MR_1R_ASYMMETRIC_V1,PAXG,PAXGUSDT,strategy-lab-v1.0.0:REPAIR_MR_1R_ASYMMETRIC_V1,1784682000000,2026-07-22T01:00:00+00:00,4095.0,4112.91,4094.24,4111.27,82.67280142214778,4066.672,4037.427040365912,4017.96125,11.57499999999998,0.002815431727908889,71.22658183103557,1.5000000000000393,False,RSI_NOT_BELOW_35|CLOSE_NOT_NEAR_OR_BELOW_LOWER_BB
2026-07-22T11:29:02.911464+00:00,REPAIR_MR_1R_ASYMMETRIC_V1,PAXG,PAXGUSDT,strategy-lab-v1.0.0:REPAIR_MR_1R_ASYMMETRIC_V1,1784685600000,2026-07-22T02:00:00+00:00,4111.43,4119.08,4109.37,4119.08,83.75490196078422,4069.0870000000004,4031.967149192118,4018.5627499999996,11.402142857142833,0.0027681285280069415,82.67280142214778,1.5,False,RSI_NOT_BELOW_35|CLOSE_NOT_NEAR_OR_BELOW_LOWER_BB
2026-07-22T11:29:02.911464+00:00,REPAIR_MR_1R_ASYMMETRIC_V1,PAXG,PAXGUSDT,strategy-lab-v1.0.0:REPAIR_MR_1R_ASYMMETRIC_V1,1784689200000,2026-07-22T03:00:00+00:00,4119.52,4130.84,4119.08,4119.78,87.6106194690263,4072.076,4029.1855794378343,4019.16865,11.229999999999986,0.002725873711703049,83.75490196078422,1.5,False,RSI_NOT_BELOW_35|CLOSE_NOT_NEAR_OR_BELOW_LOWER_BB
2026-07-22T11:29:02.911464+00:00,REPAIR_MR_1R_ASYMMETRIC_V1,PAXG,PAXGUSDT,strategy-lab-v1.0.0:REPAIR_MR_1R_ASYMMETRIC_V1,1784692800000,2026-07-22T04:00:00+00:00,4118.2,4118.2,4113.4,4115.45,81.02735003447468,4075.0325,4028.8671983655536,4019.7523000000006,10.215714285714284,0.0024822836593116878,87.6106194690263,1.5,False,RSI_NOT_BELOW_35|CLOSE_NOT_NEAR_OR_BELOW_LOWER_BB|RSI_RECOVERY_NOT_CONFIRMED
2026-07-22T11:29:02.911464+00:00,REPAIR_MR_1R_ASYMMETRIC_V1,PAXG,PAXGUSDT,strategy-lab-v1.0.0:REPAIR_MR_1R_ASYMMETRIC_V1,1784696400000,2026-07-22T05:00:00+00:00,4115.49,4121.9,4112.31,4121.9,81.32352941176448,4078.2125,4028.472147417822,4020.3568,9.90142857142853,0.0024021515736501447,81.02735003447468,1.499999999999954,False,RSI_NOT_BELOW_35|CLOSE_NOT_NEAR_OR_BELOW_LOWER_BB
2026-07-22T11:29:02.911464+00:00,REPAIR_MR_1R_ASYMMETRIC_V1,PAXG,PAXGUSDT,strategy-lab-v1.0.0:REPAIR_MR_1R_ASYMMETRIC_V1,1784700000000,2026-07-22T06:00:00+00:00,4122.48,4123.07,4103.11,4105.08,70.24623803009584,4080.6349999999998,4030.616600385464,4020.9084000000003,10.712857142857112,0.0026096585554622838,81.32352941176448,1.5000000000000213,False,RSI_NOT_BELOW_35|CLOSE_NOT_NEAR_OR_BELOW_LOWER_BB|RSI_RECOVERY_NOT_CONFIRMED
2026-07-22T11:29:02.911464+00:00,REPAIR_MR_1R_ASYMMETRIC_V1,PAXG,PAXGUSDT,strategy-lab-v1.0.0:REPAIR_MR_1R_ASYMMETRIC_V1,1784703600000,2026-07-22T07:00:00+00:00,4104.27,4110.15,4097.97,4099.64,68.63662402138661,4083.178,4034.7500875527408,4021.4298500000004,11.127857142857076,0.002714349831413752,70.24623803009584,1.4999999999999796,False,RSI_NOT_BELOW_35|CLOSE_NOT_NEAR_OR_BELOW_LOWER_BB|RSI_RECOVERY_NOT_CONFIRMED
2026-07-22T11:29:02.911464+00:00,REPAIR_MR_1R_ASYMMETRIC_V1,PAXG,PAXGUSDT,strategy-lab-v1.0.0:REPAIR_MR_1R_ASYMMETRIC_V1,1784707200000,2026-07-22T08:00:00+00:00,4101.76,4109.43,4100.37,4109.43,67.48168679469435,4086.1385,4038.907239049234,4021.99675,10.615714285714214,0.0025832571149074723,68.63662402138661,1.4999999999999571,False,RSI_NOT_BELOW_35|CLOSE_NOT_NEAR_OR_BELOW_LOWER_BB|RSI_RECOVERY_NOT_CONFIRMED
2026-07-22T11:29:02.911464+00:00,REPAIR_MR_1R_ASYMMETRIC_V1,PAXG,PAXGUSDT,strategy-lab-v1.0.0:REPAIR_MR_1R_ASYMMETRIC_V1,1784710800000,2026-07-22T09:00:00+00:00,4109.75,4111.71,4103.19,4103.34,63.69242268522851,4089.014,4045.060145834531,4022.4995,10.89499999999995,0.0026551540939819636,67.48168679469435,1.4999999999999791,False,RSI_NOT_BELOW_35|CLOSE_NOT_NEAR_OR_BELOW_LOWER_BB|RSI_RECOVERY_NOT_CONFIRMED
2026-07-22T11:29:02.911464+00:00,REPAIR_MR_1R_ASYMMETRIC_V1,PAXG,PAXGUSDT,strategy-lab-v1.0.0:REPAIR_MR_1R_ASYMMETRIC_V1,1784714400000,2026-07-22T10:00:00+00:00,4104.32,4111.43,4104.32,4107.81,68.05958961866408,4091.332,4048.563414519541,4022.9881,10.919999999999975,0.0026583508000613404,63.69242268522851,1.5,False,RSI_NOT_BELOW_35|CLOSE_NOT_NEAR_OR_BELOW_LOWER_BB
2026-07-22T11:29:02.911464+00:00,REPAIR_MR_1R_ASYMMETRIC_V1,PAXG,PAXGUSDT,strategy-lab-v1.0.0:REPAIR_MR_1R_ASYMMETRIC_V1,1784718000000,2026-07-22T11:00:00+00:00,4106.76,4112.65,4105.45,4108.54,67.59813705921493,4093.433,4051.6288006415707,4023.4797000000003,11.220714285714232,0.0027310709609044167,68.05958961866408,1.5000000000000406,False,RSI_NOT_BELOW_35|CLOSE_NOT_NEAR_OR_BELOW_LOWER_BB|RSI_RECOVERY_NOT_CONFIRMED
2026-07-22T13:02:04.910890+00:00,REPAIR_MR_1R_ASYMMETRIC_V1,BTC,BTCUSDT,strategy-lab-v1.0.0:REPAIR_MR_1R_ASYMMETRIC_V1,1784721600000,2026-07-22T12:00:00+00:00,65972.5,65975.04,65484.0,65586.01,34.51476562642317,66156.05299999999,65638.22523596534,64619.45625,283.2964285714282,0.004319464296904602,40.09523557577827,1.5,False,RSI_RECOVERY_NOT_CONFIRMED
2026-07-22T13:02:04.910890+00:00,REPAIR_MR_1R_ASYMMETRIC_V1,BTC,BTCUSDT,strategy-lab-v1.0.0:REPAIR_MR_1R_ASYMMETRIC_V1,1784725200000,2026-07-22T13:00:00+00:00,65586.0,65600.04,65564.7,65571.06,25.894961283806452,66126.40599999999,65549.29202008172,64634.041450000004,260.84214285714137,0.003978007109495277,34.51476562642317,1.499999999999986,False,CLOSE_NOT_NEAR_OR_BELOW_LOWER_BB|RSI_RECOVERY_NOT_CONFIRMED
2026-07-22T13:02:04.910890+00:00,REPAIR_MR_1R_ASYMMETRIC_V1,SOL,SOLUSDT,strategy-lab-v1.0.0:REPAIR_MR_1R_ASYMMETRIC_V1,1784721600000,2026-07-22T12:00:00+00:00,77.52,77.52,76.93,77.17,37.88819875776406,77.739,77.0113489847455,76.48145000000001,0.4250000000000002,0.00550732149799145,41.63822525597264,1.5000000000000167,False,RSI_NOT_BELOW_35|CLOSE_NOT_NEAR_OR_BELOW_LOWER_BB|RSI_RECOVERY_NOT_CONFIRMED
2026-07-22T13:02:04.910890+00:00,REPAIR_MR_1R_ASYMMETRIC_V1,XRP,XRPUSDT,strategy-lab-v1.0.0:REPAIR_MR_1R_ASYMMETRIC_V1,1784721600000,2026-07-22T12:00:00+00:00,1.138,1.1382,1.1325,1.1361,42.44186046511641,1.1417300000000001,1.1258081784961562,1.1046500000000001,0.005128571428571403,0.004514190149257463,39.24731182795695,1.5000000000000215,False,RSI_NOT_BELOW_35|CLOSE_NOT_NEAR_OR_BELOW_LOWER_BB|RSI_RECOVERY_NOT_CONFIRMED
2026-07-22T13:02:04.910890+00:00,REPAIR_MR_1R_ASYMMETRIC_V1,XRP,XRPUSDT,strategy-lab-v1.0.0:REPAIR_MR_1R_ASYMMETRIC_V1,1784725200000,2026-07-22T13:00:00+00:00,1.1361,1.1362,1.1349,1.1354,38.25301204819269,1.1406500000000002,1.1261511034902563,1.1049755,0.004807142857142835,0.004233876041168606,42.44186046511641,1.500000000000023,False,RSI_NOT_BELOW_35|CLOSE_NOT_NEAR_OR_BELOW_LOWER_BB|RSI_RECOVERY_NOT_CONFIRMED
2026-07-22T13:02:04.910890+00:00,REPAIR_MR_1R_ASYMMETRIC_V1,DOGE,DOGEUSDT,strategy-lab-v1.0.0:REPAIR_MR_1R_ASYMMETRIC_V1,1784721600000,2026-07-22T12:00:00+00:00,0.07258,0.07258,0.07211,0.07237,39.70149253731347,0.0730025,0.07202229849010565,0.07288069999999999,0.0004149999999999987,0.005734420339919838,38.55072463768116,1.5,False,RSI_NOT_BELOW_35|CLOSE_NOT_NEAR_OR_BELOW_LOWER_BB|CLOSE_NOT_ABOVE_MA200|RSI_RECOVERY_NOT_CONFIRMED
2026-07-22T13:02:04.910890+00:00,REPAIR_MR_1R_ASYMMETRIC_V1,DOGE,DOGEUSDT,strategy-lab-v1.0.0:REPAIR_MR_1R_ASYMMETRIC_V1,1784725200000,2026-07-22T13:00:00+00:00,0.07239,0.07239,0.07231,0.07232,33.44051446945333,0.072956,0.07193960637546312,0.07288095,0.00039285714285714125,0.005432206068267993,39.70149253731347,1.5,False,CLOSE_NOT_NEAR_OR_BELOW_LOWER_BB|CLOSE_NOT_ABOVE_MA200|RSI_RECOVERY_NOT_CONFIRMED
2026-07-22T13:02:04.910890+00:00,REPAIR_MR_1R_ASYMMETRIC_V1,BNB,BNBUSDT,strategy-lab-v1.0.0:REPAIR_MR_1R_ASYMMETRIC_V1,1784721600000,2026-07-22T12:00:00+00:00,570.57,570.65,569.1,569.82,41.15713346482592,571.437,567.7071898171669,572.47955,1.835000000000004,0.0032203151872521214,42.24021592442658,1.5,False,RSI_NOT_BELOW_35|CLOSE_NOT_NEAR_OR_BELOW_LOWER_BB|CLOSE_NOT_ABOVE_MA200|RSI_RECOVERY_NOT_CONFIRMED
2026-07-22T13:02:04.910890+00:00,REPAIR_MR_1R_ASYMMETRIC_V1,PAXG,PAXGUSDT,strategy-lab-v1.0.0:REPAIR_MR_1R_ASYMMETRIC_V1,1784721600000,2026-07-22T12:00:00+00:00,4113.16,4122.53,4099.59,4105.27,64.64935064935108,4095.692,4055.671386011761,4023.9465499999997,12.398571428571358,0.0030201598015651486,68.65575579257089,1.4999999999999816,False,RSI_NOT_BELOW_35|CLOSE_NOT_NEAR_OR_BELOW_LOWER_BB|RSI_RECOVERY_NOT_CONFIRMED
2026-07-22T13:02:04.910890+00:00,REPAIR_MR_1R_ASYMMETRIC_V1,PAXG,PAXGUSDT,strategy-lab-v1.0.0:REPAIR_MR_1R_ASYMMETRIC_V1,1784725200000,2026-07-22T13:00:00+00:00,4106.7,4109.3,4106.7,4109.3,66.58206429780067,4098.1269999999995,4061.131345066001,4024.3698,12.444285714285636,0.003028322515826451,64.64935064935108,1.5,False,RSI_NOT_BELOW_35|CLOSE_NOT_NEAR_OR_BELOW_LOWER_BB
2026-07-22T15:10:47.196087+00:00,REPAIR_MR_1R_ASYMMETRIC_V1,BTC,BTCUSDT,strategy-lab-v1.0.0:REPAIR_MR_1R_ASYMMETRIC_V1,1784728800000,2026-07-22T14:00:00+00:00,65909.48,66182.56,65544.97,65761.0,32.52928604509833,66117.4585,65567.62667300913,64651.815,320.42499999999825,0.0048725688477973,36.67581268139731,1.5000000000000113,False,CLOSE_NOT_NEAR_OR_BELOW_LOWER_BB|RSI_RECOVERY_NOT_CONFIRMED
2026-07-22T15:10:47.196087+00:00,REPAIR_MR_1R_ASYMMETRIC_V1,BTC,BTCUSDT,strategy-lab-v1.0.0:REPAIR_MR_1R_ASYMMETRIC_V1,1784732400000,2026-07-22T15:00:00+00:00,65760.99,65928.75,65760.99,65895.0,39.218575613839064,66091.0085,65551.91607140162,64668.95190000001,305.5099999999984,0.004636315350178289,32.52928604509833,1.4999999999999762,False,RSI_NOT_BELOW_35|CLOSE_NOT_NEAR_OR_BELOW_LOWER_BB
2026-07-22T15:10:47.196087+00:00,REPAIR_MR_1R_ASYMMETRIC_V1,SOL,SOLUSDT,strategy-lab-v1.0.0:REPAIR_MR_1R_ASYMMETRIC_V1,1784725200000,2026-07-22T13:00:00+00:00,77.19,77.9,77.08,77.82,46.36118598382736,77.7455,77.01882331811149,76.494,0.45500000000000035,0.005846826008738119,38.00623052959516,1.4999999999999845,False,RSI_NOT_BELOW_35|CLOSE_NOT_NEAR_OR_BELOW_LOWER_BB
2026-07-22T15:10:47.196087+00:00,REPAIR_MR_1R_ASYMMETRIC_V1,SOL,SOLUSDT,strategy-lab-v1.0.0:REPAIR_MR_1R_ASYMMETRIC_V1,1784728800000,2026-07-22T14:00:00+00:00,77.8,78.35,77.35,77.85,41.98250728862959,77.747,77.01959089914924,76.50795,0.49214285714285716,0.006321680888154877,46.36118598382736,1.5,False,RSI_NOT_BELOW_35|CLOSE_NOT_NEAR_OR_BELOW_LOWER_BB|RSI_RECOVERY_NOT_CONFIRMED
2026-07-22T15:10:47.196087+00:00,REPAIR_MR_1R_ASYMMETRIC_V1,SOL,SOLUSDT,strategy-lab-v1.0.0:REPAIR_MR_1R_ASYMMETRIC_V1,1784732400000,2026-07-22T15:00:00+00:00,77.86,78.23,77.86,78.11,47.35376044568249,77.76050000000001,77.01684752740242,76.5241,0.49285714285714327,0.006309782906889556,41.98250728862959,1.5000000000000144,False,RSI_NOT_BELOW_35|CLOSE_NOT_NEAR_OR_BELOW_LOWER_BB
2026-07-22T15:10:47.196087+00:00,REPAIR_MR_1R_ASYMMETRIC_V1,XRP,XRPUSDT,strategy-lab-v1.0.0:REPAIR_MR_1R_ASYMMETRIC_V1,1784728800000,2026-07-22T14:00:00+00:00,1.1421,1.161,1.1357,1.1419,45.9677419354837,1.1402050000000001,1.1280705078392115,1.105376,0.00674999999999997,0.005911200630528041,48.704663212435364,1.4999999999999836,False,RSI_NOT_BELOW_35|CLOSE_NOT_NEAR_OR_BELOW_LOWER_BB|RSI_RECOVERY_NOT_CONFIRMED
2026-07-22T15:10:47.196087+00:00,REPAIR_MR_1R_ASYMMETRIC_V1,XRP,XRPUSDT,strategy-lab-v1.0.0:REPAIR_MR_1R_ASYMMETRIC_V1,1784732400000,2026-07-22T15:00:00+00:00,1.1419,1.1471,1.1419,1.1459,52.88220551378444,1.1396849999999998,1.1296430330611855,1.1057675,0.0067999999999999805,0.0059342001919888135,45.9677419354837,1.4999999999999836,False,RSI_NOT_BELOW_35|CLOSE_NOT_NEAR_OR_BELOW_LOWER_BB
2026-07-22T15:10:47.196087+00:00,REPAIR_MR_1R_ASYMMETRIC_V1,DOGE,DOGEUSDT,strategy-lab-v1.0.0:REPAIR_MR_1R_ASYMMETRIC_V1,1784728800000,2026-07-22T14:00:00+00:00,0.07283,0.0733,0.07244,0.07283,36.875000000000085,0.0729495,0.07199255747299031,0.0728863,0.0004478571428571417,0.006149349757752872,41.95402298850564,1.5,False,RSI_NOT_BELOW_35|CLOSE_NOT_NEAR_OR_BELOW_LOWER_BB|CLOSE_NOT_ABOVE_MA200|RSI_RECOVERY_NOT_CONFIRMED
2026-07-22T15:10:47.196087+00:00,REPAIR_MR_1R_ASYMMETRIC_V1,DOGE,DOGEUSDT,strategy-lab-v1.0.0:REPAIR_MR_1R_ASYMMETRIC_V1,1784732400000,2026-07-22T15:00:00+00:00,0.07283,0.07299,0.07281,0.07293,39.999999999999915,0.072922,0.07199652498683123,0.07289065,0.00042571428571428524,0.0058372999549470075,36.875000000000085,1.5,False,RSI_NOT_BELOW_35|CLOSE_NOT_NEAR_OR_BELOW_LOWER_BB
2026-07-22T15:10:47.196087+00:00,REPAIR_MR_1R_ASYMMETRIC_V1,BNB,BNBUSDT,strategy-lab-v1.0.0:REPAIR_MR_1R_ASYMMETRIC_V1,1784725200000,2026-07-22T13:00:00+00:00,569.9,572.45,569.78,571.83,44.20199501246873,571.3810000000001,567.7105782258756,572.4905,1.8800000000000037,0.0032876903974957653,41.15713346482592,1.5000000000000302,False,RSI_NOT_BELOW_35|CLOSE_NOT_NEAR_OR_BELOW_LOWER_BB|CLOSE_NOT_ABOVE_MA200
2026-07-22T15:10:47.196087+00:00,REPAIR_MR_1R_ASYMMETRIC_V1,BNB,BNBUSDT,strategy-lab-v1.0.0:REPAIR_MR_1R_ASYMMETRIC_V1,1784728800000,2026-07-22T14:00:00+00:00,571.93,574.67,570.25,570.72,38.130381303812904,571.2655,567.6651973738356,572.50095,2.0585714285714323,0.003606972646081147,44.20199501246873,1.5,False,RSI_NOT_BELOW_35|CLOSE_NOT_NEAR_OR_BELOW_LOWER_BB|CLOSE_NOT_ABOVE_MA200|RSI_RECOVERY_NOT_CONFIRMED
2026-07-22T15:10:47.196087+00:00,REPAIR_MR_1R_ASYMMETRIC_V1,BNB,BNBUSDT,strategy-lab-v1.0.0:REPAIR_MR_1R_ASYMMETRIC_V1,1784732400000,2026-07-22T15:00:00+00:00,570.84,571.32,570.73,571.07,43.32010582010583,571.1969999999999,567.6367803438599,572.5098,1.971428571428573,0.0034521662343120333,38.130381303812904,1.5,False,RSI_NOT_BELOW_35|CLOSE_NOT_NEAR_OR_BELOW_LOWER_BB|CLOSE_NOT_ABOVE_MA200
2026-07-22T15:10:47.196087+00:00,REPAIR_MR_1R_ASYMMETRIC_V1,PAXG,PAXGUSDT,strategy-lab-v1.0.0:REPAIR_MR_1R_ASYMMETRIC_V1,1784728800000,2026-07-22T14:00:00+00:00,4144.62,4153.0,4133.84,4141.0,67.6965880802463,4103.2875,4059.2357028176475,4025.1817000000005,14.827857142857024,0.003580743091730747,74.43696608853251,1.5000000000000306,False,RSI_NOT_BELOW_35|CLOSE_NOT_NEAR_OR_BELOW_LOWER_BB|RSI_RECOVERY_NOT_CONFIRMED
2026-07-22T15:10:47.196087+00:00,REPAIR_MR_1R_ASYMMETRIC_V1,PAXG,PAXGUSDT,strategy-lab-v1.0.0:REPAIR_MR_1R_ASYMMETRIC_V1,1784732400000,2026-07-22T15:00:00+00:00,4141.71,4145.13,4141.52,4144.64,63.72008880848634,4106.818000000001,4061.4141598100464,4025.8535,13.67642857142846,0.0032997868503485124,67.6965880802463,1.5,False,RSI_NOT_BELOW_35|CLOSE_NOT_NEAR_OR_BELOW_LOWER_BB|RSI_RECOVERY_NOT_CONFIRMED
2026-07-22T16:44:14.253718+00:00,REPAIR_MR_1R_ASYMMETRIC_V1,BTC,BTCUSDT,strategy-lab-v1.0.0:REPAIR_MR_1R_ASYMMETRIC_V1,1784736000000,2026-07-22T16:00:00+00:00,66013.78,66373.57,65882.77,66244.55,49.53484129879621,66090.674,65567.91717713005,64687.611999999994,335.686428571426,0.005067381823431905,42.2111135981163,1.4999999999999782,False,RSI_NOT_BELOW_35|CLOSE_NOT_NEAR_OR_BELOW_LOWER_BB
2026-07-22T16:44:14.253718+00:00,REPAIR_MR_1R_ASYMMETRIC_V1,SOL,SOLUSDT,strategy-lab-v1.0.0:REPAIR_MR_1R_ASYMMETRIC_V1,1784736000000,2026-07-22T16:00:00+00:00,78.44,78.78,78.07,78.73,58.145363408521355,77.8185,76.93122833923252,76.54395000000001,0.5492857142857152,0.006976828582315701,51.5384615384616,1.5000000000000129,False,RSI_NOT_BELOW_35|CLOSE_NOT_NEAR_OR_BELOW_LOWER_BB
2026-07-22T16:44:14.253718+00:00,REPAIR_MR_1R_ASYMMETRIC_V1,XRP,XRPUSDT,strategy-lab-v1.0.0:REPAIR_MR_1R_ASYMMETRIC_V1,1784736000000,2026-07-22T16:00:00+00:00,1.151,1.157,1.1464,1.1554,65.66523605150209,1.14029,1.1279873336223305,1.1062305,0.007792857142857125,0.006744726625287454,58.12917594654799,1.4999999999999858,False,RSI_NOT_BELOW_35|CLOSE_NOT_NEAR_OR_BELOW_LOWER_BB
2026-07-22T16:44:14.253718+00:00,REPAIR_MR_1R_ASYMMETRIC_V1,DOGE,DOGEUSDT,strategy-lab-v1.0.0:REPAIR_MR_1R_ASYMMETRIC_V1,1784736000000,2026-07-22T16:00:00+00:00,0.07305,0.07349,0.07289,0.07341,50.57471264367814,0.072923,0.07200543583330692,0.07289805,0.0004642857142857147,0.00632455679452002,41.8181818181818,1.4999999999999851,False,RSI_NOT_BELOW_35|CLOSE_NOT_NEAR_OR_BELOW_LOWER_BB
2026-07-22T16:44:14.253718+00:00,REPAIR_MR_1R_ASYMMETRIC_V1,BNB,BNBUSDT,strategy-lab-v1.0.0:REPAIR_MR_1R_ASYMMETRIC_V1,1784736000000,2026-07-22T16:00:00+00:00,572.49,574.39,570.8,574.39,55.82579185520351,571.345,567.5470768833525,572.53825,2.2392857142857077,0.003898545786461651,47.90273556230984,1.4999999999999747,False,RSI_NOT_BELOW_35|CLOSE_NOT_NEAR_OR_BELOW_LOWER_BB
2026-07-22T16:44:14.253718+00:00,REPAIR_MR_1R_ASYMMETRIC_V1,PAXG,PAXGUSDT,strategy-lab-v1.0.0:REPAIR_MR_1R_ASYMMETRIC_V1,1784736000000,2026-07-22T16:00:00+00:00,4148.08,4149.87,4136.64,4139.11,57.821163607965644,4110.528499999999,4065.7776907224597,4026.52975,14.77428571428553,0.0035694353893193295,64.97578788600472,1.5,False,RSI_NOT_BELOW_35|CLOSE_NOT_NEAR_OR_BELOW_LOWER_BB|RSI_RECOVERY_NOT_CONFIRMED
2026-07-22T17:55:14.115146+00:00,REPAIR_MR_1R_ASYMMETRIC_V1,BTC,BTCUSDT,strategy-lab-v1.0.0:REPAIR_MR_1R_ASYMMETRIC_V1,1784739600000,2026-07-22T17:00:00+00:00,66204.83,66256.84,65910.8,66117.74,49.132649744873135,66077.22949999999,65569.84644208409,64705.231850000004,346.81785714285434,0.005245458437370278,48.72723609991955,1.5,False,RSI_NOT_BELOW_35|CLOSE_NOT_NEAR_OR_BELOW_LOWER_BB|RSI_RECOVERY_NOT_CONFIRMED
2026-07-22T17:55:14.115146+00:00,REPAIR_MR_1R_ASYMMETRIC_V1,SOL,SOLUSDT,strategy-lab-v1.0.0:REPAIR_MR_1R_ASYMMETRIC_V1,1784739600000,2026-07-22T17:00:00+00:00,78.55,78.62,78.12,78.26,55.72916666666684,77.822,76.95038999546786,76.5594,0.5535714285714296,0.007073491292760408,56.16797900262465,1.4999999999999871,False,RSI_NOT_BELOW_35|CLOSE_NOT_NEAR_OR_BELOW_LOWER_BB|RSI_RECOVERY_NOT_CONFIRMED
2026-07-22T17:55:14.115146+00:00,REPAIR_MR_1R_ASYMMETRIC_V1,XRP,XRPUSDT,strategy-lab-v1.0.0:REPAIR_MR_1R_ASYMMETRIC_V1,1784739600000,2026-07-22T17:00:00+00:00,1.1529,1.1535,1.1439,1.1478,60.171306209849895,1.1402500000000002,1.1283328694728867,1.1066200000000002,0.00822857142857141,0.0071689941005152556,63.718820861678,1.5,False,RSI_NOT_BELOW_35|CLOSE_NOT_NEAR_OR_BELOW_LOWER_BB|RSI_RECOVERY_NOT_CONFIRMED
2026-07-22T17:55:14.115146+00:00,REPAIR_MR_1R_ASYMMETRIC_V1,DOGE,DOGEUSDT,strategy-lab-v1.0.0:REPAIR_MR_1R_ASYMMETRIC_V1,1784739600000,2026-07-22T17:00:00+00:00,0.07335,0.07347,0.07302,0.07317,50.0,0.07291099999999999,0.0720131603706676,0.07290365,0.00047357142857142937,0.006472207579218661,49.85422740524767,1.5,False,RSI_NOT_BELOW_35|CLOSE_NOT_NEAR_OR_BELOW_LOWER_BB|RSI_RECOVERY_NOT_CONFIRMED
2026-07-22T17:55:14.115146+00:00,REPAIR_MR_1R_ASYMMETRIC_V1,BNB,BNBUSDT,strategy-lab-v1.0.0:REPAIR_MR_1R_ASYMMETRIC_V1,1784739600000,2026-07-22T17:00:00+00:00,574.72,575.32,571.54,571.54,52.41521068859184,571.2945,567.5031811002023,572.5506499999999,2.4171428571428595,0.004229175310814396,56.635202665186014,1.5,False,RSI_NOT_BELOW_35|CLOSE_NOT_NEAR_OR_BELOW_LOWER_BB|CLOSE_NOT_ABOVE_MA200|RSI_RECOVERY_NOT_CONFIRMED
2026-07-22T17:55:14.115146+00:00,REPAIR_MR_1R_ASYMMETRIC_V1,PAXG,PAXGUSDT,strategy-lab-v1.0.0:REPAIR_MR_1R_ASYMMETRIC_V1,1784739600000,2026-07-22T17:00:00+00:00,4138.6,4138.6,4130.04,4134.69,55.65758518630948,4113.646,4071.6141623528174,4027.13895,14.572857142856979,0.0035245344010934264,57.448789571694626,1.5,False,RSI_NOT_BELOW_35|CLOSE_NOT_NEAR_OR_BELOW_LOWER_BB|RSI_RECOVERY_NOT_CONFIRMED
2026-07-22T19:05:29.306272+00:00,REPAIR_MR_1R_ASYMMETRIC_V1,BTC,BTCUSDT,strategy-lab-v1.0.0:REPAIR_MR_1R_ASYMMETRIC_V1,1784743200000,2026-07-22T18:00:00+00:00,65993.79,66051.0,65691.08,65858.3,40.616172767238126,66050.64700000001,65542.57876032637,64720.27560000001,356.3071428571394,0.005410208627570699,46.7773626356625,1.5,False,RSI_NOT_BELOW_35|CLOSE_NOT_NEAR_OR_BELOW_LOWER_BB|RSI_RECOVERY_NOT_CONFIRMED
2026-07-22T19:05:29.306272+00:00,REPAIR_MR_1R_ASYMMETRIC_V1,BTC,BTCUSDT,strategy-lab-v1.0.0:REPAIR_MR_1R_ASYMMETRIC_V1,1784746800000,2026-07-22T19:00:00+00:00,65858.29,65889.2,65822.76,65824.08,47.40384791739254,66016.042,65546.71733801744,64735.54720000001,329.4414285714255,0.005004877068869409,40.616172767238126,1.500000000000011,False,RSI_NOT_BELOW_35|CLOSE_NOT_NEAR_OR_BELOW_LOWER_BB|RSI_RECOVERY_NOT_CONFIRMED
2026-07-22T19:05:29.306272+00:00,REPAIR_MR_1R_ASYMMETRIC_V1,SOL,SOLUSDT,strategy-lab-v1.0.0:REPAIR_MR_1R_ASYMMETRIC_V1,1784743200000,2026-07-22T18:00:00+00:00,78.19,78.26,77.43,77.71,46.300715990453426,77.8065,76.94238716014598,76.57075,0.5842857142857147,0.0075187969924812095,54.73145780051158,1.4999999999999878,False,RSI_NOT_BELOW_35|CLOSE_NOT_NEAR_OR_BELOW_LOWER_BB|RSI_RECOVERY_NOT_CONFIRMED
2026-07-22T19:05:29.306272+00:00,REPAIR_MR_1R_ASYMMETRIC_V1,SOL,SOLUSDT,strategy-lab-v1.0.0:REPAIR_MR_1R_ASYMMETRIC_V1,1784746800000,2026-07-22T19:00:00+00:00,77.71,77.77,77.61,77.62,53.296703296703434,77.78299999999999,76.9254663271914,76.5823,0.5478571428571429,0.007058195604961903,46.300715990453426,1.5,False,RSI_NOT_BELOW_35|CLOSE_NOT_NEAR_OR_BELOW_LOWER_BB|RSI_RECOVERY_NOT_CONFIRMED
2026-07-22T19:05:29.306272+00:00,REPAIR_MR_1R_ASYMMETRIC_V1,XRP,XRPUSDT,strategy-lab-v1.0.0:REPAIR_MR_1R_ASYMMETRIC_V1,1784743200000,2026-07-22T18:00:00+00:00,1.1473,1.1483,1.138,1.1411,49.701789264413556,1.140215,1.1283626964264215,1.106973,0.008692857142857138,0.007617962617524439,59.533898305084605,1.5,False,RSI_NOT_BELOW_35|CLOSE_NOT_NEAR_OR_BELOW_LOWER_BB|RSI_RECOVERY_NOT_CONFIRMED
2026-07-22T19:05:29.306272+00:00,REPAIR_MR_1R_ASYMMETRIC_V1,XRP,XRPUSDT,strategy-lab-v1.0.0:REPAIR_MR_1R_ASYMMETRIC_V1,1784746800000,2026-07-22T19:00:00+00:00,1.141,1.1421,1.1397,1.1409,59.665871121718304,1.1401,1.1283213752924943,1.1073195,0.008207142857142857,0.007193568986890049,49.701789264413556,1.5000000000000135,False,RSI_NOT_BELOW_35|CLOSE_NOT_NEAR_OR_BELOW_LOWER_BB|RSI_RECOVERY_NOT_CONFIRMED
2026-07-22T19:05:29.306272+00:00,REPAIR_MR_1R_ASYMMETRIC_V1,DOGE,DOGEUSDT,strategy-lab-v1.0.0:REPAIR_MR_1R_ASYMMETRIC_V1,1784743200000,2026-07-22T18:00:00+00:00,0.07316,0.0732,0.07261,0.07275,41.16022099447508,0.0728945,0.07199796277266408,0.07290635,0.0004957142857142868,0.006813942071674046,49.709302325581504,1.499999999999986,False,RSI_NOT_BELOW_35|CLOSE_NOT_NEAR_OR_BELOW_LOWER_BB|CLOSE_NOT_ABOVE_MA200|RSI_RECOVERY_NOT_CONFIRMED
2026-07-22T19:05:29.306272+00:00,REPAIR_MR_1R_ASYMMETRIC_V1,DOGE,DOGEUSDT,strategy-lab-v1.0.0:REPAIR_MR_1R_ASYMMETRIC_V1,1784746800000,2026-07-22T19:00:00+00:00,0.07276,0.07279,0.07266,0.07271,55.18518518518527,0.0728625,0.07198786007408807,0.07290895,0.000433571428571429,0.005963023360905364,41.16022099447508,1.499999999999984,False,RSI_NOT_BELOW_35|CLOSE_NOT_NEAR_OR_BELOW_LOWER_BB|CLOSE_NOT_ABOVE_MA200|RSI_RECOVERY_NOT_CONFIRMED
2026-07-22T19:05:29.306272+00:00,REPAIR_MR_1R_ASYMMETRIC_V1,BNB,BNBUSDT,strategy-lab-v1.0.0:REPAIR_MR_1R_ASYMMETRIC_V1,1784743200000,2026-07-22T18:00:00+00:00,571.71,572.25,569.47,570.01,46.15768463073861,571.182,567.3879225100194,572.5504,2.4792857142857088,0.004349547752295063,53.09734513274322,1.5,False,RSI_NOT_BELOW_35|CLOSE_NOT_NEAR_OR_BELOW_LOWER_BB|CLOSE_NOT_ABOVE_MA200|RSI_RECOVERY_NOT_CONFIRMED
2026-07-22T19:05:29.306272+00:00,REPAIR_MR_1R_ASYMMETRIC_V1,BNB,BNBUSDT,strategy-lab-v1.0.0:REPAIR_MR_1R_ASYMMETRIC_V1,1784746800000,2026-07-22T19:00:00+00:00,569.96,570.11,569.6,569.96,52.706552706552834,570.9955000000001,567.3490580355673,572.5494,2.2850000000000006,0.004009053266895923,46.15768463073861,1.4999999999999751,False,RSI_NOT_BELOW_35|CLOSE_NOT_NEAR_OR_BELOW_LOWER_BB|CLOSE_NOT_ABOVE_MA200|RSI_RECOVERY_NOT_CONFIRMED
2026-07-22T19:05:29.306272+00:00,REPAIR_MR_1R_ASYMMETRIC_V1,PAXG,PAXGUSDT,strategy-lab-v1.0.0:REPAIR_MR_1R_ASYMMETRIC_V1,1784743200000,2026-07-22T18:00:00+00:00,4129.55,4131.66,4127.37,4128.59,54.919874194997945,4116.2695,4078.9560769595664,4027.6942,14.426428571428394,0.003494274939247635,53.744687087791434,1.5000000000000315,False,RSI_NOT_BELOW_35|CLOSE_NOT_NEAR_OR_BELOW_LOWER_BB|RSI_RECOVERY_NOT_CONFIRMED
2026-07-22T19:05:29.306272+00:00,REPAIR_MR_1R_ASYMMETRIC_V1,PAXG,PAXGUSDT,strategy-lab-v1.0.0:REPAIR_MR_1R_ASYMMETRIC_V1,1784746800000,2026-07-22T19:00:00+00:00,4128.38,4128.38,4127.35,4127.35,52.123431777449085,4119.132,4088.184514415639,4028.2147999999997,13.829999999999862,0.0033508183216833707,54.919874194997945,1.5,False,RSI_NOT_BELOW_35|CLOSE_NOT_NEAR_OR_BELOW_LOWER_BB|RSI_RECOVERY_NOT_CONFIRMED
2026-07-22T20:19:25.205806+00:00,REPAIR_MR_1R_ASYMMETRIC_V1,BTC,BTCUSDT,strategy-lab-v1.0.0:REPAIR_MR_1R_ASYMMETRIC_V1,1784750400000,2026-07-22T20:00:00+00:00,65894.99,65928.44,65755.16,65873.46,49.58751569107918,65984.093,65594.93779784406,64745.7833,343.93571428571005,0.005221157569159264,49.03063584609251,1.5,False,RSI_NOT_BELOW_35|CLOSE_NOT_NEAR_OR_BELOW_LOWER_BB|RSI_RECOVERY_NOT_CONFIRMED
2026-07-22T20:19:25.205806+00:00,REPAIR_MR_1R_ASYMMETRIC_V1,SOL,SOLUSDT,strategy-lab-v1.0.0:REPAIR_MR_1R_ASYMMETRIC_V1,1784750400000,2026-07-22T20:00:00+00:00,77.61,77.87,77.54,77.8,57.41239892183285,77.7525,76.94241667095257,76.58735,0.5628571428571425,0.007234667645978696,53.150684931506916,1.4999999999999873,False,RSI_NOT_BELOW_35|CLOSE_NOT_NEAR_OR_BELOW_LOWER_BB
2026-07-22T20:19:25.205806+00:00,REPAIR_MR_1R_ASYMMETRIC_V1,XRP,XRPUSDT,strategy-lab-v1.0.0:REPAIR_MR_1R_ASYMMETRIC_V1,1784750400000,2026-07-22T20:00:00+00:00,1.1365,1.1385,1.1335,1.1364,55.30973451327446,1.13947,1.1277512799333613,1.1075395000000001,0.008507142857142871,0.0074860461608085805,54.347826086956495,1.5,False,RSI_NOT_BELOW_35|CLOSE_NOT_NEAR_OR_BELOW_LOWER_BB|RSI_RECOVERY_NOT_CONFIRMED
2026-07-22T20:19:25.205806+00:00,REPAIR_MR_1R_ASYMMETRIC_V1,DOGE,DOGEUSDT,strategy-lab-v1.0.0:REPAIR_MR_1R_ASYMMETRIC_V1,1784750400000,2026-07-22T20:00:00+00:00,0.07246,0.07268,0.07237,0.07261,54.69798657718106,0.07279749999999999,0.07198719450205504,0.07290435,0.00046142857142857097,0.006354890117457251,50.68027210884375,1.500000000000015,False,RSI_NOT_BELOW_35|CLOSE_NOT_NEAR_OR_BELOW_LOWER_BB|CLOSE_NOT_ABOVE_MA200
2026-07-22T20:19:25.205806+00:00,REPAIR_MR_1R_ASYMMETRIC_V1,BNB,BNBUSDT,strategy-lab-v1.0.0:REPAIR_MR_1R_ASYMMETRIC_V1,1784750400000,2026-07-22T20:00:00+00:00,569.95,570.39,569.4,570.31,58.403869407496906,570.779,567.5142065915321,572.5165000000001,2.241428571428571,0.003930193353489456,52.52697331061893,1.4999999999999747,False,RSI_NOT_BELOW_35|CLOSE_NOT_NEAR_OR_BELOW_LOWER_BB|CLOSE_NOT_ABOVE_MA200
2026-07-22T20:19:25.205806+00:00,REPAIR_MR_1R_ASYMMETRIC_V1,PAXG,PAXGUSDT,strategy-lab-v1.0.0:REPAIR_MR_1R_ASYMMETRIC_V1,1784750400000,2026-07-22T20:00:00+00:00,4123.82,4127.85,4123.82,4125.69,58.81447267128555,4120.607,4092.1749609596127,4028.4873,13.058571428571343,0.0031651848366143222,50.728044896101956,1.5,False,RSI_NOT_BELOW_35|CLOSE_NOT_NEAR_OR_BELOW_LOWER_BB
2026-07-22T21:33:27.469540+00:00,REPAIR_MR_1R_ASYMMETRIC_V1,BTC,BTCUSDT,strategy-lab-v1.0.0:REPAIR_MR_1R_ASYMMETRIC_V1,1784754000000,2026-07-22T21:00:00+00:00,65892.42,65922.06,65861.58,65883.84,52.0885943528883,65959.753,65617.07555398841,64756.3973,330.4435714285672,0.005015548143954075,50.02687028893725,1.5,False,RSI_NOT_BELOW_35|CLOSE_NOT_NEAR_OR_BELOW_LOWER_BB|RSI_RECOVERY_NOT_CONFIRMED
2026-07-22T21:33:27.469540+00:00,REPAIR_MR_1R_ASYMMETRIC_V1,SOL,SOLUSDT,strategy-lab-v1.0.0:REPAIR_MR_1R_ASYMMETRIC_V1,1784754000000,2026-07-22T21:00:00+00:00,77.77,77.84,77.65,77.76,60.17191977077381,77.724,76.95415845786255,76.59165,0.5571428571428559,0.0071649029982363156,57.065217391304316,1.5,False,RSI_NOT_BELOW_35|CLOSE_NOT_NEAR_OR_BELOW_LOWER_BB|RSI_RECOVERY_NOT_CONFIRMED
2026-07-22T21:33:27.469540+00:00,REPAIR_MR_1R_ASYMMETRIC_V1,XRP,XRPUSDT,strategy-lab-v1.0.0:REPAIR_MR_1R_ASYMMETRIC_V1,1784754000000,2026-07-22T21:00:00+00:00,1.1376,1.1393,1.1374,1.139,59.5185995623631,1.1393,1.127782187707718,1.10775,0.008257142857142867,0.007249466950959497,56.57894736842105,1.5,False,RSI_NOT_BELOW_35|CLOSE_NOT_NEAR_OR_BELOW_LOWER_BB
2026-07-22T21:33:27.469540+00:00,REPAIR_MR_1R_ASYMMETRIC_V1,DOGE,DOGEUSDT,strategy-lab-v1.0.0:REPAIR_MR_1R_ASYMMETRIC_V1,1784754000000,2026-07-22T21:00:00+00:00,0.0726,0.0727,0.07249,0.07267,58.88501742160282,0.07275200000000001,0.07202194246802097,0.0728986,0.00045928571428571465,0.006320155694037631,54.545454545454454,1.5,False,RSI_NOT_BELOW_35|CLOSE_NOT_NEAR_OR_BELOW_LOWER_BB|CLOSE_NOT_ABOVE_MA200
2026-07-22T21:33:27.469540+00:00,REPAIR_MR_1R_ASYMMETRIC_V1,BNB,BNBUSDT,strategy-lab-v1.0.0:REPAIR_MR_1R_ASYMMETRIC_V1,1784754000000,2026-07-22T21:00:00+00:00,570.3,571.17,570.27,570.69,58.074344911639486,570.6575,567.5689607012415,572.4799,2.252142857142855,0.003946350658225753,58.32828588734101,1.5,False,RSI_NOT_BELOW_35|CLOSE_NOT_NEAR_OR_BELOW_LOWER_BB|CLOSE_NOT_ABOVE_MA200|RSI_RECOVERY_NOT_CONFIRMED
2026-07-22T21:33:27.469540+00:00,REPAIR_MR_1R_ASYMMETRIC_V1,PAXG,PAXGUSDT,strategy-lab-v1.0.0:REPAIR_MR_1R_ASYMMETRIC_V1,1784754000000,2026-07-22T21:00:00+00:00,4124.67,4126.17,4124.67,4126.09,61.82175739697857,4121.284000000001,4093.126417433397,4028.7808999999997,12.800714285714223,0.003102383681818434,58.35855746778521,1.5000000000000355,False,RSI_NOT_BELOW_35|CLOSE_NOT_NEAR_OR_BELOW_LOWER_BB
2026-07-22T22:37:45.958063+00:00,REPAIR_MR_1R_ASYMMETRIC_V1,BTC,BTCUSDT,strategy-lab-v1.0.0:REPAIR_MR_1R_ASYMMETRIC_V1,1784757600000,2026-07-22T22:00:00+00:00,66044.16,66050.86,65889.0,65930.33,49.7660977734353,65950.885,65636.95143234433,64765.66055,332.1442857142824,0.005037807117214223,55.598921018754744,1.5,False,RSI_NOT_BELOW_35|CLOSE_NOT_NEAR_OR_BELOW_LOWER_BB|RSI_RECOVERY_NOT_CONFIRMED
2026-07-22T22:37:45.958063+00:00,REPAIR_MR_1R_ASYMMETRIC_V1,SOL,SOLUSDT,strategy-lab-v1.0.0:REPAIR_MR_1R_ASYMMETRIC_V1,1784757600000,2026-07-22T22:00:00+00:00,78.0,78.09,77.82,78.0,59.17159763313617,77.732,76.95917142909917,76.59644999999999,0.558571428571428,0.007161172161172154,62.80323450134777,1.5000000000000127,False,RSI_NOT_BELOW_35|CLOSE_NOT_NEAR_OR_BELOW_LOWER_BB|RSI_RECOVERY_NOT_CONFIRMED
2026-07-22T22:37:45.958063+00:00,REPAIR_MR_1R_ASYMMETRIC_V1,XRP,XRPUSDT,strategy-lab-v1.0.0:REPAIR_MR_1R_ASYMMETRIC_V1,1784757600000,2026-07-22T22:00:00+00:00,1.1421,1.1424,1.1391,1.1404,56.681034482758605,1.13943,1.1278617503484643,1.1079569999999999,0.008314285714285734,0.007290674951144978,62.01232032854187,1.4999999999999867,False,RSI_NOT_BELOW_35|CLOSE_NOT_NEAR_OR_BELOW_LOWER_BB|RSI_RECOVERY_NOT_CONFIRMED
2026-07-22T22:37:45.958063+00:00,REPAIR_MR_1R_ASYMMETRIC_V1,DOGE,DOGEUSDT,strategy-lab-v1.0.0:REPAIR_MR_1R_ASYMMETRIC_V1,1784757600000,2026-07-22T22:00:00+00:00,0.07298,0.07299,0.07277,0.07278,55.228758169934714,0.0727375,0.0720562694956919,0.07289155,0.0004785714285714294,0.0065755898402229925,62.776025236593064,1.5000000000000144,False,RSI_NOT_BELOW_35|CLOSE_NOT_NEAR_OR_BELOW_LOWER_BB|CLOSE_NOT_ABOVE_MA200|RSI_RECOVERY_NOT_CONFIRMED
2026-07-22T22:37:45.958063+00:00,REPAIR_MR_1R_ASYMMETRIC_V1,BNB,BNBUSDT,strategy-lab-v1.0.0:REPAIR_MR_1R_ASYMMETRIC_V1,1784757600000,2026-07-22T22:00:00+00:00,570.6,571.17,570.3,570.6,52.61371350984379,570.5715,567.5797027140906,572.42535,2.2171428571428544,0.0038856341695458364,58.09987819732055,1.4999999999999745,False,RSI_NOT_BELOW_35|CLOSE_NOT_NEAR_OR_BELOW_LOWER_BB|CLOSE_NOT_ABOVE_MA200|RSI_RECOVERY_NOT_CONFIRMED
2026-07-22T22:37:45.958063+00:00,REPAIR_MR_1R_ASYMMETRIC_V1,PAXG,PAXGUSDT,strategy-lab-v1.0.0:REPAIR_MR_1R_ASYMMETRIC_V1,1784757600000,2026-07-22T22:00:00+00:00,4119.02,4120.88,4111.01,4118.74,54.22605537902839,4120.7975,4092.6584048653126,4028.9701,14.559999999999945,0.003535061693624736,57.234944868532466,1.5000000000000313,False,RSI_NOT_BELOW_35|CLOSE_NOT_NEAR_OR_BELOW_LOWER_BB|RSI_RECOVERY_NOT_CONFIRMED
2026-07-22T23:37:48.495488+00:00,REPAIR_MR_1R_ASYMMETRIC_V1,BTC,BTCUSDT,strategy-lab-v1.0.0:REPAIR_MR_1R_ASYMMETRIC_V1,1784761200000,2026-07-22T23:00:00+00:00,66014.38,66047.66,65814.56,65942.01,51.373571476149,65944.166,65643.61879908638,64772.275250000006,331.34571428571144,0.005024804586419363,51.77162145316131,1.5,False,RSI_NOT_BELOW_35|CLOSE_NOT_NEAR_OR_BELOW_LOWER_BB|RSI_RECOVERY_NOT_CONFIRMED
2026-07-22T23:37:48.495488+00:00,REPAIR_MR_1R_ASYMMETRIC_V1,SOL,SOLUSDT,strategy-lab-v1.0.0:REPAIR_MR_1R_ASYMMETRIC_V1,1784761200000,2026-07-22T23:00:00+00:00,77.99,78.0,77.47,77.74,53.409090909090835,77.72749999999999,76.95640013616872,76.59855,0.5849999999999989,0.007525083612040119,58.99705014749261,1.4999999999999878,False,RSI_NOT_BELOW_35|CLOSE_NOT_NEAR_OR_BELOW_LOWER_BB|RSI_RECOVERY_NOT_CONFIRMED
2026-07-22T23:37:48.495488+00:00,REPAIR_MR_1R_ASYMMETRIC_V1,XRP,XRPUSDT,strategy-lab-v1.0.0:REPAIR_MR_1R_ASYMMETRIC_V1,1784761200000,2026-07-22T23:00:00+00:00,1.1421,1.1421,1.1357,1.1395,55.31914893617008,1.13957,1.1279672244699703,1.1081435,0.00854285714285717,0.007497022503604361,58.70535714285689,1.499999999999987,False,RSI_NOT_BELOW_35|CLOSE_NOT_NEAR_OR_BELOW_LOWER_BB|RSI_RECOVERY_NOT_CONFIRMED
2026-07-22T23:37:48.495488+00:00,REPAIR_MR_1R_ASYMMETRIC_V1,DOGE,DOGEUSDT,strategy-lab-v1.0.0:REPAIR_MR_1R_ASYMMETRIC_V1,1784761200000,2026-07-22T23:00:00+00:00,0.07299,0.07299,0.07248,0.07273,53.94321766561517,0.072727,0.07206312953070657,0.0728822,0.0005007142857142868,0.006884563257449289,59.45017182130605,1.5000000000000138,False,RSI_NOT_BELOW_35|CLOSE_NOT_NEAR_OR_BELOW_LOWER_BB|CLOSE_NOT_ABOVE_MA200|RSI_RECOVERY_NOT_CONFIRMED
2026-07-22T23:37:48.495488+00:00,REPAIR_MR_1R_ASYMMETRIC_V1,BNB,BNBUSDT,strategy-lab-v1.0.0:REPAIR_MR_1R_ASYMMETRIC_V1,1784761200000,2026-07-22T23:00:00+00:00,570.9,571.1,569.2,569.93,47.28116710875316,570.558,567.5465511792559,572.3656500000001,2.2378571428571457,0.0039265473704790865,53.9182853315471,1.5,False,RSI_NOT_BELOW_35|CLOSE_NOT_NEAR_OR_BELOW_LOWER_BB|CLOSE_NOT_ABOVE_MA200|RSI_RECOVERY_NOT_CONFIRMED
2026-07-22T23:37:48.495488+00:00,REPAIR_MR_1R_ASYMMETRIC_V1,PAXG,PAXGUSDT,strategy-lab-v1.0.0:REPAIR_MR_1R_ASYMMETRIC_V1,1784761200000,2026-07-22T23:00:00+00:00,4114.12,4116.58,4110.52,4113.01,54.53097179270929,4120.147500000001,4091.6005121554167,4029.2272,14.384285714285593,0.0034972649505558197,51.37132680320567,1.5000000000000315,False,RSI_NOT_BELOW_35|CLOSE_NOT_NEAR_OR_BELOW_LOWER_BB
2026-07-23T01:09:39.278477+00:00,REPAIR_MR_1R_ASYMMETRIC_V1,BTC,BTCUSDT,strategy-lab-v1.0.0:REPAIR_MR_1R_ASYMMETRIC_V1,1784764800000,2026-07-23T00:00:00+00:00,66086.6,66287.74,66020.06,66026.19,50.47801615939755,65935.905,65681.4447561484,64779.6617,339.48928571428354,0.005141736721659747,54.81376803319237,1.5,False,RSI_NOT_BELOW_35|CLOSE_NOT_NEAR_OR_BELOW_LOWER_BB|RSI_RECOVERY_NOT_CONFIRMED
2026-07-23T01:09:39.278477+00:00,REPAIR_MR_1R_ASYMMETRIC_V1,BTC,BTCUSDT,strategy-lab-v1.0.0:REPAIR_MR_1R_ASYMMETRIC_V1,1784768400000,2026-07-23T01:00:00+00:00,66026.18,66180.35,66003.34,66131.96,53.77641787368692,65945.63700000002,65677.2002652467,64787.38970000001,338.7035714285703,0.005121632134123505,50.47801615939755,1.5,False,RSI_NOT_BELOW_35|CLOSE_NOT_NEAR_OR_BELOW_LOWER_BB
2026-07-23T01:09:39.278477+00:00,REPAIR_MR_1R_ASYMMETRIC_V1,SOL,SOLUSDT,strategy-lab-v1.0.0:REPAIR_MR_1R_ASYMMETRIC_V1,1784764800000,2026-07-23T00:00:00+00:00,77.95,78.5,77.95,78.22,58.67052023121384,77.74799999999999,76.95164329600324,76.60455,0.6042857142857129,0.007725462979873599,56.79758308157106,1.5,False,RSI_NOT_BELOW_35|CLOSE_NOT_NEAR_OR_BELOW_LOWER_BB
2026-07-23T01:09:39.278477+00:00,REPAIR_MR_1R_ASYMMETRIC_V1,SOL,SOLUSDT,strategy-lab-v1.0.0:REPAIR_MR_1R_ASYMMETRIC_V1,1784768400000,2026-07-23T01:00:00+00:00,78.22,78.38,78.17,78.3,61.3372093023257,77.79400000000001,76.9818571554212,76.61035,0.595714285714284,0.007608100711548965,58.67052023121384,1.5,False,RSI_NOT_BELOW_35|CLOSE_NOT_NEAR_OR_BELOW_LOWER_BB
2026-07-23T01:09:39.278477+00:00,REPAIR_MR_1R_ASYMMETRIC_V1,XRP,XRPUSDT,strategy-lab-v1.0.0:REPAIR_MR_1R_ASYMMETRIC_V1,1784764800000,2026-07-23T00:00:00+00:00,1.1417,1.1446,1.1396,1.1405,52.718676122931406,1.139635,1.1280153141178317,1.1083364999999998,0.008557142857142899,0.007502974885701796,58.035714285714114,1.5000000000000129,False,RSI_NOT_BELOW_35|CLOSE_NOT_NEAR_OR_BELOW_LOWER_BB|RSI_RECOVERY_NOT_CONFIRMED
2026-07-23T01:09:39.278477+00:00,REPAIR_MR_1R_ASYMMETRIC_V1,XRP,XRPUSDT,strategy-lab-v1.0.0:REPAIR_MR_1R_ASYMMETRIC_V1,1784768400000,2026-07-23T01:00:00+00:00,1.1406,1.1424,1.14,1.1415,53.93518518518529,1.1400700000000001,1.1288623062140217,1.108525,0.008471428571428638,0.0074213128089607,52.718676122931406,1.5,False,RSI_NOT_BELOW_35|CLOSE_NOT_NEAR_OR_BELOW_LOWER_BB
2026-07-23T01:09:39.278477+00:00,REPAIR_MR_1R_ASYMMETRIC_V1,DOGE,DOGEUSDT,strategy-lab-v1.0.0:REPAIR_MR_1R_ASYMMETRIC_V1,1784764800000,2026-07-23T00:00:00+00:00,0.07296,0.07319,0.07287,0.07293,54.838709677419246,0.072715,0.07210637860701426,0.07287545,0.0005000000000000014,0.006855889208830406,57.966101694915274,1.5,False,RSI_NOT_BELOW_35|CLOSE_NOT_NEAR_OR_BELOW_LOWER_BB|RSI_RECOVERY_NOT_CONFIRMED
2026-07-23T01:09:39.278477+00:00,REPAIR_MR_1R_ASYMMETRIC_V1,DOGE,DOGEUSDT,strategy-lab-v1.0.0:REPAIR_MR_1R_ASYMMETRIC_V1,1784768400000,2026-07-23T01:00:00+00:00,0.07292,0.073,0.07291,0.073,57.76173285198561,0.07274349999999999,0.07213755363273645,0.07286785,0.0004850000000000013,0.006643835616438375,54.838709677419246,1.5000000000000142,False,RSI_NOT_BELOW_35|CLOSE_NOT_NEAR_OR_BELOW_LOWER_BB
2026-07-23T01:09:39.278477+00:00,REPAIR_MR_1R_ASYMMETRIC_V1,BNB,BNBUSDT,strategy-lab-v1.0.0:REPAIR_MR_1R_ASYMMETRIC_V1,1784764800000,2026-07-23T00:00:00+00:00,570.82,571.99,570.7,571.1,51.12321307011587,570.574,567.598282271456,572.3192,2.265000000000003,0.003966030467518828,49.825296995108474,1.499999999999975,False,RSI_NOT_BELOW_35|CLOSE_NOT_NEAR_OR_BELOW_LOWER_BB|CLOSE_NOT_ABOVE_MA200
2026-07-23T01:09:39.278477+00:00,REPAIR_MR_1R_ASYMMETRIC_V1,BNB,BNBUSDT,strategy-lab-v1.0.0:REPAIR_MR_1R_ASYMMETRIC_V1,1784768400000,2026-07-23T01:00:00+00:00,571.0,571.3,570.92,571.3,52.44897959183645,570.6885,567.7870088316572,572.27355,2.1978571428571416,0.0038471156010102254,51.12321307011587,1.5,False,RSI_NOT_BELOW_35|CLOSE_NOT_NEAR_OR_BELOW_LOWER_BB|CLOSE_NOT_ABOVE_MA200
2026-07-23T01:09:39.278477+00:00,REPAIR_MR_1R_ASYMMETRIC_V1,PAXG,PAXGUSDT,strategy-lab-v1.0.0:REPAIR_MR_1R_ASYMMETRIC_V1,1784764800000,2026-07-23T00:00:00+00:00,4126.22,4127.64,4117.58,4127.64,58.48378540258411,4121.3925,4092.904495594741,4029.6628,15.191428571428462,0.0036804150971083867,59.37028973371306,1.5,False,RSI_NOT_BELOW_35|CLOSE_NOT_NEAR_OR_BELOW_LOWER_BB|RSI_RECOVERY_NOT_CONFIRMED
2026-07-23T01:09:39.278477+00:00,REPAIR_MR_1R_ASYMMETRIC_V1,PAXG,PAXGUSDT,strategy-lab-v1.0.0:REPAIR_MR_1R_ASYMMETRIC_V1,1784768400000,2026-07-23T01:00:00+00:00,4129.22,4130.76,4125.28,4125.28,55.737277076989834,4121.561500000001,4093.023399660384,4030.0242000000003,15.008571428571356,0.0036381946022018764,58.48378540258411,1.4999999999999698,False,RSI_NOT_BELOW_35|CLOSE_NOT_NEAR_OR_BELOW_LOWER_BB|RSI_RECOVERY_NOT_CONFIRMED
2026-07-23T04:31:49.474985+00:00,REPAIR_MR_1R_ASYMMETRIC_V1,BTC,BTCUSDT,strategy-lab-v1.0.0:REPAIR_MR_1R_ASYMMETRIC_V1,1784772000000,2026-07-23T02:00:00+00:00,65799.0,65818.14,65616.47,65777.22,55.11812288205926,65923.287,65654.03147644455,64791.94404999999,338.2649999999989,0.005142585837467727,46.11474154263722,1.4999999999999785,False,RSI_NOT_BELOW_35|CLOSE_NOT_NEAR_OR_BELOW_LOWER_BB|RSI_RECOVERY_NOT_CONFIRMED
2026-07-23T04:31:49.474985+00:00,REPAIR_MR_1R_ASYMMETRIC_V1,BTC,BTCUSDT,strategy-lab-v1.0.0:REPAIR_MR_1R_ASYMMETRIC_V1,1784775600000,2026-07-23T03:00:00+00:00,65777.23,65785.57,65544.08,65624.51,41.54861463334071,65914.613,65619.80585055292,64797.354550000004,324.6957142857136,0.004947781161119735,55.11812288205926,1.5,False,RSI_NOT_BELOW_35|CLOSE_NOT_NEAR_OR_BELOW_LOWER_BB|RSI_RECOVERY_NOT_CONFIRMED
2026-07-23T04:31:49.474985+00:00,REPAIR_MR_1R_ASYMMETRIC_V1,BTC,BTCUSDT,strategy-lab-v1.0.0:REPAIR_MR_1R_ASYMMETRIC_V1,1784779200000,2026-07-23T04:00:00+00:00,65624.51,65701.09,65553.41,65682.0,47.53580875380549,65901.689,65590.3514380562,64803.157300000006,289.70214285714195,0.004410677854772113,41.54861463334071,1.5000000000000127,False,RSI_NOT_BELOW_35|CLOSE_NOT_NEAR_OR_BELOW_LOWER_BB
2026-07-23T04:31:49.474985+00:00,REPAIR_MR_1R_ASYMMETRIC_V1,SOL,SOLUSDT,strategy-lab-v1.0.0:REPAIR_MR_1R_ASYMMETRIC_V1,1784772000000,2026-07-23T02:00:00+00:00,77.86,77.87,77.37,77.73,57.834757834757845,77.79599999999999,77.05380326058344,76.61055,0.6128571428571418,0.00788443513260185,54.569892473118365,1.5,False,RSI_NOT_BELOW_35|CLOSE_NOT_NEAR_OR_BELOW_LOWER_BB|RSI_RECOVERY_NOT_CONFIRMED
2026-07-23T04:31:49.474985+00:00,REPAIR_MR_1R_ASYMMETRIC_V1,SOL,SOLUSDT,strategy-lab-v1.0.0:REPAIR_MR_1R_ASYMMETRIC_V1,1784775600000,2026-07-23T03:00:00+00:00,77.73,77.75,77.44,77.58,46.02649006622524,77.82249999999999,77.1546115362573,76.6128,0.57642857142857,0.007430118218981309,57.834757834757845,1.5000000000000124,False,RSI_NOT_BELOW_35|CLOSE_NOT_NEAR_OR_BELOW_LOWER_BB|RSI_RECOVERY_NOT_CONFIRMED
2026-07-23T04:31:49.474985+00:00,REPAIR_MR_1R_ASYMMETRIC_V1,SOL,SOLUSDT,strategy-lab-v1.0.0:REPAIR_MR_1R_ASYMMETRIC_V1,1784779200000,2026-07-23T04:00:00+00:00,77.58,77.77,77.49,77.72,47.92332268370614,77.8395,77.20086160466148,76.61574999999999,0.5249999999999986,0.0067550180133813505,46.02649006622524,1.4999999999999865,False,RSI_NOT_BELOW_35|CLOSE_NOT_NEAR_OR_BELOW_LOWER_BB
2026-07-23T04:31:49.474985+00:00,REPAIR_MR_1R_ASYMMETRIC_V1,XRP,XRPUSDT,strategy-lab-v1.0.0:REPAIR_MR_1R_ASYMMETRIC_V1,1784772000000,2026-07-23T02:00:00+00:00,1.1389,1.1389,1.1335,1.1376,51.74013921113669,1.140245,1.1296534042750745,1.1086415,0.008650000000000062,0.00760372714486644,51.02974828375301,1.5000000000000129,False,RSI_NOT_BELOW_35|CLOSE_NOT_NEAR_OR_BELOW_LOWER_BB|RSI_RECOVERY_NOT_CONFIRMED
2026-07-23T04:31:49.474985+00:00,REPAIR_MR_1R_ASYMMETRIC_V1,XRP,XRPUSDT,strategy-lab-v1.0.0:REPAIR_MR_1R_ASYMMETRIC_V1,1784775600000,2026-07-23T03:00:00+00:00,1.1376,1.1378,1.1326,1.1333,39.225181598062825,1.140395,1.1302975795373145,1.108735,0.008407142857142915,0.00741828541175586,51.74013921113669,1.500000000000013,False,RSI_NOT_BELOW_35|CLOSE_NOT_NEAR_OR_BELOW_LOWER_BB|RSI_RECOVERY_NOT_CONFIRMED
2026-07-23T04:31:49.474985+00:00,REPAIR_MR_1R_ASYMMETRIC_V1,XRP,XRPUSDT,strategy-lab-v1.0.0:REPAIR_MR_1R_ASYMMETRIC_V1,1784779200000,2026-07-23T04:00:00+00:00,1.1332,1.1369,1.1319,1.1361,43.37899543379018,1.1404900000000002,1.130593758289115,1.108867,0.006957142857142916,0.006123706414173854,39.225181598062825,1.5,False,RSI_NOT_BELOW_35|CLOSE_NOT_NEAR_OR_BELOW_LOWER_BB
2026-07-23T04:31:49.474985+00:00,REPAIR_MR_1R_ASYMMETRIC_V1,DOGE,DOGEUSDT,strategy-lab-v1.0.0:REPAIR_MR_1R_ASYMMETRIC_V1,1784772000000,2026-07-23T02:00:00+00:00,0.07273,0.07279,0.07252,0.07264,54.838709677419246,0.072746,0.07217860595702821,0.07285775,0.0004907142857142858,0.006755427942101953,52.94117647058832,1.5,False,RSI_NOT_BELOW_35|CLOSE_NOT_NEAR_OR_BELOW_LOWER_BB|CLOSE_NOT_ABOVE_MA200|RSI_RECOVERY_NOT_CONFIRMED
2026-07-23T04:31:49.474985+00:00,REPAIR_MR_1R_ASYMMETRIC_V1,DOGE,DOGEUSDT,strategy-lab-v1.0.0:REPAIR_MR_1R_ASYMMETRIC_V1,1784775600000,2026-07-23T03:00:00+00:00,0.07263,0.07268,0.0722,0.0723,40.95940959409608,0.072753,0.07221184937401877,0.07284859999999999,0.000482857142857142,0.006678522031219115,54.838709677419246,1.5,False,RSI_NOT_BELOW_35|CLOSE_NOT_NEAR_OR_BELOW_LOWER_BB|CLOSE_NOT_ABOVE_MA200|RSI_RECOVERY_NOT_CONFIRMED
2026-07-23T04:31:49.474985+00:00,REPAIR_MR_1R_ASYMMETRIC_V1,DOGE,DOGEUSDT,strategy-lab-v1.0.0:REPAIR_MR_1R_ASYMMETRIC_V1,1784779200000,2026-07-23T04:00:00+00:00,0.07229,0.07257,0.07226,0.07256,45.39249146757664,0.072758,0.07222600000000012,0.07284115,0.0004435714285714271,0.006113167427941388,40.95940959409608,1.5,False,RSI_NOT_BELOW_35|CLOSE_NOT_NEAR_OR_BELOW_LOWER_BB|CLOSE_NOT_ABOVE_MA200
2026-07-23T04:31:49.474985+00:00,REPAIR_MR_1R_ASYMMETRIC_V1,BNB,BNBUSDT,strategy-lab-v1.0.0:REPAIR_MR_1R_ASYMMETRIC_V1,1784772000000,2026-07-23T02:00:00+00:00,570.4,570.84,569.78,570.7,53.02197802197799,570.8064999999999,568.2963504028702,572.22525,2.2707142857142912,0.003978822999324148,49.70218398411638,1.500000000000025,False,RSI_NOT_BELOW_35|CLOSE_NOT_NEAR_OR_BELOW_LOWER_BB|CLOSE_NOT_ABOVE_MA200
2026-07-23T04:31:49.474985+00:00,REPAIR_MR_1R_ASYMMETRIC_V1,BNB,BNBUSDT,strategy-lab-v1.0.0:REPAIR_MR_1R_ASYMMETRIC_V1,1784775600000,2026-07-23T03:00:00+00:00,570.64,570.9,569.4,569.81,42.48511904761879,570.895,568.6729693971569,572.1721,2.1871428571428573,0.003838372189225983,53.02197802197799,1.5,False,RSI_NOT_BELOW_35|CLOSE_NOT_NEAR_OR_BELOW_LOWER_BB|CLOSE_NOT_ABOVE_MA200|RSI_RECOVERY_NOT_CONFIRMED
2026-07-23T04:31:49.474985+00:00,REPAIR_MR_1R_ASYMMETRIC_V1,BNB,BNBUSDT,strategy-lab-v1.0.0:REPAIR_MR_1R_ASYMMETRIC_V1,1784779200000,2026-07-23T04:00:00+00:00,569.8,570.19,569.46,570.14,47.709320695102555,570.9105000000001,568.7142261099829,572.1257999999999,1.9235714285714332,0.0033738580499025382,42.48511904761879,1.5,False,RSI_NOT_BELOW_35|CLOSE_NOT_NEAR_OR_BELOW_LOWER_BB|CLOSE_NOT_ABOVE_MA200
2026-07-23T04:31:49.474985+00:00,REPAIR_MR_1R_ASYMMETRIC_V1,PAXG,PAXGUSDT,strategy-lab-v1.0.0:REPAIR_MR_1R_ASYMMETRIC_V1,1784772000000,2026-07-23T02:00:00+00:00,4109.39,4120.53,4105.45,4119.56,55.38310856626231,4121.5275,4093.5220020577385,4030.31575,15.5542857142856,0.0037757152983050614,49.24294827453683,1.5000000000000293,False,RSI_NOT_BELOW_35|CLOSE_NOT_NEAR_OR_BELOW_LOWER_BB
2026-07-23T04:31:49.474985+00:00,REPAIR_MR_1R_ASYMMETRIC_V1,PAXG,PAXGUSDT,strategy-lab-v1.0.0:REPAIR_MR_1R_ASYMMETRIC_V1,1784775600000,2026-07-23T03:00:00+00:00,4119.62,4125.03,4116.24,4116.35,34.68982111099528,4122.363,4096.074895389855,4030.6617000000006,13.237857142857072,0.003215921178436496,55.38310856626231,1.4999999999999656,False,CLOSE_NOT_NEAR_OR_BELOW_LOWER_BB|RSI_RECOVERY_NOT_CONFIRMED
2026-07-23T04:31:49.474985+00:00,REPAIR_MR_1R_ASYMMETRIC_V1,PAXG,PAXGUSDT,strategy-lab-v1.0.0:REPAIR_MR_1R_ASYMMETRIC_V1,1784779200000,2026-07-23T04:00:00+00:00,4115.94,4121.22,4113.03,4121.22,39.68071786310542,4122.9525,4097.330571989136,4031.0456,12.45428571428569,0.003021990020985458,34.68982111099528,1.5,False,RSI_NOT_BELOW_35|CLOSE_NOT_NEAR_OR_BELOW_LOWER_BB
2026-07-23T07:10:43.433740+00:00,REPAIR_MR_1R_ASYMMETRIC_V1,BTC,BTCUSDT,strategy-lab-v1.0.0:REPAIR_MR_1R_ASYMMETRIC_V1,1784782800000,2026-07-23T05:00:00+00:00,65576.16,65763.98,65531.83,65660.2,37.59455476808657,65885.193,65540.24693858597,64807.7549,281.6699999999993,0.004289813311564681,44.201075396999556,1.4999999999999742,False,RSI_NOT_BELOW_35|CLOSE_NOT_NEAR_OR_BELOW_LOWER_BB|RSI_RECOVERY_NOT_CONFIRMED
2026-07-23T07:10:43.433740+00:00,REPAIR_MR_1R_ASYMMETRIC_V1,BTC,BTCUSDT,strategy-lab-v1.0.0:REPAIR_MR_1R_ASYMMETRIC_V1,1784786400000,2026-07-23T06:00:00+00:00,65660.78,65785.72,65590.01,65758.11,33.23072764947918,65872.764,65528.31142170068,64812.46625,260.5921428571424,0.003962889791953302,37.59455476808657,1.5,False,CLOSE_NOT_NEAR_OR_BELOW_LOWER_BB|RSI_RECOVERY_NOT_CONFIRMED
2026-07-23T07:10:43.433740+00:00,REPAIR_MR_1R_ASYMMETRIC_V1,BTC,BTCUSDT,strategy-lab-v1.0.0:REPAIR_MR_1R_ASYMMETRIC_V1,1784790000000,2026-07-23T07:00:00+00:00,65758.11,65758.11,65648.7,65668.83,36.57381776716456,65857.58050000001,65505.367800995504,64815.8672,243.69000000000025,0.0037108929761654084,33.23072764947918,1.5,False,RSI_NOT_BELOW_35|CLOSE_NOT_NEAR_OR_BELOW_LOWER_BB|RSI_RECOVERY_NOT_CONFIRMED
2026-07-23T07:10:43.433740+00:00,REPAIR_MR_1R_ASYMMETRIC_V1,SOL,SOLUSDT,strategy-lab-v1.0.0:REPAIR_MR_1R_ASYMMETRIC_V1,1784782800000,2026-07-23T05:00:00+00:00,77.49,77.71,77.36,77.49,31.620553359683456,77.827,77.17003424746716,76.61615,0.4928571428571402,0.006360267684309463,44.012944983818905,1.5,False,CLOSE_NOT_NEAR_OR_BELOW_LOWER_BB|RSI_RECOVERY_NOT_CONFIRMED
2026-07-23T07:10:43.433740+00:00,REPAIR_MR_1R_ASYMMETRIC_V1,SOL,SOLUSDT,strategy-lab-v1.0.0:REPAIR_MR_1R_ASYMMETRIC_V1,1784786400000,2026-07-23T06:00:00+00:00,77.5,77.55,77.32,77.54,29.3877551020409,77.82300000000001,77.16009427517857,76.616,0.45857142857142563,0.005913998305022254,31.620553359683456,1.5000000000000155,False,CLOSE_NOT_NEAR_OR_BELOW_LOWER_BB|RSI_RECOVERY_NOT_CONFIRMED
2026-07-23T07:10:43.433740+00:00,REPAIR_MR_1R_ASYMMETRIC_V1,SOL,SOLUSDT,strategy-lab-v1.0.0:REPAIR_MR_1R_ASYMMETRIC_V1,1784790000000,2026-07-23T07:00:00+00:00,77.54,77.54,77.36,77.38,31.999999999999943,77.816,77.137666748566,76.61385,0.4357142857142833,0.005630838533397303,29.3877551020409,1.5,False,CLOSE_NOT_NEAR_OR_BELOW_LOWER_BB|RSI_RECOVERY_NOT_CONFIRMED
2026-07-23T07:10:43.433740+00:00,REPAIR_MR_1R_ASYMMETRIC_V1,XRP,XRPUSDT,strategy-lab-v1.0.0:REPAIR_MR_1R_ASYMMETRIC_V1,1784782800000,2026-07-23T05:00:00+00:00,1.1354,1.1372,1.1326,1.134,26.197183098591267,1.14043,1.1304052107253943,1.108997,0.0062928571428571955,0.005549256739732977,42.45939675174018,1.4999999999999825,False,CLOSE_NOT_NEAR_OR_BELOW_LOWER_BB|RSI_RECOVERY_NOT_CONFIRMED
2026-07-23T07:10:43.433740+00:00,REPAIR_MR_1R_ASYMMETRIC_V1,XRP,XRPUSDT,strategy-lab-v1.0.0:REPAIR_MR_1R_ASYMMETRIC_V1,1784786400000,2026-07-23T06:00:00+00:00,1.1341,1.1363,1.1327,1.1362,26.610644257703214,1.14033,1.1301791182648873,1.1091305,0.005792857142857203,0.005098448462292908,26.197183098591267,1.5,False,CLOSE_NOT_NEAR_OR_BELOW_LOWER_BB
2026-07-23T07:10:43.433740+00:00,REPAIR_MR_1R_ASYMMETRIC_V1,XRP,XRPUSDT,strategy-lab-v1.0.0:REPAIR_MR_1R_ASYMMETRIC_V1,1784790000000,2026-07-23T07:00:00+00:00,1.1361,1.1361,1.1337,1.1337,29.141104294478552,1.14011,1.12959127384137,1.109243,0.005285714285714354,0.004662357136556721,26.610644257703214,1.5,False,CLOSE_NOT_NEAR_OR_BELOW_LOWER_BB|RSI_RECOVERY_NOT_CONFIRMED
2026-07-23T07:10:43.433740+00:00,REPAIR_MR_1R_ASYMMETRIC_V1,DOGE,DOGEUSDT,strategy-lab-v1.0.0:REPAIR_MR_1R_ASYMMETRIC_V1,1784782800000,2026-07-23T05:00:00+00:00,0.07251,0.07265,0.07234,0.07242,38.909090909090814,0.072752,0.07220817649922083,0.07283160000000001,0.00043499999999999886,0.006006628003313986,44.25087108013912,1.499999999999984,False,RSI_NOT_BELOW_35|CLOSE_NOT_NEAR_OR_BELOW_LOWER_BB|CLOSE_NOT_ABOVE_MA200|RSI_RECOVERY_NOT_CONFIRMED
2026-07-23T07:10:43.433740+00:00,REPAIR_MR_1R_ASYMMETRIC_V1,DOGE,DOGEUSDT,strategy-lab-v1.0.0:REPAIR_MR_1R_ASYMMETRIC_V1,1784786400000,2026-07-23T06:00:00+00:00,0.07244,0.07261,0.07236,0.07257,34.63035019455239,0.07274749999999999,0.07219923455334143,0.07282280000000001,0.00040999999999999864,0.0056497175141242756,38.909090909090814,1.5,False,CLOSE_NOT_NEAR_OR_BELOW_LOWER_BB|CLOSE_NOT_ABOVE_MA200|RSI_RECOVERY_NOT_CONFIRMED
2026-07-23T07:10:43.433740+00:00,REPAIR_MR_1R_ASYMMETRIC_V1,DOGE,DOGEUSDT,strategy-lab-v1.0.0:REPAIR_MR_1R_ASYMMETRIC_V1,1784790000000,2026-07-23T07:00:00+00:00,0.07256,0.07256,0.07247,0.07248,36.32653061224471,0.072743,0.07218755063237077,0.0728132,0.00038499999999999846,0.005311810154525365,34.63035019455239,1.5,False,RSI_NOT_BELOW_35|CLOSE_NOT_NEAR_OR_BELOW_LOWER_BB|CLOSE_NOT_ABOVE_MA200|RSI_RECOVERY_NOT_CONFIRMED
2026-07-23T07:10:43.433740+00:00,REPAIR_MR_1R_ASYMMETRIC_V1,BNB,BNBUSDT,strategy-lab-v1.0.0:REPAIR_MR_1R_ASYMMETRIC_V1,1784782800000,2026-07-23T05:00:00+00:00,569.38,570.4,568.77,569.88,39.17525773195893,570.8275,568.5098298336541,572.06885,1.893571428571436,0.0033227546651425494,44.64425332290854,1.5,False,RSI_NOT_BELOW_35|CLOSE_NOT_NEAR_OR_BELOW_LOWER_BB|CLOSE_NOT_ABOVE_MA200|RSI_RECOVERY_NOT_CONFIRMED
2026-07-23T07:10:43.433740+00:00,REPAIR_MR_1R_ASYMMETRIC_V1,BNB,BNBUSDT,strategy-lab-v1.0.0:REPAIR_MR_1R_ASYMMETRIC_V1,1784786400000,2026-07-23T06:00:00+00:00,569.69,570.4,569.21,569.91,24.278074866309908,570.7845,568.4325010629318,572.0119,1.6857142857142873,0.0029578605143167997,39.17525773195893,1.5,False,CLOSE_NOT_NEAR_OR_BELOW_LOWER_BB|CLOSE_NOT_ABOVE_MA200|RSI_RECOVERY_NOT_CONFIRMED
2026-07-23T07:10:43.433740+00:00,REPAIR_MR_1R_ASYMMETRIC_V1,BNB,BNBUSDT,strategy-lab-v1.0.0:REPAIR_MR_1R_ASYMMETRIC_V1,1784790000000,2026-07-23T07:00:00+00:00,569.83,569.9,569.6,569.77,34.60365853658537,570.7439999999999,568.3517592094503,571.95375,1.4321428571428538,0.002513545566005325,24.278074866309908,1.5000000000000397,False,CLOSE_NOT_NEAR_OR_BELOW_LOWER_BB|CLOSE_NOT_ABOVE_MA200|RSI_RECOVERY_NOT_CONFIRMED
2026-07-23T07:10:43.433740+00:00,REPAIR_MR_1R_ASYMMETRIC_V1,PAXG,PAXGUSDT,strategy-lab-v1.0.0:REPAIR_MR_1R_ASYMMETRIC_V1,1784782800000,2026-07-23T05:00:00+00:00,4111.31,4120.31,4111.31,4117.82,33.08009550683748,4123.2405,4098.628703255475,4031.3583500000004,12.0,0.0029141633194262988,34.97152499472709,1.5,False,CLOSE_NOT_NEAR_OR_BELOW_LOWER_BB|RSI_RECOVERY_NOT_CONFIRMED
2026-07-23T07:10:43.433740+00:00,REPAIR_MR_1R_ASYMMETRIC_V1,PAXG,PAXGUSDT,strategy-lab-v1.0.0:REPAIR_MR_1R_ASYMMETRIC_V1,1784786400000,2026-07-23T06:00:00+00:00,4119.38,4119.39,4111.1,4111.1,34.58134785568454,4123.405000000001,4099.166795033588,4031.7054,11.62000000000002,0.002826494125659804,33.08009550683748,1.500000000000039,False,CLOSE_NOT_NEAR_OR_BELOW_LOWER_BB|RSI_RECOVERY_NOT_CONFIRMED
2026-07-23T07:10:43.433740+00:00,REPAIR_MR_1R_ASYMMETRIC_V1,PAXG,PAXGUSDT,strategy-lab-v1.0.0:REPAIR_MR_1R_ASYMMETRIC_V1,1784790000000,2026-07-23T07:00:00+00:00,4110.16,4110.16,4105.45,4105.45,35.64495380657242,4123.072999999999,4098.054601889931,4032.0117999999998,11.409285714285748,0.002779058498894335,34.58134785568454,1.5,False,RSI_NOT_BELOW_35|CLOSE_NOT_NEAR_OR_BELOW_LOWER_BB|RSI_RECOVERY_NOT_CONFIRMED
