timestamp,candidate_id,asset,symbol,strategy_version,candle_close_time,candle_time,open,high,low,close,rsi,ma20,bb_lower,ma200,atr,passed,rejection_reasons
2026-07-14T09:00:59.543583+00:00,MR_DEEP_VALUE_V1,BTC,BTCUSDT,strategy-lab-v1.0.0:MR_DEEP_VALUE_V1,1783800000,2026-07-11T20:00:00+00:00,64245.99,64417.0,64241.13,64337.11,59.08166541795979,64167.2835,64000.08054987185,63109.379649999995,173.67071428571424,False,RSI_NOT_BELOW_30|CLOSE_NOT_NEAR_OR_BELOW_LOWER_BB|TARGET_NOT_ABOVE_ENTRY
2026-07-14T09:00:59.543583+00:00,MR_DEEP_VALUE_V1,BTC,BTCUSDT,strategy-lab-v1.0.0:MR_DEEP_VALUE_V1,1783803600,2026-07-11T21:00:00+00:00,64337.11,64385.92,64293.06,64310.39,60.9803250074569,64184.116500000004,64031.05857119015,63120.67585,172.93642857142862,False,RSI_NOT_BELOW_30|CLOSE_NOT_NEAR_OR_BELOW_LOWER_BB|TARGET_NOT_ABOVE_ENTRY
2026-07-14T09:00:59.543583+00:00,MR_DEEP_VALUE_V1,BTC,BTCUSDT,strategy-lab-v1.0.0:MR_DEEP_VALUE_V1,1783807200,2026-07-11T22:00:00+00:00,64310.38,64387.95,64100.57,64158.08,46.91310055132573,64186.1715,64035.692413707045,63130.9582,181.90214285714268,False,RSI_NOT_BELOW_30|CLOSE_NOT_NEAR_OR_BELOW_LOWER_BB
2026-07-14T09:00:59.543583+00:00,MR_DEEP_VALUE_V1,BTC,BTCUSDT,strategy-lab-v1.0.0:MR_DEEP_VALUE_V1,1783810800,2026-07-11T23:00:00+00:00,64158.07,64208.7,63769.84,63773.04,36.37570230437253,64169.4395,63936.14256418738,63140.5021,201.91142857142873,False,RSI_NOT_BELOW_30
2026-07-14T09:00:59.543583+00:00,MR_DEEP_VALUE_V1,BTC,BTCUSDT,strategy-lab-v1.0.0:MR_DEEP_VALUE_V1,1783814400,2026-07-12T00:00:00+00:00,63773.05,63881.97,63654.01,63787.37,35.5321237923153,64153.241,63867.06237599647,63149.212400000004,213.3164285714286,False,RSI_NOT_BELOW_30
2026-07-14T09:00:59.543583+00:00,MR_DEEP_VALUE_V1,BTC,BTCUSDT,strategy-lab-v1.0.0:MR_DEEP_VALUE_V1,1783818000,2026-07-12T01:00:00+00:00,63789.85,64133.03,63769.17,64085.26,48.00330065946661,64151.23500000001,63863.743878570924,63158.9392,235.89071428571438,False,RSI_NOT_BELOW_30|CLOSE_NOT_NEAR_OR_BELOW_LOWER_BB
2026-07-14T09:00:59.543583+00:00,MR_DEEP_VALUE_V1,BTC,BTCUSDT,strategy-lab-v1.0.0:MR_DEEP_VALUE_V1,1783821600,2026-07-12T02:00:00+00:00,64085.27,64091.82,63988.01,64031.24,46.45094819537001,64144.4265,63852.37657945293,63168.34545,235.65214285714268,False,RSI_NOT_BELOW_30|CLOSE_NOT_NEAR_OR_BELOW_LOWER_BB
2026-07-14T09:00:59.543583+00:00,MR_DEEP_VALUE_V1,BTC,BTCUSDT,strategy-lab-v1.0.0:MR_DEEP_VALUE_V1,1783825200,2026-07-12T03:00:00+00:00,64031.24,64182.0,63991.19,64179.36,49.524433842586745,64147.8145,63855.79430210343,63178.4729,241.7799999999999,False,RSI_NOT_BELOW_30|CLOSE_NOT_NEAR_OR_BELOW_LOWER_BB|TARGET_NOT_ABOVE_ENTRY
2026-07-14T09:00:59.543583+00:00,MR_DEEP_VALUE_V1,BTC,BTCUSDT,strategy-lab-v1.0.0:MR_DEEP_VALUE_V1,1783828800,2026-07-12T04:00:00+00:00,64179.36,64202.31,63896.56,63962.07,40.47725789518489,64135.0745,63834.12095371827,63184.7071,244.78571428571428,False,RSI_NOT_BELOW_30|CLOSE_NOT_NEAR_OR_BELOW_LOWER_BB
2026-07-14T09:00:59.543583+00:00,MR_DEEP_VALUE_V1,BTC,BTCUSDT,strategy-lab-v1.0.0:MR_DEEP_VALUE_V1,1783832400,2026-07-12T05:00:00+00:00,63962.07,63983.92,63860.16,63925.68,44.000764941025544,64125.9745,63811.5529412297,63190.9885,211.8057142857137,False,RSI_NOT_BELOW_30|CLOSE_NOT_NEAR_OR_BELOW_LOWER_BB
2026-07-14T09:00:59.543583+00:00,MR_DEEP_VALUE_V1,BTC,BTCUSDT,strategy-lab-v1.0.0:MR_DEEP_VALUE_V1,1783836000,2026-07-12T06:00:00+00:00,63925.68,63925.68,63588.2,63714.75,38.513710337853084,64104.808,63743.06134419715,63196.9983,222.30214285714257,False,RSI_NOT_BELOW_30
2026-07-14T09:00:59.543583+00:00,MR_DEEP_VALUE_V1,BTC,BTCUSDT,strategy-lab-v1.0.0:MR_DEEP_VALUE_V1,1783839600,2026-07-12T07:00:00+00:00,63714.75,63860.16,63691.51,63843.7,38.180391463401,64089.729499999994,63711.23347468462,63203.615699999995,217.11785714285674,False,RSI_NOT_BELOW_30|CLOSE_NOT_NEAR_OR_BELOW_LOWER_BB
2026-07-14T09:00:59.543583+00:00,MR_DEEP_VALUE_V1,BTC,BTCUSDT,strategy-lab-v1.0.0:MR_DEEP_VALUE_V1,1783843200,2026-07-12T08:00:00+00:00,63843.7,64060.98,63837.3,63940.08,40.98096006837298,64079.659999999996,63696.51871984275,63209.849299999994,225.28499999999985,False,RSI_NOT_BELOW_30|CLOSE_NOT_NEAR_OR_BELOW_LOWER_BB
2026-07-14T09:00:59.543583+00:00,MR_DEEP_VALUE_V1,BTC,BTCUSDT,strategy-lab-v1.0.0:MR_DEEP_VALUE_V1,1783846800,2026-07-12T09:00:00+00:00,63940.08,64004.49,63722.75,63915.23,41.22345224322594,64065.67,63679.976134660494,63217.407999999996,237.3192857142853,False,RSI_NOT_BELOW_30|CLOSE_NOT_NEAR_OR_BELOW_LOWER_BB
2026-07-14T09:00:59.543583+00:00,MR_DEEP_VALUE_V1,BTC,BTCUSDT,strategy-lab-v1.0.0:MR_DEEP_VALUE_V1,1783850400,2026-07-12T10:00:00+00:00,63915.98,63915.98,63786.4,63807.56,36.070998321838736,64041.164000000004,63655.26763046989,63224.03605,234.01285714285663,False,RSI_NOT_BELOW_30|CLOSE_NOT_NEAR_OR_BELOW_LOWER_BB
2026-07-14T09:00:59.543583+00:00,MR_DEEP_VALUE_V1,BTC,BTCUSDT,strategy-lab-v1.0.0:MR_DEEP_VALUE_V1,1783854000,2026-07-12T11:00:00+00:00,63811.98,63992.51,63777.12,63966.54,41.54390969677604,64033.482,63648.06664204897,63231.06595,242.76499999999942,False,RSI_NOT_BELOW_30|CLOSE_NOT_NEAR_OR_BELOW_LOWER_BB
2026-07-14T09:00:59.543583+00:00,MR_DEEP_VALUE_V1,BTC,BTCUSDT,strategy-lab-v1.0.0:MR_DEEP_VALUE_V1,1783857600,2026-07-12T12:00:00+00:00,63966.53,64089.48,63929.32,63982.16,45.36188477479102,64025.95399999999,63642.71064595909,63237.8359,233.677857142857,False,RSI_NOT_BELOW_30|CLOSE_NOT_NEAR_OR_BELOW_LOWER_BB
2026-07-14T09:00:59.543583+00:00,MR_DEEP_VALUE_V1,BTC,BTCUSDT,strategy-lab-v1.0.0:MR_DEEP_VALUE_V1,1783861200,2026-07-12T13:00:00+00:00,63982.16,64062.0,63950.0,63980.52,56.85630444265238,64011.405999999995,63644.82021531036,63245.6765,210.3307142857141,False,RSI_NOT_BELOW_30|CLOSE_NOT_NEAR_OR_BELOW_LOWER_BB
2026-07-14T09:00:59.543583+00:00,MR_DEEP_VALUE_V1,BTC,BTCUSDT,strategy-lab-v1.0.0:MR_DEEP_VALUE_V1,1783864800,2026-07-12T14:00:00+00:00,63980.52,64250.56,63917.39,64158.64,61.07045949250055,64005.2385,63653.20808192294,63254.2956,217.84571428571402,False,RSI_NOT_BELOW_30|CLOSE_NOT_NEAR_OR_BELOW_LOWER_BB|TARGET_NOT_ABOVE_ENTRY
2026-07-14T09:00:59.543583+00:00,MR_DEEP_VALUE_V1,BTC,BTCUSDT,strategy-lab-v1.0.0:MR_DEEP_VALUE_V1,1783868400,2026-07-12T15:00:00+00:00,64158.65,64224.5,64075.05,64136.52,51.82930310902995,63999.76499999999,63659.6763528203,63262.42005,202.5307142857138,False,RSI_NOT_BELOW_30|CLOSE_NOT_NEAR_OR_BELOW_LOWER_BB|TARGET_NOT_ABOVE_ENTRY
2026-07-14T09:00:59.543583+00:00,MR_DEEP_VALUE_V1,BTC,BTCUSDT,strategy-lab-v1.0.0:MR_DEEP_VALUE_V1,1783872000,2026-07-12T16:00:00+00:00,64136.53,64172.16,64000.01,64131.78,53.71874537653495,63989.4985,63679.71801951179,63270.603500000005,207.41214285714264,False,RSI_NOT_BELOW_30|CLOSE_NOT_NEAR_OR_BELOW_LOWER_BB|TARGET_NOT_ABOVE_ENTRY
2026-07-14T09:00:59.543583+00:00,MR_DEEP_VALUE_V1,BTC,BTCUSDT,strategy-lab-v1.0.0:MR_DEEP_VALUE_V1,1783875600,2026-07-12T17:00:00+00:00,64131.79,64138.66,63979.51,64034.91,44.44658029295317,63975.7245,63701.82082404894,63278.6328,205.15071428571432,False,RSI_NOT_BELOW_30|CLOSE_NOT_NEAR_OR_BELOW_LOWER_BB|TARGET_NOT_ABOVE_ENTRY
2026-07-14T09:00:59.543583+00:00,MR_DEEP_VALUE_V1,BTC,BTCUSDT,strategy-lab-v1.0.0:MR_DEEP_VALUE_V1,1783879200,2026-07-12T18:00:00+00:00,64034.91,64116.11,63972.55,64109.19,56.35485598769808,63973.280000000006,63705.11731870281,63286.92835,193.56571428571417,False,RSI_NOT_BELOW_30|CLOSE_NOT_NEAR_OR_BELOW_LOWER_BB|TARGET_NOT_ABOVE_ENTRY
2026-07-14T09:00:59.543583+00:00,MR_DEEP_VALUE_V1,BTC,BTCUSDT,strategy-lab-v1.0.0:MR_DEEP_VALUE_V1,1783882800,2026-07-12T19:00:00+00:00,64109.19,64232.49,64104.01,64193.87,61.1205559656004,63994.321500000005,63726.26735835786,63295.755099999995,193.9028571428571,False,RSI_NOT_BELOW_30|CLOSE_NOT_NEAR_OR_BELOW_LOWER_BB|TARGET_NOT_ABOVE_ENTRY
2026-07-14T09:00:59.543583+00:00,MR_DEEP_VALUE_V1,BTC,BTCUSDT,strategy-lab-v1.0.0:MR_DEEP_VALUE_V1,1783886400,2026-07-12T20:00:00+00:00,64193.87,64219.68,64130.1,64161.74,71.76129226994289,64013.04,63753.24873755933,63303.540499999996,176.19571428571413,False,RSI_NOT_BELOW_30|CLOSE_NOT_NEAR_OR_BELOW_LOWER_BB|TARGET_NOT_ABOVE_ENTRY
2026-07-14T09:00:59.543583+00:00,MR_DEEP_VALUE_V1,BTC,BTCUSDT,strategy-lab-v1.0.0:MR_DEEP_VALUE_V1,1783890000,2026-07-12T21:00:00+00:00,64161.74,64198.28,63842.46,63883.78,51.704023672664235,64002.96599999999,63739.55749220931,63310.269400000005,189.56499999999974,False,RSI_NOT_BELOW_30|CLOSE_NOT_NEAR_OR_BELOW_LOWER_BB
2026-07-14T09:00:59.543583+00:00,MR_DEEP_VALUE_V1,BTC,BTCUSDT,strategy-lab-v1.0.0:MR_DEEP_VALUE_V1,1783893600,2026-07-12T22:00:00+00:00,63883.78,63890.43,63625.0,63845.6,45.773992700207465,63993.683999999994,63721.962915693846,63316.27335,192.54714285714257,False,RSI_NOT_BELOW_30|CLOSE_NOT_NEAR_OR_BELOW_LOWER_BB
2026-07-14T09:00:59.543583+00:00,MR_DEEP_VALUE_V1,BTC,BTCUSDT,strategy-lab-v1.0.0:MR_DEEP_VALUE_V1,1783897200,2026-07-12T23:00:00+00:00,63845.6,63879.74,63688.0,63740.32,42.7015614177105,63971.732,63692.718856323045,63320.56885000001,186.11857142857116,False,RSI_NOT_BELOW_30|CLOSE_NOT_NEAR_OR_BELOW_LOWER_BB
2026-07-14T09:00:59.543583+00:00,MR_DEEP_VALUE_V1,BTC,BTCUSDT,strategy-lab-v1.0.0:MR_DEEP_VALUE_V1,1783900800,2026-07-13T00:00:00+00:00,63740.32,64388.01,63520.0,64024.78,57.89856442627955,63974.86750000001,63694.951162292644,63326.36335,238.8635714285712,False,RSI_NOT_BELOW_30|CLOSE_NOT_NEAR_OR_BELOW_LOWER_BB|TARGET_NOT_ABOVE_ENTRY
2026-07-14T09:00:59.543583+00:00,MR_DEEP_VALUE_V1,BTC,BTCUSDT,strategy-lab-v1.0.0:MR_DEEP_VALUE_V1,1783904400,2026-07-13T01:00:00+00:00,64024.78,64024.78,63354.98,63368.77,34.03468850322365,63947.02200000001,63562.0043088422,63327.101449999995,271.32142857142804,False,RSI_NOT_BELOW_30
2026-07-14T09:00:59.543583+00:00,MR_DEEP_VALUE_V1,BTC,BTCUSDT,strategy-lab-v1.0.0:MR_DEEP_VALUE_V1,1783908000,2026-07-13T02:00:00+00:00,63368.77,63503.44,63186.42,63326.94,32.741926987304424,63927.6315,63466.28029160071,63328.16945,282.52571428571383,False,RSI_NOT_BELOW_30|CLOSE_NOT_ABOVE_MA200
2026-07-14T09:00:59.543583+00:00,MR_DEEP_VALUE_V1,BTC,BTCUSDT,strategy-lab-v1.0.0:MR_DEEP_VALUE_V1,1783911600,2026-07-13T03:00:00+00:00,63326.94,63335.35,62686.15,62758.58,25.214399883165314,63873.3755,63185.62738772381,63325.79245,320.89714285714217,False,CLOSE_NOT_ABOVE_MA200
2026-07-14T09:00:59.543583+00:00,MR_DEEP_VALUE_V1,BTC,BTCUSDT,strategy-lab-v1.0.0:MR_DEEP_VALUE_V1,1783915200,2026-07-13T04:00:00+00:00,62758.57,62857.38,62564.02,62624.46,18.31542077306254,63807.59450000001,62931.94788562898,63323.01195,318.05357142857093,False,CLOSE_NOT_ABOVE_MA200
2026-07-14T09:00:59.543583+00:00,MR_DEEP_VALUE_V1,BTC,BTCUSDT,strategy-lab-v1.0.0:MR_DEEP_VALUE_V1,1783918800,2026-07-13T05:00:00+00:00,62624.47,62867.23,62461.0,62754.53,22.676820998271992,63749.559499999996,62763.27524258765,63320.59465,336.3949999999999,False,CLOSE_NOT_ABOVE_MA200
2026-07-14T09:00:59.543583+00:00,MR_DEEP_VALUE_V1,BTC,BTCUSDT,strategy-lab-v1.0.0:MR_DEEP_VALUE_V1,1783922400,2026-07-13T06:00:00+00:00,62754.53,62828.01,62660.4,62747.03,22.652099552479882,63696.532999999996,62618.64169486557,63318.629850000005,336.07071428571413,False,CLOSE_NOT_NEAR_OR_BELOW_LOWER_BB|CLOSE_NOT_ABOVE_MA200
2026-07-14T09:00:59.543583+00:00,MR_DEEP_VALUE_V1,BTC,BTCUSDT,strategy-lab-v1.0.0:MR_DEEP_VALUE_V1,1783926000,2026-07-13T07:00:00+00:00,62749.0,63009.49,62695.51,62935.57,29.047419379431204,63644.9845,62525.854098420554,63317.87545,347.1299999999995,False,CLOSE_NOT_NEAR_OR_BELOW_LOWER_BB|CLOSE_NOT_ABOVE_MA200
2026-07-14T09:00:59.543583+00:00,MR_DEEP_VALUE_V1,BTC,BTCUSDT,strategy-lab-v1.0.0:MR_DEEP_VALUE_V1,1783929600,2026-07-13T08:00:00+00:00,62935.58,63226.0,62877.5,63142.5,32.462400899838514,63603.0015,62474.6561461427,63318.93520000001,361.7685714285711,False,RSI_NOT_BELOW_30|CLOSE_NOT_NEAR_OR_BELOW_LOWER_BB|CLOSE_NOT_ABOVE_MA200
2026-07-14T09:00:59.543583+00:00,MR_DEEP_VALUE_V1,BTC,BTCUSDT,strategy-lab-v1.0.0:MR_DEEP_VALUE_V1,1783933200,2026-07-13T09:00:00+00:00,63142.5,63147.0,63021.71,63039.0,29.190556674727077,63555.9255,62416.00702339768,63319.97180000001,361.5407142857143,False,CLOSE_NOT_NEAR_OR_BELOW_LOWER_BB|CLOSE_NOT_ABOVE_MA200
2026-07-14T09:00:59.543583+00:00,MR_DEEP_VALUE_V1,BTC,BTCUSDT,strategy-lab-v1.0.0:MR_DEEP_VALUE_V1,1783936800,2026-07-13T10:00:00+00:00,63039.0,63090.09,62790.0,62801.79,27.18166412188127,63488.083,62338.25917399694,63320.78085,376.57714285714246,False,CLOSE_NOT_NEAR_OR_BELOW_LOWER_BB|CLOSE_NOT_ABOVE_MA200
2026-07-14T09:00:59.543583+00:00,MR_DEEP_VALUE_V1,BTC,BTCUSDT,strategy-lab-v1.0.0:MR_DEEP_VALUE_V1,1783940400,2026-07-13T11:00:00+00:00,62801.8,63067.73,62801.8,62842.97,31.029064913949952,63423.40550000001,62281.25745233749,63321.43965,370.1571428571427,False,RSI_NOT_BELOW_30|CLOSE_NOT_NEAR_OR_BELOW_LOWER_BB|CLOSE_NOT_ABOVE_MA200
2026-07-14T09:00:59.543583+00:00,MR_DEEP_VALUE_V1,BTC,BTCUSDT,strategy-lab-v1.0.0:MR_DEEP_VALUE_V1,1783944000,2026-07-13T12:00:00+00:00,62842.97,62928.0,62503.64,62561.5,28.501302545488656,63344.891500000005,62192.475905810454,63320.4591,381.5092857142855,False,CLOSE_NOT_NEAR_OR_BELOW_LOWER_BB|CLOSE_NOT_ABOVE_MA200
2026-07-14T09:00:59.543583+00:00,MR_DEEP_VALUE_V1,BTC,BTCUSDT,strategy-lab-v1.0.0:MR_DEEP_VALUE_V1,1783947600,2026-07-13T13:00:00+00:00,62561.5,62700.0,62088.0,62247.45,26.639083884415186,63255.51849999999,62054.78454431654,63318.2964,411.5278571428571,False,CLOSE_NOT_NEAR_OR_BELOW_LOWER_BB|CLOSE_NOT_ABOVE_MA200
2026-07-14T09:00:59.543583+00:00,MR_DEEP_VALUE_V1,BTC,BTCUSDT,strategy-lab-v1.0.0:MR_DEEP_VALUE_V1,1783951200,2026-07-13T14:00:00+00:00,62247.45,62728.08,62033.0,62716.19,30.639353042305046,63185.868500000004,62030.5410215199,63318.267049999995,399.1757142857142,False,RSI_NOT_BELOW_30|CLOSE_NOT_NEAR_OR_BELOW_LOWER_BB|CLOSE_NOT_ABOVE_MA200
2026-07-14T09:00:59.543583+00:00,MR_DEEP_VALUE_V1,BTC,BTCUSDT,strategy-lab-v1.0.0:MR_DEEP_VALUE_V1,1783954800,2026-07-13T15:00:00+00:00,62716.27,62908.0,62493.34,62540.62,35.71697130459093,63103.20599999999,62013.47899406862,63316.17795,380.95142857142906,False,RSI_NOT_BELOW_30|CLOSE_NOT_NEAR_OR_BELOW_LOWER_BB|CLOSE_NOT_ABOVE_MA200
2026-07-14T09:00:59.543583+00:00,MR_DEEP_VALUE_V1,BTC,BTCUSDT,strategy-lab-v1.0.0:MR_DEEP_VALUE_V1,1783958400,2026-07-13T16:00:00+00:00,62538.66,62567.99,62140.9,62204.34,32.423783160900825,63005.335999999996,61962.89464854845,63312.90795,388.8135714285714,False,RSI_NOT_BELOW_30|CLOSE_NOT_NEAR_OR_BELOW_LOWER_BB|CLOSE_NOT_ABOVE_MA200
2026-07-14T09:00:59.543583+00:00,MR_DEEP_VALUE_V1,BTC,BTCUSDT,strategy-lab-v1.0.0:MR_DEEP_VALUE_V1,1783962000,2026-07-13T17:00:00+00:00,62203.43,62299.42,61820.83,61830.0,34.52108684780802,62902.64700000001,61822.62199163951,63309.2285,376.62714285714276,False,RSI_NOT_BELOW_30|CLOSE_NOT_NEAR_OR_BELOW_LOWER_BB|CLOSE_NOT_ABOVE_MA200
2026-07-14T09:00:59.543583+00:00,MR_DEEP_VALUE_V1,BTC,BTCUSDT,strategy-lab-v1.0.0:MR_DEEP_VALUE_V1,1783965600,2026-07-13T18:00:00+00:00,61831.55,62032.44,61750.9,61950.68,38.717909218167144,62807.901,61743.02402945549,63305.477999999996,375.7828571428571,False,RSI_NOT_BELOW_30|CLOSE_NOT_NEAR_OR_BELOW_LOWER_BB|CLOSE_NOT_ABOVE_MA200
2026-07-14T09:00:59.543583+00:00,MR_DEEP_VALUE_V1,BTC,BTCUSDT,strategy-lab-v1.0.0:MR_DEEP_VALUE_V1,1783969200,2026-07-13T19:00:00+00:00,61950.68,62225.07,61907.48,62210.67,41.273050533058644,62731.41849999999,61727.41620601307,63303.4813,369.45142857142804,False,RSI_NOT_BELOW_30|CLOSE_NOT_NEAR_OR_BELOW_LOWER_BB|CLOSE_NOT_ABOVE_MA200
2026-07-14T09:00:59.543583+00:00,MR_DEEP_VALUE_V1,BTC,BTCUSDT,strategy-lab-v1.0.0:MR_DEEP_VALUE_V1,1783972800,2026-07-13T20:00:00+00:00,62212.52,62261.51,61976.39,62141.0,40.46567971933362,62637.229499999994,61795.98260250856,63300.7242,377.84499999999963,False,RSI_NOT_BELOW_30|CLOSE_NOT_NEAR_OR_BELOW_LOWER_BB|CLOSE_NOT_ABOVE_MA200
2026-07-14T09:00:59.543583+00:00,MR_DEEP_VALUE_V1,BTC,BTCUSDT,strategy-lab-v1.0.0:MR_DEEP_VALUE_V1,1783976400,2026-07-13T21:00:00+00:00,62140.99,62158.29,61833.2,61997.89,35.034091779667534,62568.6855,61754.05434332912,63297.01965,378.6385714285716,False,RSI_NOT_BELOW_30|CLOSE_NOT_NEAR_OR_BELOW_LOWER_BB|CLOSE_NOT_ABOVE_MA200
2026-07-14T09:00:59.543583+00:00,MR_DEEP_VALUE_V1,BTC,BTCUSDT,strategy-lab-v1.0.0:MR_DEEP_VALUE_V1,1783980000,2026-07-13T22:00:00+00:00,61997.9,62162.2,61819.58,61840.89,28.88909072625775,62494.382999999994,61699.0920117423,63292.42975,378.21857142857124,False,CLOSE_NOT_NEAR_OR_BELOW_LOWER_BB|CLOSE_NOT_ABOVE_MA200
2026-07-14T09:00:59.543583+00:00,MR_DEEP_VALUE_V1,BTC,BTCUSDT,strategy-lab-v1.0.0:MR_DEEP_VALUE_V1,1783983600,2026-07-13T23:00:00+00:00,61840.89,62271.83,61799.3,62264.94,38.62793608631527,62469.701,61678.10782254337,63290.3236,403.02142857142826,False,RSI_NOT_BELOW_30|CLOSE_NOT_NEAR_OR_BELOW_LOWER_BB|CLOSE_NOT_ABOVE_MA200
2026-07-14T09:00:59.543583+00:00,MR_DEEP_VALUE_V1,BTC,BTCUSDT,strategy-lab-v1.0.0:MR_DEEP_VALUE_V1,1783987200,2026-07-14T00:00:00+00:00,62264.94,62592.71,62190.4,62481.0,45.25765849937467,62462.52799999999,61674.080528862,63289.8787,410.3228571428569,False,RSI_NOT_BELOW_30|CLOSE_NOT_NEAR_OR_BELOW_LOWER_BB|CLOSE_NOT_ABOVE_MA200|TARGET_NOT_ABOVE_ENTRY
2026-07-14T09:00:59.543583+00:00,MR_DEEP_VALUE_V1,BTC,BTCUSDT,strategy-lab-v1.0.0:MR_DEEP_VALUE_V1,1783990800,2026-07-14T01:00:00+00:00,62481.0,62570.0,62382.1,62459.45,44.297202131709135,62447.774,61670.77493056949,63289.31894999999,404.74857142857115,False,RSI_NOT_BELOW_30|CLOSE_NOT_NEAR_OR_BELOW_LOWER_BB|CLOSE_NOT_ABOVE_MA200|TARGET_NOT_ABOVE_ENTRY
2026-07-14T09:00:59.543583+00:00,MR_DEEP_VALUE_V1,BTC,BTCUSDT,strategy-lab-v1.0.0:MR_DEEP_VALUE_V1,1783994400,2026-07-14T02:00:00+00:00,62459.45,62570.19,62242.73,62476.16,48.622570856737106,62434.230500000005,61669.21797028636,63287.8768,397.82714285714246,False,RSI_NOT_BELOW_30|CLOSE_NOT_NEAR_OR_BELOW_LOWER_BB|CLOSE_NOT_ABOVE_MA200|TARGET_NOT_ABOVE_ENTRY
2026-07-14T09:00:59.543583+00:00,MR_DEEP_VALUE_V1,BTC,BTCUSDT,strategy-lab-v1.0.0:MR_DEEP_VALUE_V1,1783998000,2026-07-14T03:00:00+00:00,62476.16,62535.53,62226.36,62500.0,54.49762963965539,62412.452000000005,61681.73740116961,63286.82184999999,376.19642857142804,False,RSI_NOT_BELOW_30|CLOSE_NOT_NEAR_OR_BELOW_LOWER_BB|CLOSE_NOT_ABOVE_MA200|TARGET_NOT_ABOVE_ENTRY
2026-07-14T09:00:59.543583+00:00,MR_DEEP_VALUE_V1,BTC,BTCUSDT,strategy-lab-v1.0.0:MR_DEEP_VALUE_V1,1784001600,2026-07-14T04:00:00+00:00,62500.0,62700.0,62466.4,62673.76,49.15565885672667,62389.015,61726.588392155885,63286.820999999996,343.23357142857066,False,RSI_NOT_BELOW_30|CLOSE_NOT_NEAR_OR_BELOW_LOWER_BB|CLOSE_NOT_ABOVE_MA200|TARGET_NOT_ABOVE_ENTRY
2026-07-14T09:00:59.543583+00:00,MR_DEEP_VALUE_V1,BTC,BTCUSDT,strategy-lab-v1.0.0:MR_DEEP_VALUE_V1,1784005200,2026-07-14T05:00:00+00:00,62671.68,62806.0,62620.39,62654.02,52.40582489668093,62369.766,61764.062817957965,63284.91649999999,326.87285714285616,False,RSI_NOT_BELOW_30|CLOSE_NOT_NEAR_OR_BELOW_LOWER_BB|CLOSE_NOT_ABOVE_MA200|TARGET_NOT_ABOVE_ENTRY
2026-07-14T09:00:59.543583+00:00,MR_DEEP_VALUE_V1,BTC,BTCUSDT,strategy-lab-v1.0.0:MR_DEEP_VALUE_V1,1784008800,2026-07-14T06:00:00+00:00,62654.01,62700.1,62478.75,62546.34,58.035034630529346,62356.9935,61778.088908645914,63279.25665,312.17714285714203,False,RSI_NOT_BELOW_30|CLOSE_NOT_NEAR_OR_BELOW_LOWER_BB|CLOSE_NOT_ABOVE_MA200|TARGET_NOT_ABOVE_ENTRY
2026-07-14T09:00:59.543583+00:00,MR_DEEP_VALUE_V1,BTC,BTCUSDT,strategy-lab-v1.0.0:MR_DEEP_VALUE_V1,1784012400,2026-07-14T07:00:00+00:00,62546.34,62575.1,62427.27,62467.62,67.39697472388355,62338.226,61800.69957045832,63273.69255,288.5514285714281,False,RSI_NOT_BELOW_30|CLOSE_NOT_NEAR_OR_BELOW_LOWER_BB|CLOSE_NOT_ABOVE_MA200|TARGET_NOT_ABOVE_ENTRY
2026-07-14T09:00:59.543583+00:00,MR_DEEP_VALUE_V1,BTC,BTCUSDT,strategy-lab-v1.0.0:MR_DEEP_VALUE_V1,1784016000,2026-07-14T08:00:00+00:00,62467.63,62721.92,62400.35,62640.96,68.30767761852724,62342.199,61797.01018621542,63268.40995,291.41071428571377,False,RSI_NOT_BELOW_30|CLOSE_NOT_NEAR_OR_BELOW_LOWER_BB|CLOSE_NOT_ABOVE_MA200|TARGET_NOT_ABOVE_ENTRY
2026-07-14T09:00:59.543583+00:00,MR_DEEP_VALUE_V1,ETH,ETHUSDT,strategy-lab-v1.0.0:MR_DEEP_VALUE_V1,1783800000,2026-07-11T20:00:00+00:00,1823.4,1827.65,1822.73,1824.85,81.01061375173043,1804.9615000000001,1780.8984376221579,1769.4544,8.245714285714273,False,RSI_NOT_BELOW_30|CLOSE_NOT_NEAR_OR_BELOW_LOWER_BB|TARGET_NOT_ABOVE_ENTRY
2026-07-14T09:00:59.543583+00:00,MR_DEEP_VALUE_V1,ETH,ETHUSDT,strategy-lab-v1.0.0:MR_DEEP_VALUE_V1,1783803600,2026-07-11T21:00:00+00:00,1824.85,1828.09,1821.61,1822.72,76.85433422698848,1806.702,1782.7889127045476,1769.8366999999998,8.437857142857135,False,RSI_NOT_BELOW_30|CLOSE_NOT_NEAR_OR_BELOW_LOWER_BB|TARGET_NOT_ABOVE_ENTRY
2026-07-14T09:00:59.543583+00:00,MR_DEEP_VALUE_V1,ETH,ETHUSDT,strategy-lab-v1.0.0:MR_DEEP_VALUE_V1,1783807200,2026-07-11T22:00:00+00:00,1822.71,1823.05,1808.06,1812.78,61.76304388773783,1807.627,1784.2830405243685,1770.2236000000003,9.22071428571428,False,RSI_NOT_BELOW_30|CLOSE_NOT_NEAR_OR_BELOW_LOWER_BB|TARGET_NOT_ABOVE_ENTRY
2026-07-14T09:00:59.543583+00:00,MR_DEEP_VALUE_V1,ETH,ETHUSDT,strategy-lab-v1.0.0:MR_DEEP_VALUE_V1,1783810800,2026-07-11T23:00:00+00:00,1812.8,1814.76,1785.35,1786.81,45.059777380788745,1807.208,1782.7136760860824,1770.51055,10.755714285714296,False,RSI_NOT_BELOW_30|CLOSE_NOT_NEAR_OR_BELOW_LOWER_BB
2026-07-14T09:00:59.543583+00:00,MR_DEEP_VALUE_V1,ETH,ETHUSDT,strategy-lab-v1.0.0:MR_DEEP_VALUE_V1,1783814400,2026-07-12T00:00:00+00:00,1786.81,1789.93,1778.55,1787.73,43.6742744435052,1806.8349999999998,1781.4104563462795,1770.7893,11.282142857142876,False,RSI_NOT_BELOW_30|CLOSE_NOT_NEAR_OR_BELOW_LOWER_BB
2026-07-14T09:00:59.543583+00:00,MR_DEEP_VALUE_V1,ETH,ETHUSDT,strategy-lab-v1.0.0:MR_DEEP_VALUE_V1,1783818000,2026-07-12T01:00:00+00:00,1787.74,1808.43,1786.99,1805.58,53.83371824480363,1807.218,1782.1134142834437,1771.1334,12.532142857142876,False,RSI_NOT_BELOW_30|CLOSE_NOT_NEAR_OR_BELOW_LOWER_BB
2026-07-14T09:00:59.543583+00:00,MR_DEEP_VALUE_V1,ETH,ETHUSDT,strategy-lab-v1.0.0:MR_DEEP_VALUE_V1,1783821600,2026-07-12T02:00:00+00:00,1805.58,1806.57,1802.01,1803.96,52.96523517382415,1807.5175,1782.7203381664367,1771.4673,12.630714285714296,False,RSI_NOT_BELOW_30|CLOSE_NOT_NEAR_OR_BELOW_LOWER_BB
2026-07-14T09:00:59.543583+00:00,MR_DEEP_VALUE_V1,ETH,ETHUSDT,strategy-lab-v1.0.0:MR_DEEP_VALUE_V1,1783825200,2026-07-12T03:00:00+00:00,1803.86,1812.49,1801.51,1810.43,54.84293193717284,1808.105,1783.6183738542868,1771.80195,12.694285714285732,False,RSI_NOT_BELOW_30|CLOSE_NOT_NEAR_OR_BELOW_LOWER_BB|TARGET_NOT_ABOVE_ENTRY
2026-07-14T09:00:59.543583+00:00,MR_DEEP_VALUE_V1,ETH,ETHUSDT,strategy-lab-v1.0.0:MR_DEEP_VALUE_V1,1783828800,2026-07-12T04:00:00+00:00,1810.43,1811.41,1803.0,1804.8,47.28169487725583,1808.3305,1784.0537370568084,1772.004,12.230714285714319,False,RSI_NOT_BELOW_30|CLOSE_NOT_NEAR_OR_BELOW_LOWER_BB
2026-07-14T09:00:59.543583+00:00,MR_DEEP_VALUE_V1,ETH,ETHUSDT,strategy-lab-v1.0.0:MR_DEEP_VALUE_V1,1783832400,2026-07-12T05:00:00+00:00,1804.8,1806.03,1800.11,1802.17,43.55535348942945,1808.739,1785.1760749693524,1772.2068,11.312857142857183,False,RSI_NOT_BELOW_30|CLOSE_NOT_NEAR_OR_BELOW_LOWER_BB
2026-07-14T09:00:59.543583+00:00,MR_DEEP_VALUE_V1,ETH,ETHUSDT,strategy-lab-v1.0.0:MR_DEEP_VALUE_V1,1783836000,2026-07-12T06:00:00+00:00,1802.16,1802.16,1788.34,1794.02,34.0294419719274,1808.6045000000001,1784.7396828207316,1772.3982500000002,11.332857142857197,False,RSI_NOT_BELOW_30|CLOSE_NOT_NEAR_OR_BELOW_LOWER_BB
2026-07-14T09:00:59.543583+00:00,MR_DEEP_VALUE_V1,ETH,ETHUSDT,strategy-lab-v1.0.0:MR_DEEP_VALUE_V1,1783839600,2026-07-12T07:00:00+00:00,1794.02,1798.0,1793.09,1797.7,35.79520213238564,1808.5425,1784.5713666308845,1772.60605,10.865000000000057,False,RSI_NOT_BELOW_30|CLOSE_NOT_NEAR_OR_BELOW_LOWER_BB
2026-07-14T09:00:59.543583+00:00,MR_DEEP_VALUE_V1,ETH,ETHUSDT,strategy-lab-v1.0.0:MR_DEEP_VALUE_V1,1783843200,2026-07-12T08:00:00+00:00,1797.69,1807.84,1797.32,1803.92,38.754105307765634,1808.8015,1785.1498063819963,1772.84115,11.138571428571481,False,RSI_NOT_BELOW_30|CLOSE_NOT_NEAR_OR_BELOW_LOWER_BB
2026-07-14T09:00:59.543583+00:00,MR_DEEP_VALUE_V1,ETH,ETHUSDT,strategy-lab-v1.0.0:MR_DEEP_VALUE_V1,1783846800,2026-07-12T09:00:00+00:00,1803.92,1804.8,1795.29,1801.33,38.40823183536322,1808.7904999999998,1785.1251257371678,1773.1172,11.23285714285719,False,RSI_NOT_BELOW_30|CLOSE_NOT_NEAR_OR_BELOW_LOWER_BB
2026-07-14T09:00:59.543583+00:00,MR_DEEP_VALUE_V1,ETH,ETHUSDT,strategy-lab-v1.0.0:MR_DEEP_VALUE_V1,1783850400,2026-07-12T10:00:00+00:00,1801.32,1801.32,1797.91,1798.33,36.30165289256201,1808.2245000000003,1784.1308249171093,1773.3710999999998,11.125714285714318,False,RSI_NOT_BELOW_30|CLOSE_NOT_NEAR_OR_BELOW_LOWER_BB
2026-07-14T09:00:59.543583+00:00,MR_DEEP_VALUE_V1,ETH,ETHUSDT,strategy-lab-v1.0.0:MR_DEEP_VALUE_V1,1783854000,2026-07-12T11:00:00+00:00,1798.33,1805.59,1795.28,1802.65,39.862612385089484,1807.6815000000001,1783.5992764523307,1773.6238,11.39928571428574,False,RSI_NOT_BELOW_30|CLOSE_NOT_NEAR_OR_BELOW_LOWER_BB
2026-07-14T09:00:59.543583+00:00,MR_DEEP_VALUE_V1,ETH,ETHUSDT,strategy-lab-v1.0.0:MR_DEEP_VALUE_V1,1783857600,2026-07-12T12:00:00+00:00,1802.64,1808.33,1801.89,1805.99,46.32535988743374,1806.8805,1783.7094374650205,1773.8543,10.788571428571442,False,RSI_NOT_BELOW_30|CLOSE_NOT_NEAR_OR_BELOW_LOWER_BB
2026-07-14T09:00:59.543583+00:00,MR_DEEP_VALUE_V1,ETH,ETHUSDT,strategy-lab-v1.0.0:MR_DEEP_VALUE_V1,1783861200,2026-07-12T13:00:00+00:00,1805.98,1808.64,1804.2,1804.8,63.30424493418128,1805.9564999999998,1784.0348209812764,1774.1053,9.005000000000011,False,RSI_NOT_BELOW_30|CLOSE_NOT_NEAR_OR_BELOW_LOWER_BB
2026-07-14T09:00:59.543583+00:00,MR_DEEP_VALUE_V1,ETH,ETHUSDT,strategy-lab-v1.0.0:MR_DEEP_VALUE_V1,1783864800,2026-07-12T14:00:00+00:00,1804.86,1821.4,1803.2,1818.51,69.14179104477603,1805.6245,1784.697027649046,1774.4317999999998,9.492142857142865,False,RSI_NOT_BELOW_30|CLOSE_NOT_NEAR_OR_BELOW_LOWER_BB|TARGET_NOT_ABOVE_ENTRY
2026-07-14T09:00:59.543583+00:00,MR_DEEP_VALUE_V1,ETH,ETHUSDT,strategy-lab-v1.0.0:MR_DEEP_VALUE_V1,1783868400,2026-07-12T15:00:00+00:00,1818.47,1825.46,1815.41,1819.96,61.23437500000001,1805.452,1785.063851874191,1774.7474,8.678571428571429,False,RSI_NOT_BELOW_30|CLOSE_NOT_NEAR_OR_BELOW_LOWER_BB|TARGET_NOT_ABOVE_ENTRY
2026-07-14T09:00:59.543583+00:00,MR_DEEP_VALUE_V1,ETH,ETHUSDT,strategy-lab-v1.0.0:MR_DEEP_VALUE_V1,1783872000,2026-07-12T16:00:00+00:00,1819.96,1823.23,1816.39,1820.68,63.24881141045948,1805.2434999999998,1785.5807277895526,1775.0467999999998,8.841428571428569,False,RSI_NOT_BELOW_30|CLOSE_NOT_NEAR_OR_BELOW_LOWER_BB|TARGET_NOT_ABOVE_ENTRY
2026-07-14T09:00:59.543583+00:00,MR_DEEP_VALUE_V1,ETH,ETHUSDT,strategy-lab-v1.0.0:MR_DEEP_VALUE_V1,1783875600,2026-07-12T17:00:00+00:00,1820.69,1821.25,1814.17,1817.2,55.63134253867902,1804.9675000000002,1786.1572401666024,1775.3502,8.562857142857135,False,RSI_NOT_BELOW_30|CLOSE_NOT_NEAR_OR_BELOW_LOWER_BB|TARGET_NOT_ABOVE_ENTRY
2026-07-14T09:00:59.543583+00:00,MR_DEEP_VALUE_V1,ETH,ETHUSDT,strategy-lab-v1.0.0:MR_DEEP_VALUE_V1,1783879200,2026-07-12T18:00:00+00:00,1817.32,1821.33,1814.07,1820.4,63.52288488210818,1805.3484999999996,1785.633769187738,1775.6641499999998,8.48071428571427,False,RSI_NOT_BELOW_30|CLOSE_NOT_NEAR_OR_BELOW_LOWER_BB|TARGET_NOT_ABOVE_ENTRY
2026-07-14T09:00:59.543583+00:00,MR_DEEP_VALUE_V1,ETH,ETHUSDT,strategy-lab-v1.0.0:MR_DEEP_VALUE_V1,1783882800,2026-07-12T19:00:00+00:00,1820.43,1822.46,1817.48,1820.39,66.5455866327641,1807.0275000000001,1788.2150414950645,1775.9829499999998,8.41357142857141,False,RSI_NOT_BELOW_30|CLOSE_NOT_NEAR_OR_BELOW_LOWER_BB|TARGET_NOT_ABOVE_ENTRY
2026-07-14T09:00:59.543583+00:00,MR_DEEP_VALUE_V1,ETH,ETHUSDT,strategy-lab-v1.0.0:MR_DEEP_VALUE_V1,1783886400,2026-07-12T20:00:00+00:00,1820.39,1823.2,1817.48,1820.28,77.9242875372178,1808.6550000000002,1791.2205335613646,1776.2703,7.834285714285686,False,RSI_NOT_BELOW_30|CLOSE_NOT_NEAR_OR_BELOW_LOWER_BB|TARGET_NOT_ABOVE_ENTRY
2026-07-14T09:00:59.543583+00:00,MR_DEEP_VALUE_V1,ETH,ETHUSDT,strategy-lab-v1.0.0:MR_DEEP_VALUE_V1,1783890000,2026-07-12T21:00:00+00:00,1820.39,1822.67,1810.23,1811.4,63.11757947146679,1808.946,1791.5322762167332,1776.5139,8.372142857142828,False,RSI_NOT_BELOW_30|CLOSE_NOT_NEAR_OR_BELOW_LOWER_BB|TARGET_NOT_ABOVE_ENTRY
2026-07-14T09:00:59.543583+00:00,MR_DEEP_VALUE_V1,ETH,ETHUSDT,strategy-lab-v1.0.0:MR_DEEP_VALUE_V1,1783893600,2026-07-12T22:00:00+00:00,1811.45,1811.45,1795.19,1803.96,50.03742514970056,1808.9460000000004,1791.5322762167336,1776.6785,8.782142857142828,False,RSI_NOT_BELOW_30|CLOSE_NOT_NEAR_OR_BELOW_LOWER_BB
2026-07-14T09:00:59.543583+00:00,MR_DEEP_VALUE_V1,ETH,ETHUSDT,strategy-lab-v1.0.0:MR_DEEP_VALUE_V1,1783897200,2026-07-12T23:00:00+00:00,1803.85,1807.8,1799.69,1805.51,53.988549618320654,1808.7,1791.2381421377934,1776.75755,8.682142857142821,False,RSI_NOT_BELOW_30|CLOSE_NOT_NEAR_OR_BELOW_LOWER_BB
2026-07-14T09:00:59.543583+00:00,MR_DEEP_VALUE_V1,ETH,ETHUSDT,strategy-lab-v1.0.0:MR_DEEP_VALUE_V1,1783900800,2026-07-13T00:00:00+00:00,1805.56,1844.67,1803.11,1825.36,69.51624548736453,1809.7279999999998,1790.9354891512628,1776.9563500000002,11.40642857142856,False,RSI_NOT_BELOW_30|CLOSE_NOT_NEAR_OR_BELOW_LOWER_BB|TARGET_NOT_ABOVE_ENTRY
2026-07-14T09:00:59.543583+00:00,MR_DEEP_VALUE_V1,ETH,ETHUSDT,strategy-lab-v1.0.0:MR_DEEP_VALUE_V1,1783904400,2026-07-13T01:00:00+00:00,1825.41,1828.84,1804.29,1805.65,51.77221172022685,1809.902,1791.3294744851462,1776.9955000000002,12.423571428571417,False,RSI_NOT_BELOW_30|CLOSE_NOT_NEAR_OR_BELOW_LOWER_BB
2026-07-14T09:00:59.543583+00:00,MR_DEEP_VALUE_V1,ETH,ETHUSDT,strategy-lab-v1.0.0:MR_DEEP_VALUE_V1,1783908000,2026-07-13T02:00:00+00:00,1805.78,1813.62,1798.05,1805.66,49.79707293075887,1810.484,1793.2579982584498,1777.06255,13.075714285714282,False,RSI_NOT_BELOW_30|CLOSE_NOT_NEAR_OR_BELOW_LOWER_BB
2026-07-14T09:00:59.543583+00:00,MR_DEEP_VALUE_V1,ETH,ETHUSDT,strategy-lab-v1.0.0:MR_DEEP_VALUE_V1,1783911600,2026-07-13T03:00:00+00:00,1805.65,1805.65,1773.83,1779.16,37.975989495404285,1809.557,1788.1829436699559,1777.0018000000002,15.03214285714286,False,RSI_NOT_BELOW_30
2026-07-14T09:00:59.543583+00:00,MR_DEEP_VALUE_V1,ETH,ETHUSDT,strategy-lab-v1.0.0:MR_DEEP_VALUE_V1,1783915200,2026-07-13T04:00:00+00:00,1779.23,1783.68,1774.77,1777.46,28.30567593277665,1808.234,1782.7479784195352,1776.9604499999998,14.368571428571434,True,
2026-07-14T09:00:59.543583+00:00,MR_DEEP_VALUE_V1,ETH,ETHUSDT,strategy-lab-v1.0.0:MR_DEEP_VALUE_V1,1783918800,2026-07-13T05:00:00+00:00,1777.56,1785.4,1772.59,1780.51,29.497973183660676,1807.193,1779.0968514383212,1776.92345,14.565714285714307,False,OPEN_TRADE_EXISTS|CLOSE_NOT_NEAR_OR_BELOW_LOWER_BB
2026-07-14T09:00:59.543583+00:00,MR_DEEP_VALUE_V1,ETH,ETHUSDT,strategy-lab-v1.0.0:MR_DEEP_VALUE_V1,1783922400,2026-07-13T06:00:00+00:00,1780.56,1782.43,1774.16,1776.36,27.75993576876745,1806.0945,1775.1269205175809,1776.8895499999999,14.66785714285717,False,OPEN_TRADE_EXISTS|CLOSE_NOT_NEAR_OR_BELOW_LOWER_BB|CLOSE_NOT_ABOVE_MA200
2026-07-14T09:00:59.543583+00:00,MR_DEEP_VALUE_V1,ETH,ETHUSDT,strategy-lab-v1.0.0:MR_DEEP_VALUE_V1,1783926000,2026-07-13T07:00:00+00:00,1776.4,1789.78,1775.01,1785.98,35.24295708073359,1805.261,1773.0933486092015,1776.9227500000002,15.217142857142887,False,OPEN_TRADE_EXISTS|RSI_NOT_BELOW_30|CLOSE_NOT_NEAR_OR_BELOW_LOWER_BB
2026-07-14T09:00:59.543583+00:00,MR_DEEP_VALUE_V1,ETH,ETHUSDT,strategy-lab-v1.0.0:MR_DEEP_VALUE_V1,1783929600,2026-07-13T08:00:00+00:00,1786.0,1792.08,1782.01,1788.7,34.94776828110159,1804.3965,1771.4341667846472,1777.0107999999998,15.41785714285717,False,OPEN_TRADE_EXISTS|RSI_NOT_BELOW_30|CLOSE_NOT_NEAR_OR_BELOW_LOWER_BB
2026-07-14T09:00:59.543583+00:00,MR_DEEP_VALUE_V1,ETH,ETHUSDT,strategy-lab-v1.0.0:MR_DEEP_VALUE_V1,1783933200,2026-07-13T09:00:00+00:00,1788.77,1789.0,1783.32,1784.3,33.5490928981675,1803.3715,1769.2679193815375,1777.1070000000002,15.467857142857172,False,OPEN_TRADE_EXISTS|RSI_NOT_BELOW_30|CLOSE_NOT_NEAR_OR_BELOW_LOWER_BB
2026-07-14T09:00:59.543583+00:00,MR_DEEP_VALUE_V1,ETH,ETHUSDT,strategy-lab-v1.0.0:MR_DEEP_VALUE_V1,1783936800,2026-07-13T10:00:00+00:00,1784.3,1785.24,1775.51,1778.08,31.77892918825559,1801.35,1766.2956775846403,1777.20175,15.754285714285743,False,OPEN_TRADE_EXISTS|RSI_NOT_BELOW_30|CLOSE_NOT_NEAR_OR_BELOW_LOWER_BB
2026-07-14T09:00:59.543583+00:00,MR_DEEP_VALUE_V1,ETH,ETHUSDT,strategy-lab-v1.0.0:MR_DEEP_VALUE_V1,1783940400,2026-07-13T11:00:00+00:00,1778.09,1783.29,1778.09,1779.2,35.098111810440585,1799.3120000000004,1764.0834629313113,1777.2980499999999,15.23785714285717,False,OPEN_TRADE_EXISTS|RSI_NOT_BELOW_30|CLOSE_NOT_NEAR_OR_BELOW_LOWER_BB
2026-07-14T09:00:59.543583+00:00,MR_DEEP_VALUE_V1,ETH,ETHUSDT,strategy-lab-v1.0.0:MR_DEEP_VALUE_V1,1783944000,2026-07-13T12:00:00+00:00,1779.2,1782.92,1766.51,1770.57,34.71573743477066,1796.8065000000001,1760.8921305777199,1777.3217499999998,15.248571428571463,False,OPEN_TRADE_EXISTS|RSI_NOT_BELOW_30|CLOSE_NOT_NEAR_OR_BELOW_LOWER_BB|CLOSE_NOT_ABOVE_MA200
2026-07-14T09:00:59.543583+00:00,MR_DEEP_VALUE_V1,ETH,ETHUSDT,strategy-lab-v1.0.0:MR_DEEP_VALUE_V1,1783947600,2026-07-13T13:00:00+00:00,1770.57,1775.01,1761.7,1769.7,33.50529709811151,1794.4315,1757.947901890712,1777.34935,15.620000000000037,False,OPEN_TRADE_EXISTS|RSI_NOT_BELOW_30|CLOSE_NOT_NEAR_OR_BELOW_LOWER_BB|CLOSE_NOT_ABOVE_MA200
2026-07-14T09:00:59.543583+00:00,MR_DEEP_VALUE_V1,ETH,ETHUSDT,strategy-lab-v1.0.0:MR_DEEP_VALUE_V1,1783951200,2026-07-13T14:00:00+00:00,1769.75,1780.42,1760.97,1780.0,27.090909090909193,1792.4115000000002,1757.4613587842618,1777.4339000000002,14.040714285714314,False,OPEN_TRADE_EXISTS|CLOSE_NOT_NEAR_OR_BELOW_LOWER_BB
2026-07-14T09:00:59.543583+00:00,MR_DEEP_VALUE_V1,ETH,ETHUSDT,strategy-lab-v1.0.0:MR_DEEP_VALUE_V1,1783954800,2026-07-13T15:00:00+00:00,1780.05,1785.23,1773.89,1775.39,31.966626936829627,1790.1614999999997,1756.9553353464287,1777.4690500000004,13.097142857142883,False,OPEN_TRADE_EXISTS|RSI_NOT_BELOW_30|CLOSE_NOT_NEAR_OR_BELOW_LOWER_BB|CLOSE_NOT_ABOVE_MA200
2026-07-14T09:00:59.543583+00:00,MR_DEEP_VALUE_V1,ETH,ETHUSDT,strategy-lab-v1.0.0:MR_DEEP_VALUE_V1,1783958400,2026-07-13T16:00:00+00:00,1775.39,1779.39,1765.52,1770.21,30.09992141012694,1787.658,1756.4207308491907,1777.4904999999999,12.975714285714323,False,OPEN_TRADE_EXISTS|RSI_NOT_BELOW_30|CLOSE_NOT_NEAR_OR_BELOW_LOWER_BB|CLOSE_NOT_ABOVE_MA200
2026-07-14T09:00:59.543583+00:00,MR_DEEP_VALUE_V1,ETH,ETHUSDT,strategy-lab-v1.0.0:MR_DEEP_VALUE_V1,1783962000,2026-07-13T17:00:00+00:00,1770.21,1774.55,1751.12,1751.67,33.053877450376106,1784.6715,1751.7112061451187,1777.46655,12.375714285714318,False,RSI_NOT_BELOW_30|CLOSE_NOT_ABOVE_MA200
2026-07-14T09:00:59.543583+00:00,MR_DEEP_VALUE_V1,ETH,ETHUSDT,strategy-lab-v1.0.0:MR_DEEP_VALUE_V1,1783965600,2026-07-13T18:00:00+00:00,1751.67,1765.61,1748.05,1763.09,42.08961796763179,1782.628,1749.6367832294693,1777.4821,12.993571428571451,False,RSI_NOT_BELOW_30|CLOSE_NOT_NEAR_OR_BELOW_LOWER_BB|CLOSE_NOT_ABOVE_MA200
2026-07-14T09:00:59.543583+00:00,MR_DEEP_VALUE_V1,ETH,ETHUSDT,strategy-lab-v1.0.0:MR_DEEP_VALUE_V1,1783969200,2026-07-13T19:00:00+00:00,1763.1,1773.48,1762.53,1772.97,46.139668236739745,1781.0010000000002,1749.5086187626255,1777.55395,12.860714285714298,False,RSI_NOT_BELOW_30|CLOSE_NOT_NEAR_OR_BELOW_LOWER_BB|CLOSE_NOT_ABOVE_MA200
2026-07-14T09:00:59.543583+00:00,MR_DEEP_VALUE_V1,ETH,ETHUSDT,strategy-lab-v1.0.0:MR_DEEP_VALUE_V1,1783972800,2026-07-13T20:00:00+00:00,1773.1,1775.29,1759.8,1765.54,44.64038042401431,1778.0100000000002,1753.3067597267045,1777.56445,13.376428571428587,False,RSI_NOT_BELOW_30|CLOSE_NOT_NEAR_OR_BELOW_LOWER_BB|CLOSE_NOT_ABOVE_MA200
2026-07-14T09:00:59.543583+00:00,MR_DEEP_VALUE_V1,ETH,ETHUSDT,strategy-lab-v1.0.0:MR_DEEP_VALUE_V1,1783976400,2026-07-13T21:00:00+00:00,1765.6,1765.62,1751.11,1759.9,36.55115511551159,1775.7224999999999,1753.3144667306522,1777.5397,13.357857142857158,False,RSI_NOT_BELOW_30|CLOSE_NOT_NEAR_OR_BELOW_LOWER_BB|CLOSE_NOT_ABOVE_MA200
2026-07-14T09:00:59.543583+00:00,MR_DEEP_VALUE_V1,ETH,ETHUSDT,strategy-lab-v1.0.0:MR_DEEP_VALUE_V1,1783980000,2026-07-13T22:00:00+00:00,1759.99,1766.6,1753.5,1755.93,33.31636289583547,1773.2359999999996,1753.832725637145,1777.4642000000001,13.574285714285727,False,RSI_NOT_BELOW_30|CLOSE_NOT_NEAR_OR_BELOW_LOWER_BB|CLOSE_NOT_ABOVE_MA200
2026-07-14T09:00:59.543583+00:00,MR_DEEP_VALUE_V1,ETH,ETHUSDT,strategy-lab-v1.0.0:MR_DEEP_VALUE_V1,1783983600,2026-07-13T23:00:00+00:00,1755.88,1775.8,1753.7,1774.57,45.673632725655835,1773.0065,1753.7811643462273,1777.4716499999997,14.74714285714286,False,RSI_NOT_BELOW_30|CLOSE_NOT_NEAR_OR_BELOW_LOWER_BB|CLOSE_NOT_ABOVE_MA200|TARGET_NOT_ABOVE_ENTRY
2026-07-14T09:00:59.543583+00:00,MR_DEEP_VALUE_V1,ETH,ETHUSDT,strategy-lab-v1.0.0:MR_DEEP_VALUE_V1,1783987200,2026-07-14T00:00:00+00:00,1774.57,1786.67,1771.36,1784.18,52.632941988950336,1773.3425,1753.589914473031,1777.5355000000002,15.1457142857143,False,RSI_NOT_BELOW_30|CLOSE_NOT_NEAR_OR_BELOW_LOWER_BB|TARGET_NOT_ABOVE_ENTRY
2026-07-14T09:00:59.543583+00:00,MR_DEEP_VALUE_V1,ETH,ETHUSDT,strategy-lab-v1.0.0:MR_DEEP_VALUE_V1,1783990800,2026-07-14T01:00:00+00:00,1784.13,1792.62,1781.21,1782.95,51.61707632600259,1773.4645,1753.5072632423671,1777.5602,15.588571428571429,False,RSI_NOT_BELOW_30|CLOSE_NOT_NEAR_OR_BELOW_LOWER_BB|TARGET_NOT_ABOVE_ENTRY
2026-07-14T09:00:59.543583+00:00,MR_DEEP_VALUE_V1,ETH,ETHUSDT,strategy-lab-v1.0.0:MR_DEEP_VALUE_V1,1783994400,2026-07-14T02:00:00+00:00,1782.94,1787.0,1773.24,1780.76,54.65254314674463,1773.6845,1753.5086287920394,1777.56535,15.399285714285709,False,RSI_NOT_BELOW_30|CLOSE_NOT_NEAR_OR_BELOW_LOWER_BB|TARGET_NOT_ABOVE_ENTRY
2026-07-14T09:00:59.543583+00:00,MR_DEEP_VALUE_V1,ETH,ETHUSDT,strategy-lab-v1.0.0:MR_DEEP_VALUE_V1,1783998000,2026-07-14T03:00:00+00:00,1780.76,1782.02,1772.71,1781.6,55.434782608695606,1773.4655000000002,1753.7381307126316,1777.5745500000003,15.113571428571422,False,RSI_NOT_BELOW_30|CLOSE_NOT_NEAR_OR_BELOW_LOWER_BB|TARGET_NOT_ABOVE_ENTRY
2026-07-14T09:00:59.543583+00:00,MR_DEEP_VALUE_V1,ETH,ETHUSDT,strategy-lab-v1.0.0:MR_DEEP_VALUE_V1,1784001600,2026-07-14T04:00:00+00:00,1781.62,1787.7,1780.31,1783.73,51.840884414174326,1773.2169999999999,1754.1493288259887,1777.6148500000002,14.252142857142855,False,RSI_NOT_BELOW_30|CLOSE_NOT_NEAR_OR_BELOW_LOWER_BB|TARGET_NOT_ABOVE_ENTRY
2026-07-14T09:00:59.543583+00:00,MR_DEEP_VALUE_V1,ETH,ETHUSDT,strategy-lab-v1.0.0:MR_DEEP_VALUE_V1,1784005200,2026-07-14T05:00:00+00:00,1783.72,1791.24,1782.34,1784.89,54.85387287962395,1773.2465,1754.108636718008,1777.6130000000003,14.077857142857154,False,RSI_NOT_BELOW_30|CLOSE_NOT_NEAR_OR_BELOW_LOWER_BB|TARGET_NOT_ABOVE_ENTRY
2026-07-14T09:00:59.543583+00:00,MR_DEEP_VALUE_V1,ETH,ETHUSDT,strategy-lab-v1.0.0:MR_DEEP_VALUE_V1,1784008800,2026-07-14T06:00:00+00:00,1784.88,1785.33,1779.4,1780.91,55.53486447341198,1773.3880000000001,1754.0682944121756,1777.5770499999999,13.510714285714275,False,RSI_NOT_BELOW_30|CLOSE_NOT_NEAR_OR_BELOW_LOWER_BB|TARGET_NOT_ABOVE_ENTRY
2026-07-14T09:00:59.543583+00:00,MR_DEEP_VALUE_V1,ETH,ETHUSDT,strategy-lab-v1.0.0:MR_DEEP_VALUE_V1,1784012400,2026-07-14T07:00:00+00:00,1780.91,1783.82,1776.94,1778.59,66.73296867230218,1773.3574999999996,1754.07269782315,1777.5490000000002,12.328571428571406,False,RSI_NOT_BELOW_30|CLOSE_NOT_NEAR_OR_BELOW_LOWER_BB|TARGET_NOT_ABOVE_ENTRY
2026-07-14T09:00:59.543583+00:00,MR_DEEP_VALUE_V1,ETH,ETHUSDT,strategy-lab-v1.0.0:MR_DEEP_VALUE_V1,1784016000,2026-07-14T08:00:00+00:00,1778.59,1787.8,1776.51,1784.1,64.09499530390438,1774.034,1754.2451340395614,1777.51025,11.880714285714264,False,RSI_NOT_BELOW_30|CLOSE_NOT_NEAR_OR_BELOW_LOWER_BB|TARGET_NOT_ABOVE_ENTRY
2026-07-14T09:00:59.543583+00:00,MR_DEEP_VALUE_V1,SOL,SOLUSDT,strategy-lab-v1.0.0:MR_DEEP_VALUE_V1,1783800000,2026-07-11T20:00:00+00:00,78.08,78.22,78.05,78.12,53.14009661835771,77.95700000000001,77.51959401009755,79.8335,0.3914285714285707,False,RSI_NOT_BELOW_30|CLOSE_NOT_NEAR_OR_BELOW_LOWER_BB|CLOSE_NOT_ABOVE_MA200|TARGET_NOT_ABOVE_ENTRY
2026-07-14T09:00:59.543583+00:00,MR_DEEP_VALUE_V1,SOL,SOLUSDT,strategy-lab-v1.0.0:MR_DEEP_VALUE_V1,1783803600,2026-07-11T21:00:00+00:00,78.11,78.27,78.08,78.18,56.310679611650556,77.9915,77.6004872124821,79.81675,0.3935714285714269,False,RSI_NOT_BELOW_30|CLOSE_NOT_NEAR_OR_BELOW_LOWER_BB|CLOSE_NOT_ABOVE_MA200|TARGET_NOT_ABOVE_ENTRY
2026-07-14T09:00:59.543583+00:00,MR_DEEP_VALUE_V1,SOL,SOLUSDT,strategy-lab-v1.0.0:MR_DEEP_VALUE_V1,1783807200,2026-07-11T22:00:00+00:00,78.17,78.21,77.71,77.84,44.14414414414442,77.997,77.61794327600936,79.79795,0.4128571428571409,False,RSI_NOT_BELOW_30|CLOSE_NOT_NEAR_OR_BELOW_LOWER_BB|CLOSE_NOT_ABOVE_MA200
2026-07-14T09:00:59.543583+00:00,MR_DEEP_VALUE_V1,SOL,SOLUSDT,strategy-lab-v1.0.0:MR_DEEP_VALUE_V1,1783810800,2026-07-11T23:00:00+00:00,77.83,77.87,76.7,76.74,32.88590604026855,77.947,77.28633064245226,79.77595,0.4571428571428555,False,RSI_NOT_BELOW_30|CLOSE_NOT_ABOVE_MA200
2026-07-14T09:00:59.543583+00:00,MR_DEEP_VALUE_V1,SOL,SOLUSDT,strategy-lab-v1.0.0:MR_DEEP_VALUE_V1,1783814400,2026-07-12T00:00:00+00:00,76.73,76.83,75.6,76.05,22.028985507246645,77.866,76.81024624082953,79.7489,0.5207142857142851,False,CLOSE_NOT_ABOVE_MA200
2026-07-14T09:00:59.543583+00:00,MR_DEEP_VALUE_V1,SOL,SOLUSDT,strategy-lab-v1.0.0:MR_DEEP_VALUE_V1,1783818000,2026-07-12T01:00:00+00:00,76.05,76.83,75.98,76.78,35.02415458937226,77.8185,76.66187949179404,79.72425,0.5699999999999993,False,RSI_NOT_BELOW_30|CLOSE_NOT_NEAR_OR_BELOW_LOWER_BB|CLOSE_NOT_ABOVE_MA200
2026-07-14T09:00:59.543583+00:00,MR_DEEP_VALUE_V1,SOL,SOLUSDT,strategy-lab-v1.0.0:MR_DEEP_VALUE_V1,1783821600,2026-07-12T02:00:00+00:00,76.78,76.87,76.58,76.8,35.336538461538666,77.759,76.52401174094543,79.69805000000001,0.5721428571428575,False,RSI_NOT_BELOW_30|CLOSE_NOT_NEAR_OR_BELOW_LOWER_BB|CLOSE_NOT_ABOVE_MA200
2026-07-14T09:00:59.543583+00:00,MR_DEEP_VALUE_V1,SOL,SOLUSDT,strategy-lab-v1.0.0:MR_DEEP_VALUE_V1,1783825200,2026-07-12T03:00:00+00:00,76.79,77.02,76.69,77.0,37.00234192037488,77.713,76.43755341154454,79.67105000000001,0.5657142857142858,False,RSI_NOT_BELOW_30|CLOSE_NOT_NEAR_OR_BELOW_LOWER_BB|CLOSE_NOT_ABOVE_MA200
2026-07-14T09:00:59.543583+00:00,MR_DEEP_VALUE_V1,SOL,SOLUSDT,strategy-lab-v1.0.0:MR_DEEP_VALUE_V1,1783828800,2026-07-12T04:00:00+00:00,76.99,77.03,76.55,76.66,29.370629370629487,77.64099999999999,76.30016593121941,79.64125,0.5592857142857152,False,CLOSE_NOT_NEAR_OR_BELOW_LOWER_BB|CLOSE_NOT_ABOVE_MA200
2026-07-14T09:00:59.543583+00:00,MR_DEEP_VALUE_V1,SOL,SOLUSDT,strategy-lab-v1.0.0:MR_DEEP_VALUE_V1,1783832400,2026-07-12T05:00:00+00:00,76.65,76.78,76.32,76.39,28.31460674157327,77.57249999999999,76.12708137551685,79.61035,0.52857142857143,False,CLOSE_NOT_NEAR_OR_BELOW_LOWER_BB|CLOSE_NOT_ABOVE_MA200
2026-07-14T09:00:59.543583+00:00,MR_DEEP_VALUE_V1,SOL,SOLUSDT,strategy-lab-v1.0.0:MR_DEEP_VALUE_V1,1783836000,2026-07-12T06:00:00+00:00,76.38,76.38,75.81,76.3,30.731707317073372,77.4885,75.95499062604667,79.58045,0.5171428571428588,False,RSI_NOT_BELOW_30|CLOSE_NOT_NEAR_OR_BELOW_LOWER_BB|CLOSE_NOT_ABOVE_MA200
2026-07-14T09:00:59.543583+00:00,MR_DEEP_VALUE_V1,SOL,SOLUSDT,strategy-lab-v1.0.0:MR_DEEP_VALUE_V1,1783839600,2026-07-12T07:00:00+00:00,76.3,76.66,76.25,76.45,30.731707317073372,77.41,75.83323115200648,79.5513,0.5185714285714299,False,RSI_NOT_BELOW_30|CLOSE_NOT_NEAR_OR_BELOW_LOWER_BB|CLOSE_NOT_ABOVE_MA200
2026-07-14T09:00:59.543583+00:00,MR_DEEP_VALUE_V1,SOL,SOLUSDT,strategy-lab-v1.0.0:MR_DEEP_VALUE_V1,1783843200,2026-07-12T08:00:00+00:00,76.43,76.78,76.42,76.65,34.03263403263426,77.3415,75.75766572836586,79.523,0.5207142857142871,False,RSI_NOT_BELOW_30|CLOSE_NOT_NEAR_OR_BELOW_LOWER_BB|CLOSE_NOT_ABOVE_MA200
2026-07-14T09:00:59.543583+00:00,MR_DEEP_VALUE_V1,SOL,SOLUSDT,strategy-lab-v1.0.0:MR_DEEP_VALUE_V1,1783846800,2026-07-12T09:00:00+00:00,76.65,76.85,76.34,76.69,33.72365339578462,77.2705,75.70361168234527,79.4971,0.5378571428571429,False,RSI_NOT_BELOW_30|CLOSE_NOT_NEAR_OR_BELOW_LOWER_BB|CLOSE_NOT_ABOVE_MA200
2026-07-14T09:00:59.543583+00:00,MR_DEEP_VALUE_V1,SOL,SOLUSDT,strategy-lab-v1.0.0:MR_DEEP_VALUE_V1,1783850400,2026-07-12T10:00:00+00:00,76.69,76.81,76.6,76.66,32.863849765258195,77.18199999999999,75.68886102455166,79.46985,0.5407142857142863,False,RSI_NOT_BELOW_30|CLOSE_NOT_NEAR_OR_BELOW_LOWER_BB|CLOSE_NOT_ABOVE_MA200
2026-07-14T09:00:59.543583+00:00,MR_DEEP_VALUE_V1,SOL,SOLUSDT,strategy-lab-v1.0.0:MR_DEEP_VALUE_V1,1783854000,2026-07-12T11:00:00+00:00,76.66,77.22,76.47,76.88,35.29411764705874,77.11,75.7071600233801,79.44095,0.5807142857142864,False,RSI_NOT_BELOW_30|CLOSE_NOT_NEAR_OR_BELOW_LOWER_BB|CLOSE_NOT_ABOVE_MA200
2026-07-14T09:00:59.543583+00:00,MR_DEEP_VALUE_V1,SOL,SOLUSDT,strategy-lab-v1.0.0:MR_DEEP_VALUE_V1,1783857600,2026-07-12T12:00:00+00:00,76.88,77.18,76.73,77.13,41.80138568129323,77.07249999999999,75.71462113942262,79.40965,0.5771428571428581,False,RSI_NOT_BELOW_30|CLOSE_NOT_NEAR_OR_BELOW_LOWER_BB|CLOSE_NOT_ABOVE_MA200|TARGET_NOT_ABOVE_ENTRY
2026-07-14T09:00:59.543583+00:00,MR_DEEP_VALUE_V1,SOL,SOLUSDT,strategy-lab-v1.0.0:MR_DEEP_VALUE_V1,1783861200,2026-07-12T13:00:00+00:00,77.13,77.43,77.07,77.11,55.692307692307764,77.0265,75.74108528092955,79.3787,0.519285714285716,False,RSI_NOT_BELOW_30|CLOSE_NOT_NEAR_OR_BELOW_LOWER_BB|CLOSE_NOT_ABOVE_MA200|TARGET_NOT_ABOVE_ENTRY
2026-07-14T09:00:59.543583+00:00,MR_DEEP_VALUE_V1,SOL,SOLUSDT,strategy-lab-v1.0.0:MR_DEEP_VALUE_V1,1783864800,2026-07-12T14:00:00+00:00,77.11,77.65,76.92,77.5,74.5762711864407,77.0005,75.77697272200292,79.3538,0.4835714285714303,False,RSI_NOT_BELOW_30|CLOSE_NOT_NEAR_OR_BELOW_LOWER_BB|CLOSE_NOT_ABOVE_MA200|TARGET_NOT_ABOVE_ENTRY
2026-07-14T09:00:59.543583+00:00,MR_DEEP_VALUE_V1,SOL,SOLUSDT,strategy-lab-v1.0.0:MR_DEEP_VALUE_V1,1783868400,2026-07-12T15:00:00+00:00,77.49,77.56,77.23,77.41,63.63636363636353,76.967,75.82989666256626,79.32765,0.44642857142857345,False,RSI_NOT_BELOW_30|CLOSE_NOT_NEAR_OR_BELOW_LOWER_BB|CLOSE_NOT_ABOVE_MA200|TARGET_NOT_ABOVE_ENTRY
2026-07-14T09:00:59.543583+00:00,MR_DEEP_VALUE_V1,SOL,SOLUSDT,strategy-lab-v1.0.0:MR_DEEP_VALUE_V1,1783872000,2026-07-12T16:00:00+00:00,77.42,77.62,77.34,77.5,64.70588235294119,76.93599999999999,75.89672332846206,79.30395,0.4457142857142874,False,RSI_NOT_BELOW_30|CLOSE_NOT_NEAR_OR_BELOW_LOWER_BB|CLOSE_NOT_ABOVE_MA200|TARGET_NOT_ABOVE_ENTRY
2026-07-14T09:00:59.543583+00:00,MR_DEEP_VALUE_V1,SOL,SOLUSDT,strategy-lab-v1.0.0:MR_DEEP_VALUE_V1,1783875600,2026-07-12T17:00:00+00:00,77.5,77.57,77.2,77.31,56.54008438818569,76.89250000000001,76.00312100316967,79.28235,0.4485714285714297,False,RSI_NOT_BELOW_30|CLOSE_NOT_NEAR_OR_BELOW_LOWER_BB|CLOSE_NOT_ABOVE_MA200|TARGET_NOT_ABOVE_ENTRY
2026-07-14T09:00:59.543583+00:00,MR_DEEP_VALUE_V1,SOL,SOLUSDT,strategy-lab-v1.0.0:MR_DEEP_VALUE_V1,1783879200,2026-07-12T18:00:00+00:00,77.3,77.6,77.18,77.53,69.33333333333343,76.877,76.04527648824687,79.2622,0.44428571428571423,False,RSI_NOT_BELOW_30|CLOSE_NOT_NEAR_OR_BELOW_LOWER_BB|CLOSE_NOT_ABOVE_MA200|TARGET_NOT_ABOVE_ENTRY
2026-07-14T09:00:59.543583+00:00,MR_DEEP_VALUE_V1,SOL,SOLUSDT,strategy-lab-v1.0.0:MR_DEEP_VALUE_V1,1783882800,2026-07-12T19:00:00+00:00,77.52,77.73,77.39,77.63,79.80769230769221,76.9215,76.03071888210236,79.24164999999999,0.43571428571428533,False,RSI_NOT_BELOW_30|CLOSE_NOT_NEAR_OR_BELOW_LOWER_BB|CLOSE_NOT_ABOVE_MA200|TARGET_NOT_ABOVE_ENTRY
2026-07-14T09:00:59.543583+00:00,MR_DEEP_VALUE_V1,SOL,SOLUSDT,strategy-lab-v1.0.0:MR_DEEP_VALUE_V1,1783886400,2026-07-12T20:00:00+00:00,77.63,77.68,77.4,77.42,75.4545454545457,76.99,76.1699268325308,79.2212,0.4142857142857141,False,RSI_NOT_BELOW_30|CLOSE_NOT_NEAR_OR_BELOW_LOWER_BB|CLOSE_NOT_ABOVE_MA200|TARGET_NOT_ABOVE_ENTRY
2026-07-14T09:00:59.543583+00:00,MR_DEEP_VALUE_V1,SOL,SOLUSDT,strategy-lab-v1.0.0:MR_DEEP_VALUE_V1,1783890000,2026-07-12T21:00:00+00:00,77.41,77.69,76.94,77.06,62.65560165975111,77.00399999999999,76.18920186548878,79.1986,0.4385714285714286,False,RSI_NOT_BELOW_30|CLOSE_NOT_NEAR_OR_BELOW_LOWER_BB|CLOSE_NOT_ABOVE_MA200|TARGET_NOT_ABOVE_ENTRY
2026-07-14T09:00:59.543583+00:00,MR_DEEP_VALUE_V1,SOL,SOLUSDT,strategy-lab-v1.0.0:MR_DEEP_VALUE_V1,1783893600,2026-07-12T22:00:00+00:00,77.05,77.05,76.42,76.72,51.372549019607725,77.0,76.18046354565342,79.1735,0.4585714285714287,False,RSI_NOT_BELOW_30|CLOSE_NOT_NEAR_OR_BELOW_LOWER_BB|CLOSE_NOT_ABOVE_MA200
2026-07-14T09:00:59.543583+00:00,MR_DEEP_VALUE_V1,SOL,SOLUSDT,strategy-lab-v1.0.0:MR_DEEP_VALUE_V1,1783897200,2026-07-12T23:00:00+00:00,76.72,76.91,76.6,76.88,53.55805243445691,76.994,76.17279600585303,79.14705,0.4442857142857152,False,RSI_NOT_BELOW_30|CLOSE_NOT_NEAR_OR_BELOW_LOWER_BB|CLOSE_NOT_ABOVE_MA200
2026-07-14T09:00:59.543583+00:00,MR_DEEP_VALUE_V1,SOL,SOLUSDT,strategy-lab-v1.0.0:MR_DEEP_VALUE_V1,1783900800,2026-07-13T00:00:00+00:00,76.86,78.15,76.79,77.47,62.53869969040255,77.0345,76.20334477983775,79.1237,0.5264285714285718,False,RSI_NOT_BELOW_30|CLOSE_NOT_NEAR_OR_BELOW_LOWER_BB|CLOSE_NOT_ABOVE_MA200|TARGET_NOT_ABOVE_ENTRY
2026-07-14T09:00:59.543583+00:00,MR_DEEP_VALUE_V1,SOL,SOLUSDT,strategy-lab-v1.0.0:MR_DEEP_VALUE_V1,1783904400,2026-07-13T01:00:00+00:00,77.48,77.61,76.22,76.26,42.65402843601905,77.02799999999999,76.17503810166986,79.09270000000001,0.5721428571428575,False,RSI_NOT_BELOW_30|CLOSE_NOT_NEAR_OR_BELOW_LOWER_BB|CLOSE_NOT_ABOVE_MA200
2026-07-14T09:00:59.543583+00:00,MR_DEEP_VALUE_V1,SOL,SOLUSDT,strategy-lab-v1.0.0:MR_DEEP_VALUE_V1,1783908000,2026-07-13T02:00:00+00:00,76.26,76.62,76.07,76.43,41.54589371980687,77.0345,76.20209444980048,79.06389999999999,0.5792857142857153,False,RSI_NOT_BELOW_30|CLOSE_NOT_NEAR_OR_BELOW_LOWER_BB|CLOSE_NOT_ABOVE_MA200
2026-07-14T09:00:59.543583+00:00,MR_DEEP_VALUE_V1,SOL,SOLUSDT,strategy-lab-v1.0.0:MR_DEEP_VALUE_V1,1783911600,2026-07-13T03:00:00+00:00,76.43,76.44,75.39,75.82,36.36363636363631,77.003,76.04612801273997,79.03395,0.6285714285714283,False,RSI_NOT_BELOW_30|CLOSE_NOT_ABOVE_MA200
2026-07-14T09:00:59.543583+00:00,MR_DEEP_VALUE_V1,SOL,SOLUSDT,strategy-lab-v1.0.0:MR_DEEP_VALUE_V1,1783915200,2026-07-13T04:00:00+00:00,75.8,76.09,75.67,75.86,31.278538812785428,76.9635,75.89311175267898,79.0037,0.6064285714285711,False,RSI_NOT_BELOW_30|CLOSE_NOT_ABOVE_MA200
2026-07-14T09:00:59.543583+00:00,MR_DEEP_VALUE_V1,SOL,SOLUSDT,strategy-lab-v1.0.0:MR_DEEP_VALUE_V1,1783918800,2026-07-13T05:00:00+00:00,75.87,76.41,75.69,76.35,38.912133891213365,76.94649999999999,75.84882472925597,78.97585,0.634285714285714,False,RSI_NOT_BELOW_30|CLOSE_NOT_NEAR_OR_BELOW_LOWER_BB|CLOSE_NOT_ABOVE_MA200
2026-07-14T09:00:59.543583+00:00,MR_DEEP_VALUE_V1,SOL,SOLUSDT,strategy-lab-v1.0.0:MR_DEEP_VALUE_V1,1783922400,2026-07-13T06:00:00+00:00,76.36,76.56,76.23,76.34,37.65957446808511,76.93050000000001,75.80754897702396,78.9483,0.6378571428571423,False,RSI_NOT_BELOW_30|CLOSE_NOT_NEAR_OR_BELOW_LOWER_BB|CLOSE_NOT_ABOVE_MA200
2026-07-14T09:00:59.543583+00:00,MR_DEEP_VALUE_V1,SOL,SOLUSDT,strategy-lab-v1.0.0:MR_DEEP_VALUE_V1,1783926000,2026-07-13T07:00:00+00:00,76.33,76.64,76.17,76.39,39.91228070175435,76.90599999999999,75.75859597351108,78.92165,0.6450000000000001,False,RSI_NOT_BELOW_30|CLOSE_NOT_NEAR_OR_BELOW_LOWER_BB|CLOSE_NOT_ABOVE_MA200
2026-07-14T09:00:59.543583+00:00,MR_DEEP_VALUE_V1,SOL,SOLUSDT,strategy-lab-v1.0.0:MR_DEEP_VALUE_V1,1783929600,2026-07-13T08:00:00+00:00,76.39,76.84,76.31,76.66,40.56399132321033,76.88250000000001,75.73515741820373,78.8988,0.6528571428571439,False,RSI_NOT_BELOW_30|CLOSE_NOT_NEAR_OR_BELOW_LOWER_BB|CLOSE_NOT_ABOVE_MA200
2026-07-14T09:00:59.543583+00:00,MR_DEEP_VALUE_V1,SOL,SOLUSDT,strategy-lab-v1.0.0:MR_DEEP_VALUE_V1,1783933200,2026-07-13T09:00:00+00:00,76.66,76.67,76.54,76.55,38.3116883116883,76.8545,75.70340530363356,78.8777,0.6378571428571433,False,RSI_NOT_BELOW_30|CLOSE_NOT_NEAR_OR_BELOW_LOWER_BB|CLOSE_NOT_ABOVE_MA200
2026-07-14T09:00:59.543583+00:00,MR_DEEP_VALUE_V1,SOL,SOLUSDT,strategy-lab-v1.0.0:MR_DEEP_VALUE_V1,1783936800,2026-07-13T10:00:00+00:00,76.56,76.56,76.03,76.22,37.341772151898695,76.7905,75.64777562378192,78.8573,0.6557142857142862,False,RSI_NOT_BELOW_30|CLOSE_NOT_NEAR_OR_BELOW_LOWER_BB|CLOSE_NOT_ABOVE_MA200
2026-07-14T09:00:59.543583+00:00,MR_DEEP_VALUE_V1,SOL,SOLUSDT,strategy-lab-v1.0.0:MR_DEEP_VALUE_V1,1783940400,2026-07-13T11:00:00+00:00,76.22,76.5,76.22,76.28,41.216216216216196,76.73400000000001,75.60776023866897,78.83625,0.6221428571428577,False,RSI_NOT_BELOW_30|CLOSE_NOT_NEAR_OR_BELOW_LOWER_BB|CLOSE_NOT_ABOVE_MA200
2026-07-14T09:00:59.543583+00:00,MR_DEEP_VALUE_V1,SOL,SOLUSDT,strategy-lab-v1.0.0:MR_DEEP_VALUE_V1,1783944000,2026-07-13T12:00:00+00:00,76.3,76.33,75.67,75.79,39.86928104575169,76.6485,75.5083022101394,78.81255,0.6235714285714289,False,RSI_NOT_BELOW_30|CLOSE_NOT_NEAR_OR_BELOW_LOWER_BB|CLOSE_NOT_ABOVE_MA200
2026-07-14T09:00:59.543583+00:00,MR_DEEP_VALUE_V1,SOL,SOLUSDT,strategy-lab-v1.0.0:MR_DEEP_VALUE_V1,1783947600,2026-07-13T13:00:00+00:00,75.79,75.87,75.03,75.32,34.08163265306122,76.549,75.31372027459244,78.78715,0.6614285714285718,False,RSI_NOT_BELOW_30|CLOSE_NOT_NEAR_OR_BELOW_LOWER_BB|CLOSE_NOT_ABOVE_MA200
2026-07-14T09:00:59.543583+00:00,MR_DEEP_VALUE_V1,SOL,SOLUSDT,strategy-lab-v1.0.0:MR_DEEP_VALUE_V1,1783951200,2026-07-13T14:00:00+00:00,75.31,76.11,75.28,76.08,36.29191321499015,76.4765,75.31184940861948,78.7649,0.6235714285714289,False,RSI_NOT_BELOW_30|CLOSE_NOT_NEAR_OR_BELOW_LOWER_BB|CLOSE_NOT_ABOVE_MA200
2026-07-14T09:00:59.543583+00:00,MR_DEEP_VALUE_V1,SOL,SOLUSDT,strategy-lab-v1.0.0:MR_DEEP_VALUE_V1,1783954800,2026-07-13T15:00:00+00:00,76.09,76.25,75.68,75.74,43.80952380952372,76.382,75.30354555033465,78.74045,0.5649999999999997,False,RSI_NOT_BELOW_30|CLOSE_NOT_NEAR_OR_BELOW_LOWER_BB|CLOSE_NOT_ABOVE_MA200
2026-07-14T09:00:59.543583+00:00,MR_DEEP_VALUE_V1,SOL,SOLUSDT,strategy-lab-v1.0.0:MR_DEEP_VALUE_V1,1783958400,2026-07-13T16:00:00+00:00,75.74,75.96,75.12,75.21,36.622807017543764,76.2715,75.18824056662173,78.7144,0.5857142857142839,False,RSI_NOT_BELOW_30|CLOSE_NOT_NEAR_OR_BELOW_LOWER_BB|CLOSE_NOT_ABOVE_MA200
2026-07-14T09:00:59.543583+00:00,MR_DEEP_VALUE_V1,SOL,SOLUSDT,strategy-lab-v1.0.0:MR_DEEP_VALUE_V1,1783962000,2026-07-13T17:00:00+00:00,75.22,75.39,74.44,74.51,35.91397849462376,76.144,74.87724982731281,78.6878,0.5785714285714272,False,RSI_NOT_BELOW_30|CLOSE_NOT_ABOVE_MA200
2026-07-14T09:00:59.543583+00:00,MR_DEEP_VALUE_V1,SOL,SOLUSDT,strategy-lab-v1.0.0:MR_DEEP_VALUE_V1,1783965600,2026-07-13T18:00:00+00:00,74.52,74.96,74.48,74.77,38.80903490759744,76.04650000000001,74.67615296366101,78.6598,0.5828571428571406,False,RSI_NOT_BELOW_30|CLOSE_NOT_NEAR_OR_BELOW_LOWER_BB|CLOSE_NOT_ABOVE_MA200
2026-07-14T09:00:59.543583+00:00,MR_DEEP_VALUE_V1,SOL,SOLUSDT,strategy-lab-v1.0.0:MR_DEEP_VALUE_V1,1783969200,2026-07-13T19:00:00+00:00,74.78,75.17,74.66,75.1,36.730360934182535,75.9575,74.58403904314572,78.63285,0.5678571428571411,False,RSI_NOT_BELOW_30|CLOSE_NOT_NEAR_OR_BELOW_LOWER_BB|CLOSE_NOT_ABOVE_MA200
2026-07-14T09:00:59.543583+00:00,MR_DEEP_VALUE_V1,SOL,SOLUSDT,strategy-lab-v1.0.0:MR_DEEP_VALUE_V1,1783972800,2026-07-13T20:00:00+00:00,75.1,75.26,74.52,74.72,34.05511811023612,75.82000000000001,74.53177641692015,78.6029,0.5971428571428561,False,RSI_NOT_BELOW_30|CLOSE_NOT_NEAR_OR_BELOW_LOWER_BB|CLOSE_NOT_ABOVE_MA200
2026-07-14T09:00:59.543583+00:00,MR_DEEP_VALUE_V1,SOL,SOLUSDT,strategy-lab-v1.0.0:MR_DEEP_VALUE_V1,1783976400,2026-07-13T21:00:00+00:00,74.73,74.73,74.02,74.34,31.053604436229165,75.72399999999999,74.30202391018585,78.56875,0.6142857142857139,False,RSI_NOT_BELOW_30|CLOSE_NOT_NEAR_OR_BELOW_LOWER_BB|CLOSE_NOT_ABOVE_MA200
2026-07-14T09:00:59.543583+00:00,MR_DEEP_VALUE_V1,SOL,SOLUSDT,strategy-lab-v1.0.0:MR_DEEP_VALUE_V1,1783980000,2026-07-13T22:00:00+00:00,74.33,74.65,74.32,74.41,28.40690978886748,75.623,74.13073862879082,78.53395,0.6000000000000004,False,CLOSE_NOT_NEAR_OR_BELOW_LOWER_BB|CLOSE_NOT_ABOVE_MA200
2026-07-14T09:00:59.543583+00:00,MR_DEEP_VALUE_V1,SOL,SOLUSDT,strategy-lab-v1.0.0:MR_DEEP_VALUE_V1,1783983600,2026-07-13T23:00:00+00:00,74.42,74.92,74.31,74.91,35.357142857142804,75.5775,74.056817587396,78.5021,0.634285714285715,False,RSI_NOT_BELOW_30|CLOSE_NOT_NEAR_OR_BELOW_LOWER_BB|CLOSE_NOT_ABOVE_MA200
2026-07-14T09:00:59.543583+00:00,MR_DEEP_VALUE_V1,SOL,SOLUSDT,strategy-lab-v1.0.0:MR_DEEP_VALUE_V1,1783987200,2026-07-14T00:00:00+00:00,74.92,75.4,74.73,75.35,42.381786339754754,75.55199999999999,74.03401976297346,78.47375,0.644285714285715,False,RSI_NOT_BELOW_30|CLOSE_NOT_NEAR_OR_BELOW_LOWER_BB|CLOSE_NOT_ABOVE_MA200
2026-07-14T09:00:59.543583+00:00,MR_DEEP_VALUE_V1,SOL,SOLUSDT,strategy-lab-v1.0.0:MR_DEEP_VALUE_V1,1783990800,2026-07-14T01:00:00+00:00,75.36,75.46,75.13,75.22,40.83044982698956,75.4955,74.01692670117335,78.4445,0.6478571428571434,False,RSI_NOT_BELOW_30|CLOSE_NOT_NEAR_OR_BELOW_LOWER_BB|CLOSE_NOT_ABOVE_MA200
2026-07-14T09:00:59.543583+00:00,MR_DEEP_VALUE_V1,SOL,SOLUSDT,strategy-lab-v1.0.0:MR_DEEP_VALUE_V1,1783994400,2026-07-14T02:00:00+00:00,75.21,75.25,74.79,74.98,42.67631103074135,75.4275,73.98590539679036,78.41475,0.6335714285714289,False,RSI_NOT_BELOW_30|CLOSE_NOT_NEAR_OR_BELOW_LOWER_BB|CLOSE_NOT_ABOVE_MA200
2026-07-14T09:00:59.543583+00:00,MR_DEEP_VALUE_V1,SOL,SOLUSDT,strategy-lab-v1.0.0:MR_DEEP_VALUE_V1,1783998000,2026-07-14T03:00:00+00:00,74.99,75.1,74.47,75.07,47.57281553398056,75.3615,73.982713939727,78.38525,0.6185714285714283,False,RSI_NOT_BELOW_30|CLOSE_NOT_NEAR_OR_BELOW_LOWER_BB|CLOSE_NOT_ABOVE_MA200
2026-07-14T09:00:59.543583+00:00,MR_DEEP_VALUE_V1,SOL,SOLUSDT,strategy-lab-v1.0.0:MR_DEEP_VALUE_V1,1784001600,2026-07-14T04:00:00+00:00,75.07,75.26,74.95,75.05,38.32199546485243,75.28099999999999,74.03307532278458,78.35545,0.5814285714285715,False,RSI_NOT_BELOW_30|CLOSE_NOT_NEAR_OR_BELOW_LOWER_BB|CLOSE_NOT_ABOVE_MA200
2026-07-14T09:00:59.543583+00:00,MR_DEEP_VALUE_V1,SOL,SOLUSDT,strategy-lab-v1.0.0:MR_DEEP_VALUE_V1,1784005200,2026-07-14T05:00:00+00:00,75.05,75.4,75.01,75.32,45.16129032258054,75.2195,74.11477424217446,78.32345000000001,0.5685714285714292,False,RSI_NOT_BELOW_30|CLOSE_NOT_NEAR_OR_BELOW_LOWER_BB|CLOSE_NOT_ABOVE_MA200|TARGET_NOT_ABOVE_ENTRY
2026-07-14T09:00:59.543583+00:00,MR_DEEP_VALUE_V1,SOL,SOLUSDT,strategy-lab-v1.0.0:MR_DEEP_VALUE_V1,1784008800,2026-07-14T06:00:00+00:00,75.31,75.35,75.01,75.06,48.157248157248226,75.1615,74.15559195251097,78.29,0.5328571428571435,False,RSI_NOT_BELOW_30|CLOSE_NOT_NEAR_OR_BELOW_LOWER_BB|CLOSE_NOT_ABOVE_MA200
2026-07-14T09:00:59.543583+00:00,MR_DEEP_VALUE_V1,SOL,SOLUSDT,strategy-lab-v1.0.0:MR_DEEP_VALUE_V1,1784012400,2026-07-14T07:00:00+00:00,75.04,75.16,74.8,74.88,55.21126760563375,75.0915,74.22093064606935,78.2568,0.49071428571428605,False,RSI_NOT_BELOW_30|CLOSE_NOT_NEAR_OR_BELOW_LOWER_BB|CLOSE_NOT_ABOVE_MA200
2026-07-14T09:00:59.543583+00:00,MR_DEEP_VALUE_V1,SOL,SOLUSDT,strategy-lab-v1.0.0:MR_DEEP_VALUE_V1,1784016000,2026-07-14T08:00:00+00:00,74.85,75.3,74.76,75.09,54.57142857142873,75.0565,74.24692542035757,78.22165,0.4950000000000005,False,RSI_NOT_BELOW_30|CLOSE_NOT_NEAR_OR_BELOW_LOWER_BB|CLOSE_NOT_ABOVE_MA200|TARGET_NOT_ABOVE_ENTRY
2026-07-14T09:00:59.543583+00:00,MR_DEEP_VALUE_V1,XRP,XRPUSDT,strategy-lab-v1.0.0:MR_DEEP_VALUE_V1,1783800000,2026-07-11T20:00:00+00:00,1.1148,1.1158,1.1132,1.1137,67.67676767676718,1.10894,1.101234313787871,1.11946,0.004292857142857146,False,RSI_NOT_BELOW_30|CLOSE_NOT_NEAR_OR_BELOW_LOWER_BB|CLOSE_NOT_ABOVE_MA200|TARGET_NOT_ABOVE_ENTRY
2026-07-14T09:00:59.543583+00:00,MR_DEEP_VALUE_V1,XRP,XRPUSDT,strategy-lab-v1.0.0:MR_DEEP_VALUE_V1,1783803600,2026-07-11T21:00:00+00:00,1.1137,1.1159,1.1133,1.114,67.99999999999983,1.109525,1.1021553663591874,1.1194785,0.004314285714285715,False,RSI_NOT_BELOW_30|CLOSE_NOT_NEAR_OR_BELOW_LOWER_BB|CLOSE_NOT_ABOVE_MA200|TARGET_NOT_ABOVE_ENTRY
2026-07-14T09:00:59.543583+00:00,MR_DEEP_VALUE_V1,XRP,XRPUSDT,strategy-lab-v1.0.0:MR_DEEP_VALUE_V1,1783807200,2026-07-11T22:00:00+00:00,1.114,1.1144,1.1066,1.1083,51.01214574898817,1.109655,1.1024704401665935,1.1194645,0.004657142857142852,False,RSI_NOT_BELOW_30|CLOSE_NOT_NEAR_OR_BELOW_LOWER_BB|CLOSE_NOT_ABOVE_MA200
2026-07-14T09:00:59.543583+00:00,MR_DEEP_VALUE_V1,XRP,XRPUSDT,strategy-lab-v1.0.0:MR_DEEP_VALUE_V1,1783810800,2026-07-11T23:00:00+00:00,1.1083,1.1087,1.0959,1.0961,36.41618497109872,1.10912,1.099868492014823,1.1193495,0.005235714285714265,False,RSI_NOT_BELOW_30|CLOSE_NOT_ABOVE_MA200
2026-07-14T09:00:59.543583+00:00,MR_DEEP_VALUE_V1,XRP,XRPUSDT,strategy-lab-v1.0.0:MR_DEEP_VALUE_V1,1783814400,2026-07-12T00:00:00+00:00,1.096,1.0981,1.0885,1.0924,28.412256267409674,1.108545,1.0969376790343424,1.11924,0.0056928571428571184,False,CLOSE_NOT_ABOVE_MA200
2026-07-14T09:00:59.543583+00:00,MR_DEEP_VALUE_V1,XRP,XRPUSDT,strategy-lab-v1.0.0:MR_DEEP_VALUE_V1,1783818000,2026-07-12T01:00:00+00:00,1.0923,1.0982,1.0918,1.0981,38.59223300970902,1.1081550000000002,1.0957235117544284,1.119118,0.0059714285714285486,False,RSI_NOT_BELOW_30|CLOSE_NOT_NEAR_OR_BELOW_LOWER_BB|CLOSE_NOT_ABOVE_MA200
2026-07-14T09:00:59.543583+00:00,MR_DEEP_VALUE_V1,XRP,XRPUSDT,strategy-lab-v1.0.0:MR_DEEP_VALUE_V1,1783821600,2026-07-12T02:00:00+00:00,1.0981,1.0981,1.0942,1.0954,35.77981651376167,1.10759,1.0939745822686269,1.118965,0.0061071428571428344,False,RSI_NOT_BELOW_30|CLOSE_NOT_NEAR_OR_BELOW_LOWER_BB|CLOSE_NOT_ABOVE_MA200
2026-07-14T09:00:59.543583+00:00,MR_DEEP_VALUE_V1,XRP,XRPUSDT,strategy-lab-v1.0.0:MR_DEEP_VALUE_V1,1783825200,2026-07-12T03:00:00+00:00,1.0953,1.0991,1.0947,1.0991,40.55201698513793,1.107205,1.0930955031982077,1.1188065,0.006157142857142829,False,RSI_NOT_BELOW_30|CLOSE_NOT_NEAR_OR_BELOW_LOWER_BB|CLOSE_NOT_ABOVE_MA200
2026-07-14T09:00:59.543583+00:00,MR_DEEP_VALUE_V1,XRP,XRPUSDT,strategy-lab-v1.0.0:MR_DEEP_VALUE_V1,1783828800,2026-07-12T04:00:00+00:00,1.099,1.0994,1.0938,1.0948,30.387931034482946,1.106555,1.0914522221098306,1.1185885,0.0060714285714285375,False,RSI_NOT_BELOW_30|CLOSE_NOT_NEAR_OR_BELOW_LOWER_BB|CLOSE_NOT_ABOVE_MA200
2026-07-14T09:00:59.543583+00:00,MR_DEEP_VALUE_V1,XRP,XRPUSDT,strategy-lab-v1.0.0:MR_DEEP_VALUE_V1,1783832400,2026-07-12T05:00:00+00:00,1.0949,1.0959,1.0931,1.0938,30.12820512820535,1.1059700000000001,1.0898752679425912,1.1183955,0.005635714285714267,False,RSI_NOT_BELOW_30|CLOSE_NOT_NEAR_OR_BELOW_LOWER_BB|CLOSE_NOT_ABOVE_MA200
2026-07-14T09:00:59.543583+00:00,MR_DEEP_VALUE_V1,XRP,XRPUSDT,strategy-lab-v1.0.0:MR_DEEP_VALUE_V1,1783836000,2026-07-12T06:00:00+00:00,1.0937,1.0937,1.086,1.0909,28.65853658536598,1.10512,1.0877756522175153,1.1182045,0.005828571428571421,False,CLOSE_NOT_NEAR_OR_BELOW_LOWER_BB|CLOSE_NOT_ABOVE_MA200
2026-07-14T09:00:59.543583+00:00,MR_DEEP_VALUE_V1,XRP,XRPUSDT,strategy-lab-v1.0.0:MR_DEEP_VALUE_V1,1783839600,2026-07-12T07:00:00+00:00,1.0908,1.0928,1.0896,1.0908,25.26539278131655,1.104285,1.0859024784101912,1.1179890000000001,0.005649999999999996,False,CLOSE_NOT_NEAR_OR_BELOW_LOWER_BB|CLOSE_NOT_ABOVE_MA200
2026-07-14T09:00:59.543583+00:00,MR_DEEP_VALUE_V1,XRP,XRPUSDT,strategy-lab-v1.0.0:MR_DEEP_VALUE_V1,1783843200,2026-07-12T08:00:00+00:00,1.0907,1.0943,1.0904,1.0932,25.581395348837376,1.103555,1.0846370217782189,1.1177515,0.005607142857142858,False,CLOSE_NOT_NEAR_OR_BELOW_LOWER_BB|CLOSE_NOT_ABOVE_MA200
2026-07-14T09:00:59.543583+00:00,MR_DEEP_VALUE_V1,XRP,XRPUSDT,strategy-lab-v1.0.0:MR_DEEP_VALUE_V1,1783846800,2026-07-12T09:00:00+00:00,1.0932,1.0962,1.0899,1.0942,27.991452991453343,1.102865,1.0836416522166459,1.1175614999999999,0.005692857142857134,False,CLOSE_NOT_NEAR_OR_BELOW_LOWER_BB|CLOSE_NOT_ABOVE_MA200
2026-07-14T09:00:59.543583+00:00,MR_DEEP_VALUE_V1,XRP,XRPUSDT,strategy-lab-v1.0.0:MR_DEEP_VALUE_V1,1783850400,2026-07-12T10:00:00+00:00,1.0941,1.0955,1.093,1.094,28.54030501089366,1.1019150000000002,1.0829123396599376,1.1173585,0.005685714285714278,False,CLOSE_NOT_NEAR_OR_BELOW_LOWER_BB|CLOSE_NOT_ABOVE_MA200
2026-07-14T09:00:59.543583+00:00,MR_DEEP_VALUE_V1,XRP,XRPUSDT,strategy-lab-v1.0.0:MR_DEEP_VALUE_V1,1783854000,2026-07-12T11:00:00+00:00,1.0939,1.0979,1.0922,1.0957,30.655391120507232,1.10108,1.0825314043658345,1.117153,0.0059071428571428565,False,RSI_NOT_BELOW_30|CLOSE_NOT_NEAR_OR_BELOW_LOWER_BB|CLOSE_NOT_ABOVE_MA200
2026-07-14T09:00:59.543583+00:00,MR_DEEP_VALUE_V1,XRP,XRPUSDT,strategy-lab-v1.0.0:MR_DEEP_VALUE_V1,1783857600,2026-07-12T12:00:00+00:00,1.0957,1.0995,1.0953,1.0985,38.963963963963984,1.1004099999999999,1.0825166604570364,1.11691,0.005649999999999996,False,RSI_NOT_BELOW_30|CLOSE_NOT_NEAR_OR_BELOW_LOWER_BB|CLOSE_NOT_ABOVE_MA200
2026-07-14T09:00:59.543583+00:00,MR_DEEP_VALUE_V1,XRP,XRPUSDT,strategy-lab-v1.0.0:MR_DEEP_VALUE_V1,1783861200,2026-07-12T13:00:00+00:00,1.0985,1.1008,1.0965,1.0977,52.42424242424213,1.09959,1.082813003844556,1.116706,0.005042857142857142,False,RSI_NOT_BELOW_30|CLOSE_NOT_NEAR_OR_BELOW_LOWER_BB|CLOSE_NOT_ABOVE_MA200
2026-07-14T09:00:59.543583+00:00,MR_DEEP_VALUE_V1,XRP,XRPUSDT,strategy-lab-v1.0.0:MR_DEEP_VALUE_V1,1783864800,2026-07-12T14:00:00+00:00,1.0977,1.1032,1.0953,1.1012,63.41463414634118,1.098835,1.083873011495801,1.1165275,0.004921428571428569,False,RSI_NOT_BELOW_30|CLOSE_NOT_NEAR_OR_BELOW_LOWER_BB|CLOSE_NOT_ABOVE_MA200|TARGET_NOT_ABOVE_ENTRY
2026-07-14T09:00:59.543583+00:00,MR_DEEP_VALUE_V1,XRP,XRPUSDT,strategy-lab-v1.0.0:MR_DEEP_VALUE_V1,1783868400,2026-07-12T15:00:00+00:00,1.1011,1.1026,1.0991,1.1013,55.88235294117616,1.09816,1.08503454381746,1.1163415,0.004714285714285719,False,RSI_NOT_BELOW_30|CLOSE_NOT_NEAR_OR_BELOW_LOWER_BB|CLOSE_NOT_ABOVE_MA200|TARGET_NOT_ABOVE_ENTRY
2026-07-14T09:00:59.543583+00:00,MR_DEEP_VALUE_V1,XRP,XRPUSDT,strategy-lab-v1.0.0:MR_DEEP_VALUE_V1,1783872000,2026-07-12T16:00:00+00:00,1.1013,1.1032,1.0992,1.1011,61.53846153846153,1.09753,1.086389066466414,1.1161425,0.004721428571428575,False,RSI_NOT_BELOW_30|CLOSE_NOT_NEAR_OR_BELOW_LOWER_BB|CLOSE_NOT_ABOVE_MA200|TARGET_NOT_ABOVE_ENTRY
2026-07-14T09:00:59.543583+00:00,MR_DEEP_VALUE_V1,XRP,XRPUSDT,strategy-lab-v1.0.0:MR_DEEP_VALUE_V1,1783875600,2026-07-12T17:00:00+00:00,1.1011,1.102,1.0968,1.0979,47.52066115702507,1.096725,1.0885211289625094,1.1159515,0.004778571428571442,False,RSI_NOT_BELOW_30|CLOSE_NOT_NEAR_OR_BELOW_LOWER_BB|CLOSE_NOT_ABOVE_MA200|TARGET_NOT_ABOVE_ENTRY
2026-07-14T09:00:59.543583+00:00,MR_DEEP_VALUE_V1,XRP,XRPUSDT,strategy-lab-v1.0.0:MR_DEEP_VALUE_V1,1783879200,2026-07-12T18:00:00+00:00,1.0979,1.1009,1.0966,1.1002,62.16216216216232,1.09632,1.0898187385839533,1.115749,0.004685714285714309,False,RSI_NOT_BELOW_30|CLOSE_NOT_NEAR_OR_BELOW_LOWER_BB|CLOSE_NOT_ABOVE_MA200|TARGET_NOT_ABOVE_ENTRY
2026-07-14T09:00:59.543583+00:00,MR_DEEP_VALUE_V1,XRP,XRPUSDT,strategy-lab-v1.0.0:MR_DEEP_VALUE_V1,1783882800,2026-07-12T19:00:00+00:00,1.1002,1.101,1.0976,1.0997,63.5944700460823,1.0965,1.0898357671109289,1.115551,0.004728571428571447,False,RSI_NOT_BELOW_30|CLOSE_NOT_NEAR_OR_BELOW_LOWER_BB|CLOSE_NOT_ABOVE_MA200|TARGET_NOT_ABOVE_ENTRY
2026-07-14T09:00:59.543583+00:00,MR_DEEP_VALUE_V1,XRP,XRPUSDT,strategy-lab-v1.0.0:MR_DEEP_VALUE_V1,1783886400,2026-07-12T20:00:00+00:00,1.0998,1.1005,1.0981,1.0987,69.69696969696973,1.0968149999999999,1.0903635583006759,1.1153095,0.004342857142857156,False,RSI_NOT_BELOW_30|CLOSE_NOT_NEAR_OR_BELOW_LOWER_BB|CLOSE_NOT_ABOVE_MA200|TARGET_NOT_ABOVE_ENTRY
2026-07-14T09:00:59.543583+00:00,MR_DEEP_VALUE_V1,XRP,XRPUSDT,strategy-lab-v1.0.0:MR_DEEP_VALUE_V1,1783890000,2026-07-12T21:00:00+00:00,1.0987,1.1004,1.0928,1.0936,55.64516129032238,1.09659,1.0900207078007005,1.1150165,0.0046571428571428675,False,RSI_NOT_BELOW_30|CLOSE_NOT_NEAR_OR_BELOW_LOWER_BB|CLOSE_NOT_ABOVE_MA200
2026-07-14T09:00:59.543583+00:00,MR_DEEP_VALUE_V1,XRP,XRPUSDT,strategy-lab-v1.0.0:MR_DEEP_VALUE_V1,1783893600,2026-07-12T22:00:00+00:00,1.0936,1.0936,1.0803,1.0858,37.748344370861176,1.09611,1.088033144176118,1.1145815000000001,0.005328571428571428,False,RSI_NOT_BELOW_30|CLOSE_NOT_ABOVE_MA200
2026-07-14T09:00:59.543583+00:00,MR_DEEP_VALUE_V1,XRP,XRPUSDT,strategy-lab-v1.0.0:MR_DEEP_VALUE_V1,1783897200,2026-07-12T23:00:00+00:00,1.0858,1.0869,1.0831,1.0854,35.13513513513493,1.095425,1.086231986348331,1.1141505,0.0051500000000000035,False,RSI_NOT_BELOW_30|CLOSE_NOT_ABOVE_MA200
2026-07-14T09:00:59.543583+00:00,MR_DEEP_VALUE_V1,XRP,XRPUSDT,strategy-lab-v1.0.0:MR_DEEP_VALUE_V1,1783900800,2026-07-13T00:00:00+00:00,1.0853,1.1023,1.0828,1.0925,47.945205479451985,1.09531,1.086031444077887,1.1137469999999998,0.006364285714285727,False,RSI_NOT_BELOW_30|CLOSE_NOT_NEAR_OR_BELOW_LOWER_BB|CLOSE_NOT_ABOVE_MA200
2026-07-14T09:00:59.543583+00:00,MR_DEEP_VALUE_V1,XRP,XRPUSDT,strategy-lab-v1.0.0:MR_DEEP_VALUE_V1,1783904400,2026-07-13T01:00:00+00:00,1.0925,1.0935,1.0791,1.0802,33.545647558386705,1.09463,1.0832524607229956,1.1132465,0.006985714285714294,False,RSI_NOT_BELOW_30|CLOSE_NOT_ABOVE_MA200
2026-07-14T09:00:59.543583+00:00,MR_DEEP_VALUE_V1,XRP,XRPUSDT,strategy-lab-v1.0.0:MR_DEEP_VALUE_V1,1783908000,2026-07-13T02:00:00+00:00,1.0802,1.0829,1.076,1.0792,28.697571743929416,1.094045,1.080895327000272,1.1127725,0.007178571428571431,False,CLOSE_NOT_ABOVE_MA200
2026-07-14T09:00:59.543583+00:00,MR_DEEP_VALUE_V1,XRP,XRPUSDT,strategy-lab-v1.0.0:MR_DEEP_VALUE_V1,1783911600,2026-07-13T03:00:00+00:00,1.0791,1.0791,1.0667,1.0717,25.000000000000213,1.09309,1.0767492656223847,1.1122935,0.007764285714285716,False,CLOSE_NOT_ABOVE_MA200
2026-07-14T09:00:59.543583+00:00,MR_DEEP_VALUE_V1,XRP,XRPUSDT,strategy-lab-v1.0.0:MR_DEEP_VALUE_V1,1783915200,2026-07-13T04:00:00+00:00,1.0715,1.075,1.0694,1.072,20.081967213114837,1.09203,1.0732821894611724,1.1118435,0.0076000000000000035,False,CLOSE_NOT_ABOVE_MA200
2026-07-14T09:00:59.543583+00:00,MR_DEEP_VALUE_V1,XRP,XRPUSDT,strategy-lab-v1.0.0:MR_DEEP_VALUE_V1,1783918800,2026-07-13T05:00:00+00:00,1.072,1.0782,1.0695,1.0755,25.287356321838942,1.091095,1.0710527970272783,1.111396,0.007971428571428582,False,CLOSE_NOT_NEAR_OR_BELOW_LOWER_BB|CLOSE_NOT_ABOVE_MA200
2026-07-14T09:00:59.543583+00:00,MR_DEEP_VALUE_V1,XRP,XRPUSDT,strategy-lab-v1.0.0:MR_DEEP_VALUE_V1,1783922400,2026-07-13T06:00:00+00:00,1.0755,1.0772,1.0741,1.0771,27.611940298507392,1.09025,1.0693617736511742,1.110975,0.007907142857142859,False,CLOSE_NOT_NEAR_OR_BELOW_LOWER_BB|CLOSE_NOT_ABOVE_MA200
2026-07-14T09:00:59.543583+00:00,MR_DEEP_VALUE_V1,XRP,XRPUSDT,strategy-lab-v1.0.0:MR_DEEP_VALUE_V1,1783926000,2026-07-13T07:00:00+00:00,1.0771,1.0809,1.0757,1.0788,31.66986564299414,1.089405,1.0681037817249863,1.1105875,0.007907142857142843,False,RSI_NOT_BELOW_30|CLOSE_NOT_NEAR_OR_BELOW_LOWER_BB|CLOSE_NOT_ABOVE_MA200
2026-07-14T09:00:59.543583+00:00,MR_DEEP_VALUE_V1,XRP,XRPUSDT,strategy-lab-v1.0.0:MR_DEEP_VALUE_V1,1783929600,2026-07-13T08:00:00+00:00,1.0788,1.0823,1.0777,1.079,28.799999999999912,1.08843,1.0670981365089738,1.1102400000000001,0.007928571428571412,False,CLOSE_NOT_NEAR_OR_BELOW_LOWER_BB|CLOSE_NOT_ABOVE_MA200
2026-07-14T09:00:59.543583+00:00,MR_DEEP_VALUE_V1,XRP,XRPUSDT,strategy-lab-v1.0.0:MR_DEEP_VALUE_V1,1783933200,2026-07-13T09:00:00+00:00,1.079,1.0798,1.0776,1.0778,28.4023668639054,1.087435,1.0660691136387985,1.1099075,0.007842857142857136,False,CLOSE_NOT_NEAR_OR_BELOW_LOWER_BB|CLOSE_NOT_ABOVE_MA200
2026-07-14T09:00:59.543583+00:00,MR_DEEP_VALUE_V1,XRP,XRPUSDT,strategy-lab-v1.0.0:MR_DEEP_VALUE_V1,1783936800,2026-07-13T10:00:00+00:00,1.0778,1.0784,1.0749,1.0771,28.5714285714285,1.08623,1.0653934839764472,1.1096110000000001,0.00792142857142857,False,CLOSE_NOT_NEAR_OR_BELOW_LOWER_BB|CLOSE_NOT_ABOVE_MA200
2026-07-14T09:00:59.543583+00:00,MR_DEEP_VALUE_V1,XRP,XRPUSDT,strategy-lab-v1.0.0:MR_DEEP_VALUE_V1,1783940400,2026-07-13T11:00:00+00:00,1.0771,1.0802,1.0764,1.0765,31.372549019607888,1.08499,1.0649519462022934,1.1093065,0.007649999999999998,False,RSI_NOT_BELOW_30|CLOSE_NOT_NEAR_OR_BELOW_LOWER_BB|CLOSE_NOT_ABOVE_MA200
2026-07-14T09:00:59.543583+00:00,MR_DEEP_VALUE_V1,XRP,XRPUSDT,strategy-lab-v1.0.0:MR_DEEP_VALUE_V1,1783944000,2026-07-13T12:00:00+00:00,1.0765,1.0777,1.0698,1.0729,34.53237410071928,1.08358,1.0643212773009272,1.1089849999999999,0.007264285714285723,False,RSI_NOT_BELOW_30|CLOSE_NOT_NEAR_OR_BELOW_LOWER_BB|CLOSE_NOT_ABOVE_MA200
2026-07-14T09:00:59.543583+00:00,MR_DEEP_VALUE_V1,XRP,XRPUSDT,strategy-lab-v1.0.0:MR_DEEP_VALUE_V1,1783947600,2026-07-13T13:00:00+00:00,1.0728,1.073,1.0647,1.0678,31.03448275862077,1.0820750000000001,1.0628233117623471,1.108647,0.007585714285714291,False,RSI_NOT_BELOW_30|CLOSE_NOT_NEAR_OR_BELOW_LOWER_BB|CLOSE_NOT_ABOVE_MA200
2026-07-14T09:00:59.543583+00:00,MR_DEEP_VALUE_V1,XRP,XRPUSDT,strategy-lab-v1.0.0:MR_DEEP_VALUE_V1,1783951200,2026-07-13T14:00:00+00:00,1.0678,1.077,1.0662,1.0763,33.054393305439206,1.08088,1.0633905060107565,1.108341,0.0069642857142857085,False,RSI_NOT_BELOW_30|CLOSE_NOT_NEAR_OR_BELOW_LOWER_BB|CLOSE_NOT_ABOVE_MA200
2026-07-14T09:00:59.543583+00:00,MR_DEEP_VALUE_V1,XRP,XRPUSDT,strategy-lab-v1.0.0:MR_DEEP_VALUE_V1,1783954800,2026-07-13T15:00:00+00:00,1.0764,1.0793,1.0711,1.0716,39.303482587064636,1.079475,1.0638426137458226,1.1080035000000001,0.006521428571428567,False,RSI_NOT_BELOW_30|CLOSE_NOT_NEAR_OR_BELOW_LOWER_BB|CLOSE_NOT_ABOVE_MA200
2026-07-14T09:00:59.543583+00:00,MR_DEEP_VALUE_V1,XRP,XRPUSDT,strategy-lab-v1.0.0:MR_DEEP_VALUE_V1,1783958400,2026-07-13T16:00:00+00:00,1.0716,1.0735,1.0654,1.0675,36.48960739030007,1.0779150000000002,1.0641528381058865,1.107652,0.006607142857142859,False,RSI_NOT_BELOW_30|CLOSE_NOT_NEAR_OR_BELOW_LOWER_BB|CLOSE_NOT_ABOVE_MA200
2026-07-14T09:00:59.543583+00:00,MR_DEEP_VALUE_V1,XRP,XRPUSDT,strategy-lab-v1.0.0:MR_DEEP_VALUE_V1,1783962000,2026-07-13T17:00:00+00:00,1.0675,1.0696,1.0572,1.058,34.878587196467834,1.076135,1.0617530286469552,1.107308,0.006600000000000018,False,RSI_NOT_BELOW_30|CLOSE_NOT_ABOVE_MA200
2026-07-14T09:00:59.543583+00:00,MR_DEEP_VALUE_V1,XRP,XRPUSDT,strategy-lab-v1.0.0:MR_DEEP_VALUE_V1,1783965600,2026-07-13T18:00:00+00:00,1.0579,1.062,1.0556,1.0605,37.894736842105104,1.07487,1.0596828870419752,1.106968,0.006657142857142869,False,RSI_NOT_BELOW_30|CLOSE_NOT_NEAR_OR_BELOW_LOWER_BB|CLOSE_NOT_ABOVE_MA200
2026-07-14T09:00:59.543583+00:00,MR_DEEP_VALUE_V1,XRP,XRPUSDT,strategy-lab-v1.0.0:MR_DEEP_VALUE_V1,1783969200,2026-07-13T19:00:00+00:00,1.0605,1.0698,1.0595,1.0661,40.524193548387224,1.073905,1.0590682247439074,1.106643,0.0067714285714285715,False,RSI_NOT_BELOW_30|CLOSE_NOT_NEAR_OR_BELOW_LOWER_BB|CLOSE_NOT_ABOVE_MA200
2026-07-14T09:00:59.543583+00:00,MR_DEEP_VALUE_V1,XRP,XRPUSDT,strategy-lab-v1.0.0:MR_DEEP_VALUE_V1,1783972800,2026-07-13T20:00:00+00:00,1.0661,1.0671,1.058,1.0613,35.03787878787874,1.0723449999999999,1.0591913731237423,1.106275,0.0072,False,RSI_NOT_BELOW_30|CLOSE_NOT_NEAR_OR_BELOW_LOWER_BB|CLOSE_NOT_ABOVE_MA200
2026-07-14T09:00:59.543583+00:00,MR_DEEP_VALUE_V1,XRP,XRPUSDT,strategy-lab-v1.0.0:MR_DEEP_VALUE_V1,1783976400,2026-07-13T21:00:00+00:00,1.0613,1.0614,1.0524,1.0584,31.11111111111107,1.071255,1.0572972817050994,1.105894,0.007471428571428573,False,RSI_NOT_BELOW_30|CLOSE_NOT_NEAR_OR_BELOW_LOWER_BB|CLOSE_NOT_ABOVE_MA200
2026-07-14T09:00:59.543583+00:00,MR_DEEP_VALUE_V1,XRP,XRPUSDT,strategy-lab-v1.0.0:MR_DEEP_VALUE_V1,1783980000,2026-07-13T22:00:00+00:00,1.0584,1.0626,1.0572,1.0574,30.291970802919636,1.070165,1.0554737406938748,1.1055005,0.00752857142857144,False,RSI_NOT_BELOW_30|CLOSE_NOT_NEAR_OR_BELOW_LOWER_BB|CLOSE_NOT_ABOVE_MA200
2026-07-14T09:00:59.543583+00:00,MR_DEEP_VALUE_V1,XRP,XRPUSDT,strategy-lab-v1.0.0:MR_DEEP_VALUE_V1,1783983600,2026-07-13T23:00:00+00:00,1.0574,1.0662,1.0563,1.0662,40.7051282051282,1.06989,1.055118283782857,1.1051515,0.008078571428571426,False,RSI_NOT_BELOW_30|CLOSE_NOT_NEAR_OR_BELOW_LOWER_BB|CLOSE_NOT_ABOVE_MA200
2026-07-14T09:00:59.543583+00:00,MR_DEEP_VALUE_V1,XRP,XRPUSDT,strategy-lab-v1.0.0:MR_DEEP_VALUE_V1,1783987200,2026-07-14T00:00:00+00:00,1.0663,1.0695,1.0633,1.0681,42.92452830188689,1.0696949999999998,1.0549368869769942,1.1048229999999999,0.008271428571428565,False,RSI_NOT_BELOW_30|CLOSE_NOT_NEAR_OR_BELOW_LOWER_BB|CLOSE_NOT_ABOVE_MA200
2026-07-14T09:00:59.543583+00:00,MR_DEEP_VALUE_V1,XRP,XRPUSDT,strategy-lab-v1.0.0:MR_DEEP_VALUE_V1,1783990800,2026-07-14T01:00:00+00:00,1.0681,1.0697,1.0639,1.0641,40.74626865671647,1.069125,1.0544272620788162,1.1044755000000002,0.008414285714285707,False,RSI_NOT_BELOW_30|CLOSE_NOT_NEAR_OR_BELOW_LOWER_BB|CLOSE_NOT_ABOVE_MA200
2026-07-14T09:00:59.543583+00:00,MR_DEEP_VALUE_V1,XRP,XRPUSDT,strategy-lab-v1.0.0:MR_DEEP_VALUE_V1,1783994400,2026-07-14T02:00:00+00:00,1.0641,1.0664,1.0615,1.0648,43.6817472698908,1.06851,1.0541736266789747,1.1041255,0.008199999999999985,False,RSI_NOT_BELOW_30|CLOSE_NOT_NEAR_OR_BELOW_LOWER_BB|CLOSE_NOT_ABOVE_MA200
2026-07-14T09:00:59.543583+00:00,MR_DEEP_VALUE_V1,XRP,XRPUSDT,strategy-lab-v1.0.0:MR_DEEP_VALUE_V1,1783998000,2026-07-14T03:00:00+00:00,1.0648,1.0663,1.0598,1.0652,47.811447811447685,1.06783,1.054239694631841,1.1037805,0.008071428571428554,False,RSI_NOT_BELOW_30|CLOSE_NOT_NEAR_OR_BELOW_LOWER_BB|CLOSE_NOT_ABOVE_MA200
2026-07-14T09:00:59.543583+00:00,MR_DEEP_VALUE_V1,XRP,XRPUSDT,strategy-lab-v1.0.0:MR_DEEP_VALUE_V1,1784001600,2026-07-14T04:00:00+00:00,1.065,1.0681,1.0631,1.0671,41.287878787878725,1.067235,1.0546479789068337,1.1034344999999999,0.0076571428571428546,False,RSI_NOT_BELOW_30|CLOSE_NOT_NEAR_OR_BELOW_LOWER_BB|CLOSE_NOT_ABOVE_MA200
2026-07-14T09:00:59.543583+00:00,MR_DEEP_VALUE_V1,XRP,XRPUSDT,strategy-lab-v1.0.0:MR_DEEP_VALUE_V1,1784005200,2026-07-14T05:00:00+00:00,1.0671,1.0721,1.0664,1.0703,48.73294346978551,1.06686,1.0551371334563677,1.1030674999999999,0.00747857142857143,False,RSI_NOT_BELOW_30|CLOSE_NOT_NEAR_OR_BELOW_LOWER_BB|CLOSE_NOT_ABOVE_MA200|TARGET_NOT_ABOVE_ENTRY
2026-07-14T09:00:59.543583+00:00,MR_DEEP_VALUE_V1,XRP,XRPUSDT,strategy-lab-v1.0.0:MR_DEEP_VALUE_V1,1784008800,2026-07-14T06:00:00+00:00,1.0703,1.0704,1.068,1.0686,51.124744376278215,1.0664349999999998,1.0556490322641028,1.102626,0.00707142857142857,False,RSI_NOT_BELOW_30|CLOSE_NOT_NEAR_OR_BELOW_LOWER_BB|CLOSE_NOT_ABOVE_MA200|TARGET_NOT_ABOVE_ENTRY
2026-07-14T09:00:59.543583+00:00,MR_DEEP_VALUE_V1,XRP,XRPUSDT,strategy-lab-v1.0.0:MR_DEEP_VALUE_V1,1784012400,2026-07-14T07:00:00+00:00,1.0685,1.0702,1.0661,1.0676,61.881188118811885,1.06599,1.0562147455276185,1.102183,0.0064785714285714125,False,RSI_NOT_BELOW_30|CLOSE_NOT_NEAR_OR_BELOW_LOWER_BB|CLOSE_NOT_ABOVE_MA200|TARGET_NOT_ABOVE_ENTRY
2026-07-14T09:00:59.543583+00:00,MR_DEEP_VALUE_V1,XRP,XRPUSDT,strategy-lab-v1.0.0:MR_DEEP_VALUE_V1,1784016000,2026-07-14T08:00:00+00:00,1.0675,1.0702,1.0665,1.0676,59.36675461741432,1.065725,1.0564382621443364,1.101746,0.0062857142857142756,False,RSI_NOT_BELOW_30|CLOSE_NOT_NEAR_OR_BELOW_LOWER_BB|CLOSE_NOT_ABOVE_MA200|TARGET_NOT_ABOVE_ENTRY
2026-07-14T09:00:59.543583+00:00,MR_DEEP_VALUE_V1,DOGE,DOGEUSDT,strategy-lab-v1.0.0:MR_DEEP_VALUE_V1,1783800000,2026-07-11T20:00:00+00:00,0.07531,0.07536,0.07511,0.07513,68.08510638297855,0.07459249999999999,0.07372044782266121,0.0750441,0.00037785714285714603,False,RSI_NOT_BELOW_30|CLOSE_NOT_NEAR_OR_BELOW_LOWER_BB|TARGET_NOT_ABOVE_ENTRY
2026-07-14T09:00:59.543583+00:00,MR_DEEP_VALUE_V1,DOGE,DOGEUSDT,strategy-lab-v1.0.0:MR_DEEP_VALUE_V1,1783803600,2026-07-11T21:00:00+00:00,0.07511,0.07528,0.07507,0.07514,69.69696969696928,0.0746475,0.07378304930736258,0.07503715,0.00037642857142857416,False,RSI_NOT_BELOW_30|CLOSE_NOT_NEAR_OR_BELOW_LOWER_BB|TARGET_NOT_ABOVE_ENTRY
2026-07-14T09:00:59.543583+00:00,MR_DEEP_VALUE_V1,DOGE,DOGEUSDT,strategy-lab-v1.0.0:MR_DEEP_VALUE_V1,1783807200,2026-07-11T22:00:00+00:00,0.07514,0.07514,0.07454,0.07458,57.09219858156017,0.074668,0.07383079990444259,0.07502645000000001,0.0004071428571428599,False,RSI_NOT_BELOW_30|CLOSE_NOT_NEAR_OR_BELOW_LOWER_BB|CLOSE_NOT_ABOVE_MA200
2026-07-14T09:00:59.543583+00:00,MR_DEEP_VALUE_V1,DOGE,DOGEUSDT,strategy-lab-v1.0.0:MR_DEEP_VALUE_V1,1783810800,2026-07-11T23:00:00+00:00,0.07458,0.07465,0.07314,0.07318,39.07766990291272,0.0746135,0.0735646096339458,0.07501094999999999,0.0004935714285714306,False,RSI_NOT_BELOW_30|CLOSE_NOT_ABOVE_MA200
2026-07-14T09:00:59.543583+00:00,MR_DEEP_VALUE_V1,DOGE,DOGEUSDT,strategy-lab-v1.0.0:MR_DEEP_VALUE_V1,1783814400,2026-07-12T00:00:00+00:00,0.07317,0.07327,0.07224,0.07259,28.899082568807486,0.0745295,0.07316302314326173,0.07499215,0.0005250000000000017,False,CLOSE_NOT_ABOVE_MA200
2026-07-14T09:00:59.543583+00:00,MR_DEEP_VALUE_V1,DOGE,DOGEUSDT,strategy-lab-v1.0.0:MR_DEEP_VALUE_V1,1783818000,2026-07-12T01:00:00+00:00,0.0726,0.07332,0.07254,0.07329,39.0438247011952,0.07448,0.07301293490260273,0.07497405,0.0005692857142857156,False,RSI_NOT_BELOW_30|CLOSE_NOT_NEAR_OR_BELOW_LOWER_BB|CLOSE_NOT_ABOVE_MA200
2026-07-14T09:00:59.543583+00:00,MR_DEEP_VALUE_V1,DOGE,DOGEUSDT,strategy-lab-v1.0.0:MR_DEEP_VALUE_V1,1783821600,2026-07-12T02:00:00+00:00,0.07329,0.07331,0.07305,0.07316,35.94377510040162,0.07442399999999999,0.07284912984662187,0.07495575,0.0005685714285714292,False,RSI_NOT_BELOW_30|CLOSE_NOT_NEAR_OR_BELOW_LOWER_BB|CLOSE_NOT_ABOVE_MA200
2026-07-14T09:00:59.543583+00:00,MR_DEEP_VALUE_V1,DOGE,DOGEUSDT,strategy-lab-v1.0.0:MR_DEEP_VALUE_V1,1783825200,2026-07-12T03:00:00+00:00,0.07316,0.07342,0.073,0.07337,37.93774319066158,0.074381,0.07274164768887184,0.07493699999999999,0.000565000000000001,False,RSI_NOT_BELOW_30|CLOSE_NOT_NEAR_OR_BELOW_LOWER_BB|CLOSE_NOT_ABOVE_MA200
2026-07-14T09:00:59.543583+00:00,MR_DEEP_VALUE_V1,DOGE,DOGEUSDT,strategy-lab-v1.0.0:MR_DEEP_VALUE_V1,1783828800,2026-07-12T04:00:00+00:00,0.07338,0.0735,0.073,0.07309,28.747433264887036,0.07432649999999999,0.07259420354731032,0.0749127,0.0005428571428571435,False,CLOSE_NOT_NEAR_OR_BELOW_LOWER_BB|CLOSE_NOT_ABOVE_MA200
2026-07-14T09:00:59.543583+00:00,MR_DEEP_VALUE_V1,DOGE,DOGEUSDT,strategy-lab-v1.0.0:MR_DEEP_VALUE_V1,1783832400,2026-07-12T05:00:00+00:00,0.07307,0.07324,0.07299,0.07309,26.63847780126845,0.07427700000000001,0.07246463028054397,0.0748878,0.0005142857142857152,False,CLOSE_NOT_NEAR_OR_BELOW_LOWER_BB|CLOSE_NOT_ABOVE_MA200
2026-07-14T09:00:59.543583+00:00,MR_DEEP_VALUE_V1,DOGE,DOGEUSDT,strategy-lab-v1.0.0:MR_DEEP_VALUE_V1,1783836000,2026-07-12T06:00:00+00:00,0.07308,0.07308,0.07252,0.07283,27.03862660944209,0.074197,0.07228044997456337,0.0748632,0.0005235714285714298,False,CLOSE_NOT_NEAR_OR_BELOW_LOWER_BB|CLOSE_NOT_ABOVE_MA200
2026-07-14T09:00:59.543583+00:00,MR_DEEP_VALUE_V1,DOGE,DOGEUSDT,strategy-lab-v1.0.0:MR_DEEP_VALUE_V1,1783839600,2026-07-12T07:00:00+00:00,0.07283,0.07299,0.07272,0.07285,26.406926406926246,0.07412,0.07211878037187291,0.07484009999999999,0.0005178571428571443,False,CLOSE_NOT_NEAR_OR_BELOW_LOWER_BB|CLOSE_NOT_ABOVE_MA200
2026-07-14T09:00:59.543583+00:00,MR_DEEP_VALUE_V1,DOGE,DOGEUSDT,strategy-lab-v1.0.0:MR_DEEP_VALUE_V1,1783843200,2026-07-12T08:00:00+00:00,0.07289,0.07319,0.07287,0.07298,26.406926406926246,0.074041,0.07199133758877196,0.07481850000000001,0.0005257142857142871,False,CLOSE_NOT_NEAR_OR_BELOW_LOWER_BB|CLOSE_NOT_ABOVE_MA200
2026-07-14T09:00:59.543583+00:00,MR_DEEP_VALUE_V1,DOGE,DOGEUSDT,strategy-lab-v1.0.0:MR_DEEP_VALUE_V1,1783846800,2026-07-12T09:00:00+00:00,0.07298,0.0731,0.07268,0.07293,23.672566371681228,0.07395700000000001,0.07187013536615308,0.07479925,0.0005292857142857153,False,CLOSE_NOT_NEAR_OR_BELOW_LOWER_BB|CLOSE_NOT_ABOVE_MA200
2026-07-14T09:00:59.543583+00:00,MR_DEEP_VALUE_V1,DOGE,DOGEUSDT,strategy-lab-v1.0.0:MR_DEEP_VALUE_V1,1783850400,2026-07-12T10:00:00+00:00,0.07294,0.073,0.07285,0.07295,24.999999999999915,0.0738465,0.07179235029756811,0.07477935000000001,0.000522142857142858,False,CLOSE_NOT_NEAR_OR_BELOW_LOWER_BB|CLOSE_NOT_ABOVE_MA200
2026-07-14T09:00:59.543583+00:00,MR_DEEP_VALUE_V1,DOGE,DOGEUSDT,strategy-lab-v1.0.0:MR_DEEP_VALUE_V1,1783854000,2026-07-12T11:00:00+00:00,0.07297,0.07324,0.07282,0.07321,29.067245119305795,0.073742,0.0717838518952845,0.07475915,0.0005371428571428581,False,CLOSE_NOT_NEAR_OR_BELOW_LOWER_BB|CLOSE_NOT_ABOVE_MA200
2026-07-14T09:00:59.543583+00:00,MR_DEEP_VALUE_V1,DOGE,DOGEUSDT,strategy-lab-v1.0.0:MR_DEEP_VALUE_V1,1783857600,2026-07-12T12:00:00+00:00,0.0732,0.07344,0.07312,0.07334,35.16746411483261,0.0736605,0.07177941015631871,0.0747372,0.0005171428571428578,False,RSI_NOT_BELOW_30|CLOSE_NOT_NEAR_OR_BELOW_LOWER_BB|CLOSE_NOT_ABOVE_MA200
2026-07-14T09:00:59.543583+00:00,MR_DEEP_VALUE_V1,DOGE,DOGEUSDT,strategy-lab-v1.0.0:MR_DEEP_VALUE_V1,1783861200,2026-07-12T13:00:00+00:00,0.07333,0.0735,0.07322,0.07323,50.86505190311434,0.0735705,0.07179059578909401,0.0747178,0.0004292857142857154,False,RSI_NOT_BELOW_30|CLOSE_NOT_NEAR_OR_BELOW_LOWER_BB|CLOSE_NOT_ABOVE_MA200
2026-07-14T09:00:59.543583+00:00,MR_DEEP_VALUE_V1,DOGE,DOGEUSDT,strategy-lab-v1.0.0:MR_DEEP_VALUE_V1,1783864800,2026-07-12T14:00:00+00:00,0.07322,0.07384,0.07315,0.07368,69.81818181818178,0.07349649999999999,0.07187069220078116,0.0747014,0.0004050000000000006,False,RSI_NOT_BELOW_30|CLOSE_NOT_NEAR_OR_BELOW_LOWER_BB|CLOSE_NOT_ABOVE_MA200|TARGET_NOT_ABOVE_ENTRY
2026-07-14T09:00:59.543583+00:00,MR_DEEP_VALUE_V1,DOGE,DOGEUSDT,strategy-lab-v1.0.0:MR_DEEP_VALUE_V1,1783868400,2026-07-12T15:00:00+00:00,0.0737,0.07382,0.07355,0.07367,59.22330097087395,0.07341450000000001,0.07201285132789961,0.07468545,0.00036857142857142845,False,RSI_NOT_BELOW_30|CLOSE_NOT_NEAR_OR_BELOW_LOWER_BB|CLOSE_NOT_ABOVE_MA200|TARGET_NOT_ABOVE_ENTRY
2026-07-14T09:00:59.543583+00:00,MR_DEEP_VALUE_V1,DOGE,DOGEUSDT,strategy-lab-v1.0.0:MR_DEEP_VALUE_V1,1783872000,2026-07-12T16:00:00+00:00,0.07368,0.07374,0.07344,0.07358,60.39603960396051,0.073337,0.07217188884650401,0.07466865,0.00037142857142857116,False,RSI_NOT_BELOW_30|CLOSE_NOT_NEAR_OR_BELOW_LOWER_BB|CLOSE_NOT_ABOVE_MA200|TARGET_NOT_ABOVE_ENTRY
2026-07-14T09:00:59.543583+00:00,MR_DEEP_VALUE_V1,DOGE,DOGEUSDT,strategy-lab-v1.0.0:MR_DEEP_VALUE_V1,1783875600,2026-07-12T17:00:00+00:00,0.0736,0.07364,0.07329,0.07337,50.0,0.0732485,0.07242617950286964,0.0746516,0.0003664285714285711,False,RSI_NOT_BELOW_30|CLOSE_NOT_NEAR_OR_BELOW_LOWER_BB|CLOSE_NOT_ABOVE_MA200|TARGET_NOT_ABOVE_ENTRY
2026-07-14T09:00:59.543583+00:00,MR_DEEP_VALUE_V1,DOGE,DOGEUSDT,strategy-lab-v1.0.0:MR_DEEP_VALUE_V1,1783879200,2026-07-12T18:00:00+00:00,0.07338,0.07363,0.0733,0.07362,63.31658291457299,0.0732005,0.07261738851837689,0.07463435,0.0003542857142857137,False,RSI_NOT_BELOW_30|CLOSE_NOT_NEAR_OR_BELOW_LOWER_BB|CLOSE_NOT_ABOVE_MA200|TARGET_NOT_ABOVE_ENTRY
2026-07-14T09:00:59.543583+00:00,MR_DEEP_VALUE_V1,DOGE,DOGEUSDT,strategy-lab-v1.0.0:MR_DEEP_VALUE_V1,1783882800,2026-07-12T19:00:00+00:00,0.07362,0.07369,0.07341,0.07362,63.31658291457299,0.0732225,0.07261160311835735,0.07461820000000001,0.000356428571428571,False,RSI_NOT_BELOW_30|CLOSE_NOT_NEAR_OR_BELOW_LOWER_BB|CLOSE_NOT_ABOVE_MA200|TARGET_NOT_ABOVE_ENTRY
2026-07-14T09:00:59.543583+00:00,MR_DEEP_VALUE_V1,DOGE,DOGEUSDT,strategy-lab-v1.0.0:MR_DEEP_VALUE_V1,1783886400,2026-07-12T20:00:00+00:00,0.07361,0.07362,0.07338,0.07338,63.95939086294404,0.07326200000000001,0.07272171859184244,0.07459975,0.00033285714285714266,False,RSI_NOT_BELOW_30|CLOSE_NOT_NEAR_OR_BELOW_LOWER_BB|CLOSE_NOT_ABOVE_MA200|TARGET_NOT_ABOVE_ENTRY
2026-07-14T09:00:59.543583+00:00,MR_DEEP_VALUE_V1,DOGE,DOGEUSDT,strategy-lab-v1.0.0:MR_DEEP_VALUE_V1,1783890000,2026-07-12T21:00:00+00:00,0.07339,0.07352,0.07283,0.07291,51.2396694214877,0.073243,0.07268167656382375,0.07457865,0.00036285714285714296,False,RSI_NOT_BELOW_30|CLOSE_NOT_NEAR_OR_BELOW_LOWER_BB|CLOSE_NOT_ABOVE_MA200
2026-07-14T09:00:59.543583+00:00,MR_DEEP_VALUE_V1,DOGE,DOGEUSDT,strategy-lab-v1.0.0:MR_DEEP_VALUE_V1,1783893600,2026-07-12T22:00:00+00:00,0.07289,0.07289,0.07235,0.07267,43.87351778656118,0.0732185,0.07260452035864313,0.07455384999999999,0.0003785714285714285,False,RSI_NOT_BELOW_30|CLOSE_NOT_NEAR_OR_BELOW_LOWER_BB|CLOSE_NOT_ABOVE_MA200
2026-07-14T09:00:59.543583+00:00,MR_DEEP_VALUE_V1,DOGE,DOGEUSDT,strategy-lab-v1.0.0:MR_DEEP_VALUE_V1,1783897200,2026-07-12T23:00:00+00:00,0.07266,0.07277,0.07251,0.07268,44.979919678714836,0.073184,0.07253160748011592,0.07452505,0.00036714285714285657,False,RSI_NOT_BELOW_30|CLOSE_NOT_NEAR_OR_BELOW_LOWER_BB|CLOSE_NOT_ABOVE_MA200
2026-07-14T09:00:59.543583+00:00,MR_DEEP_VALUE_V1,DOGE,DOGEUSDT,strategy-lab-v1.0.0:MR_DEEP_VALUE_V1,1783900800,2026-07-13T00:00:00+00:00,0.07266,0.07412,0.07258,0.07339,56.91823899371065,0.073199,0.0725421621204584,0.07450019999999999,0.00046642857142857103,False,RSI_NOT_BELOW_30|CLOSE_NOT_NEAR_OR_BELOW_LOWER_BB|CLOSE_NOT_ABOVE_MA200|TARGET_NOT_ABOVE_ENTRY
2026-07-14T09:00:59.543583+00:00,MR_DEEP_VALUE_V1,DOGE,DOGEUSDT,strategy-lab-v1.0.0:MR_DEEP_VALUE_V1,1783904400,2026-07-13T01:00:00+00:00,0.07337,0.07345,0.07242,0.07245,40.15544041450778,0.07316700000000001,0.07243408527098939,0.07446715,0.0005099999999999995,False,RSI_NOT_BELOW_30|CLOSE_NOT_NEAR_OR_BELOW_LOWER_BB|CLOSE_NOT_ABOVE_MA200
2026-07-14T09:00:59.543583+00:00,MR_DEEP_VALUE_V1,DOGE,DOGEUSDT,strategy-lab-v1.0.0:MR_DEEP_VALUE_V1,1783908000,2026-07-13T02:00:00+00:00,0.07245,0.07287,0.07235,0.07266,41.37055837563448,0.0731585,0.07240645545344661,0.0744349,0.0005242857142857142,False,RSI_NOT_BELOW_30|CLOSE_NOT_NEAR_OR_BELOW_LOWER_BB|CLOSE_NOT_ABOVE_MA200
2026-07-14T09:00:59.543583+00:00,MR_DEEP_VALUE_V1,DOGE,DOGEUSDT,strategy-lab-v1.0.0:MR_DEEP_VALUE_V1,1783911600,2026-07-13T03:00:00+00:00,0.07265,0.07272,0.07157,0.07197,36.061946902654846,0.0731145,0.07220824451725757,0.07440235,0.000586428571428572,False,RSI_NOT_BELOW_30|CLOSE_NOT_ABOVE_MA200
2026-07-14T09:00:59.543583+00:00,MR_DEEP_VALUE_V1,DOGE,DOGEUSDT,strategy-lab-v1.0.0:MR_DEEP_VALUE_V1,1783915200,2026-07-13T04:00:00+00:00,0.07196,0.07224,0.07187,0.07198,29.166666666666686,0.0730645,0.07203246366343007,0.0743722,0.0005635714285714291,False,CLOSE_NOT_ABOVE_MA200
2026-07-14T09:00:59.543583+00:00,MR_DEEP_VALUE_V1,DOGE,DOGEUSDT,strategy-lab-v1.0.0:MR_DEEP_VALUE_V1,1783918800,2026-07-13T05:00:00+00:00,0.07199,0.0724,0.07182,0.07228,34.09610983981686,0.073032,0.07194556362358365,0.07434285,0.0005857142857142876,False,RSI_NOT_BELOW_30|CLOSE_NOT_NEAR_OR_BELOW_LOWER_BB|CLOSE_NOT_ABOVE_MA200
2026-07-14T09:00:59.543583+00:00,MR_DEEP_VALUE_V1,DOGE,DOGEUSDT,strategy-lab-v1.0.0:MR_DEEP_VALUE_V1,1783922400,2026-07-13T06:00:00+00:00,0.07229,0.07235,0.07206,0.07231,35.266821345707555,0.07300000000000001,0.07186900044208644,0.07431499999999999,0.0005850000000000022,False,RSI_NOT_BELOW_30|CLOSE_NOT_NEAR_OR_BELOW_LOWER_BB|CLOSE_NOT_ABOVE_MA200
2026-07-14T09:00:59.543583+00:00,MR_DEEP_VALUE_V1,DOGE,DOGEUSDT,strategy-lab-v1.0.0:MR_DEEP_VALUE_V1,1783926000,2026-07-13T07:00:00+00:00,0.07229,0.07247,0.07219,0.07233,37.37864077669904,0.072956,0.07179308297802436,0.07428875,0.0005800000000000022,False,RSI_NOT_BELOW_30|CLOSE_NOT_NEAR_OR_BELOW_LOWER_BB|CLOSE_NOT_ABOVE_MA200
2026-07-14T09:00:59.543583+00:00,MR_DEEP_VALUE_V1,DOGE,DOGEUSDT,strategy-lab-v1.0.0:MR_DEEP_VALUE_V1,1783929600,2026-07-13T08:00:00+00:00,0.07233,0.07263,0.07225,0.0725,36.13861386138598,0.072914,0.07174891802863462,0.0742658,0.0005835714285714313,False,RSI_NOT_BELOW_30|CLOSE_NOT_NEAR_OR_BELOW_LOWER_BB|CLOSE_NOT_ABOVE_MA200
2026-07-14T09:00:59.543583+00:00,MR_DEEP_VALUE_V1,DOGE,DOGEUSDT,strategy-lab-v1.0.0:MR_DEEP_VALUE_V1,1783933200,2026-07-13T09:00:00+00:00,0.07249,0.0725,0.07227,0.07232,34.597156398104104,0.0728685,0.07168539772208796,0.07424349999999999,0.0005800000000000022,False,RSI_NOT_BELOW_30|CLOSE_NOT_NEAR_OR_BELOW_LOWER_BB|CLOSE_NOT_ABOVE_MA200
2026-07-14T09:00:59.543583+00:00,MR_DEEP_VALUE_V1,DOGE,DOGEUSDT,strategy-lab-v1.0.0:MR_DEEP_VALUE_V1,1783936800,2026-07-13T10:00:00+00:00,0.0723,0.0723,0.07203,0.07218,35.43689320388336,0.0727935,0.07163577334832412,0.0742253,0.0005835714285714304,False,RSI_NOT_BELOW_30|CLOSE_NOT_NEAR_OR_BELOW_LOWER_BB|CLOSE_NOT_ABOVE_MA200
2026-07-14T09:00:59.543583+00:00,MR_DEEP_VALUE_V1,DOGE,DOGEUSDT,strategy-lab-v1.0.0:MR_DEEP_VALUE_V1,1783940400,2026-07-13T11:00:00+00:00,0.07218,0.07241,0.07215,0.07224,40.97035040431259,0.072722,0.07161407220451843,0.07420695000000001,0.0005528571428571446,False,RSI_NOT_BELOW_30|CLOSE_NOT_NEAR_OR_BELOW_LOWER_BB|CLOSE_NOT_ABOVE_MA200
2026-07-14T09:00:59.543583+00:00,MR_DEEP_VALUE_V1,DOGE,DOGEUSDT,strategy-lab-v1.0.0:MR_DEEP_VALUE_V1,1783944000,2026-07-13T12:00:00+00:00,0.07223,0.07229,0.07189,0.07207,41.758241758241695,0.0726465,0.07157762629370883,0.0741871,0.0005414285714285727,False,RSI_NOT_BELOW_30|CLOSE_NOT_NEAR_OR_BELOW_LOWER_BB|CLOSE_NOT_ABOVE_MA200
2026-07-14T09:00:59.543583+00:00,MR_DEEP_VALUE_V1,DOGE,DOGEUSDT,strategy-lab-v1.0.0:MR_DEEP_VALUE_V1,1783947600,2026-07-13T13:00:00+00:00,0.07207,0.07231,0.07182,0.07204,41.25683060109302,0.07258,0.07153420843376865,0.07416845,0.0005578571428571447,False,RSI_NOT_BELOW_30|CLOSE_NOT_NEAR_OR_BELOW_LOWER_BB|CLOSE_NOT_ABOVE_MA200
2026-07-14T09:00:59.543583+00:00,MR_DEEP_VALUE_V1,DOGE,DOGEUSDT,strategy-lab-v1.0.0:MR_DEEP_VALUE_V1,1783951200,2026-07-13T14:00:00+00:00,0.07204,0.0725,0.07183,0.0725,36.950146627565836,0.072524,0.07159335721138525,0.07415184999999999,0.0004957142857142868,False,RSI_NOT_BELOW_30|CLOSE_NOT_NEAR_OR_BELOW_LOWER_BB|CLOSE_NOT_ABOVE_MA200
2026-07-14T09:00:59.543583+00:00,MR_DEEP_VALUE_V1,DOGE,DOGEUSDT,strategy-lab-v1.0.0:MR_DEEP_VALUE_V1,1783954800,2026-07-13T15:00:00+00:00,0.0725,0.07253,0.07199,0.07199,42.281879194630754,0.07244249999999999,0.071632367294821,0.07413130000000001,0.0004607142857142865,False,RSI_NOT_BELOW_30|CLOSE_NOT_NEAR_OR_BELOW_LOWER_BB|CLOSE_NOT_ABOVE_MA200
2026-07-14T09:00:59.543583+00:00,MR_DEEP_VALUE_V1,DOGE,DOGEUSDT,strategy-lab-v1.0.0:MR_DEEP_VALUE_V1,1783958400,2026-07-13T16:00:00+00:00,0.07202,0.07212,0.07145,0.07158,33.01886792452814,0.0723525,0.07157989725602311,0.07410945,0.000471428571428572,False,RSI_NOT_BELOW_30|CLOSE_NOT_NEAR_OR_BELOW_LOWER_BB|CLOSE_NOT_ABOVE_MA200
2026-07-14T09:00:59.543583+00:00,MR_DEEP_VALUE_V1,DOGE,DOGEUSDT,strategy-lab-v1.0.0:MR_DEEP_VALUE_V1,1783962000,2026-07-13T17:00:00+00:00,0.07159,0.07173,0.07084,0.07088,32.91536050156712,0.072251,0.07128808982765751,0.0740864,0.00045285714285714276,False,RSI_NOT_BELOW_30|CLOSE_NOT_ABOVE_MA200
2026-07-14T09:00:59.543583+00:00,MR_DEEP_VALUE_V1,DOGE,DOGEUSDT,strategy-lab-v1.0.0:MR_DEEP_VALUE_V1,1783965600,2026-07-13T18:00:00+00:00,0.07091,0.07141,0.07088,0.07131,40.720221606648074,0.072183,0.07115797121991593,0.07406399999999999,0.0004642857142857147,False,RSI_NOT_BELOW_30|CLOSE_NOT_NEAR_OR_BELOW_LOWER_BB|CLOSE_NOT_ABOVE_MA200
2026-07-14T09:00:59.543583+00:00,MR_DEEP_VALUE_V1,DOGE,DOGEUSDT,strategy-lab-v1.0.0:MR_DEEP_VALUE_V1,1783969200,2026-07-13T19:00:00+00:00,0.07131,0.07181,0.07126,0.07174,42.780748663101576,0.072136,0.07112027562793807,0.0740434,0.0004621428571428564,False,RSI_NOT_BELOW_30|CLOSE_NOT_NEAR_OR_BELOW_LOWER_BB|CLOSE_NOT_ABOVE_MA200
2026-07-14T09:00:59.543583+00:00,MR_DEEP_VALUE_V1,DOGE,DOGEUSDT,strategy-lab-v1.0.0:MR_DEEP_VALUE_V1,1783972800,2026-07-13T20:00:00+00:00,0.07174,0.07189,0.07148,0.07171,41.97860962566836,0.072052,0.07120037566967552,0.07401965,0.00047071428571428465,False,RSI_NOT_BELOW_30|CLOSE_NOT_NEAR_OR_BELOW_LOWER_BB|CLOSE_NOT_ABOVE_MA200
2026-07-14T09:00:59.543583+00:00,MR_DEEP_VALUE_V1,DOGE,DOGEUSDT,strategy-lab-v1.0.0:MR_DEEP_VALUE_V1,1783976400,2026-07-13T21:00:00+00:00,0.07171,0.07174,0.07101,0.07144,38.847117794486095,0.0720015,0.07113070094166299,0.0739941,0.0005028571428571412,False,RSI_NOT_BELOW_30|CLOSE_NOT_NEAR_OR_BELOW_LOWER_BB|CLOSE_NOT_ABOVE_MA200
2026-07-14T09:00:59.543583+00:00,MR_DEEP_VALUE_V1,DOGE,DOGEUSDT,strategy-lab-v1.0.0:MR_DEEP_VALUE_V1,1783980000,2026-07-13T22:00:00+00:00,0.07145,0.07177,0.07123,0.07126,34.500000000000014,0.0719315,0.07105861340942787,0.0739654,0.0005142857142857121,False,RSI_NOT_BELOW_30|CLOSE_NOT_NEAR_OR_BELOW_LOWER_BB|CLOSE_NOT_ABOVE_MA200
2026-07-14T09:00:59.543583+00:00,MR_DEEP_VALUE_V1,DOGE,DOGEUSDT,strategy-lab-v1.0.0:MR_DEEP_VALUE_V1,1783983600,2026-07-13T23:00:00+00:00,0.07125,0.07194,0.07115,0.07191,45.413870246085054,0.0719285,0.07105575089515909,0.07393949999999999,0.0005542857142857126,False,RSI_NOT_BELOW_30|CLOSE_NOT_NEAR_OR_BELOW_LOWER_BB|CLOSE_NOT_ABOVE_MA200
2026-07-14T09:00:59.543583+00:00,MR_DEEP_VALUE_V1,DOGE,DOGEUSDT,strategy-lab-v1.0.0:MR_DEEP_VALUE_V1,1783987200,2026-07-14T00:00:00+00:00,0.07194,0.07235,0.07177,0.07227,50.959488272921185,0.07194300000000001,0.07105776330848715,0.07391589999999999,0.0005749999999999981,False,RSI_NOT_BELOW_30|CLOSE_NOT_NEAR_OR_BELOW_LOWER_BB|CLOSE_NOT_ABOVE_MA200|TARGET_NOT_ABOVE_ENTRY
2026-07-14T09:00:59.543583+00:00,MR_DEEP_VALUE_V1,DOGE,DOGEUSDT,strategy-lab-v1.0.0:MR_DEEP_VALUE_V1,1783990800,2026-07-14T01:00:00+00:00,0.07229,0.07229,0.07183,0.07185,46.138613861386105,0.0719215,0.07104925519491335,0.073889,0.0005892857142857118,False,RSI_NOT_BELOW_30|CLOSE_NOT_NEAR_OR_BELOW_LOWER_BB|CLOSE_NOT_ABOVE_MA200
2026-07-14T09:00:59.543583+00:00,MR_DEEP_VALUE_V1,DOGE,DOGEUSDT,strategy-lab-v1.0.0:MR_DEEP_VALUE_V1,1783994400,2026-07-14T02:00:00+00:00,0.07183,0.07196,0.07169,0.07176,46.88128772635822,0.07189399999999999,0.07103795327230306,0.07386015,0.0005799999999999972,False,RSI_NOT_BELOW_30|CLOSE_NOT_NEAR_OR_BELOW_LOWER_BB|CLOSE_NOT_ABOVE_MA200
2026-07-14T09:00:59.543583+00:00,MR_DEEP_VALUE_V1,DOGE,DOGEUSDT,strategy-lab-v1.0.0:MR_DEEP_VALUE_V1,1783998000,2026-07-14T03:00:00+00:00,0.07177,0.07198,0.07136,0.07196,49.22178988326837,0.0718755,0.07104225393790271,0.0738338,0.0005892857142857108,False,RSI_NOT_BELOW_30|CLOSE_NOT_NEAR_OR_BELOW_LOWER_BB|CLOSE_NOT_ABOVE_MA200|TARGET_NOT_ABOVE_ENTRY
2026-07-14T09:00:59.543583+00:00,MR_DEEP_VALUE_V1,DOGE,DOGEUSDT,strategy-lab-v1.0.0:MR_DEEP_VALUE_V1,1784001600,2026-07-14T04:00:00+00:00,0.07196,0.07208,0.07185,0.07201,44.820295983086766,0.071851,0.07106517813723424,0.07380865,0.0005578571428571406,False,RSI_NOT_BELOW_30|CLOSE_NOT_NEAR_OR_BELOW_LOWER_BB|CLOSE_NOT_ABOVE_MA200|TARGET_NOT_ABOVE_ENTRY
2026-07-14T09:00:59.543583+00:00,MR_DEEP_VALUE_V1,DOGE,DOGEUSDT,strategy-lab-v1.0.0:MR_DEEP_VALUE_V1,1784005200,2026-07-14T05:00:00+00:00,0.07202,0.07234,0.07201,0.07227,53.125000000000036,0.07184850000000001,0.07106836475531443,0.0737808,0.0005428571428571406,False,RSI_NOT_BELOW_30|CLOSE_NOT_NEAR_OR_BELOW_LOWER_BB|CLOSE_NOT_ABOVE_MA200|TARGET_NOT_ABOVE_ENTRY
2026-07-14T09:00:59.543583+00:00,MR_DEEP_VALUE_V1,DOGE,DOGEUSDT,strategy-lab-v1.0.0:MR_DEEP_VALUE_V1,1784008800,2026-07-14T06:00:00+00:00,0.07228,0.07236,0.07217,0.07223,57.90754257907542,0.071851,0.07106632427079676,0.0737504,0.0005085714285714257,False,RSI_NOT_BELOW_30|CLOSE_NOT_NEAR_OR_BELOW_LOWER_BB|CLOSE_NOT_ABOVE_MA200|TARGET_NOT_ABOVE_ENTRY
2026-07-14T09:00:59.543583+00:00,MR_DEEP_VALUE_V1,DOGE,DOGEUSDT,strategy-lab-v1.0.0:MR_DEEP_VALUE_V1,1784012400,2026-07-14T07:00:00+00:00,0.07219,0.07226,0.07201,0.07206,66.48044692737437,0.07184199999999999,0.07107137428021078,0.0737217,0.00046285714285713986,False,RSI_NOT_BELOW_30|CLOSE_NOT_NEAR_OR_BELOW_LOWER_BB|CLOSE_NOT_ABOVE_MA200|TARGET_NOT_ABOVE_ENTRY
2026-07-14T09:00:59.543583+00:00,MR_DEEP_VALUE_V1,DOGE,DOGEUSDT,strategy-lab-v1.0.0:MR_DEEP_VALUE_V1,1784016000,2026-07-14T08:00:00+00:00,0.07208,0.0722,0.07196,0.07204,61.514195583596425,0.0718405,0.07107154031314988,0.07369165,0.0004421428571428542,False,RSI_NOT_BELOW_30|CLOSE_NOT_NEAR_OR_BELOW_LOWER_BB|CLOSE_NOT_ABOVE_MA200|TARGET_NOT_ABOVE_ENTRY
2026-07-14T09:00:59.543583+00:00,MR_DEEP_VALUE_V1,NEAR,NEARUSDT,strategy-lab-v1.0.0:MR_DEEP_VALUE_V1,1783800000,2026-07-11T20:00:00+00:00,1.9,1.908,1.9,1.904,65.07936507936492,1.8990500000000001,1.881851453549759,1.96002,0.014642857142857148,False,RSI_NOT_BELOW_30|CLOSE_NOT_NEAR_OR_BELOW_LOWER_BB|CLOSE_NOT_ABOVE_MA200|TARGET_NOT_ABOVE_ENTRY
2026-07-14T09:00:59.543583+00:00,MR_DEEP_VALUE_V1,NEAR,NEARUSDT,strategy-lab-v1.0.0:MR_DEEP_VALUE_V1,1783803600,2026-07-11T21:00:00+00:00,1.904,1.918,1.904,1.91,73.43749999999991,1.89955,1.8817009103873308,1.9591049999999999,0.014928571428571433,False,RSI_NOT_BELOW_30|CLOSE_NOT_NEAR_OR_BELOW_LOWER_BB|CLOSE_NOT_ABOVE_MA200|TARGET_NOT_ABOVE_ENTRY
2026-07-14T09:00:59.543583+00:00,MR_DEEP_VALUE_V1,NEAR,NEARUSDT,strategy-lab-v1.0.0:MR_DEEP_VALUE_V1,1783807200,2026-07-11T22:00:00+00:00,1.909,1.913,1.892,1.895,54.92957746478881,1.89865,1.881818184886914,1.9581899999999999,0.015428571428571458,False,RSI_NOT_BELOW_30|CLOSE_NOT_NEAR_OR_BELOW_LOWER_BB|CLOSE_NOT_ABOVE_MA200
2026-07-14T09:00:59.543583+00:00,MR_DEEP_VALUE_V1,NEAR,NEARUSDT,strategy-lab-v1.0.0:MR_DEEP_VALUE_V1,1783810800,2026-07-11T23:00:00+00:00,1.896,1.9,1.863,1.865,37.99999999999999,1.8963,1.8750387676744475,1.957345,0.017071428571428595,False,RSI_NOT_BELOW_30|CLOSE_NOT_ABOVE_MA200
2026-07-14T09:00:59.543583+00:00,MR_DEEP_VALUE_V1,NEAR,NEARUSDT,strategy-lab-v1.0.0:MR_DEEP_VALUE_V1,1783814400,2026-07-12T00:00:00+00:00,1.865,1.877,1.854,1.868,39.805825242718505,1.8947499999999997,1.8702316395327676,1.95657,0.017785714285714294,False,RSI_NOT_BELOW_30|CLOSE_NOT_ABOVE_MA200
2026-07-14T09:00:59.543583+00:00,MR_DEEP_VALUE_V1,NEAR,NEARUSDT,strategy-lab-v1.0.0:MR_DEEP_VALUE_V1,1783818000,2026-07-12T01:00:00+00:00,1.868,1.889,1.867,1.888,43.636363636363626,1.89405,1.869600255625035,1.955915,0.018357142857142867,False,RSI_NOT_BELOW_30|CLOSE_NOT_NEAR_OR_BELOW_LOWER_BB|CLOSE_NOT_ABOVE_MA200
2026-07-14T09:00:59.543583+00:00,MR_DEEP_VALUE_V1,NEAR,NEARUSDT,strategy-lab-v1.0.0:MR_DEEP_VALUE_V1,1783821600,2026-07-12T02:00:00+00:00,1.888,1.888,1.876,1.882,41.739130434782574,1.8939,1.8691945350175079,1.955275,0.018357142857142867,False,RSI_NOT_BELOW_30|CLOSE_NOT_NEAR_OR_BELOW_LOWER_BB|CLOSE_NOT_ABOVE_MA200
2026-07-14T09:00:59.543583+00:00,MR_DEEP_VALUE_V1,NEAR,NEARUSDT,strategy-lab-v1.0.0:MR_DEEP_VALUE_V1,1783825200,2026-07-12T03:00:00+00:00,1.882,1.889,1.875,1.888,42.7350427350427,1.8942999999999999,1.870257537563695,1.954675,0.018357142857142867,False,RSI_NOT_BELOW_30|CLOSE_NOT_NEAR_OR_BELOW_LOWER_BB|CLOSE_NOT_ABOVE_MA200
2026-07-14T09:00:59.543583+00:00,MR_DEEP_VALUE_V1,NEAR,NEARUSDT,strategy-lab-v1.0.0:MR_DEEP_VALUE_V1,1783828800,2026-07-12T04:00:00+00:00,1.888,1.894,1.885,1.887,40.35087719298246,1.89425,1.8701512448454047,1.95396,0.017642857142857134,False,RSI_NOT_BELOW_30|CLOSE_NOT_NEAR_OR_BELOW_LOWER_BB|CLOSE_NOT_ABOVE_MA200
2026-07-14T09:00:59.543583+00:00,MR_DEEP_VALUE_V1,NEAR,NEARUSDT,strategy-lab-v1.0.0:MR_DEEP_VALUE_V1,1783832400,2026-07-12T05:00:00+00:00,1.887,1.892,1.88,1.886,41.81818181818182,1.8941000000000003,1.8698356228186026,1.953115,0.016142857142857143,False,RSI_NOT_BELOW_30|CLOSE_NOT_NEAR_OR_BELOW_LOWER_BB|CLOSE_NOT_ABOVE_MA200
2026-07-14T09:00:59.543583+00:00,MR_DEEP_VALUE_V1,NEAR,NEARUSDT,strategy-lab-v1.0.0:MR_DEEP_VALUE_V1,1783836000,2026-07-12T06:00:00+00:00,1.885,1.885,1.858,1.871,38.016528925619866,1.8931999999999998,1.8669885521193286,1.95227,0.017142857142857126,False,RSI_NOT_BELOW_30|CLOSE_NOT_NEAR_OR_BELOW_LOWER_BB|CLOSE_NOT_ABOVE_MA200
2026-07-14T09:00:59.543583+00:00,MR_DEEP_VALUE_V1,NEAR,NEARUSDT,strategy-lab-v1.0.0:MR_DEEP_VALUE_V1,1783839600,2026-07-12T07:00:00+00:00,1.871,1.884,1.871,1.875,38.524590163934405,1.8918499999999998,1.8648220515021736,1.95142,0.01721428571428569,False,RSI_NOT_BELOW_30|CLOSE_NOT_NEAR_OR_BELOW_LOWER_BB|CLOSE_NOT_ABOVE_MA200
2026-07-14T09:00:59.543583+00:00,MR_DEEP_VALUE_V1,NEAR,NEARUSDT,strategy-lab-v1.0.0:MR_DEEP_VALUE_V1,1783843200,2026-07-12T08:00:00+00:00,1.876,1.889,1.876,1.883,44.715447154471576,1.8909500000000001,1.8640020872793246,1.950545,0.016928571428571404,False,RSI_NOT_BELOW_30|CLOSE_NOT_NEAR_OR_BELOW_LOWER_BB|CLOSE_NOT_ABOVE_MA200
2026-07-14T09:00:59.543583+00:00,MR_DEEP_VALUE_V1,NEAR,NEARUSDT,strategy-lab-v1.0.0:MR_DEEP_VALUE_V1,1783846800,2026-07-12T09:00:00+00:00,1.883,1.893,1.868,1.892,46.874999999999986,1.8902999999999999,1.864122910780586,1.9499099999999998,0.017999999999999967,False,RSI_NOT_BELOW_30|CLOSE_NOT_NEAR_OR_BELOW_LOWER_BB|CLOSE_NOT_ABOVE_MA200|TARGET_NOT_ABOVE_ENTRY
2026-07-14T09:00:59.543583+00:00,MR_DEEP_VALUE_V1,NEAR,NEARUSDT,strategy-lab-v1.0.0:MR_DEEP_VALUE_V1,1783850400,2026-07-12T10:00:00+00:00,1.89,1.89,1.878,1.879,40.87591240875912,1.8888000000000003,1.8636635722505932,1.949255,0.0184285714285714,False,RSI_NOT_BELOW_30|CLOSE_NOT_NEAR_OR_BELOW_LOWER_BB|CLOSE_NOT_ABOVE_MA200
2026-07-14T09:00:59.543583+00:00,MR_DEEP_VALUE_V1,NEAR,NEARUSDT,strategy-lab-v1.0.0:MR_DEEP_VALUE_V1,1783854000,2026-07-12T11:00:00+00:00,1.877,1.894,1.873,1.889,42.55319148936171,1.8880499999999998,1.863896532340031,1.948655,0.01892857142857139,False,RSI_NOT_BELOW_30|CLOSE_NOT_NEAR_OR_BELOW_LOWER_BB|CLOSE_NOT_ABOVE_MA200|TARGET_NOT_ABOVE_ENTRY
2026-07-14T09:00:59.543583+00:00,MR_DEEP_VALUE_V1,NEAR,NEARUSDT,strategy-lab-v1.0.0:MR_DEEP_VALUE_V1,1783857600,2026-07-12T12:00:00+00:00,1.888,1.901,1.883,1.883,45.454545454545446,1.8872,1.8635983051455798,1.9480199999999999,0.018714285714285666,False,RSI_NOT_BELOW_30|CLOSE_NOT_NEAR_OR_BELOW_LOWER_BB|CLOSE_NOT_ABOVE_MA200
2026-07-14T09:00:59.543583+00:00,MR_DEEP_VALUE_V1,NEAR,NEARUSDT,strategy-lab-v1.0.0:MR_DEEP_VALUE_V1,1783861200,2026-07-12T13:00:00+00:00,1.883,1.894,1.88,1.88,57.14285714285711,1.8860500000000002,1.8634183849449235,1.9474349999999998,0.017071428571428533,False,RSI_NOT_BELOW_30|CLOSE_NOT_NEAR_OR_BELOW_LOWER_BB|CLOSE_NOT_ABOVE_MA200
2026-07-14T09:00:59.543583+00:00,MR_DEEP_VALUE_V1,NEAR,NEARUSDT,strategy-lab-v1.0.0:MR_DEEP_VALUE_V1,1783864800,2026-07-12T14:00:00+00:00,1.881,1.9,1.879,1.9,63.11475409836061,1.88625,1.8632033082634152,1.9469750000000001,0.016928571428571387,False,RSI_NOT_BELOW_30|CLOSE_NOT_NEAR_OR_BELOW_LOWER_BB|CLOSE_NOT_ABOVE_MA200|TARGET_NOT_ABOVE_ENTRY
2026-07-14T09:00:59.543583+00:00,MR_DEEP_VALUE_V1,NEAR,NEARUSDT,strategy-lab-v1.0.0:MR_DEEP_VALUE_V1,1783868400,2026-07-12T15:00:00+00:00,1.9,1.908,1.896,1.898,54.80769230769232,1.88615,1.8633265471498905,1.94658,0.016214285714285674,False,RSI_NOT_BELOW_30|CLOSE_NOT_NEAR_OR_BELOW_LOWER_BB|CLOSE_NOT_ABOVE_MA200|TARGET_NOT_ABOVE_ENTRY
2026-07-14T09:00:59.543583+00:00,MR_DEEP_VALUE_V1,NEAR,NEARUSDT,strategy-lab-v1.0.0:MR_DEEP_VALUE_V1,1783872000,2026-07-12T16:00:00+00:00,1.899,1.909,1.89,1.899,58.58585858585865,1.8859,1.8637649599051374,1.946205,0.01671428571428568,False,RSI_NOT_BELOW_30|CLOSE_NOT_NEAR_OR_BELOW_LOWER_BB|CLOSE_NOT_ABOVE_MA200|TARGET_NOT_ABOVE_ENTRY
2026-07-14T09:00:59.543583+00:00,MR_DEEP_VALUE_V1,NEAR,NEARUSDT,strategy-lab-v1.0.0:MR_DEEP_VALUE_V1,1783875600,2026-07-12T17:00:00+00:00,1.9,1.909,1.89,1.894,53.06122448979592,1.8851,1.8654948986230324,1.945875,0.017071428571428546,False,RSI_NOT_BELOW_30|CLOSE_NOT_NEAR_OR_BELOW_LOWER_BB|CLOSE_NOT_ABOVE_MA200|TARGET_NOT_ABOVE_ENTRY
2026-07-14T09:00:59.543583+00:00,MR_DEEP_VALUE_V1,NEAR,NEARUSDT,strategy-lab-v1.0.0:MR_DEEP_VALUE_V1,1783879200,2026-07-12T18:00:00+00:00,1.895,1.91,1.891,1.906,58.715596330275176,1.88565,1.8644153584913432,1.9456,0.017785714285714262,False,RSI_NOT_BELOW_30|CLOSE_NOT_NEAR_OR_BELOW_LOWER_BB|CLOSE_NOT_ABOVE_MA200|TARGET_NOT_ABOVE_ENTRY
2026-07-14T09:00:59.543583+00:00,MR_DEEP_VALUE_V1,NEAR,NEARUSDT,strategy-lab-v1.0.0:MR_DEEP_VALUE_V1,1783882800,2026-07-12T19:00:00+00:00,1.908,1.935,1.906,1.932,67.16417910447761,1.8889999999999998,1.8616065701307563,1.9454250000000002,0.018999999999999986,False,RSI_NOT_BELOW_30|CLOSE_NOT_NEAR_OR_BELOW_LOWER_BB|CLOSE_NOT_ABOVE_MA200|TARGET_NOT_ABOVE_ENTRY
2026-07-14T09:00:59.543583+00:00,MR_DEEP_VALUE_V1,NEAR,NEARUSDT,strategy-lab-v1.0.0:MR_DEEP_VALUE_V1,1783886400,2026-07-12T20:00:00+00:00,1.932,1.937,1.909,1.914,65.69343065693425,1.8913,1.863622572373843,1.94511,0.019,False,RSI_NOT_BELOW_30|CLOSE_NOT_NEAR_OR_BELOW_LOWER_BB|CLOSE_NOT_ABOVE_MA200|TARGET_NOT_ABOVE_ENTRY
2026-07-14T09:00:59.543583+00:00,MR_DEEP_VALUE_V1,NEAR,NEARUSDT,strategy-lab-v1.0.0:MR_DEEP_VALUE_V1,1783890000,2026-07-12T21:00:00+00:00,1.915,1.92,1.894,1.896,56.953642384105926,1.8917000000000002,1.8639936830307393,1.94473,0.019928571428571438,False,RSI_NOT_BELOW_30|CLOSE_NOT_NEAR_OR_BELOW_LOWER_BB|CLOSE_NOT_ABOVE_MA200|TARGET_NOT_ABOVE_ENTRY
2026-07-14T09:00:59.543583+00:00,MR_DEEP_VALUE_V1,NEAR,NEARUSDT,strategy-lab-v1.0.0:MR_DEEP_VALUE_V1,1783893600,2026-07-12T22:00:00+00:00,1.896,1.9,1.887,1.896,54.5454545454545,1.8923999999999999,1.8650036498781106,1.9441,0.019857142857142858,False,RSI_NOT_BELOW_30|CLOSE_NOT_NEAR_OR_BELOW_LOWER_BB|CLOSE_NOT_ABOVE_MA200|TARGET_NOT_ABOVE_ENTRY
2026-07-14T09:00:59.543583+00:00,MR_DEEP_VALUE_V1,NEAR,NEARUSDT,strategy-lab-v1.0.0:MR_DEEP_VALUE_V1,1783897200,2026-07-12T23:00:00+00:00,1.897,1.897,1.882,1.887,48.251748251748296,1.89235,1.86491808428124,1.9433499999999997,0.01914285714285716,False,RSI_NOT_BELOW_30|CLOSE_NOT_NEAR_OR_BELOW_LOWER_BB|CLOSE_NOT_ABOVE_MA200
2026-07-14T09:00:59.543583+00:00,MR_DEEP_VALUE_V1,NEAR,NEARUSDT,strategy-lab-v1.0.0:MR_DEEP_VALUE_V1,1783900800,2026-07-13T00:00:00+00:00,1.886,1.932,1.882,1.905,58.78378378378377,1.89325,1.8654013016461966,1.942795,0.021714285714285735,False,RSI_NOT_BELOW_30|CLOSE_NOT_NEAR_OR_BELOW_LOWER_BB|CLOSE_NOT_ABOVE_MA200|TARGET_NOT_ABOVE_ENTRY
2026-07-14T09:00:59.543583+00:00,MR_DEEP_VALUE_V1,NEAR,NEARUSDT,strategy-lab-v1.0.0:MR_DEEP_VALUE_V1,1783904400,2026-07-13T01:00:00+00:00,1.905,1.912,1.876,1.879,46.951219512195124,1.8928999999999998,1.8645246585923418,1.942045,0.022785714285714315,False,RSI_NOT_BELOW_30|CLOSE_NOT_NEAR_OR_BELOW_LOWER_BB|CLOSE_NOT_ABOVE_MA200
2026-07-14T09:00:59.543583+00:00,MR_DEEP_VALUE_V1,NEAR,NEARUSDT,strategy-lab-v1.0.0:MR_DEEP_VALUE_V1,1783908000,2026-07-13T02:00:00+00:00,1.878,1.9,1.874,1.889,51.785714285714285,1.8938,1.8671721949834175,1.9414899999999997,0.02335714285714287,False,RSI_NOT_BELOW_30|CLOSE_NOT_NEAR_OR_BELOW_LOWER_BB|CLOSE_NOT_ABOVE_MA200
2026-07-14T09:00:59.543583+00:00,MR_DEEP_VALUE_V1,NEAR,NEARUSDT,strategy-lab-v1.0.0:MR_DEEP_VALUE_V1,1783911600,2026-07-13T03:00:00+00:00,1.888,1.895,1.858,1.864,45.789473684210584,1.89325,1.8647061740475959,1.94081,0.025000000000000005,False,RSI_NOT_BELOW_30|CLOSE_NOT_ABOVE_MA200
2026-07-14T09:00:59.543583+00:00,MR_DEEP_VALUE_V1,NEAR,NEARUSDT,strategy-lab-v1.0.0:MR_DEEP_VALUE_V1,1783915200,2026-07-13T04:00:00+00:00,1.863,1.873,1.861,1.862,38.95348837209309,1.8922,1.8608210261480536,1.9401549999999999,0.024357142857142872,False,RSI_NOT_BELOW_30|CLOSE_NOT_NEAR_OR_BELOW_LOWER_BB|CLOSE_NOT_ABOVE_MA200
2026-07-14T09:00:59.543583+00:00,MR_DEEP_VALUE_V1,NEAR,NEARUSDT,strategy-lab-v1.0.0:MR_DEEP_VALUE_V1,1783918800,2026-07-13T05:00:00+00:00,1.86,1.897,1.854,1.893,48.75621890547266,1.8922500000000002,1.8608692734309555,1.9396250000000002,0.02657142857142858,False,RSI_NOT_BELOW_30|CLOSE_NOT_NEAR_OR_BELOW_LOWER_BB|CLOSE_NOT_ABOVE_MA200|TARGET_NOT_ABOVE_ENTRY
2026-07-14T09:00:59.543583+00:00,MR_DEEP_VALUE_V1,NEAR,NEARUSDT,strategy-lab-v1.0.0:MR_DEEP_VALUE_V1,1783922400,2026-07-13T06:00:00+00:00,1.893,1.901,1.885,1.894,48.75621890547261,1.893,1.8622103913633001,1.9390749999999999,0.026357142857142857,False,RSI_NOT_BELOW_30|CLOSE_NOT_NEAR_OR_BELOW_LOWER_BB|CLOSE_NOT_ABOVE_MA200|TARGET_NOT_ABOVE_ENTRY
2026-07-14T09:00:59.543583+00:00,MR_DEEP_VALUE_V1,NEAR,NEARUSDT,strategy-lab-v1.0.0:MR_DEEP_VALUE_V1,1783926000,2026-07-13T07:00:00+00:00,1.895,1.919,1.888,1.911,53.990610328638525,1.8941000000000003,1.862402050539489,1.93865,0.027214285714285715,False,RSI_NOT_BELOW_30|CLOSE_NOT_NEAR_OR_BELOW_LOWER_BB|CLOSE_NOT_ABOVE_MA200|TARGET_NOT_ABOVE_ENTRY
2026-07-14T09:00:59.543583+00:00,MR_DEEP_VALUE_V1,NEAR,NEARUSDT,strategy-lab-v1.0.0:MR_DEEP_VALUE_V1,1783929600,2026-07-13T08:00:00+00:00,1.912,1.93,1.912,1.92,53.33333333333334,1.8959499999999998,1.8627748587041268,1.938325,0.027214285714285715,False,RSI_NOT_BELOW_30|CLOSE_NOT_NEAR_OR_BELOW_LOWER_BB|CLOSE_NOT_ABOVE_MA200|TARGET_NOT_ABOVE_ENTRY
2026-07-14T09:00:59.543583+00:00,MR_DEEP_VALUE_V1,NEAR,NEARUSDT,strategy-lab-v1.0.0:MR_DEEP_VALUE_V1,1783933200,2026-07-13T09:00:00+00:00,1.919,1.928,1.907,1.916,45.74468085106382,1.8977499999999998,1.8643262060800823,1.9380100000000002,0.026642857142857128,False,RSI_NOT_BELOW_30|CLOSE_NOT_NEAR_OR_BELOW_LOWER_BB|CLOSE_NOT_ABOVE_MA200|TARGET_NOT_ABOVE_ENTRY
2026-07-14T09:00:59.543583+00:00,MR_DEEP_VALUE_V1,NEAR,NEARUSDT,strategy-lab-v1.0.0:MR_DEEP_VALUE_V1,1783936800,2026-07-13T10:00:00+00:00,1.916,1.927,1.907,1.921,52.000000000000036,1.8988,1.8638737920752753,1.937765,0.026071428571428554,False,RSI_NOT_BELOW_30|CLOSE_NOT_NEAR_OR_BELOW_LOWER_BB|CLOSE_NOT_ABOVE_MA200|TARGET_NOT_ABOVE_ENTRY
2026-07-14T09:00:59.543583+00:00,MR_DEEP_VALUE_V1,NEAR,NEARUSDT,strategy-lab-v1.0.0:MR_DEEP_VALUE_V1,1783940400,2026-07-13T11:00:00+00:00,1.921,1.926,1.91,1.914,55.487804878048784,1.8996000000000002,1.8640562241735477,1.93751,0.02535714285714284,False,RSI_NOT_BELOW_30|CLOSE_NOT_NEAR_OR_BELOW_LOWER_BB|CLOSE_NOT_ABOVE_MA200|TARGET_NOT_ABOVE_ENTRY
2026-07-14T09:00:59.543583+00:00,MR_DEEP_VALUE_V1,NEAR,NEARUSDT,strategy-lab-v1.0.0:MR_DEEP_VALUE_V1,1783944000,2026-07-13T12:00:00+00:00,1.914,1.915,1.892,1.897,50.27624309392269,1.8995000000000002,1.8639387851725915,1.937145,0.026071428571428572,False,RSI_NOT_BELOW_30|CLOSE_NOT_NEAR_OR_BELOW_LOWER_BB|CLOSE_NOT_ABOVE_MA200
2026-07-14T09:00:59.543583+00:00,MR_DEEP_VALUE_V1,NEAR,NEARUSDT,strategy-lab-v1.0.0:MR_DEEP_VALUE_V1,1783947600,2026-07-13T13:00:00+00:00,1.896,1.914,1.887,1.912,56.68449197860961,1.9004,1.8645313507363173,1.9369349999999996,0.026928571428571413,False,RSI_NOT_BELOW_30|CLOSE_NOT_NEAR_OR_BELOW_LOWER_BB|CLOSE_NOT_ABOVE_MA200|TARGET_NOT_ABOVE_ENTRY
2026-07-14T09:00:59.543583+00:00,MR_DEEP_VALUE_V1,NEAR,NEARUSDT,strategy-lab-v1.0.0:MR_DEEP_VALUE_V1,1783951200,2026-07-13T14:00:00+00:00,1.913,1.977,1.906,1.965,63.51351351351353,1.9033499999999997,1.8577417770571893,1.937005,0.02842857142857142,False,RSI_NOT_BELOW_30|CLOSE_NOT_NEAR_OR_BELOW_LOWER_BB|TARGET_NOT_ABOVE_ENTRY
2026-07-14T09:00:59.543583+00:00,MR_DEEP_VALUE_V1,NEAR,NEARUSDT,strategy-lab-v1.0.0:MR_DEEP_VALUE_V1,1783954800,2026-07-13T15:00:00+00:00,1.965,1.969,1.933,1.937,62.946428571428584,1.9036000000000002,1.857316525627379,1.936905,0.02842857142857142,False,RSI_NOT_BELOW_30|CLOSE_NOT_NEAR_OR_BELOW_LOWER_BB|TARGET_NOT_ABOVE_ENTRY
2026-07-14T09:00:59.543583+00:00,MR_DEEP_VALUE_V1,NEAR,NEARUSDT,strategy-lab-v1.0.0:MR_DEEP_VALUE_V1,1783958400,2026-07-13T16:00:00+00:00,1.937,1.96,1.92,1.946,62.78026905829596,1.9052,1.8555025151541742,1.936875,0.02942857142857144,False,RSI_NOT_BELOW_30|CLOSE_NOT_NEAR_OR_BELOW_LOWER_BB|TARGET_NOT_ABOVE_ENTRY
2026-07-14T09:00:59.543583+00:00,MR_DEEP_VALUE_V1,NEAR,NEARUSDT,strategy-lab-v1.0.0:MR_DEEP_VALUE_V1,1783962000,2026-07-13T17:00:00+00:00,1.944,1.954,1.914,1.92,62.499999999999964,1.9064,1.8564904818696768,1.9368299999999998,0.029642857142857162,False,RSI_NOT_BELOW_30|CLOSE_NOT_NEAR_OR_BELOW_LOWER_BB|CLOSE_NOT_ABOVE_MA200|TARGET_NOT_ABOVE_ENTRY
2026-07-14T09:00:59.543583+00:00,MR_DEEP_VALUE_V1,NEAR,NEARUSDT,strategy-lab-v1.0.0:MR_DEEP_VALUE_V1,1783965600,2026-07-13T18:00:00+00:00,1.919,1.932,1.891,1.894,56.451612903225765,1.9062999999999999,1.8562996000015892,1.93658,0.03171428571428573,False,RSI_NOT_BELOW_30|CLOSE_NOT_NEAR_OR_BELOW_LOWER_BB|CLOSE_NOT_ABOVE_MA200
2026-07-14T09:00:59.543583+00:00,MR_DEEP_VALUE_V1,NEAR,NEARUSDT,strategy-lab-v1.0.0:MR_DEEP_VALUE_V1,1783969200,2026-07-13T19:00:00+00:00,1.894,1.918,1.886,1.914,54.43037974683543,1.9076499999999998,1.8583538541060147,1.93642,0.030928571428571448,False,RSI_NOT_BELOW_30|CLOSE_NOT_NEAR_OR_BELOW_LOWER_BB|CLOSE_NOT_ABOVE_MA200|TARGET_NOT_ABOVE_ENTRY
2026-07-14T09:00:59.543583+00:00,MR_DEEP_VALUE_V1,NEAR,NEARUSDT,strategy-lab-v1.0.0:MR_DEEP_VALUE_V1,1783972800,2026-07-13T20:00:00+00:00,1.915,1.917,1.893,1.899,50.996015936255,1.9073499999999999,1.8579201507184062,1.9361,0.03150000000000002,False,RSI_NOT_BELOW_30|CLOSE_NOT_NEAR_OR_BELOW_LOWER_BB|CLOSE_NOT_ABOVE_MA200
2026-07-14T09:00:59.543583+00:00,MR_DEEP_VALUE_V1,NEAR,NEARUSDT,strategy-lab-v1.0.0:MR_DEEP_VALUE_V1,1783976400,2026-07-13T21:00:00+00:00,1.899,1.909,1.877,1.879,43.7007874015748,1.9073499999999999,1.8579201507184062,1.9356049999999998,0.031571428571428584,False,RSI_NOT_BELOW_30|CLOSE_NOT_NEAR_OR_BELOW_LOWER_BB|CLOSE_NOT_ABOVE_MA200
2026-07-14T09:00:59.543583+00:00,MR_DEEP_VALUE_V1,NEAR,NEARUSDT,strategy-lab-v1.0.0:MR_DEEP_VALUE_V1,1783980000,2026-07-13T22:00:00+00:00,1.88,1.899,1.875,1.889,43.921568627450995,1.9073500000000003,1.8579201507184067,1.935165,0.03192857142857145,False,RSI_NOT_BELOW_30|CLOSE_NOT_NEAR_OR_BELOW_LOWER_BB|CLOSE_NOT_ABOVE_MA200
2026-07-14T09:00:59.543583+00:00,MR_DEEP_VALUE_V1,NEAR,NEARUSDT,strategy-lab-v1.0.0:MR_DEEP_VALUE_V1,1783983600,2026-07-13T23:00:00+00:00,1.888,1.923,1.884,1.922,51.05633802816901,1.91025,1.8646786274070986,1.934885,0.03321428571428575,False,RSI_NOT_BELOW_30|CLOSE_NOT_NEAR_OR_BELOW_LOWER_BB|CLOSE_NOT_ABOVE_MA200|TARGET_NOT_ABOVE_ENTRY
2026-07-14T09:00:59.543583+00:00,MR_DEEP_VALUE_V1,NEAR,NEARUSDT,strategy-lab-v1.0.0:MR_DEEP_VALUE_V1,1783987200,2026-07-14T00:00:00+00:00,1.921,1.946,1.913,1.943,53.666666666666664,1.9142999999999997,1.8723471693445954,1.93474,0.034142857142857176,False,RSI_NOT_BELOW_30|CLOSE_NOT_NEAR_OR_BELOW_LOWER_BB|TARGET_NOT_ABOVE_ENTRY
2026-07-14T09:00:59.543583+00:00,MR_DEEP_VALUE_V1,NEAR,NEARUSDT,strategy-lab-v1.0.0:MR_DEEP_VALUE_V1,1783990800,2026-07-14T01:00:00+00:00,1.946,1.963,1.932,1.962,57.6923076923077,1.9177499999999998,1.8721786274070988,1.9346800000000002,0.035214285714285753,False,RSI_NOT_BELOW_30|CLOSE_NOT_NEAR_OR_BELOW_LOWER_BB|TARGET_NOT_ABOVE_ENTRY
2026-07-14T09:00:59.543583+00:00,MR_DEEP_VALUE_V1,NEAR,NEARUSDT,strategy-lab-v1.0.0:MR_DEEP_VALUE_V1,1783994400,2026-07-14T02:00:00+00:00,1.962,1.968,1.942,1.958,60.20066889632107,1.92095,1.87354757390174,1.9345499999999998,0.03542857142857146,False,RSI_NOT_BELOW_30|CLOSE_NOT_NEAR_OR_BELOW_LOWER_BB|TARGET_NOT_ABOVE_ENTRY
2026-07-14T09:00:59.543583+00:00,MR_DEEP_VALUE_V1,NEAR,NEARUSDT,strategy-lab-v1.0.0:MR_DEEP_VALUE_V1,1783998000,2026-07-14T03:00:00+00:00,1.958,1.963,1.936,1.959,58.24561403508774,1.92335,1.87341293961394,1.93435,0.035428571428571476,False,RSI_NOT_BELOW_30|CLOSE_NOT_NEAR_OR_BELOW_LOWER_BB|TARGET_NOT_ABOVE_ENTRY
2026-07-14T09:00:59.543583+00:00,MR_DEEP_VALUE_V1,NEAR,NEARUSDT,strategy-lab-v1.0.0:MR_DEEP_VALUE_V1,1784001600,2026-07-14T04:00:00+00:00,1.959,1.973,1.952,1.968,50.622406639004126,1.92575,1.8722042251900213,1.934155,0.0318571428571429,False,RSI_NOT_BELOW_30|CLOSE_NOT_NEAR_OR_BELOW_LOWER_BB|TARGET_NOT_ABOVE_ENTRY
2026-07-14T09:00:59.543583+00:00,MR_DEEP_VALUE_V1,NEAR,NEARUSDT,strategy-lab-v1.0.0:MR_DEEP_VALUE_V1,1784005200,2026-07-14T05:00:00+00:00,1.967,2.001,1.963,1.991,61.4406779661017,1.9294999999999998,1.8691394168351483,1.9339849999999998,0.03200000000000003,False,RSI_NOT_BELOW_30|CLOSE_NOT_NEAR_OR_BELOW_LOWER_BB|TARGET_NOT_ABOVE_ENTRY
2026-07-14T09:00:59.543583+00:00,MR_DEEP_VALUE_V1,NEAR,NEARUSDT,strategy-lab-v1.0.0:MR_DEEP_VALUE_V1,1784008800,2026-07-14T06:00:00+00:00,1.991,2.008,1.986,1.997,60.94420600858371,1.9332999999999998,1.866348973122132,1.933835,0.030714285714285743,False,RSI_NOT_BELOW_30|CLOSE_NOT_NEAR_OR_BELOW_LOWER_BB|TARGET_NOT_ABOVE_ENTRY
2026-07-14T09:00:59.543583+00:00,MR_DEEP_VALUE_V1,NEAR,NEARUSDT,strategy-lab-v1.0.0:MR_DEEP_VALUE_V1,1784012400,2026-07-14T07:00:00+00:00,1.997,2.01,1.985,1.99,66.35514018691589,1.9370999999999998,1.866437704537703,1.933715,0.029642857142857144,False,RSI_NOT_BELOW_30|CLOSE_NOT_NEAR_OR_BELOW_LOWER_BB|TARGET_NOT_ABOVE_ENTRY
2026-07-14T09:00:59.543583+00:00,MR_DEEP_VALUE_V1,NEAR,NEARUSDT,strategy-lab-v1.0.0:MR_DEEP_VALUE_V1,1784016000,2026-07-14T08:00:00+00:00,1.99,2.007,1.983,1.986,73.95833333333333,1.9415499999999999,1.870341924615245,1.933545,0.02842857142857144,False,RSI_NOT_BELOW_30|CLOSE_NOT_NEAR_OR_BELOW_LOWER_BB|TARGET_NOT_ABOVE_ENTRY
2026-07-14T09:00:59.543583+00:00,MR_DEEP_VALUE_V1,PAXG,PAXGUSDT,strategy-lab-v1.0.0:MR_DEEP_VALUE_V1,1783800000,2026-07-11T20:00:00+00:00,4103.36,4104.26,4102.36,4104.26,36.676977463544596,4107.748,4101.0980748877655,4126.0283500000005,3.315714285714421,False,RSI_NOT_BELOW_30|CLOSE_NOT_NEAR_OR_BELOW_LOWER_BB|CLOSE_NOT_ABOVE_MA200
2026-07-14T09:00:59.543583+00:00,MR_DEEP_VALUE_V1,PAXG,PAXGUSDT,strategy-lab-v1.0.0:MR_DEEP_VALUE_V1,1783803600,2026-07-11T21:00:00+00:00,4103.75,4104.31,4098.02,4098.69,28.928571428571786,4107.205,4099.536744657466,4125.74525,3.619285714285849,False,CLOSE_NOT_ABOVE_MA200
2026-07-14T09:00:59.543583+00:00,MR_DEEP_VALUE_V1,PAXG,PAXGUSDT,strategy-lab-v1.0.0:MR_DEEP_VALUE_V1,1783807200,2026-07-11T22:00:00+00:00,4099.77,4100.21,4098.56,4100.17,30.806675938804716,4106.735,4098.56810707807,4125.43325,3.6642857142857923,False,RSI_NOT_BELOW_30|CLOSE_NOT_NEAR_OR_BELOW_LOWER_BB|CLOSE_NOT_ABOVE_MA200
2026-07-14T09:00:59.543583+00:00,MR_DEEP_VALUE_V1,PAXG,PAXGUSDT,strategy-lab-v1.0.0:MR_DEEP_VALUE_V1,1783810800,2026-07-11T23:00:00+00:00,4100.17,4100.2,4097.67,4098.42,29.144736842105786,4106.189,4097.358580078036,4125.1492499999995,3.704285714285756,False,CLOSE_NOT_NEAR_OR_BELOW_LOWER_BB|CLOSE_NOT_ABOVE_MA200
2026-07-14T09:00:59.543583+00:00,MR_DEEP_VALUE_V1,PAXG,PAXGUSDT,strategy-lab-v1.0.0:MR_DEEP_VALUE_V1,1783814400,2026-07-12T00:00:00+00:00,4098.48,4099.08,4095.86,4096.53,27.958346481540502,4105.547,4095.905259285886,4124.8086,3.832857142857165,False,CLOSE_NOT_NEAR_OR_BELOW_LOWER_BB|CLOSE_NOT_ABOVE_MA200
2026-07-14T09:00:59.543583+00:00,MR_DEEP_VALUE_V1,PAXG,PAXGUSDT,strategy-lab-v1.0.0:MR_DEEP_VALUE_V1,1783818000,2026-07-12T01:00:00+00:00,4096.44,4099.14,4095.83,4097.42,29.753846153847505,4104.904500000001,4094.901489503248,4124.46845,4.033571428571479,False,CLOSE_NOT_NEAR_OR_BELOW_LOWER_BB|CLOSE_NOT_ABOVE_MA200
2026-07-14T09:00:59.543583+00:00,MR_DEEP_VALUE_V1,PAXG,PAXGUSDT,strategy-lab-v1.0.0:MR_DEEP_VALUE_V1,1783821600,2026-07-12T02:00:00+00:00,4097.62,4099.62,4097.41,4099.62,36.44458090267192,4104.371,4094.435900805824,4124.1326500000005,3.723571428571534,False,RSI_NOT_BELOW_30|CLOSE_NOT_NEAR_OR_BELOW_LOWER_BB|CLOSE_NOT_ABOVE_MA200
2026-07-14T09:00:59.543583+00:00,MR_DEEP_VALUE_V1,PAXG,PAXGUSDT,strategy-lab-v1.0.0:MR_DEEP_VALUE_V1,1783825200,2026-07-12T03:00:00+00:00,4099.71,4100.01,4098.84,4100.01,33.41910582180951,4103.847,4094.155605673171,4123.79745,3.581428571428692,False,RSI_NOT_BELOW_30|CLOSE_NOT_NEAR_OR_BELOW_LOWER_BB|CLOSE_NOT_ABOVE_MA200
2026-07-14T09:00:59.543583+00:00,MR_DEEP_VALUE_V1,PAXG,PAXGUSDT,strategy-lab-v1.0.0:MR_DEEP_VALUE_V1,1783828800,2026-07-12T04:00:00+00:00,4100.09,4100.61,4099.43,4099.47,45.29206625980898,4103.26,4094.011555806621,4123.43595,2.7942857142858037,False,RSI_NOT_BELOW_30|CLOSE_NOT_NEAR_OR_BELOW_LOWER_BB|CLOSE_NOT_ABOVE_MA200
2026-07-14T09:00:59.543583+00:00,MR_DEEP_VALUE_V1,PAXG,PAXGUSDT,strategy-lab-v1.0.0:MR_DEEP_VALUE_V1,1783832400,2026-07-12T05:00:00+00:00,4099.83,4099.86,4096.05,4098.24,42.173730591691026,4102.617,4093.8633216875414,4123.07785,2.6164285714286115,False,RSI_NOT_BELOW_30|CLOSE_NOT_NEAR_OR_BELOW_LOWER_BB|CLOSE_NOT_ABOVE_MA200
2026-07-14T09:00:59.543583+00:00,MR_DEEP_VALUE_V1,PAXG,PAXGUSDT,strategy-lab-v1.0.0:MR_DEEP_VALUE_V1,1783836000,2026-07-12T06:00:00+00:00,4098.13,4098.14,4095.84,4096.37,34.49141900376955,4101.9105,4093.543482670152,4122.72805,2.551428571428557,False,RSI_NOT_BELOW_30|CLOSE_NOT_NEAR_OR_BELOW_LOWER_BB|CLOSE_NOT_ABOVE_MA200
2026-07-14T09:00:59.543583+00:00,MR_DEEP_VALUE_V1,PAXG,PAXGUSDT,strategy-lab-v1.0.0:MR_DEEP_VALUE_V1,1783839600,2026-07-12T07:00:00+00:00,4096.67,4096.79,4095.2,4095.98,28.103989242494833,4101.1805,4093.442444753497,4122.38255,2.5114285714285285,False,CLOSE_NOT_NEAR_OR_BELOW_LOWER_BB|CLOSE_NOT_ABOVE_MA200
2026-07-14T09:00:59.543583+00:00,MR_DEEP_VALUE_V1,PAXG,PAXGUSDT,strategy-lab-v1.0.0:MR_DEEP_VALUE_V1,1783843200,2026-07-12T08:00:00+00:00,4095.89,4096.37,4095.86,4096.37,33.467336683419234,4100.5765,4093.3323788664256,4122.0849,2.341428571428488,False,RSI_NOT_BELOW_30|CLOSE_NOT_NEAR_OR_BELOW_LOWER_BB|CLOSE_NOT_ABOVE_MA200
2026-07-14T09:00:59.543583+00:00,MR_DEEP_VALUE_V1,PAXG,PAXGUSDT,strategy-lab-v1.0.0:MR_DEEP_VALUE_V1,1783846800,2026-07-12T09:00:00+00:00,4095.79,4097.12,4095.71,4097.12,33.866133866135584,4099.9165,4094.073794205776,4121.77395,2.369999999999891,False,RSI_NOT_BELOW_30|CLOSE_NOT_NEAR_OR_BELOW_LOWER_BB|CLOSE_NOT_ABOVE_MA200
2026-07-14T09:00:59.543583+00:00,MR_DEEP_VALUE_V1,PAXG,PAXGUSDT,strategy-lab-v1.0.0:MR_DEEP_VALUE_V1,1783850400,2026-07-12T10:00:00+00:00,4096.68,4097.65,4096.68,4097.64,33.33333333333562,4099.717,4093.849523200058,4121.4651,2.303571428571234,False,RSI_NOT_BELOW_30|CLOSE_NOT_NEAR_OR_BELOW_LOWER_BB|CLOSE_NOT_ABOVE_MA200
2026-07-14T09:00:59.543583+00:00,MR_DEEP_VALUE_V1,PAXG,PAXGUSDT,strategy-lab-v1.0.0:MR_DEEP_VALUE_V1,1783854000,2026-07-12T11:00:00+00:00,4097.71,4097.71,4095.63,4095.63,40.61349693251805,4099.4,4093.370834220405,4121.1371,2.0028571428569455,False,RSI_NOT_BELOW_30|CLOSE_NOT_NEAR_OR_BELOW_LOWER_BB|CLOSE_NOT_ABOVE_MA200
2026-07-14T09:00:59.543583+00:00,MR_DEEP_VALUE_V1,PAXG,PAXGUSDT,strategy-lab-v1.0.0:MR_DEEP_VALUE_V1,1783857600,2026-07-12T12:00:00+00:00,4095.54,4095.68,4094.84,4094.99,33.24708926261427,4098.960499999999,4092.9913343130866,4120.8047,1.9449999999998064,False,RSI_NOT_BELOW_30|CLOSE_NOT_NEAR_OR_BELOW_LOWER_BB|CLOSE_NOT_ABOVE_MA200
2026-07-14T09:00:59.543583+00:00,MR_DEEP_VALUE_V1,PAXG,PAXGUSDT,strategy-lab-v1.0.0:MR_DEEP_VALUE_V1,1783861200,2026-07-12T13:00:00+00:00,4094.8,4095.77,4093.39,4093.39,33.57282821685297,4098.3425,4092.766670465501,4120.4766,1.9342857142855467,False,RSI_NOT_BELOW_30|CLOSE_NOT_NEAR_OR_BELOW_LOWER_BB|CLOSE_NOT_ABOVE_MA200
2026-07-14T09:00:59.543583+00:00,MR_DEEP_VALUE_V1,PAXG,PAXGUSDT,strategy-lab-v1.0.0:MR_DEEP_VALUE_V1,1783864800,2026-07-12T14:00:00+00:00,4094.02,4095.19,4092.75,4095.13,45.382585751980606,4097.9515,4092.6320478667662,4120.15325,1.8785714285712791,False,RSI_NOT_BELOW_30|CLOSE_NOT_NEAR_OR_BELOW_LOWER_BB|CLOSE_NOT_ABOVE_MA200
2026-07-14T09:00:59.543583+00:00,MR_DEEP_VALUE_V1,PAXG,PAXGUSDT,strategy-lab-v1.0.0:MR_DEEP_VALUE_V1,1783868400,2026-07-12T15:00:00+00:00,4095.8,4098.36,4095.24,4097.09,48.9833641404809,4097.6269999999995,4092.9699833586556,4119.832649999999,1.8728571428569336,False,RSI_NOT_BELOW_30|CLOSE_NOT_NEAR_OR_BELOW_LOWER_BB|CLOSE_NOT_ABOVE_MA200
2026-07-14T09:00:59.543583+00:00,MR_DEEP_VALUE_V1,PAXG,PAXGUSDT,strategy-lab-v1.0.0:MR_DEEP_VALUE_V1,1783872000,2026-07-12T16:00:00+00:00,4097.19,4097.91,4096.71,4096.71,39.902845246358375,4097.2495,4093.71585896026,4119.5121500000005,1.800714285714061,False,RSI_NOT_BELOW_30|CLOSE_NOT_NEAR_OR_BELOW_LOWER_BB|CLOSE_NOT_ABOVE_MA200
2026-07-14T09:00:59.543583+00:00,MR_DEEP_VALUE_V1,PAXG,PAXGUSDT,strategy-lab-v1.0.0:MR_DEEP_VALUE_V1,1783875600,2026-07-12T17:00:00+00:00,4096.72,4096.72,4093.01,4093.28,30.71633237822475,4096.979,4093.1150232922905,4119.154750000001,1.9821428571426298,False,RSI_NOT_BELOW_30|CLOSE_NOT_NEAR_OR_BELOW_LOWER_BB|CLOSE_NOT_ABOVE_MA200
2026-07-14T09:00:59.543583+00:00,MR_DEEP_VALUE_V1,PAXG,PAXGUSDT,strategy-lab-v1.0.0:MR_DEEP_VALUE_V1,1783879200,2026-07-12T18:00:00+00:00,4093.27,4093.58,4092.12,4092.85,30.911188004614274,4096.613,4092.642140647454,4118.8055,2.0021428571426765,False,RSI_NOT_BELOW_30|CLOSE_NOT_NEAR_OR_BELOW_LOWER_BB|CLOSE_NOT_ABOVE_MA200
2026-07-14T09:00:59.543583+00:00,MR_DEEP_VALUE_V1,PAXG,PAXGUSDT,strategy-lab-v1.0.0:MR_DEEP_VALUE_V1,1783882800,2026-07-12T19:00:00+00:00,4092.59,4093.76,4091.66,4093.76,36.83901292597177,4096.38,4092.3148505565364,4118.46325,1.8799999999998818,False,RSI_NOT_BELOW_30|CLOSE_NOT_NEAR_OR_BELOW_LOWER_BB|CLOSE_NOT_ABOVE_MA200
2026-07-14T09:00:59.543583+00:00,MR_DEEP_VALUE_V1,PAXG,PAXGUSDT,strategy-lab-v1.0.0:MR_DEEP_VALUE_V1,1783886400,2026-07-12T20:00:00+00:00,4093.5,4097.28,4092.84,4097.28,52.43706480985486,4096.4175000000005,4092.333713154719,4118.1363,2.025714285714165,False,RSI_NOT_BELOW_30|CLOSE_NOT_NEAR_OR_BELOW_LOWER_BB|CLOSE_NOT_ABOVE_MA200|TARGET_NOT_ABOVE_ENTRY
2026-07-14T09:00:59.543583+00:00,MR_DEEP_VALUE_V1,PAXG,PAXGUSDT,strategy-lab-v1.0.0:MR_DEEP_VALUE_V1,1783890000,2026-07-12T21:00:00+00:00,4096.85,4097.21,4085.0,4085.0,32.035340314136604,4095.7964999999995,4089.3929376322494,4117.74735,2.789285714285565,False,RSI_NOT_BELOW_30|CLOSE_NOT_ABOVE_MA200
2026-07-14T09:00:59.543583+00:00,MR_DEEP_VALUE_V1,PAXG,PAXGUSDT,strategy-lab-v1.0.0:MR_DEEP_VALUE_V1,1783893600,2026-07-12T22:00:00+00:00,4090.41,4092.66,4065.0,4068.18,20.004256224729346,4094.2245000000003,4080.7808673436984,4117.272150000001,4.728571428571286,False,CLOSE_NOT_ABOVE_MA200
2026-07-14T09:00:59.543583+00:00,MR_DEEP_VALUE_V1,PAXG,PAXGUSDT,strategy-lab-v1.0.0:MR_DEEP_VALUE_V1,1783897200,2026-07-12T23:00:00+00:00,4067.14,4077.5,4064.13,4077.5,32.343412526998364,4093.0990000000006,4078.1019457559987,4116.834,5.582857142857002,False,RSI_NOT_BELOW_30|CLOSE_NOT_ABOVE_MA200
2026-07-14T09:00:59.543583+00:00,MR_DEEP_VALUE_V1,PAXG,PAXGUSDT,strategy-lab-v1.0.0:MR_DEEP_VALUE_V1,1783900800,2026-07-13T00:00:00+00:00,4077.72,4082.98,4055.48,4062.32,24.85046995158089,4091.2415,4071.430850061206,4116.3300500000005,7.477857142857049,False,CLOSE_NOT_ABOVE_MA200
2026-07-14T09:00:59.543583+00:00,MR_DEEP_VALUE_V1,PAXG,PAXGUSDT,strategy-lab-v1.0.0:MR_DEEP_VALUE_V1,1783904400,2026-07-13T01:00:00+00:00,4063.31,4081.13,4061.5,4066.48,29.860439408594758,4089.6534999999994,4067.4002878498995,4115.828700000001,8.731428571428491,False,CLOSE_NOT_ABOVE_MA200
2026-07-14T09:00:59.543583+00:00,MR_DEEP_VALUE_V1,PAXG,PAXGUSDT,strategy-lab-v1.0.0:MR_DEEP_VALUE_V1,1783908000,2026-07-13T02:00:00+00:00,4066.93,4069.28,4059.79,4062.32,28.475424957175065,4087.951,4062.9707438764676,4115.33,9.349285714285672,False,CLOSE_NOT_ABOVE_MA200
2026-07-14T09:00:59.543583+00:00,MR_DEEP_VALUE_V1,PAXG,PAXGUSDT,strategy-lab-v1.0.0:MR_DEEP_VALUE_V1,1783911600,2026-07-13T03:00:00+00:00,4060.01,4060.21,4047.41,4052.33,25.640721404841088,4085.7685000000006,4056.6852035740935,4114.782749999999,10.244285714285686,False,CLOSE_NOT_ABOVE_MA200
2026-07-14T09:00:59.543583+00:00,MR_DEEP_VALUE_V1,PAXG,PAXGUSDT,strategy-lab-v1.0.0:MR_DEEP_VALUE_V1,1783915200,2026-07-13T04:00:00+00:00,4052.11,4052.11,4045.37,4048.9,23.112713737350163,4083.3949999999995,4050.6431600517303,4114.21005,10.567142857142828,False,CLOSE_NOT_ABOVE_MA200
2026-07-14T09:00:59.543583+00:00,MR_DEEP_VALUE_V1,PAXG,PAXGUSDT,strategy-lab-v1.0.0:MR_DEEP_VALUE_V1,1783918800,2026-07-13T05:00:00+00:00,4051.74,4065.4,4047.12,4048.06,21.107837360046986,4080.942,4045.4363454644626,4113.630300000001,11.642142857142874,False,CLOSE_NOT_NEAR_OR_BELOW_LOWER_BB|CLOSE_NOT_ABOVE_MA200
2026-07-14T09:00:59.543583+00:00,MR_DEEP_VALUE_V1,PAXG,PAXGUSDT,strategy-lab-v1.0.0:MR_DEEP_VALUE_V1,1783922400,2026-07-13T06:00:00+00:00,4048.77,4055.93,4038.8,4044.81,20.41723666210659,4078.3005,4040.3784607748107,4113.03345,12.780000000000005,False,CLOSE_NOT_NEAR_OR_BELOW_LOWER_BB|CLOSE_NOT_ABOVE_MA200
2026-07-14T09:00:59.543583+00:00,MR_DEEP_VALUE_V1,PAXG,PAXGUSDT,strategy-lab-v1.0.0:MR_DEEP_VALUE_V1,1783926000,2026-07-13T07:00:00+00:00,4046.44,4060.0,4046.38,4060.0,33.27301970245266,4076.5189999999993,4038.673188659817,4112.5108,13.600000000000007,False,RSI_NOT_BELOW_30|CLOSE_NOT_NEAR_OR_BELOW_LOWER_BB|CLOSE_NOT_ABOVE_MA200
2026-07-14T09:00:59.543583+00:00,MR_DEEP_VALUE_V1,PAXG,PAXGUSDT,strategy-lab-v1.0.0:MR_DEEP_VALUE_V1,1783929600,2026-07-13T08:00:00+00:00,4060.74,4072.41,4058.28,4068.33,38.58260383684109,4075.186,4038.1674336312626,4112.0401,14.50499999999998,False,RSI_NOT_BELOW_30|CLOSE_NOT_NEAR_OR_BELOW_LOWER_BB|CLOSE_NOT_ABOVE_MA200
2026-07-14T09:00:59.543583+00:00,MR_DEEP_VALUE_V1,PAXG,PAXGUSDT,strategy-lab-v1.0.0:MR_DEEP_VALUE_V1,1783933200,2026-07-13T09:00:00+00:00,4069.53,4069.53,4062.3,4063.61,36.44212609047562,4073.697,4037.3372777238806,4111.5361,14.871428571428526,False,RSI_NOT_BELOW_30|CLOSE_NOT_NEAR_OR_BELOW_LOWER_BB|CLOSE_NOT_ABOVE_MA200
2026-07-14T09:00:59.543583+00:00,MR_DEEP_VALUE_V1,PAXG,PAXGUSDT,strategy-lab-v1.0.0:MR_DEEP_VALUE_V1,1783936800,2026-07-13T10:00:00+00:00,4062.37,4062.63,4042.07,4054.05,31.561886889021693,4071.643,4035.719748977905,4111.0027,16.092857142857124,False,RSI_NOT_BELOW_30|CLOSE_NOT_NEAR_OR_BELOW_LOWER_BB|CLOSE_NOT_ABOVE_MA200
2026-07-14T09:00:59.543583+00:00,MR_DEEP_VALUE_V1,PAXG,PAXGUSDT,strategy-lab-v1.0.0:MR_DEEP_VALUE_V1,1783940400,2026-07-13T11:00:00+00:00,4053.17,4060.0,4049.06,4050.01,33.94806863014962,4069.2889999999998,4034.183415316131,4110.45285,15.99714285714286,False,RSI_NOT_BELOW_30|CLOSE_NOT_NEAR_OR_BELOW_LOWER_BB|CLOSE_NOT_ABOVE_MA200
2026-07-14T09:00:59.543583+00:00,MR_DEEP_VALUE_V1,PAXG,PAXGUSDT,strategy-lab-v1.0.0:MR_DEEP_VALUE_V1,1783944000,2026-07-13T12:00:00+00:00,4050.57,4059.04,4048.94,4058.48,45.18084260731326,4067.3775,4034.350671587387,4109.935,14.742857142857149,False,RSI_NOT_BELOW_30|CLOSE_NOT_NEAR_OR_BELOW_LOWER_BB|CLOSE_NOT_ABOVE_MA200
2026-07-14T09:00:59.543583+00:00,MR_DEEP_VALUE_V1,PAXG,PAXGUSDT,strategy-lab-v1.0.0:MR_DEEP_VALUE_V1,1783947600,2026-07-13T13:00:00+00:00,4058.43,4058.53,4033.55,4033.55,31.096774193548313,4064.3910000000005,4030.482789843815,4109.289000000001,15.572142857142873,False,RSI_NOT_BELOW_30|CLOSE_NOT_NEAR_OR_BELOW_LOWER_BB|CLOSE_NOT_ABOVE_MA200
2026-07-14T09:00:59.543583+00:00,MR_DEEP_VALUE_V1,PAXG,PAXGUSDT,strategy-lab-v1.0.0:MR_DEEP_VALUE_V1,1783951200,2026-07-13T14:00:00+00:00,4035.0,4036.75,3997.44,4009.79,28.959384763277882,4060.238,4021.3143826964165,4108.5252,16.415714285714298,False,CLOSE_NOT_ABOVE_MA200
2026-07-14T09:00:59.543583+00:00,MR_DEEP_VALUE_V1,PAXG,PAXGUSDT,strategy-lab-v1.0.0:MR_DEEP_VALUE_V1,1783954800,2026-07-13T15:00:00+00:00,4012.08,4014.69,4007.03,4010.52,26.952224052718208,4056.076,4014.658732876304,4107.765049999999,15.56071428571428,False,CLOSE_NOT_ABOVE_MA200
2026-07-14T09:00:59.543583+00:00,MR_DEEP_VALUE_V1,PAXG,PAXGUSDT,strategy-lab-v1.0.0:MR_DEEP_VALUE_V1,1783958400,2026-07-13T16:00:00+00:00,4010.98,4013.15,3984.24,3990.0,23.75145180023219,4050.7120000000004,4004.517263676526,4106.8966,16.947857142857142,False,CLOSE_NOT_ABOVE_MA200
2026-07-14T09:00:59.543583+00:00,MR_DEEP_VALUE_V1,PAXG,PAXGUSDT,strategy-lab-v1.0.0:MR_DEEP_VALUE_V1,1783962000,2026-07-13T17:00:00+00:00,3992.27,3998.28,3990.0,3990.64,25.979285102406223,4045.994,3995.679874587795,4106.0376,16.474285714285706,False,CLOSE_NOT_ABOVE_MA200
2026-07-14T09:00:59.543583+00:00,MR_DEEP_VALUE_V1,PAXG,PAXGUSDT,strategy-lab-v1.0.0:MR_DEEP_VALUE_V1,1783965600,2026-07-13T18:00:00+00:00,3989.41,4001.93,3983.84,3998.78,31.174879807692335,4042.524,3989.3193361443286,4105.202249999999,17.26928571428568,False,RSI_NOT_BELOW_30|CLOSE_NOT_NEAR_OR_BELOW_LOWER_BB|CLOSE_NOT_ABOVE_MA200
2026-07-14T09:00:59.543583+00:00,MR_DEEP_VALUE_V1,PAXG,PAXGUSDT,strategy-lab-v1.0.0:MR_DEEP_VALUE_V1,1783969200,2026-07-13T19:00:00+00:00,3996.05,4000.89,3991.12,3998.6,31.330212894458697,4038.5789999999993,3984.6375169281114,4104.3597,16.661428571428523,False,RSI_NOT_BELOW_30|CLOSE_NOT_NEAR_OR_BELOW_LOWER_BB|CLOSE_NOT_ABOVE_MA200
2026-07-14T09:00:59.543583+00:00,MR_DEEP_VALUE_V1,PAXG,PAXGUSDT,strategy-lab-v1.0.0:MR_DEEP_VALUE_V1,1783972800,2026-07-13T20:00:00+00:00,3999.12,4002.07,3993.21,3998.72,32.181241784582014,4035.399,3979.953035710481,4103.5204,16.07071428571427,False,RSI_NOT_BELOW_30|CLOSE_NOT_NEAR_OR_BELOW_LOWER_BB|CLOSE_NOT_ABOVE_MA200
2026-07-14T09:00:59.543583+00:00,MR_DEEP_VALUE_V1,PAXG,PAXGUSDT,strategy-lab-v1.0.0:MR_DEEP_VALUE_V1,1783976400,2026-07-13T21:00:00+00:00,3998.71,4001.37,3995.25,4001.0,24.660711218003797,4032.125,3976.6738396875735,4102.701050000001,15.422857142857115,False,CLOSE_NOT_NEAR_OR_BELOW_LOWER_BB|CLOSE_NOT_ABOVE_MA200
2026-07-14T09:00:59.543583+00:00,MR_DEEP_VALUE_V1,PAXG,PAXGUSDT,strategy-lab-v1.0.0:MR_DEEP_VALUE_V1,1783980000,2026-07-13T22:00:00+00:00,3997.6,4000.99,3994.76,3994.76,17.825592582874236,4028.7470000000003,3972.835742779345,4101.852,14.859285714285695,False,CLOSE_NOT_NEAR_OR_BELOW_LOWER_BB|CLOSE_NOT_ABOVE_MA200
2026-07-14T09:00:59.543583+00:00,MR_DEEP_VALUE_V1,PAXG,PAXGUSDT,strategy-lab-v1.0.0:MR_DEEP_VALUE_V1,1783983600,2026-07-13T23:00:00+00:00,3994.26,3996.1,3987.72,3995.35,19.029038112522528,4025.8979999999997,3969.281378553695,4101.00445,14.94142857142856,False,CLOSE_NOT_NEAR_OR_BELOW_LOWER_BB|CLOSE_NOT_ABOVE_MA200
2026-07-14T09:00:59.543583+00:00,MR_DEEP_VALUE_V1,PAXG,PAXGUSDT,strategy-lab-v1.0.0:MR_DEEP_VALUE_V1,1783987200,2026-07-14T00:00:00+00:00,3995.04,4000.33,3979.8,3996.05,21.38346161436752,4023.2555,3966.2478442071683,4100.16385,14.869285714285686,False,CLOSE_NOT_NEAR_OR_BELOW_LOWER_BB|CLOSE_NOT_ABOVE_MA200
2026-07-14T09:00:59.543583+00:00,MR_DEEP_VALUE_V1,PAXG,PAXGUSDT,strategy-lab-v1.0.0:MR_DEEP_VALUE_V1,1783990800,2026-07-14T01:00:00+00:00,3992.28,4005.13,3987.53,4002.79,27.306805074971024,4020.9920000000006,3964.511084780841,4099.34735,15.344999999999962,False,CLOSE_NOT_NEAR_OR_BELOW_LOWER_BB|CLOSE_NOT_ABOVE_MA200
2026-07-14T09:00:59.543583+00:00,MR_DEEP_VALUE_V1,PAXG,PAXGUSDT,strategy-lab-v1.0.0:MR_DEEP_VALUE_V1,1783994400,2026-07-14T02:00:00+00:00,4002.88,4011.99,4002.88,4010.09,26.48002333041717,4019.2560000000003,3963.683072274409,4098.5676,15.280714285714241,False,CLOSE_NOT_NEAR_OR_BELOW_LOWER_BB|CLOSE_NOT_ABOVE_MA200
2026-07-14T09:00:59.543583+00:00,MR_DEEP_VALUE_V1,PAXG,PAXGUSDT,strategy-lab-v1.0.0:MR_DEEP_VALUE_V1,1783998000,2026-07-14T03:00:00+00:00,4007.66,4011.86,4005.72,4010.22,35.05828102984481,4016.7670000000007,3964.346727547507,4097.78185,13.934999999999977,False,RSI_NOT_BELOW_30|CLOSE_NOT_NEAR_OR_BELOW_LOWER_BB|CLOSE_NOT_ABOVE_MA200
2026-07-14T09:00:59.543583+00:00,MR_DEEP_VALUE_V1,PAXG,PAXGUSDT,strategy-lab-v1.0.0:MR_DEEP_VALUE_V1,1784001600,2026-07-14T04:00:00+00:00,4010.31,4016.18,4007.04,4015.45,54.75310715485376,4014.1230000000005,3967.3413762146556,4097.0029,11.779999999999973,False,RSI_NOT_BELOW_30|CLOSE_NOT_NEAR_OR_BELOW_LOWER_BB|CLOSE_NOT_ABOVE_MA200|TARGET_NOT_ABOVE_ENTRY
2026-07-14T09:00:59.543583+00:00,MR_DEEP_VALUE_V1,PAXG,PAXGUSDT,strategy-lab-v1.0.0:MR_DEEP_VALUE_V1,1784005200,2026-07-14T05:00:00+00:00,4015.59,4025.06,4013.35,4024.65,60.388178209086945,4012.175,3970.8747285724,4096.25355,12.0692857142857,False,RSI_NOT_BELOW_30|CLOSE_NOT_NEAR_OR_BELOW_LOWER_BB|CLOSE_NOT_ABOVE_MA200|TARGET_NOT_ABOVE_ENTRY
2026-07-14T09:00:59.543583+00:00,MR_DEEP_VALUE_V1,PAXG,PAXGUSDT,strategy-lab-v1.0.0:MR_DEEP_VALUE_V1,1784008800,2026-07-14T06:00:00+00:00,4024.13,4025.32,4013.74,4014.94,71.80069930069925,4010.2195,3973.596523346083,4095.41575,10.831428571428562,False,RSI_NOT_BELOW_30|CLOSE_NOT_NEAR_OR_BELOW_LOWER_BB|CLOSE_NOT_ABOVE_MA200|TARGET_NOT_ABOVE_ENTRY
2026-07-14T09:00:59.543583+00:00,MR_DEEP_VALUE_V1,PAXG,PAXGUSDT,strategy-lab-v1.0.0:MR_DEEP_VALUE_V1,1784012400,2026-07-14T07:00:00+00:00,4014.94,4021.61,4010.28,4010.28,66.0405096373736,4008.233,3976.47136207005,4094.62205,11.049285714285686,False,RSI_NOT_BELOW_30|CLOSE_NOT_NEAR_OR_BELOW_LOWER_BB|CLOSE_NOT_ABOVE_MA200|TARGET_NOT_ABOVE_ENTRY
2026-07-14T09:00:59.543583+00:00,MR_DEEP_VALUE_V1,PAXG,PAXGUSDT,strategy-lab-v1.0.0:MR_DEEP_VALUE_V1,1784016000,2026-07-14T08:00:00+00:00,4009.79,4015.4,4009.12,4010.98,61.342506507995424,4005.858,3983.885377398382,4093.8516499999996,10.205714285714294,False,RSI_NOT_BELOW_30|CLOSE_NOT_NEAR_OR_BELOW_LOWER_BB|CLOSE_NOT_ABOVE_MA200|TARGET_NOT_ABOVE_ENTRY
2026-07-14T12:56:15.785296+00:00,MR_DEEP_VALUE_V1,BTC,BTCUSDT,strategy-lab-v1.0.0:MR_DEEP_VALUE_V1,1784019600,2026-07-14T09:00:00+00:00,62631.32,62663.04,62456.96,62554.05,60.142128021549745,62357.0465,61807.14182523275,63263.578799999996,283.44571428571413,False,RSI_NOT_BELOW_30|CLOSE_NOT_NEAR_OR_BELOW_LOWER_BB|CLOSE_NOT_ABOVE_MA200|TARGET_NOT_ABOVE_ENTRY
2026-07-14T12:56:15.785296+00:00,MR_DEEP_VALUE_V1,BTC,BTCUSDT,strategy-lab-v1.0.0:MR_DEEP_VALUE_V1,1784023200,2026-07-14T10:00:00+00:00,62554.06,62832.32,62535.03,62725.61,66.28685094693915,62357.517499999994,61806.36846030667,63260.265250000004,284.3149999999997,False,RSI_NOT_BELOW_30|CLOSE_NOT_NEAR_OR_BELOW_LOWER_BB|CLOSE_NOT_ABOVE_MA200|TARGET_NOT_ABOVE_ENTRY
2026-07-14T12:56:15.785296+00:00,MR_DEEP_VALUE_V1,BTC,BTCUSDT,strategy-lab-v1.0.0:MR_DEEP_VALUE_V1,1784026800,2026-07-14T11:00:00+00:00,62725.6,62849.99,62641.98,62769.76,72.75868779374574,62368.9745,61794.0626082993,63257.95235000001,275.95214285714195,False,RSI_NOT_BELOW_30|CLOSE_NOT_NEAR_OR_BELOW_LOWER_BB|CLOSE_NOT_ABOVE_MA200|TARGET_NOT_ABOVE_ENTRY
2026-07-14T12:56:15.785296+00:00,MR_DEEP_VALUE_V1,BTC,BTCUSDT,strategy-lab-v1.0.0:MR_DEEP_VALUE_V1,1784030400,2026-07-14T12:00:00+00:00,62769.77,63796.14,62710.88,63730.24,87.79833950185063,62445.269499999995,61625.25253450544,63260.569800000005,328.99785714285673,False,RSI_NOT_BELOW_30|CLOSE_NOT_NEAR_OR_BELOW_LOWER_BB|TARGET_NOT_ABOVE_ENTRY
2026-07-14T12:56:15.785296+00:00,MR_DEEP_VALUE_V1,ETH,ETHUSDT,strategy-lab-v1.0.0:MR_DEEP_VALUE_V1,1784019600,2026-07-14T09:00:00+00:00,1783.89,1787.72,1780.81,1784.18,58.65904526494667,1774.7475,1754.6090364290073,1777.5074500000003,11.592142857142838,False,RSI_NOT_BELOW_30|CLOSE_NOT_NEAR_OR_BELOW_LOWER_BB|TARGET_NOT_ABOVE_ENTRY
2026-07-14T12:56:15.785296+00:00,MR_DEEP_VALUE_V1,ETH,ETHUSDT,strategy-lab-v1.0.0:MR_DEEP_VALUE_V1,1784023200,2026-07-14T10:00:00+00:00,1784.24,1802.88,1784.06,1798.36,72.95747062115265,1775.6654999999998,1753.1226718943653,1777.58825,11.829999999999993,False,RSI_NOT_BELOW_30|CLOSE_NOT_NEAR_OR_BELOW_LOWER_BB|TARGET_NOT_ABOVE_ENTRY
2026-07-14T12:56:15.785296+00:00,MR_DEEP_VALUE_V1,ETH,ETHUSDT,strategy-lab-v1.0.0:MR_DEEP_VALUE_V1,1784026800,2026-07-14T11:00:00+00:00,1798.28,1800.9,1793.53,1796.5,77.0310192023632,1776.721,1752.4203235485065,1777.6804000000002,11.320000000000002,False,RSI_NOT_BELOW_30|CLOSE_NOT_NEAR_OR_BELOW_LOWER_BB|TARGET_NOT_ABOVE_ENTRY
2026-07-14T12:56:15.785296+00:00,MR_DEEP_VALUE_V1,ETH,ETHUSDT,strategy-lab-v1.0.0:MR_DEEP_VALUE_V1,1784030400,2026-07-14T12:00:00+00:00,1796.5,1851.21,1792.38,1844.55,89.64036500268372,1780.438,1742.3994071763937,1778.0216500000001,14.586428571428574,False,RSI_NOT_BELOW_30|CLOSE_NOT_NEAR_OR_BELOW_LOWER_BB|TARGET_NOT_ABOVE_ENTRY
2026-07-14T12:56:15.785296+00:00,MR_DEEP_VALUE_V1,SOL,SOLUSDT,strategy-lab-v1.0.0:MR_DEEP_VALUE_V1,1784019600,2026-07-14T09:00:00+00:00,75.07,75.21,74.8,74.99,48.297213622291004,75.03899999999999,74.23837774200221,78.18915,0.4878571428571427,False,RSI_NOT_BELOW_30|CLOSE_NOT_NEAR_OR_BELOW_LOWER_BB|CLOSE_NOT_ABOVE_MA200
2026-07-14T12:56:15.785296+00:00,MR_DEEP_VALUE_V1,SOL,SOLUSDT,strategy-lab-v1.0.0:MR_DEEP_VALUE_V1,1784023200,2026-07-14T10:00:00+00:00,75.0,75.5,74.89,75.37,60.06191950464417,75.0035,74.33932306574117,78.1614,0.47857142857142776,False,RSI_NOT_BELOW_30|CLOSE_NOT_NEAR_OR_BELOW_LOWER_BB|CLOSE_NOT_ABOVE_MA200|TARGET_NOT_ABOVE_ENTRY
2026-07-14T12:56:15.785296+00:00,MR_DEEP_VALUE_V1,SOL,SOLUSDT,strategy-lab-v1.0.0:MR_DEEP_VALUE_V1,1784026800,2026-07-14T11:00:00+00:00,75.37,75.5,75.24,75.31,66.66666666666683,74.982,74.3907437103916,78.1343,0.4464285714285704,False,RSI_NOT_BELOW_30|CLOSE_NOT_NEAR_OR_BELOW_LOWER_BB|CLOSE_NOT_ABOVE_MA200|TARGET_NOT_ABOVE_ENTRY
2026-07-14T12:56:15.785296+00:00,MR_DEEP_VALUE_V1,SOL,SOLUSDT,strategy-lab-v1.0.0:MR_DEEP_VALUE_V1,1784030400,2026-07-14T12:00:00+00:00,75.31,76.65,75.1,76.64,76.73860911271005,75.0535,74.1215498940386,78.1138,0.5335714285714275,False,RSI_NOT_BELOW_30|CLOSE_NOT_NEAR_OR_BELOW_LOWER_BB|CLOSE_NOT_ABOVE_MA200|TARGET_NOT_ABOVE_ENTRY
2026-07-14T12:56:15.785296+00:00,MR_DEEP_VALUE_V1,XRP,XRPUSDT,strategy-lab-v1.0.0:MR_DEEP_VALUE_V1,1784019600,2026-07-14T09:00:00+00:00,1.0675,1.0693,1.0665,1.0674,51.97568389057727,1.065715,1.0564359321588368,1.101326,0.005749999999999985,False,RSI_NOT_BELOW_30|CLOSE_NOT_NEAR_OR_BELOW_LOWER_BB|CLOSE_NOT_ABOVE_MA200|TARGET_NOT_ABOVE_ENTRY
2026-07-14T12:56:15.785296+00:00,MR_DEEP_VALUE_V1,XRP,XRPUSDT,strategy-lab-v1.0.0:MR_DEEP_VALUE_V1,1784023200,2026-07-14T10:00:00+00:00,1.0673,1.0711,1.0666,1.07,64.16938110749192,1.0654,1.0572166021726355,1.100938,0.005421428571428561,False,RSI_NOT_BELOW_30|CLOSE_NOT_NEAR_OR_BELOW_LOWER_BB|CLOSE_NOT_ABOVE_MA200|TARGET_NOT_ABOVE_ENTRY
2026-07-14T12:56:15.785296+00:00,MR_DEEP_VALUE_V1,XRP,XRPUSDT,strategy-lab-v1.0.0:MR_DEEP_VALUE_V1,1784026800,2026-07-14T11:00:00+00:00,1.07,1.0718,1.0679,1.0716,72.44897959183649,1.0654,1.0572166021726355,1.1005645,0.0050571428571428555,False,RSI_NOT_BELOW_30|CLOSE_NOT_NEAR_OR_BELOW_LOWER_BB|CLOSE_NOT_ABOVE_MA200|TARGET_NOT_ABOVE_ENTRY
2026-07-14T12:56:15.785296+00:00,MR_DEEP_VALUE_V1,XRP,XRPUSDT,strategy-lab-v1.0.0:MR_DEEP_VALUE_V1,1784030400,2026-07-14T12:00:00+00:00,1.0715,1.0889,1.0692,1.087,83.7899543378994,1.066375,1.0539012074732301,1.100275,0.006078571428571425,False,RSI_NOT_BELOW_30|CLOSE_NOT_NEAR_OR_BELOW_LOWER_BB|CLOSE_NOT_ABOVE_MA200|TARGET_NOT_ABOVE_ENTRY
2026-07-14T12:56:15.785296+00:00,MR_DEEP_VALUE_V1,DOGE,DOGEUSDT,strategy-lab-v1.0.0:MR_DEEP_VALUE_V1,1784019600,2026-07-14T09:00:00+00:00,0.07203,0.07217,0.07199,0.072,54.67625899280571,0.071838,0.07107143362974841,0.0736632,0.00041571428571428315,False,RSI_NOT_BELOW_30|CLOSE_NOT_NEAR_OR_BELOW_LOWER_BB|CLOSE_NOT_ABOVE_MA200|TARGET_NOT_ABOVE_ENTRY
2026-07-14T12:56:15.785296+00:00,MR_DEEP_VALUE_V1,DOGE,DOGEUSDT,strategy-lab-v1.0.0:MR_DEEP_VALUE_V1,1784023200,2026-07-14T10:00:00+00:00,0.07202,0.07228,0.07189,0.07219,58.1632653061226,0.0718225,0.07109876316937667,0.0736361,0.00041428571428571225,False,RSI_NOT_BELOW_30|CLOSE_NOT_NEAR_OR_BELOW_LOWER_BB|CLOSE_NOT_ABOVE_MA200|TARGET_NOT_ABOVE_ENTRY
2026-07-14T12:56:15.785296+00:00,MR_DEEP_VALUE_V1,DOGE,DOGEUSDT,strategy-lab-v1.0.0:MR_DEEP_VALUE_V1,1784026800,2026-07-14T11:00:00+00:00,0.07218,0.07225,0.07211,0.07219,64.04494382022469,0.0718325,0.0710943977035663,0.07361015,0.0003721428571428556,False,RSI_NOT_BELOW_30|CLOSE_NOT_NEAR_OR_BELOW_LOWER_BB|CLOSE_NOT_ABOVE_MA200|TARGET_NOT_ABOVE_ENTRY
2026-07-14T12:56:15.785296+00:00,MR_DEEP_VALUE_V1,DOGE,DOGEUSDT,strategy-lab-v1.0.0:MR_DEEP_VALUE_V1,1784030400,2026-07-14T12:00:00+00:00,0.07219,0.07329,0.07205,0.07318,77.58620689655162,0.0719125,0.07097997922275122,0.07359085,0.00042214285714285504,False,RSI_NOT_BELOW_30|CLOSE_NOT_NEAR_OR_BELOW_LOWER_BB|CLOSE_NOT_ABOVE_MA200|TARGET_NOT_ABOVE_ENTRY
2026-07-14T12:56:15.785296+00:00,MR_DEEP_VALUE_V1,NEAR,NEARUSDT,strategy-lab-v1.0.0:MR_DEEP_VALUE_V1,1784019600,2026-07-14T09:00:00+00:00,1.987,1.988,1.972,1.984,70.11494252873563,1.94515,1.8730077100446552,1.933455,0.027285714285714295,False,RSI_NOT_BELOW_30|CLOSE_NOT_NEAR_OR_BELOW_LOWER_BB|TARGET_NOT_ABOVE_ENTRY
2026-07-14T12:56:15.785296+00:00,MR_DEEP_VALUE_V1,NEAR,NEARUSDT,strategy-lab-v1.0.0:MR_DEEP_VALUE_V1,1784023200,2026-07-14T10:00:00+00:00,1.983,1.994,1.97,1.97,70.52023121387279,1.9454,1.8729502933063147,1.93328,0.027285714285714295,False,RSI_NOT_BELOW_30|CLOSE_NOT_NEAR_OR_BELOW_LOWER_BB|TARGET_NOT_ABOVE_ENTRY
2026-07-14T12:56:15.785296+00:00,MR_DEEP_VALUE_V1,NEAR,NEARUSDT,strategy-lab-v1.0.0:MR_DEEP_VALUE_V1,1784026800,2026-07-14T11:00:00+00:00,1.97,1.991,1.967,1.986,81.65680473372775,1.94785,1.8734153978313781,1.933235,0.02671428571428572,False,RSI_NOT_BELOW_30|CLOSE_NOT_NEAR_OR_BELOW_LOWER_BB|TARGET_NOT_ABOVE_ENTRY
2026-07-14T12:56:15.785296+00:00,MR_DEEP_VALUE_V1,NEAR,NEARUSDT,strategy-lab-v1.0.0:MR_DEEP_VALUE_V1,1784030400,2026-07-14T12:00:00+00:00,1.985,2.038,1.974,2.028,84.57711442786065,1.95195,1.8697466545692878,1.93344,0.029571428571428564,False,RSI_NOT_BELOW_30|CLOSE_NOT_NEAR_OR_BELOW_LOWER_BB|TARGET_NOT_ABOVE_ENTRY
2026-07-14T12:56:15.785296+00:00,MR_DEEP_VALUE_V1,PAXG,PAXGUSDT,strategy-lab-v1.0.0:MR_DEEP_VALUE_V1,1784019600,2026-07-14T09:00:00+00:00,4012.08,4015.42,4008.71,4012.02,61.41933287950989,4004.6435000000006,3986.560645938954,4093.0092999999997,10.086428571428607,False,RSI_NOT_BELOW_30|CLOSE_NOT_NEAR_OR_BELOW_LOWER_BB|CLOSE_NOT_ABOVE_MA200|TARGET_NOT_ABOVE_ENTRY
2026-07-14T12:56:15.785296+00:00,MR_DEEP_VALUE_V1,PAXG,PAXGUSDT,strategy-lab-v1.0.0:MR_DEEP_VALUE_V1,1784023200,2026-07-14T10:00:00+00:00,4012.02,4014.35,4008.26,4012.85,61.87993946527665,4004.7964999999995,3986.4916369578154,4092.2395999999994,9.888571428571433,False,RSI_NOT_BELOW_30|CLOSE_NOT_NEAR_OR_BELOW_LOWER_BB|CLOSE_NOT_ABOVE_MA200|TARGET_NOT_ABOVE_ENTRY
2026-07-14T12:56:15.785296+00:00,MR_DEEP_VALUE_V1,PAXG,PAXGUSDT,strategy-lab-v1.0.0:MR_DEEP_VALUE_V1,1784026800,2026-07-14T11:00:00+00:00,4013.92,4023.46,4010.82,4023.23,66.44960781411865,4005.432,3985.5609239346945,4091.5688,10.354285714285718,False,RSI_NOT_BELOW_30|CLOSE_NOT_NEAR_OR_BELOW_LOWER_BB|CLOSE_NOT_ABOVE_MA200|TARGET_NOT_ABOVE_ENTRY
2026-07-14T12:56:15.785296+00:00,MR_DEEP_VALUE_V1,PAXG,PAXGUSDT,strategy-lab-v1.0.0:MR_DEEP_VALUE_V1,1784030400,2026-07-14T12:00:00+00:00,4022.6,4093.46,4017.1,4068.18,84.54083552879163,4009.3410000000003,3976.575598797004,4091.1585999999998,15.36285714285717,False,RSI_NOT_BELOW_30|CLOSE_NOT_NEAR_OR_BELOW_LOWER_BB|CLOSE_NOT_ABOVE_MA200|TARGET_NOT_ABOVE_ENTRY
2026-07-14T13:40:11.638095+00:00,MR_DEEP_VALUE_V1,BTC,BTCUSDT,strategy-lab-v1.0.0:MR_DEEP_VALUE_V1,1784034000,2026-07-14T13:00:00+00:00,63901.84,64110.59,63689.73,63725.98,80.27083471457945,62548.41399999999,61561.719114183754,63264.792050000004,334.08285714285637,False,RSI_NOT_BELOW_30|CLOSE_NOT_NEAR_OR_BELOW_LOWER_BB|TARGET_NOT_ABOVE_ENTRY
2026-07-14T13:40:11.638095+00:00,MR_DEEP_VALUE_V1,ETH,ETHUSDT,strategy-lab-v1.0.0:MR_DEEP_VALUE_V1,1784034000,2026-07-14T13:00:00+00:00,1859.49,1881.4,1853.11,1867.9,90.0592325521503,1786.9920000000002,1731.6345670392857,1778.5744,16.010714285714307,False,RSI_NOT_BELOW_30|CLOSE_NOT_NEAR_OR_BELOW_LOWER_BB|TARGET_NOT_ABOVE_ENTRY
2026-07-14T13:40:11.638095+00:00,MR_DEEP_VALUE_V1,SOL,SOLUSDT,strategy-lab-v1.0.0:MR_DEEP_VALUE_V1,1784034000,2026-07-14T13:00:00+00:00,76.79,77.67,76.45,77.06,76.28361858190732,75.188,73.9093037890095,78.09805,0.5935714285714268,False,RSI_NOT_BELOW_30|CLOSE_NOT_NEAR_OR_BELOW_LOWER_BB|CLOSE_NOT_ABOVE_MA200|TARGET_NOT_ABOVE_ENTRY
2026-07-14T13:40:11.638095+00:00,MR_DEEP_VALUE_V1,XRP,XRPUSDT,strategy-lab-v1.0.0:MR_DEEP_VALUE_V1,1784034000,2026-07-14T13:00:00+00:00,1.0883,1.1039,1.0843,1.0982,84.63203463203448,1.06845,1.050065930809535,1.1000735,0.006871428571428576,False,RSI_NOT_BELOW_30|CLOSE_NOT_NEAR_OR_BELOW_LOWER_BB|CLOSE_NOT_ABOVE_MA200|TARGET_NOT_ABOVE_ENTRY
2026-07-14T13:40:11.638095+00:00,MR_DEEP_VALUE_V1,DOGE,DOGEUSDT,strategy-lab-v1.0.0:MR_DEEP_VALUE_V1,1784034000,2026-07-14T13:00:00+00:00,0.0733,0.07404,0.07303,0.07378,77.25947521865882,0.072063,0.07091344182400341,0.07357745,0.0004457142857142844,False,RSI_NOT_BELOW_30|CLOSE_NOT_NEAR_OR_BELOW_LOWER_BB|TARGET_NOT_ABOVE_ENTRY
2026-07-14T13:40:11.638095+00:00,MR_DEEP_VALUE_V1,NEAR,NEARUSDT,strategy-lab-v1.0.0:MR_DEEP_VALUE_V1,1784034000,2026-07-14T13:00:00+00:00,2.03,2.031,2.015,2.03,81.76470588235287,1.9573999999999998,1.8700927265343774,1.933685,0.027928571428571414,False,RSI_NOT_BELOW_30|CLOSE_NOT_NEAR_OR_BELOW_LOWER_BB|TARGET_NOT_ABOVE_ENTRY
2026-07-14T13:40:11.638095+00:00,MR_DEEP_VALUE_V1,PAXG,PAXGUSDT,strategy-lab-v1.0.0:MR_DEEP_VALUE_V1,1784034000,2026-07-14T13:00:00+00:00,4065.89,4077.36,4063.4,4069.81,84.69064480059616,4013.2735000000002,3972.519563122767,4090.8064499999996,15.761428571428594,False,RSI_NOT_BELOW_30|CLOSE_NOT_NEAR_OR_BELOW_LOWER_BB|CLOSE_NOT_ABOVE_MA200|TARGET_NOT_ABOVE_ENTRY
2026-07-14T16:57:31.170205+00:00,MR_DEEP_VALUE_V1,BTC,BTCUSDT,strategy-lab-v1.0.0:MR_DEEP_VALUE_V1,1783828800000,2026-07-12T04:00:00+00:00,64179.36,64202.31,63896.56,63962.07,40.47725789518489,64135.0745,63834.12095371826,63184.7071,244.78571428571428,False,RSI_NOT_BELOW_30|CLOSE_NOT_NEAR_OR_BELOW_LOWER_BB
2026-07-14T16:57:31.170205+00:00,MR_DEEP_VALUE_V1,BTC,BTCUSDT,strategy-lab-v1.0.0:MR_DEEP_VALUE_V1,1783832400000,2026-07-12T05:00:00+00:00,63962.07,63983.92,63860.16,63925.68,44.000764941025544,64125.97450000001,63811.5529412297,63190.9885,211.8057142857137,False,RSI_NOT_BELOW_30|CLOSE_NOT_NEAR_OR_BELOW_LOWER_BB
2026-07-14T16:57:31.170205+00:00,MR_DEEP_VALUE_V1,BTC,BTCUSDT,strategy-lab-v1.0.0:MR_DEEP_VALUE_V1,1783836000000,2026-07-12T06:00:00+00:00,63925.68,63925.68,63588.2,63714.75,38.513710337853084,64104.808000000005,63743.06134419715,63196.9983,222.30214285714257,False,RSI_NOT_BELOW_30
2026-07-14T16:57:31.170205+00:00,MR_DEEP_VALUE_V1,BTC,BTCUSDT,strategy-lab-v1.0.0:MR_DEEP_VALUE_V1,1783839600000,2026-07-12T07:00:00+00:00,63714.75,63860.16,63691.51,63843.7,38.180391463401,64089.7295,63711.23347468462,63203.6157,217.11785714285674,False,RSI_NOT_BELOW_30|CLOSE_NOT_NEAR_OR_BELOW_LOWER_BB
2026-07-14T16:57:31.170205+00:00,MR_DEEP_VALUE_V1,BTC,BTCUSDT,strategy-lab-v1.0.0:MR_DEEP_VALUE_V1,1783843200000,2026-07-12T08:00:00+00:00,63843.7,64060.98,63837.3,63940.08,40.98096006837298,64079.659999999996,63696.51871984274,63209.84930000001,225.28499999999985,False,RSI_NOT_BELOW_30|CLOSE_NOT_NEAR_OR_BELOW_LOWER_BB
2026-07-14T16:57:31.170205+00:00,MR_DEEP_VALUE_V1,BTC,BTCUSDT,strategy-lab-v1.0.0:MR_DEEP_VALUE_V1,1783846800000,2026-07-12T09:00:00+00:00,63940.08,64004.49,63722.75,63915.23,41.22345224322594,64065.670000000006,63679.97613466049,63217.407999999996,237.3192857142853,False,RSI_NOT_BELOW_30|CLOSE_NOT_NEAR_OR_BELOW_LOWER_BB
2026-07-14T16:57:31.170205+00:00,MR_DEEP_VALUE_V1,BTC,BTCUSDT,strategy-lab-v1.0.0:MR_DEEP_VALUE_V1,1783850400000,2026-07-12T10:00:00+00:00,63915.98,63915.98,63786.4,63807.56,36.070998321838736,64041.164000000004,63655.267630469876,63224.036049999995,234.01285714285663,False,RSI_NOT_BELOW_30|CLOSE_NOT_NEAR_OR_BELOW_LOWER_BB
2026-07-14T16:57:31.170205+00:00,MR_DEEP_VALUE_V1,BTC,BTCUSDT,strategy-lab-v1.0.0:MR_DEEP_VALUE_V1,1783854000000,2026-07-12T11:00:00+00:00,63811.98,63992.51,63777.12,63966.54,41.54390969677604,64033.481999999996,63648.06664204895,63231.065950000004,242.76499999999942,False,RSI_NOT_BELOW_30|CLOSE_NOT_NEAR_OR_BELOW_LOWER_BB
2026-07-14T16:57:31.170205+00:00,MR_DEEP_VALUE_V1,BTC,BTCUSDT,strategy-lab-v1.0.0:MR_DEEP_VALUE_V1,1783857600000,2026-07-12T12:00:00+00:00,63966.53,64089.48,63929.32,63982.16,45.36188477479102,64025.954000000005,63642.710645959094,63237.8359,233.677857142857,False,RSI_NOT_BELOW_30|CLOSE_NOT_NEAR_OR_BELOW_LOWER_BB
2026-07-14T16:57:31.170205+00:00,MR_DEEP_VALUE_V1,BTC,BTCUSDT,strategy-lab-v1.0.0:MR_DEEP_VALUE_V1,1783861200000,2026-07-12T13:00:00+00:00,63982.16,64062.0,63950.0,63980.52,56.85630444265238,64011.405999999995,63644.82021531035,63245.6765,210.3307142857141,False,RSI_NOT_BELOW_30|CLOSE_NOT_NEAR_OR_BELOW_LOWER_BB
2026-07-14T16:57:31.170205+00:00,MR_DEEP_VALUE_V1,BTC,BTCUSDT,strategy-lab-v1.0.0:MR_DEEP_VALUE_V1,1783864800000,2026-07-12T14:00:00+00:00,63980.52,64250.56,63917.39,64158.64,61.07045949250055,64005.2385,63653.20808192292,63254.2956,217.84571428571402,False,RSI_NOT_BELOW_30|CLOSE_NOT_NEAR_OR_BELOW_LOWER_BB|TARGET_NOT_ABOVE_ENTRY
2026-07-14T16:57:31.170205+00:00,MR_DEEP_VALUE_V1,BTC,BTCUSDT,strategy-lab-v1.0.0:MR_DEEP_VALUE_V1,1783868400000,2026-07-12T15:00:00+00:00,64158.65,64224.5,64075.05,64136.52,51.82930310902995,63999.765,63659.676352820294,63262.42005000001,202.5307142857138,False,RSI_NOT_BELOW_30|CLOSE_NOT_NEAR_OR_BELOW_LOWER_BB|TARGET_NOT_ABOVE_ENTRY
2026-07-14T16:57:31.170205+00:00,MR_DEEP_VALUE_V1,BTC,BTCUSDT,strategy-lab-v1.0.0:MR_DEEP_VALUE_V1,1783872000000,2026-07-12T16:00:00+00:00,64136.53,64172.16,64000.01,64131.78,53.71874537653495,63989.4985,63679.718019511776,63270.6035,207.41214285714264,False,RSI_NOT_BELOW_30|CLOSE_NOT_NEAR_OR_BELOW_LOWER_BB|TARGET_NOT_ABOVE_ENTRY
2026-07-14T16:57:31.170205+00:00,MR_DEEP_VALUE_V1,BTC,BTCUSDT,strategy-lab-v1.0.0:MR_DEEP_VALUE_V1,1783875600000,2026-07-12T17:00:00+00:00,64131.79,64138.66,63979.51,64034.91,44.44658029295317,63975.7245,63701.82082404892,63278.6328,205.15071428571432,False,RSI_NOT_BELOW_30|CLOSE_NOT_NEAR_OR_BELOW_LOWER_BB|TARGET_NOT_ABOVE_ENTRY
2026-07-14T16:57:31.170205+00:00,MR_DEEP_VALUE_V1,BTC,BTCUSDT,strategy-lab-v1.0.0:MR_DEEP_VALUE_V1,1783879200000,2026-07-12T18:00:00+00:00,64034.91,64116.11,63972.55,64109.19,56.35485598769808,63973.27999999999,63705.11731870278,63286.92835,193.56571428571417,False,RSI_NOT_BELOW_30|CLOSE_NOT_NEAR_OR_BELOW_LOWER_BB|TARGET_NOT_ABOVE_ENTRY
2026-07-14T16:57:31.170205+00:00,MR_DEEP_VALUE_V1,BTC,BTCUSDT,strategy-lab-v1.0.0:MR_DEEP_VALUE_V1,1783882800000,2026-07-12T19:00:00+00:00,64109.19,64232.49,64104.01,64193.87,61.1205559656004,63994.321500000005,63726.267358357836,63295.75510000001,193.9028571428571,False,RSI_NOT_BELOW_30|CLOSE_NOT_NEAR_OR_BELOW_LOWER_BB|TARGET_NOT_ABOVE_ENTRY
2026-07-14T16:57:31.170205+00:00,MR_DEEP_VALUE_V1,BTC,BTCUSDT,strategy-lab-v1.0.0:MR_DEEP_VALUE_V1,1783886400000,2026-07-12T20:00:00+00:00,64193.87,64219.68,64130.1,64161.74,71.76129226994289,64013.04,63753.24873755931,63303.540499999996,176.19571428571413,False,RSI_NOT_BELOW_30|CLOSE_NOT_NEAR_OR_BELOW_LOWER_BB|TARGET_NOT_ABOVE_ENTRY
2026-07-14T16:57:31.170205+00:00,MR_DEEP_VALUE_V1,BTC,BTCUSDT,strategy-lab-v1.0.0:MR_DEEP_VALUE_V1,1783890000000,2026-07-12T21:00:00+00:00,64161.74,64198.28,63842.46,63883.78,51.704023672664235,64002.966,63739.5574922093,63310.269400000005,189.56499999999974,False,RSI_NOT_BELOW_30|CLOSE_NOT_NEAR_OR_BELOW_LOWER_BB
2026-07-14T16:57:31.170205+00:00,MR_DEEP_VALUE_V1,BTC,BTCUSDT,strategy-lab-v1.0.0:MR_DEEP_VALUE_V1,1783893600000,2026-07-12T22:00:00+00:00,63883.78,63890.43,63625.0,63845.6,45.773992700207465,63993.683999999994,63721.962915693824,63316.27335,192.54714285714257,False,RSI_NOT_BELOW_30|CLOSE_NOT_NEAR_OR_BELOW_LOWER_BB
2026-07-14T16:57:31.170205+00:00,MR_DEEP_VALUE_V1,BTC,BTCUSDT,strategy-lab-v1.0.0:MR_DEEP_VALUE_V1,1783897200000,2026-07-12T23:00:00+00:00,63845.6,63879.74,63688.0,63740.32,42.7015614177105,63971.731999999996,63692.718856323016,63320.568849999996,186.11857142857116,False,RSI_NOT_BELOW_30|CLOSE_NOT_NEAR_OR_BELOW_LOWER_BB
2026-07-14T16:57:31.170205+00:00,MR_DEEP_VALUE_V1,BTC,BTCUSDT,strategy-lab-v1.0.0:MR_DEEP_VALUE_V1,1783900800000,2026-07-13T00:00:00+00:00,63740.32,64388.01,63520.0,64024.78,57.89856442627955,63974.86750000001,63694.95116229263,63326.36335,238.8635714285712,False,RSI_NOT_BELOW_30|CLOSE_NOT_NEAR_OR_BELOW_LOWER_BB|TARGET_NOT_ABOVE_ENTRY
2026-07-14T16:57:31.170205+00:00,MR_DEEP_VALUE_V1,BTC,BTCUSDT,strategy-lab-v1.0.0:MR_DEEP_VALUE_V1,1783904400000,2026-07-13T01:00:00+00:00,64024.78,64024.78,63354.98,63368.77,34.03468850322365,63947.022,63562.00430884217,63327.101449999995,271.32142857142804,False,RSI_NOT_BELOW_30
2026-07-14T16:57:31.170205+00:00,MR_DEEP_VALUE_V1,BTC,BTCUSDT,strategy-lab-v1.0.0:MR_DEEP_VALUE_V1,1783908000000,2026-07-13T02:00:00+00:00,63368.77,63503.44,63186.42,63326.94,32.741926987304424,63927.631499999996,63466.2802916007,63328.16945,282.52571428571383,False,RSI_NOT_BELOW_30|CLOSE_NOT_ABOVE_MA200
2026-07-14T16:57:31.170205+00:00,MR_DEEP_VALUE_V1,BTC,BTCUSDT,strategy-lab-v1.0.0:MR_DEEP_VALUE_V1,1783911600000,2026-07-13T03:00:00+00:00,63326.94,63335.35,62686.15,62758.58,25.214399883165314,63873.3755,63185.627387723805,63325.79245,320.89714285714217,False,CLOSE_NOT_ABOVE_MA200
2026-07-14T16:57:31.170205+00:00,MR_DEEP_VALUE_V1,BTC,BTCUSDT,strategy-lab-v1.0.0:MR_DEEP_VALUE_V1,1783915200000,2026-07-13T04:00:00+00:00,62758.57,62857.38,62564.02,62624.46,18.31542077306254,63807.59450000001,62931.94788562898,63323.01194999999,318.05357142857093,False,CLOSE_NOT_ABOVE_MA200
2026-07-14T16:57:31.170205+00:00,MR_DEEP_VALUE_V1,BTC,BTCUSDT,strategy-lab-v1.0.0:MR_DEEP_VALUE_V1,1783918800000,2026-07-13T05:00:00+00:00,62624.47,62867.23,62461.0,62754.53,22.676820998271992,63749.559499999996,62763.275242587646,63320.59465000001,336.3949999999999,False,CLOSE_NOT_ABOVE_MA200
2026-07-14T16:57:31.170205+00:00,MR_DEEP_VALUE_V1,BTC,BTCUSDT,strategy-lab-v1.0.0:MR_DEEP_VALUE_V1,1783922400000,2026-07-13T06:00:00+00:00,62754.53,62828.01,62660.4,62747.03,22.652099552479882,63696.53300000001,62618.64169486558,63318.629850000005,336.07071428571413,False,CLOSE_NOT_NEAR_OR_BELOW_LOWER_BB|CLOSE_NOT_ABOVE_MA200
2026-07-14T16:57:31.170205+00:00,MR_DEEP_VALUE_V1,BTC,BTCUSDT,strategy-lab-v1.0.0:MR_DEEP_VALUE_V1,1783926000000,2026-07-13T07:00:00+00:00,62749.0,63009.49,62695.51,62935.57,29.047419379431204,63644.9845,62525.85409842055,63317.87545,347.1299999999995,False,CLOSE_NOT_NEAR_OR_BELOW_LOWER_BB|CLOSE_NOT_ABOVE_MA200
2026-07-14T16:57:31.170205+00:00,MR_DEEP_VALUE_V1,BTC,BTCUSDT,strategy-lab-v1.0.0:MR_DEEP_VALUE_V1,1783929600000,2026-07-13T08:00:00+00:00,62935.58,63226.0,62877.5,63142.5,32.462400899838514,63603.00149999999,62474.65614614268,63318.93520000001,361.7685714285711,False,RSI_NOT_BELOW_30|CLOSE_NOT_NEAR_OR_BELOW_LOWER_BB|CLOSE_NOT_ABOVE_MA200
2026-07-14T16:57:31.170205+00:00,MR_DEEP_VALUE_V1,BTC,BTCUSDT,strategy-lab-v1.0.0:MR_DEEP_VALUE_V1,1783933200000,2026-07-13T09:00:00+00:00,63142.5,63147.0,63021.71,63039.0,29.190556674727077,63555.9255,62416.00702339768,63319.97180000001,361.5407142857143,False,CLOSE_NOT_NEAR_OR_BELOW_LOWER_BB|CLOSE_NOT_ABOVE_MA200
2026-07-14T16:57:31.170205+00:00,MR_DEEP_VALUE_V1,BTC,BTCUSDT,strategy-lab-v1.0.0:MR_DEEP_VALUE_V1,1783936800000,2026-07-13T10:00:00+00:00,63039.0,63090.09,62790.0,62801.79,27.18166412188127,63488.083,62338.259173996936,63320.78085,376.57714285714246,False,CLOSE_NOT_NEAR_OR_BELOW_LOWER_BB|CLOSE_NOT_ABOVE_MA200
2026-07-14T16:57:31.170205+00:00,MR_DEEP_VALUE_V1,BTC,BTCUSDT,strategy-lab-v1.0.0:MR_DEEP_VALUE_V1,1783940400000,2026-07-13T11:00:00+00:00,62801.8,63067.73,62801.8,62842.97,31.029064913949952,63423.40549999999,62281.25745233748,63321.43965,370.1571428571427,False,RSI_NOT_BELOW_30|CLOSE_NOT_NEAR_OR_BELOW_LOWER_BB|CLOSE_NOT_ABOVE_MA200
2026-07-14T16:57:31.170205+00:00,MR_DEEP_VALUE_V1,BTC,BTCUSDT,strategy-lab-v1.0.0:MR_DEEP_VALUE_V1,1783944000000,2026-07-13T12:00:00+00:00,62842.97,62928.0,62503.64,62561.5,28.501302545488656,63344.89149999999,62192.47590581044,63320.4591,381.5092857142855,False,CLOSE_NOT_NEAR_OR_BELOW_LOWER_BB|CLOSE_NOT_ABOVE_MA200
2026-07-14T16:57:31.170205+00:00,MR_DEEP_VALUE_V1,BTC,BTCUSDT,strategy-lab-v1.0.0:MR_DEEP_VALUE_V1,1783947600000,2026-07-13T13:00:00+00:00,62561.5,62700.0,62088.0,62247.45,26.639083884415186,63255.518500000006,62054.78454431655,63318.2964,411.5278571428571,False,CLOSE_NOT_NEAR_OR_BELOW_LOWER_BB|CLOSE_NOT_ABOVE_MA200
2026-07-14T16:57:31.170205+00:00,MR_DEEP_VALUE_V1,BTC,BTCUSDT,strategy-lab-v1.0.0:MR_DEEP_VALUE_V1,1783951200000,2026-07-13T14:00:00+00:00,62247.45,62728.08,62033.0,62716.19,30.639353042305046,63185.868500000004,62030.54102151989,63318.26705,399.1757142857142,False,RSI_NOT_BELOW_30|CLOSE_NOT_NEAR_OR_BELOW_LOWER_BB|CLOSE_NOT_ABOVE_MA200
2026-07-14T16:57:31.170205+00:00,MR_DEEP_VALUE_V1,BTC,BTCUSDT,strategy-lab-v1.0.0:MR_DEEP_VALUE_V1,1783954800000,2026-07-13T15:00:00+00:00,62716.27,62908.0,62493.34,62540.62,35.71697130459093,63103.20599999999,62013.47899406861,63316.17795,380.95142857142906,False,RSI_NOT_BELOW_30|CLOSE_NOT_NEAR_OR_BELOW_LOWER_BB|CLOSE_NOT_ABOVE_MA200
2026-07-14T16:57:31.170205+00:00,MR_DEEP_VALUE_V1,BTC,BTCUSDT,strategy-lab-v1.0.0:MR_DEEP_VALUE_V1,1783958400000,2026-07-13T16:00:00+00:00,62538.66,62567.99,62140.9,62204.34,32.423783160900825,63005.335999999996,61962.89464854844,63312.90795,388.8135714285714,False,RSI_NOT_BELOW_30|CLOSE_NOT_NEAR_OR_BELOW_LOWER_BB|CLOSE_NOT_ABOVE_MA200
2026-07-14T16:57:31.170205+00:00,MR_DEEP_VALUE_V1,BTC,BTCUSDT,strategy-lab-v1.0.0:MR_DEEP_VALUE_V1,1783962000000,2026-07-13T17:00:00+00:00,62203.43,62299.42,61820.83,61830.0,34.52108684780802,62902.647,61822.6219916395,63309.2285,376.62714285714276,False,RSI_NOT_BELOW_30|CLOSE_NOT_NEAR_OR_BELOW_LOWER_BB|CLOSE_NOT_ABOVE_MA200
2026-07-14T16:57:31.170205+00:00,MR_DEEP_VALUE_V1,BTC,BTCUSDT,strategy-lab-v1.0.0:MR_DEEP_VALUE_V1,1783965600000,2026-07-13T18:00:00+00:00,61831.55,62032.44,61750.9,61950.68,38.717909218167144,62807.901,61743.02402945549,63305.477999999996,375.7828571428571,False,RSI_NOT_BELOW_30|CLOSE_NOT_NEAR_OR_BELOW_LOWER_BB|CLOSE_NOT_ABOVE_MA200
2026-07-14T16:57:31.170205+00:00,MR_DEEP_VALUE_V1,BTC,BTCUSDT,strategy-lab-v1.0.0:MR_DEEP_VALUE_V1,1783969200000,2026-07-13T19:00:00+00:00,61950.68,62225.07,61907.48,62210.67,41.273050533058644,62731.41850000001,61727.41620601308,63303.4813,369.45142857142804,False,RSI_NOT_BELOW_30|CLOSE_NOT_NEAR_OR_BELOW_LOWER_BB|CLOSE_NOT_ABOVE_MA200
2026-07-14T16:57:31.170205+00:00,MR_DEEP_VALUE_V1,BTC,BTCUSDT,strategy-lab-v1.0.0:MR_DEEP_VALUE_V1,1783972800000,2026-07-13T20:00:00+00:00,62212.52,62261.51,61976.39,62141.0,40.46567971933362,62637.229499999994,61795.98260250855,63300.7242,377.84499999999963,False,RSI_NOT_BELOW_30|CLOSE_NOT_NEAR_OR_BELOW_LOWER_BB|CLOSE_NOT_ABOVE_MA200
2026-07-14T16:57:31.170205+00:00,MR_DEEP_VALUE_V1,BTC,BTCUSDT,strategy-lab-v1.0.0:MR_DEEP_VALUE_V1,1783976400000,2026-07-13T21:00:00+00:00,62140.99,62158.29,61833.2,61997.89,35.034091779667534,62568.6855,61754.05434332912,63297.01965,378.6385714285716,False,RSI_NOT_BELOW_30|CLOSE_NOT_NEAR_OR_BELOW_LOWER_BB|CLOSE_NOT_ABOVE_MA200
2026-07-14T16:57:31.170205+00:00,MR_DEEP_VALUE_V1,BTC,BTCUSDT,strategy-lab-v1.0.0:MR_DEEP_VALUE_V1,1783980000000,2026-07-13T22:00:00+00:00,61997.9,62162.2,61819.58,61840.89,28.88909072625775,62494.382999999994,61699.092011742294,63292.42975,378.21857142857124,False,CLOSE_NOT_NEAR_OR_BELOW_LOWER_BB|CLOSE_NOT_ABOVE_MA200
2026-07-14T16:57:31.170205+00:00,MR_DEEP_VALUE_V1,BTC,BTCUSDT,strategy-lab-v1.0.0:MR_DEEP_VALUE_V1,1783983600000,2026-07-13T23:00:00+00:00,61840.89,62271.83,61799.3,62264.94,38.62793608631527,62469.701,61678.10782254336,63290.3236,403.02142857142826,False,RSI_NOT_BELOW_30|CLOSE_NOT_NEAR_OR_BELOW_LOWER_BB|CLOSE_NOT_ABOVE_MA200
2026-07-14T16:57:31.170205+00:00,MR_DEEP_VALUE_V1,BTC,BTCUSDT,strategy-lab-v1.0.0:MR_DEEP_VALUE_V1,1783987200000,2026-07-14T00:00:00+00:00,62264.94,62592.71,62190.4,62481.0,45.25765849937467,62462.528000000006,61674.08052886201,63289.8787,410.3228571428569,False,RSI_NOT_BELOW_30|CLOSE_NOT_NEAR_OR_BELOW_LOWER_BB|CLOSE_NOT_ABOVE_MA200|TARGET_NOT_ABOVE_ENTRY
2026-07-14T16:57:31.170205+00:00,MR_DEEP_VALUE_V1,BTC,BTCUSDT,strategy-lab-v1.0.0:MR_DEEP_VALUE_V1,1783990800000,2026-07-14T01:00:00+00:00,62481.0,62570.0,62382.1,62459.45,44.297202131709135,62447.774,61670.77493056948,63289.31894999999,404.74857142857115,False,RSI_NOT_BELOW_30|CLOSE_NOT_NEAR_OR_BELOW_LOWER_BB|CLOSE_NOT_ABOVE_MA200|TARGET_NOT_ABOVE_ENTRY
2026-07-14T16:57:31.170205+00:00,MR_DEEP_VALUE_V1,BTC,BTCUSDT,strategy-lab-v1.0.0:MR_DEEP_VALUE_V1,1783994400000,2026-07-14T02:00:00+00:00,62459.45,62570.19,62242.73,62476.16,48.622570856737106,62434.23049999999,61669.217970286336,63287.8768,397.82714285714246,False,RSI_NOT_BELOW_30|CLOSE_NOT_NEAR_OR_BELOW_LOWER_BB|CLOSE_NOT_ABOVE_MA200|TARGET_NOT_ABOVE_ENTRY
2026-07-14T16:57:31.170205+00:00,MR_DEEP_VALUE_V1,BTC,BTCUSDT,strategy-lab-v1.0.0:MR_DEEP_VALUE_V1,1783998000000,2026-07-14T03:00:00+00:00,62476.16,62535.53,62226.36,62500.0,54.49762963965539,62412.452000000005,61681.7374011696,63286.82184999999,376.19642857142804,False,RSI_NOT_BELOW_30|CLOSE_NOT_NEAR_OR_BELOW_LOWER_BB|CLOSE_NOT_ABOVE_MA200|TARGET_NOT_ABOVE_ENTRY
2026-07-14T16:57:31.170205+00:00,MR_DEEP_VALUE_V1,BTC,BTCUSDT,strategy-lab-v1.0.0:MR_DEEP_VALUE_V1,1784001600000,2026-07-14T04:00:00+00:00,62500.0,62700.0,62466.4,62673.76,49.15565885672667,62389.015,61726.58839215588,63286.820999999996,343.23357142857066,False,RSI_NOT_BELOW_30|CLOSE_NOT_NEAR_OR_BELOW_LOWER_BB|CLOSE_NOT_ABOVE_MA200|TARGET_NOT_ABOVE_ENTRY
2026-07-14T16:57:31.170205+00:00,MR_DEEP_VALUE_V1,BTC,BTCUSDT,strategy-lab-v1.0.0:MR_DEEP_VALUE_V1,1784005200000,2026-07-14T05:00:00+00:00,62671.68,62806.0,62620.39,62654.02,52.40582489668093,62369.766,61764.06281795796,63284.91650000001,326.87285714285616,False,RSI_NOT_BELOW_30|CLOSE_NOT_NEAR_OR_BELOW_LOWER_BB|CLOSE_NOT_ABOVE_MA200|TARGET_NOT_ABOVE_ENTRY
2026-07-14T16:57:31.170205+00:00,MR_DEEP_VALUE_V1,BTC,BTCUSDT,strategy-lab-v1.0.0:MR_DEEP_VALUE_V1,1784008800000,2026-07-14T06:00:00+00:00,62654.01,62700.1,62478.75,62546.34,58.035034630529346,62356.993500000004,61778.08890864591,63279.25665,312.17714285714203,False,RSI_NOT_BELOW_30|CLOSE_NOT_NEAR_OR_BELOW_LOWER_BB|CLOSE_NOT_ABOVE_MA200|TARGET_NOT_ABOVE_ENTRY
2026-07-14T16:57:31.170205+00:00,MR_DEEP_VALUE_V1,BTC,BTCUSDT,strategy-lab-v1.0.0:MR_DEEP_VALUE_V1,1784012400000,2026-07-14T07:00:00+00:00,62546.34,62575.1,62427.27,62467.62,67.39697472388355,62338.226,61800.69957045831,63273.69255,288.5514285714281,False,RSI_NOT_BELOW_30|CLOSE_NOT_NEAR_OR_BELOW_LOWER_BB|CLOSE_NOT_ABOVE_MA200|TARGET_NOT_ABOVE_ENTRY
2026-07-14T16:57:31.170205+00:00,MR_DEEP_VALUE_V1,BTC,BTCUSDT,strategy-lab-v1.0.0:MR_DEEP_VALUE_V1,1784016000000,2026-07-14T08:00:00+00:00,62467.63,62721.92,62400.35,62631.31,68.14461736965289,62341.7165,61797.5700872664,63268.3617,291.41071428571377,False,RSI_NOT_BELOW_30|CLOSE_NOT_NEAR_OR_BELOW_LOWER_BB|CLOSE_NOT_ABOVE_MA200|TARGET_NOT_ABOVE_ENTRY
2026-07-14T16:57:31.170205+00:00,MR_DEEP_VALUE_V1,BTC,BTCUSDT,strategy-lab-v1.0.0:MR_DEEP_VALUE_V1,1784019600000,2026-07-14T09:00:00+00:00,62631.32,62663.04,62456.96,62554.05,60.142128021549745,62357.0465,61807.14182523277,63263.578799999996,283.44571428571413,False,RSI_NOT_BELOW_30|CLOSE_NOT_NEAR_OR_BELOW_LOWER_BB|CLOSE_NOT_ABOVE_MA200|TARGET_NOT_ABOVE_ENTRY
2026-07-14T16:57:31.170205+00:00,MR_DEEP_VALUE_V1,BTC,BTCUSDT,strategy-lab-v1.0.0:MR_DEEP_VALUE_V1,1784023200000,2026-07-14T10:00:00+00:00,62554.06,62832.32,62535.03,62725.61,66.28685094693915,62357.517499999994,61806.368460306694,63260.265250000004,284.3149999999997,False,RSI_NOT_BELOW_30|CLOSE_NOT_NEAR_OR_BELOW_LOWER_BB|CLOSE_NOT_ABOVE_MA200|TARGET_NOT_ABOVE_ENTRY
2026-07-14T16:57:31.170205+00:00,MR_DEEP_VALUE_V1,BTC,BTCUSDT,strategy-lab-v1.0.0:MR_DEEP_VALUE_V1,1784026800000,2026-07-14T11:00:00+00:00,62725.6,62849.99,62641.98,62769.76,72.75868779374574,62368.9745,61794.06260829932,63257.95235000001,275.95214285714195,False,RSI_NOT_BELOW_30|CLOSE_NOT_NEAR_OR_BELOW_LOWER_BB|CLOSE_NOT_ABOVE_MA200|TARGET_NOT_ABOVE_ENTRY
2026-07-14T16:57:31.170205+00:00,MR_DEEP_VALUE_V1,BTC,BTCUSDT,strategy-lab-v1.0.0:MR_DEEP_VALUE_V1,1784030400000,2026-07-14T12:00:00+00:00,62769.77,63919.0,62710.88,63897.15,88.56220181834557,62453.615000000005,61579.82395272389,63261.404350000004,337.773571428571,False,RSI_NOT_BELOW_30|CLOSE_NOT_NEAR_OR_BELOW_LOWER_BB|TARGET_NOT_ABOVE_ENTRY
2026-07-14T16:57:31.170205+00:00,MR_DEEP_VALUE_V1,BTC,BTCUSDT,strategy-lab-v1.0.0:MR_DEEP_VALUE_V1,1784034000000,2026-07-14T13:00:00+00:00,63901.84,64110.59,63627.79,63780.0,82.10879682612347,62551.115000000005,61551.33197638942,63265.06215,338.50714285714224,False,RSI_NOT_BELOW_30|CLOSE_NOT_NEAR_OR_BELOW_LOWER_BB|TARGET_NOT_ABOVE_ENTRY
2026-07-14T16:57:31.170205+00:00,MR_DEEP_VALUE_V1,BTC,BTCUSDT,strategy-lab-v1.0.0:MR_DEEP_VALUE_V1,1784037600000,2026-07-14T14:00:00+00:00,63780.01,64300.0,63517.0,64238.0,83.77287405812706,62665.48100000001,61463.70750666777,63271.6623,365.6992857142853,False,RSI_NOT_BELOW_30|CLOSE_NOT_NEAR_OR_BELOW_LOWER_BB|TARGET_NOT_ABOVE_ENTRY
2026-07-14T16:57:31.170205+00:00,MR_DEEP_VALUE_V1,BTC,BTCUSDT,strategy-lab-v1.0.0:MR_DEEP_VALUE_V1,1784041200000,2026-07-14T15:00:00+00:00,64237.86,64918.0,64143.83,64703.12,86.84465493288505,62790.103500000005,61316.61770469317,63280.05655,407.5757142857136,False,RSI_NOT_BELOW_30|CLOSE_NOT_NEAR_OR_BELOW_LOWER_BB|TARGET_NOT_ABOVE_ENTRY
2026-07-14T16:57:31.170205+00:00,MR_DEEP_VALUE_V1,BTC,BTCUSDT,strategy-lab-v1.0.0:MR_DEEP_VALUE_V1,1784044800000,2026-07-14T16:00:00+00:00,64703.12,64859.83,64568.9,64718.27,86.83791128446614,62918.96699999999,61256.42818179331,63289.48095,404.96642857142797,False,RSI_NOT_BELOW_30|CLOSE_NOT_NEAR_OR_BELOW_LOWER_BB|TARGET_NOT_ABOVE_ENTRY
2026-07-14T16:57:31.170205+00:00,MR_DEEP_VALUE_V1,ETH,ETHUSDT,strategy-lab-v1.0.0:MR_DEEP_VALUE_V1,1783828800000,2026-07-12T04:00:00+00:00,1810.43,1811.41,1803.0,1804.8,47.28169487725583,1808.3305,1784.0537370568086,1772.004,12.230714285714319,False,RSI_NOT_BELOW_30|CLOSE_NOT_NEAR_OR_BELOW_LOWER_BB
2026-07-14T16:57:31.170205+00:00,MR_DEEP_VALUE_V1,ETH,ETHUSDT,strategy-lab-v1.0.0:MR_DEEP_VALUE_V1,1783832400000,2026-07-12T05:00:00+00:00,1804.8,1806.03,1800.11,1802.17,43.55535348942945,1808.739,1785.1760749693526,1772.2068,11.312857142857183,False,RSI_NOT_BELOW_30|CLOSE_NOT_NEAR_OR_BELOW_LOWER_BB
2026-07-14T16:57:31.170205+00:00,MR_DEEP_VALUE_V1,ETH,ETHUSDT,strategy-lab-v1.0.0:MR_DEEP_VALUE_V1,1783836000000,2026-07-12T06:00:00+00:00,1802.16,1802.16,1788.34,1794.02,34.0294419719274,1808.6045,1784.7396828207313,1772.3982499999997,11.332857142857197,False,RSI_NOT_BELOW_30|CLOSE_NOT_NEAR_OR_BELOW_LOWER_BB
2026-07-14T16:57:31.170205+00:00,MR_DEEP_VALUE_V1,ETH,ETHUSDT,strategy-lab-v1.0.0:MR_DEEP_VALUE_V1,1783839600000,2026-07-12T07:00:00+00:00,1794.02,1798.0,1793.09,1797.7,35.79520213238564,1808.5425,1784.5713666308845,1772.60605,10.865000000000057,False,RSI_NOT_BELOW_30|CLOSE_NOT_NEAR_OR_BELOW_LOWER_BB
2026-07-14T16:57:31.170205+00:00,MR_DEEP_VALUE_V1,ETH,ETHUSDT,strategy-lab-v1.0.0:MR_DEEP_VALUE_V1,1783843200000,2026-07-12T08:00:00+00:00,1797.69,1807.84,1797.32,1803.92,38.754105307765634,1808.8015,1785.1498063819963,1772.84115,11.138571428571481,False,RSI_NOT_BELOW_30|CLOSE_NOT_NEAR_OR_BELOW_LOWER_BB
2026-07-14T16:57:31.170205+00:00,MR_DEEP_VALUE_V1,ETH,ETHUSDT,strategy-lab-v1.0.0:MR_DEEP_VALUE_V1,1783846800000,2026-07-12T09:00:00+00:00,1803.92,1804.8,1795.29,1801.33,38.40823183536322,1808.7905000000003,1785.1251257371682,1773.1172,11.23285714285719,False,RSI_NOT_BELOW_30|CLOSE_NOT_NEAR_OR_BELOW_LOWER_BB
2026-07-14T16:57:31.170205+00:00,MR_DEEP_VALUE_V1,ETH,ETHUSDT,strategy-lab-v1.0.0:MR_DEEP_VALUE_V1,1783850400000,2026-07-12T10:00:00+00:00,1801.32,1801.32,1797.91,1798.33,36.30165289256201,1808.2245000000003,1784.1308249171093,1773.3711,11.125714285714318,False,RSI_NOT_BELOW_30|CLOSE_NOT_NEAR_OR_BELOW_LOWER_BB
2026-07-14T16:57:31.170205+00:00,MR_DEEP_VALUE_V1,ETH,ETHUSDT,strategy-lab-v1.0.0:MR_DEEP_VALUE_V1,1783854000000,2026-07-12T11:00:00+00:00,1798.33,1805.59,1795.28,1802.65,39.862612385089484,1807.6815,1783.5992764523305,1773.6238,11.39928571428574,False,RSI_NOT_BELOW_30|CLOSE_NOT_NEAR_OR_BELOW_LOWER_BB
2026-07-14T16:57:31.170205+00:00,MR_DEEP_VALUE_V1,ETH,ETHUSDT,strategy-lab-v1.0.0:MR_DEEP_VALUE_V1,1783857600000,2026-07-12T12:00:00+00:00,1802.64,1808.33,1801.89,1805.99,46.32535988743374,1806.8805,1783.7094374650205,1773.8543,10.788571428571442,False,RSI_NOT_BELOW_30|CLOSE_NOT_NEAR_OR_BELOW_LOWER_BB
2026-07-14T16:57:31.170205+00:00,MR_DEEP_VALUE_V1,ETH,ETHUSDT,strategy-lab-v1.0.0:MR_DEEP_VALUE_V1,1783861200000,2026-07-12T13:00:00+00:00,1805.98,1808.64,1804.2,1804.8,63.30424493418128,1805.9564999999998,1784.0348209812764,1774.1053,9.005000000000011,False,RSI_NOT_BELOW_30|CLOSE_NOT_NEAR_OR_BELOW_LOWER_BB
2026-07-14T16:57:31.170205+00:00,MR_DEEP_VALUE_V1,ETH,ETHUSDT,strategy-lab-v1.0.0:MR_DEEP_VALUE_V1,1783864800000,2026-07-12T14:00:00+00:00,1804.86,1821.4,1803.2,1818.51,69.14179104477603,1805.6245,1784.697027649046,1774.4317999999998,9.492142857142865,False,RSI_NOT_BELOW_30|CLOSE_NOT_NEAR_OR_BELOW_LOWER_BB|TARGET_NOT_ABOVE_ENTRY
2026-07-14T16:57:31.170205+00:00,MR_DEEP_VALUE_V1,ETH,ETHUSDT,strategy-lab-v1.0.0:MR_DEEP_VALUE_V1,1783868400000,2026-07-12T15:00:00+00:00,1818.47,1825.46,1815.41,1819.96,61.23437500000001,1805.452,1785.063851874191,1774.7474,8.678571428571429,False,RSI_NOT_BELOW_30|CLOSE_NOT_NEAR_OR_BELOW_LOWER_BB|TARGET_NOT_ABOVE_ENTRY
2026-07-14T16:57:31.170205+00:00,MR_DEEP_VALUE_V1,ETH,ETHUSDT,strategy-lab-v1.0.0:MR_DEEP_VALUE_V1,1783872000000,2026-07-12T16:00:00+00:00,1819.96,1823.23,1816.39,1820.68,63.24881141045948,1805.2435,1785.5807277895528,1775.0467999999998,8.841428571428569,False,RSI_NOT_BELOW_30|CLOSE_NOT_NEAR_OR_BELOW_LOWER_BB|TARGET_NOT_ABOVE_ENTRY
2026-07-14T16:57:31.170205+00:00,MR_DEEP_VALUE_V1,ETH,ETHUSDT,strategy-lab-v1.0.0:MR_DEEP_VALUE_V1,1783875600000,2026-07-12T17:00:00+00:00,1820.69,1821.25,1814.17,1817.2,55.63134253867902,1804.9675,1786.1572401666022,1775.3501999999999,8.562857142857135,False,RSI_NOT_BELOW_30|CLOSE_NOT_NEAR_OR_BELOW_LOWER_BB|TARGET_NOT_ABOVE_ENTRY
2026-07-14T16:57:31.170205+00:00,MR_DEEP_VALUE_V1,ETH,ETHUSDT,strategy-lab-v1.0.0:MR_DEEP_VALUE_V1,1783879200000,2026-07-12T18:00:00+00:00,1817.32,1821.33,1814.07,1820.4,63.52288488210818,1805.3485,1785.6337691877384,1775.66415,8.48071428571427,False,RSI_NOT_BELOW_30|CLOSE_NOT_NEAR_OR_BELOW_LOWER_BB|TARGET_NOT_ABOVE_ENTRY
2026-07-14T16:57:31.170205+00:00,MR_DEEP_VALUE_V1,ETH,ETHUSDT,strategy-lab-v1.0.0:MR_DEEP_VALUE_V1,1783882800000,2026-07-12T19:00:00+00:00,1820.43,1822.46,1817.48,1820.39,66.5455866327641,1807.0274999999997,1788.215041495064,1775.9829499999998,8.41357142857141,False,RSI_NOT_BELOW_30|CLOSE_NOT_NEAR_OR_BELOW_LOWER_BB|TARGET_NOT_ABOVE_ENTRY
2026-07-14T16:57:31.170205+00:00,MR_DEEP_VALUE_V1,ETH,ETHUSDT,strategy-lab-v1.0.0:MR_DEEP_VALUE_V1,1783886400000,2026-07-12T20:00:00+00:00,1820.39,1823.2,1817.48,1820.28,77.9242875372178,1808.6550000000002,1791.2205335613646,1776.2703,7.834285714285686,False,RSI_NOT_BELOW_30|CLOSE_NOT_NEAR_OR_BELOW_LOWER_BB|TARGET_NOT_ABOVE_ENTRY
2026-07-14T16:57:31.170205+00:00,MR_DEEP_VALUE_V1,ETH,ETHUSDT,strategy-lab-v1.0.0:MR_DEEP_VALUE_V1,1783890000000,2026-07-12T21:00:00+00:00,1820.39,1822.67,1810.23,1811.4,63.11757947146679,1808.946,1791.5322762167332,1776.5139000000001,8.372142857142828,False,RSI_NOT_BELOW_30|CLOSE_NOT_NEAR_OR_BELOW_LOWER_BB|TARGET_NOT_ABOVE_ENTRY
2026-07-14T16:57:31.170205+00:00,MR_DEEP_VALUE_V1,ETH,ETHUSDT,strategy-lab-v1.0.0:MR_DEEP_VALUE_V1,1783893600000,2026-07-12T22:00:00+00:00,1811.45,1811.45,1795.19,1803.96,50.03742514970056,1808.946,1791.5322762167332,1776.6785,8.782142857142828,False,RSI_NOT_BELOW_30|CLOSE_NOT_NEAR_OR_BELOW_LOWER_BB
2026-07-14T16:57:31.170205+00:00,MR_DEEP_VALUE_V1,ETH,ETHUSDT,strategy-lab-v1.0.0:MR_DEEP_VALUE_V1,1783897200000,2026-07-12T23:00:00+00:00,1803.85,1807.8,1799.69,1805.51,53.988549618320654,1808.7,1791.2381421377934,1776.75755,8.682142857142821,False,RSI_NOT_BELOW_30|CLOSE_NOT_NEAR_OR_BELOW_LOWER_BB
2026-07-14T16:57:31.170205+00:00,MR_DEEP_VALUE_V1,ETH,ETHUSDT,strategy-lab-v1.0.0:MR_DEEP_VALUE_V1,1783900800000,2026-07-13T00:00:00+00:00,1805.56,1844.67,1803.11,1825.36,69.51624548736453,1809.7279999999998,1790.9354891512628,1776.9563499999997,11.40642857142856,False,RSI_NOT_BELOW_30|CLOSE_NOT_NEAR_OR_BELOW_LOWER_BB|TARGET_NOT_ABOVE_ENTRY
2026-07-14T16:57:31.170205+00:00,MR_DEEP_VALUE_V1,ETH,ETHUSDT,strategy-lab-v1.0.0:MR_DEEP_VALUE_V1,1783904400000,2026-07-13T01:00:00+00:00,1825.41,1828.84,1804.29,1805.65,51.77221172022685,1809.902,1791.3294744851462,1776.9955000000002,12.423571428571417,False,RSI_NOT_BELOW_30|CLOSE_NOT_NEAR_OR_BELOW_LOWER_BB
2026-07-14T16:57:31.170205+00:00,MR_DEEP_VALUE_V1,ETH,ETHUSDT,strategy-lab-v1.0.0:MR_DEEP_VALUE_V1,1783908000000,2026-07-13T02:00:00+00:00,1805.78,1813.62,1798.05,1805.66,49.79707293075887,1810.484,1793.2579982584498,1777.06255,13.075714285714282,False,RSI_NOT_BELOW_30|CLOSE_NOT_NEAR_OR_BELOW_LOWER_BB
2026-07-14T16:57:31.170205+00:00,MR_DEEP_VALUE_V1,ETH,ETHUSDT,strategy-lab-v1.0.0:MR_DEEP_VALUE_V1,1783911600000,2026-07-13T03:00:00+00:00,1805.65,1805.65,1773.83,1779.16,37.975989495404285,1809.557,1788.1829436699559,1777.0018000000002,15.03214285714286,False,RSI_NOT_BELOW_30
2026-07-14T16:57:31.170205+00:00,MR_DEEP_VALUE_V1,ETH,ETHUSDT,strategy-lab-v1.0.0:MR_DEEP_VALUE_V1,1783915200000,2026-07-13T04:00:00+00:00,1779.23,1783.68,1774.77,1777.46,28.30567593277665,1808.234,1782.7479784195352,1776.9604499999998,14.368571428571434,True,
2026-07-14T16:57:31.170205+00:00,MR_DEEP_VALUE_V1,ETH,ETHUSDT,strategy-lab-v1.0.0:MR_DEEP_VALUE_V1,1783918800000,2026-07-13T05:00:00+00:00,1777.56,1785.4,1772.59,1780.51,29.497973183660676,1807.193,1779.0968514383212,1776.92345,14.565714285714307,False,OPEN_TRADE_EXISTS|CLOSE_NOT_NEAR_OR_BELOW_LOWER_BB
2026-07-14T16:57:31.170205+00:00,MR_DEEP_VALUE_V1,ETH,ETHUSDT,strategy-lab-v1.0.0:MR_DEEP_VALUE_V1,1783922400000,2026-07-13T06:00:00+00:00,1780.56,1782.43,1774.16,1776.36,27.75993576876745,1806.0945,1775.1269205175809,1776.8895499999999,14.66785714285717,False,OPEN_TRADE_EXISTS|CLOSE_NOT_NEAR_OR_BELOW_LOWER_BB|CLOSE_NOT_ABOVE_MA200
2026-07-14T16:57:31.170205+00:00,MR_DEEP_VALUE_V1,ETH,ETHUSDT,strategy-lab-v1.0.0:MR_DEEP_VALUE_V1,1783926000000,2026-07-13T07:00:00+00:00,1776.4,1789.78,1775.01,1785.98,35.24295708073359,1805.261,1773.0933486092015,1776.92275,15.217142857142887,False,OPEN_TRADE_EXISTS|RSI_NOT_BELOW_30|CLOSE_NOT_NEAR_OR_BELOW_LOWER_BB
2026-07-14T16:57:31.170205+00:00,MR_DEEP_VALUE_V1,ETH,ETHUSDT,strategy-lab-v1.0.0:MR_DEEP_VALUE_V1,1783929600000,2026-07-13T08:00:00+00:00,1786.0,1792.08,1782.01,1788.7,34.94776828110159,1804.3965,1771.4341667846472,1777.0108000000002,15.41785714285717,False,OPEN_TRADE_EXISTS|RSI_NOT_BELOW_30|CLOSE_NOT_NEAR_OR_BELOW_LOWER_BB
2026-07-14T16:57:31.170205+00:00,MR_DEEP_VALUE_V1,ETH,ETHUSDT,strategy-lab-v1.0.0:MR_DEEP_VALUE_V1,1783933200000,2026-07-13T09:00:00+00:00,1788.77,1789.0,1783.32,1784.3,33.5490928981675,1803.3715,1769.2679193815377,1777.1070000000002,15.467857142857172,False,OPEN_TRADE_EXISTS|RSI_NOT_BELOW_30|CLOSE_NOT_NEAR_OR_BELOW_LOWER_BB
2026-07-14T16:57:31.170205+00:00,MR_DEEP_VALUE_V1,ETH,ETHUSDT,strategy-lab-v1.0.0:MR_DEEP_VALUE_V1,1783936800000,2026-07-13T10:00:00+00:00,1784.3,1785.24,1775.51,1778.08,31.77892918825559,1801.35,1766.2956775846403,1777.2017500000002,15.754285714285743,False,OPEN_TRADE_EXISTS|RSI_NOT_BELOW_30|CLOSE_NOT_NEAR_OR_BELOW_LOWER_BB
2026-07-14T16:57:31.170205+00:00,MR_DEEP_VALUE_V1,ETH,ETHUSDT,strategy-lab-v1.0.0:MR_DEEP_VALUE_V1,1783940400000,2026-07-13T11:00:00+00:00,1778.09,1783.29,1778.09,1779.2,35.098111810440585,1799.312,1764.0834629313108,1777.2980499999999,15.23785714285717,False,OPEN_TRADE_EXISTS|RSI_NOT_BELOW_30|CLOSE_NOT_NEAR_OR_BELOW_LOWER_BB
2026-07-14T16:57:31.170205+00:00,MR_DEEP_VALUE_V1,ETH,ETHUSDT,strategy-lab-v1.0.0:MR_DEEP_VALUE_V1,1783944000000,2026-07-13T12:00:00+00:00,1779.2,1782.92,1766.51,1770.57,34.71573743477066,1796.8065,1760.8921305777196,1777.3217499999998,15.248571428571463,False,OPEN_TRADE_EXISTS|RSI_NOT_BELOW_30|CLOSE_NOT_NEAR_OR_BELOW_LOWER_BB|CLOSE_NOT_ABOVE_MA200
2026-07-14T16:57:31.170205+00:00,MR_DEEP_VALUE_V1,ETH,ETHUSDT,strategy-lab-v1.0.0:MR_DEEP_VALUE_V1,1783947600000,2026-07-13T13:00:00+00:00,1770.57,1775.01,1761.7,1769.7,33.50529709811151,1794.4315000000001,1757.9479018907123,1777.34935,15.620000000000037,False,OPEN_TRADE_EXISTS|RSI_NOT_BELOW_30|CLOSE_NOT_NEAR_OR_BELOW_LOWER_BB|CLOSE_NOT_ABOVE_MA200
2026-07-14T16:57:31.170205+00:00,MR_DEEP_VALUE_V1,ETH,ETHUSDT,strategy-lab-v1.0.0:MR_DEEP_VALUE_V1,1783951200000,2026-07-13T14:00:00+00:00,1769.75,1780.42,1760.97,1780.0,27.090909090909193,1792.4115000000002,1757.4613587842618,1777.4339000000002,14.040714285714314,False,OPEN_TRADE_EXISTS|CLOSE_NOT_NEAR_OR_BELOW_LOWER_BB
2026-07-14T16:57:31.170205+00:00,MR_DEEP_VALUE_V1,ETH,ETHUSDT,strategy-lab-v1.0.0:MR_DEEP_VALUE_V1,1783954800000,2026-07-13T15:00:00+00:00,1780.05,1785.23,1773.89,1775.39,31.966626936829627,1790.1615000000002,1756.9553353464291,1777.46905,13.097142857142883,False,OPEN_TRADE_EXISTS|RSI_NOT_BELOW_30|CLOSE_NOT_NEAR_OR_BELOW_LOWER_BB|CLOSE_NOT_ABOVE_MA200
2026-07-14T16:57:31.170205+00:00,MR_DEEP_VALUE_V1,ETH,ETHUSDT,strategy-lab-v1.0.0:MR_DEEP_VALUE_V1,1783958400000,2026-07-13T16:00:00+00:00,1775.39,1779.39,1765.52,1770.21,30.09992141012694,1787.658,1756.4207308491907,1777.4904999999999,12.975714285714323,False,OPEN_TRADE_EXISTS|RSI_NOT_BELOW_30|CLOSE_NOT_NEAR_OR_BELOW_LOWER_BB|CLOSE_NOT_ABOVE_MA200
2026-07-14T16:57:31.170205+00:00,MR_DEEP_VALUE_V1,ETH,ETHUSDT,strategy-lab-v1.0.0:MR_DEEP_VALUE_V1,1783962000000,2026-07-13T17:00:00+00:00,1770.21,1774.55,1751.12,1751.67,33.053877450376106,1784.6715,1751.7112061451187,1777.46655,12.375714285714318,False,RSI_NOT_BELOW_30|CLOSE_NOT_ABOVE_MA200
2026-07-14T16:57:31.170205+00:00,MR_DEEP_VALUE_V1,ETH,ETHUSDT,strategy-lab-v1.0.0:MR_DEEP_VALUE_V1,1783965600000,2026-07-13T18:00:00+00:00,1751.67,1765.61,1748.05,1763.09,42.08961796763179,1782.6280000000002,1749.6367832294698,1777.4821,12.993571428571451,False,RSI_NOT_BELOW_30|CLOSE_NOT_NEAR_OR_BELOW_LOWER_BB|CLOSE_NOT_ABOVE_MA200
2026-07-14T16:57:31.170205+00:00,MR_DEEP_VALUE_V1,ETH,ETHUSDT,strategy-lab-v1.0.0:MR_DEEP_VALUE_V1,1783969200000,2026-07-13T19:00:00+00:00,1763.1,1773.48,1762.53,1772.97,46.139668236739745,1781.0010000000002,1749.5086187626255,1777.5539500000002,12.860714285714298,False,RSI_NOT_BELOW_30|CLOSE_NOT_NEAR_OR_BELOW_LOWER_BB|CLOSE_NOT_ABOVE_MA200
2026-07-14T16:57:31.170205+00:00,MR_DEEP_VALUE_V1,ETH,ETHUSDT,strategy-lab-v1.0.0:MR_DEEP_VALUE_V1,1783972800000,2026-07-13T20:00:00+00:00,1773.1,1775.29,1759.8,1765.54,44.64038042401431,1778.0100000000002,1753.3067597267045,1777.56445,13.376428571428587,False,RSI_NOT_BELOW_30|CLOSE_NOT_NEAR_OR_BELOW_LOWER_BB|CLOSE_NOT_ABOVE_MA200
2026-07-14T16:57:31.170205+00:00,MR_DEEP_VALUE_V1,ETH,ETHUSDT,strategy-lab-v1.0.0:MR_DEEP_VALUE_V1,1783976400000,2026-07-13T21:00:00+00:00,1765.6,1765.62,1751.11,1759.9,36.55115511551159,1775.7224999999999,1753.3144667306522,1777.5397,13.357857142857158,False,RSI_NOT_BELOW_30|CLOSE_NOT_NEAR_OR_BELOW_LOWER_BB|CLOSE_NOT_ABOVE_MA200
2026-07-14T16:57:31.170205+00:00,MR_DEEP_VALUE_V1,ETH,ETHUSDT,strategy-lab-v1.0.0:MR_DEEP_VALUE_V1,1783980000000,2026-07-13T22:00:00+00:00,1759.99,1766.6,1753.5,1755.93,33.31636289583547,1773.236,1753.8327256371454,1777.4642000000001,13.574285714285727,False,RSI_NOT_BELOW_30|CLOSE_NOT_NEAR_OR_BELOW_LOWER_BB|CLOSE_NOT_ABOVE_MA200
2026-07-14T16:57:31.170205+00:00,MR_DEEP_VALUE_V1,ETH,ETHUSDT,strategy-lab-v1.0.0:MR_DEEP_VALUE_V1,1783983600000,2026-07-13T23:00:00+00:00,1755.88,1775.8,1753.7,1774.57,45.673632725655835,1773.0065,1753.7811643462273,1777.4716500000002,14.74714285714286,False,RSI_NOT_BELOW_30|CLOSE_NOT_NEAR_OR_BELOW_LOWER_BB|CLOSE_NOT_ABOVE_MA200|TARGET_NOT_ABOVE_ENTRY
2026-07-14T16:57:31.170205+00:00,MR_DEEP_VALUE_V1,ETH,ETHUSDT,strategy-lab-v1.0.0:MR_DEEP_VALUE_V1,1783987200000,2026-07-14T00:00:00+00:00,1774.57,1786.67,1771.36,1784.18,52.632941988950336,1773.3425,1753.5899144730313,1777.5355000000002,15.1457142857143,False,RSI_NOT_BELOW_30|CLOSE_NOT_NEAR_OR_BELOW_LOWER_BB|TARGET_NOT_ABOVE_ENTRY
2026-07-14T16:57:31.170205+00:00,MR_DEEP_VALUE_V1,ETH,ETHUSDT,strategy-lab-v1.0.0:MR_DEEP_VALUE_V1,1783990800000,2026-07-14T01:00:00+00:00,1784.13,1792.62,1781.21,1782.95,51.61707632600259,1773.4645,1753.5072632423671,1777.5602000000001,15.588571428571429,False,RSI_NOT_BELOW_30|CLOSE_NOT_NEAR_OR_BELOW_LOWER_BB|TARGET_NOT_ABOVE_ENTRY
2026-07-14T16:57:31.170205+00:00,MR_DEEP_VALUE_V1,ETH,ETHUSDT,strategy-lab-v1.0.0:MR_DEEP_VALUE_V1,1783994400000,2026-07-14T02:00:00+00:00,1782.94,1787.0,1773.24,1780.76,54.65254314674463,1773.6844999999998,1753.5086287920392,1777.5653499999999,15.399285714285709,False,RSI_NOT_BELOW_30|CLOSE_NOT_NEAR_OR_BELOW_LOWER_BB|TARGET_NOT_ABOVE_ENTRY
2026-07-14T16:57:31.170205+00:00,MR_DEEP_VALUE_V1,ETH,ETHUSDT,strategy-lab-v1.0.0:MR_DEEP_VALUE_V1,1783998000000,2026-07-14T03:00:00+00:00,1780.76,1782.02,1772.71,1781.6,55.434782608695606,1773.4655000000002,1753.7381307126316,1777.5745500000003,15.113571428571422,False,RSI_NOT_BELOW_30|CLOSE_NOT_NEAR_OR_BELOW_LOWER_BB|TARGET_NOT_ABOVE_ENTRY
2026-07-14T16:57:31.170205+00:00,MR_DEEP_VALUE_V1,ETH,ETHUSDT,strategy-lab-v1.0.0:MR_DEEP_VALUE_V1,1784001600000,2026-07-14T04:00:00+00:00,1781.62,1787.7,1780.31,1783.73,51.840884414174326,1773.2169999999999,1754.1493288259887,1777.61485,14.252142857142855,False,RSI_NOT_BELOW_30|CLOSE_NOT_NEAR_OR_BELOW_LOWER_BB|TARGET_NOT_ABOVE_ENTRY
2026-07-14T16:57:31.170205+00:00,MR_DEEP_VALUE_V1,ETH,ETHUSDT,strategy-lab-v1.0.0:MR_DEEP_VALUE_V1,1784005200000,2026-07-14T05:00:00+00:00,1783.72,1791.24,1782.34,1784.89,54.85387287962395,1773.2465,1754.108636718008,1777.6130000000003,14.077857142857154,False,RSI_NOT_BELOW_30|CLOSE_NOT_NEAR_OR_BELOW_LOWER_BB|TARGET_NOT_ABOVE_ENTRY
2026-07-14T16:57:31.170205+00:00,MR_DEEP_VALUE_V1,ETH,ETHUSDT,strategy-lab-v1.0.0:MR_DEEP_VALUE_V1,1784008800000,2026-07-14T06:00:00+00:00,1784.88,1785.33,1779.4,1780.91,55.53486447341198,1773.3880000000001,1754.0682944121756,1777.5770499999999,13.510714285714275,False,RSI_NOT_BELOW_30|CLOSE_NOT_NEAR_OR_BELOW_LOWER_BB|TARGET_NOT_ABOVE_ENTRY
2026-07-14T16:57:31.170205+00:00,MR_DEEP_VALUE_V1,ETH,ETHUSDT,strategy-lab-v1.0.0:MR_DEEP_VALUE_V1,1784012400000,2026-07-14T07:00:00+00:00,1780.91,1783.82,1776.94,1778.59,66.73296867230218,1773.3575,1754.0726978231507,1777.549,12.328571428571406,False,RSI_NOT_BELOW_30|CLOSE_NOT_NEAR_OR_BELOW_LOWER_BB|TARGET_NOT_ABOVE_ENTRY
2026-07-14T16:57:31.170205+00:00,MR_DEEP_VALUE_V1,ETH,ETHUSDT,strategy-lab-v1.0.0:MR_DEEP_VALUE_V1,1784016000000,2026-07-14T08:00:00+00:00,1778.59,1787.8,1776.51,1783.89,63.9935414424112,1774.0235,1754.2557977814768,1777.5092000000002,11.880714285714264,False,RSI_NOT_BELOW_30|CLOSE_NOT_NEAR_OR_BELOW_LOWER_BB|TARGET_NOT_ABOVE_ENTRY
2026-07-14T16:57:31.170205+00:00,MR_DEEP_VALUE_V1,ETH,ETHUSDT,strategy-lab-v1.0.0:MR_DEEP_VALUE_V1,1784019600000,2026-07-14T09:00:00+00:00,1783.89,1787.72,1780.81,1784.18,58.65904526494667,1774.7475,1754.6090364290073,1777.50745,11.592142857142838,False,RSI_NOT_BELOW_30|CLOSE_NOT_NEAR_OR_BELOW_LOWER_BB|TARGET_NOT_ABOVE_ENTRY
2026-07-14T16:57:31.170205+00:00,MR_DEEP_VALUE_V1,ETH,ETHUSDT,strategy-lab-v1.0.0:MR_DEEP_VALUE_V1,1784023200000,2026-07-14T10:00:00+00:00,1784.24,1802.88,1784.06,1798.36,72.95747062115265,1775.6654999999998,1753.1226718943653,1777.58825,11.829999999999993,False,RSI_NOT_BELOW_30|CLOSE_NOT_NEAR_OR_BELOW_LOWER_BB|TARGET_NOT_ABOVE_ENTRY
2026-07-14T16:57:31.170205+00:00,MR_DEEP_VALUE_V1,ETH,ETHUSDT,strategy-lab-v1.0.0:MR_DEEP_VALUE_V1,1784026800000,2026-07-14T11:00:00+00:00,1798.28,1800.9,1793.53,1796.5,77.0310192023632,1776.721,1752.4203235485065,1777.6804000000002,11.320000000000002,False,RSI_NOT_BELOW_30|CLOSE_NOT_NEAR_OR_BELOW_LOWER_BB|TARGET_NOT_ABOVE_ENTRY
2026-07-14T16:57:31.170205+00:00,MR_DEEP_VALUE_V1,ETH,ETHUSDT,strategy-lab-v1.0.0:MR_DEEP_VALUE_V1,1784030400000,2026-07-14T12:00:00+00:00,1796.5,1864.96,1792.38,1859.4,90.85524757166539,1781.1805,1737.9409452034931,1778.0959000000003,15.568571428571431,False,RSI_NOT_BELOW_30|CLOSE_NOT_NEAR_OR_BELOW_LOWER_BB|TARGET_NOT_ABOVE_ENTRY
2026-07-14T16:57:31.170205+00:00,MR_DEEP_VALUE_V1,ETH,ETHUSDT,strategy-lab-v1.0.0:MR_DEEP_VALUE_V1,1784034000000,2026-07-14T13:00:00+00:00,1859.49,1881.4,1853.11,1869.78,90.21711582326593,1787.086,1731.1757170817384,1778.5838,16.010714285714307,False,RSI_NOT_BELOW_30|CLOSE_NOT_NEAR_OR_BELOW_LOWER_BB|TARGET_NOT_ABOVE_ENTRY
2026-07-14T16:57:31.170205+00:00,MR_DEEP_VALUE_V1,ETH,ETHUSDT,strategy-lab-v1.0.0:MR_DEEP_VALUE_V1,1784037600000,2026-07-14T14:00:00+00:00,1869.8,1883.39,1857.92,1879.38,90.21628928692115,1792.9005000000002,1725.23070630296,1779.1417000000001,16.736428571428583,False,RSI_NOT_BELOW_30|CLOSE_NOT_NEAR_OR_BELOW_LOWER_BB|TARGET_NOT_ABOVE_ENTRY
2026-07-14T16:57:31.170205+00:00,MR_DEEP_VALUE_V1,ETH,ETHUSDT,strategy-lab-v1.0.0:MR_DEEP_VALUE_V1,1784041200000,2026-07-14T15:00:00+00:00,1879.46,1888.34,1871.55,1873.71,86.95439739413668,1797.9375,1722.4106465305224,1779.65815,17.120714285714307,False,RSI_NOT_BELOW_30|CLOSE_NOT_NEAR_OR_BELOW_LOWER_BB|TARGET_NOT_ABOVE_ENTRY
2026-07-14T16:57:31.170205+00:00,MR_DEEP_VALUE_V1,ETH,ETHUSDT,strategy-lab-v1.0.0:MR_DEEP_VALUE_V1,1784044800000,2026-07-14T16:00:00+00:00,1873.8,1876.01,1867.58,1873.03,88.03693626844738,1803.312,1722.6483669055262,1780.20375,16.740000000000027,False,RSI_NOT_BELOW_30|CLOSE_NOT_NEAR_OR_BELOW_LOWER_BB|TARGET_NOT_ABOVE_ENTRY
2026-07-14T16:57:31.170205+00:00,MR_DEEP_VALUE_V1,SOL,SOLUSDT,strategy-lab-v1.0.0:MR_DEEP_VALUE_V1,1783828800000,2026-07-12T04:00:00+00:00,76.99,77.03,76.55,76.66,29.370629370629487,77.64099999999999,76.3001659312194,79.64125,0.5592857142857152,False,CLOSE_NOT_NEAR_OR_BELOW_LOWER_BB|CLOSE_NOT_ABOVE_MA200
2026-07-14T16:57:31.170205+00:00,MR_DEEP_VALUE_V1,SOL,SOLUSDT,strategy-lab-v1.0.0:MR_DEEP_VALUE_V1,1783832400000,2026-07-12T05:00:00+00:00,76.65,76.78,76.32,76.39,28.31460674157327,77.57249999999999,76.12708137551685,79.61035,0.52857142857143,False,CLOSE_NOT_NEAR_OR_BELOW_LOWER_BB|CLOSE_NOT_ABOVE_MA200
2026-07-14T16:57:31.170205+00:00,MR_DEEP_VALUE_V1,SOL,SOLUSDT,strategy-lab-v1.0.0:MR_DEEP_VALUE_V1,1783836000000,2026-07-12T06:00:00+00:00,76.38,76.38,75.81,76.3,30.731707317073372,77.4885,75.95499062604665,79.58045,0.5171428571428588,False,RSI_NOT_BELOW_30|CLOSE_NOT_NEAR_OR_BELOW_LOWER_BB|CLOSE_NOT_ABOVE_MA200
2026-07-14T16:57:31.170205+00:00,MR_DEEP_VALUE_V1,SOL,SOLUSDT,strategy-lab-v1.0.0:MR_DEEP_VALUE_V1,1783839600000,2026-07-12T07:00:00+00:00,76.3,76.66,76.25,76.45,30.731707317073372,77.41,75.83323115200648,79.5513,0.5185714285714299,False,RSI_NOT_BELOW_30|CLOSE_NOT_NEAR_OR_BELOW_LOWER_BB|CLOSE_NOT_ABOVE_MA200
2026-07-14T16:57:31.170205+00:00,MR_DEEP_VALUE_V1,SOL,SOLUSDT,strategy-lab-v1.0.0:MR_DEEP_VALUE_V1,1783843200000,2026-07-12T08:00:00+00:00,76.43,76.78,76.42,76.65,34.03263403263426,77.3415,75.75766572836585,79.523,0.5207142857142871,False,RSI_NOT_BELOW_30|CLOSE_NOT_NEAR_OR_BELOW_LOWER_BB|CLOSE_NOT_ABOVE_MA200
2026-07-14T16:57:31.170205+00:00,MR_DEEP_VALUE_V1,SOL,SOLUSDT,strategy-lab-v1.0.0:MR_DEEP_VALUE_V1,1783846800000,2026-07-12T09:00:00+00:00,76.65,76.85,76.34,76.69,33.72365339578462,77.2705,75.70361168234527,79.4971,0.5378571428571429,False,RSI_NOT_BELOW_30|CLOSE_NOT_NEAR_OR_BELOW_LOWER_BB|CLOSE_NOT_ABOVE_MA200
2026-07-14T16:57:31.170205+00:00,MR_DEEP_VALUE_V1,SOL,SOLUSDT,strategy-lab-v1.0.0:MR_DEEP_VALUE_V1,1783850400000,2026-07-12T10:00:00+00:00,76.69,76.81,76.6,76.66,32.863849765258195,77.18199999999999,75.68886102455166,79.46985,0.5407142857142863,False,RSI_NOT_BELOW_30|CLOSE_NOT_NEAR_OR_BELOW_LOWER_BB|CLOSE_NOT_ABOVE_MA200
2026-07-14T16:57:31.170205+00:00,MR_DEEP_VALUE_V1,SOL,SOLUSDT,strategy-lab-v1.0.0:MR_DEEP_VALUE_V1,1783854000000,2026-07-12T11:00:00+00:00,76.66,77.22,76.47,76.88,35.29411764705874,77.11,75.7071600233801,79.44095,0.5807142857142864,False,RSI_NOT_BELOW_30|CLOSE_NOT_NEAR_OR_BELOW_LOWER_BB|CLOSE_NOT_ABOVE_MA200
2026-07-14T16:57:31.170205+00:00,MR_DEEP_VALUE_V1,SOL,SOLUSDT,strategy-lab-v1.0.0:MR_DEEP_VALUE_V1,1783857600000,2026-07-12T12:00:00+00:00,76.88,77.18,76.73,77.13,41.80138568129323,77.07249999999999,75.7146211394226,79.40965,0.5771428571428581,False,RSI_NOT_BELOW_30|CLOSE_NOT_NEAR_OR_BELOW_LOWER_BB|CLOSE_NOT_ABOVE_MA200|TARGET_NOT_ABOVE_ENTRY
2026-07-14T16:57:31.170205+00:00,MR_DEEP_VALUE_V1,SOL,SOLUSDT,strategy-lab-v1.0.0:MR_DEEP_VALUE_V1,1783861200000,2026-07-12T13:00:00+00:00,77.13,77.43,77.07,77.11,55.692307692307764,77.0265,75.74108528092955,79.3787,0.519285714285716,False,RSI_NOT_BELOW_30|CLOSE_NOT_NEAR_OR_BELOW_LOWER_BB|CLOSE_NOT_ABOVE_MA200|TARGET_NOT_ABOVE_ENTRY
2026-07-14T16:57:31.170205+00:00,MR_DEEP_VALUE_V1,SOL,SOLUSDT,strategy-lab-v1.0.0:MR_DEEP_VALUE_V1,1783864800000,2026-07-12T14:00:00+00:00,77.11,77.65,76.92,77.5,74.5762711864407,77.0005,75.77697272200292,79.3538,0.4835714285714303,False,RSI_NOT_BELOW_30|CLOSE_NOT_NEAR_OR_BELOW_LOWER_BB|CLOSE_NOT_ABOVE_MA200|TARGET_NOT_ABOVE_ENTRY
2026-07-14T16:57:31.170205+00:00,MR_DEEP_VALUE_V1,SOL,SOLUSDT,strategy-lab-v1.0.0:MR_DEEP_VALUE_V1,1783868400000,2026-07-12T15:00:00+00:00,77.49,77.56,77.23,77.41,63.63636363636353,76.967,75.82989666256626,79.32765,0.44642857142857345,False,RSI_NOT_BELOW_30|CLOSE_NOT_NEAR_OR_BELOW_LOWER_BB|CLOSE_NOT_ABOVE_MA200|TARGET_NOT_ABOVE_ENTRY
2026-07-14T16:57:31.170205+00:00,MR_DEEP_VALUE_V1,SOL,SOLUSDT,strategy-lab-v1.0.0:MR_DEEP_VALUE_V1,1783872000000,2026-07-12T16:00:00+00:00,77.42,77.62,77.34,77.5,64.70588235294119,76.93599999999999,75.89672332846206,79.30395,0.4457142857142874,False,RSI_NOT_BELOW_30|CLOSE_NOT_NEAR_OR_BELOW_LOWER_BB|CLOSE_NOT_ABOVE_MA200|TARGET_NOT_ABOVE_ENTRY
2026-07-14T16:57:31.170205+00:00,MR_DEEP_VALUE_V1,SOL,SOLUSDT,strategy-lab-v1.0.0:MR_DEEP_VALUE_V1,1783875600000,2026-07-12T17:00:00+00:00,77.5,77.57,77.2,77.31,56.54008438818569,76.89250000000001,76.00312100316965,79.28235,0.4485714285714297,False,RSI_NOT_BELOW_30|CLOSE_NOT_NEAR_OR_BELOW_LOWER_BB|CLOSE_NOT_ABOVE_MA200|TARGET_NOT_ABOVE_ENTRY
2026-07-14T16:57:31.170205+00:00,MR_DEEP_VALUE_V1,SOL,SOLUSDT,strategy-lab-v1.0.0:MR_DEEP_VALUE_V1,1783879200000,2026-07-12T18:00:00+00:00,77.3,77.6,77.18,77.53,69.33333333333343,76.877,76.04527648824686,79.2622,0.44428571428571423,False,RSI_NOT_BELOW_30|CLOSE_NOT_NEAR_OR_BELOW_LOWER_BB|CLOSE_NOT_ABOVE_MA200|TARGET_NOT_ABOVE_ENTRY
2026-07-14T16:57:31.170205+00:00,MR_DEEP_VALUE_V1,SOL,SOLUSDT,strategy-lab-v1.0.0:MR_DEEP_VALUE_V1,1783882800000,2026-07-12T19:00:00+00:00,77.52,77.73,77.39,77.63,79.80769230769221,76.9215,76.03071888210236,79.24164999999999,0.43571428571428533,False,RSI_NOT_BELOW_30|CLOSE_NOT_NEAR_OR_BELOW_LOWER_BB|CLOSE_NOT_ABOVE_MA200|TARGET_NOT_ABOVE_ENTRY
2026-07-14T16:57:31.170205+00:00,MR_DEEP_VALUE_V1,SOL,SOLUSDT,strategy-lab-v1.0.0:MR_DEEP_VALUE_V1,1783886400000,2026-07-12T20:00:00+00:00,77.63,77.68,77.4,77.42,75.4545454545457,76.99,76.16992683253079,79.2212,0.4142857142857141,False,RSI_NOT_BELOW_30|CLOSE_NOT_NEAR_OR_BELOW_LOWER_BB|CLOSE_NOT_ABOVE_MA200|TARGET_NOT_ABOVE_ENTRY
2026-07-14T16:57:31.170205+00:00,MR_DEEP_VALUE_V1,SOL,SOLUSDT,strategy-lab-v1.0.0:MR_DEEP_VALUE_V1,1783890000000,2026-07-12T21:00:00+00:00,77.41,77.69,76.94,77.06,62.65560165975111,77.00399999999999,76.18920186548877,79.1986,0.4385714285714286,False,RSI_NOT_BELOW_30|CLOSE_NOT_NEAR_OR_BELOW_LOWER_BB|CLOSE_NOT_ABOVE_MA200|TARGET_NOT_ABOVE_ENTRY
2026-07-14T16:57:31.170205+00:00,MR_DEEP_VALUE_V1,SOL,SOLUSDT,strategy-lab-v1.0.0:MR_DEEP_VALUE_V1,1783893600000,2026-07-12T22:00:00+00:00,77.05,77.05,76.42,76.72,51.372549019607725,77.0,76.18046354565342,79.1735,0.4585714285714287,False,RSI_NOT_BELOW_30|CLOSE_NOT_NEAR_OR_BELOW_LOWER_BB|CLOSE_NOT_ABOVE_MA200
2026-07-14T16:57:31.170205+00:00,MR_DEEP_VALUE_V1,SOL,SOLUSDT,strategy-lab-v1.0.0:MR_DEEP_VALUE_V1,1783897200000,2026-07-12T23:00:00+00:00,76.72,76.91,76.6,76.88,53.55805243445691,76.994,76.17279600585302,79.14705,0.4442857142857152,False,RSI_NOT_BELOW_30|CLOSE_NOT_NEAR_OR_BELOW_LOWER_BB|CLOSE_NOT_ABOVE_MA200
2026-07-14T16:57:31.170205+00:00,MR_DEEP_VALUE_V1,SOL,SOLUSDT,strategy-lab-v1.0.0:MR_DEEP_VALUE_V1,1783900800000,2026-07-13T00:00:00+00:00,76.86,78.15,76.79,77.47,62.53869969040255,77.0345,76.20334477983775,79.1237,0.5264285714285718,False,RSI_NOT_BELOW_30|CLOSE_NOT_NEAR_OR_BELOW_LOWER_BB|CLOSE_NOT_ABOVE_MA200|TARGET_NOT_ABOVE_ENTRY
2026-07-14T16:57:31.170205+00:00,MR_DEEP_VALUE_V1,SOL,SOLUSDT,strategy-lab-v1.0.0:MR_DEEP_VALUE_V1,1783904400000,2026-07-13T01:00:00+00:00,77.48,77.61,76.22,76.26,42.65402843601905,77.02799999999999,76.17503810166986,79.09270000000001,0.5721428571428575,False,RSI_NOT_BELOW_30|CLOSE_NOT_NEAR_OR_BELOW_LOWER_BB|CLOSE_NOT_ABOVE_MA200
2026-07-14T16:57:31.170205+00:00,MR_DEEP_VALUE_V1,SOL,SOLUSDT,strategy-lab-v1.0.0:MR_DEEP_VALUE_V1,1783908000000,2026-07-13T02:00:00+00:00,76.26,76.62,76.07,76.43,41.54589371980687,77.0345,76.20209444980048,79.06389999999999,0.5792857142857153,False,RSI_NOT_BELOW_30|CLOSE_NOT_NEAR_OR_BELOW_LOWER_BB|CLOSE_NOT_ABOVE_MA200
2026-07-14T16:57:31.170205+00:00,MR_DEEP_VALUE_V1,SOL,SOLUSDT,strategy-lab-v1.0.0:MR_DEEP_VALUE_V1,1783911600000,2026-07-13T03:00:00+00:00,76.43,76.44,75.39,75.82,36.36363636363631,77.003,76.04612801273997,79.03395,0.6285714285714283,False,RSI_NOT_BELOW_30|CLOSE_NOT_ABOVE_MA200
2026-07-14T16:57:31.170205+00:00,MR_DEEP_VALUE_V1,SOL,SOLUSDT,strategy-lab-v1.0.0:MR_DEEP_VALUE_V1,1783915200000,2026-07-13T04:00:00+00:00,75.8,76.09,75.67,75.86,31.278538812785428,76.9635,75.89311175267898,79.0037,0.6064285714285711,False,RSI_NOT_BELOW_30|CLOSE_NOT_ABOVE_MA200
2026-07-14T16:57:31.170205+00:00,MR_DEEP_VALUE_V1,SOL,SOLUSDT,strategy-lab-v1.0.0:MR_DEEP_VALUE_V1,1783918800000,2026-07-13T05:00:00+00:00,75.87,76.41,75.69,76.35,38.912133891213365,76.94649999999999,75.84882472925595,78.97585,0.634285714285714,False,RSI_NOT_BELOW_30|CLOSE_NOT_NEAR_OR_BELOW_LOWER_BB|CLOSE_NOT_ABOVE_MA200
2026-07-14T16:57:31.170205+00:00,MR_DEEP_VALUE_V1,SOL,SOLUSDT,strategy-lab-v1.0.0:MR_DEEP_VALUE_V1,1783922400000,2026-07-13T06:00:00+00:00,76.36,76.56,76.23,76.34,37.65957446808511,76.93050000000001,75.80754897702396,78.9483,0.6378571428571423,False,RSI_NOT_BELOW_30|CLOSE_NOT_NEAR_OR_BELOW_LOWER_BB|CLOSE_NOT_ABOVE_MA200
2026-07-14T16:57:31.170205+00:00,MR_DEEP_VALUE_V1,SOL,SOLUSDT,strategy-lab-v1.0.0:MR_DEEP_VALUE_V1,1783926000000,2026-07-13T07:00:00+00:00,76.33,76.64,76.17,76.39,39.91228070175435,76.90599999999999,75.75859597351108,78.92165,0.6450000000000001,False,RSI_NOT_BELOW_30|CLOSE_NOT_NEAR_OR_BELOW_LOWER_BB|CLOSE_NOT_ABOVE_MA200
2026-07-14T16:57:31.170205+00:00,MR_DEEP_VALUE_V1,SOL,SOLUSDT,strategy-lab-v1.0.0:MR_DEEP_VALUE_V1,1783929600000,2026-07-13T08:00:00+00:00,76.39,76.84,76.31,76.66,40.56399132321033,76.88250000000001,75.73515741820371,78.8988,0.6528571428571439,False,RSI_NOT_BELOW_30|CLOSE_NOT_NEAR_OR_BELOW_LOWER_BB|CLOSE_NOT_ABOVE_MA200
2026-07-14T16:57:31.170205+00:00,MR_DEEP_VALUE_V1,SOL,SOLUSDT,strategy-lab-v1.0.0:MR_DEEP_VALUE_V1,1783933200000,2026-07-13T09:00:00+00:00,76.66,76.67,76.54,76.55,38.3116883116883,76.8545,75.70340530363355,78.8777,0.6378571428571433,False,RSI_NOT_BELOW_30|CLOSE_NOT_NEAR_OR_BELOW_LOWER_BB|CLOSE_NOT_ABOVE_MA200
2026-07-14T16:57:31.170205+00:00,MR_DEEP_VALUE_V1,SOL,SOLUSDT,strategy-lab-v1.0.0:MR_DEEP_VALUE_V1,1783936800000,2026-07-13T10:00:00+00:00,76.56,76.56,76.03,76.22,37.341772151898695,76.7905,75.64777562378192,78.8573,0.6557142857142862,False,RSI_NOT_BELOW_30|CLOSE_NOT_NEAR_OR_BELOW_LOWER_BB|CLOSE_NOT_ABOVE_MA200
2026-07-14T16:57:31.170205+00:00,MR_DEEP_VALUE_V1,SOL,SOLUSDT,strategy-lab-v1.0.0:MR_DEEP_VALUE_V1,1783940400000,2026-07-13T11:00:00+00:00,76.22,76.5,76.22,76.28,41.216216216216196,76.73400000000001,75.60776023866897,78.83625,0.6221428571428577,False,RSI_NOT_BELOW_30|CLOSE_NOT_NEAR_OR_BELOW_LOWER_BB|CLOSE_NOT_ABOVE_MA200
2026-07-14T16:57:31.170205+00:00,MR_DEEP_VALUE_V1,SOL,SOLUSDT,strategy-lab-v1.0.0:MR_DEEP_VALUE_V1,1783944000000,2026-07-13T12:00:00+00:00,76.3,76.33,75.67,75.79,39.86928104575169,76.6485,75.5083022101394,78.81255,0.6235714285714289,False,RSI_NOT_BELOW_30|CLOSE_NOT_NEAR_OR_BELOW_LOWER_BB|CLOSE_NOT_ABOVE_MA200
2026-07-14T16:57:31.170205+00:00,MR_DEEP_VALUE_V1,SOL,SOLUSDT,strategy-lab-v1.0.0:MR_DEEP_VALUE_V1,1783947600000,2026-07-13T13:00:00+00:00,75.79,75.87,75.03,75.32,34.08163265306122,76.549,75.31372027459244,78.78715,0.6614285714285718,False,RSI_NOT_BELOW_30|CLOSE_NOT_NEAR_OR_BELOW_LOWER_BB|CLOSE_NOT_ABOVE_MA200
2026-07-14T16:57:31.170205+00:00,MR_DEEP_VALUE_V1,SOL,SOLUSDT,strategy-lab-v1.0.0:MR_DEEP_VALUE_V1,1783951200000,2026-07-13T14:00:00+00:00,75.31,76.11,75.28,76.08,36.29191321499015,76.4765,75.31184940861948,78.7649,0.6235714285714289,False,RSI_NOT_BELOW_30|CLOSE_NOT_NEAR_OR_BELOW_LOWER_BB|CLOSE_NOT_ABOVE_MA200
2026-07-14T16:57:31.170205+00:00,MR_DEEP_VALUE_V1,SOL,SOLUSDT,strategy-lab-v1.0.0:MR_DEEP_VALUE_V1,1783954800000,2026-07-13T15:00:00+00:00,76.09,76.25,75.68,75.74,43.80952380952372,76.382,75.30354555033463,78.74045,0.5649999999999997,False,RSI_NOT_BELOW_30|CLOSE_NOT_NEAR_OR_BELOW_LOWER_BB|CLOSE_NOT_ABOVE_MA200
2026-07-14T16:57:31.170205+00:00,MR_DEEP_VALUE_V1,SOL,SOLUSDT,strategy-lab-v1.0.0:MR_DEEP_VALUE_V1,1783958400000,2026-07-13T16:00:00+00:00,75.74,75.96,75.12,75.21,36.622807017543764,76.2715,75.18824056662172,78.7144,0.5857142857142839,False,RSI_NOT_BELOW_30|CLOSE_NOT_NEAR_OR_BELOW_LOWER_BB|CLOSE_NOT_ABOVE_MA200
2026-07-14T16:57:31.170205+00:00,MR_DEEP_VALUE_V1,SOL,SOLUSDT,strategy-lab-v1.0.0:MR_DEEP_VALUE_V1,1783962000000,2026-07-13T17:00:00+00:00,75.22,75.39,74.44,74.51,35.91397849462376,76.144,74.8772498273128,78.6878,0.5785714285714272,False,RSI_NOT_BELOW_30|CLOSE_NOT_ABOVE_MA200
2026-07-14T16:57:31.170205+00:00,MR_DEEP_VALUE_V1,SOL,SOLUSDT,strategy-lab-v1.0.0:MR_DEEP_VALUE_V1,1783965600000,2026-07-13T18:00:00+00:00,74.52,74.96,74.48,74.77,38.80903490759744,76.04650000000001,74.67615296366101,78.6598,0.5828571428571406,False,RSI_NOT_BELOW_30|CLOSE_NOT_NEAR_OR_BELOW_LOWER_BB|CLOSE_NOT_ABOVE_MA200
2026-07-14T16:57:31.170205+00:00,MR_DEEP_VALUE_V1,SOL,SOLUSDT,strategy-lab-v1.0.0:MR_DEEP_VALUE_V1,1783969200000,2026-07-13T19:00:00+00:00,74.78,75.17,74.66,75.1,36.730360934182535,75.9575,74.58403904314571,78.63285,0.5678571428571411,False,RSI_NOT_BELOW_30|CLOSE_NOT_NEAR_OR_BELOW_LOWER_BB|CLOSE_NOT_ABOVE_MA200
2026-07-14T16:57:31.170205+00:00,MR_DEEP_VALUE_V1,SOL,SOLUSDT,strategy-lab-v1.0.0:MR_DEEP_VALUE_V1,1783972800000,2026-07-13T20:00:00+00:00,75.1,75.26,74.52,74.72,34.05511811023612,75.82000000000001,74.53177641692015,78.6029,0.5971428571428561,False,RSI_NOT_BELOW_30|CLOSE_NOT_NEAR_OR_BELOW_LOWER_BB|CLOSE_NOT_ABOVE_MA200
2026-07-14T16:57:31.170205+00:00,MR_DEEP_VALUE_V1,SOL,SOLUSDT,strategy-lab-v1.0.0:MR_DEEP_VALUE_V1,1783976400000,2026-07-13T21:00:00+00:00,74.73,74.73,74.02,74.34,31.053604436229165,75.72399999999999,74.30202391018585,78.56875,0.6142857142857139,False,RSI_NOT_BELOW_30|CLOSE_NOT_NEAR_OR_BELOW_LOWER_BB|CLOSE_NOT_ABOVE_MA200
2026-07-14T16:57:31.170205+00:00,MR_DEEP_VALUE_V1,SOL,SOLUSDT,strategy-lab-v1.0.0:MR_DEEP_VALUE_V1,1783980000000,2026-07-13T22:00:00+00:00,74.33,74.65,74.32,74.41,28.40690978886748,75.623,74.13073862879082,78.53395,0.6000000000000004,False,CLOSE_NOT_NEAR_OR_BELOW_LOWER_BB|CLOSE_NOT_ABOVE_MA200
2026-07-14T16:57:31.170205+00:00,MR_DEEP_VALUE_V1,SOL,SOLUSDT,strategy-lab-v1.0.0:MR_DEEP_VALUE_V1,1783983600000,2026-07-13T23:00:00+00:00,74.42,74.92,74.31,74.91,35.357142857142804,75.5775,74.056817587396,78.5021,0.634285714285715,False,RSI_NOT_BELOW_30|CLOSE_NOT_NEAR_OR_BELOW_LOWER_BB|CLOSE_NOT_ABOVE_MA200
2026-07-14T16:57:31.170205+00:00,MR_DEEP_VALUE_V1,SOL,SOLUSDT,strategy-lab-v1.0.0:MR_DEEP_VALUE_V1,1783987200000,2026-07-14T00:00:00+00:00,74.92,75.4,74.73,75.35,42.381786339754754,75.55199999999999,74.03401976297346,78.47375,0.644285714285715,False,RSI_NOT_BELOW_30|CLOSE_NOT_NEAR_OR_BELOW_LOWER_BB|CLOSE_NOT_ABOVE_MA200
2026-07-14T16:57:31.170205+00:00,MR_DEEP_VALUE_V1,SOL,SOLUSDT,strategy-lab-v1.0.0:MR_DEEP_VALUE_V1,1783990800000,2026-07-14T01:00:00+00:00,75.36,75.46,75.13,75.22,40.83044982698956,75.4955,74.01692670117335,78.4445,0.6478571428571434,False,RSI_NOT_BELOW_30|CLOSE_NOT_NEAR_OR_BELOW_LOWER_BB|CLOSE_NOT_ABOVE_MA200
2026-07-14T16:57:31.170205+00:00,MR_DEEP_VALUE_V1,SOL,SOLUSDT,strategy-lab-v1.0.0:MR_DEEP_VALUE_V1,1783994400000,2026-07-14T02:00:00+00:00,75.21,75.25,74.79,74.98,42.67631103074135,75.4275,73.98590539679036,78.41475,0.6335714285714289,False,RSI_NOT_BELOW_30|CLOSE_NOT_NEAR_OR_BELOW_LOWER_BB|CLOSE_NOT_ABOVE_MA200
2026-07-14T16:57:31.170205+00:00,MR_DEEP_VALUE_V1,SOL,SOLUSDT,strategy-lab-v1.0.0:MR_DEEP_VALUE_V1,1783998000000,2026-07-14T03:00:00+00:00,74.99,75.1,74.47,75.07,47.57281553398056,75.3615,73.98271393972699,78.38525,0.6185714285714283,False,RSI_NOT_BELOW_30|CLOSE_NOT_NEAR_OR_BELOW_LOWER_BB|CLOSE_NOT_ABOVE_MA200
2026-07-14T16:57:31.170205+00:00,MR_DEEP_VALUE_V1,SOL,SOLUSDT,strategy-lab-v1.0.0:MR_DEEP_VALUE_V1,1784001600000,2026-07-14T04:00:00+00:00,75.07,75.26,74.95,75.05,38.32199546485243,75.28099999999999,74.03307532278458,78.35545,0.5814285714285715,False,RSI_NOT_BELOW_30|CLOSE_NOT_NEAR_OR_BELOW_LOWER_BB|CLOSE_NOT_ABOVE_MA200
2026-07-14T16:57:31.170205+00:00,MR_DEEP_VALUE_V1,SOL,SOLUSDT,strategy-lab-v1.0.0:MR_DEEP_VALUE_V1,1784005200000,2026-07-14T05:00:00+00:00,75.05,75.4,75.01,75.32,45.16129032258054,75.2195,74.11477424217446,78.32345000000001,0.5685714285714292,False,RSI_NOT_BELOW_30|CLOSE_NOT_NEAR_OR_BELOW_LOWER_BB|CLOSE_NOT_ABOVE_MA200|TARGET_NOT_ABOVE_ENTRY
2026-07-14T16:57:31.170205+00:00,MR_DEEP_VALUE_V1,SOL,SOLUSDT,strategy-lab-v1.0.0:MR_DEEP_VALUE_V1,1784008800000,2026-07-14T06:00:00+00:00,75.31,75.35,75.01,75.06,48.157248157248226,75.1615,74.15559195251096,78.29,0.5328571428571435,False,RSI_NOT_BELOW_30|CLOSE_NOT_NEAR_OR_BELOW_LOWER_BB|CLOSE_NOT_ABOVE_MA200
2026-07-14T16:57:31.170205+00:00,MR_DEEP_VALUE_V1,SOL,SOLUSDT,strategy-lab-v1.0.0:MR_DEEP_VALUE_V1,1784012400000,2026-07-14T07:00:00+00:00,75.04,75.16,74.8,74.88,55.21126760563375,75.0915,74.22093064606935,78.2568,0.49071428571428605,False,RSI_NOT_BELOW_30|CLOSE_NOT_NEAR_OR_BELOW_LOWER_BB|CLOSE_NOT_ABOVE_MA200
2026-07-14T16:57:31.170205+00:00,MR_DEEP_VALUE_V1,SOL,SOLUSDT,strategy-lab-v1.0.0:MR_DEEP_VALUE_V1,1784016000000,2026-07-14T08:00:00+00:00,74.85,75.3,74.76,75.07,54.310344827586235,75.0555,74.24604400984164,78.22155,0.4950000000000005,False,RSI_NOT_BELOW_30|CLOSE_NOT_NEAR_OR_BELOW_LOWER_BB|CLOSE_NOT_ABOVE_MA200|TARGET_NOT_ABOVE_ENTRY
2026-07-14T16:57:31.170205+00:00,MR_DEEP_VALUE_V1,SOL,SOLUSDT,strategy-lab-v1.0.0:MR_DEEP_VALUE_V1,1784019600000,2026-07-14T09:00:00+00:00,75.07,75.21,74.8,74.99,48.297213622291004,75.039,74.23837774200112,78.18915,0.4878571428571427,False,RSI_NOT_BELOW_30|CLOSE_NOT_NEAR_OR_BELOW_LOWER_BB|CLOSE_NOT_ABOVE_MA200
2026-07-14T16:57:31.170205+00:00,MR_DEEP_VALUE_V1,SOL,SOLUSDT,strategy-lab-v1.0.0:MR_DEEP_VALUE_V1,1784023200000,2026-07-14T10:00:00+00:00,75.0,75.5,74.89,75.37,60.06191950464417,75.0035,74.33932306573982,78.1614,0.47857142857142776,False,RSI_NOT_BELOW_30|CLOSE_NOT_NEAR_OR_BELOW_LOWER_BB|CLOSE_NOT_ABOVE_MA200|TARGET_NOT_ABOVE_ENTRY
2026-07-14T16:57:31.170205+00:00,MR_DEEP_VALUE_V1,SOL,SOLUSDT,strategy-lab-v1.0.0:MR_DEEP_VALUE_V1,1784026800000,2026-07-14T11:00:00+00:00,75.37,75.5,75.24,75.31,66.66666666666683,74.982,74.39074371039011,78.1343,0.4464285714285704,False,RSI_NOT_BELOW_30|CLOSE_NOT_NEAR_OR_BELOW_LOWER_BB|CLOSE_NOT_ABOVE_MA200|TARGET_NOT_ABOVE_ENTRY
2026-07-14T16:57:31.170205+00:00,MR_DEEP_VALUE_V1,SOL,SOLUSDT,strategy-lab-v1.0.0:MR_DEEP_VALUE_V1,1784030400000,2026-07-14T12:00:00+00:00,75.31,76.88,75.1,76.78,77.49419953596309,75.06049999999999,74.08014343221292,78.1145,0.5499999999999982,False,RSI_NOT_BELOW_30|CLOSE_NOT_NEAR_OR_BELOW_LOWER_BB|CLOSE_NOT_ABOVE_MA200|TARGET_NOT_ABOVE_ENTRY
2026-07-14T16:57:31.170205+00:00,MR_DEEP_VALUE_V1,SOL,SOLUSDT,strategy-lab-v1.0.0:MR_DEEP_VALUE_V1,1784034000000,2026-07-14T13:00:00+00:00,76.79,77.67,76.45,76.87,75.12820512820538,75.1785,73.95389761554894,78.0971,0.5935714285714268,False,RSI_NOT_BELOW_30|CLOSE_NOT_NEAR_OR_BELOW_LOWER_BB|CLOSE_NOT_ABOVE_MA200|TARGET_NOT_ABOVE_ENTRY
2026-07-14T16:57:31.170205+00:00,MR_DEEP_VALUE_V1,SOL,SOLUSDT,strategy-lab-v1.0.0:MR_DEEP_VALUE_V1,1784037600000,2026-07-14T14:00:00+00:00,76.88,77.43,76.61,77.28,74.93540051679611,75.304,73.79187037592565,78.082,0.6042857142857129,False,RSI_NOT_BELOW_30|CLOSE_NOT_NEAR_OR_BELOW_LOWER_BB|CLOSE_NOT_ABOVE_MA200|TARGET_NOT_ABOVE_ENTRY
2026-07-14T16:57:31.170205+00:00,MR_DEEP_VALUE_V1,SOL,SOLUSDT,strategy-lab-v1.0.0:MR_DEEP_VALUE_V1,1784041200000,2026-07-14T15:00:00+00:00,77.28,77.86,77.12,77.31,77.71883289124686,75.4145,73.67261050867077,78.06479999999999,0.6335714285714269,False,RSI_NOT_BELOW_30|CLOSE_NOT_NEAR_OR_BELOW_LOWER_BB|CLOSE_NOT_ABOVE_MA200|TARGET_NOT_ABOVE_ENTRY
2026-07-14T16:57:31.170205+00:00,MR_DEEP_VALUE_V1,SOL,SOLUSDT,strategy-lab-v1.0.0:MR_DEEP_VALUE_V1,1784044800000,2026-07-14T16:00:00+00:00,77.33,77.6,77.06,77.37,83.28690807799454,75.547,73.64114481137648,78.04965,0.6392857142857125,False,RSI_NOT_BELOW_30|CLOSE_NOT_NEAR_OR_BELOW_LOWER_BB|CLOSE_NOT_ABOVE_MA200|TARGET_NOT_ABOVE_ENTRY
2026-07-14T16:57:31.170205+00:00,MR_DEEP_VALUE_V1,XRP,XRPUSDT,strategy-lab-v1.0.0:MR_DEEP_VALUE_V1,1783828800000,2026-07-12T04:00:00+00:00,1.099,1.0994,1.0938,1.0948,30.387931034482946,1.106555,1.0914522221098313,1.1185885,0.0060714285714285375,False,RSI_NOT_BELOW_30|CLOSE_NOT_NEAR_OR_BELOW_LOWER_BB|CLOSE_NOT_ABOVE_MA200
2026-07-14T16:57:31.170205+00:00,MR_DEEP_VALUE_V1,XRP,XRPUSDT,strategy-lab-v1.0.0:MR_DEEP_VALUE_V1,1783832400000,2026-07-12T05:00:00+00:00,1.0949,1.0959,1.0931,1.0938,30.12820512820535,1.1059700000000001,1.0898752679425918,1.1183955,0.005635714285714267,False,RSI_NOT_BELOW_30|CLOSE_NOT_NEAR_OR_BELOW_LOWER_BB|CLOSE_NOT_ABOVE_MA200
2026-07-14T16:57:31.170205+00:00,MR_DEEP_VALUE_V1,XRP,XRPUSDT,strategy-lab-v1.0.0:MR_DEEP_VALUE_V1,1783836000000,2026-07-12T06:00:00+00:00,1.0937,1.0937,1.086,1.0909,28.65853658536598,1.10512,1.0877756522175157,1.1182045,0.005828571428571421,False,CLOSE_NOT_NEAR_OR_BELOW_LOWER_BB|CLOSE_NOT_ABOVE_MA200
2026-07-14T16:57:31.170205+00:00,MR_DEEP_VALUE_V1,XRP,XRPUSDT,strategy-lab-v1.0.0:MR_DEEP_VALUE_V1,1783839600000,2026-07-12T07:00:00+00:00,1.0908,1.0928,1.0896,1.0908,25.26539278131655,1.104285,1.0859024784101916,1.1179890000000001,0.005649999999999996,False,CLOSE_NOT_NEAR_OR_BELOW_LOWER_BB|CLOSE_NOT_ABOVE_MA200
2026-07-14T16:57:31.170205+00:00,MR_DEEP_VALUE_V1,XRP,XRPUSDT,strategy-lab-v1.0.0:MR_DEEP_VALUE_V1,1783843200000,2026-07-12T08:00:00+00:00,1.0907,1.0943,1.0904,1.0932,25.581395348837376,1.103555,1.0846370217782193,1.1177515,0.005607142857142858,False,CLOSE_NOT_NEAR_OR_BELOW_LOWER_BB|CLOSE_NOT_ABOVE_MA200
2026-07-14T16:57:31.170205+00:00,MR_DEEP_VALUE_V1,XRP,XRPUSDT,strategy-lab-v1.0.0:MR_DEEP_VALUE_V1,1783846800000,2026-07-12T09:00:00+00:00,1.0932,1.0962,1.0899,1.0942,27.991452991453343,1.102865,1.0836416522166463,1.1175615,0.005692857142857134,False,CLOSE_NOT_NEAR_OR_BELOW_LOWER_BB|CLOSE_NOT_ABOVE_MA200
2026-07-14T16:57:31.170205+00:00,MR_DEEP_VALUE_V1,XRP,XRPUSDT,strategy-lab-v1.0.0:MR_DEEP_VALUE_V1,1783850400000,2026-07-12T10:00:00+00:00,1.0941,1.0955,1.093,1.094,28.54030501089366,1.1019150000000002,1.0829123396599383,1.1173585,0.005685714285714278,False,CLOSE_NOT_NEAR_OR_BELOW_LOWER_BB|CLOSE_NOT_ABOVE_MA200
2026-07-14T16:57:31.170205+00:00,MR_DEEP_VALUE_V1,XRP,XRPUSDT,strategy-lab-v1.0.0:MR_DEEP_VALUE_V1,1783854000000,2026-07-12T11:00:00+00:00,1.0939,1.0979,1.0922,1.0957,30.655391120507232,1.10108,1.082531404365835,1.117153,0.0059071428571428565,False,RSI_NOT_BELOW_30|CLOSE_NOT_NEAR_OR_BELOW_LOWER_BB|CLOSE_NOT_ABOVE_MA200
2026-07-14T16:57:31.170205+00:00,MR_DEEP_VALUE_V1,XRP,XRPUSDT,strategy-lab-v1.0.0:MR_DEEP_VALUE_V1,1783857600000,2026-07-12T12:00:00+00:00,1.0957,1.0995,1.0953,1.0985,38.963963963963984,1.1004099999999999,1.0825166604570369,1.11691,0.005649999999999996,False,RSI_NOT_BELOW_30|CLOSE_NOT_NEAR_OR_BELOW_LOWER_BB|CLOSE_NOT_ABOVE_MA200
2026-07-14T16:57:31.170205+00:00,MR_DEEP_VALUE_V1,XRP,XRPUSDT,strategy-lab-v1.0.0:MR_DEEP_VALUE_V1,1783861200000,2026-07-12T13:00:00+00:00,1.0985,1.1008,1.0965,1.0977,52.42424242424213,1.09959,1.0828130038445567,1.116706,0.005042857142857142,False,RSI_NOT_BELOW_30|CLOSE_NOT_NEAR_OR_BELOW_LOWER_BB|CLOSE_NOT_ABOVE_MA200
2026-07-14T16:57:31.170205+00:00,MR_DEEP_VALUE_V1,XRP,XRPUSDT,strategy-lab-v1.0.0:MR_DEEP_VALUE_V1,1783864800000,2026-07-12T14:00:00+00:00,1.0977,1.1032,1.0953,1.1012,63.41463414634118,1.098835,1.0838730114958017,1.1165275,0.004921428571428569,False,RSI_NOT_BELOW_30|CLOSE_NOT_NEAR_OR_BELOW_LOWER_BB|CLOSE_NOT_ABOVE_MA200|TARGET_NOT_ABOVE_ENTRY
2026-07-14T16:57:31.170205+00:00,MR_DEEP_VALUE_V1,XRP,XRPUSDT,strategy-lab-v1.0.0:MR_DEEP_VALUE_V1,1783868400000,2026-07-12T15:00:00+00:00,1.1011,1.1026,1.0991,1.1013,55.88235294117616,1.09816,1.0850345438174607,1.1163415,0.004714285714285719,False,RSI_NOT_BELOW_30|CLOSE_NOT_NEAR_OR_BELOW_LOWER_BB|CLOSE_NOT_ABOVE_MA200|TARGET_NOT_ABOVE_ENTRY
2026-07-14T16:57:31.170205+00:00,MR_DEEP_VALUE_V1,XRP,XRPUSDT,strategy-lab-v1.0.0:MR_DEEP_VALUE_V1,1783872000000,2026-07-12T16:00:00+00:00,1.1013,1.1032,1.0992,1.1011,61.53846153846153,1.09753,1.0863890664664149,1.1161425,0.004721428571428575,False,RSI_NOT_BELOW_30|CLOSE_NOT_NEAR_OR_BELOW_LOWER_BB|CLOSE_NOT_ABOVE_MA200|TARGET_NOT_ABOVE_ENTRY
2026-07-14T16:57:31.170205+00:00,MR_DEEP_VALUE_V1,XRP,XRPUSDT,strategy-lab-v1.0.0:MR_DEEP_VALUE_V1,1783875600000,2026-07-12T17:00:00+00:00,1.1011,1.102,1.0968,1.0979,47.52066115702507,1.096725,1.0885211289625105,1.1159515,0.004778571428571442,False,RSI_NOT_BELOW_30|CLOSE_NOT_NEAR_OR_BELOW_LOWER_BB|CLOSE_NOT_ABOVE_MA200|TARGET_NOT_ABOVE_ENTRY
2026-07-14T16:57:31.170205+00:00,MR_DEEP_VALUE_V1,XRP,XRPUSDT,strategy-lab-v1.0.0:MR_DEEP_VALUE_V1,1783879200000,2026-07-12T18:00:00+00:00,1.0979,1.1009,1.0966,1.1002,62.16216216216232,1.09632,1.0898187385839546,1.115749,0.004685714285714309,False,RSI_NOT_BELOW_30|CLOSE_NOT_NEAR_OR_BELOW_LOWER_BB|CLOSE_NOT_ABOVE_MA200|TARGET_NOT_ABOVE_ENTRY
2026-07-14T16:57:31.170205+00:00,MR_DEEP_VALUE_V1,XRP,XRPUSDT,strategy-lab-v1.0.0:MR_DEEP_VALUE_V1,1783882800000,2026-07-12T19:00:00+00:00,1.1002,1.101,1.0976,1.0997,63.5944700460823,1.0965,1.0898357671109302,1.115551,0.004728571428571447,False,RSI_NOT_BELOW_30|CLOSE_NOT_NEAR_OR_BELOW_LOWER_BB|CLOSE_NOT_ABOVE_MA200|TARGET_NOT_ABOVE_ENTRY
2026-07-14T16:57:31.170205+00:00,MR_DEEP_VALUE_V1,XRP,XRPUSDT,strategy-lab-v1.0.0:MR_DEEP_VALUE_V1,1783886400000,2026-07-12T20:00:00+00:00,1.0998,1.1005,1.0981,1.0987,69.69696969696973,1.0968149999999999,1.0903635583006772,1.1153095,0.004342857142857156,False,RSI_NOT_BELOW_30|CLOSE_NOT_NEAR_OR_BELOW_LOWER_BB|CLOSE_NOT_ABOVE_MA200|TARGET_NOT_ABOVE_ENTRY
2026-07-14T16:57:31.170205+00:00,MR_DEEP_VALUE_V1,XRP,XRPUSDT,strategy-lab-v1.0.0:MR_DEEP_VALUE_V1,1783890000000,2026-07-12T21:00:00+00:00,1.0987,1.1004,1.0928,1.0936,55.64516129032238,1.09659,1.0900207078007018,1.1150165,0.0046571428571428675,False,RSI_NOT_BELOW_30|CLOSE_NOT_NEAR_OR_BELOW_LOWER_BB|CLOSE_NOT_ABOVE_MA200
2026-07-14T16:57:31.170205+00:00,MR_DEEP_VALUE_V1,XRP,XRPUSDT,strategy-lab-v1.0.0:MR_DEEP_VALUE_V1,1783893600000,2026-07-12T22:00:00+00:00,1.0936,1.0936,1.0803,1.0858,37.748344370861176,1.09611,1.088033144176119,1.1145815000000001,0.005328571428571428,False,RSI_NOT_BELOW_30|CLOSE_NOT_ABOVE_MA200
2026-07-14T16:57:31.170205+00:00,MR_DEEP_VALUE_V1,XRP,XRPUSDT,strategy-lab-v1.0.0:MR_DEEP_VALUE_V1,1783897200000,2026-07-12T23:00:00+00:00,1.0858,1.0869,1.0831,1.0854,35.13513513513493,1.095425,1.0862319863483318,1.1141505,0.0051500000000000035,False,RSI_NOT_BELOW_30|CLOSE_NOT_ABOVE_MA200
2026-07-14T16:57:31.170205+00:00,MR_DEEP_VALUE_V1,XRP,XRPUSDT,strategy-lab-v1.0.0:MR_DEEP_VALUE_V1,1783900800000,2026-07-13T00:00:00+00:00,1.0853,1.1023,1.0828,1.0925,47.945205479451985,1.09531,1.0860314440778882,1.1137469999999998,0.006364285714285727,False,RSI_NOT_BELOW_30|CLOSE_NOT_NEAR_OR_BELOW_LOWER_BB|CLOSE_NOT_ABOVE_MA200
2026-07-14T16:57:31.170205+00:00,MR_DEEP_VALUE_V1,XRP,XRPUSDT,strategy-lab-v1.0.0:MR_DEEP_VALUE_V1,1783904400000,2026-07-13T01:00:00+00:00,1.0925,1.0935,1.0791,1.0802,33.545647558386705,1.09463,1.0832524607229965,1.1132465,0.006985714285714294,False,RSI_NOT_BELOW_30|CLOSE_NOT_ABOVE_MA200
2026-07-14T16:57:31.170205+00:00,MR_DEEP_VALUE_V1,XRP,XRPUSDT,strategy-lab-v1.0.0:MR_DEEP_VALUE_V1,1783908000000,2026-07-13T02:00:00+00:00,1.0802,1.0829,1.076,1.0792,28.697571743929416,1.094045,1.0808953270002726,1.1127725,0.007178571428571431,False,CLOSE_NOT_ABOVE_MA200
2026-07-14T16:57:31.170205+00:00,MR_DEEP_VALUE_V1,XRP,XRPUSDT,strategy-lab-v1.0.0:MR_DEEP_VALUE_V1,1783911600000,2026-07-13T03:00:00+00:00,1.0791,1.0791,1.0667,1.0717,25.000000000000213,1.09309,1.0767492656223852,1.1122935,0.007764285714285716,False,CLOSE_NOT_ABOVE_MA200
2026-07-14T16:57:31.170205+00:00,MR_DEEP_VALUE_V1,XRP,XRPUSDT,strategy-lab-v1.0.0:MR_DEEP_VALUE_V1,1783915200000,2026-07-13T04:00:00+00:00,1.0715,1.075,1.0694,1.072,20.081967213114837,1.09203,1.0732821894611728,1.1118435,0.0076000000000000035,False,CLOSE_NOT_ABOVE_MA200
2026-07-14T16:57:31.170205+00:00,MR_DEEP_VALUE_V1,XRP,XRPUSDT,strategy-lab-v1.0.0:MR_DEEP_VALUE_V1,1783918800000,2026-07-13T05:00:00+00:00,1.072,1.0782,1.0695,1.0755,25.287356321838942,1.091095,1.0710527970272787,1.111396,0.007971428571428582,False,CLOSE_NOT_NEAR_OR_BELOW_LOWER_BB|CLOSE_NOT_ABOVE_MA200
2026-07-14T16:57:31.170205+00:00,MR_DEEP_VALUE_V1,XRP,XRPUSDT,strategy-lab-v1.0.0:MR_DEEP_VALUE_V1,1783922400000,2026-07-13T06:00:00+00:00,1.0755,1.0772,1.0741,1.0771,27.611940298507392,1.09025,1.0693617736511747,1.110975,0.007907142857142859,False,CLOSE_NOT_NEAR_OR_BELOW_LOWER_BB|CLOSE_NOT_ABOVE_MA200
2026-07-14T16:57:31.170205+00:00,MR_DEEP_VALUE_V1,XRP,XRPUSDT,strategy-lab-v1.0.0:MR_DEEP_VALUE_V1,1783926000000,2026-07-13T07:00:00+00:00,1.0771,1.0809,1.0757,1.0788,31.66986564299414,1.089405,1.0681037817249868,1.1105875,0.007907142857142843,False,RSI_NOT_BELOW_30|CLOSE_NOT_NEAR_OR_BELOW_LOWER_BB|CLOSE_NOT_ABOVE_MA200
2026-07-14T16:57:31.170205+00:00,MR_DEEP_VALUE_V1,XRP,XRPUSDT,strategy-lab-v1.0.0:MR_DEEP_VALUE_V1,1783929600000,2026-07-13T08:00:00+00:00,1.0788,1.0823,1.0777,1.079,28.799999999999912,1.08843,1.0670981365089742,1.1102400000000001,0.007928571428571412,False,CLOSE_NOT_NEAR_OR_BELOW_LOWER_BB|CLOSE_NOT_ABOVE_MA200
2026-07-14T16:57:31.170205+00:00,MR_DEEP_VALUE_V1,XRP,XRPUSDT,strategy-lab-v1.0.0:MR_DEEP_VALUE_V1,1783933200000,2026-07-13T09:00:00+00:00,1.079,1.0798,1.0776,1.0778,28.4023668639054,1.087435,1.0660691136387987,1.1099075,0.007842857142857136,False,CLOSE_NOT_NEAR_OR_BELOW_LOWER_BB|CLOSE_NOT_ABOVE_MA200
2026-07-14T16:57:31.170205+00:00,MR_DEEP_VALUE_V1,XRP,XRPUSDT,strategy-lab-v1.0.0:MR_DEEP_VALUE_V1,1783936800000,2026-07-13T10:00:00+00:00,1.0778,1.0784,1.0749,1.0771,28.5714285714285,1.08623,1.0653934839764474,1.1096110000000001,0.00792142857142857,False,CLOSE_NOT_NEAR_OR_BELOW_LOWER_BB|CLOSE_NOT_ABOVE_MA200
2026-07-14T16:57:31.170205+00:00,MR_DEEP_VALUE_V1,XRP,XRPUSDT,strategy-lab-v1.0.0:MR_DEEP_VALUE_V1,1783940400000,2026-07-13T11:00:00+00:00,1.0771,1.0802,1.0764,1.0765,31.372549019607888,1.08499,1.0649519462022938,1.1093065000000002,0.007649999999999998,False,RSI_NOT_BELOW_30|CLOSE_NOT_NEAR_OR_BELOW_LOWER_BB|CLOSE_NOT_ABOVE_MA200
2026-07-14T16:57:31.170205+00:00,MR_DEEP_VALUE_V1,XRP,XRPUSDT,strategy-lab-v1.0.0:MR_DEEP_VALUE_V1,1783944000000,2026-07-13T12:00:00+00:00,1.0765,1.0777,1.0698,1.0729,34.53237410071928,1.08358,1.0643212773009276,1.1089849999999999,0.007264285714285723,False,RSI_NOT_BELOW_30|CLOSE_NOT_NEAR_OR_BELOW_LOWER_BB|CLOSE_NOT_ABOVE_MA200
2026-07-14T16:57:31.170205+00:00,MR_DEEP_VALUE_V1,XRP,XRPUSDT,strategy-lab-v1.0.0:MR_DEEP_VALUE_V1,1783947600000,2026-07-13T13:00:00+00:00,1.0728,1.073,1.0647,1.0678,31.03448275862077,1.0820750000000001,1.0628233117623476,1.108647,0.007585714285714291,False,RSI_NOT_BELOW_30|CLOSE_NOT_NEAR_OR_BELOW_LOWER_BB|CLOSE_NOT_ABOVE_MA200
2026-07-14T16:57:31.170205+00:00,MR_DEEP_VALUE_V1,XRP,XRPUSDT,strategy-lab-v1.0.0:MR_DEEP_VALUE_V1,1783951200000,2026-07-13T14:00:00+00:00,1.0678,1.077,1.0662,1.0763,33.054393305439206,1.08088,1.063390506010757,1.108341,0.0069642857142857085,False,RSI_NOT_BELOW_30|CLOSE_NOT_NEAR_OR_BELOW_LOWER_BB|CLOSE_NOT_ABOVE_MA200
2026-07-14T16:57:31.170205+00:00,MR_DEEP_VALUE_V1,XRP,XRPUSDT,strategy-lab-v1.0.0:MR_DEEP_VALUE_V1,1783954800000,2026-07-13T15:00:00+00:00,1.0764,1.0793,1.0711,1.0716,39.303482587064636,1.079475,1.0638426137458232,1.1080035,0.006521428571428567,False,RSI_NOT_BELOW_30|CLOSE_NOT_NEAR_OR_BELOW_LOWER_BB|CLOSE_NOT_ABOVE_MA200
2026-07-14T16:57:31.170205+00:00,MR_DEEP_VALUE_V1,XRP,XRPUSDT,strategy-lab-v1.0.0:MR_DEEP_VALUE_V1,1783958400000,2026-07-13T16:00:00+00:00,1.0716,1.0735,1.0654,1.0675,36.48960739030007,1.0779150000000002,1.0641528381058871,1.107652,0.006607142857142859,False,RSI_NOT_BELOW_30|CLOSE_NOT_NEAR_OR_BELOW_LOWER_BB|CLOSE_NOT_ABOVE_MA200
2026-07-14T16:57:31.170205+00:00,MR_DEEP_VALUE_V1,XRP,XRPUSDT,strategy-lab-v1.0.0:MR_DEEP_VALUE_V1,1783962000000,2026-07-13T17:00:00+00:00,1.0675,1.0696,1.0572,1.058,34.878587196467834,1.076135,1.0617530286469559,1.107308,0.006600000000000018,False,RSI_NOT_BELOW_30|CLOSE_NOT_ABOVE_MA200
2026-07-14T16:57:31.170205+00:00,MR_DEEP_VALUE_V1,XRP,XRPUSDT,strategy-lab-v1.0.0:MR_DEEP_VALUE_V1,1783965600000,2026-07-13T18:00:00+00:00,1.0579,1.062,1.0556,1.0605,37.894736842105104,1.07487,1.0596828870419757,1.106968,0.006657142857142869,False,RSI_NOT_BELOW_30|CLOSE_NOT_NEAR_OR_BELOW_LOWER_BB|CLOSE_NOT_ABOVE_MA200
2026-07-14T16:57:31.170205+00:00,MR_DEEP_VALUE_V1,XRP,XRPUSDT,strategy-lab-v1.0.0:MR_DEEP_VALUE_V1,1783969200000,2026-07-13T19:00:00+00:00,1.0605,1.0698,1.0595,1.0661,40.524193548387224,1.073905,1.059068224743908,1.106643,0.0067714285714285715,False,RSI_NOT_BELOW_30|CLOSE_NOT_NEAR_OR_BELOW_LOWER_BB|CLOSE_NOT_ABOVE_MA200
2026-07-14T16:57:31.170205+00:00,MR_DEEP_VALUE_V1,XRP,XRPUSDT,strategy-lab-v1.0.0:MR_DEEP_VALUE_V1,1783972800000,2026-07-13T20:00:00+00:00,1.0661,1.0671,1.058,1.0613,35.03787878787874,1.0723449999999999,1.059191373123743,1.106275,0.0072,False,RSI_NOT_BELOW_30|CLOSE_NOT_NEAR_OR_BELOW_LOWER_BB|CLOSE_NOT_ABOVE_MA200
2026-07-14T16:57:31.170205+00:00,MR_DEEP_VALUE_V1,XRP,XRPUSDT,strategy-lab-v1.0.0:MR_DEEP_VALUE_V1,1783976400000,2026-07-13T21:00:00+00:00,1.0613,1.0614,1.0524,1.0584,31.11111111111107,1.071255,1.0572972817050998,1.105894,0.007471428571428573,False,RSI_NOT_BELOW_30|CLOSE_NOT_NEAR_OR_BELOW_LOWER_BB|CLOSE_NOT_ABOVE_MA200
2026-07-14T16:57:31.170205+00:00,MR_DEEP_VALUE_V1,XRP,XRPUSDT,strategy-lab-v1.0.0:MR_DEEP_VALUE_V1,1783980000000,2026-07-13T22:00:00+00:00,1.0584,1.0626,1.0572,1.0574,30.291970802919636,1.070165,1.0554737406938755,1.1055005,0.00752857142857144,False,RSI_NOT_BELOW_30|CLOSE_NOT_NEAR_OR_BELOW_LOWER_BB|CLOSE_NOT_ABOVE_MA200
2026-07-14T16:57:31.170205+00:00,MR_DEEP_VALUE_V1,XRP,XRPUSDT,strategy-lab-v1.0.0:MR_DEEP_VALUE_V1,1783983600000,2026-07-13T23:00:00+00:00,1.0574,1.0662,1.0563,1.0662,40.7051282051282,1.06989,1.0551182837828574,1.1051515,0.008078571428571426,False,RSI_NOT_BELOW_30|CLOSE_NOT_NEAR_OR_BELOW_LOWER_BB|CLOSE_NOT_ABOVE_MA200
2026-07-14T16:57:31.170205+00:00,MR_DEEP_VALUE_V1,XRP,XRPUSDT,strategy-lab-v1.0.0:MR_DEEP_VALUE_V1,1783987200000,2026-07-14T00:00:00+00:00,1.0663,1.0695,1.0633,1.0681,42.92452830188689,1.0696949999999998,1.0549368869769948,1.1048229999999999,0.008271428571428565,False,RSI_NOT_BELOW_30|CLOSE_NOT_NEAR_OR_BELOW_LOWER_BB|CLOSE_NOT_ABOVE_MA200
2026-07-14T16:57:31.170205+00:00,MR_DEEP_VALUE_V1,XRP,XRPUSDT,strategy-lab-v1.0.0:MR_DEEP_VALUE_V1,1783990800000,2026-07-14T01:00:00+00:00,1.0681,1.0697,1.0639,1.0641,40.74626865671647,1.069125,1.0544272620788167,1.1044755,0.008414285714285707,False,RSI_NOT_BELOW_30|CLOSE_NOT_NEAR_OR_BELOW_LOWER_BB|CLOSE_NOT_ABOVE_MA200
2026-07-14T16:57:31.170205+00:00,MR_DEEP_VALUE_V1,XRP,XRPUSDT,strategy-lab-v1.0.0:MR_DEEP_VALUE_V1,1783994400000,2026-07-14T02:00:00+00:00,1.0641,1.0664,1.0615,1.0648,43.6817472698908,1.06851,1.0541736266789752,1.1041255,0.008199999999999985,False,RSI_NOT_BELOW_30|CLOSE_NOT_NEAR_OR_BELOW_LOWER_BB|CLOSE_NOT_ABOVE_MA200
2026-07-14T16:57:31.170205+00:00,MR_DEEP_VALUE_V1,XRP,XRPUSDT,strategy-lab-v1.0.0:MR_DEEP_VALUE_V1,1783998000000,2026-07-14T03:00:00+00:00,1.0648,1.0663,1.0598,1.0652,47.811447811447685,1.06783,1.0542396946318418,1.1037805,0.008071428571428554,False,RSI_NOT_BELOW_30|CLOSE_NOT_NEAR_OR_BELOW_LOWER_BB|CLOSE_NOT_ABOVE_MA200
2026-07-14T16:57:31.170205+00:00,MR_DEEP_VALUE_V1,XRP,XRPUSDT,strategy-lab-v1.0.0:MR_DEEP_VALUE_V1,1784001600000,2026-07-14T04:00:00+00:00,1.065,1.0681,1.0631,1.0671,41.287878787878725,1.067235,1.0546479789068344,1.1034345,0.0076571428571428546,False,RSI_NOT_BELOW_30|CLOSE_NOT_NEAR_OR_BELOW_LOWER_BB|CLOSE_NOT_ABOVE_MA200
2026-07-14T16:57:31.170205+00:00,MR_DEEP_VALUE_V1,XRP,XRPUSDT,strategy-lab-v1.0.0:MR_DEEP_VALUE_V1,1784005200000,2026-07-14T05:00:00+00:00,1.0671,1.0721,1.0664,1.0703,48.73294346978551,1.06686,1.0551371334563684,1.1030674999999999,0.00747857142857143,False,RSI_NOT_BELOW_30|CLOSE_NOT_NEAR_OR_BELOW_LOWER_BB|CLOSE_NOT_ABOVE_MA200|TARGET_NOT_ABOVE_ENTRY
2026-07-14T16:57:31.170205+00:00,MR_DEEP_VALUE_V1,XRP,XRPUSDT,strategy-lab-v1.0.0:MR_DEEP_VALUE_V1,1784008800000,2026-07-14T06:00:00+00:00,1.0703,1.0704,1.068,1.0686,51.124744376278215,1.0664349999999998,1.0556490322641037,1.102626,0.00707142857142857,False,RSI_NOT_BELOW_30|CLOSE_NOT_NEAR_OR_BELOW_LOWER_BB|CLOSE_NOT_ABOVE_MA200|TARGET_NOT_ABOVE_ENTRY
2026-07-14T16:57:31.170205+00:00,MR_DEEP_VALUE_V1,XRP,XRPUSDT,strategy-lab-v1.0.0:MR_DEEP_VALUE_V1,1784012400000,2026-07-14T07:00:00+00:00,1.0685,1.0702,1.0661,1.0676,61.881188118811885,1.06599,1.0562147455276194,1.102183,0.0064785714285714125,False,RSI_NOT_BELOW_30|CLOSE_NOT_NEAR_OR_BELOW_LOWER_BB|CLOSE_NOT_ABOVE_MA200|TARGET_NOT_ABOVE_ENTRY
2026-07-14T16:57:31.170205+00:00,MR_DEEP_VALUE_V1,XRP,XRPUSDT,strategy-lab-v1.0.0:MR_DEEP_VALUE_V1,1784016000000,2026-07-14T08:00:00+00:00,1.0675,1.0702,1.0665,1.0678,59.580052493438366,1.0657349999999999,1.0564397807987225,1.101747,0.0062857142857142756,False,RSI_NOT_BELOW_30|CLOSE_NOT_NEAR_OR_BELOW_LOWER_BB|CLOSE_NOT_ABOVE_MA200|TARGET_NOT_ABOVE_ENTRY
2026-07-14T16:57:31.170205+00:00,MR_DEEP_VALUE_V1,XRP,XRPUSDT,strategy-lab-v1.0.0:MR_DEEP_VALUE_V1,1784019600000,2026-07-14T09:00:00+00:00,1.0675,1.0693,1.0665,1.0674,51.97568389057727,1.0657150000000002,1.056435932158897,1.101326,0.005749999999999985,False,RSI_NOT_BELOW_30|CLOSE_NOT_NEAR_OR_BELOW_LOWER_BB|CLOSE_NOT_ABOVE_MA200|TARGET_NOT_ABOVE_ENTRY
2026-07-14T16:57:31.170205+00:00,MR_DEEP_VALUE_V1,XRP,XRPUSDT,strategy-lab-v1.0.0:MR_DEEP_VALUE_V1,1784023200000,2026-07-14T10:00:00+00:00,1.0673,1.0711,1.0666,1.07,64.16938110749192,1.0654,1.0572166021727036,1.100938,0.005421428571428561,False,RSI_NOT_BELOW_30|CLOSE_NOT_NEAR_OR_BELOW_LOWER_BB|CLOSE_NOT_ABOVE_MA200|TARGET_NOT_ABOVE_ENTRY
2026-07-14T16:57:31.170205+00:00,MR_DEEP_VALUE_V1,XRP,XRPUSDT,strategy-lab-v1.0.0:MR_DEEP_VALUE_V1,1784026800000,2026-07-14T11:00:00+00:00,1.07,1.0718,1.0679,1.0716,72.44897959183649,1.0654,1.0572166021727036,1.1005645,0.0050571428571428555,False,RSI_NOT_BELOW_30|CLOSE_NOT_NEAR_OR_BELOW_LOWER_BB|CLOSE_NOT_ABOVE_MA200|TARGET_NOT_ABOVE_ENTRY
2026-07-14T16:57:31.170205+00:00,MR_DEEP_VALUE_V1,XRP,XRPUSDT,strategy-lab-v1.0.0:MR_DEEP_VALUE_V1,1784030400000,2026-07-14T12:00:00+00:00,1.0715,1.0903,1.0692,1.0883,84.25720620842561,1.0664399999999998,1.053531026376981,1.1002815000000001,0.00617857142857143,False,RSI_NOT_BELOW_30|CLOSE_NOT_NEAR_OR_BELOW_LOWER_BB|CLOSE_NOT_ABOVE_MA200|TARGET_NOT_ABOVE_ENTRY
2026-07-14T16:57:31.170205+00:00,MR_DEEP_VALUE_V1,XRP,XRPUSDT,strategy-lab-v1.0.0:MR_DEEP_VALUE_V1,1784034000000,2026-07-14T13:00:00+00:00,1.0883,1.1039,1.0843,1.0981,84.59869848156168,1.068445,1.050093272560879,1.100073,0.006871428571428576,False,RSI_NOT_BELOW_30|CLOSE_NOT_NEAR_OR_BELOW_LOWER_BB|CLOSE_NOT_ABOVE_MA200|TARGET_NOT_ABOVE_ENTRY
2026-07-14T16:57:31.170205+00:00,MR_DEEP_VALUE_V1,XRP,XRPUSDT,strategy-lab-v1.0.0:MR_DEEP_VALUE_V1,1784037600000,2026-07-14T14:00:00+00:00,1.0982,1.1036,1.0939,1.102,85.2390852390851,1.0705200000000001,1.0474521349058958,1.099899,0.007121428571428564,False,RSI_NOT_BELOW_30|CLOSE_NOT_NEAR_OR_BELOW_LOWER_BB|TARGET_NOT_ABOVE_ENTRY
2026-07-14T16:57:31.170205+00:00,MR_DEEP_VALUE_V1,XRP,XRPUSDT,strategy-lab-v1.0.0:MR_DEEP_VALUE_V1,1784041200000,2026-07-14T15:00:00+00:00,1.102,1.1099,1.1001,1.1038,93.24618736383421,1.072405,1.0452845667438777,1.0996940000000002,0.00740714285714285,False,RSI_NOT_BELOW_30|CLOSE_NOT_NEAR_OR_BELOW_LOWER_BB|TARGET_NOT_ABOVE_ENTRY
2026-07-14T16:57:31.170205+00:00,MR_DEEP_VALUE_V1,XRP,XRPUSDT,strategy-lab-v1.0.0:MR_DEEP_VALUE_V1,1784044800000,2026-07-14T16:00:00+00:00,1.1037,1.108,1.1015,1.1058,93.4322033898303,1.07463,1.0443959728120815,1.0995165,0.007521428571428583,False,RSI_NOT_BELOW_30|CLOSE_NOT_NEAR_OR_BELOW_LOWER_BB|TARGET_NOT_ABOVE_ENTRY
2026-07-14T16:57:31.170205+00:00,MR_DEEP_VALUE_V1,DOGE,DOGEUSDT,strategy-lab-v1.0.0:MR_DEEP_VALUE_V1,1783828800000,2026-07-12T04:00:00+00:00,0.07338,0.0735,0.073,0.07309,28.747433264887036,0.0743265,0.07259420354731032,0.0749127,0.0005428571428571435,False,CLOSE_NOT_NEAR_OR_BELOW_LOWER_BB|CLOSE_NOT_ABOVE_MA200
2026-07-14T16:57:31.170205+00:00,MR_DEEP_VALUE_V1,DOGE,DOGEUSDT,strategy-lab-v1.0.0:MR_DEEP_VALUE_V1,1783832400000,2026-07-12T05:00:00+00:00,0.07307,0.07324,0.07299,0.07309,26.63847780126845,0.074277,0.07246463028054394,0.0748878,0.0005142857142857152,False,CLOSE_NOT_NEAR_OR_BELOW_LOWER_BB|CLOSE_NOT_ABOVE_MA200
2026-07-14T16:57:31.170205+00:00,MR_DEEP_VALUE_V1,DOGE,DOGEUSDT,strategy-lab-v1.0.0:MR_DEEP_VALUE_V1,1783836000000,2026-07-12T06:00:00+00:00,0.07308,0.07308,0.07252,0.07283,27.03862660944209,0.074197,0.07228044997456336,0.0748632,0.0005235714285714298,False,CLOSE_NOT_NEAR_OR_BELOW_LOWER_BB|CLOSE_NOT_ABOVE_MA200
2026-07-14T16:57:31.170205+00:00,MR_DEEP_VALUE_V1,DOGE,DOGEUSDT,strategy-lab-v1.0.0:MR_DEEP_VALUE_V1,1783839600000,2026-07-12T07:00:00+00:00,0.07283,0.07299,0.07272,0.07285,26.406926406926246,0.07411999999999999,0.07211878037187289,0.07484009999999999,0.0005178571428571443,False,CLOSE_NOT_NEAR_OR_BELOW_LOWER_BB|CLOSE_NOT_ABOVE_MA200
2026-07-14T16:57:31.170205+00:00,MR_DEEP_VALUE_V1,DOGE,DOGEUSDT,strategy-lab-v1.0.0:MR_DEEP_VALUE_V1,1783843200000,2026-07-12T08:00:00+00:00,0.07289,0.07319,0.07287,0.07298,26.406926406926246,0.074041,0.07199133758877195,0.07481850000000001,0.0005257142857142871,False,CLOSE_NOT_NEAR_OR_BELOW_LOWER_BB|CLOSE_NOT_ABOVE_MA200
2026-07-14T16:57:31.170205+00:00,MR_DEEP_VALUE_V1,DOGE,DOGEUSDT,strategy-lab-v1.0.0:MR_DEEP_VALUE_V1,1783846800000,2026-07-12T09:00:00+00:00,0.07298,0.0731,0.07268,0.07293,23.672566371681228,0.073957,0.07187013536615305,0.07479925,0.0005292857142857153,False,CLOSE_NOT_NEAR_OR_BELOW_LOWER_BB|CLOSE_NOT_ABOVE_MA200
2026-07-14T16:57:31.170205+00:00,MR_DEEP_VALUE_V1,DOGE,DOGEUSDT,strategy-lab-v1.0.0:MR_DEEP_VALUE_V1,1783850400000,2026-07-12T10:00:00+00:00,0.07294,0.073,0.07285,0.07295,24.999999999999915,0.07384650000000001,0.07179235029756811,0.07477935000000001,0.000522142857142858,False,CLOSE_NOT_NEAR_OR_BELOW_LOWER_BB|CLOSE_NOT_ABOVE_MA200
2026-07-14T16:57:31.170205+00:00,MR_DEEP_VALUE_V1,DOGE,DOGEUSDT,strategy-lab-v1.0.0:MR_DEEP_VALUE_V1,1783854000000,2026-07-12T11:00:00+00:00,0.07297,0.07324,0.07282,0.07321,29.067245119305795,0.073742,0.07178385189528448,0.07475915,0.0005371428571428581,False,CLOSE_NOT_NEAR_OR_BELOW_LOWER_BB|CLOSE_NOT_ABOVE_MA200
2026-07-14T16:57:31.170205+00:00,MR_DEEP_VALUE_V1,DOGE,DOGEUSDT,strategy-lab-v1.0.0:MR_DEEP_VALUE_V1,1783857600000,2026-07-12T12:00:00+00:00,0.0732,0.07344,0.07312,0.07334,35.16746411483261,0.07366049999999999,0.07177941015631868,0.0747372,0.0005171428571428578,False,RSI_NOT_BELOW_30|CLOSE_NOT_NEAR_OR_BELOW_LOWER_BB|CLOSE_NOT_ABOVE_MA200
2026-07-14T16:57:31.170205+00:00,MR_DEEP_VALUE_V1,DOGE,DOGEUSDT,strategy-lab-v1.0.0:MR_DEEP_VALUE_V1,1783861200000,2026-07-12T13:00:00+00:00,0.07333,0.0735,0.07322,0.07323,50.86505190311434,0.07357050000000001,0.07179059578909401,0.0747178,0.0004292857142857154,False,RSI_NOT_BELOW_30|CLOSE_NOT_NEAR_OR_BELOW_LOWER_BB|CLOSE_NOT_ABOVE_MA200
2026-07-14T16:57:31.170205+00:00,MR_DEEP_VALUE_V1,DOGE,DOGEUSDT,strategy-lab-v1.0.0:MR_DEEP_VALUE_V1,1783864800000,2026-07-12T14:00:00+00:00,0.07322,0.07384,0.07315,0.07368,69.81818181818178,0.07349649999999999,0.07187069220078114,0.0747014,0.0004050000000000006,False,RSI_NOT_BELOW_30|CLOSE_NOT_NEAR_OR_BELOW_LOWER_BB|CLOSE_NOT_ABOVE_MA200|TARGET_NOT_ABOVE_ENTRY
2026-07-14T16:57:31.170205+00:00,MR_DEEP_VALUE_V1,DOGE,DOGEUSDT,strategy-lab-v1.0.0:MR_DEEP_VALUE_V1,1783868400000,2026-07-12T15:00:00+00:00,0.0737,0.07382,0.07355,0.07367,59.22330097087395,0.0734145,0.07201285132789959,0.07468545,0.00036857142857142845,False,RSI_NOT_BELOW_30|CLOSE_NOT_NEAR_OR_BELOW_LOWER_BB|CLOSE_NOT_ABOVE_MA200|TARGET_NOT_ABOVE_ENTRY
2026-07-14T16:57:31.170205+00:00,MR_DEEP_VALUE_V1,DOGE,DOGEUSDT,strategy-lab-v1.0.0:MR_DEEP_VALUE_V1,1783872000000,2026-07-12T16:00:00+00:00,0.07368,0.07374,0.07344,0.07358,60.39603960396051,0.073337,0.072171888846504,0.07466865,0.00037142857142857116,False,RSI_NOT_BELOW_30|CLOSE_NOT_NEAR_OR_BELOW_LOWER_BB|CLOSE_NOT_ABOVE_MA200|TARGET_NOT_ABOVE_ENTRY
2026-07-14T16:57:31.170205+00:00,MR_DEEP_VALUE_V1,DOGE,DOGEUSDT,strategy-lab-v1.0.0:MR_DEEP_VALUE_V1,1783875600000,2026-07-12T17:00:00+00:00,0.0736,0.07364,0.07329,0.07337,50.0,0.07324850000000001,0.07242617950286961,0.0746516,0.0003664285714285711,False,RSI_NOT_BELOW_30|CLOSE_NOT_NEAR_OR_BELOW_LOWER_BB|CLOSE_NOT_ABOVE_MA200|TARGET_NOT_ABOVE_ENTRY
2026-07-14T16:57:31.170205+00:00,MR_DEEP_VALUE_V1,DOGE,DOGEUSDT,strategy-lab-v1.0.0:MR_DEEP_VALUE_V1,1783879200000,2026-07-12T18:00:00+00:00,0.07338,0.07363,0.0733,0.07362,63.31658291457299,0.0732005,0.07261738851837685,0.07463435,0.0003542857142857137,False,RSI_NOT_BELOW_30|CLOSE_NOT_NEAR_OR_BELOW_LOWER_BB|CLOSE_NOT_ABOVE_MA200|TARGET_NOT_ABOVE_ENTRY
2026-07-14T16:57:31.170205+00:00,MR_DEEP_VALUE_V1,DOGE,DOGEUSDT,strategy-lab-v1.0.0:MR_DEEP_VALUE_V1,1783882800000,2026-07-12T19:00:00+00:00,0.07362,0.07369,0.07341,0.07362,63.31658291457299,0.07322250000000001,0.07261160311835732,0.07461820000000001,0.000356428571428571,False,RSI_NOT_BELOW_30|CLOSE_NOT_NEAR_OR_BELOW_LOWER_BB|CLOSE_NOT_ABOVE_MA200|TARGET_NOT_ABOVE_ENTRY
2026-07-14T16:57:31.170205+00:00,MR_DEEP_VALUE_V1,DOGE,DOGEUSDT,strategy-lab-v1.0.0:MR_DEEP_VALUE_V1,1783886400000,2026-07-12T20:00:00+00:00,0.07361,0.07362,0.07338,0.07338,63.95939086294404,0.07326200000000001,0.0727217185918424,0.07459975,0.00033285714285714266,False,RSI_NOT_BELOW_30|CLOSE_NOT_NEAR_OR_BELOW_LOWER_BB|CLOSE_NOT_ABOVE_MA200|TARGET_NOT_ABOVE_ENTRY
2026-07-14T16:57:31.170205+00:00,MR_DEEP_VALUE_V1,DOGE,DOGEUSDT,strategy-lab-v1.0.0:MR_DEEP_VALUE_V1,1783890000000,2026-07-12T21:00:00+00:00,0.07339,0.07352,0.07283,0.07291,51.2396694214877,0.073243,0.0726816765638237,0.07457865,0.00036285714285714296,False,RSI_NOT_BELOW_30|CLOSE_NOT_NEAR_OR_BELOW_LOWER_BB|CLOSE_NOT_ABOVE_MA200
2026-07-14T16:57:31.170205+00:00,MR_DEEP_VALUE_V1,DOGE,DOGEUSDT,strategy-lab-v1.0.0:MR_DEEP_VALUE_V1,1783893600000,2026-07-12T22:00:00+00:00,0.07289,0.07289,0.07235,0.07267,43.87351778656118,0.07321849999999999,0.07260452035864308,0.07455384999999999,0.0003785714285714285,False,RSI_NOT_BELOW_30|CLOSE_NOT_NEAR_OR_BELOW_LOWER_BB|CLOSE_NOT_ABOVE_MA200
2026-07-14T16:57:31.170205+00:00,MR_DEEP_VALUE_V1,DOGE,DOGEUSDT,strategy-lab-v1.0.0:MR_DEEP_VALUE_V1,1783897200000,2026-07-12T23:00:00+00:00,0.07266,0.07277,0.07251,0.07268,44.979919678714836,0.073184,0.07253160748011588,0.07452505,0.00036714285714285657,False,RSI_NOT_BELOW_30|CLOSE_NOT_NEAR_OR_BELOW_LOWER_BB|CLOSE_NOT_ABOVE_MA200
2026-07-14T16:57:31.170205+00:00,MR_DEEP_VALUE_V1,DOGE,DOGEUSDT,strategy-lab-v1.0.0:MR_DEEP_VALUE_V1,1783900800000,2026-07-13T00:00:00+00:00,0.07266,0.07412,0.07258,0.07339,56.91823899371065,0.073199,0.07254216212045836,0.07450019999999999,0.00046642857142857103,False,RSI_NOT_BELOW_30|CLOSE_NOT_NEAR_OR_BELOW_LOWER_BB|CLOSE_NOT_ABOVE_MA200|TARGET_NOT_ABOVE_ENTRY
2026-07-14T16:57:31.170205+00:00,MR_DEEP_VALUE_V1,DOGE,DOGEUSDT,strategy-lab-v1.0.0:MR_DEEP_VALUE_V1,1783904400000,2026-07-13T01:00:00+00:00,0.07337,0.07345,0.07242,0.07245,40.15544041450778,0.07316700000000001,0.07243408527098937,0.07446715,0.0005099999999999995,False,RSI_NOT_BELOW_30|CLOSE_NOT_NEAR_OR_BELOW_LOWER_BB|CLOSE_NOT_ABOVE_MA200
2026-07-14T16:57:31.170205+00:00,MR_DEEP_VALUE_V1,DOGE,DOGEUSDT,strategy-lab-v1.0.0:MR_DEEP_VALUE_V1,1783908000000,2026-07-13T02:00:00+00:00,0.07245,0.07287,0.07235,0.07266,41.37055837563448,0.07315849999999999,0.07240645545344655,0.07443490000000001,0.0005242857142857142,False,RSI_NOT_BELOW_30|CLOSE_NOT_NEAR_OR_BELOW_LOWER_BB|CLOSE_NOT_ABOVE_MA200
2026-07-14T16:57:31.170205+00:00,MR_DEEP_VALUE_V1,DOGE,DOGEUSDT,strategy-lab-v1.0.0:MR_DEEP_VALUE_V1,1783911600000,2026-07-13T03:00:00+00:00,0.07265,0.07272,0.07157,0.07197,36.061946902654846,0.0731145,0.07220824451725755,0.07440235,0.000586428571428572,False,RSI_NOT_BELOW_30|CLOSE_NOT_ABOVE_MA200
2026-07-14T16:57:31.170205+00:00,MR_DEEP_VALUE_V1,DOGE,DOGEUSDT,strategy-lab-v1.0.0:MR_DEEP_VALUE_V1,1783915200000,2026-07-13T04:00:00+00:00,0.07196,0.07224,0.07187,0.07198,29.166666666666686,0.0730645,0.07203246366343005,0.0743722,0.0005635714285714291,False,CLOSE_NOT_ABOVE_MA200
2026-07-14T16:57:31.170205+00:00,MR_DEEP_VALUE_V1,DOGE,DOGEUSDT,strategy-lab-v1.0.0:MR_DEEP_VALUE_V1,1783918800000,2026-07-13T05:00:00+00:00,0.07199,0.0724,0.07182,0.07228,34.09610983981686,0.07303200000000001,0.07194556362358365,0.07434285,0.0005857142857142876,False,RSI_NOT_BELOW_30|CLOSE_NOT_NEAR_OR_BELOW_LOWER_BB|CLOSE_NOT_ABOVE_MA200
2026-07-14T16:57:31.170205+00:00,MR_DEEP_VALUE_V1,DOGE,DOGEUSDT,strategy-lab-v1.0.0:MR_DEEP_VALUE_V1,1783922400000,2026-07-13T06:00:00+00:00,0.07229,0.07235,0.07206,0.07231,35.266821345707555,0.073,0.07186900044208641,0.07431499999999999,0.0005850000000000022,False,RSI_NOT_BELOW_30|CLOSE_NOT_NEAR_OR_BELOW_LOWER_BB|CLOSE_NOT_ABOVE_MA200
2026-07-14T16:57:31.170205+00:00,MR_DEEP_VALUE_V1,DOGE,DOGEUSDT,strategy-lab-v1.0.0:MR_DEEP_VALUE_V1,1783926000000,2026-07-13T07:00:00+00:00,0.07229,0.07247,0.07219,0.07233,37.37864077669904,0.072956,0.07179308297802434,0.07428875,0.0005800000000000022,False,RSI_NOT_BELOW_30|CLOSE_NOT_NEAR_OR_BELOW_LOWER_BB|CLOSE_NOT_ABOVE_MA200
2026-07-14T16:57:31.170205+00:00,MR_DEEP_VALUE_V1,DOGE,DOGEUSDT,strategy-lab-v1.0.0:MR_DEEP_VALUE_V1,1783929600000,2026-07-13T08:00:00+00:00,0.07233,0.07263,0.07225,0.0725,36.13861386138598,0.072914,0.07174891802863459,0.0742658,0.0005835714285714313,False,RSI_NOT_BELOW_30|CLOSE_NOT_NEAR_OR_BELOW_LOWER_BB|CLOSE_NOT_ABOVE_MA200
2026-07-14T16:57:31.170205+00:00,MR_DEEP_VALUE_V1,DOGE,DOGEUSDT,strategy-lab-v1.0.0:MR_DEEP_VALUE_V1,1783933200000,2026-07-13T09:00:00+00:00,0.07249,0.0725,0.07227,0.07232,34.597156398104104,0.07286849999999999,0.07168539772208793,0.07424349999999999,0.0005800000000000022,False,RSI_NOT_BELOW_30|CLOSE_NOT_NEAR_OR_BELOW_LOWER_BB|CLOSE_NOT_ABOVE_MA200
2026-07-14T16:57:31.170205+00:00,MR_DEEP_VALUE_V1,DOGE,DOGEUSDT,strategy-lab-v1.0.0:MR_DEEP_VALUE_V1,1783936800000,2026-07-13T10:00:00+00:00,0.0723,0.0723,0.07203,0.07218,35.43689320388336,0.0727935,0.07163577334832409,0.0742253,0.0005835714285714304,False,RSI_NOT_BELOW_30|CLOSE_NOT_NEAR_OR_BELOW_LOWER_BB|CLOSE_NOT_ABOVE_MA200
2026-07-14T16:57:31.170205+00:00,MR_DEEP_VALUE_V1,DOGE,DOGEUSDT,strategy-lab-v1.0.0:MR_DEEP_VALUE_V1,1783940400000,2026-07-13T11:00:00+00:00,0.07218,0.07241,0.07215,0.07224,40.97035040431259,0.072722,0.0716140722045184,0.07420695000000001,0.0005528571428571446,False,RSI_NOT_BELOW_30|CLOSE_NOT_NEAR_OR_BELOW_LOWER_BB|CLOSE_NOT_ABOVE_MA200
2026-07-14T16:57:31.170205+00:00,MR_DEEP_VALUE_V1,DOGE,DOGEUSDT,strategy-lab-v1.0.0:MR_DEEP_VALUE_V1,1783944000000,2026-07-13T12:00:00+00:00,0.07223,0.07229,0.07189,0.07207,41.758241758241695,0.0726465,0.0715776262937088,0.0741871,0.0005414285714285727,False,RSI_NOT_BELOW_30|CLOSE_NOT_NEAR_OR_BELOW_LOWER_BB|CLOSE_NOT_ABOVE_MA200
2026-07-14T16:57:31.170205+00:00,MR_DEEP_VALUE_V1,DOGE,DOGEUSDT,strategy-lab-v1.0.0:MR_DEEP_VALUE_V1,1783947600000,2026-07-13T13:00:00+00:00,0.07207,0.07231,0.07182,0.07204,41.25683060109302,0.07258,0.07153420843376862,0.07416845,0.0005578571428571447,False,RSI_NOT_BELOW_30|CLOSE_NOT_NEAR_OR_BELOW_LOWER_BB|CLOSE_NOT_ABOVE_MA200
2026-07-14T16:57:31.170205+00:00,MR_DEEP_VALUE_V1,DOGE,DOGEUSDT,strategy-lab-v1.0.0:MR_DEEP_VALUE_V1,1783951200000,2026-07-13T14:00:00+00:00,0.07204,0.0725,0.07183,0.0725,36.950146627565836,0.072524,0.07159335721138523,0.07415185,0.0004957142857142868,False,RSI_NOT_BELOW_30|CLOSE_NOT_NEAR_OR_BELOW_LOWER_BB|CLOSE_NOT_ABOVE_MA200
2026-07-14T16:57:31.170205+00:00,MR_DEEP_VALUE_V1,DOGE,DOGEUSDT,strategy-lab-v1.0.0:MR_DEEP_VALUE_V1,1783954800000,2026-07-13T15:00:00+00:00,0.0725,0.07253,0.07199,0.07199,42.281879194630754,0.0724425,0.07163236729482099,0.07413130000000001,0.0004607142857142865,False,RSI_NOT_BELOW_30|CLOSE_NOT_NEAR_OR_BELOW_LOWER_BB|CLOSE_NOT_ABOVE_MA200
2026-07-14T16:57:31.170205+00:00,MR_DEEP_VALUE_V1,DOGE,DOGEUSDT,strategy-lab-v1.0.0:MR_DEEP_VALUE_V1,1783958400000,2026-07-13T16:00:00+00:00,0.07202,0.07212,0.07145,0.07158,33.01886792452814,0.0723525,0.07157989725602308,0.07410945,0.000471428571428572,False,RSI_NOT_BELOW_30|CLOSE_NOT_NEAR_OR_BELOW_LOWER_BB|CLOSE_NOT_ABOVE_MA200
2026-07-14T16:57:31.170205+00:00,MR_DEEP_VALUE_V1,DOGE,DOGEUSDT,strategy-lab-v1.0.0:MR_DEEP_VALUE_V1,1783962000000,2026-07-13T17:00:00+00:00,0.07159,0.07173,0.07084,0.07088,32.91536050156712,0.072251,0.0712880898276575,0.0740864,0.00045285714285714276,False,RSI_NOT_BELOW_30|CLOSE_NOT_ABOVE_MA200
2026-07-14T16:57:31.170205+00:00,MR_DEEP_VALUE_V1,DOGE,DOGEUSDT,strategy-lab-v1.0.0:MR_DEEP_VALUE_V1,1783965600000,2026-07-13T18:00:00+00:00,0.07091,0.07141,0.07088,0.07131,40.720221606648074,0.072183,0.0711579712199159,0.07406399999999999,0.0004642857142857147,False,RSI_NOT_BELOW_30|CLOSE_NOT_NEAR_OR_BELOW_LOWER_BB|CLOSE_NOT_ABOVE_MA200
2026-07-14T16:57:31.170205+00:00,MR_DEEP_VALUE_V1,DOGE,DOGEUSDT,strategy-lab-v1.0.0:MR_DEEP_VALUE_V1,1783969200000,2026-07-13T19:00:00+00:00,0.07131,0.07181,0.07126,0.07174,42.780748663101576,0.072136,0.07112027562793805,0.0740434,0.0004621428571428564,False,RSI_NOT_BELOW_30|CLOSE_NOT_NEAR_OR_BELOW_LOWER_BB|CLOSE_NOT_ABOVE_MA200
2026-07-14T16:57:31.170205+00:00,MR_DEEP_VALUE_V1,DOGE,DOGEUSDT,strategy-lab-v1.0.0:MR_DEEP_VALUE_V1,1783972800000,2026-07-13T20:00:00+00:00,0.07174,0.07189,0.07148,0.07171,41.97860962566836,0.07205199999999999,0.07120037566967548,0.07401965,0.00047071428571428465,False,RSI_NOT_BELOW_30|CLOSE_NOT_NEAR_OR_BELOW_LOWER_BB|CLOSE_NOT_ABOVE_MA200
2026-07-14T16:57:31.170205+00:00,MR_DEEP_VALUE_V1,DOGE,DOGEUSDT,strategy-lab-v1.0.0:MR_DEEP_VALUE_V1,1783976400000,2026-07-13T21:00:00+00:00,0.07171,0.07174,0.07101,0.07144,38.847117794486095,0.0720015,0.07113070094166295,0.0739941,0.0005028571428571412,False,RSI_NOT_BELOW_30|CLOSE_NOT_NEAR_OR_BELOW_LOWER_BB|CLOSE_NOT_ABOVE_MA200
2026-07-14T16:57:31.170205+00:00,MR_DEEP_VALUE_V1,DOGE,DOGEUSDT,strategy-lab-v1.0.0:MR_DEEP_VALUE_V1,1783980000000,2026-07-13T22:00:00+00:00,0.07145,0.07177,0.07123,0.07126,34.500000000000014,0.07193150000000001,0.07105861340942786,0.0739654,0.0005142857142857121,False,RSI_NOT_BELOW_30|CLOSE_NOT_NEAR_OR_BELOW_LOWER_BB|CLOSE_NOT_ABOVE_MA200
2026-07-14T16:57:31.170205+00:00,MR_DEEP_VALUE_V1,DOGE,DOGEUSDT,strategy-lab-v1.0.0:MR_DEEP_VALUE_V1,1783983600000,2026-07-13T23:00:00+00:00,0.07125,0.07194,0.07115,0.07191,45.413870246085054,0.07192849999999999,0.07105575089515904,0.07393949999999999,0.0005542857142857126,False,RSI_NOT_BELOW_30|CLOSE_NOT_NEAR_OR_BELOW_LOWER_BB|CLOSE_NOT_ABOVE_MA200
2026-07-14T16:57:31.170205+00:00,MR_DEEP_VALUE_V1,DOGE,DOGEUSDT,strategy-lab-v1.0.0:MR_DEEP_VALUE_V1,1783987200000,2026-07-14T00:00:00+00:00,0.07194,0.07235,0.07177,0.07227,50.959488272921185,0.07194300000000001,0.07105776330848712,0.07391589999999999,0.0005749999999999981,False,RSI_NOT_BELOW_30|CLOSE_NOT_NEAR_OR_BELOW_LOWER_BB|CLOSE_NOT_ABOVE_MA200|TARGET_NOT_ABOVE_ENTRY
2026-07-14T16:57:31.170205+00:00,MR_DEEP_VALUE_V1,DOGE,DOGEUSDT,strategy-lab-v1.0.0:MR_DEEP_VALUE_V1,1783990800000,2026-07-14T01:00:00+00:00,0.07229,0.07229,0.07183,0.07185,46.138613861386105,0.0719215,0.07104925519491333,0.07388900000000001,0.0005892857142857118,False,RSI_NOT_BELOW_30|CLOSE_NOT_NEAR_OR_BELOW_LOWER_BB|CLOSE_NOT_ABOVE_MA200
2026-07-14T16:57:31.170205+00:00,MR_DEEP_VALUE_V1,DOGE,DOGEUSDT,strategy-lab-v1.0.0:MR_DEEP_VALUE_V1,1783994400000,2026-07-14T02:00:00+00:00,0.07183,0.07196,0.07169,0.07176,46.88128772635822,0.071894,0.07103795327230303,0.07386015,0.0005799999999999972,False,RSI_NOT_BELOW_30|CLOSE_NOT_NEAR_OR_BELOW_LOWER_BB|CLOSE_NOT_ABOVE_MA200
2026-07-14T16:57:31.170205+00:00,MR_DEEP_VALUE_V1,DOGE,DOGEUSDT,strategy-lab-v1.0.0:MR_DEEP_VALUE_V1,1783998000000,2026-07-14T03:00:00+00:00,0.07177,0.07198,0.07136,0.07196,49.22178988326837,0.07187550000000001,0.0710422539379027,0.0738338,0.0005892857142857108,False,RSI_NOT_BELOW_30|CLOSE_NOT_NEAR_OR_BELOW_LOWER_BB|CLOSE_NOT_ABOVE_MA200|TARGET_NOT_ABOVE_ENTRY
2026-07-14T16:57:31.170205+00:00,MR_DEEP_VALUE_V1,DOGE,DOGEUSDT,strategy-lab-v1.0.0:MR_DEEP_VALUE_V1,1784001600000,2026-07-14T04:00:00+00:00,0.07196,0.07208,0.07185,0.07201,44.820295983086766,0.071851,0.07106517813723422,0.07380865,0.0005578571428571406,False,RSI_NOT_BELOW_30|CLOSE_NOT_NEAR_OR_BELOW_LOWER_BB|CLOSE_NOT_ABOVE_MA200|TARGET_NOT_ABOVE_ENTRY
2026-07-14T16:57:31.170205+00:00,MR_DEEP_VALUE_V1,DOGE,DOGEUSDT,strategy-lab-v1.0.0:MR_DEEP_VALUE_V1,1784005200000,2026-07-14T05:00:00+00:00,0.07202,0.07234,0.07201,0.07227,53.125000000000036,0.07184850000000001,0.07106836475531439,0.07378080000000001,0.0005428571428571406,False,RSI_NOT_BELOW_30|CLOSE_NOT_NEAR_OR_BELOW_LOWER_BB|CLOSE_NOT_ABOVE_MA200|TARGET_NOT_ABOVE_ENTRY
2026-07-14T16:57:31.170205+00:00,MR_DEEP_VALUE_V1,DOGE,DOGEUSDT,strategy-lab-v1.0.0:MR_DEEP_VALUE_V1,1784008800000,2026-07-14T06:00:00+00:00,0.07228,0.07236,0.07217,0.07223,57.90754257907542,0.071851,0.07106632427079673,0.07375040000000001,0.0005085714285714257,False,RSI_NOT_BELOW_30|CLOSE_NOT_NEAR_OR_BELOW_LOWER_BB|CLOSE_NOT_ABOVE_MA200|TARGET_NOT_ABOVE_ENTRY
2026-07-14T16:57:31.170205+00:00,MR_DEEP_VALUE_V1,DOGE,DOGEUSDT,strategy-lab-v1.0.0:MR_DEEP_VALUE_V1,1784012400000,2026-07-14T07:00:00+00:00,0.07219,0.07226,0.07201,0.07206,66.48044692737437,0.071842,0.07107137428021076,0.0737217,0.00046285714285713986,False,RSI_NOT_BELOW_30|CLOSE_NOT_NEAR_OR_BELOW_LOWER_BB|CLOSE_NOT_ABOVE_MA200|TARGET_NOT_ABOVE_ENTRY
2026-07-14T16:57:31.170205+00:00,MR_DEEP_VALUE_V1,DOGE,DOGEUSDT,strategy-lab-v1.0.0:MR_DEEP_VALUE_V1,1784016000000,2026-07-14T08:00:00+00:00,0.07208,0.0722,0.07196,0.07203,61.320754716981156,0.07184,0.0710715470085941,0.0736916,0.0004421428571428542,False,RSI_NOT_BELOW_30|CLOSE_NOT_NEAR_OR_BELOW_LOWER_BB|CLOSE_NOT_ABOVE_MA200|TARGET_NOT_ABOVE_ENTRY
2026-07-14T16:57:31.170205+00:00,MR_DEEP_VALUE_V1,DOGE,DOGEUSDT,strategy-lab-v1.0.0:MR_DEEP_VALUE_V1,1784019600000,2026-07-14T09:00:00+00:00,0.07203,0.07217,0.07199,0.072,54.67625899280571,0.07183799999999999,0.07107143362974841,0.0736632,0.00041571428571428315,False,RSI_NOT_BELOW_30|CLOSE_NOT_NEAR_OR_BELOW_LOWER_BB|CLOSE_NOT_ABOVE_MA200|TARGET_NOT_ABOVE_ENTRY
2026-07-14T16:57:31.170205+00:00,MR_DEEP_VALUE_V1,DOGE,DOGEUSDT,strategy-lab-v1.0.0:MR_DEEP_VALUE_V1,1784023200000,2026-07-14T10:00:00+00:00,0.07202,0.07228,0.07189,0.07219,58.1632653061226,0.0718225,0.07109876316937667,0.07363610000000001,0.00041428571428571225,False,RSI_NOT_BELOW_30|CLOSE_NOT_NEAR_OR_BELOW_LOWER_BB|CLOSE_NOT_ABOVE_MA200|TARGET_NOT_ABOVE_ENTRY
2026-07-14T16:57:31.170205+00:00,MR_DEEP_VALUE_V1,DOGE,DOGEUSDT,strategy-lab-v1.0.0:MR_DEEP_VALUE_V1,1784026800000,2026-07-14T11:00:00+00:00,0.07218,0.07225,0.07211,0.07219,64.04494382022469,0.0718325,0.0710943977035663,0.07361014999999999,0.0003721428571428556,False,RSI_NOT_BELOW_30|CLOSE_NOT_NEAR_OR_BELOW_LOWER_BB|CLOSE_NOT_ABOVE_MA200|TARGET_NOT_ABOVE_ENTRY
2026-07-14T16:57:31.170205+00:00,MR_DEEP_VALUE_V1,DOGE,DOGEUSDT,strategy-lab-v1.0.0:MR_DEEP_VALUE_V1,1784030400000,2026-07-14T12:00:00+00:00,0.07219,0.0734,0.07205,0.07329,78.27298050139265,0.071918,0.0709548468449926,0.0735914,0.00042999999999999885,False,RSI_NOT_BELOW_30|CLOSE_NOT_NEAR_OR_BELOW_LOWER_BB|CLOSE_NOT_ABOVE_MA200|TARGET_NOT_ABOVE_ENTRY
2026-07-14T16:57:31.170205+00:00,MR_DEEP_VALUE_V1,DOGE,DOGEUSDT,strategy-lab-v1.0.0:MR_DEEP_VALUE_V1,1784034000000,2026-07-14T13:00:00+00:00,0.0733,0.07404,0.07303,0.07381,77.45664739884387,0.0720645,0.07090594098121818,0.07357759999999999,0.0004457142857142844,False,RSI_NOT_BELOW_30|CLOSE_NOT_NEAR_OR_BELOW_LOWER_BB|TARGET_NOT_ABOVE_ENTRY
2026-07-14T16:57:31.170205+00:00,MR_DEEP_VALUE_V1,DOGE,DOGEUSDT,strategy-lab-v1.0.0:MR_DEEP_VALUE_V1,1784037600000,2026-07-14T14:00:00+00:00,0.07383,0.0746,0.0736,0.07449,79.36507936507931,0.0722235,0.07070564262857121,0.0735672,0.00047571428571428466,False,RSI_NOT_BELOW_30|CLOSE_NOT_NEAR_OR_BELOW_LOWER_BB|TARGET_NOT_ABOVE_ENTRY
2026-07-14T16:57:31.170205+00:00,MR_DEEP_VALUE_V1,DOGE,DOGEUSDT,strategy-lab-v1.0.0:MR_DEEP_VALUE_V1,1784041200000,2026-07-14T15:00:00+00:00,0.07448,0.07511,0.07428,0.07483,90.27027027027027,0.072378,0.0705017207030933,0.0735569,0.0005021428571428567,False,RSI_NOT_BELOW_30|CLOSE_NOT_NEAR_OR_BELOW_LOWER_BB|TARGET_NOT_ABOVE_ENTRY
2026-07-14T16:57:31.170205+00:00,MR_DEEP_VALUE_V1,DOGE,DOGEUSDT,strategy-lab-v1.0.0:MR_DEEP_VALUE_V1,1784044800000,2026-07-14T16:00:00+00:00,0.07484,0.07533,0.0745,0.07457,86.30490956072344,0.072521,0.07044486031298454,0.073545,0.0005421428571428571,False,RSI_NOT_BELOW_30|CLOSE_NOT_NEAR_OR_BELOW_LOWER_BB|TARGET_NOT_ABOVE_ENTRY
2026-07-14T16:57:31.170205+00:00,MR_DEEP_VALUE_V1,NEAR,NEARUSDT,strategy-lab-v1.0.0:MR_DEEP_VALUE_V1,1783828800000,2026-07-12T04:00:00+00:00,1.888,1.894,1.885,1.887,40.35087719298246,1.89425,1.870151244845402,1.95396,0.017642857142857134,False,RSI_NOT_BELOW_30|CLOSE_NOT_NEAR_OR_BELOW_LOWER_BB|CLOSE_NOT_ABOVE_MA200
2026-07-14T16:57:31.170205+00:00,MR_DEEP_VALUE_V1,NEAR,NEARUSDT,strategy-lab-v1.0.0:MR_DEEP_VALUE_V1,1783832400000,2026-07-12T05:00:00+00:00,1.887,1.892,1.88,1.886,41.81818181818182,1.8941,1.8698356228185995,1.953115,0.016142857142857143,False,RSI_NOT_BELOW_30|CLOSE_NOT_NEAR_OR_BELOW_LOWER_BB|CLOSE_NOT_ABOVE_MA200
2026-07-14T16:57:31.170205+00:00,MR_DEEP_VALUE_V1,NEAR,NEARUSDT,strategy-lab-v1.0.0:MR_DEEP_VALUE_V1,1783836000000,2026-07-12T06:00:00+00:00,1.885,1.885,1.858,1.871,38.016528925619866,1.8932000000000002,1.8669885521193266,1.9522699999999997,0.017142857142857126,False,RSI_NOT_BELOW_30|CLOSE_NOT_NEAR_OR_BELOW_LOWER_BB|CLOSE_NOT_ABOVE_MA200
2026-07-14T16:57:31.170205+00:00,MR_DEEP_VALUE_V1,NEAR,NEARUSDT,strategy-lab-v1.0.0:MR_DEEP_VALUE_V1,1783839600000,2026-07-12T07:00:00+00:00,1.871,1.884,1.871,1.875,38.524590163934405,1.8918500000000003,1.8648220515021716,1.95142,0.01721428571428569,False,RSI_NOT_BELOW_30|CLOSE_NOT_NEAR_OR_BELOW_LOWER_BB|CLOSE_NOT_ABOVE_MA200
2026-07-14T16:57:31.170205+00:00,MR_DEEP_VALUE_V1,NEAR,NEARUSDT,strategy-lab-v1.0.0:MR_DEEP_VALUE_V1,1783843200000,2026-07-12T08:00:00+00:00,1.876,1.889,1.876,1.883,44.715447154471576,1.8909499999999997,1.8640020872793217,1.9505450000000002,0.016928571428571404,False,RSI_NOT_BELOW_30|CLOSE_NOT_NEAR_OR_BELOW_LOWER_BB|CLOSE_NOT_ABOVE_MA200
2026-07-14T16:57:31.170205+00:00,MR_DEEP_VALUE_V1,NEAR,NEARUSDT,strategy-lab-v1.0.0:MR_DEEP_VALUE_V1,1783846800000,2026-07-12T09:00:00+00:00,1.883,1.893,1.868,1.892,46.874999999999986,1.8902999999999999,1.8641229107805835,1.94991,0.017999999999999967,False,RSI_NOT_BELOW_30|CLOSE_NOT_NEAR_OR_BELOW_LOWER_BB|CLOSE_NOT_ABOVE_MA200|TARGET_NOT_ABOVE_ENTRY
2026-07-14T16:57:31.170205+00:00,MR_DEEP_VALUE_V1,NEAR,NEARUSDT,strategy-lab-v1.0.0:MR_DEEP_VALUE_V1,1783850400000,2026-07-12T10:00:00+00:00,1.89,1.89,1.878,1.879,40.87591240875912,1.8887999999999998,1.8636635722505903,1.949255,0.0184285714285714,False,RSI_NOT_BELOW_30|CLOSE_NOT_NEAR_OR_BELOW_LOWER_BB|CLOSE_NOT_ABOVE_MA200
2026-07-14T16:57:31.170205+00:00,MR_DEEP_VALUE_V1,NEAR,NEARUSDT,strategy-lab-v1.0.0:MR_DEEP_VALUE_V1,1783854000000,2026-07-12T11:00:00+00:00,1.877,1.894,1.873,1.889,42.55319148936171,1.8880500000000002,1.8638965323400287,1.948655,0.01892857142857139,False,RSI_NOT_BELOW_30|CLOSE_NOT_NEAR_OR_BELOW_LOWER_BB|CLOSE_NOT_ABOVE_MA200|TARGET_NOT_ABOVE_ENTRY
2026-07-14T16:57:31.170205+00:00,MR_DEEP_VALUE_V1,NEAR,NEARUSDT,strategy-lab-v1.0.0:MR_DEEP_VALUE_V1,1783857600000,2026-07-12T12:00:00+00:00,1.888,1.901,1.883,1.883,45.454545454545446,1.8872,1.8635983051455771,1.9480200000000003,0.018714285714285666,False,RSI_NOT_BELOW_30|CLOSE_NOT_NEAR_OR_BELOW_LOWER_BB|CLOSE_NOT_ABOVE_MA200
2026-07-14T16:57:31.170205+00:00,MR_DEEP_VALUE_V1,NEAR,NEARUSDT,strategy-lab-v1.0.0:MR_DEEP_VALUE_V1,1783861200000,2026-07-12T13:00:00+00:00,1.883,1.894,1.88,1.88,57.14285714285711,1.8860499999999998,1.8634183849449204,1.947435,0.017071428571428533,False,RSI_NOT_BELOW_30|CLOSE_NOT_NEAR_OR_BELOW_LOWER_BB|CLOSE_NOT_ABOVE_MA200
2026-07-14T16:57:31.170205+00:00,MR_DEEP_VALUE_V1,NEAR,NEARUSDT,strategy-lab-v1.0.0:MR_DEEP_VALUE_V1,1783864800000,2026-07-12T14:00:00+00:00,1.881,1.9,1.879,1.9,63.11475409836061,1.88625,1.8632033082634123,1.946975,0.016928571428571387,False,RSI_NOT_BELOW_30|CLOSE_NOT_NEAR_OR_BELOW_LOWER_BB|CLOSE_NOT_ABOVE_MA200|TARGET_NOT_ABOVE_ENTRY
2026-07-14T16:57:31.170205+00:00,MR_DEEP_VALUE_V1,NEAR,NEARUSDT,strategy-lab-v1.0.0:MR_DEEP_VALUE_V1,1783868400000,2026-07-12T15:00:00+00:00,1.9,1.908,1.896,1.898,54.80769230769232,1.88615,1.8633265471498877,1.9465800000000002,0.016214285714285674,False,RSI_NOT_BELOW_30|CLOSE_NOT_NEAR_OR_BELOW_LOWER_BB|CLOSE_NOT_ABOVE_MA200|TARGET_NOT_ABOVE_ENTRY
2026-07-14T16:57:31.170205+00:00,MR_DEEP_VALUE_V1,NEAR,NEARUSDT,strategy-lab-v1.0.0:MR_DEEP_VALUE_V1,1783872000000,2026-07-12T16:00:00+00:00,1.899,1.909,1.89,1.899,58.58585858585865,1.8859000000000001,1.8637649599051347,1.9462050000000002,0.01671428571428568,False,RSI_NOT_BELOW_30|CLOSE_NOT_NEAR_OR_BELOW_LOWER_BB|CLOSE_NOT_ABOVE_MA200|TARGET_NOT_ABOVE_ENTRY
2026-07-14T16:57:31.170205+00:00,MR_DEEP_VALUE_V1,NEAR,NEARUSDT,strategy-lab-v1.0.0:MR_DEEP_VALUE_V1,1783875600000,2026-07-12T17:00:00+00:00,1.9,1.909,1.89,1.894,53.06122448979592,1.8851,1.865494898623029,1.9458749999999998,0.017071428571428546,False,RSI_NOT_BELOW_30|CLOSE_NOT_NEAR_OR_BELOW_LOWER_BB|CLOSE_NOT_ABOVE_MA200|TARGET_NOT_ABOVE_ENTRY
2026-07-14T16:57:31.170205+00:00,MR_DEEP_VALUE_V1,NEAR,NEARUSDT,strategy-lab-v1.0.0:MR_DEEP_VALUE_V1,1783879200000,2026-07-12T18:00:00+00:00,1.895,1.91,1.891,1.906,58.715596330275176,1.88565,1.86441535849134,1.9455999999999998,0.017785714285714262,False,RSI_NOT_BELOW_30|CLOSE_NOT_NEAR_OR_BELOW_LOWER_BB|CLOSE_NOT_ABOVE_MA200|TARGET_NOT_ABOVE_ENTRY
2026-07-14T16:57:31.170205+00:00,MR_DEEP_VALUE_V1,NEAR,NEARUSDT,strategy-lab-v1.0.0:MR_DEEP_VALUE_V1,1783882800000,2026-07-12T19:00:00+00:00,1.908,1.935,1.906,1.932,67.16417910447761,1.889,1.8616065701307543,1.945425,0.018999999999999986,False,RSI_NOT_BELOW_30|CLOSE_NOT_NEAR_OR_BELOW_LOWER_BB|CLOSE_NOT_ABOVE_MA200|TARGET_NOT_ABOVE_ENTRY
2026-07-14T16:57:31.170205+00:00,MR_DEEP_VALUE_V1,NEAR,NEARUSDT,strategy-lab-v1.0.0:MR_DEEP_VALUE_V1,1783886400000,2026-07-12T20:00:00+00:00,1.932,1.937,1.909,1.914,65.69343065693425,1.8912999999999998,1.8636225723738407,1.94511,0.019,False,RSI_NOT_BELOW_30|CLOSE_NOT_NEAR_OR_BELOW_LOWER_BB|CLOSE_NOT_ABOVE_MA200|TARGET_NOT_ABOVE_ENTRY
2026-07-14T16:57:31.170205+00:00,MR_DEEP_VALUE_V1,NEAR,NEARUSDT,strategy-lab-v1.0.0:MR_DEEP_VALUE_V1,1783890000000,2026-07-12T21:00:00+00:00,1.915,1.92,1.894,1.896,56.953642384105926,1.8916999999999997,1.8639936830307366,1.9447299999999998,0.019928571428571438,False,RSI_NOT_BELOW_30|CLOSE_NOT_NEAR_OR_BELOW_LOWER_BB|CLOSE_NOT_ABOVE_MA200|TARGET_NOT_ABOVE_ENTRY
2026-07-14T16:57:31.170205+00:00,MR_DEEP_VALUE_V1,NEAR,NEARUSDT,strategy-lab-v1.0.0:MR_DEEP_VALUE_V1,1783893600000,2026-07-12T22:00:00+00:00,1.896,1.9,1.887,1.896,54.5454545454545,1.8923999999999999,1.8650036498781082,1.9441,0.019857142857142858,False,RSI_NOT_BELOW_30|CLOSE_NOT_NEAR_OR_BELOW_LOWER_BB|CLOSE_NOT_ABOVE_MA200|TARGET_NOT_ABOVE_ENTRY
2026-07-14T16:57:31.170205+00:00,MR_DEEP_VALUE_V1,NEAR,NEARUSDT,strategy-lab-v1.0.0:MR_DEEP_VALUE_V1,1783897200000,2026-07-12T23:00:00+00:00,1.897,1.897,1.882,1.887,48.251748251748296,1.89235,1.8649180842812378,1.9433500000000001,0.01914285714285716,False,RSI_NOT_BELOW_30|CLOSE_NOT_NEAR_OR_BELOW_LOWER_BB|CLOSE_NOT_ABOVE_MA200
2026-07-14T16:57:31.170205+00:00,MR_DEEP_VALUE_V1,NEAR,NEARUSDT,strategy-lab-v1.0.0:MR_DEEP_VALUE_V1,1783900800000,2026-07-13T00:00:00+00:00,1.886,1.932,1.882,1.905,58.78378378378377,1.89325,1.8654013016461943,1.9427949999999998,0.021714285714285735,False,RSI_NOT_BELOW_30|CLOSE_NOT_NEAR_OR_BELOW_LOWER_BB|CLOSE_NOT_ABOVE_MA200|TARGET_NOT_ABOVE_ENTRY
2026-07-14T16:57:31.170205+00:00,MR_DEEP_VALUE_V1,NEAR,NEARUSDT,strategy-lab-v1.0.0:MR_DEEP_VALUE_V1,1783904400000,2026-07-13T01:00:00+00:00,1.905,1.912,1.876,1.879,46.951219512195124,1.8928999999999998,1.8645246585923396,1.942045,0.022785714285714315,False,RSI_NOT_BELOW_30|CLOSE_NOT_NEAR_OR_BELOW_LOWER_BB|CLOSE_NOT_ABOVE_MA200
2026-07-14T16:57:31.170205+00:00,MR_DEEP_VALUE_V1,NEAR,NEARUSDT,strategy-lab-v1.0.0:MR_DEEP_VALUE_V1,1783908000000,2026-07-13T02:00:00+00:00,1.878,1.9,1.874,1.889,51.785714285714285,1.8938,1.867172194983415,1.94149,0.02335714285714287,False,RSI_NOT_BELOW_30|CLOSE_NOT_NEAR_OR_BELOW_LOWER_BB|CLOSE_NOT_ABOVE_MA200
2026-07-14T16:57:31.170205+00:00,MR_DEEP_VALUE_V1,NEAR,NEARUSDT,strategy-lab-v1.0.0:MR_DEEP_VALUE_V1,1783911600000,2026-07-13T03:00:00+00:00,1.888,1.895,1.858,1.864,45.789473684210584,1.8932499999999997,1.8647061740475932,1.94081,0.025000000000000005,False,RSI_NOT_BELOW_30|CLOSE_NOT_ABOVE_MA200
2026-07-14T16:57:31.170205+00:00,MR_DEEP_VALUE_V1,NEAR,NEARUSDT,strategy-lab-v1.0.0:MR_DEEP_VALUE_V1,1783915200000,2026-07-13T04:00:00+00:00,1.863,1.873,1.861,1.862,38.95348837209309,1.8922,1.8608210261480516,1.940155,0.024357142857142872,False,RSI_NOT_BELOW_30|CLOSE_NOT_NEAR_OR_BELOW_LOWER_BB|CLOSE_NOT_ABOVE_MA200
2026-07-14T16:57:31.170205+00:00,MR_DEEP_VALUE_V1,NEAR,NEARUSDT,strategy-lab-v1.0.0:MR_DEEP_VALUE_V1,1783918800000,2026-07-13T05:00:00+00:00,1.86,1.897,1.854,1.893,48.75621890547266,1.89225,1.8608692734309533,1.9396249999999997,0.02657142857142858,False,RSI_NOT_BELOW_30|CLOSE_NOT_NEAR_OR_BELOW_LOWER_BB|CLOSE_NOT_ABOVE_MA200|TARGET_NOT_ABOVE_ENTRY
2026-07-14T16:57:31.170205+00:00,MR_DEEP_VALUE_V1,NEAR,NEARUSDT,strategy-lab-v1.0.0:MR_DEEP_VALUE_V1,1783922400000,2026-07-13T06:00:00+00:00,1.893,1.901,1.885,1.894,48.75621890547261,1.893,1.8622103913632981,1.9390749999999999,0.026357142857142857,False,RSI_NOT_BELOW_30|CLOSE_NOT_NEAR_OR_BELOW_LOWER_BB|CLOSE_NOT_ABOVE_MA200|TARGET_NOT_ABOVE_ENTRY
2026-07-14T16:57:31.170205+00:00,MR_DEEP_VALUE_V1,NEAR,NEARUSDT,strategy-lab-v1.0.0:MR_DEEP_VALUE_V1,1783926000000,2026-07-13T07:00:00+00:00,1.895,1.919,1.888,1.911,53.990610328638525,1.8941,1.8624020505394865,1.9386499999999998,0.027214285714285715,False,RSI_NOT_BELOW_30|CLOSE_NOT_NEAR_OR_BELOW_LOWER_BB|CLOSE_NOT_ABOVE_MA200|TARGET_NOT_ABOVE_ENTRY
2026-07-14T16:57:31.170205+00:00,MR_DEEP_VALUE_V1,NEAR,NEARUSDT,strategy-lab-v1.0.0:MR_DEEP_VALUE_V1,1783929600000,2026-07-13T08:00:00+00:00,1.912,1.93,1.912,1.92,53.33333333333334,1.8959500000000002,1.8627748587041255,1.938325,0.027214285714285715,False,RSI_NOT_BELOW_30|CLOSE_NOT_NEAR_OR_BELOW_LOWER_BB|CLOSE_NOT_ABOVE_MA200|TARGET_NOT_ABOVE_ENTRY
2026-07-14T16:57:31.170205+00:00,MR_DEEP_VALUE_V1,NEAR,NEARUSDT,strategy-lab-v1.0.0:MR_DEEP_VALUE_V1,1783933200000,2026-07-13T09:00:00+00:00,1.919,1.928,1.907,1.916,45.74468085106382,1.8977499999999998,1.8643262060800805,1.9380099999999998,0.026642857142857128,False,RSI_NOT_BELOW_30|CLOSE_NOT_NEAR_OR_BELOW_LOWER_BB|CLOSE_NOT_ABOVE_MA200|TARGET_NOT_ABOVE_ENTRY
2026-07-14T16:57:31.170205+00:00,MR_DEEP_VALUE_V1,NEAR,NEARUSDT,strategy-lab-v1.0.0:MR_DEEP_VALUE_V1,1783936800000,2026-07-13T10:00:00+00:00,1.916,1.927,1.907,1.921,52.000000000000036,1.8988,1.8638737920752735,1.937765,0.026071428571428554,False,RSI_NOT_BELOW_30|CLOSE_NOT_NEAR_OR_BELOW_LOWER_BB|CLOSE_NOT_ABOVE_MA200|TARGET_NOT_ABOVE_ENTRY
2026-07-14T16:57:31.170205+00:00,MR_DEEP_VALUE_V1,NEAR,NEARUSDT,strategy-lab-v1.0.0:MR_DEEP_VALUE_V1,1783940400000,2026-07-13T11:00:00+00:00,1.921,1.926,1.91,1.914,55.487804878048784,1.8996,1.8640562241735457,1.93751,0.02535714285714284,False,RSI_NOT_BELOW_30|CLOSE_NOT_NEAR_OR_BELOW_LOWER_BB|CLOSE_NOT_ABOVE_MA200|TARGET_NOT_ABOVE_ENTRY
2026-07-14T16:57:31.170205+00:00,MR_DEEP_VALUE_V1,NEAR,NEARUSDT,strategy-lab-v1.0.0:MR_DEEP_VALUE_V1,1783944000000,2026-07-13T12:00:00+00:00,1.914,1.915,1.892,1.897,50.27624309392269,1.8994999999999997,1.8639387851725893,1.937145,0.026071428571428572,False,RSI_NOT_BELOW_30|CLOSE_NOT_NEAR_OR_BELOW_LOWER_BB|CLOSE_NOT_ABOVE_MA200
2026-07-14T16:57:31.170205+00:00,MR_DEEP_VALUE_V1,NEAR,NEARUSDT,strategy-lab-v1.0.0:MR_DEEP_VALUE_V1,1783947600000,2026-07-13T13:00:00+00:00,1.896,1.914,1.887,1.912,56.68449197860961,1.9003999999999999,1.864531350736315,1.936935,0.026928571428571413,False,RSI_NOT_BELOW_30|CLOSE_NOT_NEAR_OR_BELOW_LOWER_BB|CLOSE_NOT_ABOVE_MA200|TARGET_NOT_ABOVE_ENTRY
2026-07-14T16:57:31.170205+00:00,MR_DEEP_VALUE_V1,NEAR,NEARUSDT,strategy-lab-v1.0.0:MR_DEEP_VALUE_V1,1783951200000,2026-07-13T14:00:00+00:00,1.913,1.977,1.906,1.965,63.51351351351353,1.90335,1.8577417770571885,1.937005,0.02842857142857142,False,RSI_NOT_BELOW_30|CLOSE_NOT_NEAR_OR_BELOW_LOWER_BB|TARGET_NOT_ABOVE_ENTRY
2026-07-14T16:57:31.170205+00:00,MR_DEEP_VALUE_V1,NEAR,NEARUSDT,strategy-lab-v1.0.0:MR_DEEP_VALUE_V1,1783954800000,2026-07-13T15:00:00+00:00,1.965,1.969,1.933,1.937,62.946428571428584,1.9035999999999997,1.8573165256273771,1.9369049999999999,0.02842857142857142,False,RSI_NOT_BELOW_30|CLOSE_NOT_NEAR_OR_BELOW_LOWER_BB|TARGET_NOT_ABOVE_ENTRY
2026-07-14T16:57:31.170205+00:00,MR_DEEP_VALUE_V1,NEAR,NEARUSDT,strategy-lab-v1.0.0:MR_DEEP_VALUE_V1,1783958400000,2026-07-13T16:00:00+00:00,1.937,1.96,1.92,1.946,62.78026905829596,1.9052,1.8555025151541729,1.936875,0.02942857142857144,False,RSI_NOT_BELOW_30|CLOSE_NOT_NEAR_OR_BELOW_LOWER_BB|TARGET_NOT_ABOVE_ENTRY
2026-07-14T16:57:31.170205+00:00,MR_DEEP_VALUE_V1,NEAR,NEARUSDT,strategy-lab-v1.0.0:MR_DEEP_VALUE_V1,1783962000000,2026-07-13T17:00:00+00:00,1.944,1.954,1.914,1.92,62.499999999999964,1.9064,1.8564904818696755,1.9368299999999998,0.029642857142857162,False,RSI_NOT_BELOW_30|CLOSE_NOT_NEAR_OR_BELOW_LOWER_BB|CLOSE_NOT_ABOVE_MA200|TARGET_NOT_ABOVE_ENTRY
2026-07-14T16:57:31.170205+00:00,MR_DEEP_VALUE_V1,NEAR,NEARUSDT,strategy-lab-v1.0.0:MR_DEEP_VALUE_V1,1783965600000,2026-07-13T18:00:00+00:00,1.919,1.932,1.891,1.894,56.451612903225765,1.9062999999999999,1.856299600001588,1.93658,0.03171428571428573,False,RSI_NOT_BELOW_30|CLOSE_NOT_NEAR_OR_BELOW_LOWER_BB|CLOSE_NOT_ABOVE_MA200
2026-07-14T16:57:31.170205+00:00,MR_DEEP_VALUE_V1,NEAR,NEARUSDT,strategy-lab-v1.0.0:MR_DEEP_VALUE_V1,1783969200000,2026-07-13T19:00:00+00:00,1.894,1.918,1.886,1.914,54.43037974683543,1.9076499999999998,1.8583538541060134,1.93642,0.030928571428571448,False,RSI_NOT_BELOW_30|CLOSE_NOT_NEAR_OR_BELOW_LOWER_BB|CLOSE_NOT_ABOVE_MA200|TARGET_NOT_ABOVE_ENTRY
2026-07-14T16:57:31.170205+00:00,MR_DEEP_VALUE_V1,NEAR,NEARUSDT,strategy-lab-v1.0.0:MR_DEEP_VALUE_V1,1783972800000,2026-07-13T20:00:00+00:00,1.915,1.917,1.893,1.899,50.996015936255,1.9073499999999999,1.8579201507184049,1.9361,0.03150000000000002,False,RSI_NOT_BELOW_30|CLOSE_NOT_NEAR_OR_BELOW_LOWER_BB|CLOSE_NOT_ABOVE_MA200
2026-07-14T16:57:31.170205+00:00,MR_DEEP_VALUE_V1,NEAR,NEARUSDT,strategy-lab-v1.0.0:MR_DEEP_VALUE_V1,1783976400000,2026-07-13T21:00:00+00:00,1.899,1.909,1.877,1.879,43.7007874015748,1.9073499999999999,1.8579201507184049,1.9356049999999998,0.031571428571428584,False,RSI_NOT_BELOW_30|CLOSE_NOT_NEAR_OR_BELOW_LOWER_BB|CLOSE_NOT_ABOVE_MA200
2026-07-14T16:57:31.170205+00:00,MR_DEEP_VALUE_V1,NEAR,NEARUSDT,strategy-lab-v1.0.0:MR_DEEP_VALUE_V1,1783980000000,2026-07-13T22:00:00+00:00,1.88,1.899,1.875,1.889,43.921568627450995,1.9073499999999999,1.8579201507184049,1.935165,0.03192857142857145,False,RSI_NOT_BELOW_30|CLOSE_NOT_NEAR_OR_BELOW_LOWER_BB|CLOSE_NOT_ABOVE_MA200
2026-07-14T16:57:31.170205+00:00,MR_DEEP_VALUE_V1,NEAR,NEARUSDT,strategy-lab-v1.0.0:MR_DEEP_VALUE_V1,1783983600000,2026-07-13T23:00:00+00:00,1.888,1.923,1.884,1.922,51.05633802816901,1.91025,1.8646786274070972,1.934885,0.03321428571428575,False,RSI_NOT_BELOW_30|CLOSE_NOT_NEAR_OR_BELOW_LOWER_BB|CLOSE_NOT_ABOVE_MA200|TARGET_NOT_ABOVE_ENTRY
2026-07-14T16:57:31.170205+00:00,MR_DEEP_VALUE_V1,NEAR,NEARUSDT,strategy-lab-v1.0.0:MR_DEEP_VALUE_V1,1783987200000,2026-07-14T00:00:00+00:00,1.921,1.946,1.913,1.943,53.666666666666664,1.9143000000000001,1.8723471693445943,1.9347400000000001,0.034142857142857176,False,RSI_NOT_BELOW_30|CLOSE_NOT_NEAR_OR_BELOW_LOWER_BB|TARGET_NOT_ABOVE_ENTRY
2026-07-14T16:57:31.170205+00:00,MR_DEEP_VALUE_V1,NEAR,NEARUSDT,strategy-lab-v1.0.0:MR_DEEP_VALUE_V1,1783990800000,2026-07-14T01:00:00+00:00,1.946,1.963,1.932,1.962,57.6923076923077,1.9177499999999998,1.8721786274070975,1.93468,0.035214285714285753,False,RSI_NOT_BELOW_30|CLOSE_NOT_NEAR_OR_BELOW_LOWER_BB|TARGET_NOT_ABOVE_ENTRY
2026-07-14T16:57:31.170205+00:00,MR_DEEP_VALUE_V1,NEAR,NEARUSDT,strategy-lab-v1.0.0:MR_DEEP_VALUE_V1,1783994400000,2026-07-14T02:00:00+00:00,1.962,1.968,1.942,1.958,60.20066889632107,1.92095,1.8735475739017386,1.9345499999999998,0.03542857142857146,False,RSI_NOT_BELOW_30|CLOSE_NOT_NEAR_OR_BELOW_LOWER_BB|TARGET_NOT_ABOVE_ENTRY
2026-07-14T16:57:31.170205+00:00,MR_DEEP_VALUE_V1,NEAR,NEARUSDT,strategy-lab-v1.0.0:MR_DEEP_VALUE_V1,1783998000000,2026-07-14T03:00:00+00:00,1.958,1.963,1.936,1.959,58.24561403508774,1.92335,1.8734129396139387,1.9343499999999998,0.035428571428571476,False,RSI_NOT_BELOW_30|CLOSE_NOT_NEAR_OR_BELOW_LOWER_BB|TARGET_NOT_ABOVE_ENTRY
2026-07-14T16:57:31.170205+00:00,MR_DEEP_VALUE_V1,NEAR,NEARUSDT,strategy-lab-v1.0.0:MR_DEEP_VALUE_V1,1784001600000,2026-07-14T04:00:00+00:00,1.959,1.973,1.952,1.968,50.622406639004126,1.92575,1.87220422519002,1.934155,0.0318571428571429,False,RSI_NOT_BELOW_30|CLOSE_NOT_NEAR_OR_BELOW_LOWER_BB|TARGET_NOT_ABOVE_ENTRY
2026-07-14T16:57:31.170205+00:00,MR_DEEP_VALUE_V1,NEAR,NEARUSDT,strategy-lab-v1.0.0:MR_DEEP_VALUE_V1,1784005200000,2026-07-14T05:00:00+00:00,1.967,2.001,1.963,1.991,61.4406779661017,1.9295000000000002,1.8691394168351476,1.9339849999999998,0.03200000000000003,False,RSI_NOT_BELOW_30|CLOSE_NOT_NEAR_OR_BELOW_LOWER_BB|TARGET_NOT_ABOVE_ENTRY
2026-07-14T16:57:31.170205+00:00,MR_DEEP_VALUE_V1,NEAR,NEARUSDT,strategy-lab-v1.0.0:MR_DEEP_VALUE_V1,1784008800000,2026-07-14T06:00:00+00:00,1.991,2.008,1.986,1.997,60.94420600858371,1.9333000000000002,1.8663489731221317,1.933835,0.030714285714285743,False,RSI_NOT_BELOW_30|CLOSE_NOT_NEAR_OR_BELOW_LOWER_BB|TARGET_NOT_ABOVE_ENTRY
2026-07-14T16:57:31.170205+00:00,MR_DEEP_VALUE_V1,NEAR,NEARUSDT,strategy-lab-v1.0.0:MR_DEEP_VALUE_V1,1784012400000,2026-07-14T07:00:00+00:00,1.997,2.01,1.985,1.99,66.35514018691589,1.9370999999999998,1.866437704537702,1.933715,0.029642857142857144,False,RSI_NOT_BELOW_30|CLOSE_NOT_NEAR_OR_BELOW_LOWER_BB|TARGET_NOT_ABOVE_ENTRY
2026-07-14T16:57:31.170205+00:00,MR_DEEP_VALUE_V1,NEAR,NEARUSDT,strategy-lab-v1.0.0:MR_DEEP_VALUE_V1,1784016000000,2026-07-14T08:00:00+00:00,1.99,2.007,1.983,1.986,73.95833333333333,1.94155,1.8703419246152444,1.933545,0.02842857142857144,False,RSI_NOT_BELOW_30|CLOSE_NOT_NEAR_OR_BELOW_LOWER_BB|TARGET_NOT_ABOVE_ENTRY
2026-07-14T16:57:31.170205+00:00,MR_DEEP_VALUE_V1,NEAR,NEARUSDT,strategy-lab-v1.0.0:MR_DEEP_VALUE_V1,1784019600000,2026-07-14T09:00:00+00:00,1.987,1.988,1.972,1.984,70.11494252873563,1.9451500000000004,1.8730077100446556,1.933455,0.027285714285714295,False,RSI_NOT_BELOW_30|CLOSE_NOT_NEAR_OR_BELOW_LOWER_BB|TARGET_NOT_ABOVE_ENTRY
2026-07-14T16:57:31.170205+00:00,MR_DEEP_VALUE_V1,NEAR,NEARUSDT,strategy-lab-v1.0.0:MR_DEEP_VALUE_V1,1784023200000,2026-07-14T10:00:00+00:00,1.983,1.994,1.97,1.97,70.52023121387279,1.9454,1.8729502933063147,1.93328,0.027285714285714295,False,RSI_NOT_BELOW_30|CLOSE_NOT_NEAR_OR_BELOW_LOWER_BB|TARGET_NOT_ABOVE_ENTRY
2026-07-14T16:57:31.170205+00:00,MR_DEEP_VALUE_V1,NEAR,NEARUSDT,strategy-lab-v1.0.0:MR_DEEP_VALUE_V1,1784026800000,2026-07-14T11:00:00+00:00,1.97,1.991,1.967,1.986,81.65680473372775,1.94785,1.8734153978313781,1.933235,0.02671428571428572,False,RSI_NOT_BELOW_30|CLOSE_NOT_NEAR_OR_BELOW_LOWER_BB|TARGET_NOT_ABOVE_ENTRY
2026-07-14T16:57:31.170205+00:00,MR_DEEP_VALUE_V1,NEAR,NEARUSDT,strategy-lab-v1.0.0:MR_DEEP_VALUE_V1,1784030400000,2026-07-14T12:00:00+00:00,1.985,2.038,1.974,2.027,84.49999999999996,1.9518999999999997,1.8698807339706027,1.9334349999999998,0.029571428571428564,False,RSI_NOT_BELOW_30|CLOSE_NOT_NEAR_OR_BELOW_LOWER_BB|TARGET_NOT_ABOVE_ENTRY
2026-07-14T16:57:31.170205+00:00,MR_DEEP_VALUE_V1,NEAR,NEARUSDT,strategy-lab-v1.0.0:MR_DEEP_VALUE_V1,1784034000000,2026-07-14T13:00:00+00:00,2.03,2.031,2.015,2.024,79.99999999999991,1.9571,1.8707567315883804,1.933655,0.027928571428571414,False,RSI_NOT_BELOW_30|CLOSE_NOT_NEAR_OR_BELOW_LOWER_BB|TARGET_NOT_ABOVE_ENTRY
2026-07-14T16:57:31.170205+00:00,MR_DEEP_VALUE_V1,NEAR,NEARUSDT,strategy-lab-v1.0.0:MR_DEEP_VALUE_V1,1784037600000,2026-07-14T14:00:00+00:00,2.026,2.044,2.018,2.04,79.39393939393929,1.9644000000000001,1.8759683314643394,1.933955,0.027428571428571438,False,RSI_NOT_BELOW_30|CLOSE_NOT_NEAR_OR_BELOW_LOWER_BB|TARGET_NOT_ABOVE_ENTRY
2026-07-14T16:57:31.170205+00:00,MR_DEEP_VALUE_V1,NEAR,NEARUSDT,strategy-lab-v1.0.0:MR_DEEP_VALUE_V1,1784041200000,2026-07-14T15:00:00+00:00,2.041,2.064,2.036,2.044,77.33333333333326,1.9708999999999999,1.8791919850830858,1.934235,0.027214285714285715,False,RSI_NOT_BELOW_30|CLOSE_NOT_NEAR_OR_BELOW_LOWER_BB|TARGET_NOT_ABOVE_ENTRY
2026-07-14T16:57:31.170205+00:00,MR_DEEP_VALUE_V1,NEAR,NEARUSDT,strategy-lab-v1.0.0:MR_DEEP_VALUE_V1,1784044800000,2026-07-14T16:00:00+00:00,2.043,2.043,2.025,2.041,77.85234899328844,1.9780000000000002,1.8876805668751135,1.934545,0.02671428571428572,False,RSI_NOT_BELOW_30|CLOSE_NOT_NEAR_OR_BELOW_LOWER_BB|TARGET_NOT_ABOVE_ENTRY
2026-07-14T16:57:31.170205+00:00,MR_DEEP_VALUE_V1,PAXG,PAXGUSDT,strategy-lab-v1.0.0:MR_DEEP_VALUE_V1,1783828800000,2026-07-12T04:00:00+00:00,4100.09,4100.61,4099.43,4099.47,45.29206625980898,4103.26,4094.0115558066213,4123.43595,2.7942857142858037,False,RSI_NOT_BELOW_30|CLOSE_NOT_NEAR_OR_BELOW_LOWER_BB|CLOSE_NOT_ABOVE_MA200
2026-07-14T16:57:31.170205+00:00,MR_DEEP_VALUE_V1,PAXG,PAXGUSDT,strategy-lab-v1.0.0:MR_DEEP_VALUE_V1,1783832400000,2026-07-12T05:00:00+00:00,4099.83,4099.86,4096.05,4098.24,42.173730591691026,4102.617,4093.863321687542,4123.077850000001,2.6164285714286115,False,RSI_NOT_BELOW_30|CLOSE_NOT_NEAR_OR_BELOW_LOWER_BB|CLOSE_NOT_ABOVE_MA200
2026-07-14T16:57:31.170205+00:00,MR_DEEP_VALUE_V1,PAXG,PAXGUSDT,strategy-lab-v1.0.0:MR_DEEP_VALUE_V1,1783836000000,2026-07-12T06:00:00+00:00,4098.13,4098.14,4095.84,4096.37,34.49141900376955,4101.9105,4093.5434826701526,4122.728050000001,2.551428571428557,False,RSI_NOT_BELOW_30|CLOSE_NOT_NEAR_OR_BELOW_LOWER_BB|CLOSE_NOT_ABOVE_MA200
2026-07-14T16:57:31.170205+00:00,MR_DEEP_VALUE_V1,PAXG,PAXGUSDT,strategy-lab-v1.0.0:MR_DEEP_VALUE_V1,1783839600000,2026-07-12T07:00:00+00:00,4096.67,4096.79,4095.2,4095.98,28.103989242494833,4101.1805,4093.4424447534975,4122.38255,2.5114285714285285,False,CLOSE_NOT_NEAR_OR_BELOW_LOWER_BB|CLOSE_NOT_ABOVE_MA200
2026-07-14T16:57:31.170205+00:00,MR_DEEP_VALUE_V1,PAXG,PAXGUSDT,strategy-lab-v1.0.0:MR_DEEP_VALUE_V1,1783843200000,2026-07-12T08:00:00+00:00,4095.89,4096.37,4095.86,4096.37,33.467336683419234,4100.5765,4093.332378866426,4122.0849,2.341428571428488,False,RSI_NOT_BELOW_30|CLOSE_NOT_NEAR_OR_BELOW_LOWER_BB|CLOSE_NOT_ABOVE_MA200
2026-07-14T16:57:31.170205+00:00,MR_DEEP_VALUE_V1,PAXG,PAXGUSDT,strategy-lab-v1.0.0:MR_DEEP_VALUE_V1,1783846800000,2026-07-12T09:00:00+00:00,4095.79,4097.12,4095.71,4097.12,33.866133866135584,4099.9165,4094.0737942057763,4121.77395,2.369999999999891,False,RSI_NOT_BELOW_30|CLOSE_NOT_NEAR_OR_BELOW_LOWER_BB|CLOSE_NOT_ABOVE_MA200
2026-07-14T16:57:31.170205+00:00,MR_DEEP_VALUE_V1,PAXG,PAXGUSDT,strategy-lab-v1.0.0:MR_DEEP_VALUE_V1,1783850400000,2026-07-12T10:00:00+00:00,4096.68,4097.65,4096.68,4097.64,33.33333333333562,4099.717,4093.8495232000587,4121.4651,2.303571428571234,False,RSI_NOT_BELOW_30|CLOSE_NOT_NEAR_OR_BELOW_LOWER_BB|CLOSE_NOT_ABOVE_MA200
2026-07-14T16:57:31.170205+00:00,MR_DEEP_VALUE_V1,PAXG,PAXGUSDT,strategy-lab-v1.0.0:MR_DEEP_VALUE_V1,1783854000000,2026-07-12T11:00:00+00:00,4097.71,4097.71,4095.63,4095.63,40.61349693251805,4099.4,4093.3708342204054,4121.1371,2.0028571428569455,False,RSI_NOT_BELOW_30|CLOSE_NOT_NEAR_OR_BELOW_LOWER_BB|CLOSE_NOT_ABOVE_MA200
2026-07-14T16:57:31.170205+00:00,MR_DEEP_VALUE_V1,PAXG,PAXGUSDT,strategy-lab-v1.0.0:MR_DEEP_VALUE_V1,1783857600000,2026-07-12T12:00:00+00:00,4095.54,4095.68,4094.84,4094.99,33.24708926261427,4098.960499999999,4092.9913343130875,4120.804700000001,1.9449999999998064,False,RSI_NOT_BELOW_30|CLOSE_NOT_NEAR_OR_BELOW_LOWER_BB|CLOSE_NOT_ABOVE_MA200
2026-07-14T16:57:31.170205+00:00,MR_DEEP_VALUE_V1,PAXG,PAXGUSDT,strategy-lab-v1.0.0:MR_DEEP_VALUE_V1,1783861200000,2026-07-12T13:00:00+00:00,4094.8,4095.77,4093.39,4093.39,33.57282821685297,4098.3425,4092.766670465502,4120.4766,1.9342857142855467,False,RSI_NOT_BELOW_30|CLOSE_NOT_NEAR_OR_BELOW_LOWER_BB|CLOSE_NOT_ABOVE_MA200
2026-07-14T16:57:31.170205+00:00,MR_DEEP_VALUE_V1,PAXG,PAXGUSDT,strategy-lab-v1.0.0:MR_DEEP_VALUE_V1,1783864800000,2026-07-12T14:00:00+00:00,4094.02,4095.19,4092.75,4095.13,45.382585751980606,4097.9515,4092.6320478667667,4120.15325,1.8785714285712791,False,RSI_NOT_BELOW_30|CLOSE_NOT_NEAR_OR_BELOW_LOWER_BB|CLOSE_NOT_ABOVE_MA200
2026-07-14T16:57:31.170205+00:00,MR_DEEP_VALUE_V1,PAXG,PAXGUSDT,strategy-lab-v1.0.0:MR_DEEP_VALUE_V1,1783868400000,2026-07-12T15:00:00+00:00,4095.8,4098.36,4095.24,4097.09,48.9833641404809,4097.6269999999995,4092.9699833586565,4119.83265,1.8728571428569336,False,RSI_NOT_BELOW_30|CLOSE_NOT_NEAR_OR_BELOW_LOWER_BB|CLOSE_NOT_ABOVE_MA200
2026-07-14T16:57:31.170205+00:00,MR_DEEP_VALUE_V1,PAXG,PAXGUSDT,strategy-lab-v1.0.0:MR_DEEP_VALUE_V1,1783872000000,2026-07-12T16:00:00+00:00,4097.19,4097.91,4096.71,4096.71,39.902845246358375,4097.2495,4093.715858960261,4119.51215,1.800714285714061,False,RSI_NOT_BELOW_30|CLOSE_NOT_NEAR_OR_BELOW_LOWER_BB|CLOSE_NOT_ABOVE_MA200
2026-07-14T16:57:31.170205+00:00,MR_DEEP_VALUE_V1,PAXG,PAXGUSDT,strategy-lab-v1.0.0:MR_DEEP_VALUE_V1,1783875600000,2026-07-12T17:00:00+00:00,4096.72,4096.72,4093.01,4093.28,30.71633237822475,4096.979,4093.1150232922914,4119.15475,1.9821428571426298,False,RSI_NOT_BELOW_30|CLOSE_NOT_NEAR_OR_BELOW_LOWER_BB|CLOSE_NOT_ABOVE_MA200
2026-07-14T16:57:31.170205+00:00,MR_DEEP_VALUE_V1,PAXG,PAXGUSDT,strategy-lab-v1.0.0:MR_DEEP_VALUE_V1,1783879200000,2026-07-12T18:00:00+00:00,4093.27,4093.58,4092.12,4092.85,30.911188004614274,4096.613,4092.642140647455,4118.8054999999995,2.0021428571426765,False,RSI_NOT_BELOW_30|CLOSE_NOT_NEAR_OR_BELOW_LOWER_BB|CLOSE_NOT_ABOVE_MA200
2026-07-14T16:57:31.170205+00:00,MR_DEEP_VALUE_V1,PAXG,PAXGUSDT,strategy-lab-v1.0.0:MR_DEEP_VALUE_V1,1783882800000,2026-07-12T19:00:00+00:00,4092.59,4093.76,4091.66,4093.76,36.83901292597177,4096.38,4092.3148505565373,4118.46325,1.8799999999998818,False,RSI_NOT_BELOW_30|CLOSE_NOT_NEAR_OR_BELOW_LOWER_BB|CLOSE_NOT_ABOVE_MA200
2026-07-14T16:57:31.170205+00:00,MR_DEEP_VALUE_V1,PAXG,PAXGUSDT,strategy-lab-v1.0.0:MR_DEEP_VALUE_V1,1783886400000,2026-07-12T20:00:00+00:00,4093.5,4097.28,4092.84,4097.28,52.43706480985486,4096.4175000000005,4092.33371315472,4118.1363,2.025714285714165,False,RSI_NOT_BELOW_30|CLOSE_NOT_NEAR_OR_BELOW_LOWER_BB|CLOSE_NOT_ABOVE_MA200|TARGET_NOT_ABOVE_ENTRY
2026-07-14T16:57:31.170205+00:00,MR_DEEP_VALUE_V1,PAXG,PAXGUSDT,strategy-lab-v1.0.0:MR_DEEP_VALUE_V1,1783890000000,2026-07-12T21:00:00+00:00,4096.85,4097.21,4085.0,4085.0,32.035340314136604,4095.7965000000004,4089.392937632251,4117.74735,2.789285714285565,False,RSI_NOT_BELOW_30|CLOSE_NOT_ABOVE_MA200
2026-07-14T16:57:31.170205+00:00,MR_DEEP_VALUE_V1,PAXG,PAXGUSDT,strategy-lab-v1.0.0:MR_DEEP_VALUE_V1,1783893600000,2026-07-12T22:00:00+00:00,4090.41,4092.66,4065.0,4068.18,20.004256224729346,4094.2244999999994,4080.7808673436975,4117.27215,4.728571428571286,False,CLOSE_NOT_ABOVE_MA200
2026-07-14T16:57:31.170205+00:00,MR_DEEP_VALUE_V1,PAXG,PAXGUSDT,strategy-lab-v1.0.0:MR_DEEP_VALUE_V1,1783897200000,2026-07-12T23:00:00+00:00,4067.14,4077.5,4064.13,4077.5,32.343412526998364,4093.0989999999997,4078.1019457559983,4116.834,5.582857142857002,False,RSI_NOT_BELOW_30|CLOSE_NOT_ABOVE_MA200
2026-07-14T16:57:31.170205+00:00,MR_DEEP_VALUE_V1,PAXG,PAXGUSDT,strategy-lab-v1.0.0:MR_DEEP_VALUE_V1,1783900800000,2026-07-13T00:00:00+00:00,4077.72,4082.98,4055.48,4062.32,24.85046995158089,4091.2415,4071.4308500612065,4116.3300500000005,7.477857142857049,False,CLOSE_NOT_ABOVE_MA200
2026-07-14T16:57:31.170205+00:00,MR_DEEP_VALUE_V1,PAXG,PAXGUSDT,strategy-lab-v1.0.0:MR_DEEP_VALUE_V1,1783904400000,2026-07-13T01:00:00+00:00,4063.31,4081.13,4061.5,4066.48,29.860439408594758,4089.6534999999994,4067.4002878498995,4115.8287,8.731428571428491,False,CLOSE_NOT_ABOVE_MA200
2026-07-14T16:57:31.170205+00:00,MR_DEEP_VALUE_V1,PAXG,PAXGUSDT,strategy-lab-v1.0.0:MR_DEEP_VALUE_V1,1783908000000,2026-07-13T02:00:00+00:00,4066.93,4069.28,4059.79,4062.32,28.475424957175065,4087.951,4062.9707438764676,4115.33,9.349285714285672,False,CLOSE_NOT_ABOVE_MA200
2026-07-14T16:57:31.170205+00:00,MR_DEEP_VALUE_V1,PAXG,PAXGUSDT,strategy-lab-v1.0.0:MR_DEEP_VALUE_V1,1783911600000,2026-07-13T03:00:00+00:00,4060.01,4060.21,4047.41,4052.33,25.640721404841088,4085.7685000000006,4056.6852035740935,4114.78275,10.244285714285686,False,CLOSE_NOT_ABOVE_MA200
2026-07-14T16:57:31.170205+00:00,MR_DEEP_VALUE_V1,PAXG,PAXGUSDT,strategy-lab-v1.0.0:MR_DEEP_VALUE_V1,1783915200000,2026-07-13T04:00:00+00:00,4052.11,4052.11,4045.37,4048.9,23.112713737350163,4083.3949999999995,4050.6431600517303,4114.21005,10.567142857142828,False,CLOSE_NOT_ABOVE_MA200
2026-07-14T16:57:31.170205+00:00,MR_DEEP_VALUE_V1,PAXG,PAXGUSDT,strategy-lab-v1.0.0:MR_DEEP_VALUE_V1,1783918800000,2026-07-13T05:00:00+00:00,4051.74,4065.4,4047.12,4048.06,21.107837360046986,4080.942,4045.4363454644626,4113.6303,11.642142857142874,False,CLOSE_NOT_NEAR_OR_BELOW_LOWER_BB|CLOSE_NOT_ABOVE_MA200
2026-07-14T16:57:31.170205+00:00,MR_DEEP_VALUE_V1,PAXG,PAXGUSDT,strategy-lab-v1.0.0:MR_DEEP_VALUE_V1,1783922400000,2026-07-13T06:00:00+00:00,4048.77,4055.93,4038.8,4044.81,20.41723666210659,4078.3005,4040.3784607748107,4113.03345,12.780000000000005,False,CLOSE_NOT_NEAR_OR_BELOW_LOWER_BB|CLOSE_NOT_ABOVE_MA200
2026-07-14T16:57:31.170205+00:00,MR_DEEP_VALUE_V1,PAXG,PAXGUSDT,strategy-lab-v1.0.0:MR_DEEP_VALUE_V1,1783926000000,2026-07-13T07:00:00+00:00,4046.44,4060.0,4046.38,4060.0,33.27301970245266,4076.5189999999993,4038.673188659817,4112.5108,13.600000000000007,False,RSI_NOT_BELOW_30|CLOSE_NOT_NEAR_OR_BELOW_LOWER_BB|CLOSE_NOT_ABOVE_MA200
2026-07-14T16:57:31.170205+00:00,MR_DEEP_VALUE_V1,PAXG,PAXGUSDT,strategy-lab-v1.0.0:MR_DEEP_VALUE_V1,1783929600000,2026-07-13T08:00:00+00:00,4060.74,4072.41,4058.28,4068.33,38.58260383684109,4075.186,4038.1674336312626,4112.0401,14.50499999999998,False,RSI_NOT_BELOW_30|CLOSE_NOT_NEAR_OR_BELOW_LOWER_BB|CLOSE_NOT_ABOVE_MA200
2026-07-14T16:57:31.170205+00:00,MR_DEEP_VALUE_V1,PAXG,PAXGUSDT,strategy-lab-v1.0.0:MR_DEEP_VALUE_V1,1783933200000,2026-07-13T09:00:00+00:00,4069.53,4069.53,4062.3,4063.61,36.44212609047562,4073.697,4037.3372777238806,4111.5361,14.871428571428526,False,RSI_NOT_BELOW_30|CLOSE_NOT_NEAR_OR_BELOW_LOWER_BB|CLOSE_NOT_ABOVE_MA200
2026-07-14T16:57:31.170205+00:00,MR_DEEP_VALUE_V1,PAXG,PAXGUSDT,strategy-lab-v1.0.0:MR_DEEP_VALUE_V1,1783936800000,2026-07-13T10:00:00+00:00,4062.37,4062.63,4042.07,4054.05,31.561886889021693,4071.643,4035.7197489779055,4111.0027,16.092857142857124,False,RSI_NOT_BELOW_30|CLOSE_NOT_NEAR_OR_BELOW_LOWER_BB|CLOSE_NOT_ABOVE_MA200
2026-07-14T16:57:31.170205+00:00,MR_DEEP_VALUE_V1,PAXG,PAXGUSDT,strategy-lab-v1.0.0:MR_DEEP_VALUE_V1,1783940400000,2026-07-13T11:00:00+00:00,4053.17,4060.0,4049.06,4050.01,33.94806863014962,4069.2889999999998,4034.183415316131,4110.452850000001,15.99714285714286,False,RSI_NOT_BELOW_30|CLOSE_NOT_NEAR_OR_BELOW_LOWER_BB|CLOSE_NOT_ABOVE_MA200
2026-07-14T16:57:31.170205+00:00,MR_DEEP_VALUE_V1,PAXG,PAXGUSDT,strategy-lab-v1.0.0:MR_DEEP_VALUE_V1,1783944000000,2026-07-13T12:00:00+00:00,4050.57,4059.04,4048.94,4058.48,45.18084260731326,4067.3775,4034.350671587387,4109.935,14.742857142857149,False,RSI_NOT_BELOW_30|CLOSE_NOT_NEAR_OR_BELOW_LOWER_BB|CLOSE_NOT_ABOVE_MA200
2026-07-14T16:57:31.170205+00:00,MR_DEEP_VALUE_V1,PAXG,PAXGUSDT,strategy-lab-v1.0.0:MR_DEEP_VALUE_V1,1783947600000,2026-07-13T13:00:00+00:00,4058.43,4058.53,4033.55,4033.55,31.096774193548313,4064.3909999999996,4030.4827898438143,4109.289,15.572142857142873,False,RSI_NOT_BELOW_30|CLOSE_NOT_NEAR_OR_BELOW_LOWER_BB|CLOSE_NOT_ABOVE_MA200
2026-07-14T16:57:31.170205+00:00,MR_DEEP_VALUE_V1,PAXG,PAXGUSDT,strategy-lab-v1.0.0:MR_DEEP_VALUE_V1,1783951200000,2026-07-13T14:00:00+00:00,4035.0,4036.75,3997.44,4009.79,28.959384763277882,4060.2380000000003,4021.314382696417,4108.5252,16.415714285714298,False,CLOSE_NOT_ABOVE_MA200
2026-07-14T16:57:31.170205+00:00,MR_DEEP_VALUE_V1,PAXG,PAXGUSDT,strategy-lab-v1.0.0:MR_DEEP_VALUE_V1,1783954800000,2026-07-13T15:00:00+00:00,4012.08,4014.69,4007.03,4010.52,26.952224052718208,4056.076,4014.658732876304,4107.76505,15.56071428571428,False,CLOSE_NOT_ABOVE_MA200
2026-07-14T16:57:31.170205+00:00,MR_DEEP_VALUE_V1,PAXG,PAXGUSDT,strategy-lab-v1.0.0:MR_DEEP_VALUE_V1,1783958400000,2026-07-13T16:00:00+00:00,4010.98,4013.15,3984.24,3990.0,23.75145180023219,4050.7120000000004,4004.517263676526,4106.8966,16.947857142857142,False,CLOSE_NOT_ABOVE_MA200
2026-07-14T16:57:31.170205+00:00,MR_DEEP_VALUE_V1,PAXG,PAXGUSDT,strategy-lab-v1.0.0:MR_DEEP_VALUE_V1,1783962000000,2026-07-13T17:00:00+00:00,3992.27,3998.28,3990.0,3990.64,25.979285102406223,4045.994,3995.679874587795,4106.0376,16.474285714285706,False,CLOSE_NOT_ABOVE_MA200
2026-07-14T16:57:31.170205+00:00,MR_DEEP_VALUE_V1,PAXG,PAXGUSDT,strategy-lab-v1.0.0:MR_DEEP_VALUE_V1,1783965600000,2026-07-13T18:00:00+00:00,3989.41,4001.93,3983.84,3998.78,31.174879807692335,4042.5240000000003,3989.319336144329,4105.20225,17.26928571428568,False,RSI_NOT_BELOW_30|CLOSE_NOT_NEAR_OR_BELOW_LOWER_BB|CLOSE_NOT_ABOVE_MA200
2026-07-14T16:57:31.170205+00:00,MR_DEEP_VALUE_V1,PAXG,PAXGUSDT,strategy-lab-v1.0.0:MR_DEEP_VALUE_V1,1783969200000,2026-07-13T19:00:00+00:00,3996.05,4000.89,3991.12,3998.6,31.330212894458697,4038.579,3984.6375169281123,4104.3597,16.661428571428523,False,RSI_NOT_BELOW_30|CLOSE_NOT_NEAR_OR_BELOW_LOWER_BB|CLOSE_NOT_ABOVE_MA200
2026-07-14T16:57:31.170205+00:00,MR_DEEP_VALUE_V1,PAXG,PAXGUSDT,strategy-lab-v1.0.0:MR_DEEP_VALUE_V1,1783972800000,2026-07-13T20:00:00+00:00,3999.12,4002.07,3993.21,3998.72,32.181241784582014,4035.399,3979.953035710481,4103.520399999999,16.07071428571427,False,RSI_NOT_BELOW_30|CLOSE_NOT_NEAR_OR_BELOW_LOWER_BB|CLOSE_NOT_ABOVE_MA200
2026-07-14T16:57:31.170205+00:00,MR_DEEP_VALUE_V1,PAXG,PAXGUSDT,strategy-lab-v1.0.0:MR_DEEP_VALUE_V1,1783976400000,2026-07-13T21:00:00+00:00,3998.71,4001.37,3995.25,4001.0,24.660711218003797,4032.125,3976.6738396875735,4102.70105,15.422857142857115,False,CLOSE_NOT_NEAR_OR_BELOW_LOWER_BB|CLOSE_NOT_ABOVE_MA200
2026-07-14T16:57:31.170205+00:00,MR_DEEP_VALUE_V1,PAXG,PAXGUSDT,strategy-lab-v1.0.0:MR_DEEP_VALUE_V1,1783980000000,2026-07-13T22:00:00+00:00,3997.6,4000.99,3994.76,3994.76,17.825592582874236,4028.7470000000003,3972.8357427793453,4101.852,14.859285714285695,False,CLOSE_NOT_NEAR_OR_BELOW_LOWER_BB|CLOSE_NOT_ABOVE_MA200
2026-07-14T16:57:31.170205+00:00,MR_DEEP_VALUE_V1,PAXG,PAXGUSDT,strategy-lab-v1.0.0:MR_DEEP_VALUE_V1,1783983600000,2026-07-13T23:00:00+00:00,3994.26,3996.1,3987.72,3995.35,19.029038112522528,4025.8979999999997,3969.2813785536955,4101.00445,14.94142857142856,False,CLOSE_NOT_NEAR_OR_BELOW_LOWER_BB|CLOSE_NOT_ABOVE_MA200
2026-07-14T16:57:31.170205+00:00,MR_DEEP_VALUE_V1,PAXG,PAXGUSDT,strategy-lab-v1.0.0:MR_DEEP_VALUE_V1,1783987200000,2026-07-14T00:00:00+00:00,3995.04,4000.33,3979.8,3996.05,21.38346161436752,4023.2555,3966.2478442071683,4100.16385,14.869285714285686,False,CLOSE_NOT_NEAR_OR_BELOW_LOWER_BB|CLOSE_NOT_ABOVE_MA200
2026-07-14T16:57:31.170205+00:00,MR_DEEP_VALUE_V1,PAXG,PAXGUSDT,strategy-lab-v1.0.0:MR_DEEP_VALUE_V1,1783990800000,2026-07-14T01:00:00+00:00,3992.28,4005.13,3987.53,4002.79,27.306805074971024,4020.9919999999997,3964.51108478084,4099.34735,15.344999999999962,False,CLOSE_NOT_NEAR_OR_BELOW_LOWER_BB|CLOSE_NOT_ABOVE_MA200
2026-07-14T16:57:31.170205+00:00,MR_DEEP_VALUE_V1,PAXG,PAXGUSDT,strategy-lab-v1.0.0:MR_DEEP_VALUE_V1,1783994400000,2026-07-14T02:00:00+00:00,4002.88,4011.99,4002.88,4010.09,26.48002333041717,4019.2560000000003,3963.683072274409,4098.5676,15.280714285714241,False,CLOSE_NOT_NEAR_OR_BELOW_LOWER_BB|CLOSE_NOT_ABOVE_MA200
2026-07-14T16:57:31.170205+00:00,MR_DEEP_VALUE_V1,PAXG,PAXGUSDT,strategy-lab-v1.0.0:MR_DEEP_VALUE_V1,1783998000000,2026-07-14T03:00:00+00:00,4007.66,4011.86,4005.72,4010.22,35.05828102984481,4016.7670000000007,3964.346727547507,4097.78185,13.934999999999977,False,RSI_NOT_BELOW_30|CLOSE_NOT_NEAR_OR_BELOW_LOWER_BB|CLOSE_NOT_ABOVE_MA200
2026-07-14T16:57:31.170205+00:00,MR_DEEP_VALUE_V1,PAXG,PAXGUSDT,strategy-lab-v1.0.0:MR_DEEP_VALUE_V1,1784001600000,2026-07-14T04:00:00+00:00,4010.31,4016.18,4007.04,4015.45,54.75310715485376,4014.1230000000005,3967.3413762146556,4097.0028999999995,11.779999999999973,False,RSI_NOT_BELOW_30|CLOSE_NOT_NEAR_OR_BELOW_LOWER_BB|CLOSE_NOT_ABOVE_MA200|TARGET_NOT_ABOVE_ENTRY
2026-07-14T16:57:31.170205+00:00,MR_DEEP_VALUE_V1,PAXG,PAXGUSDT,strategy-lab-v1.0.0:MR_DEEP_VALUE_V1,1784005200000,2026-07-14T05:00:00+00:00,4015.59,4025.06,4013.35,4024.65,60.388178209086945,4012.175,3970.8747285724,4096.253549999999,12.0692857142857,False,RSI_NOT_BELOW_30|CLOSE_NOT_NEAR_OR_BELOW_LOWER_BB|CLOSE_NOT_ABOVE_MA200|TARGET_NOT_ABOVE_ENTRY
2026-07-14T16:57:31.170205+00:00,MR_DEEP_VALUE_V1,PAXG,PAXGUSDT,strategy-lab-v1.0.0:MR_DEEP_VALUE_V1,1784008800000,2026-07-14T06:00:00+00:00,4024.13,4025.32,4013.74,4014.94,71.80069930069925,4010.2195,3973.5965233460834,4095.41575,10.831428571428562,False,RSI_NOT_BELOW_30|CLOSE_NOT_NEAR_OR_BELOW_LOWER_BB|CLOSE_NOT_ABOVE_MA200|TARGET_NOT_ABOVE_ENTRY
2026-07-14T16:57:31.170205+00:00,MR_DEEP_VALUE_V1,PAXG,PAXGUSDT,strategy-lab-v1.0.0:MR_DEEP_VALUE_V1,1784012400000,2026-07-14T07:00:00+00:00,4014.94,4021.61,4010.28,4010.28,66.0405096373736,4008.233,3976.47136207005,4094.6220499999995,11.049285714285686,False,RSI_NOT_BELOW_30|CLOSE_NOT_NEAR_OR_BELOW_LOWER_BB|CLOSE_NOT_ABOVE_MA200|TARGET_NOT_ABOVE_ENTRY
2026-07-14T16:57:31.170205+00:00,MR_DEEP_VALUE_V1,PAXG,PAXGUSDT,strategy-lab-v1.0.0:MR_DEEP_VALUE_V1,1784016000000,2026-07-14T08:00:00+00:00,4009.79,4015.4,4008.22,4008.22,58.56002901704711,4005.72,3983.843327492666,4093.8378500000003,10.270000000000014,False,RSI_NOT_BELOW_30|CLOSE_NOT_NEAR_OR_BELOW_LOWER_BB|CLOSE_NOT_ABOVE_MA200|TARGET_NOT_ABOVE_ENTRY
2026-07-14T16:57:31.170205+00:00,MR_DEEP_VALUE_V1,PAXG,PAXGUSDT,strategy-lab-v1.0.0:MR_DEEP_VALUE_V1,1784019600000,2026-07-14T09:00:00+00:00,4012.08,4015.42,4008.71,4012.02,61.41933287950989,4004.6435000000006,3986.560645938955,4093.0092999999997,10.086428571428607,False,RSI_NOT_BELOW_30|CLOSE_NOT_NEAR_OR_BELOW_LOWER_BB|CLOSE_NOT_ABOVE_MA200|TARGET_NOT_ABOVE_ENTRY
2026-07-14T16:57:31.170205+00:00,MR_DEEP_VALUE_V1,PAXG,PAXGUSDT,strategy-lab-v1.0.0:MR_DEEP_VALUE_V1,1784023200000,2026-07-14T10:00:00+00:00,4012.02,4014.35,4008.26,4012.85,61.87993946527665,4004.7964999999995,3986.4916369578164,4092.2396000000003,9.888571428571433,False,RSI_NOT_BELOW_30|CLOSE_NOT_NEAR_OR_BELOW_LOWER_BB|CLOSE_NOT_ABOVE_MA200|TARGET_NOT_ABOVE_ENTRY
2026-07-14T16:57:31.170205+00:00,MR_DEEP_VALUE_V1,PAXG,PAXGUSDT,strategy-lab-v1.0.0:MR_DEEP_VALUE_V1,1784026800000,2026-07-14T11:00:00+00:00,4013.92,4023.46,4010.82,4023.23,66.44960781411865,4005.432,3985.5609239346954,4091.5688,10.354285714285718,False,RSI_NOT_BELOW_30|CLOSE_NOT_NEAR_OR_BELOW_LOWER_BB|CLOSE_NOT_ABOVE_MA200|TARGET_NOT_ABOVE_ENTRY
2026-07-14T16:57:31.170205+00:00,MR_DEEP_VALUE_V1,PAXG,PAXGUSDT,strategy-lab-v1.0.0:MR_DEEP_VALUE_V1,1784030400000,2026-07-14T12:00:00+00:00,4022.6,4093.46,4017.1,4067.66,84.46482602117979,4009.3149999999996,3976.736105298164,4091.1560000000004,15.36285714285717,False,RSI_NOT_BELOW_30|CLOSE_NOT_NEAR_OR_BELOW_LOWER_BB|CLOSE_NOT_ABOVE_MA200|TARGET_NOT_ABOVE_ENTRY
2026-07-14T16:57:31.170205+00:00,MR_DEEP_VALUE_V1,PAXG,PAXGUSDT,strategy-lab-v1.0.0:MR_DEEP_VALUE_V1,1784034000000,2026-07-14T13:00:00+00:00,4065.89,4078.15,4063.4,4066.09,83.13659359190561,4013.0875,3973.3460058786986,4090.78785,15.817857142857163,False,RSI_NOT_BELOW_30|CLOSE_NOT_NEAR_OR_BELOW_LOWER_BB|CLOSE_NOT_ABOVE_MA200|TARGET_NOT_ABOVE_ENTRY
2026-07-14T16:57:31.170205+00:00,MR_DEEP_VALUE_V1,PAXG,PAXGUSDT,strategy-lab-v1.0.0:MR_DEEP_VALUE_V1,1784037600000,2026-07-14T14:00:00+00:00,4069.37,4080.04,4063.31,4071.51,83.85070877444824,4016.7239999999997,3970.1602091750074,4090.4284500000003,15.54642857142861,False,RSI_NOT_BELOW_30|CLOSE_NOT_NEAR_OR_BELOW_LOWER_BB|CLOSE_NOT_ABOVE_MA200|TARGET_NOT_ABOVE_ENTRY
2026-07-14T16:57:31.170205+00:00,MR_DEEP_VALUE_V1,PAXG,PAXGUSDT,strategy-lab-v1.0.0:MR_DEEP_VALUE_V1,1784041200000,2026-07-14T15:00:00+00:00,4071.01,4089.65,4055.36,4055.36,71.74650450897659,4019.5620000000004,3970.891455889689,4089.9272,16.738571428571472,False,RSI_NOT_BELOW_30|CLOSE_NOT_NEAR_OR_BELOW_LOWER_BB|CLOSE_NOT_ABOVE_MA200|TARGET_NOT_ABOVE_ENTRY
2026-07-14T16:57:31.170205+00:00,MR_DEEP_VALUE_V1,PAXG,PAXGUSDT,strategy-lab-v1.0.0:MR_DEEP_VALUE_V1,1784044800000,2026-07-14T16:00:00+00:00,4055.15,4056.46,4046.84,4053.58,68.8513220632855,4022.3050000000003,3972.4723526692205,4089.49255,16.768571428571477,False,RSI_NOT_BELOW_30|CLOSE_NOT_NEAR_OR_BELOW_LOWER_BB|CLOSE_NOT_ABOVE_MA200|TARGET_NOT_ABOVE_ENTRY
2026-07-15T13:14:00.074864+00:00,MR_DEEP_VALUE_V1,BTC,BTCUSDT,strategy-lab-v1.0.0:MR_DEEP_VALUE_V1,1784048399999,2026-07-14T16:59:59.999000+00:00,64744.0,64896.86,64606.0,64730.0,86.54076317707401,62988.252,61351.63819634812,63342.5429,398.80928571428586,False,RSI_NOT_BELOW_30|CLOSE_NOT_NEAR_OR_BELOW_LOWER_BB|TARGET_NOT_ABOVE_ENTRY
2026-07-15T13:14:00.074864+00:00,MR_DEEP_VALUE_V1,BTC,BTCUSDT,strategy-lab-v1.0.0:MR_DEEP_VALUE_V1,1784051999999,2026-07-14T17:59:59.999000+00:00,64730.01,64730.01,64231.77,64621.43,83.35450004233351,63116.070499999994,61390.91779699108,63352.3262,413.68357142857195,False,RSI_NOT_BELOW_30|CLOSE_NOT_NEAR_OR_BELOW_LOWER_BB|TARGET_NOT_ABOVE_ENTRY
2026-07-15T13:14:00.074864+00:00,MR_DEEP_VALUE_V1,BTC,BTCUSDT,strategy-lab-v1.0.0:MR_DEEP_VALUE_V1,1784055599999,2026-07-14T18:59:59.999000+00:00,64621.43,64648.88,64477.23,64571.98,80.9831850391966,63248.46949999999,61503.2583531931,63361.0758,409.5700000000002,False,RSI_NOT_BELOW_30|CLOSE_NOT_NEAR_OR_BELOW_LOWER_BB|TARGET_NOT_ABOVE_ENTRY
2026-07-15T13:14:00.074864+00:00,MR_DEEP_VALUE_V1,BTC,BTCUSDT,strategy-lab-v1.0.0:MR_DEEP_VALUE_V1,1784059199999,2026-07-14T19:59:59.999000+00:00,64571.99,64704.0,64487.38,64569.59,81.14393313687707,63360.22300000001,61577.57954005519,63371.50455,412.5921428571434,False,RSI_NOT_BELOW_30|CLOSE_NOT_NEAR_OR_BELOW_LOWER_BB|TARGET_NOT_ABOVE_ENTRY
2026-07-15T13:14:00.074864+00:00,MR_DEEP_VALUE_V1,BTC,BTCUSDT,strategy-lab-v1.0.0:MR_DEEP_VALUE_V1,1784062799999,2026-07-14T20:59:59.999000+00:00,64569.59,64599.0,64419.99,64572.02,84.39686256228785,63461.346999999994,61644.98732737893,63385.5946,410.63071428571493,False,RSI_NOT_BELOW_30|CLOSE_NOT_NEAR_OR_BELOW_LOWER_BB|TARGET_NOT_ABOVE_ENTRY
2026-07-15T13:14:00.074864+00:00,MR_DEEP_VALUE_V1,BTC,BTCUSDT,strategy-lab-v1.0.0:MR_DEEP_VALUE_V1,1784066399999,2026-07-14T21:59:59.999000+00:00,64572.02,64893.92,64526.0,64676.9,86.82065595678941,63568.170999999995,61729.85396974755,63400.13805000001,426.97785714285783,False,RSI_NOT_BELOW_30|CLOSE_NOT_NEAR_OR_BELOW_LOWER_BB|TARGET_NOT_ABOVE_ENTRY
2026-07-15T13:14:00.074864+00:00,MR_DEEP_VALUE_V1,BTC,BTCUSDT,strategy-lab-v1.0.0:MR_DEEP_VALUE_V1,1784069999999,2026-07-14T22:59:59.999000+00:00,64676.89,65100.0,64516.0,64860.89,86.96159646332156,63684.015499999994,61826.55245968419,63414.1825,446.69642857142907,False,RSI_NOT_BELOW_30|CLOSE_NOT_NEAR_OR_BELOW_LOWER_BB|TARGET_NOT_ABOVE_ENTRY
2026-07-15T13:14:00.074864+00:00,MR_DEEP_VALUE_V1,BTC,BTCUSDT,strategy-lab-v1.0.0:MR_DEEP_VALUE_V1,1784073599999,2026-07-14T23:59:59.999000+00:00,64860.89,65048.0,64782.0,65043.98,90.19748868710481,63807.56999999999,61933.51375720463,63421.6725,450.8600000000006,False,RSI_NOT_BELOW_30|CLOSE_NOT_NEAR_OR_BELOW_LOWER_BB|TARGET_NOT_ABOVE_ENTRY
2026-07-15T13:14:00.074864+00:00,MR_DEEP_VALUE_V1,BTC,BTCUSDT,strategy-lab-v1.0.0:MR_DEEP_VALUE_V1,1784077199999,2026-07-15T00:59:59.999000+00:00,65043.99,65065.01,64765.12,64824.58,83.16634776682741,63911.5375,62054.120355189676,63427.1354,450.90000000000043,False,RSI_NOT_BELOW_30|CLOSE_NOT_NEAR_OR_BELOW_LOWER_BB|TARGET_NOT_ABOVE_ENTRY
2026-07-15T13:14:00.074864+00:00,MR_DEEP_VALUE_V1,BTC,BTCUSDT,strategy-lab-v1.0.0:MR_DEEP_VALUE_V1,1784080799999,2026-07-15T01:59:59.999000+00:00,64824.57,64853.08,64644.48,64674.35,78.96940520681567,64008.405000000006,62204.81576908839,63432.57025,450.8385714285718,False,RSI_NOT_BELOW_30|CLOSE_NOT_NEAR_OR_BELOW_LOWER_BB|TARGET_NOT_ABOVE_ENTRY
2026-07-15T13:14:00.074864+00:00,MR_DEEP_VALUE_V1,BTC,BTCUSDT,strategy-lab-v1.0.0:MR_DEEP_VALUE_V1,1784084399999,2026-07-15T02:59:59.999000+00:00,64674.35,64755.99,64488.0,64490.87,61.92500011231568,64101.746,62404.29182189197,63436.5426,383.6449999999999,False,RSI_NOT_BELOW_30|CLOSE_NOT_NEAR_OR_BELOW_LOWER_BB|TARGET_NOT_ABOVE_ENTRY
2026-07-15T13:14:00.074864+00:00,MR_DEEP_VALUE_V1,BTC,BTCUSDT,strategy-lab-v1.0.0:MR_DEEP_VALUE_V1,1784087999999,2026-07-15T03:59:59.999000+00:00,64490.87,64840.0,64490.86,64792.01,69.77549002501014,64213.3005,62647.40235951338,63441.81005,374.0864285714285,False,RSI_NOT_BELOW_30|CLOSE_NOT_NEAR_OR_BELOW_LOWER_BB|TARGET_NOT_ABOVE_ENTRY
2026-07-15T13:14:00.074864+00:00,MR_DEEP_VALUE_V1,BTC,BTCUSDT,strategy-lab-v1.0.0:MR_DEEP_VALUE_V1,1784091599999,2026-07-15T04:59:59.999000+00:00,64792.0,64885.99,64714.0,64746.01,61.09124199576469,64314.9085,62894.4065585682,63446.4001,331.69285714285695,False,RSI_NOT_BELOW_30|CLOSE_NOT_NEAR_OR_BELOW_LOWER_BB|TARGET_NOT_ABOVE_ENTRY
2026-07-15T13:14:00.074864+00:00,MR_DEEP_VALUE_V1,BTC,BTCUSDT,strategy-lab-v1.0.0:MR_DEEP_VALUE_V1,1784095199999,2026-07-15T05:59:59.999000+00:00,64746.01,64964.96,64602.5,64944.06,55.725806913209944,64430.634,63215.99995326141,63448.6705,302.45499999999964,False,RSI_NOT_BELOW_30|CLOSE_NOT_NEAR_OR_BELOW_LOWER_BB|TARGET_NOT_ABOVE_ENTRY
2026-07-15T13:14:00.074864+00:00,MR_DEEP_VALUE_V1,BTC,BTCUSDT,strategy-lab-v1.0.0:MR_DEEP_VALUE_V1,1784098799999,2026-07-15T06:59:59.999000+00:00,64944.06,65277.37,64814.0,64814.0,52.254234740977694,64531.333999999995,63565.73866182949,63451.5205,314.7771428571427,False,RSI_NOT_BELOW_30|CLOSE_NOT_NEAR_OR_BELOW_LOWER_BB|TARGET_NOT_ABOVE_ENTRY
2026-07-15T13:14:00.074864+00:00,MR_DEEP_VALUE_V1,BTC,BTCUSDT,strategy-lab-v1.0.0:MR_DEEP_VALUE_V1,1784102399999,2026-07-15T07:59:59.999000+00:00,64814.01,64876.0,64485.0,64549.34,48.21493128636861,64616.5515,64038.070822870985,63454.0571,307.1171428571423,False,RSI_NOT_BELOW_30|CLOSE_NOT_NEAR_OR_BELOW_LOWER_BB
2026-07-15T13:14:00.074864+00:00,MR_DEEP_VALUE_V1,BTC,BTCUSDT,strategy-lab-v1.0.0:MR_DEEP_VALUE_V1,1784105999999,2026-07-15T08:59:59.999000+00:00,64549.33,64797.02,64549.33,64768.01,54.47869973086214,64656.952000000005,64160.477375044546,63456.877199999995,312.54857142857094,False,RSI_NOT_BELOW_30|CLOSE_NOT_NEAR_OR_BELOW_LOWER_BB|TARGET_NOT_ABOVE_ENTRY
2026-07-15T13:14:00.074864+00:00,MR_DEEP_VALUE_V1,BTC,BTCUSDT,strategy-lab-v1.0.0:MR_DEEP_VALUE_V1,1784109599999,2026-07-15T09:59:59.999000+00:00,64768.0,64917.94,64653.18,64671.83,52.23988502624602,64698.54299999999,64372.76204167878,63461.036349999995,315.9871428571423,False,RSI_NOT_BELOW_30|CLOSE_NOT_NEAR_OR_BELOW_LOWER_BB
2026-07-15T13:14:00.074864+00:00,MR_DEEP_VALUE_V1,BTC,BTCUSDT,strategy-lab-v1.0.0:MR_DEEP_VALUE_V1,1784113199999,2026-07-15T10:59:59.999000+00:00,64671.84,64855.56,64614.0,64663.0,51.987625947060785,64716.441999999995,64444.16947721319,63467.7413,320.45499999999913,False,RSI_NOT_BELOW_30|CLOSE_NOT_NEAR_OR_BELOW_LOWER_BB
2026-07-15T13:14:00.074864+00:00,MR_DEEP_VALUE_V1,BTC,BTCUSDT,strategy-lab-v1.0.0:MR_DEEP_VALUE_V1,1784116799999,2026-07-15T11:59:59.999000+00:00,64663.0,64767.37,64616.11,64732.15,51.22618101760817,64715.85,64443.76822074844,63475.447,304.97928571428514,False,RSI_NOT_BELOW_30|CLOSE_NOT_NEAR_OR_BELOW_LOWER_BB|TARGET_NOT_ABOVE_ENTRY
2026-07-15T13:14:00.074864+00:00,MR_DEEP_VALUE_V1,BTC,BTCUSDT,strategy-lab-v1.0.0:MR_DEEP_VALUE_V1,1784120399999,2026-07-15T12:59:59.999000+00:00,64732.15,65249.9,64606.0,65164.0,56.06028494995581,64737.55,64402.479000657026,63485.766950000005,309.25785714285666,False,RSI_NOT_BELOW_30|CLOSE_NOT_NEAR_OR_BELOW_LOWER_BB|TARGET_NOT_ABOVE_ENTRY
2026-07-15T13:14:00.074864+00:00,MR_DEEP_VALUE_V1,ETH,ETHUSDT,strategy-lab-v1.0.0:MR_DEEP_VALUE_V1,1784048399999,2026-07-14T16:59:59.999000+00:00,1875.22,1877.07,1868.76,1873.79,87.47429887326258,1805.2145,1725.1183818730888,1781.63255,16.62285714285713,False,RSI_NOT_BELOW_30|CLOSE_NOT_NEAR_OR_BELOW_LOWER_BB|TARGET_NOT_ABOVE_ENTRY
2026-07-15T13:14:00.074864+00:00,MR_DEEP_VALUE_V1,ETH,ETHUSDT,strategy-lab-v1.0.0:MR_DEEP_VALUE_V1,1784051999999,2026-07-14T17:59:59.999000+00:00,1873.8,1873.8,1860.56,1871.54,85.77126577126575,1810.7075,1728.2729211207445,1782.1969,16.91071428571427,False,RSI_NOT_BELOW_30|CLOSE_NOT_NEAR_OR_BELOW_LOWER_BB|TARGET_NOT_ABOVE_ENTRY
2026-07-15T13:14:00.074864+00:00,MR_DEEP_VALUE_V1,ETH,ETHUSDT,strategy-lab-v1.0.0:MR_DEEP_VALUE_V1,1784055599999,2026-07-14T18:59:59.999000+00:00,1871.55,1876.83,1868.18,1874.79,85.88273299951541,1816.5220000000002,1733.236857843669,1782.7154,16.976428571428546,False,RSI_NOT_BELOW_30|CLOSE_NOT_NEAR_OR_BELOW_LOWER_BB|TARGET_NOT_ABOVE_ENTRY
2026-07-15T13:14:00.074864+00:00,MR_DEEP_VALUE_V1,ETH,ETHUSDT,strategy-lab-v1.0.0:MR_DEEP_VALUE_V1,1784059199999,2026-07-14T19:59:59.999000+00:00,1874.79,1881.56,1874.43,1876.74,85.97785977859778,1821.523,1736.4067467694897,1783.3009,16.86214285714282,False,RSI_NOT_BELOW_30|CLOSE_NOT_NEAR_OR_BELOW_LOWER_BB|TARGET_NOT_ABOVE_ENTRY
2026-07-15T13:14:00.074864+00:00,MR_DEEP_VALUE_V1,ETH,ETHUSDT,strategy-lab-v1.0.0:MR_DEEP_VALUE_V1,1784062799999,2026-07-14T20:59:59.999000+00:00,1876.74,1878.55,1873.63,1875.42,87.758945386064,1825.993,1739.4266226702282,1783.97375,16.822142857142808,False,RSI_NOT_BELOW_30|CLOSE_NOT_NEAR_OR_BELOW_LOWER_BB|TARGET_NOT_ABOVE_ENTRY
2026-07-15T13:14:00.074864+00:00,MR_DEEP_VALUE_V1,ETH,ETHUSDT,strategy-lab-v1.0.0:MR_DEEP_VALUE_V1,1784066399999,2026-07-14T21:59:59.999000+00:00,1875.41,1879.74,1874.4,1876.46,89.29779684792473,1830.574,1743.5081331175043,1784.6316,16.69357142857138,False,RSI_NOT_BELOW_30|CLOSE_NOT_NEAR_OR_BELOW_LOWER_BB|TARGET_NOT_ABOVE_ENTRY
2026-07-15T13:14:00.074864+00:00,MR_DEEP_VALUE_V1,ETH,ETHUSDT,strategy-lab-v1.0.0:MR_DEEP_VALUE_V1,1784069999999,2026-07-14T22:59:59.999000+00:00,1876.46,1896.14,1872.06,1882.04,89.37320770176154,1835.5430000000001,1748.6390249240546,1785.2828999999997,17.655714285714257,False,RSI_NOT_BELOW_30|CLOSE_NOT_NEAR_OR_BELOW_LOWER_BB|TARGET_NOT_ABOVE_ENTRY
2026-07-15T13:14:00.074864+00:00,MR_DEEP_VALUE_V1,ETH,ETHUSDT,strategy-lab-v1.0.0:MR_DEEP_VALUE_V1,1784073599999,2026-07-14T23:59:59.999000+00:00,1882.04,1893.32,1878.69,1891.87,90.14587448715997,1840.9540000000002,1754.1717743083263,1785.7994,18.224999999999973,False,RSI_NOT_BELOW_30|CLOSE_NOT_NEAR_OR_BELOW_LOWER_BB|TARGET_NOT_ABOVE_ENTRY
2026-07-15T13:14:00.074864+00:00,MR_DEEP_VALUE_V1,ETH,ETHUSDT,strategy-lab-v1.0.0:MR_DEEP_VALUE_V1,1784077199999,2026-07-15T00:59:59.999000+00:00,1891.87,1893.32,1878.13,1881.58,81.82528520081263,1845.7365000000002,1761.0947152184829,1786.24475,17.96071428571424,False,RSI_NOT_BELOW_30|CLOSE_NOT_NEAR_OR_BELOW_LOWER_BB|TARGET_NOT_ABOVE_ENTRY
2026-07-15T13:14:00.074864+00:00,MR_DEEP_VALUE_V1,ETH,ETHUSDT,strategy-lab-v1.0.0:MR_DEEP_VALUE_V1,1784080799999,2026-07-15T01:59:59.999000+00:00,1881.58,1881.98,1867.23,1870.2,76.25427801645677,1849.8944999999999,1769.1126170125333,1786.65445,18.504999999999946,False,RSI_NOT_BELOW_30|CLOSE_NOT_NEAR_OR_BELOW_LOWER_BB|TARGET_NOT_ABOVE_ENTRY
2026-07-15T13:14:00.074864+00:00,MR_DEEP_VALUE_V1,ETH,ETHUSDT,strategy-lab-v1.0.0:MR_DEEP_VALUE_V1,1784084399999,2026-07-15T02:59:59.999000+00:00,1870.19,1873.04,1864.38,1864.6,52.22555638909725,1853.9649999999997,1779.0464507615047,1787.01405,13.884999999999925,False,RSI_NOT_BELOW_30|CLOSE_NOT_NEAR_OR_BELOW_LOWER_BB|TARGET_NOT_ABOVE_ENTRY
2026-07-15T13:14:00.074864+00:00,MR_DEEP_VALUE_V1,ETH,ETHUSDT,strategy-lab-v1.0.0:MR_DEEP_VALUE_V1,1784087999999,2026-07-15T03:59:59.999000+00:00,1864.6,1878.96,1864.46,1876.08,52.93755388594653,1858.7085,1791.166346562307,1787.43065,12.889285714285652,False,RSI_NOT_BELOW_30|CLOSE_NOT_NEAR_OR_BELOW_LOWER_BB|TARGET_NOT_ABOVE_ENTRY
2026-07-15T13:14:00.074864+00:00,MR_DEEP_VALUE_V1,ETH,ETHUSDT,strategy-lab-v1.0.0:MR_DEEP_VALUE_V1,1784091599999,2026-07-15T04:59:59.999000+00:00,1876.08,1880.59,1873.31,1876.49,46.74564459930309,1863.2364999999998,1804.2125583237535,1787.8479,11.616428571428514,False,RSI_NOT_BELOW_30|CLOSE_NOT_NEAR_OR_BELOW_LOWER_BB|TARGET_NOT_ABOVE_ENTRY
2026-07-15T13:14:00.074864+00:00,MR_DEEP_VALUE_V1,ETH,ETHUSDT,strategy-lab-v1.0.0:MR_DEEP_VALUE_V1,1784095199999,2026-07-15T05:59:59.999000+00:00,1876.5,1883.54,1871.64,1882.68,55.18055555555558,1868.0609999999997,1820.3210817344539,1788.1869,11.327142857142787,False,RSI_NOT_BELOW_30|CLOSE_NOT_NEAR_OR_BELOW_LOWER_BB|TARGET_NOT_ABOVE_ENTRY
2026-07-15T13:14:00.074864+00:00,MR_DEEP_VALUE_V1,ETH,ETHUSDT,strategy-lab-v1.0.0:MR_DEEP_VALUE_V1,1784098799999,2026-07-15T06:59:59.999000+00:00,1882.69,1891.89,1875.52,1875.87,51.34401654174199,1871.8485,1835.6446414901525,1788.5347499999998,11.902857142857085,False,RSI_NOT_BELOW_30|CLOSE_NOT_NEAR_OR_BELOW_LOWER_BB|TARGET_NOT_ABOVE_ENTRY
2026-07-15T13:14:00.074864+00:00,MR_DEEP_VALUE_V1,ETH,ETHUSDT,strategy-lab-v1.0.0:MR_DEEP_VALUE_V1,1784102399999,2026-07-15T07:59:59.999000+00:00,1875.87,1877.16,1864.7,1870.04,49.073616600790515,1875.446,1862.348587431057,1788.88715,11.847142857142801,False,RSI_NOT_BELOW_30|CLOSE_NOT_NEAR_OR_BELOW_LOWER_BB
2026-07-15T13:14:00.074864+00:00,MR_DEEP_VALUE_V1,ETH,ETHUSDT,strategy-lab-v1.0.0:MR_DEEP_VALUE_V1,1784105999999,2026-07-15T08:59:59.999000+00:00,1870.04,1879.64,1870.03,1879.22,52.54920013810569,1876.355,1864.9717166423252,1789.2645499999999,11.915714285714248,False,RSI_NOT_BELOW_30|CLOSE_NOT_NEAR_OR_BELOW_LOWER_BB|TARGET_NOT_ABOVE_ENTRY
2026-07-15T13:14:00.074864+00:00,MR_DEEP_VALUE_V1,ETH,ETHUSDT,strategy-lab-v1.0.0:MR_DEEP_VALUE_V1,1784109599999,2026-07-15T09:59:59.999000+00:00,1879.22,1886.59,1879.18,1879.86,51.82285580743158,1876.7825,1865.5479677444441,1789.7006499999998,11.935714285714246,False,RSI_NOT_BELOW_30|CLOSE_NOT_NEAR_OR_BELOW_LOWER_BB|TARGET_NOT_ABOVE_ENTRY
2026-07-15T13:14:00.074864+00:00,MR_DEEP_VALUE_V1,ETH,ETHUSDT,strategy-lab-v1.0.0:MR_DEEP_VALUE_V1,1784113199999,2026-07-15T10:59:59.999000+00:00,1879.86,1886.55,1874.98,1878.11,51.56377165445869,1876.6300000000003,1865.555631394923,1790.1983500000001,12.410714285714253,False,RSI_NOT_BELOW_30|CLOSE_NOT_NEAR_OR_BELOW_LOWER_BB|TARGET_NOT_ABOVE_ENTRY
2026-07-15T13:14:00.074864+00:00,MR_DEEP_VALUE_V1,ETH,ETHUSDT,strategy-lab-v1.0.0:MR_DEEP_VALUE_V1,1784116799999,2026-07-15T11:59:59.999000+00:00,1878.12,1885.71,1877.48,1884.62,54.459991254919025,1877.1,1865.5186166628882,1790.76365,12.617142857142833,False,RSI_NOT_BELOW_30|CLOSE_NOT_NEAR_OR_BELOW_LOWER_BB|TARGET_NOT_ABOVE_ENTRY
2026-07-15T13:14:00.074864+00:00,MR_DEEP_VALUE_V1,ETH,ETHUSDT,strategy-lab-v1.0.0:MR_DEEP_VALUE_V1,1784120399999,2026-07-15T12:59:59.999000+00:00,1884.62,1929.94,1879.25,1927.16,67.56462161320462,1879.7685000000001,1855.1787791597553,1791.5667999999998,14.51785714285711,False,RSI_NOT_BELOW_30|CLOSE_NOT_NEAR_OR_BELOW_LOWER_BB|TARGET_NOT_ABOVE_ENTRY
2026-07-15T13:14:00.074864+00:00,MR_DEEP_VALUE_V1,SOL,SOLUSDT,strategy-lab-v1.0.0:MR_DEEP_VALUE_V1,1784048399999,2026-07-14T16:59:59.999000+00:00,77.39,77.65,77.12,77.28,80.55555555555577,75.6275,73.7695454795667,78.1148,0.643571428571431,False,RSI_NOT_BELOW_30|CLOSE_NOT_NEAR_OR_BELOW_LOWER_BB|CLOSE_NOT_ABOVE_MA200|TARGET_NOT_ABOVE_ENTRY
2026-07-15T13:14:00.074864+00:00,MR_DEEP_VALUE_V1,SOL,SOLUSDT,strategy-lab-v1.0.0:MR_DEEP_VALUE_V1,1784051999999,2026-07-14T17:59:59.999000+00:00,77.29,77.3,76.81,77.18,77.96143250688732,75.7655,73.87704587029535,78.1003,0.6350000000000021,False,RSI_NOT_BELOW_30|CLOSE_NOT_NEAR_OR_BELOW_LOWER_BB|CLOSE_NOT_ABOVE_MA200|TARGET_NOT_ABOVE_ENTRY
2026-07-15T13:14:00.074864+00:00,MR_DEEP_VALUE_V1,SOL,SOLUSDT,strategy-lab-v1.0.0:MR_DEEP_VALUE_V1,1784055599999,2026-07-14T18:59:59.999000+00:00,77.18,77.34,77.0,77.29,78.60962566844947,75.904,73.99504845530366,78.0834,0.6378571428571453,False,RSI_NOT_BELOW_30|CLOSE_NOT_NEAR_OR_BELOW_LOWER_BB|CLOSE_NOT_ABOVE_MA200|TARGET_NOT_ABOVE_ENTRY
2026-07-15T13:14:00.074864+00:00,MR_DEEP_VALUE_V1,SOL,SOLUSDT,strategy-lab-v1.0.0:MR_DEEP_VALUE_V1,1784059199999,2026-07-14T19:59:59.999000+00:00,77.3,77.53,77.11,77.17,74.37325905292496,76.012,74.07340669556542,78.0673,0.6407142857142877,False,RSI_NOT_BELOW_30|CLOSE_NOT_NEAR_OR_BELOW_LOWER_BB|CLOSE_NOT_ABOVE_MA200|TARGET_NOT_ABOVE_ENTRY
2026-07-15T13:14:00.074864+00:00,MR_DEEP_VALUE_V1,SOL,SOLUSDT,strategy-lab-v1.0.0:MR_DEEP_VALUE_V1,1784062799999,2026-07-14T20:59:59.999000+00:00,77.18,77.22,76.93,77.18,80.23952095808421,76.09849999999999,74.11408799640836,78.0559,0.6371428571428582,False,RSI_NOT_BELOW_30|CLOSE_NOT_NEAR_OR_BELOW_LOWER_BB|CLOSE_NOT_ABOVE_MA200|TARGET_NOT_ABOVE_ENTRY
2026-07-15T13:14:00.074864+00:00,MR_DEEP_VALUE_V1,SOL,SOLUSDT,strategy-lab-v1.0.0:MR_DEEP_VALUE_V1,1784066399999,2026-07-14T21:59:59.999000+00:00,77.18,77.41,77.13,77.21,85.22012578616383,76.19399999999999,74.18876285691726,78.04115,0.6321428571428578,False,RSI_NOT_BELOW_30|CLOSE_NOT_NEAR_OR_BELOW_LOWER_BB|CLOSE_NOT_ABOVE_MA200|TARGET_NOT_ABOVE_ENTRY
2026-07-15T13:14:00.074864+00:00,MR_DEEP_VALUE_V1,SOL,SOLUSDT,strategy-lab-v1.0.0:MR_DEEP_VALUE_V1,1784069999999,2026-07-14T22:59:59.999000+00:00,77.22,77.95,77.1,77.62,86.17647058823566,76.321,74.29246456772415,78.0278,0.654285714285715,False,RSI_NOT_BELOW_30|CLOSE_NOT_NEAR_OR_BELOW_LOWER_BB|CLOSE_NOT_ABOVE_MA200|TARGET_NOT_ABOVE_ENTRY
2026-07-15T13:14:00.074864+00:00,MR_DEEP_VALUE_V1,SOL,SOLUSDT,strategy-lab-v1.0.0:MR_DEEP_VALUE_V1,1784073599999,2026-07-14T23:59:59.999000+00:00,77.63,77.92,77.55,77.87,89.07563025210116,76.457,74.3962710027763,78.00965000000001,0.6500000000000006,False,RSI_NOT_BELOW_30|CLOSE_NOT_NEAR_OR_BELOW_LOWER_BB|CLOSE_NOT_ABOVE_MA200|TARGET_NOT_ABOVE_ENTRY
2026-07-15T13:14:00.074864+00:00,MR_DEEP_VALUE_V1,SOL,SOLUSDT,strategy-lab-v1.0.0:MR_DEEP_VALUE_V1,1784077199999,2026-07-15T00:59:59.999000+00:00,77.87,77.92,77.47,77.66,82.30088495575231,76.58250000000001,74.5499166683753,77.98745,0.6364285714285722,False,RSI_NOT_BELOW_30|CLOSE_NOT_NEAR_OR_BELOW_LOWER_BB|CLOSE_NOT_ABOVE_MA200|TARGET_NOT_ABOVE_ENTRY
2026-07-15T13:14:00.074864+00:00,MR_DEEP_VALUE_V1,SOL,SOLUSDT,strategy-lab-v1.0.0:MR_DEEP_VALUE_V1,1784080799999,2026-07-15T01:59:59.999000+00:00,77.67,77.82,77.28,77.44,78.81355932203385,76.68350000000001,74.69167395337882,77.96640000000001,0.6550000000000001,False,RSI_NOT_BELOW_30|CLOSE_NOT_NEAR_OR_BELOW_LOWER_BB|CLOSE_NOT_ABOVE_MA200|TARGET_NOT_ABOVE_ENTRY
2026-07-15T13:14:00.074864+00:00,MR_DEEP_VALUE_V1,SOL,SOLUSDT,strategy-lab-v1.0.0:MR_DEEP_VALUE_V1,1784084399999,2026-07-15T02:59:59.999000+00:00,77.43,77.59,77.03,77.29,59.64125560538135,76.78999999999999,74.91080868456704,77.9429,0.567142857142857,False,RSI_NOT_BELOW_30|CLOSE_NOT_NEAR_OR_BELOW_LOWER_BB|CLOSE_NOT_ABOVE_MA200|TARGET_NOT_ABOVE_ENTRY
2026-07-15T13:14:00.074864+00:00,MR_DEEP_VALUE_V1,SOL,SOLUSDT,strategy-lab-v1.0.0:MR_DEEP_VALUE_V1,1784087999999,2026-07-15T03:59:59.999000+00:00,77.3,77.9,77.23,77.78,65.90909090909105,76.93050000000001,75.20251302088279,77.92145000000001,0.5271428571428568,False,RSI_NOT_BELOW_30|CLOSE_NOT_NEAR_OR_BELOW_LOWER_BB|CLOSE_NOT_ABOVE_MA200|TARGET_NOT_ABOVE_ENTRY
2026-07-15T13:14:00.074864+00:00,MR_DEEP_VALUE_V1,SOL,SOLUSDT,strategy-lab-v1.0.0:MR_DEEP_VALUE_V1,1784091599999,2026-07-15T04:59:59.999000+00:00,77.78,78.18,77.54,78.02,63.562753036437364,77.0735,75.48774749724345,77.90105,0.5142857142857145,False,RSI_NOT_BELOW_30|CLOSE_NOT_NEAR_OR_BELOW_LOWER_BB|TARGET_NOT_ABOVE_ENTRY
2026-07-15T13:14:00.074864+00:00,MR_DEEP_VALUE_V1,SOL,SOLUSDT,strategy-lab-v1.0.0:MR_DEEP_VALUE_V1,1784095199999,2026-07-15T05:59:59.999000+00:00,78.02,78.33,77.65,78.26,66.41791044776141,77.2325,75.85400988396773,77.87825000000001,0.5078571428571428,False,RSI_NOT_BELOW_30|CLOSE_NOT_NEAR_OR_BELOW_LOWER_BB|TARGET_NOT_ABOVE_ENTRY
2026-07-15T13:14:00.074864+00:00,MR_DEEP_VALUE_V1,SOL,SOLUSDT,strategy-lab-v1.0.0:MR_DEEP_VALUE_V1,1784098799999,2026-07-15T06:59:59.999000+00:00,78.26,78.7,77.94,77.94,61.37931034482751,77.35600000000001,76.20793379981873,77.85634999999999,0.5242857142857146,False,RSI_NOT_BELOW_30|CLOSE_NOT_NEAR_OR_BELOW_LOWER_BB|TARGET_NOT_ABOVE_ENTRY
2026-07-15T13:14:00.074864+00:00,MR_DEEP_VALUE_V1,SOL,SOLUSDT,strategy-lab-v1.0.0:MR_DEEP_VALUE_V1,1784102399999,2026-07-15T07:59:59.999000+00:00,77.95,78.01,77.4,77.42,53.61445783132522,77.457,76.74084079982262,77.83375,0.5328571428571435,False,RSI_NOT_BELOW_30|CLOSE_NOT_NEAR_OR_BELOW_LOWER_BB|CLOSE_NOT_ABOVE_MA200
2026-07-15T13:14:00.074864+00:00,MR_DEEP_VALUE_V1,SOL,SOLUSDT,strategy-lab-v1.0.0:MR_DEEP_VALUE_V1,1784105999999,2026-07-15T08:59:59.999000+00:00,77.42,77.62,77.23,77.58,54.302670623145275,77.49300000000001,76.83009427518034,77.80985,0.5364285714285718,False,RSI_NOT_BELOW_30|CLOSE_NOT_NEAR_OR_BELOW_LOWER_BB|CLOSE_NOT_ABOVE_MA200|TARGET_NOT_ABOVE_ENTRY
2026-07-15T13:14:00.074864+00:00,MR_DEEP_VALUE_V1,SOL,SOLUSDT,strategy-lab-v1.0.0:MR_DEEP_VALUE_V1,1784109599999,2026-07-15T09:59:59.999000+00:00,77.57,77.91,77.43,77.49,54.79041916167654,77.5205,76.90791612819248,77.7878,0.5407142857142853,False,RSI_NOT_BELOW_30|CLOSE_NOT_NEAR_OR_BELOW_LOWER_BB|CLOSE_NOT_ABOVE_MA200
2026-07-15T13:14:00.074864+00:00,MR_DEEP_VALUE_V1,SOL,SOLUSDT,strategy-lab-v1.0.0:MR_DEEP_VALUE_V1,1784113199999,2026-07-15T10:59:59.999000+00:00,77.49,77.71,77.23,77.37,52.753623188405776,77.5215,76.90996831643922,77.7679,0.5542857142857136,False,RSI_NOT_BELOW_30|CLOSE_NOT_NEAR_OR_BELOW_LOWER_BB|CLOSE_NOT_ABOVE_MA200
2026-07-15T13:14:00.074864+00:00,MR_DEEP_VALUE_V1,SOL,SOLUSDT,strategy-lab-v1.0.0:MR_DEEP_VALUE_V1,1784116799999,2026-07-15T11:59:59.999000+00:00,77.37,77.53,77.34,77.52,54.34173669467791,77.5285,76.92041201294656,77.75025000000001,0.5478571428571419,False,RSI_NOT_BELOW_30|CLOSE_NOT_NEAR_OR_BELOW_LOWER_BB|CLOSE_NOT_ABOVE_MA200
2026-07-15T13:14:00.074864+00:00,MR_DEEP_VALUE_V1,SOL,SOLUSDT,strategy-lab-v1.0.0:MR_DEEP_VALUE_V1,1784120399999,2026-07-15T12:59:59.999000+00:00,77.53,78.31,77.26,78.28,58.41836734693876,77.57849999999999,76.89999355198442,77.73705,0.5621428571428554,False,RSI_NOT_BELOW_30|CLOSE_NOT_NEAR_OR_BELOW_LOWER_BB|TARGET_NOT_ABOVE_ENTRY
2026-07-15T13:14:00.074864+00:00,MR_DEEP_VALUE_V1,XRP,XRPUSDT,strategy-lab-v1.0.0:MR_DEEP_VALUE_V1,1784048399999,2026-07-14T16:59:59.999000+00:00,1.1047,1.1086,1.1028,1.1048,93.12638580931285,1.0756299999999999,1.0459513814337675,1.1003405000000002,0.0074785714285714455,False,RSI_NOT_BELOW_30|CLOSE_NOT_NEAR_OR_BELOW_LOWER_BB|TARGET_NOT_ABOVE_ENTRY
2026-07-15T13:14:00.074864+00:00,MR_DEEP_VALUE_V1,XRP,XRPUSDT,strategy-lab-v1.0.0:MR_DEEP_VALUE_V1,1784051999999,2026-07-14T17:59:59.999000+00:00,1.1047,1.1052,1.0981,1.1044,92.2566371681419,1.07787,1.0466466049251542,1.100182,0.007535714285714297,False,RSI_NOT_BELOW_30|CLOSE_NOT_NEAR_OR_BELOW_LOWER_BB|TARGET_NOT_ABOVE_ENTRY
2026-07-15T13:14:00.074864+00:00,MR_DEEP_VALUE_V1,XRP,XRPUSDT,strategy-lab-v1.0.0:MR_DEEP_VALUE_V1,1784055599999,2026-07-14T18:59:59.999000+00:00,1.1044,1.1133,1.1033,1.1122,93.13725490196107,1.0805449999999999,1.0472510080495008,1.1000295,0.007907142857142875,False,RSI_NOT_BELOW_30|CLOSE_NOT_NEAR_OR_BELOW_LOWER_BB|TARGET_NOT_ABOVE_ENTRY
2026-07-15T13:14:00.074864+00:00,MR_DEEP_VALUE_V1,XRP,XRPUSDT,strategy-lab-v1.0.0:MR_DEEP_VALUE_V1,1784059199999,2026-07-14T19:59:59.999000+00:00,1.1123,1.121,1.1109,1.1153,93.11023622047273,1.082935,1.0469740614694236,1.0999299999999999,0.008221428571428586,False,RSI_NOT_BELOW_30|CLOSE_NOT_NEAR_OR_BELOW_LOWER_BB|TARGET_NOT_ABOVE_ENTRY
2026-07-15T13:14:00.074864+00:00,MR_DEEP_VALUE_V1,XRP,XRPUSDT,strategy-lab-v1.0.0:MR_DEEP_VALUE_V1,1784062799999,2026-07-14T20:59:59.999000+00:00,1.1152,1.1158,1.1096,1.1104,87.43068391866925,1.08499,1.0477075698216989,1.0999055,0.008492857142857144,False,RSI_NOT_BELOW_30|CLOSE_NOT_NEAR_OR_BELOW_LOWER_BB|TARGET_NOT_ABOVE_ENTRY
2026-07-15T13:14:00.074864+00:00,MR_DEEP_VALUE_V1,XRP,XRPUSDT,strategy-lab-v1.0.0:MR_DEEP_VALUE_V1,1784066399999,2026-07-14T21:59:59.999000+00:00,1.1104,1.1112,1.1069,1.108,85.22522522522556,1.08713,1.0497237919590894,1.0998655,0.00850714285714284,False,RSI_NOT_BELOW_30|CLOSE_NOT_NEAR_OR_BELOW_LOWER_BB|TARGET_NOT_ABOVE_ENTRY
2026-07-15T13:14:00.074864+00:00,MR_DEEP_VALUE_V1,XRP,XRPUSDT,strategy-lab-v1.0.0:MR_DEEP_VALUE_V1,1784069999999,2026-07-14T22:59:59.999000+00:00,1.1081,1.1139,1.105,1.1102,85.7885615251303,1.0893450000000002,1.051983229431679,1.0997985,0.008849999999999978,False,RSI_NOT_BELOW_30|CLOSE_NOT_NEAR_OR_BELOW_LOWER_BB|TARGET_NOT_ABOVE_ENTRY
2026-07-15T13:14:00.074864+00:00,MR_DEEP_VALUE_V1,XRP,XRPUSDT,strategy-lab-v1.0.0:MR_DEEP_VALUE_V1,1784073599999,2026-07-14T23:59:59.999000+00:00,1.1103,1.1127,1.109,1.1117,86.8824531516186,1.09162,1.054633375390557,1.099634,0.008899999999999988,False,RSI_NOT_BELOW_30|CLOSE_NOT_NEAR_OR_BELOW_LOWER_BB|TARGET_NOT_ABOVE_ENTRY
2026-07-15T13:14:00.074864+00:00,MR_DEEP_VALUE_V1,XRP,XRPUSDT,strategy-lab-v1.0.0:MR_DEEP_VALUE_V1,1784077199999,2026-07-15T00:59:59.999000+00:00,1.1118,1.1123,1.1066,1.1082,81.20805369127557,1.09362,1.0576020822367553,1.0994080000000002,0.008978571428571423,False,RSI_NOT_BELOW_30|CLOSE_NOT_NEAR_OR_BELOW_LOWER_BB|TARGET_NOT_ABOVE_ENTRY
2026-07-15T13:14:00.074864+00:00,MR_DEEP_VALUE_V1,XRP,XRPUSDT,strategy-lab-v1.0.0:MR_DEEP_VALUE_V1,1784080799999,2026-07-15T01:59:59.999000+00:00,1.1083,1.1085,1.1022,1.1033,74.44444444444458,1.0952100000000002,1.060452848217959,1.099191,0.009164285714285705,False,RSI_NOT_BELOW_30|CLOSE_NOT_NEAR_OR_BELOW_LOWER_BB|TARGET_NOT_ABOVE_ENTRY
2026-07-15T13:14:00.074864+00:00,MR_DEEP_VALUE_V1,XRP,XRPUSDT,strategy-lab-v1.0.0:MR_DEEP_VALUE_V1,1784084399999,2026-07-15T02:59:59.999000+00:00,1.1033,1.1042,1.099,1.0996,60.320641282565184,1.096695,1.0639082054021767,1.098948,0.008050000000000002,False,RSI_NOT_BELOW_30|CLOSE_NOT_NEAR_OR_BELOW_LOWER_BB|TARGET_NOT_ABOVE_ENTRY
2026-07-15T13:14:00.074864+00:00,MR_DEEP_VALUE_V1,XRP,XRPUSDT,strategy-lab-v1.0.0:MR_DEEP_VALUE_V1,1784087999999,2026-07-15T03:59:59.999000+00:00,1.0995,1.1052,1.0994,1.1042,55.70469798657732,1.09846,1.068140606866234,1.098724,0.007064285714285713,False,RSI_NOT_BELOW_30|CLOSE_NOT_NEAR_OR_BELOW_LOWER_BB|TARGET_NOT_ABOVE_ENTRY
2026-07-15T13:14:00.074864+00:00,MR_DEEP_VALUE_V1,XRP,XRPUSDT,strategy-lab-v1.0.0:MR_DEEP_VALUE_V1,1784091599999,2026-07-15T04:59:59.999000+00:00,1.1042,1.1065,1.1013,1.1033,50.359712230215784,1.10018,1.0730256559644713,1.09852,0.006721428571428577,False,RSI_NOT_BELOW_30|CLOSE_NOT_NEAR_OR_BELOW_LOWER_BB|TARGET_NOT_ABOVE_ENTRY
2026-07-15T13:14:00.074864+00:00,MR_DEEP_VALUE_V1,XRP,XRPUSDT,strategy-lab-v1.0.0:MR_DEEP_VALUE_V1,1784095199999,2026-07-15T05:59:59.999000+00:00,1.1034,1.1071,1.0997,1.1066,52.19399538106237,1.10209,1.0790896608720688,1.0982845,0.006550000000000008,False,RSI_NOT_BELOW_30|CLOSE_NOT_NEAR_OR_BELOW_LOWER_BB|TARGET_NOT_ABOVE_ENTRY
2026-07-15T13:14:00.074864+00:00,MR_DEEP_VALUE_V1,XRP,XRPUSDT,strategy-lab-v1.0.0:MR_DEEP_VALUE_V1,1784098799999,2026-07-15T06:59:59.999000+00:00,1.1067,1.1139,1.1058,1.1074,52.95454545454539,1.10391,1.0857968114347627,1.098083,0.00671428571428572,False,RSI_NOT_BELOW_30|CLOSE_NOT_NEAR_OR_BELOW_LOWER_BB|TARGET_NOT_ABOVE_ENTRY
2026-07-15T13:14:00.074864+00:00,MR_DEEP_VALUE_V1,XRP,XRPUSDT,strategy-lab-v1.0.0:MR_DEEP_VALUE_V1,1784102399999,2026-07-15T07:59:59.999000+00:00,1.1074,1.1081,1.1018,1.1038,49.36440677966085,1.1054749999999998,1.0944761136927486,1.097877,0.006657142857142885,False,RSI_NOT_BELOW_30|CLOSE_NOT_NEAR_OR_BELOW_LOWER_BB
2026-07-15T13:14:00.074864+00:00,MR_DEEP_VALUE_V1,XRP,XRPUSDT,strategy-lab-v1.0.0:MR_DEEP_VALUE_V1,1784105999999,2026-07-15T08:59:59.999000+00:00,1.1039,1.109,1.1032,1.1079,45.05747126436786,1.106405,1.098258473132688,1.0976730000000001,0.006357142857142887,False,RSI_NOT_BELOW_30|CLOSE_NOT_NEAR_OR_BELOW_LOWER_BB|TARGET_NOT_ABOVE_ENTRY
2026-07-15T13:14:00.074864+00:00,MR_DEEP_VALUE_V1,XRP,XRPUSDT,strategy-lab-v1.0.0:MR_DEEP_VALUE_V1,1784109599999,2026-07-15T09:59:59.999000+00:00,1.108,1.1125,1.1077,1.1088,42.13075060532696,1.1068900000000002,1.0994133964930701,1.097511,0.005978571428571468,False,RSI_NOT_BELOW_30|CLOSE_NOT_NEAR_OR_BELOW_LOWER_BB|TARGET_NOT_ABOVE_ENTRY
2026-07-15T13:14:00.074864+00:00,MR_DEEP_VALUE_V1,XRP,XRPUSDT,strategy-lab-v1.0.0:MR_DEEP_VALUE_V1,1784113199999,2026-07-15T10:59:59.999000+00:00,1.1087,1.11,1.1061,1.1084,47.282608695652186,1.10716,1.0998773081899726,1.097399,0.005814285714285756,False,RSI_NOT_BELOW_30|CLOSE_NOT_NEAR_OR_BELOW_LOWER_BB|TARGET_NOT_ABOVE_ENTRY
2026-07-15T13:14:00.074864+00:00,MR_DEEP_VALUE_V1,XRP,XRPUSDT,strategy-lab-v1.0.0:MR_DEEP_VALUE_V1,1784116799999,2026-07-15T11:59:59.999000+00:00,1.1083,1.1094,1.1069,1.1083,50.4347826086956,1.1073400000000002,1.1001318379596574,1.0972935,0.005685714285714326,False,RSI_NOT_BELOW_30|CLOSE_NOT_NEAR_OR_BELOW_LOWER_BB|TARGET_NOT_ABOVE_ENTRY
2026-07-15T13:14:00.074864+00:00,MR_DEEP_VALUE_V1,XRP,XRPUSDT,strategy-lab-v1.0.0:MR_DEEP_VALUE_V1,1784120399999,2026-07-15T12:59:59.999000+00:00,1.1084,1.1217,1.1055,1.1211,62.08425720620829,1.108155,1.0988879670336271,1.0972724999999999,0.006207142857142903,False,RSI_NOT_BELOW_30|CLOSE_NOT_NEAR_OR_BELOW_LOWER_BB|TARGET_NOT_ABOVE_ENTRY
2026-07-15T13:14:00.074864+00:00,MR_DEEP_VALUE_V1,DOGE,DOGEUSDT,strategy-lab-v1.0.0:MR_DEEP_VALUE_V1,1784048399999,2026-07-14T16:59:59.999000+00:00,0.07491,0.07538,0.07452,0.07458,84.81012658227839,0.072596,0.0705391149764746,0.07360835,0.0005535714285714281,False,RSI_NOT_BELOW_30|CLOSE_NOT_NEAR_OR_BELOW_LOWER_BB|TARGET_NOT_ABOVE_ENTRY
2026-07-15T13:14:00.074864+00:00,MR_DEEP_VALUE_V1,DOGE,DOGEUSDT,strategy-lab-v1.0.0:MR_DEEP_VALUE_V1,1784051999999,2026-07-14T17:59:59.999000+00:00,0.07457,0.07464,0.07407,0.07456,83.46666666666674,0.0727485,0.07058671115739698,0.0735975,0.0005492857142857145,False,RSI_NOT_BELOW_30|CLOSE_NOT_NEAR_OR_BELOW_LOWER_BB|TARGET_NOT_ABOVE_ENTRY
2026-07-15T13:14:00.074864+00:00,MR_DEEP_VALUE_V1,DOGE,DOGEUSDT,strategy-lab-v1.0.0:MR_DEEP_VALUE_V1,1784055599999,2026-07-14T18:59:59.999000+00:00,0.07456,0.07463,0.07419,0.07446,81.20104438642302,0.072904,0.07071967035454749,0.0735841,0.0005635714285714281,False,RSI_NOT_BELOW_30|CLOSE_NOT_NEAR_OR_BELOW_LOWER_BB|TARGET_NOT_ABOVE_ENTRY
2026-07-15T13:14:00.074864+00:00,MR_DEEP_VALUE_V1,DOGE,DOGEUSDT,strategy-lab-v1.0.0:MR_DEEP_VALUE_V1,1784059199999,2026-07-14T19:59:59.999000+00:00,0.07445,0.07457,0.07414,0.07424,75.00000000000009,0.0730175,0.07080339182739358,0.07357164999999999,0.0005685714285714282,False,RSI_NOT_BELOW_30|CLOSE_NOT_NEAR_OR_BELOW_LOWER_BB|TARGET_NOT_ABOVE_ENTRY
2026-07-15T13:14:00.074864+00:00,MR_DEEP_VALUE_V1,DOGE,DOGEUSDT,strategy-lab-v1.0.0:MR_DEEP_VALUE_V1,1784062799999,2026-07-14T20:59:59.999000+00:00,0.07424,0.07428,0.07402,0.0741,73.2467532467532,0.0731055,0.07086633520034759,0.07356745,0.0005749999999999991,False,RSI_NOT_BELOW_30|CLOSE_NOT_NEAR_OR_BELOW_LOWER_BB|TARGET_NOT_ABOVE_ENTRY
2026-07-15T13:14:00.074864+00:00,MR_DEEP_VALUE_V1,DOGE,DOGEUSDT,strategy-lab-v1.0.0:MR_DEEP_VALUE_V1,1784066399999,2026-07-14T21:59:59.999000+00:00,0.0741,0.07469,0.07407,0.07433,77.02020202020185,0.073226,0.07099562424690317,0.07356275,0.0006007142857142858,False,RSI_NOT_BELOW_30|CLOSE_NOT_NEAR_OR_BELOW_LOWER_BB|TARGET_NOT_ABOVE_ENTRY
2026-07-15T13:14:00.074864+00:00,MR_DEEP_VALUE_V1,DOGE,DOGEUSDT,strategy-lab-v1.0.0:MR_DEEP_VALUE_V1,1784069999999,2026-07-14T22:59:59.999000+00:00,0.07433,0.07461,0.07401,0.07437,78.826530612245,0.073353,0.07116621148713413,0.07355665,0.000625714285714285,False,RSI_NOT_BELOW_30|CLOSE_NOT_NEAR_OR_BELOW_LOWER_BB|TARGET_NOT_ABOVE_ENTRY
2026-07-15T13:14:00.074864+00:00,MR_DEEP_VALUE_V1,DOGE,DOGEUSDT,strategy-lab-v1.0.0:MR_DEEP_VALUE_V1,1784073599999,2026-07-14T23:59:59.999000+00:00,0.07438,0.07466,0.07423,0.07445,79.64824120603008,0.073473,0.07132228755989975,0.07354764999999999,0.0006407142857142851,False,RSI_NOT_BELOW_30|CLOSE_NOT_NEAR_OR_BELOW_LOWER_BB|TARGET_NOT_ABOVE_ENTRY
2026-07-15T13:14:00.074864+00:00,MR_DEEP_VALUE_V1,DOGE,DOGEUSDT,strategy-lab-v1.0.0:MR_DEEP_VALUE_V1,1784077199999,2026-07-15T00:59:59.999000+00:00,0.07444,0.07452,0.07394,0.07411,72.22222222222206,0.073575,0.0715082586035012,0.0735342,0.0006542857142857134,False,RSI_NOT_BELOW_30|CLOSE_NOT_NEAR_OR_BELOW_LOWER_BB|TARGET_NOT_ABOVE_ENTRY
2026-07-15T13:14:00.074864+00:00,MR_DEEP_VALUE_V1,DOGE,DOGEUSDT,strategy-lab-v1.0.0:MR_DEEP_VALUE_V1,1784080799999,2026-07-15T01:59:59.999000+00:00,0.07412,0.07419,0.07387,0.07402,70.68557919621745,0.073658,0.07166094616997895,0.07352115,0.0006664285714285707,False,RSI_NOT_BELOW_30|CLOSE_NOT_NEAR_OR_BELOW_LOWER_BB|TARGET_NOT_ABOVE_ENTRY
2026-07-15T13:14:00.074864+00:00,MR_DEEP_VALUE_V1,DOGE,DOGEUSDT,strategy-lab-v1.0.0:MR_DEEP_VALUE_V1,1784084399999,2026-07-15T02:59:59.999000+00:00,0.07402,0.07411,0.07367,0.07374,55.68513119533527,0.0737295,0.07183063217942859,0.07350575,0.0006014285714285702,False,RSI_NOT_BELOW_30|CLOSE_NOT_NEAR_OR_BELOW_LOWER_BB|TARGET_NOT_ABOVE_ENTRY
2026-07-15T13:14:00.074864+00:00,MR_DEEP_VALUE_V1,DOGE,DOGEUSDT,strategy-lab-v1.0.0:MR_DEEP_VALUE_V1,1784087999999,2026-07-15T03:59:59.999000+00:00,0.07375,0.0742,0.07371,0.07404,52.20125786163523,0.073822,0.0720565697408276,0.07349125,0.0005642857142857136,False,RSI_NOT_BELOW_30|CLOSE_NOT_NEAR_OR_BELOW_LOWER_BB|TARGET_NOT_ABOVE_ENTRY
2026-07-15T13:14:00.074864+00:00,MR_DEEP_VALUE_V1,DOGE,DOGEUSDT,strategy-lab-v1.0.0:MR_DEEP_VALUE_V1,1784091599999,2026-07-15T04:59:59.999000+00:00,0.07404,0.07423,0.07381,0.0741,41.53846153846168,0.0739215,0.07233833513176884,0.07347745,0.0005214285714285705,False,RSI_NOT_BELOW_30|CLOSE_NOT_NEAR_OR_BELOW_LOWER_BB|TARGET_NOT_ABOVE_ENTRY
2026-07-15T13:14:00.074864+00:00,MR_DEEP_VALUE_V1,DOGE,DOGEUSDT,strategy-lab-v1.0.0:MR_DEEP_VALUE_V1,1784095199999,2026-07-15T05:59:59.999000+00:00,0.0741,0.07452,0.07385,0.07442,40.392156862745054,0.074038,0.07268487620669754,0.07346174999999999,0.0005092857142857141,False,RSI_NOT_BELOW_30|CLOSE_NOT_NEAR_OR_BELOW_LOWER_BB|TARGET_NOT_ABOVE_ENTRY
2026-07-15T13:14:00.074864+00:00,MR_DEEP_VALUE_V1,DOGE,DOGEUSDT,strategy-lab-v1.0.0:MR_DEEP_VALUE_V1,1784098799999,2026-07-15T06:59:59.999000+00:00,0.07443,0.07492,0.07435,0.07442,46.39639639639654,0.0741455,0.07305520692013517,0.07344855,0.0004885714285714285,False,RSI_NOT_BELOW_30|CLOSE_NOT_NEAR_OR_BELOW_LOWER_BB|TARGET_NOT_ABOVE_ENTRY
2026-07-15T13:14:00.074864+00:00,MR_DEEP_VALUE_V1,DOGE,DOGEUSDT,strategy-lab-v1.0.0:MR_DEEP_VALUE_V1,1784102399999,2026-07-15T07:59:59.999000+00:00,0.07442,0.07442,0.07387,0.07401,39.463601532567154,0.07423249999999999,0.07355527404066219,0.0734353,0.0004871428571428566,False,RSI_NOT_BELOW_30|CLOSE_NOT_NEAR_OR_BELOW_LOWER_BB
2026-07-15T13:14:00.074864+00:00,MR_DEEP_VALUE_V1,DOGE,DOGEUSDT,strategy-lab-v1.0.0:MR_DEEP_VALUE_V1,1784105999999,2026-07-15T08:59:59.999000+00:00,0.07401,0.0743,0.07392,0.07421,45.38745387453872,0.07427550000000001,0.0737318282240166,0.0734224,0.000482857142857143,False,RSI_NOT_BELOW_30|CLOSE_NOT_NEAR_OR_BELOW_LOWER_BB
2026-07-15T13:14:00.074864+00:00,MR_DEEP_VALUE_V1,DOGE,DOGEUSDT,strategy-lab-v1.0.0:MR_DEEP_VALUE_V1,1784109599999,2026-07-15T09:59:59.999000+00:00,0.07421,0.07452,0.07338,0.0737,40.99999999999998,0.0742655,0.07368824875487273,0.0734106,0.0005335714285714289,False,RSI_NOT_BELOW_30|CLOSE_NOT_NEAR_OR_BELOW_LOWER_BB
2026-07-15T13:14:00.074864+00:00,MR_DEEP_VALUE_V1,DOGE,DOGEUSDT,strategy-lab-v1.0.0:MR_DEEP_VALUE_V1,1784113199999,2026-07-15T10:59:59.999000+00:00,0.07369,0.07388,0.07362,0.07379,44.745762711864295,0.07422799999999999,0.07362988295459748,0.07340295,0.0005335714285714289,False,RSI_NOT_BELOW_30|CLOSE_NOT_NEAR_OR_BELOW_LOWER_BB
2026-07-15T13:14:00.074864+00:00,MR_DEEP_VALUE_V1,DOGE,DOGEUSDT,strategy-lab-v1.0.0:MR_DEEP_VALUE_V1,1784116799999,2026-07-15T11:59:59.999000+00:00,0.07378,0.07387,0.07356,0.07386,41.57706093189964,0.07417549999999999,0.07364561416323787,0.0733965,0.0005114285714285714,False,RSI_NOT_BELOW_30|CLOSE_NOT_NEAR_OR_BELOW_LOWER_BB
2026-07-15T13:14:00.074864+00:00,MR_DEEP_VALUE_V1,DOGE,DOGEUSDT,strategy-lab-v1.0.0:MR_DEEP_VALUE_V1,1784120399999,2026-07-15T12:59:59.999000+00:00,0.07385,0.07477,0.07366,0.07469,54.46927374301679,0.07418100000000001,0.07363247835047186,0.0733964,0.0005478571428571436,False,RSI_NOT_BELOW_30|CLOSE_NOT_NEAR_OR_BELOW_LOWER_BB|TARGET_NOT_ABOVE_ENTRY
2026-07-15T13:14:00.074864+00:00,MR_DEEP_VALUE_V1,NEAR,NEARUSDT,strategy-lab-v1.0.0:MR_DEEP_VALUE_V1,1784048399999,2026-07-14T16:59:59.999000+00:00,2.046,2.047,2.026,2.038,76.31578947368425,1.9802499999999998,1.8899507751971305,1.9364400000000002,0.02771428571428569,False,RSI_NOT_BELOW_30|CLOSE_NOT_NEAR_OR_BELOW_LOWER_BB|TARGET_NOT_ABOVE_ENTRY
2026-07-15T13:14:00.074864+00:00,MR_DEEP_VALUE_V1,NEAR,NEARUSDT,strategy-lab-v1.0.0:MR_DEEP_VALUE_V1,1784051999999,2026-07-14T17:59:59.999000+00:00,2.037,2.047,2.019,2.04,76.15894039735106,1.9881999999999997,1.9066828852326132,1.9367500000000002,0.02778571428571427,False,RSI_NOT_BELOW_30|CLOSE_NOT_NEAR_OR_BELOW_LOWER_BB|TARGET_NOT_ABOVE_ENTRY
2026-07-15T13:14:00.074864+00:00,MR_DEEP_VALUE_V1,NEAR,NEARUSDT,strategy-lab-v1.0.0:MR_DEEP_VALUE_V1,1784055599999,2026-07-14T18:59:59.999000+00:00,2.041,2.046,2.022,2.029,69.281045751634,1.9950500000000002,1.9247692060375003,1.9367949999999998,0.027928571428571414,False,RSI_NOT_BELOW_30|CLOSE_NOT_NEAR_OR_BELOW_LOWER_BB|TARGET_NOT_ABOVE_ENTRY
2026-07-15T13:14:00.074864+00:00,MR_DEEP_VALUE_V1,NEAR,NEARUSDT,strategy-lab-v1.0.0:MR_DEEP_VALUE_V1,1784059199999,2026-07-14T19:59:59.999000+00:00,2.028,2.031,2.018,2.023,60.740740740740826,2.0000999999999998,1.9374393265277217,1.9369299999999998,0.026071428571428586,False,RSI_NOT_BELOW_30|CLOSE_NOT_NEAR_OR_BELOW_LOWER_BB|TARGET_NOT_ABOVE_ENTRY
2026-07-15T13:14:00.074864+00:00,MR_DEEP_VALUE_V1,NEAR,NEARUSDT,strategy-lab-v1.0.0:MR_DEEP_VALUE_V1,1784062799999,2026-07-14T20:59:59.999000+00:00,2.023,2.03,2.016,2.02,57.251908396946625,2.0038,1.9457875875350843,1.937165,0.0255,False,RSI_NOT_BELOW_30|CLOSE_NOT_NEAR_OR_BELOW_LOWER_BB|TARGET_NOT_ABOVE_ENTRY
2026-07-15T13:14:00.074864+00:00,MR_DEEP_VALUE_V1,NEAR,NEARUSDT,strategy-lab-v1.0.0:MR_DEEP_VALUE_V1,1784066399999,2026-07-14T21:59:59.999000+00:00,2.02,2.026,2.015,2.016,59.05511811023618,2.0064,1.9511608834248815,1.93725,0.024357142857142855,False,RSI_NOT_BELOW_30|CLOSE_NOT_NEAR_OR_BELOW_LOWER_BB|TARGET_NOT_ABOVE_ENTRY
2026-07-15T13:14:00.074864+00:00,MR_DEEP_VALUE_V1,NEAR,NEARUSDT,strategy-lab-v1.0.0:MR_DEEP_VALUE_V1,1784069999999,2026-07-14T22:59:59.999000+00:00,2.016,2.027,2.01,2.012,59.05511811023618,2.0090999999999997,1.958503952723561,1.9372749999999999,0.02378571428571433,False,RSI_NOT_BELOW_30|CLOSE_NOT_NEAR_OR_BELOW_LOWER_BB|TARGET_NOT_ABOVE_ENTRY
2026-07-15T13:14:00.074864+00:00,MR_DEEP_VALUE_V1,NEAR,NEARUSDT,strategy-lab-v1.0.0:MR_DEEP_VALUE_V1,1784073599999,2026-07-14T23:59:59.999000+00:00,2.012,2.015,2.002,2.013,60.79999999999998,2.0117,1.9661671547122337,1.9369550000000002,0.023500000000000076,False,RSI_NOT_BELOW_30|CLOSE_NOT_NEAR_OR_BELOW_LOWER_BB|TARGET_NOT_ABOVE_ENTRY
2026-07-15T13:14:00.074864+00:00,MR_DEEP_VALUE_V1,NEAR,NEARUSDT,strategy-lab-v1.0.0:MR_DEEP_VALUE_V1,1784077199999,2026-07-15T00:59:59.999000+00:00,2.013,2.016,2.002,2.007,63.8655462184875,2.01355,1.9721230763874544,1.936665,0.022642857142857235,False,RSI_NOT_BELOW_30|CLOSE_NOT_NEAR_OR_BELOW_LOWER_BB
2026-07-15T13:14:00.074864+00:00,MR_DEEP_VALUE_V1,NEAR,NEARUSDT,strategy-lab-v1.0.0:MR_DEEP_VALUE_V1,1784080799999,2026-07-15T01:59:59.999000+00:00,2.008,2.023,2.001,2.014,61.26126126126121,2.01455,1.9741050992089273,1.93638,0.022357142857142964,False,RSI_NOT_BELOW_30|CLOSE_NOT_NEAR_OR_BELOW_LOWER_BB
2026-07-15T13:14:00.074864+00:00,MR_DEEP_VALUE_V1,NEAR,NEARUSDT,strategy-lab-v1.0.0:MR_DEEP_VALUE_V1,1784084399999,2026-07-15T02:59:59.999000+00:00,2.014,2.028,2.009,2.021,44.155844155844186,2.01555,1.9755076474217645,1.93613,0.019000000000000128,False,RSI_NOT_BELOW_30|CLOSE_NOT_NEAR_OR_BELOW_LOWER_BB|TARGET_NOT_ABOVE_ENTRY
2026-07-15T13:14:00.074864+00:00,MR_DEEP_VALUE_V1,NEAR,NEARUSDT,strategy-lab-v1.0.0:MR_DEEP_VALUE_V1,1784087999999,2026-07-15T03:59:59.999000+00:00,2.021,2.025,2.008,2.022,45.454545454545354,2.017,1.9782495161320561,1.935895,0.01907142857142869,False,RSI_NOT_BELOW_30|CLOSE_NOT_NEAR_OR_BELOW_LOWER_BB|TARGET_NOT_ABOVE_ENTRY
2026-07-15T13:14:00.074864+00:00,MR_DEEP_VALUE_V1,NEAR,NEARUSDT,strategy-lab-v1.0.0:MR_DEEP_VALUE_V1,1784091599999,2026-07-15T04:59:59.999000+00:00,2.021,2.026,2.009,2.023,35.384615384615614,2.0187,1.982087980115817,1.935675,0.018428571428571523,False,RSI_NOT_BELOW_30|CLOSE_NOT_NEAR_OR_BELOW_LOWER_BB|TARGET_NOT_ABOVE_ENTRY
2026-07-15T13:14:00.074864+00:00,MR_DEEP_VALUE_V1,NEAR,NEARUSDT,strategy-lab-v1.0.0:MR_DEEP_VALUE_V1,1784095199999,2026-07-15T05:59:59.999000+00:00,2.024,2.03,2.01,2.029,37.31343283582092,2.02085,1.9872447920702778,1.935405,0.017857142857142953,False,RSI_NOT_BELOW_30|CLOSE_NOT_NEAR_OR_BELOW_LOWER_BB|TARGET_NOT_ABOVE_ENTRY
2026-07-15T13:14:00.074864+00:00,MR_DEEP_VALUE_V1,NEAR,NEARUSDT,strategy-lab-v1.0.0:MR_DEEP_VALUE_V1,1784098799999,2026-07-15T06:59:59.999000+00:00,2.029,2.042,2.024,2.024,39.0625000000001,2.0233499999999998,1.997517655932922,1.935155,0.0176428571428572,False,RSI_NOT_BELOW_30|CLOSE_NOT_NEAR_OR_BELOW_LOWER_BB|TARGET_NOT_ABOVE_ENTRY
2026-07-15T13:14:00.074864+00:00,MR_DEEP_VALUE_V1,NEAR,NEARUSDT,strategy-lab-v1.0.0:MR_DEEP_VALUE_V1,1784102399999,2026-07-15T07:59:59.999000+00:00,2.024,2.025,2.002,2.007,29.113924050632775,2.02425,2.0023057524622074,1.934925,0.01728571428571435,False,CLOSE_NOT_NEAR_OR_BELOW_LOWER_BB
2026-07-15T13:14:00.074864+00:00,MR_DEEP_VALUE_V1,NEAR,NEARUSDT,strategy-lab-v1.0.0:MR_DEEP_VALUE_V1,1784105999999,2026-07-15T08:59:59.999000+00:00,2.008,2.029,1.999,2.024,47.058823529411804,2.02395,2.0021649133579897,1.934655,0.017714285714285762,False,RSI_NOT_BELOW_30|CLOSE_NOT_NEAR_OR_BELOW_LOWER_BB|TARGET_NOT_ABOVE_ENTRY
2026-07-15T13:14:00.074864+00:00,MR_DEEP_VALUE_V1,NEAR,NEARUSDT,strategy-lab-v1.0.0:MR_DEEP_VALUE_V1,1784109599999,2026-07-15T09:59:59.999000+00:00,2.023,2.042,2.022,2.034,56.17977528089875,2.0242,2.0020767091055625,1.9344899999999998,0.01821428571428574,False,RSI_NOT_BELOW_30|CLOSE_NOT_NEAR_OR_BELOW_LOWER_BB|TARGET_NOT_ABOVE_ENTRY
2026-07-15T13:14:00.074864+00:00,MR_DEEP_VALUE_V1,NEAR,NEARUSDT,strategy-lab-v1.0.0:MR_DEEP_VALUE_V1,1784113199999,2026-07-15T10:59:59.999000+00:00,2.034,2.062,2.033,2.052,65.38461538461551,2.0247,2.000624286095737,1.93457,0.01928571428571432,False,RSI_NOT_BELOW_30|CLOSE_NOT_NEAR_OR_BELOW_LOWER_BB|TARGET_NOT_ABOVE_ENTRY
2026-07-15T13:14:00.074864+00:00,MR_DEEP_VALUE_V1,NEAR,NEARUSDT,strategy-lab-v1.0.0:MR_DEEP_VALUE_V1,1784116799999,2026-07-15T11:59:59.999000+00:00,2.052,2.094,2.049,2.08,75.00000000000017,2.0263999999999998,1.9934006060661718,1.934865,0.021714285714285766,False,RSI_NOT_BELOW_30|CLOSE_NOT_NEAR_OR_BELOW_LOWER_BB|TARGET_NOT_ABOVE_ENTRY
2026-07-15T13:14:00.074864+00:00,MR_DEEP_VALUE_V1,NEAR,NEARUSDT,strategy-lab-v1.0.0:MR_DEEP_VALUE_V1,1784120399999,2026-07-15T12:59:59.999000+00:00,2.08,2.099,2.066,2.089,78.9473684210528,2.02895,1.9862910032935606,1.935255,0.02285714285714291,False,RSI_NOT_BELOW_30|CLOSE_NOT_NEAR_OR_BELOW_LOWER_BB|TARGET_NOT_ABOVE_ENTRY
2026-07-15T13:14:00.074864+00:00,MR_DEEP_VALUE_V1,BNB,BNBUSDT,strategy-lab-v1.0.0:MR_DEEP_VALUE_V1,1783907999999,2026-07-13T01:59:59.999000+00:00,577.93,579.08,572.19,572.3,32.42518981688251,577.277,570.289725567146,576.4575,2.892857142857151,False,RSI_NOT_BELOW_30|CLOSE_NOT_NEAR_OR_BELOW_LOWER_BB|CLOSE_NOT_ABOVE_MA200
2026-07-15T13:14:00.074864+00:00,MR_DEEP_VALUE_V1,BNB,BNBUSDT,strategy-lab-v1.0.0:MR_DEEP_VALUE_V1,1783911599999,2026-07-13T02:59:59.999000+00:00,572.31,573.77,570.87,572.04,25.0,577.2845,570.320086241469,576.43335,2.777142857142865,False,CLOSE_NOT_NEAR_OR_BELOW_LOWER_BB|CLOSE_NOT_ABOVE_MA200
2026-07-15T13:14:00.074864+00:00,MR_DEEP_VALUE_V1,BNB,BNBUSDT,strategy-lab-v1.0.0:MR_DEEP_VALUE_V1,1783915199999,2026-07-13T03:59:59.999000+00:00,572.05,572.05,566.67,569.04,23.066546762589894,577.118,569.5578370387924,576.40095,3.0207142857142912,False,CLOSE_NOT_ABOVE_MA200
2026-07-15T13:14:00.074864+00:00,MR_DEEP_VALUE_V1,BNB,BNBUSDT,strategy-lab-v1.0.0:MR_DEEP_VALUE_V1,1783918799999,2026-07-13T04:59:59.999000+00:00,569.05,569.63,567.28,567.31,19.624573378839642,576.799,568.2177322614885,576.37145,2.941428571428576,False,CLOSE_NOT_ABOVE_MA200
2026-07-15T13:14:00.074864+00:00,MR_DEEP_VALUE_V1,BNB,BNBUSDT,strategy-lab-v1.0.0:MR_DEEP_VALUE_V1,1783922399999,2026-07-13T05:59:59.999000+00:00,567.32,569.53,566.28,568.59,24.22744128553795,576.508,567.2540546792183,576.341,3.0714285714285796,False,CLOSE_NOT_NEAR_OR_BELOW_LOWER_BB|CLOSE_NOT_ABOVE_MA200
2026-07-15T13:14:00.074864+00:00,MR_DEEP_VALUE_V1,BNB,BNBUSDT,strategy-lab-v1.0.0:MR_DEEP_VALUE_V1,1783925999999,2026-07-13T06:59:59.999000+00:00,568.6,569.34,567.69,568.57,24.14503502266203,576.2155,566.3654391372429,576.3005,3.0992857142857133,False,CLOSE_NOT_NEAR_OR_BELOW_LOWER_BB|CLOSE_NOT_ABOVE_MA200
2026-07-15T13:14:00.074864+00:00,MR_DEEP_VALUE_V1,BNB,BNBUSDT,strategy-lab-v1.0.0:MR_DEEP_VALUE_V1,1783929599999,2026-07-13T07:59:59.999000+00:00,568.57,570.58,567.88,570.11,30.84618591079638,575.7125,565.6955406310088,576.2742,3.125,False,RSI_NOT_BELOW_30|CLOSE_NOT_NEAR_OR_BELOW_LOWER_BB|CLOSE_NOT_ABOVE_MA200
2026-07-15T13:14:00.074864+00:00,MR_DEEP_VALUE_V1,BNB,BNBUSDT,strategy-lab-v1.0.0:MR_DEEP_VALUE_V1,1783933199999,2026-07-13T08:59:59.999000+00:00,570.11,571.1,569.43,570.37,31.161825726141018,575.116,565.3208146520844,576.2597499999999,3.194285714285716,False,RSI_NOT_BELOW_30|CLOSE_NOT_NEAR_OR_BELOW_LOWER_BB|CLOSE_NOT_ABOVE_MA200
2026-07-15T13:14:00.074864+00:00,MR_DEEP_VALUE_V1,BNB,BNBUSDT,strategy-lab-v1.0.0:MR_DEEP_VALUE_V1,1783936799999,2026-07-13T09:59:59.999000+00:00,570.37,570.4,569.29,569.62,29.05073649754503,574.546,564.865307049595,576.24785,3.20214285714286,False,CLOSE_NOT_NEAR_OR_BELOW_LOWER_BB|CLOSE_NOT_ABOVE_MA200
2026-07-15T13:14:00.074864+00:00,MR_DEEP_VALUE_V1,BNB,BNBUSDT,strategy-lab-v1.0.0:MR_DEEP_VALUE_V1,1783940399999,2026-07-13T10:59:59.999000+00:00,569.62,570.39,568.45,569.65,30.405117270788836,573.951,564.6084802114193,576.2492,3.22071428571428,False,RSI_NOT_BELOW_30|CLOSE_NOT_NEAR_OR_BELOW_LOWER_BB|CLOSE_NOT_ABOVE_MA200
2026-07-15T13:14:00.074864+00:00,MR_DEEP_VALUE_V1,BNB,BNBUSDT,strategy-lab-v1.0.0:MR_DEEP_VALUE_V1,1783943999999,2026-07-13T11:59:59.999000+00:00,569.65,570.92,569.31,569.66,35.051546391752495,573.379,564.4663777147226,576.2453,3.068571428571431,False,RSI_NOT_BELOW_30|CLOSE_NOT_NEAR_OR_BELOW_LOWER_BB|CLOSE_NOT_ABOVE_MA200
2026-07-15T13:14:00.074864+00:00,MR_DEEP_VALUE_V1,BNB,BNBUSDT,strategy-lab-v1.0.0:MR_DEEP_VALUE_V1,1783947599999,2026-07-13T12:59:59.999000+00:00,569.67,569.77,567.56,568.41,35.64653020469294,572.7434999999999,564.3308327059709,576.2299499999999,3.0221428571428612,False,RSI_NOT_BELOW_30|CLOSE_NOT_NEAR_OR_BELOW_LOWER_BB|CLOSE_NOT_ABOVE_MA200
2026-07-15T13:14:00.074864+00:00,MR_DEEP_VALUE_V1,BNB,BNBUSDT,strategy-lab-v1.0.0:MR_DEEP_VALUE_V1,1783951199999,2026-07-13T13:59:59.999000+00:00,568.41,569.57,566.41,568.05,35.45183714001982,572.1809999999999,564.0991935187715,576.21215,3.116428571428579,False,RSI_NOT_BELOW_30|CLOSE_NOT_NEAR_OR_BELOW_LOWER_BB|CLOSE_NOT_ABOVE_MA200
2026-07-15T13:14:00.074864+00:00,MR_DEEP_VALUE_V1,BNB,BNBUSDT,strategy-lab-v1.0.0:MR_DEEP_VALUE_V1,1783954799999,2026-07-13T14:59:59.999000+00:00,568.06,570.73,565.61,570.7,30.74054342035197,571.7434999999999,564.3664429309495,576.2076,2.9957142857142975,False,RSI_NOT_BELOW_30|CLOSE_NOT_NEAR_OR_BELOW_LOWER_BB|CLOSE_NOT_ABOVE_MA200
2026-07-15T13:14:00.074864+00:00,MR_DEEP_VALUE_V1,BNB,BNBUSDT,strategy-lab-v1.0.0:MR_DEEP_VALUE_V1,1783958399999,2026-07-13T15:59:59.999000+00:00,570.71,571.78,568.31,568.72,38.16137566137599,571.1865,564.7186741674634,576.173,2.7514285714285864,False,RSI_NOT_BELOW_30|CLOSE_NOT_NEAR_OR_BELOW_LOWER_BB|CLOSE_NOT_ABOVE_MA200
2026-07-15T13:14:00.074864+00:00,MR_DEEP_VALUE_V1,BNB,BNBUSDT,strategy-lab-v1.0.0:MR_DEEP_VALUE_V1,1783961999999,2026-07-13T16:59:59.999000+00:00,568.72,568.88,565.67,566.07,32.952598515134554,570.548,564.74088849771,576.11175,2.7735714285714477,False,RSI_NOT_BELOW_30|CLOSE_NOT_NEAR_OR_BELOW_LOWER_BB|CLOSE_NOT_ABOVE_MA200
2026-07-15T13:14:00.074864+00:00,MR_DEEP_VALUE_V1,BNB,BNBUSDT,strategy-lab-v1.0.0:MR_DEEP_VALUE_V1,1783965599999,2026-07-13T17:59:59.999000+00:00,566.07,566.7,562.4,562.62,32.126948775055936,569.8915,563.6339404916909,576.0518,2.6964285714285956,False,RSI_NOT_BELOW_30|CLOSE_NOT_ABOVE_MA200
2026-07-15T13:14:00.074864+00:00,MR_DEEP_VALUE_V1,BNB,BNBUSDT,strategy-lab-v1.0.0:MR_DEEP_VALUE_V1,1783969199999,2026-07-13T18:59:59.999000+00:00,562.62,565.33,562.37,564.44,42.049861495845256,569.4055000000001,563.0405947375448,575.99335,2.7400000000000255,False,RSI_NOT_BELOW_30|CLOSE_NOT_NEAR_OR_BELOW_LOWER_BB|CLOSE_NOT_ABOVE_MA200
2026-07-15T13:14:00.074864+00:00,MR_DEEP_VALUE_V1,BNB,BNBUSDT,strategy-lab-v1.0.0:MR_DEEP_VALUE_V1,1783972799999,2026-07-13T19:59:59.999000+00:00,564.44,566.35,564.04,566.29,43.82384532760455,569.0245000000001,562.8751472698316,575.9395499999999,2.6728571428571724,False,RSI_NOT_BELOW_30|CLOSE_NOT_NEAR_OR_BELOW_LOWER_BB|CLOSE_NOT_ABOVE_MA200
2026-07-15T13:14:00.074864+00:00,MR_DEEP_VALUE_V1,BNB,BNBUSDT,strategy-lab-v1.0.0:MR_DEEP_VALUE_V1,1783976399999,2026-07-13T20:59:59.999000+00:00,566.29,566.7,564.45,565.34,41.739130434782545,568.395,563.5905250026634,575.84765,2.715714285714317,False,RSI_NOT_BELOW_30|CLOSE_NOT_NEAR_OR_BELOW_LOWER_BB|CLOSE_NOT_ABOVE_MA200
2026-07-15T13:14:00.074864+00:00,MR_DEEP_VALUE_V1,BNB,BNBUSDT,strategy-lab-v1.0.0:MR_DEEP_VALUE_V1,1783979999999,2026-07-13T21:59:59.999000+00:00,565.35,565.59,563.31,564.86,35.80313683071931,568.0229999999999,563.3348357537269,575.73755,2.6857142857143197,False,RSI_NOT_BELOW_30|CLOSE_NOT_NEAR_OR_BELOW_LOWER_BB|CLOSE_NOT_ABOVE_MA200
2026-07-15T13:14:00.074864+00:00,MR_DEEP_VALUE_V1,BNB,BNBUSDT,strategy-lab-v1.0.0:MR_DEEP_VALUE_V1,1783983599999,2026-07-13T22:59:59.999000+00:00,564.86,566.64,564.69,565.31,36.45610278372572,567.6865,563.2400664853691,575.62765,2.70571428571431,False,RSI_NOT_BELOW_30|CLOSE_NOT_NEAR_OR_BELOW_LOWER_BB|CLOSE_NOT_ABOVE_MA200
2026-07-15T13:14:00.074864+00:00,MR_DEEP_VALUE_V1,BNB,BNBUSDT,strategy-lab-v1.0.0:MR_DEEP_VALUE_V1,1783987199999,2026-07-13T23:59:59.999000+00:00,565.31,567.5,565.09,567.49,44.70412729985084,567.609,563.2058107013174,575.5283999999999,2.7985714285714494,False,RSI_NOT_BELOW_30|CLOSE_NOT_NEAR_OR_BELOW_LOWER_BB|CLOSE_NOT_ABOVE_MA200
2026-07-15T13:14:00.074864+00:00,MR_DEEP_VALUE_V1,BNB,BNBUSDT,strategy-lab-v1.0.0:MR_DEEP_VALUE_V1,1783990799999,2026-07-14T00:59:59.999000+00:00,567.5,569.9,566.74,569.28,49.1540923639689,567.7075,563.2476978743409,575.446,2.8857142857143083,False,RSI_NOT_BELOW_30|CLOSE_NOT_NEAR_OR_BELOW_LOWER_BB|CLOSE_NOT_ABOVE_MA200|TARGET_NOT_ABOVE_ENTRY
2026-07-15T13:14:00.074864+00:00,MR_DEEP_VALUE_V1,BNB,BNBUSDT,strategy-lab-v1.0.0:MR_DEEP_VALUE_V1,1783994399999,2026-07-14T01:59:59.999000+00:00,569.27,570.57,568.61,569.95,50.64358632933883,567.7755,563.2234302509701,575.369,2.91071428571431,False,RSI_NOT_BELOW_30|CLOSE_NOT_NEAR_OR_BELOW_LOWER_BB|CLOSE_NOT_ABOVE_MA200|TARGET_NOT_ABOVE_ENTRY
2026-07-15T13:14:00.074864+00:00,MR_DEEP_VALUE_V1,BNB,BNBUSDT,strategy-lab-v1.0.0:MR_DEEP_VALUE_V1,1783997999999,2026-07-14T02:59:59.999000+00:00,569.95,570.42,567.57,570.0,53.72714486638544,567.847,563.2032596971802,575.2660500000001,2.9564285714285865,False,RSI_NOT_BELOW_30|CLOSE_NOT_NEAR_OR_BELOW_LOWER_BB|CLOSE_NOT_ABOVE_MA200|TARGET_NOT_ABOVE_ENTRY
2026-07-15T13:14:00.074864+00:00,MR_DEEP_VALUE_V1,BNB,BNBUSDT,strategy-lab-v1.0.0:MR_DEEP_VALUE_V1,1784001599999,2026-07-14T03:59:59.999000+00:00,570.0,570.54,568.02,569.98,54.59742734635556,567.8405,563.2091007513892,575.1687000000001,2.910714285714294,False,RSI_NOT_BELOW_30|CLOSE_NOT_NEAR_OR_BELOW_LOWER_BB|CLOSE_NOT_ABOVE_MA200|TARGET_NOT_ABOVE_ENTRY
2026-07-15T13:14:00.074864+00:00,MR_DEEP_VALUE_V1,BNB,BNBUSDT,strategy-lab-v1.0.0:MR_DEEP_VALUE_V1,1784005199999,2026-07-14T04:59:59.999000+00:00,569.99,571.5,569.81,571.16,51.17827868852441,567.88,563.1505433715878,575.08415,2.6657142857142975,False,RSI_NOT_BELOW_30|CLOSE_NOT_NEAR_OR_BELOW_LOWER_BB|CLOSE_NOT_ABOVE_MA200|TARGET_NOT_ABOVE_ENTRY
2026-07-15T13:14:00.074864+00:00,MR_DEEP_VALUE_V1,BNB,BNBUSDT,strategy-lab-v1.0.0:MR_DEEP_VALUE_V1,1784008799999,2026-07-14T05:59:59.999000+00:00,571.17,571.68,570.0,570.45,54.739726027397374,567.9215,563.1177170115593,574.98815,2.537857142857149,False,RSI_NOT_BELOW_30|CLOSE_NOT_NEAR_OR_BELOW_LOWER_BB|CLOSE_NOT_ABOVE_MA200|TARGET_NOT_ABOVE_ENTRY
2026-07-15T13:14:00.074864+00:00,MR_DEEP_VALUE_V1,BNB,BNBUSDT,strategy-lab-v1.0.0:MR_DEEP_VALUE_V1,1784012399999,2026-07-14T06:59:59.999000+00:00,570.44,570.45,568.93,569.28,59.57066189624314,567.903,563.1231962383345,574.8768,2.4171428571428675,False,RSI_NOT_BELOW_30|CLOSE_NOT_NEAR_OR_BELOW_LOWER_BB|CLOSE_NOT_ABOVE_MA200|TARGET_NOT_ABOVE_ENTRY
2026-07-15T13:14:00.074864+00:00,MR_DEEP_VALUE_V1,BNB,BNBUSDT,strategy-lab-v1.0.0:MR_DEEP_VALUE_V1,1784015999999,2026-07-14T07:59:59.999000+00:00,569.29,570.46,568.93,570.15,76.5327695560256,567.9275,563.1070731516771,574.7782,2.219285714285726,False,RSI_NOT_BELOW_30|CLOSE_NOT_NEAR_OR_BELOW_LOWER_BB|CLOSE_NOT_ABOVE_MA200|TARGET_NOT_ABOVE_ENTRY
2026-07-15T13:14:00.074864+00:00,MR_DEEP_VALUE_V1,BNB,BNBUSDT,strategy-lab-v1.0.0:MR_DEEP_VALUE_V1,1784019599999,2026-07-14T08:59:59.999000+00:00,570.16,571.74,569.14,570.68,74.18604651162798,568.0409999999999,563.0757531783372,574.6727500000001,2.193571428571439,False,RSI_NOT_BELOW_30|CLOSE_NOT_NEAR_OR_BELOW_LOWER_BB|CLOSE_NOT_ABOVE_MA200|TARGET_NOT_ABOVE_ENTRY
2026-07-15T13:14:00.074864+00:00,MR_DEEP_VALUE_V1,BNB,BNBUSDT,strategy-lab-v1.0.0:MR_DEEP_VALUE_V1,1784023199999,2026-07-14T09:59:59.999000+00:00,570.68,571.24,569.48,569.99,65.75809199318618,568.138,563.1005657324356,574.58005,2.15428571428572,False,RSI_NOT_BELOW_30|CLOSE_NOT_NEAR_OR_BELOW_LOWER_BB|CLOSE_NOT_ABOVE_MA200|TARGET_NOT_ABOVE_ENTRY
2026-07-15T13:14:00.074864+00:00,MR_DEEP_VALUE_V1,BNB,BNBUSDT,strategy-lab-v1.0.0:MR_DEEP_VALUE_V1,1784026799999,2026-07-14T10:59:59.999000+00:00,569.99,571.18,569.32,570.95,73.8723404255322,568.1505,563.0865273499917,574.50275,2.12642857142857,False,RSI_NOT_BELOW_30|CLOSE_NOT_NEAR_OR_BELOW_LOWER_BB|CLOSE_NOT_ABOVE_MA200|TARGET_NOT_ABOVE_ENTRY
2026-07-15T13:14:00.074864+00:00,MR_DEEP_VALUE_V1,BNB,BNBUSDT,strategy-lab-v1.0.0:MR_DEEP_VALUE_V1,1784030399999,2026-07-14T11:59:59.999000+00:00,570.96,571.46,570.45,570.96,77.03900709219903,568.2625,563.0560199030409,574.4304999999999,2.0357142857142776,False,RSI_NOT_BELOW_30|CLOSE_NOT_NEAR_OR_BELOW_LOWER_BB|CLOSE_NOT_ABOVE_MA200|TARGET_NOT_ABOVE_ENTRY
2026-07-15T13:14:00.074864+00:00,MR_DEEP_VALUE_V1,BNB,BNBUSDT,strategy-lab-v1.0.0:MR_DEEP_VALUE_V1,1784033999999,2026-07-14T12:59:59.999000+00:00,570.96,577.94,570.21,577.41,85.01157407407443,568.8295,562.3800489380855,574.3972,2.4485714285714266,False,RSI_NOT_BELOW_30|CLOSE_NOT_NEAR_OR_BELOW_LOWER_BB|TARGET_NOT_ABOVE_ENTRY
2026-07-15T13:14:00.074864+00:00,MR_DEEP_VALUE_V1,BNB,BNBUSDT,strategy-lab-v1.0.0:MR_DEEP_VALUE_V1,1784037599999,2026-07-14T13:59:59.999000+00:00,577.42,582.0,576.24,578.97,84.4537815126054,569.647,562.4514066262725,574.3762,2.6878571428571427,False,RSI_NOT_BELOW_30|CLOSE_NOT_NEAR_OR_BELOW_LOWER_BB|TARGET_NOT_ABOVE_ENTRY
2026-07-15T13:14:00.074864+00:00,MR_DEEP_VALUE_V1,BNB,BNBUSDT,strategy-lab-v1.0.0:MR_DEEP_VALUE_V1,1784041199999,2026-07-14T14:59:59.999000+00:00,578.97,582.29,577.57,581.48,85.0978135788266,570.499,562.0459321545352,574.37165,2.79928571428571,False,RSI_NOT_BELOW_30|CLOSE_NOT_NEAR_OR_BELOW_LOWER_BB|TARGET_NOT_ABOVE_ENTRY
2026-07-15T13:14:00.074864+00:00,MR_DEEP_VALUE_V1,BNB,BNBUSDT,strategy-lab-v1.0.0:MR_DEEP_VALUE_V1,1784044799999,2026-07-14T15:59:59.999000+00:00,581.48,584.64,581.09,582.87,85.69060773480692,571.328,561.541755367863,574.3756,2.9128571428571326,False,RSI_NOT_BELOW_30|CLOSE_NOT_NEAR_OR_BELOW_LOWER_BB|TARGET_NOT_ABOVE_ENTRY
2026-07-15T13:14:00.074864+00:00,MR_DEEP_VALUE_V1,BNB,BNBUSDT,strategy-lab-v1.0.0:MR_DEEP_VALUE_V1,1784048399999,2026-07-14T16:59:59.999000+00:00,582.87,583.41,581.54,581.63,80.14515292897897,572.1425,561.7901111452462,574.3806,2.8428571428571394,False,RSI_NOT_BELOW_30|CLOSE_NOT_NEAR_OR_BELOW_LOWER_BB|TARGET_NOT_ABOVE_ENTRY
2026-07-15T13:14:00.074864+00:00,MR_DEEP_VALUE_V1,BNB,BNBUSDT,strategy-lab-v1.0.0:MR_DEEP_VALUE_V1,1784051999999,2026-07-14T17:59:59.999000+00:00,581.63,581.67,579.1,580.84,77.06879361914284,572.9415,562.4944577870082,574.39765,2.846428571428565,False,RSI_NOT_BELOW_30|CLOSE_NOT_NEAR_OR_BELOW_LOWER_BB|TARGET_NOT_ABOVE_ENTRY
2026-07-15T13:14:00.074864+00:00,MR_DEEP_VALUE_V1,BNB,BNBUSDT,strategy-lab-v1.0.0:MR_DEEP_VALUE_V1,1784055599999,2026-07-14T18:59:59.999000+00:00,580.85,581.12,579.7,579.89,72.0121028744328,573.6705,563.4224124223085,574.3961999999999,2.8271428571428436,False,RSI_NOT_BELOW_30|CLOSE_NOT_NEAR_OR_BELOW_LOWER_BB|TARGET_NOT_ABOVE_ENTRY
2026-07-15T13:14:00.074864+00:00,MR_DEEP_VALUE_V1,BNB,BNBUSDT,strategy-lab-v1.0.0:MR_DEEP_VALUE_V1,1784059199999,2026-07-14T19:59:59.999000+00:00,579.88,581.56,579.88,580.64,75.6416708605937,574.328,564.0630526547851,574.41035,2.8271428571428436,False,RSI_NOT_BELOW_30|CLOSE_NOT_NEAR_OR_BELOW_LOWER_BB|TARGET_NOT_ABOVE_ENTRY
2026-07-15T13:14:00.074864+00:00,MR_DEEP_VALUE_V1,BNB,BNBUSDT,strategy-lab-v1.0.0:MR_DEEP_VALUE_V1,1784062799999,2026-07-14T20:59:59.999000+00:00,580.65,580.97,579.5,579.9,77.31481481481491,574.859,564.5947768925245,574.4501,2.82357142857141,False,RSI_NOT_BELOW_30|CLOSE_NOT_NEAR_OR_BELOW_LOWER_BB|TARGET_NOT_ABOVE_ENTRY
2026-07-15T13:14:00.074864+00:00,MR_DEEP_VALUE_V1,BNB,BNBUSDT,strategy-lab-v1.0.0:MR_DEEP_VALUE_V1,1784066399999,2026-07-14T21:59:59.999000+00:00,579.91,581.25,579.56,580.68,77.20930232558146,575.3955,565.0920976978458,574.4883,2.8349999999999795,False,RSI_NOT_BELOW_30|CLOSE_NOT_NEAR_OR_BELOW_LOWER_BB|TARGET_NOT_ABOVE_ENTRY
2026-07-15T13:14:00.074864+00:00,MR_DEEP_VALUE_V1,BNB,BNBUSDT,strategy-lab-v1.0.0:MR_DEEP_VALUE_V1,1784069999999,2026-07-14T22:59:59.999000+00:00,580.68,582.91,579.27,581.67,77.73851590106017,575.979,565.6421825013674,574.5111499999999,2.909285714285691,False,RSI_NOT_BELOW_30|CLOSE_NOT_NEAR_OR_BELOW_LOWER_BB|TARGET_NOT_ABOVE_ENTRY
2026-07-15T13:14:00.074864+00:00,MR_DEEP_VALUE_V1,BNB,BNBUSDT,strategy-lab-v1.0.0:MR_DEEP_VALUE_V1,1784073599999,2026-07-14T23:59:59.999000+00:00,581.75,582.9,581.11,581.87,80.74534161490674,576.5735,566.3178064105815,574.4968,2.9114285714285466,False,RSI_NOT_BELOW_30|CLOSE_NOT_NEAR_OR_BELOW_LOWER_BB|TARGET_NOT_ABOVE_ENTRY
2026-07-15T13:14:00.074864+00:00,MR_DEEP_VALUE_V1,BNB,BNBUSDT,strategy-lab-v1.0.0:MR_DEEP_VALUE_V1,1784077199999,2026-07-15T00:59:59.999000+00:00,581.88,583.17,581.44,582.22,80.117584179583,577.1265000000001,566.9053742792177,574.48135,2.9021428571428323,False,RSI_NOT_BELOW_30|CLOSE_NOT_NEAR_OR_BELOW_LOWER_BB|TARGET_NOT_ABOVE_ENTRY
2026-07-15T13:14:00.074864+00:00,MR_DEEP_VALUE_V1,BNB,BNBUSDT,strategy-lab-v1.0.0:MR_DEEP_VALUE_V1,1784080799999,2026-07-15T01:59:59.999000+00:00,582.23,582.23,579.95,580.09,71.91550648103691,577.6085,567.790992627961,574.4665,2.9928571428571167,False,RSI_NOT_BELOW_30|CLOSE_NOT_NEAR_OR_BELOW_LOWER_BB|TARGET_NOT_ABOVE_ENTRY
2026-07-15T13:14:00.074864+00:00,MR_DEEP_VALUE_V1,BNB,BNBUSDT,strategy-lab-v1.0.0:MR_DEEP_VALUE_V1,1784084399999,2026-07-15T02:59:59.999000+00:00,580.08,581.11,579.2,579.94,58.70612525808696,578.1415,569.0606690358183,574.4442,2.5771428571428276,False,RSI_NOT_BELOW_30|CLOSE_NOT_NEAR_OR_BELOW_LOWER_BB|TARGET_NOT_ABOVE_ENTRY
2026-07-15T13:14:00.074864+00:00,MR_DEEP_VALUE_V1,BNB,BNBUSDT,strategy-lab-v1.0.0:MR_DEEP_VALUE_V1,1784087999999,2026-07-15T03:59:59.999000+00:00,579.95,581.29,579.67,580.71,56.33187772925768,578.6695000000001,570.3092979091388,574.422,2.2814285714285427,False,RSI_NOT_BELOW_30|CLOSE_NOT_NEAR_OR_BELOW_LOWER_BB|TARGET_NOT_ABOVE_ENTRY
2026-07-15T13:14:00.074864+00:00,MR_DEEP_VALUE_V1,BNB,BNBUSDT,strategy-lab-v1.0.0:MR_DEEP_VALUE_V1,1784091599999,2026-07-15T04:59:59.999000+00:00,580.72,581.24,577.29,579.66,42.58957654723112,579.1185,571.6007629069619,574.3917,2.2264285714285523,False,RSI_NOT_BELOW_30|CLOSE_NOT_NEAR_OR_BELOW_LOWER_BB|TARGET_NOT_ABOVE_ENTRY
2026-07-15T13:14:00.074864+00:00,MR_DEEP_VALUE_V1,BNB,BNBUSDT,strategy-lab-v1.0.0:MR_DEEP_VALUE_V1,1784095199999,2026-07-15T05:59:59.999000+00:00,579.67,580.77,578.71,580.6,40.40574809805599,579.6490000000001,573.3909079584876,574.34715,2.11999999999998,False,RSI_NOT_BELOW_30|CLOSE_NOT_NEAR_OR_BELOW_LOWER_BB|TARGET_NOT_ABOVE_ENTRY
2026-07-15T13:14:00.074864+00:00,MR_DEEP_VALUE_V1,BNB,BNBUSDT,strategy-lab-v1.0.0:MR_DEEP_VALUE_V1,1784098799999,2026-07-15T06:59:59.999000+00:00,580.6,582.28,579.78,579.78,41.89307624890451,580.0905,575.2683698690265,574.3055,2.16499999999998,False,RSI_NOT_BELOW_30|CLOSE_NOT_NEAR_OR_BELOW_LOWER_BB
2026-07-15T13:14:00.074864+00:00,MR_DEEP_VALUE_V1,BNB,BNBUSDT,strategy-lab-v1.0.0:MR_DEEP_VALUE_V1,1784102399999,2026-07-15T07:59:59.999000+00:00,579.79,580.19,576.49,576.49,34.36376707404759,580.367,577.3893089481876,574.2579,2.2457142857142736,False,RSI_NOT_BELOW_30
2026-07-15T13:14:00.074864+00:00,MR_DEEP_VALUE_V1,BNB,BNBUSDT,strategy-lab-v1.0.0:MR_DEEP_VALUE_V1,1784105999999,2026-07-15T08:59:59.999000+00:00,576.5,577.7,575.8,577.13,39.85294117647072,580.353,577.317753057815,574.2090000000001,2.279999999999997,False,RSI_NOT_BELOW_30
2026-07-15T13:14:00.074864+00:00,MR_DEEP_VALUE_V1,BNB,BNBUSDT,strategy-lab-v1.0.0:MR_DEEP_VALUE_V1,1784109599999,2026-07-15T09:59:59.999000+00:00,577.12,577.98,576.56,577.14,36.391912908242745,580.2615,576.9658405819104,574.1800499999999,2.2614285714285773,False,RSI_NOT_BELOW_30|CLOSE_NOT_NEAR_OR_BELOW_LOWER_BB
2026-07-15T13:14:00.074864+00:00,MR_DEEP_VALUE_V1,BNB,BNBUSDT,strategy-lab-v1.0.0:MR_DEEP_VALUE_V1,1784113199999,2026-07-15T10:59:59.999000+00:00,577.14,578.86,576.99,578.82,46.086956521739445,580.1285,576.8255844697385,574.16925,2.290000000000004,False,RSI_NOT_BELOW_30|CLOSE_NOT_NEAR_OR_BELOW_LOWER_BB
2026-07-15T13:14:00.074864+00:00,MR_DEEP_VALUE_V1,BNB,BNBUSDT,strategy-lab-v1.0.0:MR_DEEP_VALUE_V1,1784116799999,2026-07-15T11:59:59.999000+00:00,578.82,579.1,577.83,579.01,43.67903103709333,579.9354999999999,576.8521091717002,574.1684,2.259999999999999,False,RSI_NOT_BELOW_30|CLOSE_NOT_NEAR_OR_BELOW_LOWER_BB
2026-07-15T13:14:00.074864+00:00,MR_DEEP_VALUE_V1,BNB,BNBUSDT,strategy-lab-v1.0.0:MR_DEEP_VALUE_V1,1784120399999,2026-07-15T12:59:59.999000+00:00,579.02,584.52,577.22,582.59,52.91139240506349,579.9835,576.7689874397441,574.18715,2.5214285714285682,False,RSI_NOT_BELOW_30|CLOSE_NOT_NEAR_OR_BELOW_LOWER_BB|TARGET_NOT_ABOVE_ENTRY
2026-07-15T13:14:00.074864+00:00,MR_DEEP_VALUE_V1,PAXG,PAXGUSDT,strategy-lab-v1.0.0:MR_DEEP_VALUE_V1,1784048399999,2026-07-14T16:59:59.999000+00:00,4061.09,4061.25,4051.64,4055.87,68.31993569131822,4026.9900000000002,3976.7682250412777,4092.9551500000002,17.046428571428514,False,RSI_NOT_BELOW_30|CLOSE_NOT_NEAR_OR_BELOW_LOWER_BB|CLOSE_NOT_ABOVE_MA200|TARGET_NOT_ABOVE_ENTRY
2026-07-15T13:14:00.074864+00:00,MR_DEEP_VALUE_V1,PAXG,PAXGUSDT,strategy-lab-v1.0.0:MR_DEEP_VALUE_V1,1784051999999,2026-07-14T17:59:59.999000+00:00,4055.88,4058.34,4048.28,4057.71,67.80754778630931,4029.6505000000006,3978.84206271834,4092.5443,17.27999999999994,False,RSI_NOT_BELOW_30|CLOSE_NOT_NEAR_OR_BELOW_LOWER_BB|CLOSE_NOT_ABOVE_MA200|TARGET_NOT_ABOVE_ENTRY
2026-07-15T13:14:00.074864+00:00,MR_DEEP_VALUE_V1,PAXG,PAXGUSDT,strategy-lab-v1.0.0:MR_DEEP_VALUE_V1,1784055599999,2026-07-14T18:59:59.999000+00:00,4057.46,4057.52,4038.76,4049.8,62.279792746114076,4032.1715000000004,3982.6334805502456,4092.0412999999994,18.002857142857074,False,RSI_NOT_BELOW_30|CLOSE_NOT_NEAR_OR_BELOW_LOWER_BB|CLOSE_NOT_ABOVE_MA200|TARGET_NOT_ABOVE_ENTRY
2026-07-15T13:14:00.074864+00:00,MR_DEEP_VALUE_V1,PAXG,PAXGUSDT,strategy-lab-v1.0.0:MR_DEEP_VALUE_V1,1784059199999,2026-07-14T19:59:59.999000+00:00,4049.43,4052.34,4043.53,4050.88,59.531343538869365,4034.7709999999997,3987.069262966594,4091.5445999999997,17.692857142857097,False,RSI_NOT_BELOW_30|CLOSE_NOT_NEAR_OR_BELOW_LOWER_BB|CLOSE_NOT_ABOVE_MA200|TARGET_NOT_ABOVE_ENTRY
2026-07-15T13:14:00.074864+00:00,MR_DEEP_VALUE_V1,PAXG,PAXGUSDT,strategy-lab-v1.0.0:MR_DEEP_VALUE_V1,1784062799999,2026-07-14T20:59:59.999000+00:00,4050.8,4052.35,4044.73,4047.53,61.59631890983098,4037.0259999999994,3991.435584603734,4091.09865,17.40714285714278,False,RSI_NOT_BELOW_30|CLOSE_NOT_NEAR_OR_BELOW_LOWER_BB|CLOSE_NOT_ABOVE_MA200|TARGET_NOT_ABOVE_ENTRY
2026-07-15T13:14:00.074864+00:00,MR_DEEP_VALUE_V1,PAXG,PAXGUSDT,strategy-lab-v1.0.0:MR_DEEP_VALUE_V1,1784066399999,2026-07-14T21:59:59.999000+00:00,4047.12,4055.46,4047.12,4051.46,65.12575274530633,4039.1590000000006,3995.08390639824,4090.6722499999996,17.360714285714234,False,RSI_NOT_BELOW_30|CLOSE_NOT_NEAR_OR_BELOW_LOWER_BB|CLOSE_NOT_ABOVE_MA200|TARGET_NOT_ABOVE_ENTRY
2026-07-15T13:14:00.074864+00:00,MR_DEEP_VALUE_V1,PAXG,PAXGUSDT,strategy-lab-v1.0.0:MR_DEEP_VALUE_V1,1784069999999,2026-07-14T22:59:59.999000+00:00,4051.47,4051.47,4044.82,4045.0,64.03134523291251,4040.8945,3998.814746447919,4090.2261,17.287142857142758,False,RSI_NOT_BELOW_30|CLOSE_NOT_NEAR_OR_BELOW_LOWER_BB|CLOSE_NOT_ABOVE_MA200|TARGET_NOT_ABOVE_ENTRY
2026-07-15T13:14:00.074864+00:00,MR_DEEP_VALUE_V1,PAXG,PAXGUSDT,strategy-lab-v1.0.0:MR_DEEP_VALUE_V1,1784073599999,2026-07-14T23:59:59.999000+00:00,4045.0,4050.63,4043.11,4048.07,63.47480106100798,4042.5925,4002.2689521029733,4089.7428000000004,17.17785714285706,False,RSI_NOT_BELOW_30|CLOSE_NOT_NEAR_OR_BELOW_LOWER_BB|CLOSE_NOT_ABOVE_MA200|TARGET_NOT_ABOVE_ENTRY
2026-07-15T13:14:00.074864+00:00,MR_DEEP_VALUE_V1,PAXG,PAXGUSDT,strategy-lab-v1.0.0:MR_DEEP_VALUE_V1,1784077199999,2026-07-15T00:59:59.999000+00:00,4048.26,4055.93,4047.01,4055.39,65.32359607151845,4044.412500000001,4005.2451856294224,4089.2578000000003,17.29714285714275,False,RSI_NOT_BELOW_30|CLOSE_NOT_NEAR_OR_BELOW_LOWER_BB|CLOSE_NOT_ABOVE_MA200|TARGET_NOT_ABOVE_ENTRY
2026-07-15T13:14:00.074864+00:00,MR_DEEP_VALUE_V1,PAXG,PAXGUSDT,strategy-lab-v1.0.0:MR_DEEP_VALUE_V1,1784080799999,2026-07-15T01:59:59.999000+00:00,4054.85,4057.68,4032.57,4033.73,52.38203266787666,4044.6695,4005.8549772153037,4088.6388,18.020714285714153,False,RSI_NOT_BELOW_30|CLOSE_NOT_NEAR_OR_BELOW_LOWER_BB|CLOSE_NOT_ABOVE_MA200
2026-07-15T13:14:00.074864+00:00,MR_DEEP_VALUE_V1,PAXG,PAXGUSDT,strategy-lab-v1.0.0:MR_DEEP_VALUE_V1,1784084399999,2026-07-15T02:59:59.999000+00:00,4033.73,4038.08,4025.64,4032.48,28.11730467875529,4045.2275,4007.465102366856,4087.9991999999997,13.412857142857026,False,CLOSE_NOT_NEAR_OR_BELOW_LOWER_BB|CLOSE_NOT_ABOVE_MA200
2026-07-15T13:14:00.074864+00:00,MR_DEEP_VALUE_V1,PAXG,PAXGUSDT,strategy-lab-v1.0.0:MR_DEEP_VALUE_V1,1784087999999,2026-07-15T03:59:59.999000+00:00,4031.68,4035.98,4024.65,4028.16,26.970152458664288,4045.7705,4009.3412515997975,4087.3425,13.139285714285604,False,CLOSE_NOT_NEAR_OR_BELOW_LOWER_BB|CLOSE_NOT_ABOVE_MA200
2026-07-15T13:14:00.074864+00:00,MR_DEEP_VALUE_V1,PAXG,PAXGUSDT,strategy-lab-v1.0.0:MR_DEEP_VALUE_V1,1784091599999,2026-07-15T04:59:59.999000+00:00,4027.96,4031.0,4025.26,4029.43,21.39142493932718,4046.6034999999997,4012.546043092538,4086.68555,12.29285714285704,False,CLOSE_NOT_NEAR_OR_BELOW_LOWER_BB|CLOSE_NOT_ABOVE_MA200
2026-07-15T13:14:00.074864+00:00,MR_DEEP_VALUE_V1,PAXG,PAXGUSDT,strategy-lab-v1.0.0:MR_DEEP_VALUE_V1,1784095199999,2026-07-15T05:59:59.999000+00:00,4029.43,4033.03,4017.99,4031.2,28.79045996592825,4047.2840000000006,4015.079109439659,4086.03085,11.15285714285707,False,CLOSE_NOT_NEAR_OR_BELOW_LOWER_BB|CLOSE_NOT_ABOVE_MA200
2026-07-15T13:14:00.074864+00:00,MR_DEEP_VALUE_V1,PAXG,PAXGUSDT,strategy-lab-v1.0.0:MR_DEEP_VALUE_V1,1784098799999,2026-07-15T06:59:59.999000+00:00,4031.2,4032.02,4018.2,4028.44,29.8279158699808,4047.7619999999997,4017.0064661239057,4085.3754,11.453571428571356,False,CLOSE_NOT_NEAR_OR_BELOW_LOWER_BB|CLOSE_NOT_ABOVE_MA200
2026-07-15T13:14:00.074864+00:00,MR_DEEP_VALUE_V1,PAXG,PAXGUSDT,strategy-lab-v1.0.0:MR_DEEP_VALUE_V1,1784102399999,2026-07-15T07:59:59.999000+00:00,4028.44,4029.99,4017.46,4020.7,24.9560156990117,4047.4255000000003,4015.6569265507,4084.71875,11.629999999999914,False,CLOSE_NOT_NEAR_OR_BELOW_LOWER_BB|CLOSE_NOT_ABOVE_MA200
2026-07-15T13:14:00.074864+00:00,MR_DEEP_VALUE_V1,PAXG,PAXGUSDT,strategy-lab-v1.0.0:MR_DEEP_VALUE_V1,1784105999999,2026-07-15T08:59:59.999000+00:00,4020.58,4028.98,4015.23,4027.91,35.04577128022923,4045.2419999999997,4014.4255345309734,4084.1525,11.258571428571356,False,RSI_NOT_BELOW_30|CLOSE_NOT_NEAR_OR_BELOW_LOWER_BB|CLOSE_NOT_ABOVE_MA200
2026-07-15T13:14:00.074864+00:00,MR_DEEP_VALUE_V1,PAXG,PAXGUSDT,strategy-lab-v1.0.0:MR_DEEP_VALUE_V1,1784109599999,2026-07-15T09:59:59.999000+00:00,4027.51,4030.0,4022.81,4026.68,33.501499863648505,4043.023,4013.602693339399,4083.6030499999997,11.142857142857078,False,RSI_NOT_BELOW_30|CLOSE_NOT_NEAR_OR_BELOW_LOWER_BB|CLOSE_NOT_ABOVE_MA200
2026-07-15T13:14:00.074864+00:00,MR_DEEP_VALUE_V1,PAXG,PAXGUSDT,strategy-lab-v1.0.0:MR_DEEP_VALUE_V1,1784113199999,2026-07-15T10:59:59.999000+00:00,4026.96,4031.87,4023.51,4024.59,34.08712541620406,4040.3055,4014.8896754215225,4083.0686,11.195714285714205,False,RSI_NOT_BELOW_30|CLOSE_NOT_NEAR_OR_BELOW_LOWER_BB|CLOSE_NOT_ABOVE_MA200
2026-07-15T13:14:00.074864+00:00,MR_DEEP_VALUE_V1,PAXG,PAXGUSDT,strategy-lab-v1.0.0:MR_DEEP_VALUE_V1,1784116799999,2026-07-15T11:59:59.999000+00:00,4025.32,4035.58,4024.34,4035.16,39.64684959349574,4039.0095,4015.3827156440193,4082.60925,11.402857142857036,False,RSI_NOT_BELOW_30|CLOSE_NOT_NEAR_OR_BELOW_LOWER_BB|CLOSE_NOT_ABOVE_MA200
2026-07-15T13:14:00.074864+00:00,MR_DEEP_VALUE_V1,PAXG,PAXGUSDT,strategy-lab-v1.0.0:MR_DEEP_VALUE_V1,1784120399999,2026-07-15T12:59:59.999000+00:00,4034.75,4065.7,4032.08,4062.54,58.8016860698515,4039.343,4014.6112058070185,4082.30755,13.329285714285627,False,RSI_NOT_BELOW_30|CLOSE_NOT_NEAR_OR_BELOW_LOWER_BB|CLOSE_NOT_ABOVE_MA200|TARGET_NOT_ABOVE_ENTRY
2026-07-15T16:53:58.937105+00:00,MR_DEEP_VALUE_V1,BTC,BTCUSDT,strategy-lab-v1.0.0:MR_DEEP_VALUE_V1,1784120400000,2026-07-15T13:00:00+00:00,65105.44,65528.76,64819.17,65057.05,51.451720376713126,64713.20850000001,64351.688055637635,63442.7779,344.67000000000087,False,RSI_NOT_BELOW_30|CLOSE_NOT_NEAR_OR_BELOW_LOWER_BB|TARGET_NOT_ABOVE_ENTRY
2026-07-15T16:53:58.937105+00:00,MR_DEEP_VALUE_V1,BTC,BTCUSDT,strategy-lab-v1.0.0:MR_DEEP_VALUE_V1,1784124000000,2026-07-15T14:00:00+00:00,65057.06,65466.18,65002.41,65339.5,61.614371217991994,64753.5135,64310.59020093797,63453.06035,356.0592857142864,False,RSI_NOT_BELOW_30|CLOSE_NOT_NEAR_OR_BELOW_LOWER_BB|TARGET_NOT_ABOVE_ENTRY
2026-07-15T16:53:58.937105+00:00,MR_DEEP_VALUE_V1,BTC,BTCUSDT,strategy-lab-v1.0.0:MR_DEEP_VALUE_V1,1784127600000,2026-07-15T15:00:00+00:00,65339.51,65559.5,65200.0,65369.98,66.12989941033646,64794.89200000001,64288.50718645895,63464.73295,366.2264285714295,False,RSI_NOT_BELOW_30|CLOSE_NOT_NEAR_OR_BELOW_LOWER_BB|TARGET_NOT_ABOVE_ENTRY
2026-07-15T16:53:58.937105+00:00,MR_DEEP_VALUE_V1,BTC,BTCUSDT,strategy-lab-v1.0.0:MR_DEEP_VALUE_V1,1784131200000,2026-07-15T16:00:00+00:00,65369.99,65415.5,64723.69,65002.41,61.28088713889671,64818.94,64321.17399798598,63474.516299999996,395.70071428571515,False,RSI_NOT_BELOW_30|CLOSE_NOT_NEAR_OR_BELOW_LOWER_BB|TARGET_NOT_ABOVE_ENTRY
2026-07-15T16:53:58.937105+00:00,MR_DEEP_VALUE_V1,ETH,ETHUSDT,strategy-lab-v1.0.0:MR_DEEP_VALUE_V1,1784120400000,2026-07-15T13:00:00+00:00,1925.63,1944.82,1915.43,1923.8,63.92878138909884,1881.2010000000002,1850.1604201729604,1790.9184999999998,15.584999999999955,False,RSI_NOT_BELOW_30|CLOSE_NOT_NEAR_OR_BELOW_LOWER_BB|TARGET_NOT_ABOVE_ENTRY
2026-07-15T16:53:58.937105+00:00,MR_DEEP_VALUE_V1,ETH,ETHUSDT,strategy-lab-v1.0.0:MR_DEEP_VALUE_V1,1784124000000,2026-07-15T14:00:00+00:00,1923.69,1933.73,1917.51,1931.59,71.95780807820944,1884.0965,1846.3277418658122,1791.688,15.665714285714248,False,RSI_NOT_BELOW_30|CLOSE_NOT_NEAR_OR_BELOW_LOWER_BB|TARGET_NOT_ABOVE_ENTRY
2026-07-15T16:53:58.937105+00:00,MR_DEEP_VALUE_V1,ETH,ETHUSDT,strategy-lab-v1.0.0:MR_DEEP_VALUE_V1,1784127600000,2026-07-15T15:00:00+00:00,1931.59,1936.0,1923.96,1930.0,78.45722300140264,1886.7994999999999,1844.309797494584,1792.48845,15.477857142857115,False,RSI_NOT_BELOW_30|CLOSE_NOT_NEAR_OR_BELOW_LOWER_BB|TARGET_NOT_ABOVE_ENTRY
2026-07-15T16:53:58.937105+00:00,MR_DEEP_VALUE_V1,ETH,ETHUSDT,strategy-lab-v1.0.0:MR_DEEP_VALUE_V1,1784131200000,2026-07-15T16:00:00+00:00,1930.01,1931.34,1902.44,1913.12,70.97183455975649,1888.7450000000001,1845.1894081661299,1793.2095000000002,16.92928571428568,False,RSI_NOT_BELOW_30|CLOSE_NOT_NEAR_OR_BELOW_LOWER_BB|TARGET_NOT_ABOVE_ENTRY
2026-07-15T16:53:58.937105+00:00,MR_DEEP_VALUE_V1,SOL,SOLUSDT,strategy-lab-v1.0.0:MR_DEEP_VALUE_V1,1784120400000,2026-07-15T13:00:00+00:00,78.23,78.96,77.65,78.03,52.879581151832454,77.56800000000001,76.89104800760975,77.6566,0.625714285714284,False,RSI_NOT_BELOW_30|CLOSE_NOT_NEAR_OR_BELOW_LOWER_BB|TARGET_NOT_ABOVE_ENTRY
2026-07-15T16:53:58.937105+00:00,MR_DEEP_VALUE_V1,SOL,SOLUSDT,strategy-lab-v1.0.0:MR_DEEP_VALUE_V1,1784124000000,2026-07-15T14:00:00+00:00,78.04,78.31,77.72,78.15,57.21925133689848,77.613,76.9075327789322,77.63995,0.634999999999999,False,RSI_NOT_BELOW_30|CLOSE_NOT_NEAR_OR_BELOW_LOWER_BB|TARGET_NOT_ABOVE_ENTRY
2026-07-15T16:53:58.937105+00:00,MR_DEEP_VALUE_V1,SOL,SOLUSDT,strategy-lab-v1.0.0:MR_DEEP_VALUE_V1,1784127600000,2026-07-15T15:00:00+00:00,78.15,78.19,77.68,77.99,58.152173913043384,77.65599999999999,76.96893668413956,77.62275,0.6328571428571418,False,RSI_NOT_BELOW_30|CLOSE_NOT_NEAR_OR_BELOW_LOWER_BB|TARGET_NOT_ABOVE_ENTRY
2026-07-15T16:53:58.937105+00:00,MR_DEEP_VALUE_V1,SOL,SOLUSDT,strategy-lab-v1.0.0:MR_DEEP_VALUE_V1,1784131200000,2026-07-15T16:00:00+00:00,78.01,78.06,77.01,77.4,51.81598062954002,77.6695,77.01444351388515,77.60375,0.6692857142857126,False,RSI_NOT_BELOW_30|CLOSE_NOT_NEAR_OR_BELOW_LOWER_BB|CLOSE_NOT_ABOVE_MA200
2026-07-15T16:53:58.937105+00:00,MR_DEEP_VALUE_V1,XRP,XRPUSDT,strategy-lab-v1.0.0:MR_DEEP_VALUE_V1,1784120400000,2026-07-15T13:00:00+00:00,1.1202,1.1286,1.1168,1.1209,61.04783599088847,1.10831,1.0975224330824893,1.0964260000000001,0.006871428571428544,False,RSI_NOT_BELOW_30|CLOSE_NOT_NEAR_OR_BELOW_LOWER_BB|TARGET_NOT_ABOVE_ENTRY
2026-07-15T16:53:58.937105+00:00,MR_DEEP_VALUE_V1,XRP,XRPUSDT,strategy-lab-v1.0.0:MR_DEEP_VALUE_V1,1784124000000,2026-07-15T14:00:00+00:00,1.121,1.1293,1.1175,1.1248,69.45701357466083,1.1089600000000002,1.0960514911783055,1.0963915,0.007299999999999989,False,RSI_NOT_BELOW_30|CLOSE_NOT_NEAR_OR_BELOW_LOWER_BB|TARGET_NOT_ABOVE_ENTRY
2026-07-15T16:53:58.937105+00:00,MR_DEEP_VALUE_V1,XRP,XRPUSDT,strategy-lab-v1.0.0:MR_DEEP_VALUE_V1,1784127600000,2026-07-15T15:00:00+00:00,1.1248,1.1279,1.1197,1.1254,78.84130982367759,1.1095000000000002,1.0949001369869522,1.0963889999999998,0.007428571428571419,False,RSI_NOT_BELOW_30|CLOSE_NOT_NEAR_OR_BELOW_LOWER_BB|TARGET_NOT_ABOVE_ENTRY
2026-07-15T16:53:58.937105+00:00,MR_DEEP_VALUE_V1,XRP,XRPUSDT,strategy-lab-v1.0.0:MR_DEEP_VALUE_V1,1784131200000,2026-07-15T16:00:00+00:00,1.1254,1.1263,1.107,1.1129,64.53608247422687,1.10966,1.0949849327088506,1.0963345000000002,0.00842142857142858,False,RSI_NOT_BELOW_30|CLOSE_NOT_NEAR_OR_BELOW_LOWER_BB|TARGET_NOT_ABOVE_ENTRY
2026-07-15T16:53:58.937105+00:00,MR_DEEP_VALUE_V1,DOGE,DOGEUSDT,strategy-lab-v1.0.0:MR_DEEP_VALUE_V1,1784120400000,2026-07-15T13:00:00+00:00,0.07467,0.07518,0.07422,0.07449,51.1568123393317,0.07412049999999999,0.0735617343961908,0.07333145,0.0005785714285714283,False,RSI_NOT_BELOW_30|CLOSE_NOT_NEAR_OR_BELOW_LOWER_BB|TARGET_NOT_ABOVE_ENTRY
2026-07-15T16:53:58.937105+00:00,MR_DEEP_VALUE_V1,DOGE,DOGEUSDT,strategy-lab-v1.0.0:MR_DEEP_VALUE_V1,1784124000000,2026-07-15T14:00:00+00:00,0.0745,0.07512,0.07443,0.0748,59.125964010282765,0.07414050000000001,0.07351813435184755,0.0733288,0.0005878571428571429,False,RSI_NOT_BELOW_30|CLOSE_NOT_NEAR_OR_BELOW_LOWER_BB|TARGET_NOT_ABOVE_ENTRY
2026-07-15T16:53:58.937105+00:00,MR_DEEP_VALUE_V1,DOGE,DOGEUSDT,strategy-lab-v1.0.0:MR_DEEP_VALUE_V1,1784127600000,2026-07-15T15:00:00+00:00,0.07481,0.07494,0.07427,0.07458,57.78894472361799,0.074163,0.07351190553680728,0.0733271,0.0006121428571428578,False,RSI_NOT_BELOW_30|CLOSE_NOT_NEAR_OR_BELOW_LOWER_BB|TARGET_NOT_ABOVE_ENTRY
2026-07-15T16:53:58.937105+00:00,MR_DEEP_VALUE_V1,DOGE,DOGEUSDT,strategy-lab-v1.0.0:MR_DEEP_VALUE_V1,1784131200000,2026-07-15T16:00:00+00:00,0.07459,0.07461,0.07329,0.07382,51.68539325842693,0.0741515,0.07348488841894231,0.0733226,0.0006721428571428573,False,RSI_NOT_BELOW_30|CLOSE_NOT_NEAR_OR_BELOW_LOWER_BB
2026-07-15T16:53:58.937105+00:00,MR_DEEP_VALUE_V1,NEAR,NEARUSDT,strategy-lab-v1.0.0:MR_DEEP_VALUE_V1,1784120400000,2026-07-15T13:00:00+00:00,2.089,2.11,2.069,2.084,79.3650793650793,2.0292000000000003,1.9797971660731841,1.9337799999999998,0.02428571428571426,False,RSI_NOT_BELOW_30|CLOSE_NOT_NEAR_OR_BELOW_LOWER_BB|TARGET_NOT_ABOVE_ENTRY
2026-07-15T16:53:58.937105+00:00,MR_DEEP_VALUE_V1,NEAR,NEARUSDT,strategy-lab-v1.0.0:MR_DEEP_VALUE_V1,1784124000000,2026-07-15T14:00:00+00:00,2.085,2.089,2.062,2.077,77.51937984496112,2.0317,1.9781123148475268,1.9340799999999998,0.025142857142857116,False,RSI_NOT_BELOW_30|CLOSE_NOT_NEAR_OR_BELOW_LOWER_BB|TARGET_NOT_ABOVE_ENTRY
2026-07-15T16:53:58.937105+00:00,MR_DEEP_VALUE_V1,NEAR,NEARUSDT,strategy-lab-v1.0.0:MR_DEEP_VALUE_V1,1784127600000,2026-07-15T15:00:00+00:00,2.076,2.079,2.062,2.079,76.79999999999988,2.0346,1.9774811764826992,1.9343549999999998,0.025214285714285713,False,RSI_NOT_BELOW_30|CLOSE_NOT_NEAR_OR_BELOW_LOWER_BB|TARGET_NOT_ABOVE_ENTRY
2026-07-15T16:53:58.937105+00:00,MR_DEEP_VALUE_V1,NEAR,NEARUSDT,strategy-lab-v1.0.0:MR_DEEP_VALUE_V1,1784131200000,2026-07-15T16:00:00+00:00,2.08,2.08,2.046,2.067,68.70229007633587,2.03705,1.9787971889090268,1.9345949999999998,0.026357142857142888,False,RSI_NOT_BELOW_30|CLOSE_NOT_NEAR_OR_BELOW_LOWER_BB|TARGET_NOT_ABOVE_ENTRY
2026-07-15T16:53:58.937105+00:00,MR_DEEP_VALUE_V1,PAXG,PAXGUSDT,strategy-lab-v1.0.0:MR_DEEP_VALUE_V1,1784120400000,2026-07-15T13:00:00+00:00,4059.81,4065.02,4046.35,4053.63,54.650934119960695,4035.7275,4011.01226593284,4078.5061499999997,13.067142857142828,False,RSI_NOT_BELOW_30|CLOSE_NOT_NEAR_OR_BELOW_LOWER_BB|CLOSE_NOT_ABOVE_MA200|TARGET_NOT_ABOVE_ENTRY
2026-07-15T16:53:58.937105+00:00,MR_DEEP_VALUE_V1,PAXG,PAXGUSDT,strategy-lab-v1.0.0:MR_DEEP_VALUE_V1,1784124000000,2026-07-15T14:00:00+00:00,4051.94,4055.94,4044.82,4051.74,50.005206706237516,4036.0099999999998,4010.705310316178,4078.1648499999997,13.32142857142854,False,RSI_NOT_BELOW_30|CLOSE_NOT_NEAR_OR_BELOW_LOWER_BB|CLOSE_NOT_ABOVE_MA200|TARGET_NOT_ABOVE_ENTRY
2026-07-15T16:53:58.937105+00:00,MR_DEEP_VALUE_V1,PAXG,PAXGUSDT,strategy-lab-v1.0.0:MR_DEEP_VALUE_V1,1784127600000,2026-07-15T15:00:00+00:00,4051.34,4051.34,4030.96,4037.24,54.829869833295014,4035.514,4010.7192155485372,4077.7515999999996,13.03285714285708,False,RSI_NOT_BELOW_30|CLOSE_NOT_NEAR_OR_BELOW_LOWER_BB|CLOSE_NOT_ABOVE_MA200|TARGET_NOT_ABOVE_ENTRY
2026-07-15T16:53:58.937105+00:00,MR_DEEP_VALUE_V1,PAXG,PAXGUSDT,strategy-lab-v1.0.0:MR_DEEP_VALUE_V1,1784131200000,2026-07-15T16:00:00+00:00,4037.68,4037.69,4019.08,4028.88,50.057333472323634,4034.736,4010.134628168444,4077.30175,13.559999999999945,False,RSI_NOT_BELOW_30|CLOSE_NOT_NEAR_OR_BELOW_LOWER_BB|CLOSE_NOT_ABOVE_MA200
2026-07-15T20:38:51.127489+00:00,MR_DEEP_VALUE_V1,BTC,BTCUSDT,strategy-lab-v1.0.0:MR_DEEP_VALUE_V1,1784134800000,2026-07-15T17:00:00+00:00,65062.84,65150.73,64912.02,65005.03,56.12559804243817,64840.471,64339.24502864887,63483.88355,386.84642857143,False,RSI_NOT_BELOW_30|CLOSE_NOT_NEAR_OR_BELOW_LOWER_BB|TARGET_NOT_ABOVE_ENTRY
2026-07-15T20:38:51.127489+00:00,MR_DEEP_VALUE_V1,BTC,BTCUSDT,strategy-lab-v1.0.0:MR_DEEP_VALUE_V1,1784138400000,2026-07-15T18:00:00+00:00,65002.61,65107.11,64798.64,64816.57,52.53168343061263,64840.50749999999,64339.28860235558,63491.8264,396.8342857142873,False,RSI_NOT_BELOW_30|CLOSE_NOT_NEAR_OR_BELOW_LOWER_BB
2026-07-15T20:38:51.127489+00:00,MR_DEEP_VALUE_V1,BTC,BTCUSDT,strategy-lab-v1.0.0:MR_DEEP_VALUE_V1,1784142000000,2026-07-15T19:00:00+00:00,64816.58,64969.73,64697.49,64941.86,51.011156678573,64838.16850000001,64339.30547469959,63499.8094,390.110714285716,False,RSI_NOT_BELOW_30|CLOSE_NOT_NEAR_OR_BELOW_LOWER_BB|TARGET_NOT_ABOVE_ENTRY
2026-07-15T20:38:51.127489+00:00,MR_DEEP_VALUE_V1,BTC,BTCUSDT,strategy-lab-v1.0.0:MR_DEEP_VALUE_V1,1784145600000,2026-07-15T20:00:00+00:00,64940.23,65015.84,64860.84,64950.01,54.237027725399834,64846.87000000001,64346.58040794268,63507.467950000006,367.7957142857158,False,RSI_NOT_BELOW_30|CLOSE_NOT_NEAR_OR_BELOW_LOWER_BB|TARGET_NOT_ABOVE_ENTRY
2026-07-15T20:38:51.127489+00:00,MR_DEEP_VALUE_V1,ETH,ETHUSDT,strategy-lab-v1.0.0:MR_DEEP_VALUE_V1,1784134800000,2026-07-15T17:00:00+00:00,1918.17,1929.8,1917.8,1926.62,73.42701722574813,1891.5645,1844.9856968917334,1793.98645,16.764999999999954,False,RSI_NOT_BELOW_30|CLOSE_NOT_NEAR_OR_BELOW_LOWER_BB|TARGET_NOT_ABOVE_ENTRY
2026-07-15T20:38:51.127489+00:00,MR_DEEP_VALUE_V1,ETH,ETHUSDT,strategy-lab-v1.0.0:MR_DEEP_VALUE_V1,1784138400000,2026-07-15T18:00:00+00:00,1926.58,1935.49,1920.78,1922.91,71.02237823606873,1893.6699999999996,1845.449822065875,1794.7292499999999,17.313571428571386,False,RSI_NOT_BELOW_30|CLOSE_NOT_NEAR_OR_BELOW_LOWER_BB|TARGET_NOT_ABOVE_ENTRY
2026-07-15T20:38:51.127489+00:00,MR_DEEP_VALUE_V1,ETH,ETHUSDT,strategy-lab-v1.0.0:MR_DEEP_VALUE_V1,1784142000000,2026-07-15T19:00:00+00:00,1922.91,1927.95,1917.8,1922.68,69.23859746507569,1895.2724999999998,1845.4590356053343,1795.4465,17.16642857142855,False,RSI_NOT_BELOW_30|CLOSE_NOT_NEAR_OR_BELOW_LOWER_BB|TARGET_NOT_ABOVE_ENTRY
2026-07-15T20:38:51.127489+00:00,MR_DEEP_VALUE_V1,ETH,ETHUSDT,strategy-lab-v1.0.0:MR_DEEP_VALUE_V1,1784145600000,2026-07-15T20:00:00+00:00,1922.6,1929.78,1918.8,1925.2,74.29888590088396,1897.5135000000002,1846.5618891226336,1796.1719,16.792142857142835,False,RSI_NOT_BELOW_30|CLOSE_NOT_NEAR_OR_BELOW_LOWER_BB|TARGET_NOT_ABOVE_ENTRY
2026-07-15T20:38:51.127489+00:00,MR_DEEP_VALUE_V1,SOL,SOLUSDT,strategy-lab-v1.0.0:MR_DEEP_VALUE_V1,1784134800000,2026-07-15T17:00:00+00:00,77.57,77.99,77.44,77.77,50.546448087431585,77.7085,77.10666032035428,77.58735,0.6607142857142837,False,RSI_NOT_BELOW_30|CLOSE_NOT_NEAR_OR_BELOW_LOWER_BB|TARGET_NOT_ABOVE_ENTRY
2026-07-15T20:38:51.127489+00:00,MR_DEEP_VALUE_V1,SOL,SOLUSDT,strategy-lab-v1.0.0:MR_DEEP_VALUE_V1,1784138400000,2026-07-15T18:00:00+00:00,77.75,78.02,77.44,77.51,44.20485175202165,77.7055,77.10033969066366,77.57025,0.6571428571428554,False,RSI_NOT_BELOW_30|CLOSE_NOT_NEAR_OR_BELOW_LOWER_BB|CLOSE_NOT_ABOVE_MA200
2026-07-15T20:38:51.127489+00:00,MR_DEEP_VALUE_V1,SOL,SOLUSDT,strategy-lab-v1.0.0:MR_DEEP_VALUE_V1,1784142000000,2026-07-15T19:00:00+00:00,77.53,77.64,76.89,77.13,36.19791666666666,77.6715,77.01908065632908,77.54965,0.6635714285714259,False,RSI_NOT_BELOW_30|CLOSE_NOT_NEAR_OR_BELOW_LOWER_BB|CLOSE_NOT_ABOVE_MA200
2026-07-15T20:38:51.127489+00:00,MR_DEEP_VALUE_V1,SOL,SOLUSDT,strategy-lab-v1.0.0:MR_DEEP_VALUE_V1,1784145600000,2026-07-15T20:00:00+00:00,77.13,77.48,77.07,77.35,42.70557029177706,77.6585,76.99149850075433,77.5295,0.6399999999999986,False,RSI_NOT_BELOW_30|CLOSE_NOT_NEAR_OR_BELOW_LOWER_BB|CLOSE_NOT_ABOVE_MA200
2026-07-15T20:38:51.127489+00:00,MR_DEEP_VALUE_V1,XRP,XRPUSDT,strategy-lab-v1.0.0:MR_DEEP_VALUE_V1,1784134800000,2026-07-15T17:00:00+00:00,1.113,1.1188,1.1103,1.1168,63.98305084745776,1.110145,1.0951861932294125,1.09629,0.008585714285714292,False,RSI_NOT_BELOW_30|CLOSE_NOT_NEAR_OR_BELOW_LOWER_BB|TARGET_NOT_ABOVE_ENTRY
2026-07-15T20:38:51.127489+00:00,MR_DEEP_VALUE_V1,XRP,XRPUSDT,strategy-lab-v1.0.0:MR_DEEP_VALUE_V1,1784138400000,2026-07-15T18:00:00+00:00,1.1168,1.1208,1.1108,1.1116,58.75486381322945,1.1102500000000002,1.0952812993215921,1.0962345,0.008900000000000003,False,RSI_NOT_BELOW_30|CLOSE_NOT_NEAR_OR_BELOW_LOWER_BB|TARGET_NOT_ABOVE_ENTRY
2026-07-15T20:38:51.127489+00:00,MR_DEEP_VALUE_V1,XRP,XRPUSDT,strategy-lab-v1.0.0:MR_DEEP_VALUE_V1,1784142000000,2026-07-15T19:00:00+00:00,1.1116,1.114,1.108,1.1093,53.37301587301573,1.110155,1.0951875052196511,1.09616,0.008807142857142855,False,RSI_NOT_BELOW_30|CLOSE_NOT_NEAR_OR_BELOW_LOWER_BB
2026-07-15T20:38:51.127489+00:00,MR_DEEP_VALUE_V1,XRP,XRPUSDT,strategy-lab-v1.0.0:MR_DEEP_VALUE_V1,1784145600000,2026-07-15T20:00:00+00:00,1.109,1.1133,1.1077,1.1124,55.40796963946871,1.110395,1.0954451538469532,1.0960935,0.008614285714285717,False,RSI_NOT_BELOW_30|CLOSE_NOT_NEAR_OR_BELOW_LOWER_BB|TARGET_NOT_ABOVE_ENTRY
2026-07-15T20:38:51.127489+00:00,MR_DEEP_VALUE_V1,DOGE,DOGEUSDT,strategy-lab-v1.0.0:MR_DEEP_VALUE_V1,1784134800000,2026-07-15T17:00:00+00:00,0.07391,0.07432,0.07376,0.07419,52.29357798165143,0.074151,0.07349255030564177,0.07331934999999999,0.0006764285714285709,False,RSI_NOT_BELOW_30|CLOSE_NOT_NEAR_OR_BELOW_LOWER_BB|TARGET_NOT_ABOVE_ENTRY
2026-07-15T20:38:51.127489+00:00,MR_DEEP_VALUE_V1,DOGE,DOGEUSDT,strategy-lab-v1.0.0:MR_DEEP_VALUE_V1,1784138400000,2026-07-15T18:00:00+00:00,0.07417,0.0747,0.0739,0.07399,49.77973568281932,0.074134,0.07347736006822579,0.07331635,0.000702857142857143,False,RSI_NOT_BELOW_30|CLOSE_NOT_NEAR_OR_BELOW_LOWER_BB
2026-07-15T20:38:51.127489+00:00,MR_DEEP_VALUE_V1,DOGE,DOGEUSDT,strategy-lab-v1.0.0:MR_DEEP_VALUE_V1,1784142000000,2026-07-15T19:00:00+00:00,0.07399,0.07412,0.07361,0.07375,43.11512415349895,0.0741015,0.07343645037779091,0.07331135000000001,0.0006907142857142866,False,RSI_NOT_BELOW_30|CLOSE_NOT_NEAR_OR_BELOW_LOWER_BB
2026-07-15T20:38:51.127489+00:00,MR_DEEP_VALUE_V1,DOGE,DOGEUSDT,strategy-lab-v1.0.0:MR_DEEP_VALUE_V1,1784145600000,2026-07-15T20:00:00+00:00,0.07376,0.07412,0.07371,0.07401,46.038543897216364,0.07409750000000001,0.07343126055355417,0.0733077,0.000680000000000002,False,RSI_NOT_BELOW_30|CLOSE_NOT_NEAR_OR_BELOW_LOWER_BB
2026-07-15T20:38:51.127489+00:00,MR_DEEP_VALUE_V1,NEAR,NEARUSDT,strategy-lab-v1.0.0:MR_DEEP_VALUE_V1,1784134800000,2026-07-15T17:00:00+00:00,2.064,2.077,2.064,2.071,68.79432624113471,2.0397,1.9808405062882777,1.9349049999999999,0.026142857142857166,False,RSI_NOT_BELOW_30|CLOSE_NOT_NEAR_OR_BELOW_LOWER_BB|TARGET_NOT_ABOVE_ENTRY
2026-07-15T20:38:51.127489+00:00,MR_DEEP_VALUE_V1,NEAR,NEARUSDT,strategy-lab-v1.0.0:MR_DEEP_VALUE_V1,1784138400000,2026-07-15T18:00:00+00:00,2.072,2.073,2.034,2.037,54.65116279069764,2.04105,1.9837595994079265,1.93505,0.027714285714285754,False,RSI_NOT_BELOW_30|CLOSE_NOT_NEAR_OR_BELOW_LOWER_BB
2026-07-15T20:38:51.127489+00:00,MR_DEEP_VALUE_V1,NEAR,NEARUSDT,strategy-lab-v1.0.0:MR_DEEP_VALUE_V1,1784142000000,2026-07-15T19:00:00+00:00,2.037,2.044,2.033,2.034,52.631578947368375,2.04225,1.986630309242138,1.9350699999999998,0.027142857142857184,False,RSI_NOT_BELOW_30|CLOSE_NOT_NEAR_OR_BELOW_LOWER_BB
2026-07-15T20:38:51.127489+00:00,MR_DEEP_VALUE_V1,NEAR,NEARUSDT,strategy-lab-v1.0.0:MR_DEEP_VALUE_V1,1784145600000,2026-07-15T20:00:00+00:00,2.033,2.049,2.033,2.045,56.111111111110986,2.0441999999999996,1.9911242051401938,1.9352449999999999,0.026928571428571493,False,RSI_NOT_BELOW_30|CLOSE_NOT_NEAR_OR_BELOW_LOWER_BB|TARGET_NOT_ABOVE_ENTRY
2026-07-15T20:38:51.127489+00:00,MR_DEEP_VALUE_V1,PAXG,PAXGUSDT,strategy-lab-v1.0.0:MR_DEEP_VALUE_V1,1784134800000,2026-07-15T17:00:00+00:00,4027.3,4054.89,4025.98,4054.15,61.58829174664105,4034.9299999999994,4009.161319009416,4076.9254499999997,15.042142857142803,False,RSI_NOT_BELOW_30|CLOSE_NOT_NEAR_OR_BELOW_LOWER_BB|CLOSE_NOT_ABOVE_MA200|TARGET_NOT_ABOVE_ENTRY
2026-07-15T20:38:51.127489+00:00,MR_DEEP_VALUE_V1,PAXG,PAXGUSDT,strategy-lab-v1.0.0:MR_DEEP_VALUE_V1,1784138400000,2026-07-15T18:00:00+00:00,4057.66,4070.34,4049.52,4049.97,59.41071289745762,4035.344,4008.897069440964,4076.5364499999996,16.184999999999945,False,RSI_NOT_BELOW_30|CLOSE_NOT_NEAR_OR_BELOW_LOWER_BB|CLOSE_NOT_ABOVE_MA200|TARGET_NOT_ABOVE_ENTRY
2026-07-15T20:38:51.127489+00:00,MR_DEEP_VALUE_V1,PAXG,PAXGUSDT,strategy-lab-v1.0.0:MR_DEEP_VALUE_V1,1784142000000,2026-07-15T19:00:00+00:00,4049.81,4052.75,4040.2,4047.12,57.62659689087257,4035.491499999999,4008.817387250097,4076.0211,16.20642857142853,False,RSI_NOT_BELOW_30|CLOSE_NOT_NEAR_OR_BELOW_LOWER_BB|CLOSE_NOT_ABOVE_MA200|TARGET_NOT_ABOVE_ENTRY
2026-07-15T20:38:51.127489+00:00,MR_DEEP_VALUE_V1,PAXG,PAXGUSDT,strategy-lab-v1.0.0:MR_DEEP_VALUE_V1,1784145600000,2026-07-15T20:00:00+00:00,4047.37,4054.04,4047.37,4051.79,60.62338058222834,4035.4945,4008.8130701471136,4075.45925,15.822142857142808,False,RSI_NOT_BELOW_30|CLOSE_NOT_NEAR_OR_BELOW_LOWER_BB|CLOSE_NOT_ABOVE_MA200|TARGET_NOT_ABOVE_ENTRY
2026-07-15T23:45:34.065737+00:00,MR_DEEP_VALUE_V1,BTC,BTCUSDT,strategy-lab-v1.0.0:MR_DEEP_VALUE_V1,1784149200000,2026-07-15T21:00:00+00:00,64927.95,64983.71,64750.0,64796.0,57.28476985168488,64854.27,64364.35837972455,63516.395599999996,355.84428571428674,False,RSI_NOT_BELOW_30|CLOSE_NOT_NEAR_OR_BELOW_LOWER_BB
2026-07-15T23:45:34.065737+00:00,MR_DEEP_VALUE_V1,BTC,BTCUSDT,strategy-lab-v1.0.0:MR_DEEP_VALUE_V1,1784152800000,2026-07-15T22:00:00+00:00,64796.14,64942.33,64727.25,64821.03,52.767982302435556,64873.278000000006,64420.940463480074,63523.002,354.0507142857153,False,RSI_NOT_BELOW_30|CLOSE_NOT_NEAR_OR_BELOW_LOWER_BB
2026-07-15T23:45:34.065737+00:00,MR_DEEP_VALUE_V1,BTC,BTCUSDT,strategy-lab-v1.0.0:MR_DEEP_VALUE_V1,1784156400000,2026-07-15T23:00:00+00:00,64821.02,64900.0,64668.45,64686.34,51.905654482973915,64870.7615,64414.865974805994,63526.99375,351.250000000001,False,RSI_NOT_BELOW_30|CLOSE_NOT_NEAR_OR_BELOW_LOWER_BB
2026-07-15T23:45:34.065737+00:00,MR_DEEP_VALUE_V1,ETH,ETHUSDT,strategy-lab-v1.0.0:MR_DEEP_VALUE_V1,1784149200000,2026-07-15T21:00:00+00:00,1922.47,1924.81,1918.73,1920.94,76.75110245103102,1899.9675,1850.0488594436051,1796.9274000000003,16.300714285714257,False,RSI_NOT_BELOW_30|CLOSE_NOT_NEAR_OR_BELOW_LOWER_BB|TARGET_NOT_ABOVE_ENTRY
2026-07-15T23:45:34.065737+00:00,MR_DEEP_VALUE_V1,ETH,ETHUSDT,strategy-lab-v1.0.0:MR_DEEP_VALUE_V1,1784152800000,2026-07-15T22:00:00+00:00,1920.95,1928.2,1916.87,1922.25,74.66756062129883,1902.9035,1855.037499843328,1797.5992500000002,16.408571428571413,False,RSI_NOT_BELOW_30|CLOSE_NOT_NEAR_OR_BELOW_LOWER_BB|TARGET_NOT_ABOVE_ENTRY
2026-07-15T23:45:34.065737+00:00,MR_DEEP_VALUE_V1,ETH,ETHUSDT,strategy-lab-v1.0.0:MR_DEEP_VALUE_V1,1784156400000,2026-07-15T23:00:00+00:00,1922.24,1926.18,1914.16,1914.52,68.56906534325915,1904.8825000000002,1858.5566394575508,1798.1916499999998,16.737142857142835,False,RSI_NOT_BELOW_30|CLOSE_NOT_NEAR_OR_BELOW_LOWER_BB|TARGET_NOT_ABOVE_ENTRY
2026-07-15T23:45:34.065737+00:00,MR_DEEP_VALUE_V1,SOL,SOLUSDT,strategy-lab-v1.0.0:MR_DEEP_VALUE_V1,1784149200000,2026-07-15T21:00:00+00:00,77.33,77.48,77.19,77.37,50.30864197530879,77.65599999999999,76.98445253332248,77.51240000000001,0.6178571428571412,False,RSI_NOT_BELOW_30|CLOSE_NOT_NEAR_OR_BELOW_LOWER_BB|CLOSE_NOT_ABOVE_MA200
2026-07-15T23:45:34.065737+00:00,MR_DEEP_VALUE_V1,SOL,SOLUSDT,strategy-lab-v1.0.0:MR_DEEP_VALUE_V1,1784152800000,2026-07-15T22:00:00+00:00,77.35,77.69,77.26,77.45,48.888888888889,77.666,77.0132397070892,77.49105,0.6207142857142836,False,RSI_NOT_BELOW_30|CLOSE_NOT_NEAR_OR_BELOW_LOWER_BB|CLOSE_NOT_ABOVE_MA200
2026-07-15T23:45:34.065737+00:00,MR_DEEP_VALUE_V1,SOL,SOLUSDT,strategy-lab-v1.0.0:MR_DEEP_VALUE_V1,1784156400000,2026-07-15T23:00:00+00:00,77.44,77.57,77.28,77.3,48.12499999999994,77.64450000000001,76.97351639364216,77.46735000000001,0.6078571428571402,False,RSI_NOT_BELOW_30|CLOSE_NOT_NEAR_OR_BELOW_LOWER_BB|CLOSE_NOT_ABOVE_MA200
2026-07-15T23:45:34.065737+00:00,MR_DEEP_VALUE_V1,XRP,XRPUSDT,strategy-lab-v1.0.0:MR_DEEP_VALUE_V1,1784149200000,2026-07-15T21:00:00+00:00,1.1105,1.1155,1.1099,1.1149,61.4341085271318,1.110925,1.0963246061697036,1.0960604999999999,0.008564285714285707,False,RSI_NOT_BELOW_30|CLOSE_NOT_NEAR_OR_BELOW_LOWER_BB|TARGET_NOT_ABOVE_ENTRY
2026-07-15T23:45:34.065737+00:00,MR_DEEP_VALUE_V1,XRP,XRPUSDT,strategy-lab-v1.0.0:MR_DEEP_VALUE_V1,1784152800000,2026-07-15T22:00:00+00:00,1.115,1.1182,1.114,1.1155,58.62785862785859,1.1117599999999999,1.0981524432758942,1.096017,0.008457142857142845,False,RSI_NOT_BELOW_30|CLOSE_NOT_NEAR_OR_BELOW_LOWER_BB|TARGET_NOT_ABOVE_ENTRY
2026-07-15T23:45:34.065737+00:00,MR_DEEP_VALUE_V1,XRP,XRPUSDT,strategy-lab-v1.0.0:MR_DEEP_VALUE_V1,1784156400000,2026-07-15T23:00:00+00:00,1.1153,1.1163,1.1119,1.1125,54.743083003952705,1.1122049999999999,1.0991219613621395,1.0959315,0.00842857142857142,False,RSI_NOT_BELOW_30|CLOSE_NOT_NEAR_OR_BELOW_LOWER_BB|TARGET_NOT_ABOVE_ENTRY
2026-07-15T23:45:34.065737+00:00,MR_DEEP_VALUE_V1,DOGE,DOGEUSDT,strategy-lab-v1.0.0:MR_DEEP_VALUE_V1,1784149200000,2026-07-15T21:00:00+00:00,0.07399,0.07414,0.07389,0.07397,50.95693779904302,0.074097,0.07343057371000195,0.07330645,0.00065857142857143,False,RSI_NOT_BELOW_30|CLOSE_NOT_NEAR_OR_BELOW_LOWER_BB
2026-07-15T23:45:34.065737+00:00,MR_DEEP_VALUE_V1,DOGE,DOGEUSDT,strategy-lab-v1.0.0:MR_DEEP_VALUE_V1,1784152800000,2026-07-15T22:00:00+00:00,0.07399,0.07419,0.07388,0.074,47.96954314720805,0.0741135,0.07347439828665497,0.07330285,0.0006542857142857164,False,RSI_NOT_BELOW_30|CLOSE_NOT_NEAR_OR_BELOW_LOWER_BB
2026-07-15T23:45:34.065737+00:00,MR_DEEP_VALUE_V1,DOGE,DOGEUSDT,strategy-lab-v1.0.0:MR_DEEP_VALUE_V1,1784156400000,2026-07-15T23:00:00+00:00,0.07401,0.07414,0.07392,0.07399,55.102040816326536,0.0741135,0.07347439828665497,0.07329705,0.0005964285714285732,False,RSI_NOT_BELOW_30|CLOSE_NOT_NEAR_OR_BELOW_LOWER_BB
2026-07-15T23:45:34.065737+00:00,MR_DEEP_VALUE_V1,NEAR,NEARUSDT,strategy-lab-v1.0.0:MR_DEEP_VALUE_V1,1784149200000,2026-07-15T21:00:00+00:00,2.056,2.066,2.056,2.06,65.16853932584263,2.0471,1.9956300087429557,1.93559,0.0267857142857143,False,RSI_NOT_BELOW_30|CLOSE_NOT_NEAR_OR_BELOW_LOWER_BB|TARGET_NOT_ABOVE_ENTRY
2026-07-15T23:45:34.065737+00:00,MR_DEEP_VALUE_V1,NEAR,NEARUSDT,strategy-lab-v1.0.0:MR_DEEP_VALUE_V1,1784152800000,2026-07-15T22:00:00+00:00,2.06,2.086,2.058,2.066,63.313609467455485,2.0494999999999997,1.9992187907862171,1.9357749999999998,0.026571428571428597,False,RSI_NOT_BELOW_30|CLOSE_NOT_NEAR_OR_BELOW_LOWER_BB|TARGET_NOT_ABOVE_ENTRY
2026-07-15T23:45:34.065737+00:00,MR_DEEP_VALUE_V1,NEAR,NEARUSDT,strategy-lab-v1.0.0:MR_DEEP_VALUE_V1,1784156400000,2026-07-15T23:00:00+00:00,2.065,2.077,2.064,2.066,60.75949367088593,2.0519000000000003,2.0033082311497092,1.93578,0.026000000000000023,False,RSI_NOT_BELOW_30|CLOSE_NOT_NEAR_OR_BELOW_LOWER_BB|TARGET_NOT_ABOVE_ENTRY
2026-07-15T23:45:34.065737+00:00,MR_DEEP_VALUE_V1,PAXG,PAXGUSDT,strategy-lab-v1.0.0:MR_DEEP_VALUE_V1,1784149200000,2026-07-15T21:00:00+00:00,4053.09,4056.12,4053.06,4055.6,65.20140789988258,4036.8789999999995,4008.91683134311,4074.9863,15.277142857142833,False,RSI_NOT_BELOW_30|CLOSE_NOT_NEAR_OR_BELOW_LOWER_BB|CLOSE_NOT_ABOVE_MA200|TARGET_NOT_ABOVE_ENTRY
2026-07-15T23:45:34.065737+00:00,MR_DEEP_VALUE_V1,PAXG,PAXGUSDT,strategy-lab-v1.0.0:MR_DEEP_VALUE_V1,1784152800000,2026-07-15T22:00:00+00:00,4053.63,4055.87,4049.06,4050.34,60.148990708106425,4037.9575000000004,4009.6675944682324,4074.51965,14.782142857142844,False,RSI_NOT_BELOW_30|CLOSE_NOT_NEAR_OR_BELOW_LOWER_BB|CLOSE_NOT_ABOVE_MA200|TARGET_NOT_ABOVE_ENTRY
2026-07-15T23:45:34.065737+00:00,MR_DEEP_VALUE_V1,PAXG,PAXGUSDT,strategy-lab-v1.0.0:MR_DEEP_VALUE_V1,1784156400000,2026-07-15T23:00:00+00:00,4051.08,4052.74,4048.4,4048.85,60.356884494815496,4039.1415,4011.110506243153,4074.1029500000004,14.64571428571425,False,RSI_NOT_BELOW_30|CLOSE_NOT_NEAR_OR_BELOW_LOWER_BB|CLOSE_NOT_ABOVE_MA200|TARGET_NOT_ABOVE_ENTRY
2026-07-16T07:37:52.781828+00:00,MR_DEEP_VALUE_V1,BTC,BTCUSDT,strategy-lab-v1.0.0:MR_DEEP_VALUE_V1,1784160000000,2026-07-16T00:00:00+00:00,64712.04,64809.98,64451.64,64537.4,48.28175336810419,64864.24250000001,64393.199727553554,63530.14785,361.54785714285805,False,RSI_NOT_BELOW_30|CLOSE_NOT_NEAR_OR_BELOW_LOWER_BB
2026-07-16T07:37:52.781828+00:00,MR_DEEP_VALUE_V1,BTC,BTCUSDT,strategy-lab-v1.0.0:MR_DEEP_VALUE_V1,1784163600000,2026-07-16T01:00:00+00:00,64540.54,64786.0,64345.38,64689.08,50.235262356094694,64853.896499999995,64377.04452387947,63532.865900000004,382.90928571428697,False,RSI_NOT_BELOW_30|CLOSE_NOT_NEAR_OR_BELOW_LOWER_BB
2026-07-16T07:37:52.781828+00:00,MR_DEEP_VALUE_V1,BTC,BTCUSDT,strategy-lab-v1.0.0:MR_DEEP_VALUE_V1,1784167200000,2026-07-16T02:00:00+00:00,64689.09,64689.09,64531.14,64595.85,35.33227611725896,64845.289000000004,64356.48084909102,63537.67525,347.0078571428582,False,RSI_NOT_BELOW_30|CLOSE_NOT_NEAR_OR_BELOW_LOWER_BB
2026-07-16T07:37:52.781828+00:00,MR_DEEP_VALUE_V1,BTC,BTCUSDT,strategy-lab-v1.0.0:MR_DEEP_VALUE_V1,1784170800000,2026-07-16T03:00:00+00:00,64595.85,64694.44,64490.21,64562.14,35.65286965798332,64848.30649999999,64367.33524741825,63541.6019,310.9107142857153,False,RSI_NOT_BELOW_30|CLOSE_NOT_NEAR_OR_BELOW_LOWER_BB
2026-07-16T07:37:52.781828+00:00,MR_DEEP_VALUE_V1,BTC,BTCUSDT,strategy-lab-v1.0.0:MR_DEEP_VALUE_V1,1784174400000,2026-07-16T04:00:00+00:00,64562.15,64639.41,64488.75,64590.88,24.55508272946038,64841.85400000001,64350.809824578835,63546.27144999999,288.5457142857158,False,CLOSE_NOT_NEAR_OR_BELOW_LOWER_BB
2026-07-16T07:37:52.781828+00:00,MR_DEEP_VALUE_V1,BTC,BTCUSDT,strategy-lab-v1.0.0:MR_DEEP_VALUE_V1,1784178000000,2026-07-16T05:00:00+00:00,64590.87,64946.07,64541.47,64865.14,35.280259382799485,64854.331999999995,64374.363205990376,63553.65365,291.7671428571443,False,RSI_NOT_BELOW_30|CLOSE_NOT_NEAR_OR_BELOW_LOWER_BB|TARGET_NOT_ABOVE_ENTRY
2026-07-16T07:37:52.781828+00:00,MR_DEEP_VALUE_V1,BTC,BTCUSDT,strategy-lab-v1.0.0:MR_DEEP_VALUE_V1,1784181600000,2026-07-16T06:00:00+00:00,64865.15,64936.18,64577.18,64719.02,38.936549513775695,64859.983499999995,64389.27190773776,63559.723399999995,267.9950000000016,False,RSI_NOT_BELOW_30|CLOSE_NOT_NEAR_OR_BELOW_LOWER_BB
2026-07-16T07:37:52.781828+00:00,MR_DEEP_VALUE_V1,BTC,BTCUSDT,strategy-lab-v1.0.0:MR_DEEP_VALUE_V1,1784185200000,2026-07-16T07:00:00+00:00,64719.02,64725.92,64385.0,64397.36,33.28436955002836,64845.88550000001,64338.88389331808,63565.09385,275.2957142857153,False,RSI_NOT_BELOW_30|CLOSE_NOT_NEAR_OR_BELOW_LOWER_BB
2026-07-16T07:37:52.781828+00:00,MR_DEEP_VALUE_V1,ETH,ETHUSDT,strategy-lab-v1.0.0:MR_DEEP_VALUE_V1,1784160000000,2026-07-16T00:00:00+00:00,1916.75,1923.81,1909.66,1913.6,69.140950792327,1906.9244999999999,1862.4762017311295,1798.7662000000003,17.001428571428555,False,RSI_NOT_BELOW_30|CLOSE_NOT_NEAR_OR_BELOW_LOWER_BB|TARGET_NOT_ABOVE_ENTRY
2026-07-16T07:37:52.781828+00:00,MR_DEEP_VALUE_V1,ETH,ETHUSDT,strategy-lab-v1.0.0:MR_DEEP_VALUE_V1,1784163600000,2026-07-16T01:00:00+00:00,1913.62,1924.81,1906.86,1921.51,69.67834460151623,1908.9455000000003,1865.7207786128306,1799.3272499999998,17.690714285714275,False,RSI_NOT_BELOW_30|CLOSE_NOT_NEAR_OR_BELOW_LOWER_BB|TARGET_NOT_ABOVE_ENTRY
2026-07-16T07:37:52.781828+00:00,MR_DEEP_VALUE_V1,ETH,ETHUSDT,strategy-lab-v1.0.0:MR_DEEP_VALUE_V1,1784167200000,2026-07-16T02:00:00+00:00,1921.5,1925.0,1917.75,1923.89,48.50382741823259,1911.4099999999999,1870.7550317919395,1800.0201499999998,14.570000000000002,False,RSI_NOT_BELOW_30|CLOSE_NOT_NEAR_OR_BELOW_LOWER_BB|TARGET_NOT_ABOVE_ENTRY
2026-07-16T07:37:52.781828+00:00,MR_DEEP_VALUE_V1,ETH,ETHUSDT,strategy-lab-v1.0.0:MR_DEEP_VALUE_V1,1784170800000,2026-07-16T03:00:00+00:00,1923.88,1927.74,1915.52,1917.48,44.909793814433016,1913.8455000000001,1878.1686887776057,1800.6604,13.34357142857144,False,RSI_NOT_BELOW_30|CLOSE_NOT_NEAR_OR_BELOW_LOWER_BB|TARGET_NOT_ABOVE_ENTRY
2026-07-16T07:37:52.781828+00:00,MR_DEEP_VALUE_V1,ETH,ETHUSDT,strategy-lab-v1.0.0:MR_DEEP_VALUE_V1,1784174400000,2026-07-16T04:00:00+00:00,1917.47,1919.61,1912.79,1916.89,36.60714285714293,1915.7850000000003,1884.0975599014637,1801.3299,12.672142857142862,False,RSI_NOT_BELOW_30|CLOSE_NOT_NEAR_OR_BELOW_LOWER_BB|TARGET_NOT_ABOVE_ENTRY
2026-07-16T07:37:52.781828+00:00,MR_DEEP_VALUE_V1,ETH,ETHUSDT,strategy-lab-v1.0.0:MR_DEEP_VALUE_V1,1784178000000,2026-07-16T05:00:00+00:00,1916.9,1926.2,1915.74,1924.23,45.24162955632524,1918.0665000000001,1891.2152123027906,1802.0879,12.559285714285725,False,RSI_NOT_BELOW_30|CLOSE_NOT_NEAR_OR_BELOW_LOWER_BB|TARGET_NOT_ABOVE_ENTRY
2026-07-16T07:37:52.781828+00:00,MR_DEEP_VALUE_V1,ETH,ETHUSDT,strategy-lab-v1.0.0:MR_DEEP_VALUE_V1,1784181600000,2026-07-16T06:00:00+00:00,1924.22,1928.2,1914.26,1921.16,52.92301755739918,1920.2805,1901.200854851353,1802.8223,11.49071428571431,False,RSI_NOT_BELOW_30|CLOSE_NOT_NEAR_OR_BELOW_LOWER_BB|TARGET_NOT_ABOVE_ENTRY
2026-07-16T07:37:52.781828+00:00,MR_DEEP_VALUE_V1,ETH,ETHUSDT,strategy-lab-v1.0.0:MR_DEEP_VALUE_V1,1784185200000,2026-07-16T07:00:00+00:00,1921.16,1921.19,1912.96,1913.33,37.01387531756894,1921.7925,1912.4157460308338,1803.5385,11.221428571428598,False,RSI_NOT_BELOW_30|CLOSE_NOT_NEAR_OR_BELOW_LOWER_BB
2026-07-16T07:37:52.781828+00:00,MR_DEEP_VALUE_V1,SOL,SOLUSDT,strategy-lab-v1.0.0:MR_DEEP_VALUE_V1,1784160000000,2026-07-16T00:00:00+00:00,77.23,77.44,76.65,76.89,43.99999999999999,77.58900000000001,76.85192741198645,77.44075,0.6378571428571403,False,RSI_NOT_BELOW_30|CLOSE_NOT_NEAR_OR_BELOW_LOWER_BB|CLOSE_NOT_ABOVE_MA200
2026-07-16T07:37:52.781828+00:00,MR_DEEP_VALUE_V1,SOL,SOLUSDT,strategy-lab-v1.0.0:MR_DEEP_VALUE_V1,1784163600000,2026-07-16T01:00:00+00:00,76.89,77.1,76.66,77.04,44.318181818181976,77.53150000000001,76.81171461531856,77.41275,0.6564285714285683,False,RSI_NOT_BELOW_30|CLOSE_NOT_NEAR_OR_BELOW_LOWER_BB|CLOSE_NOT_ABOVE_MA200
2026-07-16T07:37:52.781828+00:00,MR_DEEP_VALUE_V1,SOL,SOLUSDT,strategy-lab-v1.0.0:MR_DEEP_VALUE_V1,1784167200000,2026-07-16T02:00:00+00:00,77.04,77.11,76.81,77.06,28.98550724637701,77.48949999999999,76.7626306857481,77.39185,0.6014285714285685,False,CLOSE_NOT_NEAR_OR_BELOW_LOWER_BB|CLOSE_NOT_ABOVE_MA200
2026-07-16T07:37:52.781828+00:00,MR_DEEP_VALUE_V1,SOL,SOLUSDT,strategy-lab-v1.0.0:MR_DEEP_VALUE_V1,1784170800000,2026-07-16T03:00:00+00:00,77.06,77.22,76.74,76.89,29.197080291970977,77.4665,76.69564917136906,77.36975,0.5421428571428554,False,CLOSE_NOT_NEAR_OR_BELOW_LOWER_BB|CLOSE_NOT_ABOVE_MA200
2026-07-16T07:37:52.781828+00:00,MR_DEEP_VALUE_V1,SOL,SOLUSDT,strategy-lab-v1.0.0:MR_DEEP_VALUE_V1,1784174400000,2026-07-16T04:00:00+00:00,76.89,76.95,76.54,76.76,24.727272727272847,77.42850000000001,76.5992286330754,77.34795,0.529285714285712,False,CLOSE_NOT_NEAR_OR_BELOW_LOWER_BB|CLOSE_NOT_ABOVE_MA200
2026-07-16T07:37:52.781828+00:00,MR_DEEP_VALUE_V1,SOL,SOLUSDT,strategy-lab-v1.0.0:MR_DEEP_VALUE_V1,1784178000000,2026-07-16T05:00:00+00:00,76.76,77.44,76.67,77.41,41.049382716049394,77.428,76.59869667792718,77.33115,0.5478571428571409,False,RSI_NOT_BELOW_30|CLOSE_NOT_NEAR_OR_BELOW_LOWER_BB
2026-07-16T07:37:52.781828+00:00,MR_DEEP_VALUE_V1,SOL,SOLUSDT,strategy-lab-v1.0.0:MR_DEEP_VALUE_V1,1784181600000,2026-07-16T06:00:00+00:00,77.41,77.57,77.04,77.29,45.08474576271198,77.42699999999999,76.59708193175409,77.31355,0.5107142857142831,False,RSI_NOT_BELOW_30|CLOSE_NOT_NEAR_OR_BELOW_LOWER_BB|CLOSE_NOT_ABOVE_MA200
2026-07-16T07:37:52.781828+00:00,MR_DEEP_VALUE_V1,SOL,SOLUSDT,strategy-lab-v1.0.0:MR_DEEP_VALUE_V1,1784185200000,2026-07-16T07:00:00+00:00,77.27,77.29,76.75,76.78,34.86238532110099,77.394,76.51758913744693,77.29485,0.509999999999998,False,RSI_NOT_BELOW_30|CLOSE_NOT_NEAR_OR_BELOW_LOWER_BB|CLOSE_NOT_ABOVE_MA200
2026-07-16T07:37:52.781828+00:00,MR_DEEP_VALUE_V1,XRP,XRPUSDT,strategy-lab-v1.0.0:MR_DEEP_VALUE_V1,1784160000000,2026-07-16T00:00:00+00:00,1.1124,1.1159,1.1078,1.1102,52.36294896030262,1.112595,1.1002280318994608,1.0958405,0.008750000000000004,False,RSI_NOT_BELOW_30|CLOSE_NOT_NEAR_OR_BELOW_LOWER_BB
2026-07-16T07:37:52.781828+00:00,MR_DEEP_VALUE_V1,XRP,XRPUSDT,strategy-lab-v1.0.0:MR_DEEP_VALUE_V1,1784163600000,2026-07-16T01:00:00+00:00,1.1101,1.1142,1.1055,1.1133,55.09838998211096,1.112965,1.1009846369003375,1.0957485,0.009200000000000017,False,RSI_NOT_BELOW_30|CLOSE_NOT_NEAR_OR_BELOW_LOWER_BB|TARGET_NOT_ABOVE_ENTRY
2026-07-16T07:37:52.781828+00:00,MR_DEEP_VALUE_V1,XRP,XRPUSDT,strategy-lab-v1.0.0:MR_DEEP_VALUE_V1,1784167200000,2026-07-16T02:00:00+00:00,1.1131,1.1168,1.111,1.1163,45.78833693304532,1.113445,1.101741073308511,1.0957365000000001,0.008457142857142877,False,RSI_NOT_BELOW_30|CLOSE_NOT_NEAR_OR_BELOW_LOWER_BB|TARGET_NOT_ABOVE_ENTRY
2026-07-16T07:37:52.781828+00:00,MR_DEEP_VALUE_V1,XRP,XRPUSDT,strategy-lab-v1.0.0:MR_DEEP_VALUE_V1,1784170800000,2026-07-16T03:00:00+00:00,1.1165,1.1173,1.1111,1.1122,41.24748490945679,1.1139,1.1031733975556213,1.0956869999999999,0.008057142857142874,False,RSI_NOT_BELOW_30|CLOSE_NOT_NEAR_OR_BELOW_LOWER_BB
2026-07-16T07:37:52.781828+00:00,MR_DEEP_VALUE_V1,XRP,XRPUSDT,strategy-lab-v1.0.0:MR_DEEP_VALUE_V1,1784174400000,2026-07-16T04:00:00+00:00,1.1122,1.1132,1.11,1.1132,37.60683760683747,1.1141999999999999,1.1039131151459856,1.095663,0.007442857142857148,False,RSI_NOT_BELOW_30|CLOSE_NOT_NEAR_OR_BELOW_LOWER_BB
2026-07-16T07:37:52.781828+00:00,MR_DEEP_VALUE_V1,XRP,XRPUSDT,strategy-lab-v1.0.0:MR_DEEP_VALUE_V1,1784178000000,2026-07-16T05:00:00+00:00,1.1129,1.1172,1.1125,1.1152,39.419087136929434,1.1145749999999999,1.1047257614507644,1.0956739999999998,0.007192857142857144,False,RSI_NOT_BELOW_30|CLOSE_NOT_NEAR_OR_BELOW_LOWER_BB|TARGET_NOT_ABOVE_ENTRY
2026-07-16T07:37:52.781828+00:00,MR_DEEP_VALUE_V1,XRP,XRPUSDT,strategy-lab-v1.0.0:MR_DEEP_VALUE_V1,1784181600000,2026-07-16T06:00:00+00:00,1.1152,1.1172,1.1114,1.1136,50.66666666666659,1.1148700000000002,1.105521395826128,1.0956675,0.0062285714285714245,False,RSI_NOT_BELOW_30|CLOSE_NOT_NEAR_OR_BELOW_LOWER_BB
2026-07-16T07:37:52.781828+00:00,MR_DEEP_VALUE_V1,XRP,XRPUSDT,strategy-lab-v1.0.0:MR_DEEP_VALUE_V1,1784185200000,2026-07-16T07:00:00+00:00,1.1136,1.1146,1.1068,1.1073,38.15461346633402,1.114855,1.10545894231607,1.0956474999999999,0.00617857142857143,False,RSI_NOT_BELOW_30|CLOSE_NOT_NEAR_OR_BELOW_LOWER_BB
2026-07-16T07:37:52.781828+00:00,MR_DEEP_VALUE_V1,DOGE,DOGEUSDT,strategy-lab-v1.0.0:MR_DEEP_VALUE_V1,1784160000000,2026-07-16T00:00:00+00:00,0.07404,0.07423,0.07372,0.07389,52.1739130434782,0.0741085,0.07346406924344016,0.0732901,0.0006157142857142889,False,RSI_NOT_BELOW_30|CLOSE_NOT_NEAR_OR_BELOW_LOWER_BB
2026-07-16T07:37:52.781828+00:00,MR_DEEP_VALUE_V1,DOGE,DOGEUSDT,strategy-lab-v1.0.0:MR_DEEP_VALUE_V1,1784163600000,2026-07-16T01:00:00+00:00,0.07388,0.07416,0.07356,0.07407,53.78151260504186,0.07409400000000001,0.07345988959951735,0.0732835,0.0006378571428571464,False,RSI_NOT_BELOW_30|CLOSE_NOT_NEAR_OR_BELOW_LOWER_BB
2026-07-16T07:37:52.781828+00:00,MR_DEEP_VALUE_V1,DOGE,DOGEUSDT,strategy-lab-v1.0.0:MR_DEEP_VALUE_V1,1784167200000,2026-07-16T02:00:00+00:00,0.07409,0.07432,0.074,0.07432,44.444444444444606,0.07409099999999999,0.07346178143701868,0.07328285,0.000581428571428575,False,RSI_NOT_BELOW_30|CLOSE_NOT_NEAR_OR_BELOW_LOWER_BB|TARGET_NOT_ABOVE_ENTRY
2026-07-16T07:37:52.781828+00:00,MR_DEEP_VALUE_V1,DOGE,DOGEUSDT,strategy-lab-v1.0.0:MR_DEEP_VALUE_V1,1784170800000,2026-07-16T03:00:00+00:00,0.07432,0.07444,0.07389,0.07394,41.37931034482781,0.0740935,0.0734671047573614,0.0732792,0.0005521428571428612,False,RSI_NOT_BELOW_30|CLOSE_NOT_NEAR_OR_BELOW_LOWER_BB
2026-07-16T07:37:52.781828+00:00,MR_DEEP_VALUE_V1,DOGE,DOGEUSDT,strategy-lab-v1.0.0:MR_DEEP_VALUE_V1,1784174400000,2026-07-16T04:00:00+00:00,0.07395,0.07404,0.07373,0.07375,32.89902280130312,0.074073,0.07343003499317594,0.07327595,0.0005250000000000027,False,RSI_NOT_BELOW_30|CLOSE_NOT_NEAR_OR_BELOW_LOWER_BB
2026-07-16T07:37:52.781828+00:00,MR_DEEP_VALUE_V1,DOGE,DOGEUSDT,strategy-lab-v1.0.0:MR_DEEP_VALUE_V1,1784178000000,2026-07-16T05:00:00+00:00,0.07376,0.07422,0.07375,0.07419,44.07294832826777,0.0741005,0.07348762236131486,0.07327695000000001,0.000510714285714288,False,RSI_NOT_BELOW_30|CLOSE_NOT_NEAR_OR_BELOW_LOWER_BB|TARGET_NOT_ABOVE_ENTRY
2026-07-16T07:37:52.781828+00:00,MR_DEEP_VALUE_V1,DOGE,DOGEUSDT,strategy-lab-v1.0.0:MR_DEEP_VALUE_V1,1784181600000,2026-07-16T06:00:00+00:00,0.07419,0.0743,0.07385,0.07407,53.30882352941167,0.074117,0.07352647142321453,0.0732752,0.0004485714285714311,False,RSI_NOT_BELOW_30|CLOSE_NOT_NEAR_OR_BELOW_LOWER_BB
2026-07-16T07:37:52.781828+00:00,MR_DEEP_VALUE_V1,DOGE,DOGEUSDT,strategy-lab-v1.0.0:MR_DEEP_VALUE_V1,1784185200000,2026-07-16T07:00:00+00:00,0.07406,0.07408,0.07374,0.07374,41.81818181818188,0.074114,0.07351649184105966,0.07327325,0.0004328571428571455,False,RSI_NOT_BELOW_30|CLOSE_NOT_NEAR_OR_BELOW_LOWER_BB
2026-07-16T07:37:52.781828+00:00,MR_DEEP_VALUE_V1,NEAR,NEARUSDT,strategy-lab-v1.0.0:MR_DEEP_VALUE_V1,1784160000000,2026-07-16T00:00:00+00:00,2.067,2.08,2.058,2.065,54.676258992805685,2.0540999999999996,2.007354305011043,1.9358449999999998,0.025785714285714332,False,RSI_NOT_BELOW_30|CLOSE_NOT_NEAR_OR_BELOW_LOWER_BB|TARGET_NOT_ABOVE_ENTRY
2026-07-16T07:37:52.781828+00:00,MR_DEEP_VALUE_V1,NEAR,NEARUSDT,strategy-lab-v1.0.0:MR_DEEP_VALUE_V1,1784163600000,2026-07-16T01:00:00+00:00,2.064,2.069,2.05,2.065,44.247787610619575,2.0561,2.0111160028454496,1.9357900000000001,0.02392857142857149,False,RSI_NOT_BELOW_30|CLOSE_NOT_NEAR_OR_BELOW_LOWER_BB|TARGET_NOT_ABOVE_ENTRY
2026-07-16T07:37:52.781828+00:00,MR_DEEP_VALUE_V1,NEAR,NEARUSDT,strategy-lab-v1.0.0:MR_DEEP_VALUE_V1,1784167200000,2026-07-16T02:00:00+00:00,2.064,2.066,2.053,2.066,39.999999999999915,2.05825,2.0157582360921484,1.936035,0.022571428571428624,False,RSI_NOT_BELOW_30|CLOSE_NOT_NEAR_OR_BELOW_LOWER_BB|TARGET_NOT_ABOVE_ENTRY
2026-07-16T07:37:52.781828+00:00,MR_DEEP_VALUE_V1,NEAR,NEARUSDT,strategy-lab-v1.0.0:MR_DEEP_VALUE_V1,1784170800000,2026-07-16T03:00:00+00:00,2.067,2.071,2.056,2.063,40.00000000000009,2.0611,2.0260064108418554,1.93626,0.02071428571428578,False,RSI_NOT_BELOW_30|CLOSE_NOT_NEAR_OR_BELOW_LOWER_BB|TARGET_NOT_ABOVE_ENTRY
2026-07-16T07:37:52.781828+00:00,MR_DEEP_VALUE_V1,NEAR,NEARUSDT,strategy-lab-v1.0.0:MR_DEEP_VALUE_V1,1784174400000,2026-07-16T04:00:00+00:00,2.063,2.063,2.05,2.053,38.888888888888935,2.0627,2.0324867578700885,1.9365299999999999,0.019714285714285795,False,RSI_NOT_BELOW_30|CLOSE_NOT_NEAR_OR_BELOW_LOWER_BB
2026-07-16T07:37:52.781828+00:00,MR_DEEP_VALUE_V1,NEAR,NEARUSDT,strategy-lab-v1.0.0:MR_DEEP_VALUE_V1,1784178000000,2026-07-16T05:00:00+00:00,2.052,2.058,2.046,2.053,37.7358490566037,2.0637499999999998,2.0365700441501335,1.93688,0.019357142857142913,False,RSI_NOT_BELOW_30|CLOSE_NOT_NEAR_OR_BELOW_LOWER_BB
2026-07-16T07:37:52.781828+00:00,MR_DEEP_VALUE_V1,NEAR,NEARUSDT,strategy-lab-v1.0.0:MR_DEEP_VALUE_V1,1784181600000,2026-07-16T06:00:00+00:00,2.053,2.059,2.044,2.053,43.95604395604391,2.0637999999999996,2.0367031367128834,1.9372200000000002,0.018000000000000047,False,RSI_NOT_BELOW_30|CLOSE_NOT_NEAR_OR_BELOW_LOWER_BB
2026-07-16T07:37:52.781828+00:00,MR_DEEP_VALUE_V1,NEAR,NEARUSDT,strategy-lab-v1.0.0:MR_DEEP_VALUE_V1,1784185200000,2026-07-16T07:00:00+00:00,2.052,2.054,2.047,2.049,37.49999999999987,2.06235,2.0353442598694156,1.93759,0.017571428571428602,False,RSI_NOT_BELOW_30|CLOSE_NOT_NEAR_OR_BELOW_LOWER_BB
2026-07-16T07:37:52.781828+00:00,MR_DEEP_VALUE_V1,PAXG,PAXGUSDT,strategy-lab-v1.0.0:MR_DEEP_VALUE_V1,1784160000000,2026-07-16T00:00:00+00:00,4048.52,4050.79,4036.94,4036.94,55.30269553689795,4039.6760000000004,4012.3283233894167,4073.6002000000003,15.13571428571426,False,RSI_NOT_BELOW_30|CLOSE_NOT_NEAR_OR_BELOW_LOWER_BB|CLOSE_NOT_ABOVE_MA200
2026-07-16T07:37:52.781828+00:00,MR_DEEP_VALUE_V1,PAXG,PAXGUSDT,strategy-lab-v1.0.0:MR_DEEP_VALUE_V1,1784163600000,2026-07-16T01:00:00+00:00,4035.57,4040.19,4026.36,4030.45,49.458320794462814,4039.8334999999997,4012.7376159768296,4073.0736500000003,15.364999999999977,False,RSI_NOT_BELOW_30|CLOSE_NOT_NEAR_OR_BELOW_LOWER_BB|CLOSE_NOT_ABOVE_MA200
2026-07-16T07:37:52.781828+00:00,MR_DEEP_VALUE_V1,PAXG,PAXGUSDT,strategy-lab-v1.0.0:MR_DEEP_VALUE_V1,1784167200000,2026-07-16T02:00:00+00:00,4030.14,4030.9,4017.1,4022.76,33.35410361402903,4039.7759999999994,4012.5406733818536,4072.5963999999994,14.05142857142859,False,RSI_NOT_BELOW_30|CLOSE_NOT_NEAR_OR_BELOW_LOWER_BB|CLOSE_NOT_ABOVE_MA200
2026-07-16T07:37:52.781828+00:00,MR_DEEP_VALUE_V1,PAXG,PAXGUSDT,strategy-lab-v1.0.0:MR_DEEP_VALUE_V1,1784170800000,2026-07-16T03:00:00+00:00,4023.73,4028.19,4020.58,4027.63,38.25442717744854,4040.321,4014.555589931517,4072.2094999999995,13.261428571428594,False,RSI_NOT_BELOW_30|CLOSE_NOT_NEAR_OR_BELOW_LOWER_BB|CLOSE_NOT_ABOVE_MA200
2026-07-16T07:37:52.781828+00:00,MR_DEEP_VALUE_V1,PAXG,PAXGUSDT,strategy-lab-v1.0.0:MR_DEEP_VALUE_V1,1784174400000,2026-07-16T04:00:00+00:00,4026.06,4029.35,4024.23,4025.32,38.10981098109828,4040.3370000000004,4014.609296565821,4071.83125,12.832857142857165,False,RSI_NOT_BELOW_30|CLOSE_NOT_NEAR_OR_BELOW_LOWER_BB|CLOSE_NOT_ABOVE_MA200
2026-07-16T07:37:52.781828+00:00,MR_DEEP_VALUE_V1,PAXG,PAXGUSDT,strategy-lab-v1.0.0:MR_DEEP_VALUE_V1,1784178000000,2026-07-16T05:00:00+00:00,4025.61,4025.61,4017.39,4019.68,41.412363067292695,4040.167,4013.9452410201548,4071.4539999999997,11.935714285714344,False,RSI_NOT_BELOW_30|CLOSE_NOT_NEAR_OR_BELOW_LOWER_BB|CLOSE_NOT_ABOVE_MA200
2026-07-16T07:37:52.781828+00:00,MR_DEEP_VALUE_V1,PAXG,PAXGUSDT,strategy-lab-v1.0.0:MR_DEEP_VALUE_V1,1784181600000,2026-07-16T06:00:00+00:00,4019.66,4027.28,4015.8,4021.81,48.185068804854325,4040.1305,4013.8088553136004,4071.1010499999998,11.426428571428621,False,RSI_NOT_BELOW_30|CLOSE_NOT_NEAR_OR_BELOW_LOWER_BB|CLOSE_NOT_ABOVE_MA200
2026-07-16T07:37:52.781828+00:00,MR_DEEP_VALUE_V1,PAXG,PAXGUSDT,strategy-lab-v1.0.0:MR_DEEP_VALUE_V1,1784185200000,2026-07-16T07:00:00+00:00,4021.4,4021.54,4016.0,4016.53,22.57217847769033,4039.3625,4011.286082226412,4070.7188,9.717857142857188,False,CLOSE_NOT_NEAR_OR_BELOW_LOWER_BB|CLOSE_NOT_ABOVE_MA200
2026-07-16T17:48:25.930226+00:00,MR_DEEP_VALUE_V1,BTC,BTCUSDT,strategy-lab-v1.0.0:MR_DEEP_VALUE_V1,1784188800000,2026-07-16T08:00:00+00:00,64174.25,64308.71,63827.42,64067.87,30.88783376729468,64782.722499999996,64151.06098672401,63566.45085,312.9678571428579,False,RSI_NOT_BELOW_30
2026-07-16T17:48:25.930226+00:00,MR_DEEP_VALUE_V1,BTC,BTCUSDT,strategy-lab-v1.0.0:MR_DEEP_VALUE_V1,1784192400000,2026-07-16T09:00:00+00:00,64067.88,64126.25,63959.46,64038.01,25.745597793127132,64731.7705,64035.72447550295,63571.699949999995,305.4357142857147,False,CLOSE_NOT_NEAR_OR_BELOW_LOWER_BB
2026-07-16T17:48:25.930226+00:00,MR_DEEP_VALUE_V1,BTC,BTCUSDT,strategy-lab-v1.0.0:MR_DEEP_VALUE_V1,1784196000000,2026-07-16T10:00:00+00:00,64038.01,64213.37,64015.37,64165.73,30.723592368543606,64673.081999999995,63994.17401758767,63577.84215,308.50714285714326,False,RSI_NOT_BELOW_30|CLOSE_NOT_NEAR_OR_BELOW_LOWER_BB
2026-07-16T17:48:25.930226+00:00,MR_DEEP_VALUE_V1,BTC,BTCUSDT,strategy-lab-v1.0.0:MR_DEEP_VALUE_V1,1784199600000,2026-07-16T11:00:00+00:00,64165.73,64220.17,64026.97,64200.0,34.14387570501219,64614.583,63986.20773963147,63585.2492,305.6135714285717,False,RSI_NOT_BELOW_30|CLOSE_NOT_NEAR_OR_BELOW_LOWER_BB
2026-07-16T17:48:25.930226+00:00,MR_DEEP_VALUE_V1,BTC,BTCUSDT,strategy-lab-v1.0.0:MR_DEEP_VALUE_V1,1784203200000,2026-07-16T12:00:00+00:00,64200.0,64203.98,63798.96,63914.11,28.81285451300309,64557.147,63894.118115558864,63591.089799999994,319.1807142857147,False,CLOSE_NOT_NEAR_OR_BELOW_LOWER_BB
2026-07-16T17:48:25.930226+00:00,MR_DEEP_VALUE_V1,BTC,BTCUSDT,strategy-lab-v1.0.0:MR_DEEP_VALUE_V1,1784206800000,2026-07-16T13:00:00+00:00,63914.11,64429.99,63905.25,64325.54,42.009733215107374,64523.1725,63886.30614105625,63599.7737,338.56785714285746,False,RSI_NOT_BELOW_30|CLOSE_NOT_NEAR_OR_BELOW_LOWER_BB
2026-07-16T17:48:25.930226+00:00,MR_DEEP_VALUE_V1,BTC,BTCUSDT,strategy-lab-v1.0.0:MR_DEEP_VALUE_V1,1784210400000,2026-07-16T14:00:00+00:00,64322.26,64812.48,64278.01,64493.21,49.0928797526819,64507.0045,63884.496448696016,63609.21025,351.14857142857153,False,RSI_NOT_BELOW_30|CLOSE_NOT_NEAR_OR_BELOW_LOWER_BB
2026-07-16T17:48:25.930226+00:00,MR_DEEP_VALUE_V1,BTC,BTCUSDT,strategy-lab-v1.0.0:MR_DEEP_VALUE_V1,1784214000000,2026-07-16T15:00:00+00:00,64493.21,64847.44,64260.69,64660.54,49.417878909022654,64492.938500000004,63898.27924186111,63618.34075,361.5864285714285,False,RSI_NOT_BELOW_30|CLOSE_NOT_NEAR_OR_BELOW_LOWER_BB|TARGET_NOT_ABOVE_ENTRY
2026-07-16T17:48:25.930226+00:00,MR_DEEP_VALUE_V1,BTC,BTCUSDT,strategy-lab-v1.0.0:MR_DEEP_VALUE_V1,1784217600000,2026-07-16T16:00:00+00:00,64660.55,64672.52,64281.86,64432.08,46.8342734312479,64468.145,63907.7393316674,63630.701349999996,378.2085714285713,False,RSI_NOT_BELOW_30|CLOSE_NOT_NEAR_OR_BELOW_LOWER_BB
2026-07-16T17:48:25.930226+00:00,MR_DEEP_VALUE_V1,BTC,BTCUSDT,strategy-lab-v1.0.0:MR_DEEP_VALUE_V1,1784221200000,2026-07-16T17:00:00+00:00,64430.68,64434.84,64033.02,64086.66,41.797317066438545,64432.678,63869.97802525028,63641.12560000001,392.32214285714247,False,RSI_NOT_BELOW_30|CLOSE_NOT_NEAR_OR_BELOW_LOWER_BB
2026-07-16T17:48:25.930226+00:00,MR_DEEP_VALUE_V1,ETH,ETHUSDT,strategy-lab-v1.0.0:MR_DEEP_VALUE_V1,1784188800000,2026-07-16T08:00:00+00:00,1908.88,1911.32,1874.12,1884.97,24.980216301767356,1919.538,1900.6997191867654,1804.0460999999998,13.49071428571431,True,
2026-07-16T17:48:25.930226+00:00,MR_DEEP_VALUE_V1,ETH,ETHUSDT,strategy-lab-v1.0.0:MR_DEEP_VALUE_V1,1784192400000,2026-07-16T09:00:00+00:00,1884.91,1887.75,1879.15,1882.94,24.40092759598045,1917.4950000000001,1892.9504441882054,1804.6872,13.380000000000011,False,OPEN_TRADE_EXISTS
2026-07-16T17:48:25.930226+00:00,MR_DEEP_VALUE_V1,ETH,ETHUSDT,strategy-lab-v1.0.0:MR_DEEP_VALUE_V1,1784196000000,2026-07-16T10:00:00+00:00,1882.95,1890.01,1882.22,1886.99,28.22244046157624,1915.265,1888.2664663361447,1805.3401,13.152142857142865,False,OPEN_TRADE_EXISTS
2026-07-16T17:48:25.930226+00:00,MR_DEEP_VALUE_V1,ETH,ETHUSDT,strategy-lab-v1.0.0:MR_DEEP_VALUE_V1,1784199600000,2026-07-16T11:00:00+00:00,1886.99,1886.99,1877.7,1883.78,27.652152994948253,1912.9540000000002,1883.5874384716503,1806.00845,13.381428571428582,False,OPEN_TRADE_EXISTS|CLOSE_NOT_NEAR_OR_BELOW_LOWER_BB
2026-07-16T17:48:25.930226+00:00,MR_DEEP_VALUE_V1,ETH,ETHUSDT,strategy-lab-v1.0.0:MR_DEEP_VALUE_V1,1784203200000,2026-07-16T12:00:00+00:00,1883.76,1883.77,1865.37,1871.29,22.985581000848214,1910.6120000000003,1876.2277788513632,1806.5899,13.887142857142862,False,OPEN_TRADE_EXISTS
2026-07-16T17:48:25.930226+00:00,MR_DEEP_VALUE_V1,ETH,ETHUSDT,strategy-lab-v1.0.0:MR_DEEP_VALUE_V1,1784206800000,2026-07-16T13:00:00+00:00,1871.29,1888.85,1869.67,1881.11,31.931069437404943,1908.3365000000001,1872.4981762250463,1807.2320000000002,14.340714285714268,False,OPEN_TRADE_EXISTS|RSI_NOT_BELOW_30|CLOSE_NOT_NEAR_OR_BELOW_LOWER_BB
2026-07-16T17:48:25.930226+00:00,MR_DEEP_VALUE_V1,ETH,ETHUSDT,strategy-lab-v1.0.0:MR_DEEP_VALUE_V1,1784210400000,2026-07-16T14:00:00+00:00,1880.83,1891.22,1872.59,1881.66,33.37151187005428,1906.2740000000001,1869.2980676115067,1807.8888,14.660714285714286,False,OPEN_TRADE_EXISTS|RSI_NOT_BELOW_30|CLOSE_NOT_NEAR_OR_BELOW_LOWER_BB
2026-07-16T17:48:25.930226+00:00,MR_DEEP_VALUE_V1,ETH,ETHUSDT,strategy-lab-v1.0.0:MR_DEEP_VALUE_V1,1784214000000,2026-07-16T15:00:00+00:00,1881.68,1892.6,1869.35,1880.3,26.975081014638548,1904.1550000000002,1866.3349352195366,1808.5139,15.039285714285711,False,OPEN_TRADE_EXISTS|CLOSE_NOT_NEAR_OR_BELOW_LOWER_BB
2026-07-16T17:48:25.930226+00:00,MR_DEEP_VALUE_V1,ETH,ETHUSDT,strategy-lab-v1.0.0:MR_DEEP_VALUE_V1,1784217600000,2026-07-16T16:00:00+00:00,1880.34,1881.66,1872.7,1877.48,24.19659735349714,1901.9055,1863.365396484331,1809.23315,15.161428571428571,False,OPEN_TRADE_EXISTS|CLOSE_NOT_NEAR_OR_BELOW_LOWER_BB
2026-07-16T17:48:25.930226+00:00,MR_DEEP_VALUE_V1,ETH,ETHUSDT,strategy-lab-v1.0.0:MR_DEEP_VALUE_V1,1784221200000,2026-07-16T17:00:00+00:00,1877.47,1877.7,1861.52,1869.01,23.654745080987055,1899.309,1859.2798521699685,1809.90575,15.444285714285716,False,CLOSE_NOT_NEAR_OR_BELOW_LOWER_BB
2026-07-16T17:48:25.930226+00:00,MR_DEEP_VALUE_V1,SOL,SOLUSDT,strategy-lab-v1.0.0:MR_DEEP_VALUE_V1,1784188800000,2026-07-16T08:00:00+00:00,76.35,76.42,75.57,76.09,30.810810810810807,77.2665,76.24418351279986,77.27165,0.5721428571428555,False,RSI_NOT_BELOW_30|CLOSE_NOT_ABOVE_MA200
2026-07-16T17:48:25.930226+00:00,MR_DEEP_VALUE_V1,SOL,SOLUSDT,strategy-lab-v1.0.0:MR_DEEP_VALUE_V1,1784192400000,2026-07-16T09:00:00+00:00,76.09,76.19,75.93,75.97,33.13953488372097,77.1635,76.05792729773152,77.25635,0.5371428571428548,False,RSI_NOT_BELOW_30|CLOSE_NOT_ABOVE_MA200
2026-07-16T17:48:25.930226+00:00,MR_DEEP_VALUE_V1,SOL,SOLUSDT,strategy-lab-v1.0.0:MR_DEEP_VALUE_V1,1784196000000,2026-07-16T10:00:00+00:00,75.97,76.29,75.93,76.14,32.74853801169603,77.063,75.96903290725854,77.24205,0.5328571428571404,False,RSI_NOT_BELOW_30|CLOSE_NOT_NEAR_OR_BELOW_LOWER_BB|CLOSE_NOT_ABOVE_MA200
2026-07-16T17:48:25.930226+00:00,MR_DEEP_VALUE_V1,SOL,SOLUSDT,strategy-lab-v1.0.0:MR_DEEP_VALUE_V1,1784199600000,2026-07-16T11:00:00+00:00,76.13,76.22,75.95,76.21,33.1395348837207,76.97399999999999,75.90688426119694,77.22985,0.5314285714285683,False,RSI_NOT_BELOW_30|CLOSE_NOT_NEAR_OR_BELOW_LOWER_BB|CLOSE_NOT_ABOVE_MA200
2026-07-16T17:48:25.930226+00:00,MR_DEEP_VALUE_V1,SOL,SOLUSDT,strategy-lab-v1.0.0:MR_DEEP_VALUE_V1,1784203200000,2026-07-16T12:00:00+00:00,76.2,76.23,75.63,75.86,28.571428571428413,76.888,75.75490512312464,77.2163,0.5435714285714265,False,CLOSE_NOT_NEAR_OR_BELOW_LOWER_BB|CLOSE_NOT_ABOVE_MA200
2026-07-16T17:48:25.930226+00:00,MR_DEEP_VALUE_V1,SOL,SOLUSDT,strategy-lab-v1.0.0:MR_DEEP_VALUE_V1,1784206800000,2026-07-16T13:00:00+00:00,75.85,76.56,75.85,76.3,38.071065989847654,76.8145,75.73012967580203,77.206,0.5649999999999987,False,RSI_NOT_BELOW_30|CLOSE_NOT_NEAR_OR_BELOW_LOWER_BB|CLOSE_NOT_ABOVE_MA200
2026-07-16T17:48:25.930226+00:00,MR_DEEP_VALUE_V1,SOL,SOLUSDT,strategy-lab-v1.0.0:MR_DEEP_VALUE_V1,1784210400000,2026-07-16T14:00:00+00:00,76.28,76.72,76.12,76.4,43.36043360433609,76.759,75.70964019516603,77.19725,0.5514285714285704,False,RSI_NOT_BELOW_30|CLOSE_NOT_NEAR_OR_BELOW_LOWER_BB|CLOSE_NOT_ABOVE_MA200
2026-07-16T17:48:25.930226+00:00,MR_DEEP_VALUE_V1,SOL,SOLUSDT,strategy-lab-v1.0.0:MR_DEEP_VALUE_V1,1784214000000,2026-07-16T15:00:00+00:00,76.39,76.8,75.92,76.56,43.513513513513416,76.7305,75.69208823196134,77.18894999999999,0.5828571428571416,False,RSI_NOT_BELOW_30|CLOSE_NOT_NEAR_OR_BELOW_LOWER_BB|CLOSE_NOT_ABOVE_MA200
2026-07-16T17:48:25.930226+00:00,MR_DEEP_VALUE_V1,SOL,SOLUSDT,strategy-lab-v1.0.0:MR_DEEP_VALUE_V1,1784217600000,2026-07-16T16:00:00+00:00,76.56,76.56,76.04,76.22,39.55223880597006,76.6755,75.65138135452908,77.18415,0.5985714285714272,False,RSI_NOT_BELOW_30|CLOSE_NOT_NEAR_OR_BELOW_LOWER_BB|CLOSE_NOT_ABOVE_MA200
2026-07-16T17:48:25.930226+00:00,MR_DEEP_VALUE_V1,SOL,SOLUSDT,strategy-lab-v1.0.0:MR_DEEP_VALUE_V1,1784221200000,2026-07-16T17:00:00+00:00,76.22,76.22,75.67,75.8,37.23653395784534,76.59700000000001,75.55728657794508,77.17755,0.6035714285714268,False,RSI_NOT_BELOW_30|CLOSE_NOT_NEAR_OR_BELOW_LOWER_BB|CLOSE_NOT_ABOVE_MA200
2026-07-16T17:48:25.930226+00:00,MR_DEEP_VALUE_V1,XRP,XRPUSDT,strategy-lab-v1.0.0:MR_DEEP_VALUE_V1,1784188800000,2026-07-16T08:00:00+00:00,1.1054,1.1093,1.0985,1.1059,42.359249329758946,1.114045,1.103923246199402,1.0956009999999998,0.00651428571428571,False,RSI_NOT_BELOW_30|CLOSE_NOT_NEAR_OR_BELOW_LOWER_BB
2026-07-16T17:48:25.930226+00:00,MR_DEEP_VALUE_V1,XRP,XRPUSDT,strategy-lab-v1.0.0:MR_DEEP_VALUE_V1,1784192400000,2026-07-16T09:00:00+00:00,1.106,1.107,1.1039,1.1042,43.05177111716636,1.11321,1.1027387250060021,1.0956299999999999,0.0063071428571428445,False,RSI_NOT_BELOW_30|CLOSE_NOT_NEAR_OR_BELOW_LOWER_BB
2026-07-16T17:48:25.930226+00:00,MR_DEEP_VALUE_V1,XRP,XRPUSDT,strategy-lab-v1.0.0:MR_DEEP_VALUE_V1,1784196000000,2026-07-16T10:00:00+00:00,1.1041,1.1085,1.1033,1.1077,46.27249357326459,1.112355,1.1030851618137136,1.0956700000000001,0.006278571428571419,False,RSI_NOT_BELOW_30|CLOSE_NOT_NEAR_OR_BELOW_LOWER_BB
2026-07-16T17:48:25.930226+00:00,MR_DEEP_VALUE_V1,XRP,XRPUSDT,strategy-lab-v1.0.0:MR_DEEP_VALUE_V1,1784199600000,2026-07-16T11:00:00+00:00,1.1077,1.1081,1.1043,1.1078,39.76945244956749,1.111475,1.1041984967188945,1.0957365000000001,0.006150000000000004,False,RSI_NOT_BELOW_30|CLOSE_NOT_NEAR_OR_BELOW_LOWER_BB
2026-07-16T17:48:25.930226+00:00,MR_DEEP_VALUE_V1,XRP,XRPUSDT,strategy-lab-v1.0.0:MR_DEEP_VALUE_V1,1784203200000,2026-07-16T12:00:00+00:00,1.1076,1.1095,1.0988,1.1007,32.038834951456266,1.110855,1.1022467539533338,1.0957695,0.006614285714285716,False,RSI_NOT_BELOW_30
2026-07-16T17:48:25.930226+00:00,MR_DEEP_VALUE_V1,XRP,XRPUSDT,strategy-lab-v1.0.0:MR_DEEP_VALUE_V1,1784206800000,2026-07-16T13:00:00+00:00,1.1006,1.1115,1.1005,1.1092,46.26865671641782,1.110475,1.1022894334343953,1.0958655,0.007057142857142841,False,RSI_NOT_BELOW_30|CLOSE_NOT_NEAR_OR_BELOW_LOWER_BB
2026-07-16T17:48:25.930226+00:00,MR_DEEP_VALUE_V1,XRP,XRPUSDT,strategy-lab-v1.0.0:MR_DEEP_VALUE_V1,1784210400000,2026-07-16T14:00:00+00:00,1.1089,1.1154,1.1074,1.1109,50.759219088937016,1.11044,1.1022679990210509,1.095967,0.007049999999999985,False,RSI_NOT_BELOW_30|CLOSE_NOT_NEAR_OR_BELOW_LOWER_BB|TARGET_NOT_ABOVE_ENTRY
2026-07-16T17:48:25.930226+00:00,MR_DEEP_VALUE_V1,XRP,XRPUSDT,strategy-lab-v1.0.0:MR_DEEP_VALUE_V1,1784214000000,2026-07-16T15:00:00+00:00,1.1106,1.1174,1.1052,1.114,50.75921908893726,1.110675,1.1023782837821254,1.0960715,0.007299999999999973,False,RSI_NOT_BELOW_30|CLOSE_NOT_NEAR_OR_BELOW_LOWER_BB|TARGET_NOT_ABOVE_ENTRY
2026-07-16T17:48:25.930226+00:00,MR_DEEP_VALUE_V1,XRP,XRPUSDT,strategy-lab-v1.0.0:MR_DEEP_VALUE_V1,1784217600000,2026-07-16T16:00:00+00:00,1.114,1.1144,1.1068,1.1083,41.80327868852457,1.11056,1.1021988039133181,1.096216,0.007428571428571403,False,RSI_NOT_BELOW_30|CLOSE_NOT_NEAR_OR_BELOW_LOWER_BB
2026-07-16T17:48:25.930226+00:00,MR_DEEP_VALUE_V1,XRP,XRPUSDT,strategy-lab-v1.0.0:MR_DEEP_VALUE_V1,1784221200000,2026-07-16T17:00:00+00:00,1.1083,1.1084,1.1001,1.1033,41.04627766599586,1.10998,1.101300230417808,1.0963405,0.007578571428571402,False,RSI_NOT_BELOW_30|CLOSE_NOT_NEAR_OR_BELOW_LOWER_BB
2026-07-16T17:48:25.930226+00:00,MR_DEEP_VALUE_V1,DOGE,DOGEUSDT,strategy-lab-v1.0.0:MR_DEEP_VALUE_V1,1784188800000,2026-07-16T08:00:00+00:00,0.07345,0.0735,0.07259,0.07309,35.93750000000024,0.074022,0.07329194246802084,0.07326575,0.00047428571428571577,False,RSI_NOT_BELOW_30|CLOSE_NOT_ABOVE_MA200
2026-07-16T17:48:25.930226+00:00,MR_DEEP_VALUE_V1,DOGE,DOGEUSDT,strategy-lab-v1.0.0:MR_DEEP_VALUE_V1,1784192400000,2026-07-16T09:00:00+00:00,0.0731,0.0732,0.07299,0.07306,38.461538461538716,0.0739505,0.07314190925060979,0.07326629999999999,0.00045285714285714374,False,RSI_NOT_BELOW_30|CLOSE_NOT_ABOVE_MA200
2026-07-16T17:48:25.930226+00:00,MR_DEEP_VALUE_V1,DOGE,DOGEUSDT,strategy-lab-v1.0.0:MR_DEEP_VALUE_V1,1784196000000,2026-07-16T10:00:00+00:00,0.07307,0.07336,0.07302,0.07325,37.414965986394655,0.073873,0.07310906021179718,0.073268,0.00044714285714285727,False,RSI_NOT_BELOW_30|CLOSE_NOT_NEAR_OR_BELOW_LOWER_BB|CLOSE_NOT_ABOVE_MA200
2026-07-16T17:48:25.930226+00:00,MR_DEEP_VALUE_V1,DOGE,DOGEUSDT,strategy-lab-v1.0.0:MR_DEEP_VALUE_V1,1784199600000,2026-07-16T11:00:00+00:00,0.07323,0.07324,0.07297,0.07318,36.78929765886305,0.073803,0.07305461239988939,0.07327115000000001,0.00044928571428571457,False,RSI_NOT_BELOW_30|CLOSE_NOT_NEAR_OR_BELOW_LOWER_BB|CLOSE_NOT_ABOVE_MA200
2026-07-16T17:48:25.930226+00:00,MR_DEEP_VALUE_V1,DOGE,DOGEUSDT,strategy-lab-v1.0.0:MR_DEEP_VALUE_V1,1784203200000,2026-07-16T12:00:00+00:00,0.07319,0.07325,0.07269,0.07283,32.32628398791566,0.07375000000000001,0.07289169935337364,0.07327235,0.00046714285714285646,False,RSI_NOT_BELOW_30|CLOSE_NOT_ABOVE_MA200
2026-07-16T17:48:25.930226+00:00,MR_DEEP_VALUE_V1,DOGE,DOGEUSDT,strategy-lab-v1.0.0:MR_DEEP_VALUE_V1,1784206800000,2026-07-16T13:00:00+00:00,0.07282,0.07367,0.07278,0.0736,44.96314496314488,0.0737205,0.07288445036032587,0.07327789999999999,0.0005149999999999996,False,RSI_NOT_BELOW_30|CLOSE_NOT_NEAR_OR_BELOW_LOWER_BB
2026-07-16T17:48:25.930226+00:00,MR_DEEP_VALUE_V1,DOGE,DOGEUSDT,strategy-lab-v1.0.0:MR_DEEP_VALUE_V1,1784210400000,2026-07-16T14:00:00+00:00,0.07362,0.07389,0.07327,0.07355,45.75000000000008,0.0736985,0.07286884284189238,0.0732852,0.0005228571428571414,False,RSI_NOT_BELOW_30|CLOSE_NOT_NEAR_OR_BELOW_LOWER_BB
2026-07-16T17:48:25.930226+00:00,MR_DEEP_VALUE_V1,DOGE,DOGEUSDT,strategy-lab-v1.0.0:MR_DEEP_VALUE_V1,1784214000000,2026-07-16T15:00:00+00:00,0.07355,0.07387,0.0731,0.07356,43.34203655352483,0.073689,0.07285756990672745,0.0732913,0.0005349999999999988,False,RSI_NOT_BELOW_30|CLOSE_NOT_NEAR_OR_BELOW_LOWER_BB
2026-07-16T17:48:25.930226+00:00,MR_DEEP_VALUE_V1,DOGE,DOGEUSDT,strategy-lab-v1.0.0:MR_DEEP_VALUE_V1,1784217600000,2026-07-16T16:00:00+00:00,0.07357,0.07367,0.0733,0.07339,37.59999999999996,0.073659,0.07282988239676198,0.07330220000000001,0.000538571428571427,False,RSI_NOT_BELOW_30|CLOSE_NOT_NEAR_OR_BELOW_LOWER_BB
2026-07-16T17:48:25.930226+00:00,MR_DEEP_VALUE_V1,DOGE,DOGEUSDT,strategy-lab-v1.0.0:MR_DEEP_VALUE_V1,1784221200000,2026-07-16T17:00:00+00:00,0.07338,0.07342,0.0729,0.07329,40.63400576368859,0.073625,0.07279391637003299,0.0733119,0.0005364285714285687,False,RSI_NOT_BELOW_30|CLOSE_NOT_NEAR_OR_BELOW_LOWER_BB|CLOSE_NOT_ABOVE_MA200
2026-07-16T17:48:25.930226+00:00,MR_DEEP_VALUE_V1,NEAR,NEARUSDT,strategy-lab-v1.0.0:MR_DEEP_VALUE_V1,1784188800000,2026-07-16T08:00:00+00:00,2.049,2.051,2.02,2.026,42.857142857142776,2.0593,2.030406402093187,1.9377700000000002,0.01750000000000004,False,RSI_NOT_BELOW_30
2026-07-16T17:48:25.930226+00:00,MR_DEEP_VALUE_V1,NEAR,NEARUSDT,strategy-lab-v1.0.0:MR_DEEP_VALUE_V1,1784192400000,2026-07-16T09:00:00+00:00,2.026,2.031,2.007,2.009,36.26373626373628,2.05555,2.021453225959036,1.9382199999999998,0.01842857142857146,False,RSI_NOT_BELOW_30
2026-07-16T17:48:25.930226+00:00,MR_DEEP_VALUE_V1,NEAR,NEARUSDT,strategy-lab-v1.0.0:MR_DEEP_VALUE_V1,1784196000000,2026-07-16T10:00:00+00:00,2.009,2.032,2.007,2.031,36.95652173913037,2.0532500000000002,2.0190454681365098,1.9387699999999999,0.018500000000000023,False,RSI_NOT_BELOW_30|CLOSE_NOT_NEAR_OR_BELOW_LOWER_BB
2026-07-16T17:48:25.930226+00:00,MR_DEEP_VALUE_V1,NEAR,NEARUSDT,strategy-lab-v1.0.0:MR_DEEP_VALUE_V1,1784199600000,2026-07-16T11:00:00+00:00,2.031,2.034,2.022,2.029,32.58426966292126,2.05075,2.0171352710854222,1.939295,0.01857142857142862,False,RSI_NOT_BELOW_30|CLOSE_NOT_NEAR_OR_BELOW_LOWER_BB
2026-07-16T17:48:25.930226+00:00,MR_DEEP_VALUE_V1,NEAR,NEARUSDT,strategy-lab-v1.0.0:MR_DEEP_VALUE_V1,1784203200000,2026-07-16T12:00:00+00:00,2.03,2.043,2.016,2.025,26.436781609195492,2.0488,2.0139827628896185,1.9398000000000002,0.018500000000000055,False,CLOSE_NOT_NEAR_OR_BELOW_LOWER_BB
2026-07-16T17:48:25.930226+00:00,MR_DEEP_VALUE_V1,NEAR,NEARUSDT,strategy-lab-v1.0.0:MR_DEEP_VALUE_V1,1784206800000,2026-07-16T13:00:00+00:00,2.026,2.085,2.026,2.074,52.94117647058823,2.04895,2.013727989835892,1.94058,0.021571428571428637,False,RSI_NOT_BELOW_30|CLOSE_NOT_NEAR_OR_BELOW_LOWER_BB|TARGET_NOT_ABOVE_ENTRY
2026-07-16T17:48:25.930226+00:00,MR_DEEP_VALUE_V1,NEAR,NEARUSDT,strategy-lab-v1.0.0:MR_DEEP_VALUE_V1,1784210400000,2026-07-16T14:00:00+00:00,2.072,2.079,2.061,2.074,53.33333333333329,2.0507999999999997,2.0144153878679387,1.941415,0.021285714285714352,False,RSI_NOT_BELOW_30|CLOSE_NOT_NEAR_OR_BELOW_LOWER_BB|TARGET_NOT_ABOVE_ENTRY
2026-07-16T17:48:25.930226+00:00,MR_DEEP_VALUE_V1,NEAR,NEARUSDT,strategy-lab-v1.0.0:MR_DEEP_VALUE_V1,1784214000000,2026-07-16T15:00:00+00:00,2.072,2.084,2.053,2.067,50.70422535211276,2.05245,2.0162700331675034,1.94223,0.02214285714285721,False,RSI_NOT_BELOW_30|CLOSE_NOT_NEAR_OR_BELOW_LOWER_BB|TARGET_NOT_ABOVE_ENTRY
2026-07-16T17:48:25.930226+00:00,MR_DEEP_VALUE_V1,NEAR,NEARUSDT,strategy-lab-v1.0.0:MR_DEEP_VALUE_V1,1784217600000,2026-07-16T16:00:00+00:00,2.064,2.067,2.051,2.062,48.63013698630137,2.0528,2.0163934071904475,1.94316,0.022357142857142933,False,RSI_NOT_BELOW_30|CLOSE_NOT_NEAR_OR_BELOW_LOWER_BB|TARGET_NOT_ABOVE_ENTRY
2026-07-16T17:48:25.930226+00:00,MR_DEEP_VALUE_V1,NEAR,NEARUSDT,strategy-lab-v1.0.0:MR_DEEP_VALUE_V1,1784221200000,2026-07-16T17:00:00+00:00,2.061,2.082,2.055,2.075,53.846153846153825,2.05355,2.015981529176708,1.9441899999999999,0.02321428571428576,False,RSI_NOT_BELOW_30|CLOSE_NOT_NEAR_OR_BELOW_LOWER_BB|TARGET_NOT_ABOVE_ENTRY
2026-07-16T17:48:25.930226+00:00,MR_DEEP_VALUE_V1,PAXG,PAXGUSDT,strategy-lab-v1.0.0:MR_DEEP_VALUE_V1,1784188800000,2026-07-16T08:00:00+00:00,4021.41,4027.07,4017.94,4027.07,32.21497359428426,4037.9905,4011.9280239281143,4070.3473,8.92857142857146,False,RSI_NOT_BELOW_30|CLOSE_NOT_NEAR_OR_BELOW_LOWER_BB|CLOSE_NOT_ABOVE_MA200
2026-07-16T17:48:25.930226+00:00,MR_DEEP_VALUE_V1,PAXG,PAXGUSDT,strategy-lab-v1.0.0:MR_DEEP_VALUE_V1,1784192400000,2026-07-16T09:00:00+00:00,4027.06,4027.75,4022.98,4023.39,31.80493789296132,4036.4784999999997,4010.713713740503,4069.94595,8.37285714285716,False,RSI_NOT_BELOW_30|CLOSE_NOT_NEAR_OR_BELOW_LOWER_BB|CLOSE_NOT_ABOVE_MA200
2026-07-16T17:48:25.930226+00:00,MR_DEEP_VALUE_V1,PAXG,PAXGUSDT,strategy-lab-v1.0.0:MR_DEEP_VALUE_V1,1784196000000,2026-07-16T10:00:00+00:00,4022.7,4024.96,4020.4,4020.4,24.2578997765723,4034.9115000000006,4009.238104996661,4069.4854499999997,8.152142857142865,False,CLOSE_NOT_NEAR_OR_BELOW_LOWER_BB|CLOSE_NOT_ABOVE_MA200
2026-07-16T17:48:25.930226+00:00,MR_DEEP_VALUE_V1,PAXG,PAXGUSDT,strategy-lab-v1.0.0:MR_DEEP_VALUE_V1,1784199600000,2026-07-16T11:00:00+00:00,4020.2,4032.12,4014.25,4029.33,30.866715222141337,4034.5160000000005,4008.754715560022,4069.0519999999997,9.181428571428569,False,RSI_NOT_BELOW_30|CLOSE_NOT_NEAR_OR_BELOW_LOWER_BB|CLOSE_NOT_ABOVE_MA200
2026-07-16T17:48:25.930226+00:00,MR_DEEP_VALUE_V1,PAXG,PAXGUSDT,strategy-lab-v1.0.0:MR_DEEP_VALUE_V1,1784203200000,2026-07-16T12:00:00+00:00,4030.18,4033.51,3984.25,3985.13,19.695138953434366,4032.5144999999998,3999.079365500533,4068.3848,12.213571428571445,False,CLOSE_NOT_ABOVE_MA200
2026-07-16T17:48:25.930226+00:00,MR_DEEP_VALUE_V1,PAXG,PAXGUSDT,strategy-lab-v1.0.0:MR_DEEP_VALUE_V1,1784206800000,2026-07-16T13:00:00+00:00,3988.18,4001.1,3968.76,3986.19,20.858723164901093,4029.1165,3991.6025627100103,4067.7091000000005,14.163571428571426,False,CLOSE_NOT_ABOVE_MA200
2026-07-16T17:48:25.930226+00:00,MR_DEEP_VALUE_V1,PAXG,PAXGUSDT,strategy-lab-v1.0.0:MR_DEEP_VALUE_V1,1784210400000,2026-07-16T14:00:00+00:00,3986.11,4001.4,3984.81,3994.26,29.345722028648964,4026.3309999999997,3987.1866405596256,4067.0987,14.359285714285729,False,CLOSE_NOT_NEAR_OR_BELOW_LOWER_BB|CLOSE_NOT_ABOVE_MA200
2026-07-16T17:48:25.930226+00:00,MR_DEEP_VALUE_V1,PAXG,PAXGUSDT,strategy-lab-v1.0.0:MR_DEEP_VALUE_V1,1784214000000,2026-07-16T15:00:00+00:00,3993.78,4011.98,3987.44,4000.63,35.552325581395465,4024.0065000000004,3984.5560316758206,4066.53935,15.124285714285731,False,RSI_NOT_BELOW_30|CLOSE_NOT_NEAR_OR_BELOW_LOWER_BB|CLOSE_NOT_ABOVE_MA200
2026-07-16T17:48:25.930226+00:00,MR_DEEP_VALUE_V1,PAXG,PAXGUSDT,strategy-lab-v1.0.0:MR_DEEP_VALUE_V1,1784217600000,2026-07-16T16:00:00+00:00,4000.0,4000.01,3979.93,3987.74,33.84686346863457,4020.7605000000003,3980.597823557848,4066.2429,15.61714285714288,False,RSI_NOT_BELOW_30|CLOSE_NOT_NEAR_OR_BELOW_LOWER_BB|CLOSE_NOT_ABOVE_MA200
2026-07-16T17:48:25.930226+00:00,MR_DEEP_VALUE_V1,PAXG,PAXGUSDT,strategy-lab-v1.0.0:MR_DEEP_VALUE_V1,1784221200000,2026-07-16T17:00:00+00:00,3987.94,3988.98,3977.04,3979.63,28.502328914367666,4016.9619999999995,3976.3305882106356,4065.9508,15.92642857142859,False,CLOSE_NOT_NEAR_OR_BELOW_LOWER_BB|CLOSE_NOT_ABOVE_MA200
2026-07-16T20:39:17.276811+00:00,MR_DEEP_VALUE_V1,BTC,BTCUSDT,strategy-lab-v1.0.0:MR_DEEP_VALUE_V1,1784224800000,2026-07-16T18:00:00+00:00,64030.16,64288.58,64001.18,64191.56,43.53382387232169,64398.3725,63848.94651154095,63651.16024999999,408.70785714285637,False,RSI_NOT_BELOW_30|CLOSE_NOT_NEAR_OR_BELOW_LOWER_BB
2026-07-16T20:39:17.276811+00:00,MR_DEEP_VALUE_V1,BTC,BTCUSDT,strategy-lab-v1.0.0:MR_DEEP_VALUE_V1,1784228400000,2026-07-16T19:00:00+00:00,64188.81,64261.05,64097.72,64217.54,38.59650358516352,64373.418000000005,63838.945811889884,63661.001350000006,391.47428571428514,False,RSI_NOT_BELOW_30|CLOSE_NOT_NEAR_OR_BELOW_LOWER_BB
2026-07-16T20:39:17.276811+00:00,MR_DEEP_VALUE_V1,BTC,BTCUSDT,strategy-lab-v1.0.0:MR_DEEP_VALUE_V1,1784232000000,2026-07-16T20:00:00+00:00,64217.54,64233.19,64101.79,64106.08,39.07345212883544,64351.852,63810.81960501497,63672.0607,375.2171428571424,False,RSI_NOT_BELOW_30|CLOSE_NOT_NEAR_OR_BELOW_LOWER_BB
2026-07-16T20:39:17.276811+00:00,MR_DEEP_VALUE_V1,ETH,ETHUSDT,strategy-lab-v1.0.0:MR_DEEP_VALUE_V1,1784224800000,2026-07-16T18:00:00+00:00,1867.66,1878.3,1866.62,1874.28,28.55992754352411,1896.843,1856.6588453616534,1810.5804500000002,15.791428571428582,False,CLOSE_NOT_NEAR_OR_BELOW_LOWER_BB
2026-07-16T20:39:17.276811+00:00,MR_DEEP_VALUE_V1,ETH,ETHUSDT,strategy-lab-v1.0.0:MR_DEEP_VALUE_V1,1784228400000,2026-07-16T19:00:00+00:00,1874.35,1876.44,1869.45,1874.1,22.81748183494193,1894.7099999999998,1854.4523428401678,1811.2185,15.543571428571438,False,CLOSE_NOT_NEAR_OR_BELOW_LOWER_BB
2026-07-16T20:39:17.276811+00:00,MR_DEEP_VALUE_V1,ETH,ETHUSDT,strategy-lab-v1.0.0:MR_DEEP_VALUE_V1,1784232000000,2026-07-16T20:00:00+00:00,1874.0,1874.38,1869.4,1872.2,23.110720562390128,1892.64,1852.2232589141752,1811.89525,14.903571428571436,False,CLOSE_NOT_NEAR_OR_BELOW_LOWER_BB
2026-07-16T20:39:17.276811+00:00,MR_DEEP_VALUE_V1,SOL,SOLUSDT,strategy-lab-v1.0.0:MR_DEEP_VALUE_V1,1784224800000,2026-07-16T18:00:00+00:00,75.56,75.87,75.36,75.67,37.91574279379151,76.4955,75.4192384146959,77.16839999999999,0.6342857142857129,False,RSI_NOT_BELOW_30|CLOSE_NOT_NEAR_OR_BELOW_LOWER_BB|CLOSE_NOT_ABOVE_MA200
2026-07-16T20:39:17.276811+00:00,MR_DEEP_VALUE_V1,SOL,SOLUSDT,strategy-lab-v1.0.0:MR_DEEP_VALUE_V1,1784228400000,2026-07-16T19:00:00+00:00,75.66,75.88,75.55,75.75,28.9340101522843,76.421,75.35496247720764,77.15974999999999,0.6028571428571416,False,CLOSE_NOT_NEAR_OR_BELOW_LOWER_BB|CLOSE_NOT_ABOVE_MA200
2026-07-16T20:39:17.276811+00:00,MR_DEEP_VALUE_V1,SOL,SOLUSDT,strategy-lab-v1.0.0:MR_DEEP_VALUE_V1,1784232000000,2026-07-16T20:00:00+00:00,75.72,75.84,75.64,75.77,30.208333333333215,76.365,75.28580585620504,77.1538,0.5792857142857143,False,RSI_NOT_BELOW_30|CLOSE_NOT_NEAR_OR_BELOW_LOWER_BB|CLOSE_NOT_ABOVE_MA200
2026-07-16T20:39:17.276811+00:00,MR_DEEP_VALUE_V1,XRP,XRPUSDT,strategy-lab-v1.0.0:MR_DEEP_VALUE_V1,1784224800000,2026-07-16T18:00:00+00:00,1.0938,1.0953,1.0873,1.0924,32.55033557046988,1.108345,1.0955213538726385,1.0963415,0.008714285714285706,False,RSI_NOT_BELOW_30|CLOSE_NOT_ABOVE_MA200
2026-07-16T20:39:17.276811+00:00,MR_DEEP_VALUE_V1,XRP,XRPUSDT,strategy-lab-v1.0.0:MR_DEEP_VALUE_V1,1784228400000,2026-07-16T19:00:00+00:00,1.0923,1.0987,1.0921,1.0961,34.42088091354009,1.1075149999999998,1.0938078814114782,1.096392,0.008849999999999993,False,RSI_NOT_BELOW_30|CLOSE_NOT_NEAR_OR_BELOW_LOWER_BB|CLOSE_NOT_ABOVE_MA200
2026-07-16T20:39:17.276811+00:00,MR_DEEP_VALUE_V1,XRP,XRPUSDT,strategy-lab-v1.0.0:MR_DEEP_VALUE_V1,1784232000000,2026-07-16T20:00:00+00:00,1.0962,1.0974,1.0942,1.0965,35.773710482529225,1.10683,1.0923789654349663,1.0964695,0.008664285714285696,False,RSI_NOT_BELOW_30|CLOSE_NOT_NEAR_OR_BELOW_LOWER_BB
2026-07-16T20:39:17.276811+00:00,MR_DEEP_VALUE_V1,DOGE,DOGEUSDT,strategy-lab-v1.0.0:MR_DEEP_VALUE_V1,1784224800000,2026-07-16T18:00:00+00:00,0.07316,0.07359,0.07314,0.07337,44.69273743016772,0.073588,0.07275898612798071,0.0733203,0.0005464285714285698,False,RSI_NOT_BELOW_30|CLOSE_NOT_NEAR_OR_BELOW_LOWER_BB
2026-07-16T20:39:17.276811+00:00,MR_DEEP_VALUE_V1,DOGE,DOGEUSDT,strategy-lab-v1.0.0:MR_DEEP_VALUE_V1,1784228400000,2026-07-16T19:00:00+00:00,0.07336,0.07344,0.07302,0.07311,34.117647058823366,0.073543,0.0727127927969474,0.0733259,0.0005428571428571416,False,RSI_NOT_BELOW_30|CLOSE_NOT_NEAR_OR_BELOW_LOWER_BB|CLOSE_NOT_ABOVE_MA200
2026-07-16T20:39:17.276811+00:00,MR_DEEP_VALUE_V1,DOGE,DOGEUSDT,strategy-lab-v1.0.0:MR_DEEP_VALUE_V1,1784232000000,2026-07-16T20:00:00+00:00,0.0731,0.07316,0.073,0.07313,35.75757575757581,0.07350500000000001,0.07267223352613089,0.0733327,0.0005221428571428559,False,RSI_NOT_BELOW_30|CLOSE_NOT_NEAR_OR_BELOW_LOWER_BB|CLOSE_NOT_ABOVE_MA200
2026-07-16T20:39:17.276811+00:00,MR_DEEP_VALUE_V1,NEAR,NEARUSDT,strategy-lab-v1.0.0:MR_DEEP_VALUE_V1,1784224800000,2026-07-16T18:00:00+00:00,2.047,2.048,2.02,2.025,41.764705882352956,2.0501,2.0125186216325117,1.9448199999999998,0.025142857142857165,False,RSI_NOT_BELOW_30|CLOSE_NOT_NEAR_OR_BELOW_LOWER_BB
2026-07-16T20:39:17.276811+00:00,MR_DEEP_VALUE_V1,NEAR,NEARUSDT,strategy-lab-v1.0.0:MR_DEEP_VALUE_V1,1784228400000,2026-07-16T19:00:00+00:00,2.026,2.031,2.015,2.026,42.10526315789472,2.0481,2.009864414480744,1.945555,0.02542857142857145,False,RSI_NOT_BELOW_30|CLOSE_NOT_NEAR_OR_BELOW_LOWER_BB
2026-07-16T20:39:17.276811+00:00,MR_DEEP_VALUE_V1,NEAR,NEARUSDT,strategy-lab-v1.0.0:MR_DEEP_VALUE_V1,1784232000000,2026-07-16T20:00:00+00:00,2.024,2.033,2.018,2.029,43.10344827586208,2.0463,2.0080267717588343,1.946365,0.02542857142857145,False,RSI_NOT_BELOW_30|CLOSE_NOT_NEAR_OR_BELOW_LOWER_BB
2026-07-16T20:39:17.276811+00:00,MR_DEEP_VALUE_V1,PAXG,PAXGUSDT,strategy-lab-v1.0.0:MR_DEEP_VALUE_V1,1784224800000,2026-07-16T18:00:00+00:00,3982.73,3985.61,3974.16,3978.1,28.702868482771066,4013.518,3973.085542444268,4065.6137,16.378571428571473,False,CLOSE_NOT_NEAR_OR_BELOW_LOWER_BB|CLOSE_NOT_ABOVE_MA200
2026-07-16T20:39:17.276811+00:00,MR_DEEP_VALUE_V1,PAXG,PAXGUSDT,strategy-lab-v1.0.0:MR_DEEP_VALUE_V1,1784228400000,2026-07-16T19:00:00+00:00,3978.36,3981.5,3967.11,3976.68,29.838709677419416,4009.934,3969.784055342555,4065.21215,16.819285714285733,False,CLOSE_NOT_NEAR_OR_BELOW_LOWER_BB|CLOSE_NOT_ABOVE_MA200
2026-07-16T20:39:17.276811+00:00,MR_DEEP_VALUE_V1,PAXG,PAXGUSDT,strategy-lab-v1.0.0:MR_DEEP_VALUE_V1,1784232000000,2026-07-16T20:00:00+00:00,3975.54,3975.54,3967.56,3971.97,27.183665995238954,4006.6854999999996,3965.3068183028286,4064.72215,16.650714285714294,False,CLOSE_NOT_NEAR_OR_BELOW_LOWER_BB|CLOSE_NOT_ABOVE_MA200
2026-07-16T23:43:59.404593+00:00,MR_DEEP_VALUE_V1,BTC,BTCUSDT,strategy-lab-v1.0.0:MR_DEEP_VALUE_V1,1784235600000,2026-07-16T21:00:00+00:00,64056.98,64188.32,64047.04,64113.03,48.738994495661245,64320.59449999999,63788.8241585758,63682.99029999999,338.865714285714,False,RSI_NOT_BELOW_30|CLOSE_NOT_NEAR_OR_BELOW_LOWER_BB
2026-07-16T23:43:59.404593+00:00,MR_DEEP_VALUE_V1,BTC,BTCUSDT,strategy-lab-v1.0.0:MR_DEEP_VALUE_V1,1784239200000,2026-07-16T22:00:00+00:00,64113.03,64197.15,63900.0,63916.84,46.92404511590572,64286.64400000001,63742.93491288133,63693.42105,325.7128571428569,False,RSI_NOT_BELOW_30|CLOSE_NOT_NEAR_OR_BELOW_LOWER_BB
2026-07-16T23:43:59.404593+00:00,MR_DEEP_VALUE_V1,BTC,BTCUSDT,strategy-lab-v1.0.0:MR_DEEP_VALUE_V1,1784242800000,2026-07-16T23:00:00+00:00,63916.84,63962.11,63690.78,63712.65,43.81289601192693,64244.169499999996,63661.8315809028,63703.82979999999,333.1799999999998,False,RSI_NOT_BELOW_30|CLOSE_NOT_NEAR_OR_BELOW_LOWER_BB
2026-07-16T23:43:59.404593+00:00,MR_DEEP_VALUE_V1,ETH,ETHUSDT,strategy-lab-v1.0.0:MR_DEEP_VALUE_V1,1784235600000,2026-07-16T21:00:00+00:00,1870.01,1879.55,1870.01,1877.11,31.959114139693227,1890.3105,1851.423328092031,1812.5907,14.334285714285718,False,RSI_NOT_BELOW_30|CLOSE_NOT_NEAR_OR_BELOW_LOWER_BB
2026-07-16T23:43:59.404593+00:00,MR_DEEP_VALUE_V1,ETH,ETHUSDT,strategy-lab-v1.0.0:MR_DEEP_VALUE_V1,1784239200000,2026-07-16T22:00:00+00:00,1877.11,1880.0,1866.64,1867.58,38.1973666349938,1887.4950000000001,1850.6395724485528,1813.2897500000001,12.631428571428566,False,RSI_NOT_BELOW_30|CLOSE_NOT_NEAR_OR_BELOW_LOWER_BB
2026-07-16T23:43:59.404593+00:00,MR_DEEP_VALUE_V1,ETH,ETHUSDT,strategy-lab-v1.0.0:MR_DEEP_VALUE_V1,1784242800000,2026-07-16T23:00:00+00:00,1867.57,1869.11,1855.79,1858.21,34.73645228984071,1884.5314999999998,1848.2700133923051,1813.9755000000002,12.968571428571424,False,RSI_NOT_BELOW_30|CLOSE_NOT_NEAR_OR_BELOW_LOWER_BB
2026-07-16T23:43:59.404593+00:00,MR_DEEP_VALUE_V1,SOL,SOLUSDT,strategy-lab-v1.0.0:MR_DEEP_VALUE_V1,1784235600000,2026-07-16T21:00:00+00:00,75.72,75.99,75.7,75.89,42.394822006472516,76.30499999999999,75.24827865546241,77.14685,0.5185714285714279,False,RSI_NOT_BELOW_30|CLOSE_NOT_NEAR_OR_BELOW_LOWER_BB|CLOSE_NOT_ABOVE_MA200
2026-07-16T23:43:59.404593+00:00,MR_DEEP_VALUE_V1,SOL,SOLUSDT,strategy-lab-v1.0.0:MR_DEEP_VALUE_V1,1784239200000,2026-07-16T22:00:00+00:00,75.89,75.98,75.18,75.26,37.97101449275366,76.215,75.12474314952792,77.1381,0.5149999999999986,False,RSI_NOT_BELOW_30|CLOSE_NOT_NEAR_OR_BELOW_LOWER_BB|CLOSE_NOT_ABOVE_MA200
2026-07-16T23:43:59.404593+00:00,MR_DEEP_VALUE_V1,SOL,SOLUSDT,strategy-lab-v1.0.0:MR_DEEP_VALUE_V1,1784242800000,2026-07-16T23:00:00+00:00,75.25,75.36,74.97,75.14,37.97101449275366,76.12750000000001,74.98818661027737,77.1304,0.5242857142857135,False,RSI_NOT_BELOW_30|CLOSE_NOT_NEAR_OR_BELOW_LOWER_BB|CLOSE_NOT_ABOVE_MA200
2026-07-16T23:43:59.404593+00:00,MR_DEEP_VALUE_V1,XRP,XRPUSDT,strategy-lab-v1.0.0:MR_DEEP_VALUE_V1,1784235600000,2026-07-16T21:00:00+00:00,1.0968,1.0981,1.0945,1.0972,42.205323193916364,1.10604,1.0913672497465547,1.096555,0.008085714285714267,False,RSI_NOT_BELOW_30|CLOSE_NOT_NEAR_OR_BELOW_LOWER_BB
2026-07-16T23:43:59.404593+00:00,MR_DEEP_VALUE_V1,XRP,XRPUSDT,strategy-lab-v1.0.0:MR_DEEP_VALUE_V1,1784239200000,2026-07-16T22:00:00+00:00,1.0972,1.0983,1.0889,1.0897,36.409395973154155,1.10471,1.0892000161186421,1.0966185,0.007985714285714278,False,RSI_NOT_BELOW_30|CLOSE_NOT_NEAR_OR_BELOW_LOWER_BB|CLOSE_NOT_ABOVE_MA200
2026-07-16T23:43:59.404593+00:00,MR_DEEP_VALUE_V1,XRP,XRPUSDT,strategy-lab-v1.0.0:MR_DEEP_VALUE_V1,1784242800000,2026-07-16T23:00:00+00:00,1.0894,1.0905,1.0846,1.0859,35.170178282009644,1.1033950000000001,1.0862723278954485,1.0966844999999998,0.008185714285714287,False,RSI_NOT_BELOW_30|CLOSE_NOT_ABOVE_MA200
2026-07-16T23:43:59.404593+00:00,MR_DEEP_VALUE_V1,DOGE,DOGEUSDT,strategy-lab-v1.0.0:MR_DEEP_VALUE_V1,1784235600000,2026-07-16T21:00:00+00:00,0.07299,0.07321,0.07288,0.07309,43.50877192982459,0.07344999999999999,0.072629707369288,0.07333790000000001,0.0004885714285714275,False,RSI_NOT_BELOW_30|CLOSE_NOT_NEAR_OR_BELOW_LOWER_BB|CLOSE_NOT_ABOVE_MA200
2026-07-16T23:43:59.404593+00:00,MR_DEEP_VALUE_V1,DOGE,DOGEUSDT,strategy-lab-v1.0.0:MR_DEEP_VALUE_V1,1784239200000,2026-07-16T22:00:00+00:00,0.07309,0.07327,0.07257,0.07266,42.61168384879721,0.073367,0.0725803844649383,0.0733421,0.00047357142857142834,False,RSI_NOT_BELOW_30|CLOSE_NOT_NEAR_OR_BELOW_LOWER_BB|CLOSE_NOT_ABOVE_MA200
2026-07-16T23:43:59.404593+00:00,MR_DEEP_VALUE_V1,DOGE,DOGEUSDT,strategy-lab-v1.0.0:MR_DEEP_VALUE_V1,1784242800000,2026-07-16T23:00:00+00:00,0.07265,0.0727,0.07207,0.07226,37.80487804878047,0.07328300000000001,0.07240552407440409,0.07334449999999999,0.0005035714285714286,False,RSI_NOT_BELOW_30|CLOSE_NOT_ABOVE_MA200
2026-07-16T23:43:59.404593+00:00,MR_DEEP_VALUE_V1,NEAR,NEARUSDT,strategy-lab-v1.0.0:MR_DEEP_VALUE_V1,1784235600000,2026-07-16T21:00:00+00:00,2.028,2.044,2.028,2.036,46.32768361581925,2.0447499999999996,2.0070518568096465,1.94716,0.025642857142857172,False,RSI_NOT_BELOW_30|CLOSE_NOT_NEAR_OR_BELOW_LOWER_BB
2026-07-16T23:43:59.404593+00:00,MR_DEEP_VALUE_V1,NEAR,NEARUSDT,strategy-lab-v1.0.0:MR_DEEP_VALUE_V1,1784239200000,2026-07-16T22:00:00+00:00,2.037,2.043,1.986,1.986,40.19607843137261,2.04075,1.996510311935995,1.9477449999999998,0.02750000000000003,False,RSI_NOT_BELOW_30
2026-07-16T23:43:59.404593+00:00,MR_DEEP_VALUE_V1,NEAR,NEARUSDT,strategy-lab-v1.0.0:MR_DEEP_VALUE_V1,1784242800000,2026-07-16T23:00:00+00:00,1.986,1.989,1.956,1.97,40.39408866995078,2.0361000000000002,1.9834429966671048,1.94833,0.028142857142857185,False,RSI_NOT_BELOW_30
2026-07-16T23:43:59.404593+00:00,MR_DEEP_VALUE_V1,PAXG,PAXGUSDT,strategy-lab-v1.0.0:MR_DEEP_VALUE_V1,1784235600000,2026-07-16T21:00:00+00:00,3972.86,3982.59,3972.83,3973.43,27.540772136736337,4003.879,3961.727788914247,4064.2870499999995,16.887142857142894,False,CLOSE_NOT_NEAR_OR_BELOW_LOWER_BB|CLOSE_NOT_ABOVE_MA200
2026-07-16T23:43:59.404593+00:00,MR_DEEP_VALUE_V1,PAXG,PAXGUSDT,strategy-lab-v1.0.0:MR_DEEP_VALUE_V1,1784239200000,2026-07-16T22:00:00+00:00,3975.31,3977.69,3970.88,3974.33,24.77520566290393,4001.4574999999995,3958.369216267695,4063.99185,16.721428571428596,False,CLOSE_NOT_NEAR_OR_BELOW_LOWER_BB|CLOSE_NOT_ABOVE_MA200
2026-07-16T23:43:59.404593+00:00,MR_DEEP_VALUE_V1,PAXG,PAXGUSDT,strategy-lab-v1.0.0:MR_DEEP_VALUE_V1,1784242800000,2026-07-16T23:00:00+00:00,3975.45,3978.24,3974.0,3978.12,28.370759675107337,3998.982,3956.5082949109037,4063.7382000000002,16.68357142857144,False,CLOSE_NOT_NEAR_OR_BELOW_LOWER_BB|CLOSE_NOT_ABOVE_MA200
2026-07-17T00:38:13.078939+00:00,MR_DEEP_VALUE_V1,BTC,BTCUSDT,strategy-lab-v1.0.0:MR_DEEP_VALUE_V1,1784246399999,2026-07-16T23:59:59.999000+00:00,63968.01,64010.58,63748.74,63830.2,44.948198618629775,64300.6835,63729.003181420354,63756.77965,327.2971428571431,False,RSI_NOT_BELOW_30|CLOSE_NOT_NEAR_OR_BELOW_LOWER_BB
2026-07-17T00:38:13.078939+00:00,MR_DEEP_VALUE_V1,ETH,ETHUSDT,strategy-lab-v1.0.0:MR_DEEP_VALUE_V1,1784246399999,2026-07-16T23:59:59.999000+00:00,1868.89,1870.66,1857.54,1864.71,37.06248379569601,1886.2945,1850.7073340689903,1815.4188000000001,12.776428571428596,False,RSI_NOT_BELOW_30|CLOSE_NOT_NEAR_OR_BELOW_LOWER_BB
2026-07-17T00:38:13.078939+00:00,MR_DEEP_VALUE_V1,SOL,SOLUSDT,strategy-lab-v1.0.0:MR_DEEP_VALUE_V1,1784246399999,2026-07-16T23:59:59.999000+00:00,75.32,75.42,75.01,75.32,39.39393939393934,76.19699999999999,75.07646262891474,77.1947,0.5228571428571424,False,RSI_NOT_BELOW_30|CLOSE_NOT_NEAR_OR_BELOW_LOWER_BB|CLOSE_NOT_ABOVE_MA200
2026-07-17T00:38:13.078939+00:00,MR_DEEP_VALUE_V1,XRP,XRPUSDT,strategy-lab-v1.0.0:MR_DEEP_VALUE_V1,1784246399999,2026-07-16T23:59:59.999000+00:00,1.0903,1.0912,1.0853,1.0871,35.206611570248086,1.1042450000000001,1.0872581256553848,1.097491,0.008157142857142878,False,RSI_NOT_BELOW_30|CLOSE_NOT_ABOVE_MA200
2026-07-17T00:38:13.078939+00:00,MR_DEEP_VALUE_V1,DOGE,DOGEUSDT,strategy-lab-v1.0.0:MR_DEEP_VALUE_V1,1784246399999,2026-07-16T23:59:59.999000+00:00,0.07274,0.07278,0.07212,0.07236,38.09523809523813,0.07334099999999999,0.07247747466742446,0.07340640000000001,0.000520714285714285,False,RSI_NOT_BELOW_30|CLOSE_NOT_ABOVE_MA200
2026-07-17T00:38:13.078939+00:00,MR_DEEP_VALUE_V1,NEAR,NEARUSDT,strategy-lab-v1.0.0:MR_DEEP_VALUE_V1,1784246399999,2026-07-16T23:59:59.999000+00:00,1.991,1.991,1.959,1.965,38.19095477386937,2.03795,1.985010506235884,1.950115,0.027214285714285715,False,RSI_NOT_BELOW_30
2026-07-17T00:38:13.078939+00:00,MR_DEEP_VALUE_V1,BNB,BNBUSDT,strategy-lab-v1.0.0:MR_DEEP_VALUE_V1,1784123999999,2026-07-15T13:59:59.999000+00:00,582.6,585.3,580.99,582.47,51.90839694656494,580.0649999999999,576.6891534394995,574.2043,2.701428571428567,False,RSI_NOT_BELOW_30|CLOSE_NOT_NEAR_OR_BELOW_LOWER_BB|TARGET_NOT_ABOVE_ENTRY
2026-07-17T00:38:13.078939+00:00,MR_DEEP_VALUE_V1,BNB,BNBUSDT,strategy-lab-v1.0.0:MR_DEEP_VALUE_V1,1784127599999,2026-07-15T14:59:59.999000+00:00,582.48,583.72,580.21,581.62,48.150431565967885,580.1515,576.7100045401683,574.2125,2.82857142857143,False,RSI_NOT_BELOW_30|CLOSE_NOT_NEAR_OR_BELOW_LOWER_BB|TARGET_NOT_ABOVE_ENTRY
2026-07-17T00:38:13.078939+00:00,MR_DEEP_VALUE_V1,BNB,BNBUSDT,strategy-lab-v1.0.0:MR_DEEP_VALUE_V1,1784131199999,2026-07-15T15:59:59.999000+00:00,581.62,582.33,580.4,581.73,55.77464788732384,580.2059999999999,576.7013436687682,574.2295,2.803571428571437,False,RSI_NOT_BELOW_30|CLOSE_NOT_NEAR_OR_BELOW_LOWER_BB|TARGET_NOT_ABOVE_ENTRY
2026-07-17T00:38:13.078939+00:00,MR_DEEP_VALUE_V1,BNB,BNBUSDT,strategy-lab-v1.0.0:MR_DEEP_VALUE_V1,1784134799999,2026-07-15T16:59:59.999000+00:00,581.74,581.79,576.63,578.64,46.2077012835471,580.1429999999999,576.5738987125548,574.2366000000001,3.035714285714294,False,RSI_NOT_BELOW_30|CLOSE_NOT_NEAR_OR_BELOW_LOWER_BB
2026-07-17T00:38:13.078939+00:00,MR_DEEP_VALUE_V1,BNB,BNBUSDT,strategy-lab-v1.0.0:MR_DEEP_VALUE_V1,1784138399999,2026-07-15T17:59:59.999000+00:00,578.65,580.83,578.35,580.09,48.26038159371493,580.1135,576.5528973824587,574.2474,3.0971428571428663,False,RSI_NOT_BELOW_30|CLOSE_NOT_NEAR_OR_BELOW_LOWER_BB
2026-07-17T00:38:13.078939+00:00,MR_DEEP_VALUE_V1,BNB,BNBUSDT,strategy-lab-v1.0.0:MR_DEEP_VALUE_V1,1784141999999,2026-07-15T18:59:59.999000+00:00,580.1,581.91,579.51,579.74,50.2336448598132,580.017,576.5264407324839,574.25375,2.9864285714285757,False,RSI_NOT_BELOW_30|CLOSE_NOT_NEAR_OR_BELOW_LOWER_BB
2026-07-17T00:38:13.078939+00:00,MR_DEEP_VALUE_V1,BNB,BNBUSDT,strategy-lab-v1.0.0:MR_DEEP_VALUE_V1,1784145599999,2026-07-15T19:59:59.999000+00:00,579.75,580.37,578.55,579.48,46.59367396593676,579.8975,576.5066542352914,574.25,2.969285714285726,False,RSI_NOT_BELOW_30|CLOSE_NOT_NEAR_OR_BELOW_LOWER_BB
2026-07-17T00:38:13.078939+00:00,MR_DEEP_VALUE_V1,BNB,BNBUSDT,strategy-lab-v1.0.0:MR_DEEP_VALUE_V1,1784149199999,2026-07-15T20:59:59.999000+00:00,579.5,581.32,579.3,580.78,52.955082742316776,579.8255,576.5767988749283,574.24845,2.9350000000000187,False,RSI_NOT_BELOW_30|CLOSE_NOT_NEAR_OR_BELOW_LOWER_BB|TARGET_NOT_ABOVE_ENTRY
2026-07-17T00:38:13.078939+00:00,MR_DEEP_VALUE_V1,BNB,BNBUSDT,strategy-lab-v1.0.0:MR_DEEP_VALUE_V1,1784152799999,2026-07-15T21:59:59.999000+00:00,580.78,581.49,580.48,581.09,66.49928263988511,579.8755,576.5815875846431,574.2665000000001,2.7428571428571575,False,RSI_NOT_BELOW_30|CLOSE_NOT_NEAR_OR_BELOW_LOWER_BB|TARGET_NOT_ABOVE_ENTRY
2026-07-17T00:38:13.078939+00:00,MR_DEEP_VALUE_V1,BNB,BNBUSDT,strategy-lab-v1.0.0:MR_DEEP_VALUE_V1,1784156399999,2026-07-15T22:59:59.999000+00:00,581.1,581.97,580.53,581.06,64.74118529632361,579.9315,576.5972698039814,574.26675,2.710000000000012,False,RSI_NOT_BELOW_30|CLOSE_NOT_NEAR_OR_BELOW_LOWER_BB|TARGET_NOT_ABOVE_ENTRY
2026-07-17T00:38:13.078939+00:00,MR_DEEP_VALUE_V1,BNB,BNBUSDT,strategy-lab-v1.0.0:MR_DEEP_VALUE_V1,1784159999999,2026-07-15T23:59:59.999000+00:00,581.07,581.66,579.9,580.55,62.32827187274007,579.9235,576.5960188204826,574.2458,2.7342857142857206,False,RSI_NOT_BELOW_30|CLOSE_NOT_NEAR_OR_BELOW_LOWER_BB|TARGET_NOT_ABOVE_ENTRY
2026-07-17T00:38:13.078939+00:00,MR_DEEP_VALUE_V1,BNB,BNBUSDT,strategy-lab-v1.0.0:MR_DEEP_VALUE_V1,1784163599999,2026-07-16T00:59:59.999000+00:00,580.56,582.4,578.0,579.51,52.61561789234243,579.9159999999999,576.5855021393127,574.21695,2.915000000000004,False,RSI_NOT_BELOW_30|CLOSE_NOT_NEAR_OR_BELOW_LOWER_BB
2026-07-17T00:38:13.078939+00:00,MR_DEEP_VALUE_V1,BNB,BNBUSDT,strategy-lab-v1.0.0:MR_DEEP_VALUE_V1,1784167199999,2026-07-16T01:59:59.999000+00:00,579.51,580.49,577.85,579.91,53.358208955223745,579.8815000000001,576.5657963039437,574.18665,3.0128571428571473,False,RSI_NOT_BELOW_30|CLOSE_NOT_NEAR_OR_BELOW_LOWER_BB|TARGET_NOT_ABOVE_ENTRY
2026-07-17T00:38:13.078939+00:00,MR_DEEP_VALUE_V1,BNB,BNBUSDT,strategy-lab-v1.0.0:MR_DEEP_VALUE_V1,1784170799999,2026-07-16T02:59:59.999000+00:00,579.91,580.68,579.45,580.36,39.143135345667126,579.9105000000001,576.5887144861473,574.17655,2.579285714285715,False,RSI_NOT_BELOW_30|CLOSE_NOT_NEAR_OR_BELOW_LOWER_BB|TARGET_NOT_ABOVE_ENTRY
2026-07-17T00:38:13.078939+00:00,MR_DEEP_VALUE_V1,BNB,BNBUSDT,strategy-lab-v1.0.0:MR_DEEP_VALUE_V1,1784174399999,2026-07-16T03:59:59.999000+00:00,580.36,581.52,580.15,581.46,45.51111111111124,580.159,577.171111782539,574.1673999999999,2.3692857142857195,False,RSI_NOT_BELOW_30|CLOSE_NOT_NEAR_OR_BELOW_LOWER_BB|TARGET_NOT_ABOVE_ENTRY
2026-07-17T00:38:13.078939+00:00,MR_DEEP_VALUE_V1,BNB,BNBUSDT,strategy-lab-v1.0.0:MR_DEEP_VALUE_V1,1784177999999,2026-07-16T04:59:59.999000+00:00,581.47,582.25,580.53,580.76,46.126126126126145,580.3405,577.6885235672161,574.16765,2.241428571428579,False,RSI_NOT_BELOW_30|CLOSE_NOT_NEAR_OR_BELOW_LOWER_BB|TARGET_NOT_ABOVE_ENTRY
2026-07-17T00:38:13.078939+00:00,MR_DEEP_VALUE_V1,BNB,BNBUSDT,strategy-lab-v1.0.0:MR_DEEP_VALUE_V1,1784181599999,2026-07-16T05:59:59.999000+00:00,580.76,585.87,580.76,583.6,56.76066522053495,580.6635,578.0766310431255,574.1954499999999,2.468571428571433,False,RSI_NOT_BELOW_30|CLOSE_NOT_NEAR_OR_BELOW_LOWER_BB|TARGET_NOT_ABOVE_ENTRY
2026-07-17T00:38:13.078939+00:00,MR_DEEP_VALUE_V1,BNB,BNBUSDT,strategy-lab-v1.0.0:MR_DEEP_VALUE_V1,1784185199999,2026-07-16T06:59:59.999000+00:00,583.61,584.64,581.63,582.97,69.04133685136303,580.871,578.2434619888495,574.21735,2.3150000000000057,False,RSI_NOT_BELOW_30|CLOSE_NOT_NEAR_OR_BELOW_LOWER_BB|TARGET_NOT_ABOVE_ENTRY
2026-07-17T00:38:13.078939+00:00,MR_DEEP_VALUE_V1,BNB,BNBUSDT,strategy-lab-v1.0.0:MR_DEEP_VALUE_V1,1784188799999,2026-07-16T07:59:59.999000+00:00,582.98,583.12,578.88,579.86,49.11742133537984,580.9135,578.3820002468811,574.2325500000001,2.4407142857142907,False,RSI_NOT_BELOW_30|CLOSE_NOT_NEAR_OR_BELOW_LOWER_BB
2026-07-17T00:38:13.078939+00:00,MR_DEEP_VALUE_V1,BNB,BNBUSDT,strategy-lab-v1.0.0:MR_DEEP_VALUE_V1,1784192399999,2026-07-16T08:59:59.999000+00:00,579.86,580.07,574.57,577.01,41.21056020605286,580.6345,577.7049165825085,574.2244999999999,2.662142857142864,False,RSI_NOT_BELOW_30
2026-07-17T00:38:13.078939+00:00,MR_DEEP_VALUE_V1,BNB,BNBUSDT,strategy-lab-v1.0.0:MR_DEEP_VALUE_V1,1784195999999,2026-07-16T09:59:59.999000+00:00,577.01,578.09,576.7,577.58,44.002525252525416,580.3900000000001,577.3020362696365,574.2521,2.631428571428574,False,RSI_NOT_BELOW_30|CLOSE_NOT_NEAR_OR_BELOW_LOWER_BB
2026-07-17T00:38:13.078939+00:00,MR_DEEP_VALUE_V1,BNB,BNBUSDT,strategy-lab-v1.0.0:MR_DEEP_VALUE_V1,1784199599999,2026-07-16T10:59:59.999000+00:00,577.58,578.25,577.2,577.61,39.12148249828449,580.1895,576.9310004986893,574.28445,2.5621428571428493,False,RSI_NOT_BELOW_30|CLOSE_NOT_NEAR_OR_BELOW_LOWER_BB
2026-07-17T00:38:13.078939+00:00,MR_DEEP_VALUE_V1,BNB,BNBUSDT,strategy-lab-v1.0.0:MR_DEEP_VALUE_V1,1784203199999,2026-07-16T11:59:59.999000+00:00,577.61,578.48,576.31,578.09,39.82360922659446,580.0074999999999,576.7071553210244,574.32965,2.6449999999999982,False,RSI_NOT_BELOW_30|CLOSE_NOT_NEAR_OR_BELOW_LOWER_BB
2026-07-17T00:38:13.078939+00:00,MR_DEEP_VALUE_V1,BNB,BNBUSDT,strategy-lab-v1.0.0:MR_DEEP_VALUE_V1,1784206799999,2026-07-16T12:59:59.999000+00:00,578.09,578.09,575.66,576.68,36.414392059553556,579.9095,576.3465940231263,574.36535,2.7157142857142844,False,RSI_NOT_BELOW_30|CLOSE_NOT_NEAR_OR_BELOW_LOWER_BB
2026-07-17T00:38:13.078939+00:00,MR_DEEP_VALUE_V1,BNB,BNBUSDT,strategy-lab-v1.0.0:MR_DEEP_VALUE_V1,1784210399999,2026-07-16T13:59:59.999000+00:00,576.67,579.57,576.15,578.31,43.50348027842234,579.8205,576.1917565535654,574.4159000000001,2.834285714285719,False,RSI_NOT_BELOW_30|CLOSE_NOT_NEAR_OR_BELOW_LOWER_BB
2026-07-17T00:38:13.078939+00:00,MR_DEEP_VALUE_V1,BNB,BNBUSDT,strategy-lab-v1.0.0:MR_DEEP_VALUE_V1,1784213999999,2026-07-16T14:59:59.999000+00:00,578.31,581.21,578.0,579.8,50.81967213114743,579.8235,576.1949285179919,574.4821,2.749285714285723,False,RSI_NOT_BELOW_30|CLOSE_NOT_NEAR_OR_BELOW_LOWER_BB
2026-07-17T00:38:13.078939+00:00,MR_DEEP_VALUE_V1,BNB,BNBUSDT,strategy-lab-v1.0.0:MR_DEEP_VALUE_V1,1784217599999,2026-07-16T15:59:59.999000+00:00,579.8,580.97,577.15,579.48,48.779102782510094,579.8235,576.1949285179919,574.5398,2.833571428571442,False,RSI_NOT_BELOW_30|CLOSE_NOT_NEAR_OR_BELOW_LOWER_BB
2026-07-17T00:38:13.078939+00:00,MR_DEEP_VALUE_V1,BNB,BNBUSDT,strategy-lab-v1.0.0:MR_DEEP_VALUE_V1,1784221199999,2026-07-16T16:59:59.999000+00:00,579.49,579.56,576.81,576.98,41.40386571719236,579.6335,575.8313623117984,574.61695,2.942142857142877,False,RSI_NOT_BELOW_30|CLOSE_NOT_NEAR_OR_BELOW_LOWER_BB
2026-07-17T00:38:13.078939+00:00,MR_DEEP_VALUE_V1,BNB,BNBUSDT,strategy-lab-v1.0.0:MR_DEEP_VALUE_V1,1784224799999,2026-07-16T17:59:59.999000+00:00,576.99,576.99,574.28,575.22,34.64566929133868,579.34,575.1467673567947,574.68555,3.0378571428571655,False,RSI_NOT_BELOW_30|CLOSE_NOT_NEAR_OR_BELOW_LOWER_BB
2026-07-17T00:38:13.078939+00:00,MR_DEEP_VALUE_V1,BNB,BNBUSDT,strategy-lab-v1.0.0:MR_DEEP_VALUE_V1,1784228399999,2026-07-16T18:59:59.999000+00:00,575.23,576.65,575.0,576.07,38.54421104054737,579.0905,574.7452613414172,574.7517499999999,3.0328571428571616,False,RSI_NOT_BELOW_30|CLOSE_NOT_NEAR_OR_BELOW_LOWER_BB
2026-07-17T00:38:13.078939+00:00,MR_DEEP_VALUE_V1,BNB,BNBUSDT,strategy-lab-v1.0.0:MR_DEEP_VALUE_V1,1784231999999,2026-07-16T19:59:59.999000+00:00,576.07,576.38,575.16,575.8,28.212290502793365,578.853,574.3369260413448,574.8000999999999,2.75500000000002,False,CLOSE_NOT_NEAR_OR_BELOW_LOWER_BB
2026-07-17T00:38:13.078939+00:00,MR_DEEP_VALUE_V1,BNB,BNBUSDT,strategy-lab-v1.0.0:MR_DEEP_VALUE_V1,1784235599999,2026-07-16T20:59:59.999000+00:00,575.81,576.0,574.74,574.85,27.716794731064923,578.62,573.7933821365222,574.8547,2.63000000000002,False,CLOSE_NOT_NEAR_OR_BELOW_LOWER_BB|CLOSE_NOT_ABOVE_MA200
2026-07-17T00:38:13.078939+00:00,MR_DEEP_VALUE_V1,BNB,BNBUSDT,strategy-lab-v1.0.0:MR_DEEP_VALUE_V1,1784239199999,2026-07-16T21:59:59.999000+00:00,574.85,576.86,574.68,576.23,38.993329290479174,578.4359999999999,573.5400408498391,574.90905,2.4828571428571666,False,RSI_NOT_BELOW_30|CLOSE_NOT_NEAR_OR_BELOW_LOWER_BB
2026-07-17T00:38:13.078939+00:00,MR_DEEP_VALUE_V1,BNB,BNBUSDT,strategy-lab-v1.0.0:MR_DEEP_VALUE_V1,1784242799999,2026-07-16T22:59:59.999000+00:00,576.23,577.0,573.58,573.69,39.7404202719409,578.1025,572.8785096669267,574.9551,2.334285714285735,False,RSI_NOT_BELOW_30|CLOSE_NOT_NEAR_OR_BELOW_LOWER_BB|CLOSE_NOT_ABOVE_MA200
2026-07-17T00:38:13.078939+00:00,MR_DEEP_VALUE_V1,BNB,BNBUSDT,strategy-lab-v1.0.0:MR_DEEP_VALUE_V1,1784246399999,2026-07-16T23:59:59.999000+00:00,573.7,573.91,571.69,572.45,34.77744807121664,577.652,572.1190203325837,575.00555,2.3935714285714442,False,RSI_NOT_BELOW_30|CLOSE_NOT_NEAR_OR_BELOW_LOWER_BB|CLOSE_NOT_ABOVE_MA200
2026-07-17T00:38:13.078939+00:00,MR_DEEP_VALUE_V1,PAXG,PAXGUSDT,strategy-lab-v1.0.0:MR_DEEP_VALUE_V1,1784246399999,2026-07-16T23:59:59.999000+00:00,3977.39,3986.13,3975.81,3986.13,32.32074671192197,4003.1160000000004,3961.0972758879366,4067.2252499999995,17.959285714285702,False,RSI_NOT_BELOW_30|CLOSE_NOT_NEAR_OR_BELOW_LOWER_BB|CLOSE_NOT_ABOVE_MA200
2026-07-17T00:41:49.412049+00:00,MR_DEEP_VALUE_V1,BTC,BTCUSDT,strategy-lab-v1.0.0:MR_DEEP_VALUE_V1,1784246400000,2026-07-17T00:00:00+00:00,63770.6,63854.35,63559.63,63608.97,39.31485817372274,64197.9715,63585.12119487615,63711.93545,340.0885714285713,False,RSI_NOT_BELOW_30|CLOSE_NOT_NEAR_OR_BELOW_LOWER_BB|CLOSE_NOT_ABOVE_MA200
2026-07-17T00:41:49.412049+00:00,MR_DEEP_VALUE_V1,ETH,ETHUSDT,strategy-lab-v1.0.0:MR_DEEP_VALUE_V1,1784246400000,2026-07-17T00:00:00+00:00,1863.16,1865.15,1846.7,1851.6,28.826133780064538,1881.515,1846.3201279303541,1814.5852,13.730000000000002,False,CLOSE_NOT_NEAR_OR_BELOW_LOWER_BB
2026-07-17T00:41:49.412049+00:00,MR_DEEP_VALUE_V1,SOL,SOLUSDT,strategy-lab-v1.0.0:MR_DEEP_VALUE_V1,1784246400000,2026-07-17T00:00:00+00:00,75.24,75.38,74.88,75.14,34.75609756097562,76.0525,74.89231251515072,77.1206,0.5342857142857136,False,RSI_NOT_BELOW_30|CLOSE_NOT_NEAR_OR_BELOW_LOWER_BB|CLOSE_NOT_ABOVE_MA200
2026-07-17T00:41:49.412049+00:00,MR_DEEP_VALUE_V1,XRP,XRPUSDT,strategy-lab-v1.0.0:MR_DEEP_VALUE_V1,1784246400000,2026-07-17T00:00:00+00:00,1.0861,1.0879,1.0823,1.0828,29.690048939641144,1.101895,1.083266476172283,1.096684,0.008214285714285714,False,CLOSE_NOT_ABOVE_MA200
2026-07-17T00:41:49.412049+00:00,MR_DEEP_VALUE_V1,DOGE,DOGEUSDT,strategy-lab-v1.0.0:MR_DEEP_VALUE_V1,1784246400000,2026-07-17T00:00:00+00:00,0.07231,0.07241,0.07205,0.07234,34.983498349834974,0.07321599999999999,0.07228940623787956,0.07334415000000001,0.0005050000000000005,False,RSI_NOT_BELOW_30|CLOSE_NOT_NEAR_OR_BELOW_LOWER_BB|CLOSE_NOT_ABOVE_MA200
2026-07-17T00:41:49.412049+00:00,MR_DEEP_VALUE_V1,NEAR,NEARUSDT,strategy-lab-v1.0.0:MR_DEEP_VALUE_V1,1784246400000,2026-07-17T00:00:00+00:00,1.961,1.973,1.955,1.966,33.16062176165801,2.0313499999999998,1.969442730636857,1.94875,0.02764285714285719,False,RSI_NOT_BELOW_30
2026-07-17T00:41:49.412049+00:00,MR_DEEP_VALUE_V1,BNB,BNBUSDT,strategy-lab-v1.0.0:MR_DEEP_VALUE_V1,1784246400000,2026-07-17T00:00:00+00:00,572.22,572.58,570.33,571.77,34.61538461538474,576.8255,570.9935381517068,574.5954,2.399285714285741,False,RSI_NOT_BELOW_30|CLOSE_NOT_NEAR_OR_BELOW_LOWER_BB|CLOSE_NOT_ABOVE_MA200
2026-07-17T00:41:49.412049+00:00,MR_DEEP_VALUE_V1,PAXG,PAXGUSDT,strategy-lab-v1.0.0:MR_DEEP_VALUE_V1,1784246400000,2026-07-17T00:00:00+00:00,3981.53,3986.16,3977.76,3978.91,30.729215048769063,3996.8309999999997,3955.5834915177234,4063.3681500000002,17.252857142857142,False,RSI_NOT_BELOW_30|CLOSE_NOT_NEAR_OR_BELOW_LOWER_BB|CLOSE_NOT_ABOVE_MA200
2026-07-17T07:34:26.835727+00:00,MR_DEEP_VALUE_V1,BTC,BTCUSDT,strategy-lab-v1.0.0:MR_DEEP_VALUE_V1,1784250000000,2026-07-17T01:00:00+00:00,63836.44,64013.4,63410.0,63489.0,37.405586180509346,64140.538,63565.5137600028,63720.254349999996,369.3885714285716,False,RSI_NOT_BELOW_30|CLOSE_NOT_ABOVE_MA200
2026-07-17T07:34:26.835727+00:00,MR_DEEP_VALUE_V1,BTC,BTCUSDT,strategy-lab-v1.0.0:MR_DEEP_VALUE_V1,1784253600000,2026-07-17T02:00:00+00:00,63489.0,63605.0,63330.3,63430.08,40.67634674135405,64076.091,63486.12401580825,63726.77359999999,360.07999999999964,False,RSI_NOT_BELOW_30|CLOSE_NOT_ABOVE_MA200
2026-07-17T07:34:26.835727+00:00,MR_DEEP_VALUE_V1,BTC,BTCUSDT,strategy-lab-v1.0.0:MR_DEEP_VALUE_V1,1784257200000,2026-07-17T03:00:00+00:00,63430.09,63663.38,63425.4,63508.14,31.934634051468834,64042.866,63405.45344463552,63733.1958,339.5971428571424,False,RSI_NOT_BELOW_30|CLOSE_NOT_NEAR_OR_BELOW_LOWER_BB|CLOSE_NOT_ABOVE_MA200
2026-07-17T07:34:26.835727+00:00,MR_DEEP_VALUE_V1,BTC,BTCUSDT,strategy-lab-v1.0.0:MR_DEEP_VALUE_V1,1784260800000,2026-07-17T04:00:00+00:00,63508.14,63524.44,63255.48,63423.17,25.453744655080712,64010.630999999994,63318.664258518686,63740.013849999996,320.63214285714224,False,CLOSE_NOT_NEAR_OR_BELOW_LOWER_BB|CLOSE_NOT_ABOVE_MA200
2026-07-17T07:34:26.835727+00:00,MR_DEEP_VALUE_V1,BTC,BTCUSDT,strategy-lab-v1.0.0:MR_DEEP_VALUE_V1,1784264400000,2026-07-17T05:00:00+00:00,63417.87,63417.87,62744.16,62782.59,14.60558108327146,63947.86,63073.48925760281,63743.266299999996,327.2221428571419,False,CLOSE_NOT_ABOVE_MA200
2026-07-17T07:34:26.835727+00:00,MR_DEEP_VALUE_V1,BTC,BTCUSDT,strategy-lab-v1.0.0:MR_DEEP_VALUE_V1,1784268000000,2026-07-17T06:00:00+00:00,62782.59,62937.81,62641.19,62890.91,19.5751653341232,63884.11899999999,62903.1971234185,63746.3041,320.5049999999989,False,CLOSE_NOT_ABOVE_MA200
2026-07-17T07:34:26.835727+00:00,MR_DEEP_VALUE_V1,BTC,BTCUSDT,strategy-lab-v1.0.0:MR_DEEP_VALUE_V1,1784271600000,2026-07-17T07:00:00+00:00,62890.91,62927.27,62741.48,62887.52,23.232025041235772,63818.494999999995,62758.46318793957,63749.553199999995,298.45571428571304,False,CLOSE_NOT_NEAR_OR_BELOW_LOWER_BB|CLOSE_NOT_ABOVE_MA200
2026-07-17T07:34:26.835727+00:00,MR_DEEP_VALUE_V1,ETH,ETHUSDT,strategy-lab-v1.0.0:MR_DEEP_VALUE_V1,1784250000000,2026-07-17T01:00:00+00:00,1864.41,1869.36,1846.4,1849.75,29.837658490342392,1878.4240000000002,1848.1268671983635,1815.2381,14.706428571428562,False,CLOSE_NOT_NEAR_OR_BELOW_LOWER_BB
2026-07-17T07:34:26.835727+00:00,MR_DEEP_VALUE_V1,ETH,ETHUSDT,strategy-lab-v1.0.0:MR_DEEP_VALUE_V1,1784253600000,2026-07-17T02:00:00+00:00,1849.6,1853.88,1841.35,1846.54,33.52416455864724,1874.693,1848.2302041537546,1815.79095,14.286428571428571,False,RSI_NOT_BELOW_30
2026-07-17T07:34:26.835727+00:00,MR_DEEP_VALUE_V1,ETH,ETHUSDT,strategy-lab-v1.0.0:MR_DEEP_VALUE_V1,1784257200000,2026-07-17T03:00:00+00:00,1846.51,1858.01,1845.53,1850.91,28.323284524835003,1871.7945,1848.4267791226848,1816.34655,13.807857142857156,False,CLOSE_NOT_NEAR_OR_BELOW_LOWER_BB
2026-07-17T07:34:26.835727+00:00,MR_DEEP_VALUE_V1,ETH,ETHUSDT,strategy-lab-v1.0.0:MR_DEEP_VALUE_V1,1784260800000,2026-07-17T04:00:00+00:00,1850.9,1851.19,1842.06,1848.44,26.795194188320636,1869.968,1845.3291334676262,1816.9142,13.129285714285727,False,CLOSE_NOT_NEAR_OR_BELOW_LOWER_BB
2026-07-17T07:34:26.835727+00:00,MR_DEEP_VALUE_V1,ETH,ETHUSDT,strategy-lab-v1.0.0:MR_DEEP_VALUE_V1,1784264400000,2026-07-17T05:00:00+00:00,1848.33,1848.33,1819.88,1822.22,19.888013272500956,1866.932,1835.4276462691237,1817.34215,13.508571428571438,True,
2026-07-17T07:34:26.835727+00:00,MR_DEEP_VALUE_V1,ETH,ETHUSDT,strategy-lab-v1.0.0:MR_DEEP_VALUE_V1,1784268000000,2026-07-17T06:00:00+00:00,1822.25,1834.57,1819.14,1830.65,27.055365017148432,1864.1150000000002,1830.297927684375,1817.7966000000001,13.97071428571428,False,OPEN_TRADE_EXISTS|CLOSE_NOT_NEAR_OR_BELOW_LOWER_BB
2026-07-17T07:34:26.835727+00:00,MR_DEEP_VALUE_V1,ETH,ETHUSDT,strategy-lab-v1.0.0:MR_DEEP_VALUE_V1,1784271600000,2026-07-17T07:00:00+00:00,1830.65,1831.8,1825.6,1827.41,28.920079606158964,1861.2965,1825.186562711211,1818.2246499999999,13.257857142857135,False,OPEN_TRADE_EXISTS|CLOSE_NOT_NEAR_OR_BELOW_LOWER_BB
2026-07-17T07:34:26.835727+00:00,MR_DEEP_VALUE_V1,SOL,SOLUSDT,strategy-lab-v1.0.0:MR_DEEP_VALUE_V1,1784250000000,2026-07-17T01:00:00+00:00,75.49,75.69,74.92,75.04,34.564643799472435,75.95200000000001,74.9338526629211,77.11234999999999,0.5785714285714282,False,RSI_NOT_BELOW_30|CLOSE_NOT_NEAR_OR_BELOW_LOWER_BB|CLOSE_NOT_ABOVE_MA200
2026-07-17T07:34:26.835727+00:00,MR_DEEP_VALUE_V1,SOL,SOLUSDT,strategy-lab-v1.0.0:MR_DEEP_VALUE_V1,1784253600000,2026-07-17T02:00:00+00:00,75.01,75.22,74.67,74.93,36.901408450704324,75.83399999999999,74.9219824563086,77.10165,0.5749999999999987,False,RSI_NOT_BELOW_30|CLOSE_NOT_NEAR_OR_BELOW_LOWER_BB|CLOSE_NOT_ABOVE_MA200
2026-07-17T07:34:26.835727+00:00,MR_DEEP_VALUE_V1,SOL,SOLUSDT,strategy-lab-v1.0.0:MR_DEEP_VALUE_V1,1784257200000,2026-07-17T03:00:00+00:00,74.93,75.38,74.9,75.16,32.93413173652688,75.774,74.85047631324319,77.09065,0.558571428571426,False,RSI_NOT_BELOW_30|CLOSE_NOT_NEAR_OR_BELOW_LOWER_BB|CLOSE_NOT_ABOVE_MA200
2026-07-17T07:34:26.835727+00:00,MR_DEEP_VALUE_V1,SOL,SOLUSDT,strategy-lab-v1.0.0:MR_DEEP_VALUE_V1,1784260800000,2026-07-17T04:00:00+00:00,75.16,75.27,74.61,75.16,30.864197530863947,75.7275,74.77898800745542,77.0809,0.5628571428571405,False,RSI_NOT_BELOW_30|CLOSE_NOT_NEAR_OR_BELOW_LOWER_BB|CLOSE_NOT_ABOVE_MA200
2026-07-17T07:34:26.835727+00:00,MR_DEEP_VALUE_V1,SOL,SOLUSDT,strategy-lab-v1.0.0:MR_DEEP_VALUE_V1,1784264400000,2026-07-17T05:00:00+00:00,75.16,75.16,74.22,74.33,21.483375959079098,75.6455,74.52674220673066,77.0667,0.567142857142855,False,CLOSE_NOT_ABOVE_MA200
2026-07-17T07:34:26.835727+00:00,MR_DEEP_VALUE_V1,SOL,SOLUSDT,strategy-lab-v1.0.0:MR_DEEP_VALUE_V1,1784268000000,2026-07-17T06:00:00+00:00,74.33,74.68,74.24,74.53,27.58620689655166,75.565,74.37098994979067,77.05199999999999,0.5614285714285704,False,CLOSE_NOT_NEAR_OR_BELOW_LOWER_BB|CLOSE_NOT_ABOVE_MA200
2026-07-17T07:34:26.835727+00:00,MR_DEEP_VALUE_V1,SOL,SOLUSDT,strategy-lab-v1.0.0:MR_DEEP_VALUE_V1,1784271600000,2026-07-17T07:00:00+00:00,74.52,74.59,74.34,74.49,33.12101910828015,75.479,74.2364236441969,77.03564999999999,0.5164285714285707,False,RSI_NOT_BELOW_30|CLOSE_NOT_NEAR_OR_BELOW_LOWER_BB|CLOSE_NOT_ABOVE_MA200
2026-07-17T07:34:26.835727+00:00,MR_DEEP_VALUE_V1,XRP,XRPUSDT,strategy-lab-v1.0.0:MR_DEEP_VALUE_V1,1784250000000,2026-07-17T01:00:00+00:00,1.0911,1.0949,1.0848,1.087,34.431137724550894,1.100905,1.08352622271275,1.0967324999999999,0.008907142857142844,False,RSI_NOT_BELOW_30|CLOSE_NOT_NEAR_OR_BELOW_LOWER_BB|CLOSE_NOT_ABOVE_MA200
2026-07-17T07:34:26.835727+00:00,MR_DEEP_VALUE_V1,XRP,XRPUSDT,strategy-lab-v1.0.0:MR_DEEP_VALUE_V1,1784253600000,2026-07-17T02:00:00+00:00,1.0867,1.0901,1.085,1.0874,38.9351081530781,1.0995949999999999,1.0822917661981972,1.0967360000000002,0.008507142857142855,False,RSI_NOT_BELOW_30|CLOSE_NOT_NEAR_OR_BELOW_LOWER_BB|CLOSE_NOT_ABOVE_MA200
2026-07-17T07:34:26.835727+00:00,MR_DEEP_VALUE_V1,XRP,XRPUSDT,strategy-lab-v1.0.0:MR_DEEP_VALUE_V1,1784257200000,2026-07-17T03:00:00+00:00,1.0875,1.0942,1.0871,1.0915,34.11131059245952,1.0989,1.0814691078828464,1.09674,0.008228571428571443,False,RSI_NOT_BELOW_30|CLOSE_NOT_NEAR_OR_BELOW_LOWER_BB|CLOSE_NOT_ABOVE_MA200
2026-07-17T07:34:26.835727+00:00,MR_DEEP_VALUE_V1,XRP,XRPUSDT,strategy-lab-v1.0.0:MR_DEEP_VALUE_V1,1784260800000,2026-07-17T04:00:00+00:00,1.0916,1.0919,1.0867,1.0894,30.83778966131895,1.0980750000000001,1.0804862678114695,1.096747,0.00802857142857145,False,RSI_NOT_BELOW_30|CLOSE_NOT_NEAR_OR_BELOW_LOWER_BB|CLOSE_NOT_ABOVE_MA200
2026-07-17T07:34:26.835727+00:00,MR_DEEP_VALUE_V1,XRP,XRPUSDT,strategy-lab-v1.0.0:MR_DEEP_VALUE_V1,1784264400000,2026-07-17T05:00:00+00:00,1.0893,1.0896,1.0784,1.0796,22.61146496815259,1.0968449999999998,1.0777642793637172,1.0966945000000001,0.00795714285714287,False,CLOSE_NOT_NEAR_OR_BELOW_LOWER_BB|CLOSE_NOT_ABOVE_MA200
2026-07-17T07:34:26.835727+00:00,MR_DEEP_VALUE_V1,XRP,XRPUSDT,strategy-lab-v1.0.0:MR_DEEP_VALUE_V1,1784268000000,2026-07-17T06:00:00+00:00,1.0793,1.0869,1.0785,1.0863,32.75862068965512,1.0957750000000002,1.0768496862641628,1.096664,0.00801428571428572,False,RSI_NOT_BELOW_30|CLOSE_NOT_NEAR_OR_BELOW_LOWER_BB|CLOSE_NOT_ABOVE_MA200
2026-07-17T07:34:26.835727+00:00,MR_DEEP_VALUE_V1,XRP,XRPUSDT,strategy-lab-v1.0.0:MR_DEEP_VALUE_V1,1784271600000,2026-07-17T07:00:00+00:00,1.0862,1.0863,1.0815,1.0821,39.13857677902631,1.09449,1.0755151851128955,1.0966245000000001,0.006971428571428581,False,RSI_NOT_BELOW_30|CLOSE_NOT_NEAR_OR_BELOW_LOWER_BB|CLOSE_NOT_ABOVE_MA200
2026-07-17T07:34:26.835727+00:00,MR_DEEP_VALUE_V1,DOGE,DOGEUSDT,strategy-lab-v1.0.0:MR_DEEP_VALUE_V1,1784250000000,2026-07-17T01:00:00+00:00,0.07267,0.0728,0.07199,0.0721,36.08247422680403,0.0731285,0.07223895461048907,0.0733442,0.0005635714285714291,False,RSI_NOT_BELOW_30|CLOSE_NOT_ABOVE_MA200
2026-07-17T07:34:26.835727+00:00,MR_DEEP_VALUE_V1,DOGE,DOGEUSDT,strategy-lab-v1.0.0:MR_DEEP_VALUE_V1,1784253600000,2026-07-17T02:00:00+00:00,0.07212,0.07222,0.07181,0.07207,39.325842696629,0.07302850000000001,0.07213514060983267,0.07334254999999999,0.0005528571428571446,False,RSI_NOT_BELOW_30|CLOSE_NOT_ABOVE_MA200
2026-07-17T07:34:26.835727+00:00,MR_DEEP_VALUE_V1,DOGE,DOGEUSDT,strategy-lab-v1.0.0:MR_DEEP_VALUE_V1,1784257200000,2026-07-17T03:00:00+00:00,0.07207,0.07258,0.07202,0.07234,29.411764705882348,0.0729725,0.07205428706173339,0.07334125,0.0005292857142857163,False,CLOSE_NOT_NEAR_OR_BELOW_LOWER_BB|CLOSE_NOT_ABOVE_MA200
2026-07-17T07:34:26.835727+00:00,MR_DEEP_VALUE_V1,DOGE,DOGEUSDT,strategy-lab-v1.0.0:MR_DEEP_VALUE_V1,1784260800000,2026-07-17T04:00:00+00:00,0.07233,0.07239,0.07195,0.07219,28.481012658227826,0.07292749999999999,0.07195040481528144,0.07334049999999999,0.0005164285714285734,False,CLOSE_NOT_NEAR_OR_BELOW_LOWER_BB|CLOSE_NOT_ABOVE_MA200
2026-07-17T07:34:26.835727+00:00,MR_DEEP_VALUE_V1,DOGE,DOGEUSDT,strategy-lab-v1.0.0:MR_DEEP_VALUE_V1,1784264400000,2026-07-17T05:00:00+00:00,0.07218,0.07221,0.07136,0.07144,22.82051282051286,0.07284650000000001,0.07167710229177572,0.0733354,0.000522142857142858,False,CLOSE_NOT_ABOVE_MA200
2026-07-17T07:34:26.835727+00:00,MR_DEEP_VALUE_V1,DOGE,DOGEUSDT,strategy-lab-v1.0.0:MR_DEEP_VALUE_V1,1784268000000,2026-07-17T06:00:00+00:00,0.07143,0.07194,0.07134,0.07177,30.049261083743858,0.07277249999999999,0.07152960217636353,0.07333235,0.0005385714285714299,False,RSI_NOT_BELOW_30|CLOSE_NOT_NEAR_OR_BELOW_LOWER_BB|CLOSE_NOT_ABOVE_MA200
2026-07-17T07:34:26.835727+00:00,MR_DEEP_VALUE_V1,DOGE,DOGEUSDT,strategy-lab-v1.0.0:MR_DEEP_VALUE_V1,1784271600000,2026-07-17T07:00:00+00:00,0.07175,0.07183,0.07156,0.07161,30.423940149625906,0.072694,0.0713683997585998,0.07332854999999999,0.0005207142857142881,False,RSI_NOT_BELOW_30|CLOSE_NOT_NEAR_OR_BELOW_LOWER_BB|CLOSE_NOT_ABOVE_MA200
2026-07-17T07:34:26.835727+00:00,MR_DEEP_VALUE_V1,NEAR,NEARUSDT,strategy-lab-v1.0.0:MR_DEEP_VALUE_V1,1784250000000,2026-07-17T01:00:00+00:00,1.982,1.991,1.967,1.97,36.651583710407266,2.02805,1.9643209642313637,1.949325,0.029214285714285766,False,RSI_NOT_BELOW_30|CLOSE_NOT_NEAR_OR_BELOW_LOWER_BB
2026-07-17T07:34:26.835727+00:00,MR_DEEP_VALUE_V1,NEAR,NEARUSDT,strategy-lab-v1.0.0:MR_DEEP_VALUE_V1,1784253600000,2026-07-17T02:00:00+00:00,1.97,1.978,1.961,1.969,37.15596330275235,2.02385,1.9562947633413954,1.9497650000000002,0.028500000000000032,False,RSI_NOT_BELOW_30|CLOSE_NOT_NEAR_OR_BELOW_LOWER_BB
2026-07-17T07:34:26.835727+00:00,MR_DEEP_VALUE_V1,NEAR,NEARUSDT,strategy-lab-v1.0.0:MR_DEEP_VALUE_V1,1784257200000,2026-07-17T03:00:00+00:00,1.97,2.005,1.969,1.987,26.737967914438613,2.02075,1.9524100409716245,1.95031,0.0267857142857143,False,CLOSE_NOT_NEAR_OR_BELOW_LOWER_BB
2026-07-17T07:34:26.835727+00:00,MR_DEEP_VALUE_V1,NEAR,NEARUSDT,strategy-lab-v1.0.0:MR_DEEP_VALUE_V1,1784260800000,2026-07-17T04:00:00+00:00,1.986,1.996,1.978,1.991,28.27225130890062,2.019,1.9495046764163229,1.950945,0.026785714285714284,False,CLOSE_NOT_NEAR_OR_BELOW_LOWER_BB
2026-07-17T07:34:26.835727+00:00,MR_DEEP_VALUE_V1,NEAR,NEARUSDT,strategy-lab-v1.0.0:MR_DEEP_VALUE_V1,1784264400000,2026-07-17T05:00:00+00:00,1.99,1.99,1.958,1.962,25.35211267605638,2.01665,1.9429118823131482,1.95137,0.02692857142857143,False,CLOSE_NOT_NEAR_OR_BELOW_LOWER_BB
2026-07-17T07:34:26.835727+00:00,MR_DEEP_VALUE_V1,NEAR,NEARUSDT,strategy-lab-v1.0.0:MR_DEEP_VALUE_V1,1784268000000,2026-07-17T06:00:00+00:00,1.961,1.962,1.937,1.942,23.684210526315866,2.0122,1.932003740735618,1.9516300000000002,0.027571428571428563,False,CLOSE_NOT_NEAR_OR_BELOW_LOWER_BB|CLOSE_NOT_ABOVE_MA200
2026-07-17T07:34:26.835727+00:00,MR_DEEP_VALUE_V1,NEAR,NEARUSDT,strategy-lab-v1.0.0:MR_DEEP_VALUE_V1,1784271600000,2026-07-17T07:00:00+00:00,1.943,1.944,1.931,1.938,24.884792626728157,2.00765,1.9216656409572073,1.951865,0.02571428571428572,False,CLOSE_NOT_NEAR_OR_BELOW_LOWER_BB|CLOSE_NOT_ABOVE_MA200
2026-07-17T07:34:26.835727+00:00,MR_DEEP_VALUE_V1,BNB,BNBUSDT,strategy-lab-v1.0.0:MR_DEEP_VALUE_V1,1784250000000,2026-07-17T01:00:00+00:00,573.48,574.28,570.78,571.11,33.466733366683414,576.301,570.9609853932806,574.6371,2.565000000000022,False,RSI_NOT_BELOW_30|CLOSE_NOT_NEAR_OR_BELOW_LOWER_BB|CLOSE_NOT_ABOVE_MA200
2026-07-17T07:34:26.835727+00:00,MR_DEEP_VALUE_V1,BNB,BNBUSDT,strategy-lab-v1.0.0:MR_DEEP_VALUE_V1,1784253600000,2026-07-17T02:00:00+00:00,571.32,571.77,569.79,570.7,35.229067930490004,575.705,570.6668277123565,574.66,2.534285714285732,False,RSI_NOT_BELOW_30|CLOSE_NOT_NEAR_OR_BELOW_LOWER_BB|CLOSE_NOT_ABOVE_MA200
2026-07-17T07:34:26.835727+00:00,MR_DEEP_VALUE_V1,BNB,BNBUSDT,strategy-lab-v1.0.0:MR_DEEP_VALUE_V1,1784257200000,2026-07-17T03:00:00+00:00,570.58,572.92,570.25,571.97,33.40552246886837,575.3295,570.3536484145948,574.68695,2.490714285714294,False,RSI_NOT_BELOW_30|CLOSE_NOT_NEAR_OR_BELOW_LOWER_BB|CLOSE_NOT_ABOVE_MA200
2026-07-17T07:34:26.835727+00:00,MR_DEEP_VALUE_V1,BNB,BNBUSDT,strategy-lab-v1.0.0:MR_DEEP_VALUE_V1,1784260800000,2026-07-17T04:00:00+00:00,571.95,572.17,570.06,571.23,27.83619258439397,575.067,569.815340833605,574.7144000000001,2.4250000000000114,False,CLOSE_NOT_NEAR_OR_BELOW_LOWER_BB|CLOSE_NOT_ABOVE_MA200
2026-07-17T07:34:26.835727+00:00,MR_DEEP_VALUE_V1,BNB,BNBUSDT,strategy-lab-v1.0.0:MR_DEEP_VALUE_V1,1784264400000,2026-07-17T05:00:00+00:00,571.14,571.36,566.78,567.18,22.94708029197072,574.575,568.3871263749184,574.7181499999999,2.4950000000000125,False,CLOSE_NOT_ABOVE_MA200
2026-07-17T07:34:26.835727+00:00,MR_DEEP_VALUE_V1,BNB,BNBUSDT,strategy-lab-v1.0.0:MR_DEEP_VALUE_V1,1784268000000,2026-07-17T06:00:00+00:00,566.91,569.4,566.91,569.4,33.256880733944854,574.1885,567.727635429373,574.72715,2.4928571428571575,False,RSI_NOT_BELOW_30|CLOSE_NOT_NEAR_OR_BELOW_LOWER_BB|CLOSE_NOT_ABOVE_MA200
2026-07-17T07:34:26.835727+00:00,MR_DEEP_VALUE_V1,BNB,BNBUSDT,strategy-lab-v1.0.0:MR_DEEP_VALUE_V1,1784271600000,2026-07-17T07:00:00+00:00,569.47,569.64,567.71,567.72,33.54928273947246,573.6885,566.8608524549091,574.72345,2.4371428571428657,False,RSI_NOT_BELOW_30|CLOSE_NOT_NEAR_OR_BELOW_LOWER_BB|CLOSE_NOT_ABOVE_MA200
2026-07-17T07:34:26.835727+00:00,MR_DEEP_VALUE_V1,PAXG,PAXGUSDT,strategy-lab-v1.0.0:MR_DEEP_VALUE_V1,1784250000000,2026-07-17T01:00:00+00:00,3985.38,3990.16,3976.68,3980.83,26.42426599261124,3995.1699999999996,3955.131348674126,4062.97725,17.091428571428587,False,CLOSE_NOT_NEAR_OR_BELOW_LOWER_BB|CLOSE_NOT_ABOVE_MA200
2026-07-17T07:34:26.835727+00:00,MR_DEEP_VALUE_V1,PAXG,PAXGUSDT,strategy-lab-v1.0.0:MR_DEEP_VALUE_V1,1784253600000,2026-07-17T02:00:00+00:00,3981.58,3982.98,3969.25,3975.47,42.45548266166798,3992.853,3953.900468323679,4062.4438,14.553571428571429,False,RSI_NOT_BELOW_30|CLOSE_NOT_NEAR_OR_BELOW_LOWER_BB|CLOSE_NOT_ABOVE_MA200
2026-07-17T07:34:26.835727+00:00,MR_DEEP_VALUE_V1,PAXG,PAXGUSDT,strategy-lab-v1.0.0:MR_DEEP_VALUE_V1,1784257200000,2026-07-17T03:00:00+00:00,3976.74,4003.02,3976.74,3986.58,50.26326447954629,3991.0729999999994,3954.4604113999735,4062.0102500000003,14.211428571428607,False,RSI_NOT_BELOW_30|CLOSE_NOT_NEAR_OR_BELOW_LOWER_BB|CLOSE_NOT_ABOVE_MA200
2026-07-17T07:34:26.835727+00:00,MR_DEEP_VALUE_V1,PAXG,PAXGUSDT,strategy-lab-v1.0.0:MR_DEEP_VALUE_V1,1784260800000,2026-07-17T04:00:00+00:00,3986.06,3986.06,3976.62,3976.62,38.38862559241685,3988.5505,3955.4196886758764,4061.54515,13.73785714285717,False,RSI_NOT_BELOW_30|CLOSE_NOT_NEAR_OR_BELOW_LOWER_BB|CLOSE_NOT_ABOVE_MA200
2026-07-17T07:34:26.835727+00:00,MR_DEEP_VALUE_V1,PAXG,PAXGUSDT,strategy-lab-v1.0.0:MR_DEEP_VALUE_V1,1784264400000,2026-07-17T05:00:00+00:00,3977.29,3984.6,3972.5,3981.49,37.14746172441558,3986.4555,3957.346969652444,4061.09025,12.849285714285738,False,RSI_NOT_BELOW_30|CLOSE_NOT_NEAR_OR_BELOW_LOWER_BB|CLOSE_NOT_ABOVE_MA200
2026-07-17T07:34:26.835727+00:00,MR_DEEP_VALUE_V1,PAXG,PAXGUSDT,strategy-lab-v1.0.0:MR_DEEP_VALUE_V1,1784268000000,2026-07-17T06:00:00+00:00,3983.01,4000.07,3983.01,3995.63,55.21067230220599,3985.2169999999996,3960.16586262074,4060.7196000000004,12.697857142857174,False,RSI_NOT_BELOW_30|CLOSE_NOT_NEAR_OR_BELOW_LOWER_BB|CLOSE_NOT_ABOVE_MA200|TARGET_NOT_ABOVE_ENTRY
2026-07-17T07:34:26.835727+00:00,MR_DEEP_VALUE_V1,PAXG,PAXGUSDT,strategy-lab-v1.0.0:MR_DEEP_VALUE_V1,1784271600000,2026-07-17T07:00:00+00:00,3994.92,3994.92,3989.63,3991.11,55.37890832008502,3983.3060000000005,3968.116992922693,4060.31995,12.273571428571456,False,RSI_NOT_BELOW_30|CLOSE_NOT_NEAR_OR_BELOW_LOWER_BB|CLOSE_NOT_ABOVE_MA200|TARGET_NOT_ABOVE_ENTRY
2026-07-17T12:00:16.007706+00:00,MR_DEEP_VALUE_V1,BTC,BTCUSDT,strategy-lab-v1.0.0:MR_DEEP_VALUE_V1,1784275200000,2026-07-17T08:00:00+00:00,62770.8,62876.48,62588.0,62826.02,18.161512347981827,63758.2545,62596.138015658165,63752.677,298.532857142856,False,CLOSE_NOT_NEAR_OR_BELOW_LOWER_BB|CLOSE_NOT_ABOVE_MA200
2026-07-17T12:00:16.007706+00:00,MR_DEEP_VALUE_V1,BTC,BTCUSDT,strategy-lab-v1.0.0:MR_DEEP_VALUE_V1,1784278800000,2026-07-17T09:00:00+00:00,62826.01,63003.78,62795.52,62927.94,20.960448924077525,63688.3745,62503.256897540654,63758.033449999995,301.7421428571418,False,CLOSE_NOT_NEAR_OR_BELOW_LOWER_BB|CLOSE_NOT_ABOVE_MA200
2026-07-17T12:00:16.007706+00:00,MR_DEEP_VALUE_V1,BTC,BTCUSDT,strategy-lab-v1.0.0:MR_DEEP_VALUE_V1,1784282400000,2026-07-17T10:00:00+00:00,62927.94,63133.93,62924.25,63119.72,29.187170240358157,63619.7,62470.456537751925,63764.9812,304.0971428571419,False,CLOSE_NOT_NEAR_OR_BELOW_LOWER_BB|CLOSE_NOT_ABOVE_MA200
2026-07-17T12:00:16.007706+00:00,MR_DEEP_VALUE_V1,BTC,BTCUSDT,strategy-lab-v1.0.0:MR_DEEP_VALUE_V1,1784286000000,2026-07-17T11:00:00+00:00,63119.73,63303.38,63000.0,63272.65,32.10830650792853,63550.3055,62497.25407277582,63771.7745,315.6757142857132,False,RSI_NOT_BELOW_30|CLOSE_NOT_NEAR_OR_BELOW_LOWER_BB|CLOSE_NOT_ABOVE_MA200
2026-07-17T12:00:16.007706+00:00,MR_DEEP_VALUE_V1,ETH,ETHUSDT,strategy-lab-v1.0.0:MR_DEEP_VALUE_V1,1784275200000,2026-07-17T08:00:00+00:00,1826.52,1830.71,1819.19,1828.17,24.778470626846158,1859.0955000000001,1820.4120397230242,1818.67755,13.31785714285713,False,OPEN_TRADE_EXISTS|CLOSE_NOT_NEAR_OR_BELOW_LOWER_BB
2026-07-17T12:00:16.007706+00:00,MR_DEEP_VALUE_V1,ETH,ETHUSDT,strategy-lab-v1.0.0:MR_DEEP_VALUE_V1,1784278800000,2026-07-17T09:00:00+00:00,1828.2,1834.2,1827.33,1833.13,28.703607443601314,1856.6965,1817.8210181251677,1819.1922,13.309285714285709,False,OPEN_TRADE_EXISTS|CLOSE_NOT_NEAR_OR_BELOW_LOWER_BB
2026-07-17T12:00:16.007706+00:00,MR_DEEP_VALUE_V1,ETH,ETHUSDT,strategy-lab-v1.0.0:MR_DEEP_VALUE_V1,1784282400000,2026-07-17T10:00:00+00:00,1833.13,1838.27,1832.09,1835.17,31.495644784363776,1854.3719999999998,1816.1917346263747,1819.7398,13.394999999999998,False,OPEN_TRADE_EXISTS|RSI_NOT_BELOW_30|CLOSE_NOT_NEAR_OR_BELOW_LOWER_BB
2026-07-17T12:00:16.007706+00:00,MR_DEEP_VALUE_V1,ETH,ETHUSDT,strategy-lab-v1.0.0:MR_DEEP_VALUE_V1,1784286000000,2026-07-17T11:00:00+00:00,1835.21,1841.4,1831.54,1838.13,28.34444444444462,1852.2635000000002,1815.408950063792,1820.28525,13.417857142857153,False,OPEN_TRADE_EXISTS|CLOSE_NOT_NEAR_OR_BELOW_LOWER_BB
2026-07-17T12:00:16.007706+00:00,MR_DEEP_VALUE_V1,SOL,SOLUSDT,strategy-lab-v1.0.0:MR_DEEP_VALUE_V1,1784275200000,2026-07-17T08:00:00+00:00,74.55,74.63,74.12,74.45,30.322580645161096,75.4115,74.11323538906706,77.01989999999999,0.5235714285714265,False,RSI_NOT_BELOW_30|CLOSE_NOT_NEAR_OR_BELOW_LOWER_BB|CLOSE_NOT_ABOVE_MA200
2026-07-17T12:00:16.007706+00:00,MR_DEEP_VALUE_V1,SOL,SOLUSDT,strategy-lab-v1.0.0:MR_DEEP_VALUE_V1,1784278800000,2026-07-17T09:00:00+00:00,74.44,74.73,74.39,74.56,30.990415335463098,75.3245,74.04296225182367,77.0063,0.5242857142857125,False,RSI_NOT_BELOW_30|CLOSE_NOT_NEAR_OR_BELOW_LOWER_BB|CLOSE_NOT_ABOVE_MA200
2026-07-17T12:00:16.007706+00:00,MR_DEEP_VALUE_V1,SOL,SOLUSDT,strategy-lab-v1.0.0:MR_DEEP_VALUE_V1,1784282400000,2026-07-17T10:00:00+00:00,74.57,74.8,74.57,74.72,34.662576687116385,75.24050000000001,74.03391017740043,76.9949,0.5271428571428548,False,RSI_NOT_BELOW_30|CLOSE_NOT_NEAR_OR_BELOW_LOWER_BB|CLOSE_NOT_ABOVE_MA200
2026-07-17T12:00:16.007706+00:00,MR_DEEP_VALUE_V1,SOL,SOLUSDT,strategy-lab-v1.0.0:MR_DEEP_VALUE_V1,1784286000000,2026-07-17T11:00:00+00:00,74.72,74.94,74.57,74.83,33.43749999999976,75.154,74.09976283503146,76.98245,0.5328571428571414,False,RSI_NOT_BELOW_30|CLOSE_NOT_NEAR_OR_BELOW_LOWER_BB|CLOSE_NOT_ABOVE_MA200
2026-07-17T12:00:16.007706+00:00,MR_DEEP_VALUE_V1,XRP,XRPUSDT,strategy-lab-v1.0.0:MR_DEEP_VALUE_V1,1784275200000,2026-07-17T08:00:00+00:00,1.083,1.0851,1.0782,1.0838,41.76245210727975,1.093685,1.074481950762963,1.0966115,0.006892857142857145,False,RSI_NOT_BELOW_30|CLOSE_NOT_NEAR_OR_BELOW_LOWER_BB|CLOSE_NOT_ABOVE_MA200
2026-07-17T12:00:16.007706+00:00,MR_DEEP_VALUE_V1,XRP,XRPUSDT,strategy-lab-v1.0.0:MR_DEEP_VALUE_V1,1784278800000,2026-07-17T09:00:00+00:00,1.0838,1.0874,1.0834,1.0842,37.83231083844577,1.092435,1.0742043362709948,1.0966200000000002,0.006707142857142864,False,RSI_NOT_BELOW_30|CLOSE_NOT_NEAR_OR_BELOW_LOWER_BB|CLOSE_NOT_ABOVE_MA200
2026-07-17T12:00:16.007706+00:00,MR_DEEP_VALUE_V1,XRP,XRPUSDT,strategy-lab-v1.0.0:MR_DEEP_VALUE_V1,1784282400000,2026-07-17T10:00:00+00:00,1.0842,1.0872,1.084,1.0856,38.70967741935471,1.09117,1.0748265487120965,1.0966295000000001,0.006707142857142864,False,RSI_NOT_BELOW_30|CLOSE_NOT_NEAR_OR_BELOW_LOWER_BB|CLOSE_NOT_ABOVE_MA200
2026-07-17T12:00:16.007706+00:00,MR_DEEP_VALUE_V1,XRP,XRPUSDT,strategy-lab-v1.0.0:MR_DEEP_VALUE_V1,1784286000000,2026-07-17T11:00:00+00:00,1.0855,1.0862,1.0827,1.0838,36.86274509803928,1.0896599999999999,1.0768299727202126,1.096614,0.006700000000000007,False,RSI_NOT_BELOW_30|CLOSE_NOT_NEAR_OR_BELOW_LOWER_BB|CLOSE_NOT_ABOVE_MA200
2026-07-17T12:00:16.007706+00:00,MR_DEEP_VALUE_V1,DOGE,DOGEUSDT,strategy-lab-v1.0.0:MR_DEEP_VALUE_V1,1784275200000,2026-07-17T08:00:00+00:00,0.07164,0.0717,0.07109,0.0714,25.558312655086723,0.0726235,0.07118825402804943,0.07332445,0.0005328571428571445,False,CLOSE_NOT_NEAR_OR_BELOW_LOWER_BB|CLOSE_NOT_ABOVE_MA200
2026-07-17T12:00:16.007706+00:00,MR_DEEP_VALUE_V1,DOGE,DOGEUSDT,strategy-lab-v1.0.0:MR_DEEP_VALUE_V1,1784278800000,2026-07-17T09:00:00+00:00,0.07139,0.07167,0.07138,0.07164,31.670822942643213,0.0725255,0.07110273543760737,0.0733223,0.0005235714285714298,False,RSI_NOT_BELOW_30|CLOSE_NOT_NEAR_OR_BELOW_LOWER_BB|CLOSE_NOT_ABOVE_MA200
2026-07-17T12:00:16.007706+00:00,MR_DEEP_VALUE_V1,DOGE,DOGEUSDT,strategy-lab-v1.0.0:MR_DEEP_VALUE_V1,1784282400000,2026-07-17T10:00:00+00:00,0.07166,0.072,0.07166,0.07191,36.84210526315778,0.07244350000000001,0.07107850512821465,0.07332129999999999,0.0005371428571428581,False,RSI_NOT_BELOW_30|CLOSE_NOT_NEAR_OR_BELOW_LOWER_BB|CLOSE_NOT_ABOVE_MA200
2026-07-17T12:00:16.007706+00:00,MR_DEEP_VALUE_V1,DOGE,DOGEUSDT,strategy-lab-v1.0.0:MR_DEEP_VALUE_V1,1784286000000,2026-07-17T11:00:00+00:00,0.07191,0.07205,0.0718,0.07198,36.69064748201432,0.0723645,0.07108704197720615,0.0733202,0.0005314285714285726,False,RSI_NOT_BELOW_30|CLOSE_NOT_NEAR_OR_BELOW_LOWER_BB|CLOSE_NOT_ABOVE_MA200
2026-07-17T12:00:16.007706+00:00,MR_DEEP_VALUE_V1,NEAR,NEARUSDT,strategy-lab-v1.0.0:MR_DEEP_VALUE_V1,1784275200000,2026-07-17T08:00:00+00:00,1.94,1.94,1.879,1.897,22.881355932203462,2.0012999999999996,1.9033569553260605,1.9519049999999998,0.028214285714285716,False,CLOSE_NOT_ABOVE_MA200
2026-07-17T12:00:16.007706+00:00,MR_DEEP_VALUE_V1,NEAR,NEARUSDT,strategy-lab-v1.0.0:MR_DEEP_VALUE_V1,1784278800000,2026-07-17T09:00:00+00:00,1.896,1.913,1.896,1.905,25.10288065843632,1.99285,1.8923268185939115,1.952015,0.028285714285714296,False,CLOSE_NOT_NEAR_OR_BELOW_LOWER_BB|CLOSE_NOT_ABOVE_MA200
2026-07-17T12:00:16.007706+00:00,MR_DEEP_VALUE_V1,NEAR,NEARUSDT,strategy-lab-v1.0.0:MR_DEEP_VALUE_V1,1784282400000,2026-07-17T10:00:00+00:00,1.906,1.918,1.905,1.915,27.77777777777777,1.9849,1.8861722936557241,1.9522,0.028142857142857136,False,CLOSE_NOT_NEAR_OR_BELOW_LOWER_BB|CLOSE_NOT_ABOVE_MA200
2026-07-17T12:00:16.007706+00:00,MR_DEEP_VALUE_V1,NEAR,NEARUSDT,strategy-lab-v1.0.0:MR_DEEP_VALUE_V1,1784286000000,2026-07-17T11:00:00+00:00,1.916,1.927,1.915,1.915,25.10288065843625,1.9773,1.881669251806745,1.952275,0.027785714285714285,False,CLOSE_NOT_NEAR_OR_BELOW_LOWER_BB|CLOSE_NOT_ABOVE_MA200
2026-07-17T12:00:16.007706+00:00,MR_DEEP_VALUE_V1,BNB,BNBUSDT,strategy-lab-v1.0.0:MR_DEEP_VALUE_V1,1784275200000,2026-07-17T08:00:00+00:00,565.37,565.37,562.39,563.96,26.070991432068496,572.955,564.6704227627486,574.69025,2.7035714285714385,False,CLOSE_NOT_ABOVE_MA200
2026-07-17T12:00:16.007706+00:00,MR_DEEP_VALUE_V1,BNB,BNBUSDT,strategy-lab-v1.0.0:MR_DEEP_VALUE_V1,1784278800000,2026-07-17T09:00:00+00:00,564.04,565.0,563.73,563.93,26.448675496688722,572.2465,563.4361509149758,574.6761,2.7064285714285785,False,CLOSE_NOT_NEAR_OR_BELOW_LOWER_BB|CLOSE_NOT_ABOVE_MA200
2026-07-17T12:00:16.007706+00:00,MR_DEEP_VALUE_V1,BNB,BNBUSDT,strategy-lab-v1.0.0:MR_DEEP_VALUE_V1,1784282400000,2026-07-17T10:00:00+00:00,564.07,564.93,563.3,563.68,27.110733983877694,571.4685000000001,562.5188468782311,574.6667000000001,2.729285714285725,False,CLOSE_NOT_NEAR_OR_BELOW_LOWER_BB|CLOSE_NOT_ABOVE_MA200
2026-07-17T12:00:16.007706+00:00,MR_DEEP_VALUE_V1,BNB,BNBUSDT,strategy-lab-v1.0.0:MR_DEEP_VALUE_V1,1784286000000,2026-07-17T11:00:00+00:00,563.56,564.14,562.59,563.85,22.227252150294476,570.7090000000001,561.8811058003627,574.6458,2.695000000000001,False,CLOSE_NOT_NEAR_OR_BELOW_LOWER_BB|CLOSE_NOT_ABOVE_MA200
2026-07-17T12:00:16.007706+00:00,MR_DEEP_VALUE_V1,PAXG,PAXGUSDT,strategy-lab-v1.0.0:MR_DEEP_VALUE_V1,1784275200000,2026-07-17T08:00:00+00:00,3991.86,3993.41,3983.18,3991.39,59.45100270231823,3983.656,3968.002238279712,4059.95145,12.24500000000002,False,RSI_NOT_BELOW_30|CLOSE_NOT_NEAR_OR_BELOW_LOWER_BB|CLOSE_NOT_ABOVE_MA200|TARGET_NOT_ABOVE_ENTRY
2026-07-17T12:00:16.007706+00:00,MR_DEEP_VALUE_V1,PAXG,PAXGUSDT,strategy-lab-v1.0.0:MR_DEEP_VALUE_V1,1784278800000,2026-07-17T09:00:00+00:00,3991.19,3996.75,3990.93,3990.98,60.31746031746042,3983.8955,3967.9501314249073,4059.5810500000002,11.632857142857185,False,RSI_NOT_BELOW_30|CLOSE_NOT_NEAR_OR_BELOW_LOWER_BB|CLOSE_NOT_ABOVE_MA200|TARGET_NOT_ABOVE_ENTRY
2026-07-17T12:00:16.007706+00:00,MR_DEEP_VALUE_V1,PAXG,PAXGUSDT,strategy-lab-v1.0.0:MR_DEEP_VALUE_V1,1784282400000,2026-07-17T10:00:00+00:00,3990.83,3992.7,3987.18,3987.19,60.34358308069859,3983.542,3968.230530312359,4059.2327999999998,11.375714285714334,False,RSI_NOT_BELOW_30|CLOSE_NOT_NEAR_OR_BELOW_LOWER_BB|CLOSE_NOT_ABOVE_MA200|TARGET_NOT_ABOVE_ENTRY
2026-07-17T12:00:16.007706+00:00,MR_DEEP_VALUE_V1,PAXG,PAXGUSDT,strategy-lab-v1.0.0:MR_DEEP_VALUE_V1,1784286000000,2026-07-17T11:00:00+00:00,3986.09,3992.83,3985.47,3988.42,60.71786071786077,3982.9315,3969.540858081275,4058.8915500000003,11.204285714285756,False,RSI_NOT_BELOW_30|CLOSE_NOT_NEAR_OR_BELOW_LOWER_BB|CLOSE_NOT_ABOVE_MA200|TARGET_NOT_ABOVE_ENTRY
2026-07-17T13:56:59.935280+00:00,MR_DEEP_VALUE_V1,BTC,BTCUSDT,strategy-lab-v1.0.0:MR_DEEP_VALUE_V1,1784289600000,2026-07-17T12:00:00+00:00,63237.74,63285.91,63004.02,63037.98,31.0360006559699,63478.854999999996,62484.06468771303,63774.8059,314.58571428571355,False,RSI_NOT_BELOW_30|CLOSE_NOT_NEAR_OR_BELOW_LOWER_BB|CLOSE_NOT_ABOVE_MA200
2026-07-17T13:56:59.935280+00:00,MR_DEEP_VALUE_V1,BTC,BTCUSDT,strategy-lab-v1.0.0:MR_DEEP_VALUE_V1,1784293200000,2026-07-17T13:00:00+00:00,63037.99,63042.14,62452.52,62772.71,29.51962269262509,63415.9895,62409.624227437875,63775.9825,337.3207142857136,False,CLOSE_NOT_NEAR_OR_BELOW_LOWER_BB|CLOSE_NOT_ABOVE_MA200
2026-07-17T13:56:59.935280+00:00,MR_DEEP_VALUE_V1,ETH,ETHUSDT,strategy-lab-v1.0.0:MR_DEEP_VALUE_V1,1784289600000,2026-07-17T12:00:00+00:00,1837.42,1838.54,1825.67,1826.64,27.391208305721378,1849.6860000000001,1813.0808509632798,1820.71,13.382857142857151,False,OPEN_TRADE_EXISTS|CLOSE_NOT_NEAR_OR_BELOW_LOWER_BB
2026-07-17T13:56:59.935280+00:00,MR_DEEP_VALUE_V1,ETH,ETHUSDT,strategy-lab-v1.0.0:MR_DEEP_VALUE_V1,1784293200000,2026-07-17T13:00:00+00:00,1826.62,1827.53,1800.82,1814.75,25.300958987961707,1847.0405000000003,1808.4214096559679,1821.0443,14.339285714285731,False,CLOSE_NOT_NEAR_OR_BELOW_LOWER_BB|CLOSE_NOT_ABOVE_MA200
2026-07-17T13:56:59.935280+00:00,MR_DEEP_VALUE_V1,SOL,SOLUSDT,strategy-lab-v1.0.0:MR_DEEP_VALUE_V1,1784289600000,2026-07-17T12:00:00+00:00,74.79,74.81,74.3,74.31,34.11371237458171,75.056,74.05841491590898,76.96415,0.5121428571428562,False,RSI_NOT_BELOW_30|CLOSE_NOT_NEAR_OR_BELOW_LOWER_BB|CLOSE_NOT_ABOVE_MA200
2026-07-17T13:56:59.935280+00:00,MR_DEEP_VALUE_V1,SOL,SOLUSDT,strategy-lab-v1.0.0:MR_DEEP_VALUE_V1,1784293200000,2026-07-17T13:00:00+00:00,74.32,74.32,73.31,73.89,29.912023460410296,74.973,73.88179699413863,76.94194999999999,0.5564285714285698,False,CLOSE_NOT_NEAR_OR_BELOW_LOWER_BB|CLOSE_NOT_ABOVE_MA200
2026-07-17T13:56:59.935280+00:00,MR_DEEP_VALUE_V1,XRP,XRPUSDT,strategy-lab-v1.0.0:MR_DEEP_VALUE_V1,1784289600000,2026-07-17T12:00:00+00:00,1.0837,1.0839,1.0769,1.0773,37.59999999999999,1.08811,1.077336718234443,1.0965335,0.006528571428571439,False,RSI_NOT_BELOW_30|CLOSE_NOT_ABOVE_MA200
2026-07-17T13:56:59.935280+00:00,MR_DEEP_VALUE_V1,XRP,XRPUSDT,strategy-lab-v1.0.0:MR_DEEP_VALUE_V1,1784293200000,2026-07-17T13:00:00+00:00,1.0772,1.078,1.0687,1.0762,39.412997903563905,1.087235,1.0756108398152777,1.0964215,0.006771428571428587,False,RSI_NOT_BELOW_30|CLOSE_NOT_NEAR_OR_BELOW_LOWER_BB|CLOSE_NOT_ABOVE_MA200
2026-07-17T13:56:59.935280+00:00,MR_DEEP_VALUE_V1,DOGE,DOGEUSDT,strategy-lab-v1.0.0:MR_DEEP_VALUE_V1,1784289600000,2026-07-17T12:00:00+00:00,0.07195,0.07198,0.07161,0.07163,37.22084367245646,0.072275,0.07104934915249077,0.07331525,0.0005078571428571442,False,RSI_NOT_BELOW_30|CLOSE_NOT_NEAR_OR_BELOW_LOWER_BB|CLOSE_NOT_ABOVE_MA200
2026-07-17T13:56:59.935280+00:00,MR_DEEP_VALUE_V1,DOGE,DOGEUSDT,strategy-lab-v1.0.0:MR_DEEP_VALUE_V1,1784293200000,2026-07-17T13:00:00+00:00,0.07163,0.07163,0.07094,0.07152,39.370078740157346,0.072192,0.07099832332685935,0.0733092,0.0005121428571428578,False,RSI_NOT_BELOW_30|CLOSE_NOT_NEAR_OR_BELOW_LOWER_BB|CLOSE_NOT_ABOVE_MA200
2026-07-17T13:56:59.935280+00:00,MR_DEEP_VALUE_V1,NEAR,NEARUSDT,strategy-lab-v1.0.0:MR_DEEP_VALUE_V1,1784289600000,2026-07-17T12:00:00+00:00,1.914,1.924,1.906,1.906,30.198019801980223,1.9694499999999997,1.8772231600888223,1.9521499999999998,0.025142857142857133,False,RSI_NOT_BELOW_30|CLOSE_NOT_NEAR_OR_BELOW_LOWER_BB|CLOSE_NOT_ABOVE_MA200
2026-07-17T13:56:59.935280+00:00,MR_DEEP_VALUE_V1,NEAR,NEARUSDT,strategy-lab-v1.0.0:MR_DEEP_VALUE_V1,1784293200000,2026-07-17T13:00:00+00:00,1.905,1.925,1.894,1.924,40.3061224489796,1.9633000000000003,1.8763239113318952,1.952125,0.02499999999999999,False,RSI_NOT_BELOW_30|CLOSE_NOT_NEAR_OR_BELOW_LOWER_BB|CLOSE_NOT_ABOVE_MA200
2026-07-17T13:56:59.935280+00:00,MR_DEEP_VALUE_V1,BNB,BNBUSDT,strategy-lab-v1.0.0:MR_DEEP_VALUE_V1,1784289600000,2026-07-17T12:00:00+00:00,564.45,564.45,560.48,560.48,22.852233676976084,569.9185,560.5329275081382,574.5997,2.74857142857143,False,CLOSE_NOT_ABOVE_MA200
2026-07-17T13:56:59.935280+00:00,MR_DEEP_VALUE_V1,BNB,BNBUSDT,strategy-lab-v1.0.0:MR_DEEP_VALUE_V1,1784293200000,2026-07-17T13:00:00+00:00,560.4,560.46,555.1,558.6,22.00165425971892,569.107,558.7991406684027,574.5271,2.968571428571425,False,CLOSE_NOT_ABOVE_MA200
2026-07-17T13:56:59.935280+00:00,MR_DEEP_VALUE_V1,PAXG,PAXGUSDT,strategy-lab-v1.0.0:MR_DEEP_VALUE_V1,1784289600000,2026-07-17T12:00:00+00:00,3990.44,3990.44,3959.3,3959.3,42.343352012226354,3981.5095,3964.8275882691623,4058.3996500000003,12.942142857142894,False,RSI_NOT_BELOW_30|CLOSE_NOT_ABOVE_MA200
2026-07-17T13:56:59.935280+00:00,MR_DEEP_VALUE_V1,PAXG,PAXGUSDT,strategy-lab-v1.0.0:MR_DEEP_VALUE_V1,1784293200000,2026-07-17T13:00:00+00:00,3961.72,3996.84,3957.26,3983.57,50.893786879555684,3981.5385,3964.844382143837,4057.9300000000007,15.17142857142861,False,RSI_NOT_BELOW_30|CLOSE_NOT_NEAR_OR_BELOW_LOWER_BB|CLOSE_NOT_ABOVE_MA200|TARGET_NOT_ABOVE_ENTRY
2026-07-17T15:13:13.149235+00:00,MR_DEEP_VALUE_V1,BTC,BTCUSDT,strategy-lab-v1.0.0:MR_DEEP_VALUE_V1,1784296800000,2026-07-17T14:00:00+00:00,63092.11,63459.93,63011.6,63112.0,33.377693747934856,63377.98150000001,62459.61854573244,63778.6222,353.85857142857066,False,RSI_NOT_BELOW_30|CLOSE_NOT_NEAR_OR_BELOW_LOWER_BB|CLOSE_NOT_ABOVE_MA200
2026-07-17T15:13:13.149235+00:00,MR_DEEP_VALUE_V1,BTC,BTCUSDT,strategy-lab-v1.0.0:MR_DEEP_VALUE_V1,1784300400000,2026-07-17T15:00:00+00:00,63112.95,63141.84,62869.09,62869.09,35.05945753136754,63310.558999999994,62452.63723286962,63778.231349999995,330.2407142857134,False,RSI_NOT_BELOW_30|CLOSE_NOT_NEAR_OR_BELOW_LOWER_BB|CLOSE_NOT_ABOVE_MA200
2026-07-17T15:13:13.149235+00:00,MR_DEEP_VALUE_V1,ETH,ETHUSDT,strategy-lab-v1.0.0:MR_DEEP_VALUE_V1,1784296800000,2026-07-17T14:00:00+00:00,1823.42,1832.09,1815.16,1820.48,25.997807017544005,1844.7855,1807.8185545081083,1821.42135,14.230714285714287,False,CLOSE_NOT_NEAR_OR_BELOW_LOWER_BB|CLOSE_NOT_ABOVE_MA200
2026-07-17T15:13:13.149235+00:00,MR_DEEP_VALUE_V1,ETH,ETHUSDT,strategy-lab-v1.0.0:MR_DEEP_VALUE_V1,1784300400000,2026-07-17T15:00:00+00:00,1820.53,1820.61,1811.64,1812.59,28.032631827855397,1841.7100000000003,1804.775431909923,1821.7258000000002,13.231428571428571,False,CLOSE_NOT_NEAR_OR_BELOW_LOWER_BB|CLOSE_NOT_ABOVE_MA200
2026-07-17T15:13:13.149235+00:00,MR_DEEP_VALUE_V1,SOL,SOLUSDT,strategy-lab-v1.0.0:MR_DEEP_VALUE_V1,1784296800000,2026-07-17T14:00:00+00:00,74.26,74.75,74.02,74.26,28.01418439716305,74.9205,73.89376780512112,76.92295,0.5642857142857126,False,CLOSE_NOT_NEAR_OR_BELOW_LOWER_BB|CLOSE_NOT_ABOVE_MA200
2026-07-17T15:13:13.149235+00:00,MR_DEEP_VALUE_V1,SOL,SOLUSDT,strategy-lab-v1.0.0:MR_DEEP_VALUE_V1,1784300400000,2026-07-17T15:00:00+00:00,74.24,74.26,73.89,73.95,29.588014981273247,74.8305,73.79486541193295,76.90195,0.5357142857142847,False,CLOSE_NOT_NEAR_OR_BELOW_LOWER_BB|CLOSE_NOT_ABOVE_MA200
2026-07-17T15:13:13.149235+00:00,MR_DEEP_VALUE_V1,XRP,XRPUSDT,strategy-lab-v1.0.0:MR_DEEP_VALUE_V1,1784296800000,2026-07-17T14:00:00+00:00,1.0795,1.0857,1.0794,1.0816,39.565217391304294,1.0868600000000002,1.075761099153523,1.0963494999999999,0.006700000000000039,False,RSI_NOT_BELOW_30|CLOSE_NOT_NEAR_OR_BELOW_LOWER_BB|CLOSE_NOT_ABOVE_MA200
2026-07-17T15:13:13.149235+00:00,MR_DEEP_VALUE_V1,XRP,XRPUSDT,strategy-lab-v1.0.0:MR_DEEP_VALUE_V1,1784300400000,2026-07-17T15:00:00+00:00,1.0817,1.0817,1.0759,1.077,39.22413793103447,1.085905,1.0748638995113735,1.0962505,0.0063928571428571845,False,RSI_NOT_BELOW_30|CLOSE_NOT_NEAR_OR_BELOW_LOWER_BB|CLOSE_NOT_ABOVE_MA200
2026-07-17T15:13:13.149235+00:00,MR_DEEP_VALUE_V1,DOGE,DOGEUSDT,strategy-lab-v1.0.0:MR_DEEP_VALUE_V1,1784296800000,2026-07-17T14:00:00+00:00,0.07185,0.07222,0.07168,0.07186,38.61111111111111,0.072134,0.07109172556397068,0.0733056,0.0005235714285714308,False,RSI_NOT_BELOW_30|CLOSE_NOT_NEAR_OR_BELOW_LOWER_BB|CLOSE_NOT_ABOVE_MA200
2026-07-17T15:13:13.149235+00:00,MR_DEEP_VALUE_V1,DOGE,DOGEUSDT,strategy-lab-v1.0.0:MR_DEEP_VALUE_V1,1784300400000,2026-07-17T15:00:00+00:00,0.07187,0.07187,0.07149,0.07165,43.034055727554296,0.072061,0.07110112709174585,0.07330015,0.000492857142857145,False,RSI_NOT_BELOW_30|CLOSE_NOT_NEAR_OR_BELOW_LOWER_BB|CLOSE_NOT_ABOVE_MA200
2026-07-17T15:13:13.149235+00:00,MR_DEEP_VALUE_V1,NEAR,NEARUSDT,strategy-lab-v1.0.0:MR_DEEP_VALUE_V1,1784296800000,2026-07-17T14:00:00+00:00,1.935,1.948,1.906,1.913,33.009708737864074,1.9582000000000002,1.8741271744259822,1.952105,0.02678571428571427,False,RSI_NOT_BELOW_30|CLOSE_NOT_NEAR_OR_BELOW_LOWER_BB|CLOSE_NOT_ABOVE_MA200
2026-07-17T15:13:13.149235+00:00,MR_DEEP_VALUE_V1,NEAR,NEARUSDT,strategy-lab-v1.0.0:MR_DEEP_VALUE_V1,1784300400000,2026-07-17T15:00:00+00:00,1.912,1.912,1.897,1.898,32.69230769230769,1.9518,1.869886386967738,1.9520149999999998,0.026214285714285697,False,RSI_NOT_BELOW_30|CLOSE_NOT_NEAR_OR_BELOW_LOWER_BB|CLOSE_NOT_ABOVE_MA200
2026-07-17T15:13:13.149235+00:00,MR_DEEP_VALUE_V1,BNB,BNBUSDT,strategy-lab-v1.0.0:MR_DEEP_VALUE_V1,1784296800000,2026-07-17T14:00:00+00:00,560.16,562.54,559.92,561.03,22.23719676549875,568.4514999999999,558.30853145031,574.4683,2.9371428571428573,False,CLOSE_NOT_NEAR_OR_BELOW_LOWER_BB|CLOSE_NOT_ABOVE_MA200
2026-07-17T15:13:13.149235+00:00,MR_DEEP_VALUE_V1,BNB,BNBUSDT,strategy-lab-v1.0.0:MR_DEEP_VALUE_V1,1784300400000,2026-07-17T15:00:00+00:00,561.09,561.09,559.15,559.75,23.283160865475168,567.6735,557.3684482776649,574.4057,2.82571428571429,False,CLOSE_NOT_NEAR_OR_BELOW_LOWER_BB|CLOSE_NOT_ABOVE_MA200
2026-07-17T15:13:13.149235+00:00,MR_DEEP_VALUE_V1,PAXG,PAXGUSDT,strategy-lab-v1.0.0:MR_DEEP_VALUE_V1,1784296800000,2026-07-17T14:00:00+00:00,3989.91,3997.85,3984.51,3992.59,53.32013528004625,3982.5980000000004,3964.971647456282,4057.4260999999997,15.372142857142892,False,RSI_NOT_BELOW_30|CLOSE_NOT_NEAR_OR_BELOW_LOWER_BB|CLOSE_NOT_ABOVE_MA200|TARGET_NOT_ABOVE_ENTRY
2026-07-17T15:13:13.149235+00:00,MR_DEEP_VALUE_V1,PAXG,PAXGUSDT,strategy-lab-v1.0.0:MR_DEEP_VALUE_V1,1784300400000,2026-07-17T15:00:00+00:00,3994.56,4007.0,3994.31,3999.69,57.56700369122134,3983.7484999999992,3964.85891421853,4056.9367500000003,15.438571428571452,False,RSI_NOT_BELOW_30|CLOSE_NOT_NEAR_OR_BELOW_LOWER_BB|CLOSE_NOT_ABOVE_MA200|TARGET_NOT_ABOVE_ENTRY
2026-07-17T16:35:48.140708+00:00,MR_DEEP_VALUE_V1,BTC,BTCUSDT,strategy-lab-v1.0.0:MR_DEEP_VALUE_V1,1784304000000,2026-07-17T16:00:00+00:00,63403.17,63522.84,63257.69,63350.0,48.10875151148726,63301.91449999999,62535.52696097087,63783.45185,354.19642857142753,False,RSI_NOT_BELOW_30|CLOSE_NOT_NEAR_OR_BELOW_LOWER_BB|CLOSE_NOT_ABOVE_MA200|TARGET_NOT_ABOVE_ENTRY
2026-07-17T16:35:48.140708+00:00,MR_DEEP_VALUE_V1,ETH,ETHUSDT,strategy-lab-v1.0.0:MR_DEEP_VALUE_V1,1784304000000,2026-07-17T16:00:00+00:00,1829.44,1835.71,1824.92,1831.8,41.30896226415098,1840.6380000000001,1807.7755773260606,1822.2037500000004,13.947857142857142,False,RSI_NOT_BELOW_30|CLOSE_NOT_NEAR_OR_BELOW_LOWER_BB
2026-07-17T16:35:48.140708+00:00,MR_DEEP_VALUE_V1,SOL,SOLUSDT,strategy-lab-v1.0.0:MR_DEEP_VALUE_V1,1784304000000,2026-07-17T16:00:00+00:00,74.73,74.9,74.55,74.74,46.52014652014627,74.82,73.94656997990626,76.88924999999999,0.5642857142857137,False,RSI_NOT_BELOW_30|CLOSE_NOT_NEAR_OR_BELOW_LOWER_BB|CLOSE_NOT_ABOVE_MA200
2026-07-17T16:35:48.140708+00:00,MR_DEEP_VALUE_V1,XRP,XRPUSDT,strategy-lab-v1.0.0:MR_DEEP_VALUE_V1,1784304000000,2026-07-17T16:00:00+00:00,1.0822,1.0848,1.0801,1.0839,45.99542334096131,1.0855299999999999,1.0763102169222898,1.096224,0.00660714285714289,False,RSI_NOT_BELOW_30|CLOSE_NOT_NEAR_OR_BELOW_LOWER_BB|CLOSE_NOT_ABOVE_MA200
2026-07-17T16:35:48.140708+00:00,MR_DEEP_VALUE_V1,DOGE,DOGEUSDT,strategy-lab-v1.0.0:MR_DEEP_VALUE_V1,1784304000000,2026-07-17T16:00:00+00:00,0.07209,0.07233,0.07194,0.07225,52.66272189349111,0.0720445,0.07119976394654888,0.07329965000000001,0.0005078571428571442,False,RSI_NOT_BELOW_30|CLOSE_NOT_NEAR_OR_BELOW_LOWER_BB|CLOSE_NOT_ABOVE_MA200|TARGET_NOT_ABOVE_ENTRY
2026-07-17T16:35:48.140708+00:00,MR_DEEP_VALUE_V1,NEAR,NEARUSDT,strategy-lab-v1.0.0:MR_DEEP_VALUE_V1,1784304000000,2026-07-17T16:00:00+00:00,1.918,1.922,1.91,1.92,37.68844221105524,1.9475000000000002,1.8744014364026262,1.95214,0.026714285714285708,False,RSI_NOT_BELOW_30|CLOSE_NOT_NEAR_OR_BELOW_LOWER_BB|CLOSE_NOT_ABOVE_MA200
2026-07-17T16:35:48.140708+00:00,MR_DEEP_VALUE_V1,BNB,BNBUSDT,strategy-lab-v1.0.0:MR_DEEP_VALUE_V1,1784304000000,2026-07-17T16:00:00+00:00,562.64,564.54,561.84,562.8,31.490159325210783,567.234,557.5663127895033,574.37515,3.0042857142857105,False,RSI_NOT_BELOW_30|CLOSE_NOT_NEAR_OR_BELOW_LOWER_BB|CLOSE_NOT_ABOVE_MA200
2026-07-17T16:35:48.140708+00:00,MR_DEEP_VALUE_V1,PAXG,PAXGUSDT,strategy-lab-v1.0.0:MR_DEEP_VALUE_V1,1784304000000,2026-07-17T16:00:00+00:00,4011.02,4014.92,4004.31,4008.97,62.645326891136946,3986.1160000000004,3962.9891831849886,4056.54005,15.67285714285718,False,RSI_NOT_BELOW_30|CLOSE_NOT_NEAR_OR_BELOW_LOWER_BB|CLOSE_NOT_ABOVE_MA200|TARGET_NOT_ABOVE_ENTRY
2026-07-17T17:43:01.385359+00:00,MR_DEEP_VALUE_V1,BTC,BTCUSDT,strategy-lab-v1.0.0:MR_DEEP_VALUE_V1,1784307600000,2026-07-17T17:00:00+00:00,63550.11,64105.59,63550.11,63995.37,59.44951068047034,63306.0365,62555.21488530639,63789.9489,387.22071428571354,False,RSI_NOT_BELOW_30|CLOSE_NOT_NEAR_OR_BELOW_LOWER_BB|TARGET_NOT_ABOVE_ENTRY
2026-07-17T17:43:01.385359+00:00,MR_DEEP_VALUE_V1,ETH,ETHUSDT,strategy-lab-v1.0.0:MR_DEEP_VALUE_V1,1784307600000,2026-07-17T17:00:00+00:00,1834.91,1855.26,1834.91,1843.92,46.22366288492708,1839.131,1810.8812970634972,1822.6662,14.774999999999993,False,RSI_NOT_BELOW_30|CLOSE_NOT_NEAR_OR_BELOW_LOWER_BB|TARGET_NOT_ABOVE_ENTRY
2026-07-17T17:43:01.385359+00:00,MR_DEEP_VALUE_V1,SOL,SOLUSDT,strategy-lab-v1.0.0:MR_DEEP_VALUE_V1,1784307600000,2026-07-17T17:00:00+00:00,74.91,75.55,74.91,75.2,50.675675675675784,74.793,74.04495989412271,76.87565,0.5885714285714282,False,RSI_NOT_BELOW_30|CLOSE_NOT_NEAR_OR_BELOW_LOWER_BB|CLOSE_NOT_ABOVE_MA200|TARGET_NOT_ABOVE_ENTRY
2026-07-17T17:43:01.385359+00:00,MR_DEEP_VALUE_V1,XRP,XRPUSDT,strategy-lab-v1.0.0:MR_DEEP_VALUE_V1,1784307600000,2026-07-17T17:00:00+00:00,1.0858,1.095,1.0858,1.0913,49.787234042553216,1.085325,1.0773417988876668,1.096222,0.0070857142857142985,False,RSI_NOT_BELOW_30|CLOSE_NOT_NEAR_OR_BELOW_LOWER_BB|CLOSE_NOT_ABOVE_MA200|TARGET_NOT_ABOVE_ENTRY
2026-07-17T17:43:01.385359+00:00,MR_DEEP_VALUE_V1,DOGE,DOGEUSDT,strategy-lab-v1.0.0:MR_DEEP_VALUE_V1,1784307600000,2026-07-17T17:00:00+00:00,0.07234,0.07293,0.07234,0.07253,52.80235988200583,0.0720205,0.07128046013620873,0.07329915,0.0005235714285714288,False,RSI_NOT_BELOW_30|CLOSE_NOT_NEAR_OR_BELOW_LOWER_BB|CLOSE_NOT_ABOVE_MA200|TARGET_NOT_ABOVE_ENTRY
2026-07-17T17:43:01.385359+00:00,MR_DEEP_VALUE_V1,NEAR,NEARUSDT,strategy-lab-v1.0.0:MR_DEEP_VALUE_V1,1784307600000,2026-07-17T17:00:00+00:00,1.924,1.94,1.923,1.923,32.795698924731155,1.94205,1.8809158033503408,1.9521950000000001,0.026000000000000006,False,RSI_NOT_BELOW_30|CLOSE_NOT_NEAR_OR_BELOW_LOWER_BB|CLOSE_NOT_ABOVE_MA200
2026-07-17T17:43:01.385359+00:00,MR_DEEP_VALUE_V1,BNB,BNBUSDT,strategy-lab-v1.0.0:MR_DEEP_VALUE_V1,1784307600000,2026-07-17T17:00:00+00:00,564.0,567.28,564.0,565.43,35.5947136563876,566.759,558.0645767298801,574.3456,3.048571428571425,False,RSI_NOT_BELOW_30|CLOSE_NOT_NEAR_OR_BELOW_LOWER_BB|CLOSE_NOT_ABOVE_MA200
2026-07-17T17:43:01.385359+00:00,MR_DEEP_VALUE_V1,PAXG,PAXGUSDT,strategy-lab-v1.0.0:MR_DEEP_VALUE_V1,1784307600000,2026-07-17T17:00:00+00:00,4009.37,4011.57,4002.93,4002.93,56.41730120103615,3987.5910000000003,3964.1282133795844,4056.0572500000003,14.322142857142905,False,RSI_NOT_BELOW_30|CLOSE_NOT_NEAR_OR_BELOW_LOWER_BB|CLOSE_NOT_ABOVE_MA200|TARGET_NOT_ABOVE_ENTRY
2026-07-17T18:41:36.387548+00:00,MR_DEEP_VALUE_V1,BTC,BTCUSDT,strategy-lab-v1.0.0:MR_DEEP_VALUE_V1,1784311200000,2026-07-17T18:00:00+00:00,64008.72,64097.99,63850.0,63989.77,61.19895639799181,63310.458,62544.39081441892,63796.362649999995,392.46642857142797,False,RSI_NOT_BELOW_30|CLOSE_NOT_NEAR_OR_BELOW_LOWER_BB|TARGET_NOT_ABOVE_ENTRY
2026-07-17T18:41:36.387548+00:00,MR_DEEP_VALUE_V1,ETH,ETHUSDT,strategy-lab-v1.0.0:MR_DEEP_VALUE_V1,1784311200000,2026-07-17T18:00:00+00:00,1842.38,1843.21,1833.87,1837.49,44.14626323104886,1837.5520000000001,1812.5653638918843,1823.1226000000001,14.789999999999996,False,RSI_NOT_BELOW_30|CLOSE_NOT_NEAR_OR_BELOW_LOWER_BB
2026-07-17T18:41:36.387548+00:00,MR_DEEP_VALUE_V1,SOL,SOLUSDT,strategy-lab-v1.0.0:MR_DEEP_VALUE_V1,1784311200000,2026-07-17T18:00:00+00:00,75.19,75.26,74.94,74.97,47.003154574132516,74.77799999999999,74.05709501319461,76.8623,0.5642857142857147,False,RSI_NOT_BELOW_30|CLOSE_NOT_NEAR_OR_BELOW_LOWER_BB|CLOSE_NOT_ABOVE_MA200|TARGET_NOT_ABOVE_ENTRY
2026-07-17T18:41:36.387548+00:00,MR_DEEP_VALUE_V1,XRP,XRPUSDT,strategy-lab-v1.0.0:MR_DEEP_VALUE_V1,1784311200000,2026-07-17T18:00:00+00:00,1.091,1.0927,1.0877,1.0878,48.312236286920026,1.0852049999999998,1.0774638179197251,1.096202,0.007071428571428585,False,RSI_NOT_BELOW_30|CLOSE_NOT_NEAR_OR_BELOW_LOWER_BB|CLOSE_NOT_ABOVE_MA200|TARGET_NOT_ABOVE_ENTRY
2026-07-17T18:41:36.387548+00:00,MR_DEEP_VALUE_V1,DOGE,DOGEUSDT,strategy-lab-v1.0.0:MR_DEEP_VALUE_V1,1784311200000,2026-07-17T18:00:00+00:00,0.07253,0.07262,0.07232,0.0725,54.74006116207936,0.07201250000000001,0.07129724130554033,0.0733,0.0005135714285714297,False,RSI_NOT_BELOW_30|CLOSE_NOT_NEAR_OR_BELOW_LOWER_BB|CLOSE_NOT_ABOVE_MA200|TARGET_NOT_ABOVE_ENTRY
2026-07-17T18:41:36.387548+00:00,MR_DEEP_VALUE_V1,NEAR,NEARUSDT,strategy-lab-v1.0.0:MR_DEEP_VALUE_V1,1784311200000,2026-07-17T18:00:00+00:00,1.921,1.927,1.913,1.921,31.182795698924735,1.9386500000000002,1.880185395323332,1.952285,0.026071428571428586,False,RSI_NOT_BELOW_30|CLOSE_NOT_NEAR_OR_BELOW_LOWER_BB|CLOSE_NOT_ABOVE_MA200
2026-07-17T18:41:36.387548+00:00,MR_DEEP_VALUE_V1,BNB,BNBUSDT,strategy-lab-v1.0.0:MR_DEEP_VALUE_V1,1784311200000,2026-07-17T18:00:00+00:00,565.68,566.76,565.52,566.32,39.256017505470645,566.4395,558.2574208632522,574.33125,2.9864285714285677,False,RSI_NOT_BELOW_30|CLOSE_NOT_NEAR_OR_BELOW_LOWER_BB|CLOSE_NOT_ABOVE_MA200
2026-07-17T18:41:36.387548+00:00,MR_DEEP_VALUE_V1,PAXG,PAXGUSDT,strategy-lab-v1.0.0:MR_DEEP_VALUE_V1,1784311200000,2026-07-17T18:00:00+00:00,4002.29,4008.0,4001.48,4005.04,61.680092059838934,3989.0735,3965.3847935981044,4055.6277999999998,14.224285714285738,False,RSI_NOT_BELOW_30|CLOSE_NOT_NEAR_OR_BELOW_LOWER_BB|CLOSE_NOT_ABOVE_MA200|TARGET_NOT_ABOVE_ENTRY
2026-07-17T19:47:35.274538+00:00,MR_DEEP_VALUE_V1,BTC,BTCUSDT,strategy-lab-v1.0.0:MR_DEEP_VALUE_V1,1784314800000,2026-07-17T19:00:00+00:00,64225.32,64226.43,63938.88,64128.43,80.87610465169654,63340.12849999999,62474.14951599917,63804.5879,382.75999999999993,False,RSI_NOT_BELOW_30|CLOSE_NOT_NEAR_OR_BELOW_LOWER_BB|TARGET_NOT_ABOVE_ENTRY
2026-07-17T19:47:35.274538+00:00,MR_DEEP_VALUE_V1,ETH,ETHUSDT,strategy-lab-v1.0.0:MR_DEEP_VALUE_V1,1784314800000,2026-07-17T19:00:00+00:00,1845.85,1846.2,1834.78,1843.85,65.89272593681099,1837.0104999999999,1814.338024638906,1823.6716499999998,13.967142857142855,False,RSI_NOT_BELOW_30|CLOSE_NOT_NEAR_OR_BELOW_LOWER_BB|TARGET_NOT_ABOVE_ENTRY
2026-07-17T19:47:35.274538+00:00,MR_DEEP_VALUE_V1,SOL,SOLUSDT,strategy-lab-v1.0.0:MR_DEEP_VALUE_V1,1784314800000,2026-07-17T19:00:00+00:00,75.26,75.31,74.81,75.14,67.38197424892721,74.787,74.05204149776951,76.8518,0.5407142857142853,False,RSI_NOT_BELOW_30|CLOSE_NOT_NEAR_OR_BELOW_LOWER_BB|CLOSE_NOT_ABOVE_MA200|TARGET_NOT_ABOVE_ENTRY
2026-07-17T19:47:35.274538+00:00,MR_DEEP_VALUE_V1,XRP,XRPUSDT,strategy-lab-v1.0.0:MR_DEEP_VALUE_V1,1784314800000,2026-07-17T19:00:00+00:00,1.0914,1.0919,1.0849,1.0906,65.19337016574602,1.085605,1.0771524323427668,1.0962105000000002,0.006885714285714305,False,RSI_NOT_BELOW_30|CLOSE_NOT_NEAR_OR_BELOW_LOWER_BB|CLOSE_NOT_ABOVE_MA200|TARGET_NOT_ABOVE_ENTRY
2026-07-17T19:47:35.274538+00:00,MR_DEEP_VALUE_V1,DOGE,DOGEUSDT,strategy-lab-v1.0.0:MR_DEEP_VALUE_V1,1784314800000,2026-07-17T19:00:00+00:00,0.07273,0.07273,0.07233,0.07259,70.17543859649116,0.0720375,0.07125394719386619,0.0733021,0.0004964285714285723,False,RSI_NOT_BELOW_30|CLOSE_NOT_NEAR_OR_BELOW_LOWER_BB|CLOSE_NOT_ABOVE_MA200|TARGET_NOT_ABOVE_ENTRY
2026-07-17T19:47:35.274538+00:00,MR_DEEP_VALUE_V1,NEAR,NEARUSDT,strategy-lab-v1.0.0:MR_DEEP_VALUE_V1,1784314800000,2026-07-17T19:00:00+00:00,1.925,1.93,1.912,1.926,38.88888888888888,1.93705,1.879554000139147,1.95244,0.025428571428571436,False,RSI_NOT_BELOW_30|CLOSE_NOT_NEAR_OR_BELOW_LOWER_BB|CLOSE_NOT_ABOVE_MA200
2026-07-17T19:47:35.274538+00:00,MR_DEEP_VALUE_V1,BNB,BNBUSDT,strategy-lab-v1.0.0:MR_DEEP_VALUE_V1,1784314800000,2026-07-17T19:00:00+00:00,566.8,567.37,565.3,567.37,50.478589420655055,566.225,558.4494267092385,574.3245,2.867857142857141,False,RSI_NOT_BELOW_30|CLOSE_NOT_NEAR_OR_BELOW_LOWER_BB|CLOSE_NOT_ABOVE_MA200|TARGET_NOT_ABOVE_ENTRY
2026-07-17T19:47:35.274538+00:00,MR_DEEP_VALUE_V1,PAXG,PAXGUSDT,strategy-lab-v1.0.0:MR_DEEP_VALUE_V1,1784314800000,2026-07-17T19:00:00+00:00,4000.6,4002.83,3996.07,4002.83,59.31227090242632,3990.0150000000003,3966.153871359568,4055.13085,13.99071428571431,False,RSI_NOT_BELOW_30|CLOSE_NOT_NEAR_OR_BELOW_LOWER_BB|CLOSE_NOT_ABOVE_MA200|TARGET_NOT_ABOVE_ENTRY
2026-07-17T20:38:14.742795+00:00,MR_DEEP_VALUE_V1,BTC,BTCUSDT,strategy-lab-v1.0.0:MR_DEEP_VALUE_V1,1784318400000,2026-07-17T20:00:00+00:00,64116.72,64117.66,63944.31,63978.35,74.4788805949991,63346.4625,62464.87104362404,63811.6381,373.9550000000007,False,RSI_NOT_BELOW_30|CLOSE_NOT_NEAR_OR_BELOW_LOWER_BB|TARGET_NOT_ABOVE_ENTRY
2026-07-17T20:38:14.742795+00:00,MR_DEEP_VALUE_V1,ETH,ETHUSDT,strategy-lab-v1.0.0:MR_DEEP_VALUE_V1,1784318400000,2026-07-17T20:00:00+00:00,1842.38,1842.74,1836.12,1839.44,56.86397001405586,1835.7075,1816.8173312606602,1824.1615999999997,13.33785714285716,False,RSI_NOT_BELOW_30|CLOSE_NOT_NEAR_OR_BELOW_LOWER_BB|TARGET_NOT_ABOVE_ENTRY
2026-07-17T20:38:14.742795+00:00,MR_DEEP_VALUE_V1,SOL,SOLUSDT,strategy-lab-v1.0.0:MR_DEEP_VALUE_V1,1784318400000,2026-07-17T20:00:00+00:00,75.14,75.14,74.89,74.95,59.05172413793115,74.7595,74.09558810825463,76.8387,0.5271428571428558,False,RSI_NOT_BELOW_30|CLOSE_NOT_NEAR_OR_BELOW_LOWER_BB|CLOSE_NOT_ABOVE_MA200|TARGET_NOT_ABOVE_ENTRY
2026-07-17T20:38:14.742795+00:00,MR_DEEP_VALUE_V1,XRP,XRPUSDT,strategy-lab-v1.0.0:MR_DEEP_VALUE_V1,1784318400000,2026-07-17T20:00:00+00:00,1.0906,1.0907,1.0866,1.0877,52.16049382716026,1.0854300000000001,1.0773096305502703,1.0961830000000001,0.006642857142857157,False,RSI_NOT_BELOW_30|CLOSE_NOT_NEAR_OR_BELOW_LOWER_BB|CLOSE_NOT_ABOVE_MA200|TARGET_NOT_ABOVE_ENTRY
2026-07-17T20:38:14.742795+00:00,MR_DEEP_VALUE_V1,DOGE,DOGEUSDT,strategy-lab-v1.0.0:MR_DEEP_VALUE_V1,1784318400000,2026-07-17T20:00:00+00:00,0.07259,0.07259,0.07235,0.07237,60.94890510948908,0.0720225,0.07127762752769339,0.07330285,0.000471428571428572,False,RSI_NOT_BELOW_30|CLOSE_NOT_NEAR_OR_BELOW_LOWER_BB|CLOSE_NOT_ABOVE_MA200|TARGET_NOT_ABOVE_ENTRY
2026-07-17T20:38:14.742795+00:00,MR_DEEP_VALUE_V1,NEAR,NEARUSDT,strategy-lab-v1.0.0:MR_DEEP_VALUE_V1,1784318400000,2026-07-17T20:00:00+00:00,1.922,1.925,1.916,1.92,42.465753424657535,1.9337500000000003,1.8797763953399524,1.9524549999999998,0.024285714285714306,False,RSI_NOT_BELOW_30|CLOSE_NOT_NEAR_OR_BELOW_LOWER_BB|CLOSE_NOT_ABOVE_MA200
2026-07-17T20:38:14.742795+00:00,MR_DEEP_VALUE_V1,BNB,BNBUSDT,strategy-lab-v1.0.0:MR_DEEP_VALUE_V1,1784318400000,2026-07-17T20:00:00+00:00,567.44,567.5,566.8,567.33,44.29123000551593,565.9335,558.8474340251431,574.3168000000001,2.769285714285713,False,RSI_NOT_BELOW_30|CLOSE_NOT_NEAR_OR_BELOW_LOWER_BB|CLOSE_NOT_ABOVE_MA200|TARGET_NOT_ABOVE_ENTRY
2026-07-17T20:38:14.742795+00:00,MR_DEEP_VALUE_V1,PAXG,PAXGUSDT,strategy-lab-v1.0.0:MR_DEEP_VALUE_V1,1784318400000,2026-07-17T20:00:00+00:00,4005.27,4005.83,4000.97,4000.97,52.38222698072792,3991.0809999999997,3966.328952084821,4054.6448499999997,13.515000000000002,False,RSI_NOT_BELOW_30|CLOSE_NOT_NEAR_OR_BELOW_LOWER_BB|CLOSE_NOT_ABOVE_MA200|TARGET_NOT_ABOVE_ENTRY
2026-07-17T21:29:58.054926+00:00,MR_DEEP_VALUE_V1,BTC,BTCUSDT,strategy-lab-v1.0.0:MR_DEEP_VALUE_V1,1784322000000,2026-07-17T21:00:00+00:00,64077.45,64186.05,64077.45,64164.47,83.35750769510635,63385.19099999999,62421.87383632228,63818.11515,373.6700000000014,False,RSI_NOT_BELOW_30|CLOSE_NOT_NEAR_OR_BELOW_LOWER_BB|TARGET_NOT_ABOVE_ENTRY
2026-07-17T21:29:58.054926+00:00,MR_DEEP_VALUE_V1,ETH,ETHUSDT,strategy-lab-v1.0.0:MR_DEEP_VALUE_V1,1784322000000,2026-07-17T21:00:00+00:00,1841.58,1845.66,1841.57,1844.81,65.08407517309588,1835.5754999999997,1817.180027214572,1824.67175,13.297857142857165,False,RSI_NOT_BELOW_30|CLOSE_NOT_NEAR_OR_BELOW_LOWER_BB|TARGET_NOT_ABOVE_ENTRY
2026-07-17T21:29:58.054926+00:00,MR_DEEP_VALUE_V1,SOL,SOLUSDT,strategy-lab-v1.0.0:MR_DEEP_VALUE_V1,1784322000000,2026-07-17T21:00:00+00:00,75.05,75.19,75.04,75.06,61.53846153846168,74.7655,74.0927600799708,76.82375,0.5164285714285697,False,RSI_NOT_BELOW_30|CLOSE_NOT_NEAR_OR_BELOW_LOWER_BB|CLOSE_NOT_ABOVE_MA200|TARGET_NOT_ABOVE_ENTRY
2026-07-17T21:29:58.054926+00:00,MR_DEEP_VALUE_V1,XRP,XRPUSDT,strategy-lab-v1.0.0:MR_DEEP_VALUE_V1,1784322000000,2026-07-17T21:00:00+00:00,1.0879,1.0913,1.0875,1.0906,62.22222222222243,1.08562,1.0772034448852215,1.096146,0.006607142857142859,False,RSI_NOT_BELOW_30|CLOSE_NOT_NEAR_OR_BELOW_LOWER_BB|CLOSE_NOT_ABOVE_MA200|TARGET_NOT_ABOVE_ENTRY
2026-07-17T21:29:58.054926+00:00,MR_DEEP_VALUE_V1,DOGE,DOGEUSDT,strategy-lab-v1.0.0:MR_DEEP_VALUE_V1,1784322000000,2026-07-17T21:00:00+00:00,0.07267,0.07286,0.07267,0.07277,72.44094488188968,0.07207050000000001,0.07122592969505188,0.0733053,0.0004764285714285711,False,RSI_NOT_BELOW_30|CLOSE_NOT_NEAR_OR_BELOW_LOWER_BB|CLOSE_NOT_ABOVE_MA200|TARGET_NOT_ABOVE_ENTRY
2026-07-17T21:29:58.054926+00:00,MR_DEEP_VALUE_V1,NEAR,NEARUSDT,strategy-lab-v1.0.0:MR_DEEP_VALUE_V1,1784322000000,2026-07-17T21:00:00+00:00,1.921,1.936,1.921,1.93,47.05882352941173,1.9317500000000003,1.880396811199313,1.9524199999999998,0.024357142857142886,False,RSI_NOT_BELOW_30|CLOSE_NOT_NEAR_OR_BELOW_LOWER_BB|CLOSE_NOT_ABOVE_MA200
2026-07-17T21:29:58.054926+00:00,MR_DEEP_VALUE_V1,BNB,BNBUSDT,strategy-lab-v1.0.0:MR_DEEP_VALUE_V1,1784322000000,2026-07-17T21:00:00+00:00,567.91,568.46,567.88,568.46,60.39402173913053,565.8285000000001,559.0128290132284,574.3084,2.5328571428571456,False,RSI_NOT_BELOW_30|CLOSE_NOT_NEAR_OR_BELOW_LOWER_BB|CLOSE_NOT_ABOVE_MA200|TARGET_NOT_ABOVE_ENTRY
2026-07-17T21:29:58.054926+00:00,MR_DEEP_VALUE_V1,PAXG,PAXGUSDT,strategy-lab-v1.0.0:MR_DEEP_VALUE_V1,1784322000000,2026-07-17T21:00:00+00:00,4007.17,4007.93,4004.83,4005.46,56.41799490710186,3992.7055,3966.9006683011817,4054.1372,13.413571428571426,False,RSI_NOT_BELOW_30|CLOSE_NOT_NEAR_OR_BELOW_LOWER_BB|CLOSE_NOT_ABOVE_MA200|TARGET_NOT_ABOVE_ENTRY
2026-07-17T22:25:40.895155+00:00,MR_DEEP_VALUE_V1,BTC,BTCUSDT,strategy-lab-v1.0.0:MR_DEEP_VALUE_V1,1784325600000,2026-07-17T22:00:00+00:00,64067.59,64109.17,63951.04,63972.0,77.92076795633976,63407.44300000001,62424.5168405536,63822.713650000005,368.00214285714384,False,RSI_NOT_BELOW_30|CLOSE_NOT_NEAR_OR_BELOW_LOWER_BB|TARGET_NOT_ABOVE_ENTRY
2026-07-17T22:25:40.895155+00:00,MR_DEEP_VALUE_V1,ETH,ETHUSDT,strategy-lab-v1.0.0:MR_DEEP_VALUE_V1,1784325600000,2026-07-17T22:00:00+00:00,1840.47,1842.83,1837.94,1839.52,59.75924333619939,1835.006,1817.5749548219067,1825.14,12.973571428571436,False,RSI_NOT_BELOW_30|CLOSE_NOT_NEAR_OR_BELOW_LOWER_BB|TARGET_NOT_ABOVE_ENTRY
2026-07-17T22:25:40.895155+00:00,MR_DEEP_VALUE_V1,SOL,SOLUSDT,strategy-lab-v1.0.0:MR_DEEP_VALUE_V1,1784325600000,2026-07-17T22:00:00+00:00,74.97,75.08,74.8,74.87,59.21052631578956,74.758,74.09456650672365,76.8086,0.509285714285714,False,RSI_NOT_BELOW_30|CLOSE_NOT_NEAR_OR_BELOW_LOWER_BB|CLOSE_NOT_ABOVE_MA200|TARGET_NOT_ABOVE_ENTRY
2026-07-17T22:25:40.895155+00:00,MR_DEEP_VALUE_V1,XRP,XRPUSDT,strategy-lab-v1.0.0:MR_DEEP_VALUE_V1,1784325600000,2026-07-17T22:00:00+00:00,1.088,1.0885,1.0863,1.0877,56.89045936395729,1.085505,1.0773080554473051,1.0961070000000002,0.006271428571428579,False,RSI_NOT_BELOW_30|CLOSE_NOT_NEAR_OR_BELOW_LOWER_BB|CLOSE_NOT_ABOVE_MA200|TARGET_NOT_ABOVE_ENTRY
2026-07-17T22:25:40.895155+00:00,MR_DEEP_VALUE_V1,DOGE,DOGEUSDT,strategy-lab-v1.0.0:MR_DEEP_VALUE_V1,1784325600000,2026-07-17T22:00:00+00:00,0.07262,0.07267,0.07238,0.0724,70.3252032520324,0.072079,0.07124528781944837,0.0733033,0.00045857142857142825,False,RSI_NOT_BELOW_30|CLOSE_NOT_NEAR_OR_BELOW_LOWER_BB|CLOSE_NOT_ABOVE_MA200|TARGET_NOT_ABOVE_ENTRY
2026-07-17T22:25:40.895155+00:00,MR_DEEP_VALUE_V1,NEAR,NEARUSDT,strategy-lab-v1.0.0:MR_DEEP_VALUE_V1,1784325600000,2026-07-17T22:00:00+00:00,1.918,1.921,1.913,1.919,60.57692307692306,1.92865,1.8797530675808896,1.952335,0.020928571428571456,False,RSI_NOT_BELOW_30|CLOSE_NOT_NEAR_OR_BELOW_LOWER_BB|CLOSE_NOT_ABOVE_MA200
2026-07-17T22:25:40.895155+00:00,MR_DEEP_VALUE_V1,BNB,BNBUSDT,strategy-lab-v1.0.0:MR_DEEP_VALUE_V1,1784325600000,2026-07-17T22:00:00+00:00,568.32,568.36,567.06,567.29,62.073966642494135,565.6415,559.1863616591116,574.2848,2.4328571428571473,False,RSI_NOT_BELOW_30|CLOSE_NOT_NEAR_OR_BELOW_LOWER_BB|CLOSE_NOT_ABOVE_MA200|TARGET_NOT_ABOVE_ENTRY
2026-07-17T22:25:40.895155+00:00,MR_DEEP_VALUE_V1,PAXG,PAXGUSDT,strategy-lab-v1.0.0:MR_DEEP_VALUE_V1,1784325600000,2026-07-17T22:00:00+00:00,4003.16,4004.86,4003.16,4003.21,55.481357818586645,3994.0555,3969.204143115429,4053.5572,13.017857142857142,False,RSI_NOT_BELOW_30|CLOSE_NOT_NEAR_OR_BELOW_LOWER_BB|CLOSE_NOT_ABOVE_MA200|TARGET_NOT_ABOVE_ENTRY
