timestamp,candidate_id,asset,symbol,strategy_version,candle_close_time,candle_time,open,high,low,close,rsi,ma20,bb_lower,ma200,atr,atr_pct,rsi_prev,planned_reward_r,passed,rejection_reasons
2026-07-19T14:03:00.488269+00:00,HYP_OIL_MR_V1,OIL_FUT,CL=F,strategy-lab-v1.0.0:HYP_OIL_MR_V1,1784095200000,2026-07-15T06:00:00+00:00,79.72000122070312,80.02999877929688,79.48999786376953,79.9800033569336,57.8125074505877,79.82050018310547,78.7836884242429,72.61124961853028,0.6178561619349888,0.007725132983273699,62.39562723542075,1.250000000000009,False,RSI_NOT_BELOW_38|CLOSE_NOT_NEAR_OR_BELOW_LOWER_BB|RSI_RECOVERY_NOT_CONFIRMED
2026-07-19T14:03:00.488269+00:00,HYP_OIL_MR_V1,OIL_FUT,CL=F,strategy-lab-v1.0.0:HYP_OIL_MR_V1,1784098800000,2026-07-15T07:00:00+00:00,79.98999786376953,80.62999725341797,79.98999786376953,80.5199966430664,69.07522926878747,79.80050010681153,78.83641582292601,72.67339962005616,0.6042845589773995,0.0075047762564634255,57.8125074505877,1.2500000000000047,False,RSI_NOT_BELOW_38|CLOSE_NOT_NEAR_OR_BELOW_LOWER_BB
2026-07-19T14:03:00.488269+00:00,HYP_OIL_MR_V1,OIL_FUT,CL=F,strategy-lab-v1.0.0:HYP_OIL_MR_V1,1784102400000,2026-07-15T08:00:00+00:00,80.55000305175781,80.93000030517578,79.33999633789062,79.4000015258789,58.15085835635154,79.7935001373291,78.81996515332602,72.73029964447022,0.657142094203404,0.008276348634442042,69.07522926878747,1.2499999999999958,False,RSI_NOT_BELOW_38|CLOSE_NOT_NEAR_OR_BELOW_LOWER_BB|RSI_RECOVERY_NOT_CONFIRMED
2026-07-19T14:03:00.488269+00:00,HYP_OIL_MR_V1,OIL_FUT,CL=F,strategy-lab-v1.0.0:HYP_OIL_MR_V1,1784106000000,2026-07-15T09:00:00+00:00,79.4000015258789,80.16999816894531,79.30000305175781,80.12999725341797,56.34519830681109,79.76450004577637,78.87059941279652,72.79099964141845,0.6385705130440849,0.007969181766280998,58.15085835635154,1.2499999999999956,False,RSI_NOT_BELOW_38|CLOSE_NOT_NEAR_OR_BELOW_LOWER_BB|RSI_RECOVERY_NOT_CONFIRMED
2026-07-19T14:03:00.488269+00:00,HYP_OIL_MR_V1,OIL_FUT,CL=F,strategy-lab-v1.0.0:HYP_OIL_MR_V1,1784109600000,2026-07-15T10:00:00+00:00,80.12999725341797,80.33999633789062,79.8499984741211,79.87000274658203,52.05819055096291,79.76150016784668,78.86944050539432,72.85084964752197,0.6399988446916852,0.008013006418972152,56.34519830681109,1.2499999999999956,False,RSI_NOT_BELOW_38|CLOSE_NOT_NEAR_OR_BELOW_LOWER_BB|RSI_RECOVERY_NOT_CONFIRMED
2026-07-19T14:03:00.488269+00:00,HYP_OIL_MR_V1,OIL_FUT,CL=F,strategy-lab-v1.0.0:HYP_OIL_MR_V1,1784113200000,2026-07-15T11:00:00+00:00,79.87000274658203,80.08999633789062,79.36000061035156,79.55999755859375,46.86768699174039,79.79750022888183,79.00448495640664,72.90964962005616,0.6485699244907924,0.008151960085382588,52.05819055096291,1.2500000000000087,False,RSI_NOT_BELOW_38|CLOSE_NOT_NEAR_OR_BELOW_LOWER_BB|RSI_RECOVERY_NOT_CONFIRMED
2026-07-19T14:03:00.488269+00:00,HYP_OIL_MR_V1,OIL_FUT,CL=F,strategy-lab-v1.0.0:HYP_OIL_MR_V1,1784116800000,2026-07-15T12:00:00+00:00,79.55999755859375,79.94000244140625,79.54000091552734,79.77999877929688,48.65467285003396,79.8125,79.03283747220183,72.96999961853027,0.6307127816336495,0.007905650429733038,46.86768699174039,1.2500000000000044,False,RSI_NOT_BELOW_38|CLOSE_NOT_NEAR_OR_BELOW_LOWER_BB
2026-07-19T14:03:00.488269+00:00,HYP_OIL_MR_V1,OIL_FUT,CL=F,strategy-lab-v1.0.0:HYP_OIL_MR_V1,1784120400000,2026-07-15T13:00:00+00:00,79.7699966430664,80.44999694824219,79.37999725341797,79.77999877929688,48.98415043907916,79.84150009155273,79.11370279546043,73.03034961700439,0.6857125418526786,0.008595043273310038,48.65467285003396,1.2499999999999958,False,RSI_NOT_BELOW_38|CLOSE_NOT_NEAR_OR_BELOW_LOWER_BB
2026-07-19T14:03:00.488269+00:00,HYP_OIL_MR_V1,OIL_FUT,CL=F,strategy-lab-v1.0.0:HYP_OIL_MR_V1,1784124000000,2026-07-15T14:00:00+00:00,79.79000091552734,79.86000061035156,78.55999755859375,78.63999938964844,35.11449937101058,79.83699989318848,79.08119324716087,73.08404960632325,0.7085702078683036,0.009010302814951118,48.98415043907916,1.249999999999996,False,RSI_RECOVERY_NOT_CONFIRMED
2026-07-19T14:03:00.488269+00:00,HYP_OIL_MR_V1,OIL_FUT,CL=F,strategy-lab-v1.0.0:HYP_OIL_MR_V1,1784127600000,2026-07-15T15:00:00+00:00,78.63999938964844,78.9800033569336,78.19000244140625,78.87000274658203,37.728952060498685,79.79900016784669,78.9364954157381,73.13899963378907,0.730712890625,0.009264775772518491,35.11449937101058,1.25,True,
2026-07-19T14:03:00.488269+00:00,HYP_OIL_MR_V1,OIL_FUT,CL=F,strategy-lab-v1.0.0:HYP_OIL_MR_V1,1784131200000,2026-07-15T16:00:00+00:00,78.88999938964844,79.72000122070312,78.83000183105469,79.4800033569336,43.14380161493425,79.78800048828126,78.91517637015443,73.19859966278077,0.7664271763392857,0.0096430189226008,37.728952060498685,1.2499999999999927,False,OPEN_TRADE_EXISTS|RSI_NOT_BELOW_38|CLOSE_NOT_NEAR_OR_BELOW_LOWER_BB
2026-07-19T14:03:00.488269+00:00,HYP_OIL_MR_V1,OIL_FUT,CL=F,strategy-lab-v1.0.0:HYP_OIL_MR_V1,1784134800000,2026-07-15T17:00:00+00:00,79.48999786376953,79.48999786376953,78.77999877929688,78.9800033569336,42.22586558248257,79.7455005645752,78.80485396918559,73.25374969482422,0.7821415492466518,0.009903032615887934,43.14380161493425,1.2500000000000073,False,OPEN_TRADE_EXISTS|RSI_NOT_BELOW_38|CLOSE_NOT_NEAR_OR_BELOW_LOWER_BB|RSI_RECOVERY_NOT_CONFIRMED
2026-07-19T14:03:00.488269+00:00,HYP_OIL_MR_V1,OIL_FUT,CL=F,strategy-lab-v1.0.0:HYP_OIL_MR_V1,1784138400000,2026-07-15T18:00:00+00:00,78.97000122070312,79.9000015258789,78.83000183105469,79.73999786376953,49.702373180775226,79.73750038146973,78.79952812589195,73.31309967041015,0.82928466796875,0.010399858166356206,42.22586558248257,1.25,False,OPEN_TRADE_EXISTS|RSI_NOT_BELOW_38|CLOSE_NOT_NEAR_OR_BELOW_LOWER_BB
2026-07-19T14:03:00.488269+00:00,HYP_OIL_MR_V1,OIL_FUT,CL=F,strategy-lab-v1.0.0:HYP_OIL_MR_V1,1784142000000,2026-07-15T19:00:00+00:00,79.75,80.68000030517578,79.55999755859375,80.31999969482422,54.06894882507076,79.76000022888184,78.7893732694587,73.37714965820312,0.872856685093471,0.010867239646537467,49.702373180775226,1.2500000000000033,False,RSI_NOT_BELOW_38|CLOSE_NOT_NEAR_OR_BELOW_LOWER_BB
2026-07-19T14:03:00.488269+00:00,HYP_OIL_MR_V1,OIL_FUT,CL=F,strategy-lab-v1.0.0:HYP_OIL_MR_V1,1784145600000,2026-07-15T20:00:00+00:00,80.31999969482422,80.51000213623047,80.18000030517578,80.23999786376953,51.836122880899325,79.7620002746582,78.78759747452033,73.44109966278076,0.8578567504882812,0.010691136257814211,54.06894882507076,1.25,False,RSI_NOT_BELOW_38|CLOSE_NOT_NEAR_OR_BELOW_LOWER_BB|RSI_RECOVERY_NOT_CONFIRMED
2026-07-19T14:03:00.488269+00:00,HYP_OIL_MR_V1,OIL_FUT,CL=F,strategy-lab-v1.0.0:HYP_OIL_MR_V1,1784152800000,2026-07-15T22:00:00+00:00,80.0,80.58999633789062,79.5999984741211,80.29000091552734,48.25496316123385,79.76600036621093,78.78364953141745,73.50664966583253,0.8821427481515067,0.010986956508813647,51.836122880899325,1.2499999999999967,False,RSI_NOT_BELOW_38|CLOSE_NOT_NEAR_OR_BELOW_LOWER_BB|RSI_RECOVERY_NOT_CONFIRMED
2026-07-19T14:03:00.488269+00:00,HYP_OIL_MR_V1,OIL_FUT,CL=F,strategy-lab-v1.0.0:HYP_OIL_MR_V1,1784156400000,2026-07-15T23:00:00+00:00,80.29000091552734,80.33999633789062,80.06999969482422,80.22000122070312,57.40071804434137,79.7620002746582,78.78776173034198,73.56989967346192,0.7878565107073102,0.00982119793964776,48.25496316123385,1.2499999999999964,False,RSI_NOT_BELOW_38|CLOSE_NOT_NEAR_OR_BELOW_LOWER_BB|RSI_RECOVERY_NOT_CONFIRMED
2026-07-19T14:03:00.488269+00:00,HYP_OIL_MR_V1,OIL_FUT,CL=F,strategy-lab-v1.0.0:HYP_OIL_MR_V1,1784160000000,2026-07-16T00:00:00+00:00,80.16999816894531,80.20999908447266,79.88999938964844,80.13999938964844,50.102271184801154,79.77250022888184,78.78678647265617,73.63174968719483,0.7492855616978237,0.00934970760424797,57.40071804434137,1.2499999999999925,False,RSI_NOT_BELOW_38|CLOSE_NOT_NEAR_OR_BELOW_LOWER_BB|RSI_RECOVERY_NOT_CONFIRMED
2026-07-19T14:03:00.488269+00:00,HYP_OIL_MR_V1,OIL_FUT,CL=F,strategy-lab-v1.0.0:HYP_OIL_MR_V1,1784163600000,2026-07-16T01:00:00+00:00,80.11000061035156,80.37000274658203,79.94999694824219,80.05000305175781,51.90677931856057,79.78600044250489,78.79287763850218,73.69329971313476,0.744286128452846,0.009297765147761632,50.102271184801154,1.2500000000000038,False,RSI_NOT_BELOW_38|CLOSE_NOT_NEAR_OR_BELOW_LOWER_BB|RSI_RECOVERY_NOT_CONFIRMED
2026-07-19T14:03:00.488269+00:00,HYP_OIL_MR_V1,OIL_FUT,CL=F,strategy-lab-v1.0.0:HYP_OIL_MR_V1,1784167200000,2026-07-16T02:00:00+00:00,80.05999755859375,80.27999877929688,79.98999786376953,80.04000091552734,55.42989510459334,79.80150032043457,78.80269702032615,73.75484970092774,0.7128579275948661,0.008906270857582853,51.90677931856057,1.249999999999996,False,RSI_NOT_BELOW_38|CLOSE_NOT_NEAR_OR_BELOW_LOWER_BB|RSI_RECOVERY_NOT_CONFIRMED
2026-07-19T14:03:00.488269+00:00,HYP_OIL_MR_V1,OIL_FUT,CL=F,strategy-lab-v1.0.0:HYP_OIL_MR_V1,1784170800000,2026-07-16T03:00:00+00:00,80.0199966430664,80.08000183105469,79.2699966430664,79.55999755859375,47.64956359285186,79.78050003051757,78.77993217495326,73.81199970245362,0.7421439034598214,0.009328103647982805,55.42989510459334,1.2500000000000038,False,RSI_NOT_BELOW_38|CLOSE_NOT_NEAR_OR_BELOW_LOWER_BB|RSI_RECOVERY_NOT_CONFIRMED
2026-07-19T14:03:00.488269+00:00,HYP_OIL_MR_V1,OIL_FUT,CL=F,strategy-lab-v1.0.0:HYP_OIL_MR_V1,1784174400000,2026-07-16T04:00:00+00:00,79.54000091552734,79.61000061035156,79.26000213623047,79.37000274658203,45.790597520683164,79.72300033569336,78.76788687123036,73.86644969940185,0.6907152448381696,0.008702472230516766,47.64956359285186,1.2499999999999958,False,RSI_NOT_BELOW_38|CLOSE_NOT_NEAR_OR_BELOW_LOWER_BB|RSI_RECOVERY_NOT_CONFIRMED
2026-07-19T14:03:00.488269+00:00,HYP_OIL_MR_V1,OIL_FUT,CL=F,strategy-lab-v1.0.0:HYP_OIL_MR_V1,1784178000000,2026-07-16T05:00:00+00:00,79.38999938964844,79.5999984741211,79.13999938964844,79.38999938964844,60.0,79.72250022888184,78.7667005587855,73.92114971160889,0.6307149614606585,0.00794451399810562,45.790597520683164,1.2500000000000044,False,RSI_NOT_BELOW_38|CLOSE_NOT_NEAR_OR_BELOW_LOWER_BB
2026-07-19T14:03:00.488269+00:00,HYP_OIL_MR_V1,OIL_FUT,CL=F,strategy-lab-v1.0.0:HYP_OIL_MR_V1,1784181600000,2026-07-16T06:00:00+00:00,79.4000015258789,79.69000244140625,79.26000213623047,79.41000366210938,57.627129602689685,79.6865005493164,78.74062045253416,73.97584972381591,0.6050006321498326,0.00761869543192717,60.0,1.2499999999999907,False,RSI_NOT_BELOW_38|CLOSE_NOT_NEAR_OR_BELOW_LOWER_BB|RSI_RECOVERY_NOT_CONFIRMED
2026-07-19T14:03:00.488269+00:00,HYP_OIL_MR_V1,OIL_FUT,CL=F,strategy-lab-v1.0.0:HYP_OIL_MR_V1,1784185200000,2026-07-16T07:00:00+00:00,79.41999816894531,79.77999877929688,79.22000122070312,79.54000091552734,50.980353046773715,79.67000045776368,78.72598882506861,74.03124973297119,0.5814290727887835,0.007309895223741194,57.627129602689685,1.2500000000000049,False,RSI_NOT_BELOW_38|CLOSE_NOT_NEAR_OR_BELOW_LOWER_BB|RSI_RECOVERY_NOT_CONFIRMED
2026-07-19T14:03:00.488269+00:00,HYP_OIL_MR_V1,OIL_FUT,CL=F,strategy-lab-v1.0.0:HYP_OIL_MR_V1,1784188800000,2026-07-16T08:00:00+00:00,79.55999755859375,79.66999816894531,79.2699966430664,79.30999755859375,55.91387264110957,79.65750045776367,78.70144959479634,74.08539970397949,0.559286390032087,0.007051902751842724,50.980353046773715,1.250000000000005,False,RSI_NOT_BELOW_38|CLOSE_NOT_NEAR_OR_BELOW_LOWER_BB|RSI_RECOVERY_NOT_CONFIRMED
2026-07-19T14:03:00.488269+00:00,HYP_OIL_MR_V1,OIL_FUT,CL=F,strategy-lab-v1.0.0:HYP_OIL_MR_V1,1784192400000,2026-07-16T09:00:00+00:00,79.30999755859375,79.66000366210938,78.91000366210938,79.55000305175781,45.81511418824676,79.64600067138672,78.690587544547,74.14114971160889,0.5364292689732143,0.006743296648577072,55.91387264110957,1.2499999999999893,False,RSI_NOT_BELOW_38|CLOSE_NOT_NEAR_OR_BELOW_LOWER_BB|RSI_RECOVERY_NOT_CONFIRMED
2026-07-19T14:03:00.488269+00:00,HYP_OIL_MR_V1,OIL_FUT,CL=F,strategy-lab-v1.0.0:HYP_OIL_MR_V1,1784196000000,2026-07-16T10:00:00+00:00,79.55999755859375,79.69000244140625,79.4000015258789,79.62000274658203,30.113833402691085,79.63800086975098,78.68453228848209,74.19704971313476,0.47714342389787945,0.005992758194401877,45.81511418824676,1.250000000000012,False,CLOSE_NOT_NEAR_OR_BELOW_LOWER_BB|RSI_RECOVERY_NOT_CONFIRMED
2026-07-19T14:03:00.488269+00:00,HYP_OIL_MR_V1,OIL_FUT,CL=F,strategy-lab-v1.0.0:HYP_OIL_MR_V1,1784199600000,2026-07-16T11:00:00+00:00,79.62999725341797,80.33999633789062,79.33000183105469,79.68000030517578,33.90816693413311,79.69000091552735,78.85367698541309,74.25094970703125,0.5257143293108258,0.0065978203727074655,30.113833402691085,1.2499999999999947,False,CLOSE_NOT_NEAR_OR_BELOW_LOWER_BB
2026-07-19T14:03:00.488269+00:00,HYP_OIL_MR_V1,OIL_FUT,CL=F,strategy-lab-v1.0.0:HYP_OIL_MR_V1,1784203200000,2026-07-16T12:00:00+00:00,79.66000366210938,80.7300033569336,79.62999725341797,80.5,54.18324513436538,79.77150077819825,78.95320431017774,74.30899971008301,0.5335720607212612,0.006628224356785853,33.90816693413311,1.2499999999999893,False,RSI_NOT_BELOW_38|CLOSE_NOT_NEAR_OR_BELOW_LOWER_BB
2026-07-19T14:03:00.488269+00:00,HYP_OIL_MR_V1,OIL_FUT,CL=F,strategy-lab-v1.0.0:HYP_OIL_MR_V1,1784206800000,2026-07-16T13:00:00+00:00,80.5,80.87000274658203,79.87000274658203,80.06999969482422,47.3867354995122,79.80100059509277,78.98432787967235,74.36429969787598,0.5857151576450893,0.007315038839483727,54.18324513436538,1.2499999999999902,False,RSI_NOT_BELOW_38|CLOSE_NOT_NEAR_OR_BELOW_LOWER_BB|RSI_RECOVERY_NOT_CONFIRMED
2026-07-19T14:03:00.488269+00:00,HYP_OIL_MR_V1,OIL_FUT,CL=F,strategy-lab-v1.0.0:HYP_OIL_MR_V1,1784210400000,2026-07-16T14:00:00+00:00,80.08999633789062,80.30999755859375,79.44000244140625,79.58000183105469,41.4634486736944,79.83100051879883,79.09730089350865,74.42064971923828,0.6242861066545758,0.007844761149665608,47.3867354995122,1.2499999999999953,False,RSI_NOT_BELOW_38|CLOSE_NOT_NEAR_OR_BELOW_LOWER_BB|RSI_RECOVERY_NOT_CONFIRMED
2026-07-19T14:03:00.488269+00:00,HYP_OIL_MR_V1,OIL_FUT,CL=F,strategy-lab-v1.0.0:HYP_OIL_MR_V1,1784214000000,2026-07-16T15:00:00+00:00,79.58000183105469,79.7699966430664,78.62000274658203,78.80000305175781,34.256931792849514,79.78400077819825,78.92352759648402,74.47339973449706,0.6764281136648995,0.008584112785130283,41.4634486736944,1.2500000000000042,False,RSI_RECOVERY_NOT_CONFIRMED
2026-07-19T14:03:00.488269+00:00,HYP_OIL_MR_V1,OIL_FUT,CL=F,strategy-lab-v1.0.0:HYP_OIL_MR_V1,1784217600000,2026-07-16T16:00:00+00:00,78.80000305175781,79.54000091552734,78.2699966430664,78.41999816894531,31.336390948100828,79.68900070190429,78.6795673488042,74.52429973602295,0.7464283534458706,0.00951834188822335,34.256931792849514,1.2500000000000075,False,RSI_RECOVERY_NOT_CONFIRMED
2026-07-19T14:03:00.488269+00:00,HYP_OIL_MR_V1,OIL_FUT,CL=F,strategy-lab-v1.0.0:HYP_OIL_MR_V1,1784221200000,2026-07-16T17:00:00+00:00,78.44000244140625,78.66999816894531,78.12000274658203,78.19000244140625,33.25187843696136,79.58650093078613,78.41790756072437,74.57089973449708,0.7278562273297992,0.009308814485269233,31.336390948100828,1.250000000000004,False,RSI_RECOVERY_NOT_CONFIRMED
2026-07-19T14:03:00.488269+00:00,HYP_OIL_MR_V1,OIL_FUT,CL=F,strategy-lab-v1.0.0:HYP_OIL_MR_V1,1784224800000,2026-07-16T18:00:00+00:00,78.19000244140625,78.44999694824219,78.0,78.38999938964844,38.0487351017408,79.49150085449219,78.25989574389396,74.61994972229004,0.7349989754813058,0.009376182946856406,33.25187843696136,1.2500000000000038,False,RSI_NOT_BELOW_38
2026-07-19T14:03:00.488269+00:00,HYP_OIL_MR_V1,OIL_FUT,CL=F,strategy-lab-v1.0.0:HYP_OIL_MR_V1,1784228400000,2026-07-16T19:00:00+00:00,78.38999938964844,78.5199966430664,78.30999755859375,78.41000366210938,38.04885038221349,79.4010009765625,78.1314046172644,74.66989974975586,0.717141832624163,0.009146050237601412,38.0487351017408,1.249999999999996,False,RSI_NOT_BELOW_38|CLOSE_NOT_NEAR_OR_BELOW_LOWER_BB
2026-07-19T14:03:00.488269+00:00,HYP_OIL_MR_V1,OIL_FUT,CL=F,strategy-lab-v1.0.0:HYP_OIL_MR_V1,1784232000000,2026-07-16T20:00:00+00:00,78.41000366210938,79.0199966430664,78.20999908447266,78.88999938964844,44.298195714151866,79.3385009765625,78.0978355466419,74.72129974365234,0.7442844935825893,0.009434459365457299,38.04885038221349,1.2500000000000075,False,RSI_NOT_BELOW_38|CLOSE_NOT_NEAR_OR_BELOW_LOWER_BB
2026-07-19T14:03:00.488269+00:00,HYP_OIL_MR_V1,OIL_FUT,CL=F,strategy-lab-v1.0.0:HYP_OIL_MR_V1,1784239200000,2026-07-16T22:00:00+00:00,78.86000061035156,79.06999969482422,78.80999755859375,78.94000244140625,43.30359347619137,79.28300094604492,78.07575495977986,74.77174976348877,0.7228562491280692,0.009157033528908416,44.298195714151866,1.249999999999996,False,RSI_NOT_BELOW_38|CLOSE_NOT_NEAR_OR_BELOW_LOWER_BB|RSI_RECOVERY_NOT_CONFIRMED
2026-07-19T14:03:00.488269+00:00,HYP_OIL_MR_V1,OIL_FUT,CL=F,strategy-lab-v1.0.0:HYP_OIL_MR_V1,1784242800000,2026-07-16T23:00:00+00:00,78.93000030517578,79.02999877929688,78.91000366210938,79.0199966430664,46.651255151610194,79.23200073242188,78.07171488569595,74.82304973602295,0.7028557913643974,0.008894657317428136,43.30359347619137,1.249999999999996,False,RSI_NOT_BELOW_38|CLOSE_NOT_NEAR_OR_BELOW_LOWER_BB
2026-07-19T14:03:00.488269+00:00,HYP_OIL_MR_V1,OIL_FUT,CL=F,strategy-lab-v1.0.0:HYP_OIL_MR_V1,1784246400000,2026-07-17T00:00:00+00:00,79.01000213623047,79.13999938964844,78.79000091552734,79.11000061035156,44.73680367963788,79.20950088500976,78.05811098756429,74.87894973754882,0.6742842538016183,0.008523375661728765,46.651255151610194,1.2500000000000042,False,RSI_NOT_BELOW_38|CLOSE_NOT_NEAR_OR_BELOW_LOWER_BB|RSI_RECOVERY_NOT_CONFIRMED
2026-07-19T14:03:00.488269+00:00,HYP_OIL_MR_V1,OIL_FUT,CL=F,strategy-lab-v1.0.0:HYP_OIL_MR_V1,1784250000000,2026-07-17T01:00:00+00:00,79.11000061035156,79.58000183105469,79.0,79.16999816894531,44.60424941773134,79.19950065612792,78.05038856367113,74.93379974365234,0.6949986049107143,0.008778560325688245,44.73680367963788,1.2500000000000082,False,RSI_NOT_BELOW_38|CLOSE_NOT_NEAR_OR_BELOW_LOWER_BB|RSI_RECOVERY_NOT_CONFIRMED
2026-07-19T14:03:00.488269+00:00,HYP_OIL_MR_V1,OIL_FUT,CL=F,strategy-lab-v1.0.0:HYP_OIL_MR_V1,1784253600000,2026-07-17T02:00:00+00:00,79.16999816894531,79.23999786376953,78.7699966430664,79.02999877929688,42.35290949726688,79.18150062561035,78.03361090077128,74.98739974975587,0.6564276559012276,0.008306056763766381,44.60424941773134,1.2500000000000042,False,RSI_NOT_BELOW_38|CLOSE_NOT_NEAR_OR_BELOW_LOWER_BB|RSI_RECOVERY_NOT_CONFIRMED
2026-07-19T14:03:00.488269+00:00,HYP_OIL_MR_V1,OIL_FUT,CL=F,strategy-lab-v1.0.0:HYP_OIL_MR_V1,1784257200000,2026-07-17T03:00:00+00:00,79.01000213623047,79.16000366210938,78.87000274658203,79.16000366210938,31.179813808356343,79.16900062561035,78.02590154121687,75.04024978637695,0.5985701424734933,0.007561522420191652,42.35290949726688,1.2500000000000047,False,CLOSE_NOT_NEAR_OR_BELOW_LOWER_BB|RSI_RECOVERY_NOT_CONFIRMED
2026-07-19T14:03:00.488269+00:00,HYP_OIL_MR_V1,OIL_FUT,CL=F,strategy-lab-v1.0.0:HYP_OIL_MR_V1,1784260800000,2026-07-17T04:00:00+00:00,79.1500015258789,79.27999877929688,79.06999969482422,79.19000244140625,36.07597534447001,79.1515007019043,78.02100943716493,75.09294979095459,0.5421415056501117,0.006846085224599525,31.179813808356343,1.2500000000000053,False,CLOSE_NOT_NEAR_OR_BELOW_LOWER_BB
2026-07-19T14:03:00.488269+00:00,HYP_OIL_MR_V1,OIL_FUT,CL=F,strategy-lab-v1.0.0:HYP_OIL_MR_V1,1784264400000,2026-07-17T05:00:00+00:00,79.19000244140625,79.20999908447266,78.12999725341797,78.37999725341797,32.758571550716795,79.10500068664551,77.92882860847628,75.14339977264405,0.5571419852120536,0.007108216442145358,36.07597534447001,1.249999999999995,False,CLOSE_NOT_NEAR_OR_BELOW_LOWER_BB|RSI_RECOVERY_NOT_CONFIRMED
2026-07-19T14:03:00.488269+00:00,HYP_OIL_MR_V1,OIL_FUT,CL=F,strategy-lab-v1.0.0:HYP_OIL_MR_V1,1784268000000,2026-07-17T06:00:00+00:00,78.43000030517578,78.88999938964844,77.93000030517578,78.6500015258789,47.47472931142993,79.06000061035157,77.88651002399493,75.19309978485107,0.5435709272112165,0.006911264038976026,32.758571550716795,1.2499999999999947,False,RSI_NOT_BELOW_38|CLOSE_NOT_NEAR_OR_BELOW_LOWER_BB
2026-07-19T14:03:00.488269+00:00,HYP_OIL_MR_V1,OIL_FUT,CL=F,strategy-lab-v1.0.0:HYP_OIL_MR_V1,1784271600000,2026-07-17T07:00:00+00:00,78.62999725341797,79.13999938964844,78.61000061035156,78.7699966430664,56.45753860446784,79.01750030517579,77.86686785552074,75.24314975738525,0.4907133919852121,0.00622969928777325,47.47472931142993,1.2500000000000058,False,RSI_NOT_BELOW_38|CLOSE_NOT_NEAR_OR_BELOW_LOWER_BB
2026-07-19T14:03:00.488269+00:00,HYP_OIL_MR_V1,OIL_FUT,CL=F,strategy-lab-v1.0.0:HYP_OIL_MR_V1,1784275200000,2026-07-17T08:00:00+00:00,78.76000213623047,79.31999969482422,78.52999877929688,79.29000091552734,68.33326127812379,78.99800033569336,77.88018813971037,75.29589977264405,0.5078566414969308,0.006405052788913228,56.45753860446784,1.2500000000000056,False,RSI_NOT_BELOW_38|CLOSE_NOT_NEAR_OR_BELOW_LOWER_BB
2026-07-19T14:03:00.488269+00:00,HYP_OIL_MR_V1,OIL_FUT,CL=F,strategy-lab-v1.0.0:HYP_OIL_MR_V1,1784278800000,2026-07-17T09:00:00+00:00,79.31999969482422,79.93000030517578,79.29000091552734,79.7699966430664,71.03650239464827,78.96150016784668,78.00642419292059,75.3531997680664,0.5214282444545201,0.006536646187759901,68.33326127812379,1.2500000000000109,False,RSI_NOT_BELOW_38|CLOSE_NOT_NEAR_OR_BELOW_LOWER_BB
2026-07-19T14:03:00.488269+00:00,HYP_OIL_MR_V1,OIL_FUT,CL=F,strategy-lab-v1.0.0:HYP_OIL_MR_V1,1784282400000,2026-07-17T10:00:00+00:00,79.7699966430664,80.08999633789062,79.55999755859375,79.9800033569336,72.62241629124425,78.95700035095214,78.02222517292972,75.41044979095459,0.5442853655133929,0.006805268100382093,71.03650239464827,1.2500000000000053,False,RSI_NOT_BELOW_38|CLOSE_NOT_NEAR_OR_BELOW_LOWER_BB
2026-07-19T14:03:00.488269+00:00,HYP_OIL_MR_V1,OIL_FUT,CL=F,strategy-lab-v1.0.0:HYP_OIL_MR_V1,1784286000000,2026-07-17T11:00:00+00:00,79.98999786376953,80.31999969482422,79.9000015258789,80.19000244140625,70.3124701977913,78.98750038146973,77.94035364477453,75.46869979858398,0.5164282662527901,0.006440057993889417,72.62241629124425,1.2500000000000056,False,RSI_NOT_BELOW_38|CLOSE_NOT_NEAR_OR_BELOW_LOWER_BB|RSI_RECOVERY_NOT_CONFIRMED
2026-07-19T14:03:00.488269+00:00,HYP_OIL_MR_V1,OIL_FUT,CL=F,strategy-lab-v1.0.0:HYP_OIL_MR_V1,1784289600000,2026-07-17T12:00:00+00:00,80.19999694824219,80.45999908447266,80.05000305175781,80.3499984741211,71.29900034343746,79.06500015258788,77.86635900910755,75.52699977874755,0.5271421160016742,0.006560574063625584,70.3124701977913,1.2500000000000053,False,RSI_NOT_BELOW_38|CLOSE_NOT_NEAR_OR_BELOW_LOWER_BB
2026-07-19T14:03:00.488269+00:00,HYP_OIL_MR_V1,OIL_FUT,CL=F,strategy-lab-v1.0.0:HYP_OIL_MR_V1,1784293200000,2026-07-17T13:00:00+00:00,80.33999633789062,81.19999694824219,80.29000091552734,81.13999938964844,76.36811529840904,79.20100021362305,77.73789550806798,75.58879978179931,0.5835707528250558,0.007192146379280177,71.29900034343746,1.2500000000000049,False,RSI_NOT_BELOW_38|CLOSE_NOT_NEAR_OR_BELOW_LOWER_BB
2026-07-19T14:03:00.488269+00:00,HYP_OIL_MR_V1,OIL_FUT,CL=F,strategy-lab-v1.0.0:HYP_OIL_MR_V1,1784296800000,2026-07-17T14:00:00+00:00,81.13999938964844,81.25,80.16999816894531,80.22000122070312,61.44329086046878,79.3025001525879,77.85242576126224,75.64614978790283,0.6357138497488839,0.0079246302677046,76.36811529840904,1.2500000000000044,False,RSI_NOT_BELOW_38|CLOSE_NOT_NEAR_OR_BELOW_LOWER_BB|RSI_RECOVERY_NOT_CONFIRMED
2026-07-19T14:03:00.488269+00:00,HYP_OIL_MR_V1,OIL_FUT,CL=F,strategy-lab-v1.0.0:HYP_OIL_MR_V1,1784300400000,2026-07-17T15:00:00+00:00,80.20999908447266,80.8499984741211,79.81999969482422,80.68000030517578,64.38095182734632,79.41700019836426,77.91259184155078,75.70574977874756,0.6678564889090401,0.008277844402365425,61.44329086046878,1.2500000000000042,False,RSI_NOT_BELOW_38|CLOSE_NOT_NEAR_OR_BELOW_LOWER_BB
2026-07-19T14:03:00.488269+00:00,HYP_OIL_MR_V1,OIL_FUT,CL=F,strategy-lab-v1.0.0:HYP_OIL_MR_V1,1784304000000,2026-07-17T16:00:00+00:00,80.69000244140625,81.54000091552734,80.62000274658203,81.47000122070312,70.67795470474289,79.57000007629395,77.89376534088149,75.76869979858398,0.6999991280691964,0.00859210896748229,64.38095182734632,1.250000000000004,False,RSI_NOT_BELOW_38|CLOSE_NOT_NEAR_OR_BELOW_LOWER_BB
2026-07-19T14:03:00.488269+00:00,HYP_OIL_MR_V1,OIL_FUT,CL=F,strategy-lab-v1.0.0:HYP_OIL_MR_V1,1784307600000,2026-07-17T17:00:00+00:00,81.47000122070312,81.87999725341797,81.27999877929688,81.7699966430664,71.49911954017499,79.71399993896485,77.81601789521396,75.8321997833252,0.7221418108258929,0.008831378751036381,70.67795470474289,1.250000000000004,False,RSI_NOT_BELOW_38|CLOSE_NOT_NEAR_OR_BELOW_LOWER_BB
2026-07-19T14:03:00.488269+00:00,HYP_OIL_MR_V1,OIL_FUT,CL=F,strategy-lab-v1.0.0:HYP_OIL_MR_V1,1784311200000,2026-07-17T18:00:00+00:00,81.7699966430664,82.06999969482422,81.33999633789062,81.41000366210938,67.34377607705696,79.8375,77.83830064059717,75.89424980163574,0.7592849731445312,0.009326679019643933,71.49911954017499,1.25,False,RSI_NOT_BELOW_38|CLOSE_NOT_NEAR_OR_BELOW_LOWER_BB|RSI_RECOVERY_NOT_CONFIRMED
2026-07-19T14:03:00.488269+00:00,HYP_OIL_MR_V1,OIL_FUT,CL=F,strategy-lab-v1.0.0:HYP_OIL_MR_V1,1784314800000,2026-07-17T19:00:00+00:00,81.41999816894531,81.47000122070312,81.08000183105469,81.44000244140625,77.22430605615084,79.958500289917,77.88047857077646,75.95679981231689,0.7099990844726562,0.008718063153098261,67.34377607705696,1.25,False,RSI_NOT_BELOW_38|CLOSE_NOT_NEAR_OR_BELOW_LOWER_BB
2026-07-19T14:03:00.488269+00:00,HYP_OIL_MR_V1,OIL_FUT,CL=F,strategy-lab-v1.0.0:HYP_OIL_MR_V1,1784318400000,2026-07-17T20:00:00+00:00,81.44000244140625,81.86000061035156,81.31999969482422,81.77999877929688,77.5044683741018,80.09200019836426,77.90877635021764,76.02089981079102,0.6799992152622768,0.008314981968848145,77.22430605615084,1.2499999999999916,False,RSI_NOT_BELOW_38|CLOSE_NOT_NEAR_OR_BELOW_LOWER_BB
2026-07-19T14:03:00.488269+00:00,HYP_OIL_MR_V1,BRENT_FUT,BZ=F,strategy-lab-v1.0.0:HYP_OIL_MR_V1,1784095200000,2026-07-15T06:00:00+00:00,85.3499984741211,85.66999816894531,85.11000061035156,85.62000274658203,53.791457627118646,85.55449981689453,84.20994912193693,76.79129997253418,0.6142866952078683,0.007174569907758975,57.974171950224935,1.2500000000000047,False,RSI_NOT_BELOW_38|CLOSE_NOT_NEAR_OR_BELOW_LOWER_BB|RSI_RECOVERY_NOT_CONFIRMED
2026-07-19T14:03:00.488269+00:00,HYP_OIL_MR_V1,BRENT_FUT,BZ=F,strategy-lab-v1.0.0:HYP_OIL_MR_V1,1784098800000,2026-07-15T07:00:00+00:00,85.6500015258789,86.25,85.6500015258789,86.0999984741211,65.16585792697478,85.49749984741212,84.36341272155701,76.86609996795654,0.5971434456961495,0.006935464068279069,53.791457627118646,1.2500000000000047,False,RSI_NOT_BELOW_38|CLOSE_NOT_NEAR_OR_BELOW_LOWER_BB
2026-07-19T14:03:00.488269+00:00,HYP_OIL_MR_V1,BRENT_FUT,BZ=F,strategy-lab-v1.0.0:HYP_OIL_MR_V1,1784102400000,2026-07-15T08:00:00+00:00,86.13999938964844,86.52999877929688,84.66000366210938,84.69000244140625,53.501951878404654,85.43100013732911,84.27157157328853,76.93364997863769,0.6757142203194755,0.007978677539736478,65.16585792697478,1.2499999999999958,False,RSI_NOT_BELOW_38|CLOSE_NOT_NEAR_OR_BELOW_LOWER_BB|RSI_RECOVERY_NOT_CONFIRMED
2026-07-19T14:03:00.488269+00:00,HYP_OIL_MR_V1,BRENT_FUT,BZ=F,strategy-lab-v1.0.0:HYP_OIL_MR_V1,1784106000000,2026-07-15T09:00:00+00:00,84.69000244140625,85.52999877929688,84.54000091552734,85.48999786376953,52.95271422027649,85.35950012207032,84.42083154099454,77.00559997558594,0.672142573765346,0.007862236408479295,53.501951878404654,1.2500000000000042,False,RSI_NOT_BELOW_38|CLOSE_NOT_NEAR_OR_BELOW_LOWER_BB|RSI_RECOVERY_NOT_CONFIRMED
2026-07-19T14:03:00.488269+00:00,HYP_OIL_MR_V1,BRENT_FUT,BZ=F,strategy-lab-v1.0.0:HYP_OIL_MR_V1,1784109600000,2026-07-15T10:00:00+00:00,85.45999908447266,85.81999969482422,85.30000305175781,85.37999725341797,51.361861928723044,85.34650001525878,84.41656950567933,77.07734996795654,0.6828564235142299,0.007997850146181557,52.95271422027649,1.2500000000000082,False,RSI_NOT_BELOW_38|CLOSE_NOT_NEAR_OR_BELOW_LOWER_BB|RSI_RECOVERY_NOT_CONFIRMED
2026-07-19T14:03:00.488269+00:00,HYP_OIL_MR_V1,BRENT_FUT,BZ=F,strategy-lab-v1.0.0:HYP_OIL_MR_V1,1784113200000,2026-07-15T11:00:00+00:00,85.37999725341797,85.56999969482422,84.75,84.9800033569336,46.69123782836932,85.36950035095215,84.50180392584582,77.14774997711181,0.6971419198172433,0.00820359957964585,51.361861928723044,1.250000000000004,False,RSI_NOT_BELOW_38|CLOSE_NOT_NEAR_OR_BELOW_LOWER_BB|RSI_RECOVERY_NOT_CONFIRMED
2026-07-19T14:03:00.488269+00:00,HYP_OIL_MR_V1,BRENT_FUT,BZ=F,strategy-lab-v1.0.0:HYP_OIL_MR_V1,1784116800000,2026-07-15T12:00:00+00:00,84.97000122070312,85.27999877929688,84.8499984741211,84.98999786376953,45.794336547196146,85.35400009155273,84.47095167463948,77.21884998321534,0.7021418980189732,0.008261465062564614,46.69123782836932,1.249999999999992,False,RSI_NOT_BELOW_38|CLOSE_NOT_NEAR_OR_BELOW_LOWER_BB|RSI_RECOVERY_NOT_CONFIRMED
2026-07-19T14:03:00.488269+00:00,HYP_OIL_MR_V1,BRENT_FUT,BZ=F,strategy-lab-v1.0.0:HYP_OIL_MR_V1,1784120400000,2026-07-15T13:00:00+00:00,84.98999786376953,85.52999877929688,84.38999938964844,84.83000183105469,45.79440185273918,85.35450019836426,84.4726515396674,77.28939998626709,0.761427743094308,0.00897592510502061,45.794336547196146,1.2499999999999925,False,RSI_NOT_BELOW_38|CLOSE_NOT_NEAR_OR_BELOW_LOWER_BB|RSI_RECOVERY_NOT_CONFIRMED
2026-07-19T14:03:00.488269+00:00,HYP_OIL_MR_V1,BRENT_FUT,BZ=F,strategy-lab-v1.0.0:HYP_OIL_MR_V1,1784124000000,2026-07-15T14:00:00+00:00,84.91999816894531,84.91999816894531,83.47000122070312,83.58000183105469,30.25202756852059,85.31700019836425,84.22526691269493,77.35279998779296,0.7735704694475446,0.009255449300075505,45.79440185273918,1.2499999999999962,False,RSI_RECOVERY_NOT_CONFIRMED
2026-07-19T14:03:00.488269+00:00,HYP_OIL_MR_V1,BRENT_FUT,BZ=F,strategy-lab-v1.0.0:HYP_OIL_MR_V1,1784127600000,2026-07-15T15:00:00+00:00,83.56999969482422,84.2300033569336,83.33999633789062,84.2300033569336,37.51911737043125,85.26900024414063,84.07914633494924,77.41955001831055,0.7992853437151227,0.009489318673395584,30.25202756852059,1.2499999999999964,True,
2026-07-19T14:03:00.488269+00:00,HYP_OIL_MR_V1,BRENT_FUT,BZ=F,strategy-lab-v1.0.0:HYP_OIL_MR_V1,1784131200000,2026-07-15T16:00:00+00:00,84.22000122070312,84.98999786376953,84.05999755859375,84.83000183105469,41.54724285943825,85.24850044250488,84.04332533013549,77.49070003509522,0.831427982875279,0.009801107685122183,37.51911737043125,1.2499999999999967,False,OPEN_TRADE_EXISTS|RSI_NOT_BELOW_38|CLOSE_NOT_NEAR_OR_BELOW_LOWER_BB
2026-07-19T14:03:00.488269+00:00,HYP_OIL_MR_V1,BRENT_FUT,BZ=F,strategy-lab-v1.0.0:HYP_OIL_MR_V1,1784134800000,2026-07-15T17:00:00+00:00,84.80000305175781,84.81999969482422,84.12000274658203,84.4000015258789,40.84506134168344,85.2015007019043,83.94216479296773,77.55850006103516,0.8521417890276227,0.01009646651210471,41.54724285943825,1.2499999999999967,False,OPEN_TRADE_EXISTS|RSI_NOT_BELOW_38|CLOSE_NOT_NEAR_OR_BELOW_LOWER_BB|RSI_RECOVERY_NOT_CONFIRMED
2026-07-19T14:03:00.488269+00:00,HYP_OIL_MR_V1,BRENT_FUT,BZ=F,strategy-lab-v1.0.0:HYP_OIL_MR_V1,1784138400000,2026-07-15T18:00:00+00:00,84.4000015258789,85.20999908447266,84.31999969482422,85.08999633789062,47.73932514049005,85.18400039672852,83.92868692292932,77.629700050354,0.8821416582380023,0.010367160608810417,40.84506134168344,1.2500000000000033,False,OPEN_TRADE_EXISTS|RSI_NOT_BELOW_38|CLOSE_NOT_NEAR_OR_BELOW_LOWER_BB
2026-07-19T14:03:00.488269+00:00,HYP_OIL_MR_V1,BRENT_FUT,BZ=F,strategy-lab-v1.0.0:HYP_OIL_MR_V1,1784142000000,2026-07-15T19:00:00+00:00,85.0999984741211,86.06999969482422,84.9000015258789,85.80999755859375,53.40766742897876,85.21050033569335,83.92615837115167,77.70620002746583,0.9285703386579242,0.01082123721101224,47.73932514049005,1.250000000000003,False,RSI_NOT_BELOW_38|CLOSE_NOT_NEAR_OR_BELOW_LOWER_BB
2026-07-19T14:03:00.488269+00:00,HYP_OIL_MR_V1,BRENT_FUT,BZ=F,strategy-lab-v1.0.0:HYP_OIL_MR_V1,1784145600000,2026-07-15T20:00:00+00:00,85.83999633789062,85.9800033569336,85.5999984741211,85.62999725341797,50.06333679510015,85.19550018310547,83.93840283001336,77.78165000915527,0.9157137189592633,0.010693842675823654,53.40766742897876,1.249999999999997,False,RSI_NOT_BELOW_38|CLOSE_NOT_NEAR_OR_BELOW_LOWER_BB|RSI_RECOVERY_NOT_CONFIRMED
2026-07-19T14:03:00.488269+00:00,HYP_OIL_MR_V1,BRENT_FUT,BZ=F,strategy-lab-v1.0.0:HYP_OIL_MR_V1,1784152800000,2026-07-15T22:00:00+00:00,85.22000122070312,85.75,85.22000122070312,85.58999633789062,46.577154953030416,85.18199996948242,83.94815313468253,77.85809997558594,0.9085709708077567,0.010615387424727965,50.06333679510015,1.249999999999997,False,RSI_NOT_BELOW_38|CLOSE_NOT_NEAR_OR_BELOW_LOWER_BB|RSI_RECOVERY_NOT_CONFIRMED
2026-07-19T14:03:00.488269+00:00,HYP_OIL_MR_V1,BRENT_FUT,BZ=F,strategy-lab-v1.0.0:HYP_OIL_MR_V1,1784156400000,2026-07-15T23:00:00+00:00,85.55000305175781,85.55000305175781,85.33000183105469,85.4000015258789,55.6982518445948,85.15149993896485,83.9720744761272,77.93209999084473,0.7935709272112165,0.00929239945002506,46.577154953030416,1.2499999999999964,False,RSI_NOT_BELOW_38|CLOSE_NOT_NEAR_OR_BELOW_LOWER_BB|RSI_RECOVERY_NOT_CONFIRMED
2026-07-19T14:03:00.488269+00:00,HYP_OIL_MR_V1,BRENT_FUT,BZ=F,strategy-lab-v1.0.0:HYP_OIL_MR_V1,1784160000000,2026-07-16T00:00:00+00:00,85.41999816894531,85.44999694824219,85.1500015258789,85.37999725341797,48.99081669793096,85.13549995422363,83.97778978537819,78.00439998626709,0.7442850385393415,0.008717323289789003,55.6982518445948,1.2499999999999962,False,RSI_NOT_BELOW_38|CLOSE_NOT_NEAR_OR_BELOW_LOWER_BB|RSI_RECOVERY_NOT_CONFIRMED
2026-07-19T14:03:00.488269+00:00,HYP_OIL_MR_V1,BRENT_FUT,BZ=F,strategy-lab-v1.0.0:HYP_OIL_MR_V1,1784163600000,2026-07-16T01:00:00+00:00,85.3499984741211,85.54000091552734,85.19000244140625,85.27999877929688,49.08089292300874,85.12799987792968,83.97608941213045,78.07649997711182,0.7321423121861049,0.0085851585678475,48.99081669793096,1.2499999999999922,False,RSI_NOT_BELOW_38|CLOSE_NOT_NEAR_OR_BELOW_LOWER_BB|RSI_RECOVERY_NOT_CONFIRMED
2026-07-19T14:03:00.488269+00:00,HYP_OIL_MR_V1,BRENT_FUT,BZ=F,strategy-lab-v1.0.0:HYP_OIL_MR_V1,1784167200000,2026-07-16T02:00:00+00:00,85.27999877929688,85.41999816894531,85.19000244140625,85.2300033569336,52.4558048066863,85.12649993896484,83.97520295527355,78.14889999389648,0.6899991716657367,0.008095730898614404,49.08089292300874,1.2500000000000042,False,RSI_NOT_BELOW_38|CLOSE_NOT_NEAR_OR_BELOW_LOWER_BB|RSI_RECOVERY_NOT_CONFIRMED
2026-07-19T14:03:00.488269+00:00,HYP_OIL_MR_V1,BRENT_FUT,BZ=F,strategy-lab-v1.0.0:HYP_OIL_MR_V1,1784170800000,2026-07-16T03:00:00+00:00,85.19999694824219,85.23999786376953,84.41000366210938,84.75,47.8417419201684,85.08299980163574,83.94389614812172,78.21674999237061,0.7185701642717633,0.008478704003206647,52.4558048066863,1.249999999999996,False,RSI_NOT_BELOW_38|CLOSE_NOT_NEAR_OR_BELOW_LOWER_BB|RSI_RECOVERY_NOT_CONFIRMED
2026-07-19T14:03:00.488269+00:00,HYP_OIL_MR_V1,BRENT_FUT,BZ=F,strategy-lab-v1.0.0:HYP_OIL_MR_V1,1784174400000,2026-07-16T04:00:00+00:00,84.76000213623047,84.80999755859375,84.44000244140625,84.55999755859375,47.58493336900089,85.00599975585938,83.9469010283893,78.28194999694824,0.6635698590959821,0.007847325901779714,47.8417419201684,1.2499999999999958,False,RSI_NOT_BELOW_38|CLOSE_NOT_NEAR_OR_BELOW_LOWER_BB|RSI_RECOVERY_NOT_CONFIRMED
2026-07-19T14:03:00.488269+00:00,HYP_OIL_MR_V1,BRENT_FUT,BZ=F,strategy-lab-v1.0.0:HYP_OIL_MR_V1,1784178000000,2026-07-16T05:00:00+00:00,84.54000091552734,84.94999694824219,84.33999633789062,84.52999877929688,60.8695424453197,84.99799957275391,83.92712206892857,78.34684997558594,0.6035701206752232,0.007140306747798628,47.58493336900089,1.2500000000000093,False,RSI_NOT_BELOW_38|CLOSE_NOT_NEAR_OR_BELOW_LOWER_BB|RSI_RECOVERY_NOT_CONFIRMED
2026-07-19T14:03:00.488269+00:00,HYP_OIL_MR_V1,BRENT_FUT,BZ=F,strategy-lab-v1.0.0:HYP_OIL_MR_V1,1784181600000,2026-07-16T06:00:00+00:00,84.55999755859375,84.88999938964844,84.38999938964844,84.5199966430664,53.887313918240615,84.94949951171876,83.88429788714102,78.41129997253418,0.5757124764578683,0.006811553470466173,60.8695424453197,1.2500000000000049,False,RSI_NOT_BELOW_38|CLOSE_NOT_NEAR_OR_BELOW_LOWER_BB|RSI_RECOVERY_NOT_CONFIRMED
2026-07-19T14:03:00.488269+00:00,HYP_OIL_MR_V1,BRENT_FUT,BZ=F,strategy-lab-v1.0.0:HYP_OIL_MR_V1,1784185200000,2026-07-16T07:00:00+00:00,84.51000213623047,84.86000061035156,84.31999969482422,84.55000305175781,45.569644702405675,84.90799980163574,83.84846244012469,78.47634998321533,0.5478553771972656,0.006479661235043274,53.887313918240615,1.25,False,RSI_NOT_BELOW_38|CLOSE_NOT_NEAR_OR_BELOW_LOWER_BB|RSI_RECOVERY_NOT_CONFIRMED
2026-07-19T14:03:00.488269+00:00,HYP_OIL_MR_V1,BRENT_FUT,BZ=F,strategy-lab-v1.0.0:HYP_OIL_MR_V1,1784188800000,2026-07-16T08:00:00+00:00,84.56999969482422,84.70999908447266,84.2300033569336,84.33999633789062,48.979507101281165,84.8759994506836,83.78879569095696,78.53999996185303,0.5314265659877232,0.006301002953079027,45.569644702405675,1.2499999999999893,False,RSI_NOT_BELOW_38|CLOSE_NOT_NEAR_OR_BELOW_LOWER_BB|RSI_RECOVERY_NOT_CONFIRMED
2026-07-19T14:03:00.488269+00:00,HYP_OIL_MR_V1,BRENT_FUT,BZ=F,strategy-lab-v1.0.0:HYP_OIL_MR_V1,1784192400000,2026-07-16T09:00:00+00:00,84.31999969482422,84.75,83.83000183105469,84.62999725341797,40.94495757302696,84.85799942016601,83.76702723933651,78.605299949646,0.5335693359375,0.006304730630437905,48.979507101281165,1.25,False,RSI_NOT_BELOW_38|CLOSE_NOT_NEAR_OR_BELOW_LOWER_BB|RSI_RECOVERY_NOT_CONFIRMED
2026-07-19T14:03:00.488269+00:00,HYP_OIL_MR_V1,BRENT_FUT,BZ=F,strategy-lab-v1.0.0:HYP_OIL_MR_V1,1784196000000,2026-07-16T10:00:00+00:00,84.66999816894531,84.81999969482422,84.55999755859375,84.76000213623047,23.07731432394472,84.8544994354248,83.76274157751689,78.67134994506836,0.4685696193150112,0.005528192632202898,40.94495757302696,1.2499999999999878,False,CLOSE_NOT_NEAR_OR_BELOW_LOWER_BB|RSI_RECOVERY_NOT_CONFIRMED
2026-07-19T14:03:00.488269+00:00,HYP_OIL_MR_V1,BRENT_FUT,BZ=F,strategy-lab-v1.0.0:HYP_OIL_MR_V1,1784199600000,2026-07-16T11:00:00+00:00,84.7300033569336,85.52999877929688,84.43000030517578,84.7699966430664,25.842870001285846,84.91399917602538,83.98969746151234,78.7349499130249,0.5199977329799107,0.006134219105486338,23.07731432394472,1.2499999999999891,False,CLOSE_NOT_NEAR_OR_BELOW_LOWER_BB
2026-07-19T14:03:00.488269+00:00,HYP_OIL_MR_V1,BRENT_FUT,BZ=F,strategy-lab-v1.0.0:HYP_OIL_MR_V1,1784203200000,2026-07-16T12:00:00+00:00,84.73999786376953,86.08000183105469,84.72000122070312,85.86000061035156,54.77036469903164,84.9954990386963,84.03989533650973,78.8037999343872,0.5792835780552456,0.006746838736749383,25.842870001285846,1.2500000000000098,False,RSI_NOT_BELOW_38|CLOSE_NOT_NEAR_OR_BELOW_LOWER_BB
2026-07-19T14:03:00.488269+00:00,HYP_OIL_MR_V1,BRENT_FUT,BZ=F,strategy-lab-v1.0.0:HYP_OIL_MR_V1,1784206800000,2026-07-16T13:00:00+00:00,85.87000274658203,86.26000213623047,85.2699966430664,85.5,51.666628519985046,85.02899894714355,84.05221041372774,78.87024993896485,0.6314272199358258,0.007385113683459951,54.77036469903164,1.2499999999999956,False,RSI_NOT_BELOW_38|CLOSE_NOT_NEAR_OR_BELOW_LOWER_BB|RSI_RECOVERY_NOT_CONFIRMED
2026-07-19T14:03:00.488269+00:00,HYP_OIL_MR_V1,BRENT_FUT,BZ=F,strategy-lab-v1.0.0:HYP_OIL_MR_V1,1784210400000,2026-07-16T14:00:00+00:00,85.48999786376953,85.69999694824219,84.75,84.91000366210938,43.41748427646075,85.05449905395508,84.11896752503499,78.93644996643066,0.6778559003557477,0.007983227783774518,51.666628519985046,1.2499999999999958,False,RSI_NOT_BELOW_38|CLOSE_NOT_NEAR_OR_BELOW_LOWER_BB|RSI_RECOVERY_NOT_CONFIRMED
2026-07-19T14:03:00.488269+00:00,HYP_OIL_MR_V1,BRENT_FUT,BZ=F,strategy-lab-v1.0.0:HYP_OIL_MR_V1,1784214000000,2026-07-16T15:00:00+00:00,84.88999938964844,85.18000030517578,84.51000213623047,84.69999694824219,42.11959000555615,85.03499908447266,84.08706417978672,79.00194995880128,0.7007130214146206,0.008272881306510634,43.41748427646075,1.2499999999999918,False,RSI_NOT_BELOW_38|CLOSE_NOT_NEAR_OR_BELOW_LOWER_BB|RSI_RECOVERY_NOT_CONFIRMED
2026-07-19T14:03:00.488269+00:00,HYP_OIL_MR_V1,BRENT_FUT,BZ=F,strategy-lab-v1.0.0:HYP_OIL_MR_V1,1784217600000,2026-07-16T16:00:00+00:00,84.69999694824219,85.70999908447266,84.23999786376953,84.44000244140625,39.84580473961162,84.96649932861328,84.05518632454454,79.06619998931885,0.7892848423549107,0.009347285877953441,42.11959000555615,1.250000000000007,False,RSI_NOT_BELOW_38|CLOSE_NOT_NEAR_OR_BELOW_LOWER_BB|RSI_RECOVERY_NOT_CONFIRMED
2026-07-19T14:03:00.488269+00:00,HYP_OIL_MR_V1,BRENT_FUT,BZ=F,strategy-lab-v1.0.0:HYP_OIL_MR_V1,1784221200000,2026-07-16T17:00:00+00:00,84.44000244140625,84.6500015258789,84.06999969482422,84.1500015258789,41.89195598069155,84.89249954223632,83.96844578244772,79.12634998321533,0.7714282444545201,0.009167299233111485,39.84580473961162,1.2499999999999927,False,RSI_NOT_BELOW_38|CLOSE_NOT_NEAR_OR_BELOW_LOWER_BB|RSI_RECOVERY_NOT_CONFIRMED
2026-07-19T14:03:00.488269+00:00,HYP_OIL_MR_V1,BRENT_FUT,BZ=F,strategy-lab-v1.0.0:HYP_OIL_MR_V1,1784224800000,2026-07-16T18:00:00+00:00,84.16999816894531,84.41000366210938,83.94999694824219,84.29000091552734,46.301432856411274,84.82749977111817,83.92623619532836,79.18849998474121,0.7778576442173549,0.00922835016927925,41.89195598069155,1.2499999999999927,False,RSI_NOT_BELOW_38|CLOSE_NOT_NEAR_OR_BELOW_LOWER_BB
2026-07-19T14:03:00.488269+00:00,HYP_OIL_MR_V1,BRENT_FUT,BZ=F,strategy-lab-v1.0.0:HYP_OIL_MR_V1,1784228400000,2026-07-16T19:00:00+00:00,84.30999755859375,84.44999694824219,84.2300033569336,84.30999755859375,46.978017371474564,84.7729995727539,83.88507784044234,79.25149997711182,0.75,0.00889574216247326,46.301432856411274,1.25,False,RSI_NOT_BELOW_38|CLOSE_NOT_NEAR_OR_BELOW_LOWER_BB
2026-07-19T14:03:00.488269+00:00,HYP_OIL_MR_V1,BRENT_FUT,BZ=F,strategy-lab-v1.0.0:HYP_OIL_MR_V1,1784232000000,2026-07-16T20:00:00+00:00,84.30000305175781,84.97000122070312,84.13999938964844,84.86000061035156,54.067017958213704,84.74699974060059,83.90229527342554,79.31649997711182,0.7735715593610492,0.009115856160702004,46.978017371474564,1.2500000000000038,False,RSI_NOT_BELOW_38|CLOSE_NOT_NEAR_OR_BELOW_LOWER_BB
2026-07-19T14:03:00.488269+00:00,HYP_OIL_MR_V1,BRENT_FUT,BZ=F,strategy-lab-v1.0.0:HYP_OIL_MR_V1,1784239200000,2026-07-16T22:00:00+00:00,84.88999938964844,85.05000305175781,84.86000061035156,84.88999938964844,54.06693412085084,84.72749977111816,83.91554113516338,79.38064998626709,0.7485716683523995,0.008818137280416579,54.067017958213704,1.2500000000000038,False,RSI_NOT_BELOW_38|CLOSE_NOT_NEAR_OR_BELOW_LOWER_BB|RSI_RECOVERY_NOT_CONFIRMED
2026-07-19T14:03:00.488269+00:00,HYP_OIL_MR_V1,BRENT_FUT,BZ=F,strategy-lab-v1.0.0:HYP_OIL_MR_V1,1784242800000,2026-07-16T23:00:00+00:00,84.91999816894531,84.94999694824219,84.91999816894531,84.94999694824219,57.56824807845216,84.7134994506836,83.92743849972203,79.44509998321533,0.7185717991420201,0.008458761918259127,54.06693412085084,1.249999999999992,False,RSI_NOT_BELOW_38|CLOSE_NOT_NEAR_OR_BELOW_LOWER_BB
2026-07-19T14:03:00.488269+00:00,HYP_OIL_MR_V1,BRENT_FUT,BZ=F,strategy-lab-v1.0.0:HYP_OIL_MR_V1,1784246400000,2026-07-17T00:00:00+00:00,84.91000366210938,85.05000305175781,84.7699966430664,85.0199966430664,55.11810550598337,84.72699928283691,83.92970104220072,79.51449996948242,0.6728581019810268,0.007914115838016798,57.56824807845216,1.2499999999999916,False,RSI_NOT_BELOW_38|CLOSE_NOT_NEAR_OR_BELOW_LOWER_BB|RSI_RECOVERY_NOT_CONFIRMED
2026-07-19T14:03:00.488269+00:00,HYP_OIL_MR_V1,BRENT_FUT,BZ=F,strategy-lab-v1.0.0:HYP_OIL_MR_V1,1784250000000,2026-07-17T01:00:00+00:00,85.01000213623047,85.4800033569336,84.93000030517578,85.05999755859375,54.032203483686,84.75199928283692,83.94590739001518,79.58214996337891,0.6935724530901227,0.008153920444358748,55.11810550598337,1.249999999999996,False,RSI_NOT_BELOW_38|CLOSE_NOT_NEAR_OR_BELOW_LOWER_BB|RSI_RECOVERY_NOT_CONFIRMED
2026-07-19T14:03:00.488269+00:00,HYP_OIL_MR_V1,BRENT_FUT,BZ=F,strategy-lab-v1.0.0:HYP_OIL_MR_V1,1784253600000,2026-07-17T02:00:00+00:00,85.0999984741211,85.1500015258789,84.69999694824219,84.91999816894531,51.94807253674496,84.77149925231933,83.96897135569144,79.64844993591309,0.6471443176269531,0.0076206350869141865,54.032203483686,1.25,False,RSI_NOT_BELOW_38|CLOSE_NOT_NEAR_OR_BELOW_LOWER_BB|RSI_RECOVERY_NOT_CONFIRMED
2026-07-19T14:03:00.488269+00:00,HYP_OIL_MR_V1,BRENT_FUT,BZ=F,strategy-lab-v1.0.0:HYP_OIL_MR_V1,1784257200000,2026-07-17T03:00:00+00:00,84.94000244140625,85.05000305175781,84.7699966430664,85.05000305175781,35.986198448777444,84.79799957275391,83.99543859830924,79.71369995117188,0.5700018746512276,0.006701961836548657,51.94807253674496,1.2500000000000049,False,CLOSE_NOT_NEAR_OR_BELOW_LOWER_BB|RSI_RECOVERY_NOT_CONFIRMED
2026-07-19T14:03:00.488269+00:00,HYP_OIL_MR_V1,BRENT_FUT,BZ=F,strategy-lab-v1.0.0:HYP_OIL_MR_V1,1784260800000,2026-07-17T04:00:00+00:00,85.05999755859375,85.1500015258789,84.9800033569336,85.04000091552734,40.94490317580943,84.82249946594239,84.02180251095118,79.77864994049072,0.511429922921317,0.006013992443736388,35.986198448777444,1.250000000000011,False,RSI_NOT_BELOW_38|CLOSE_NOT_NEAR_OR_BELOW_LOWER_BB|RSI_RECOVERY_NOT_CONFIRMED
2026-07-19T14:03:00.488269+00:00,HYP_OIL_MR_V1,BRENT_FUT,BZ=F,strategy-lab-v1.0.0:HYP_OIL_MR_V1,1784264400000,2026-07-17T05:00:00+00:00,85.0199966430664,85.05000305175781,83.95999908447266,84.27999877929688,38.37632247203032,84.81949958801269,84.01118086254108,79.84114994049072,0.521430424281529,0.0061868822002120955,40.94490317580943,1.2499999999999944,False,RSI_NOT_BELOW_38|CLOSE_NOT_NEAR_OR_BELOW_LOWER_BB|RSI_RECOVERY_NOT_CONFIRMED
2026-07-19T14:03:00.488269+00:00,HYP_OIL_MR_V1,BRENT_FUT,BZ=F,strategy-lab-v1.0.0:HYP_OIL_MR_V1,1784268000000,2026-07-17T06:00:00+00:00,84.31999969482422,84.61000061035156,83.70999908447266,84.36000061035156,43.41092836062762,84.80599975585938,83.97672548566506,79.90219993591309,0.5378592354910714,0.00637576139876263,38.37632247203032,1.2500000000000053,False,RSI_NOT_BELOW_38|CLOSE_NOT_NEAR_OR_BELOW_LOWER_BB
2026-07-19T14:03:00.488269+00:00,HYP_OIL_MR_V1,BRENT_FUT,BZ=F,strategy-lab-v1.0.0:HYP_OIL_MR_V1,1784271600000,2026-07-17T07:00:00+00:00,84.30999755859375,84.86000061035156,84.30999755859375,84.44999694824219,50.20735459852351,84.79049949645996,83.94690052381686,79.96334991455078,0.47214508056640625,0.005590824128220811,43.41092836062762,1.25,False,RSI_NOT_BELOW_38|CLOSE_NOT_NEAR_OR_BELOW_LOWER_BB
2026-07-19T14:03:00.488269+00:00,HYP_OIL_MR_V1,BRENT_FUT,BZ=F,strategy-lab-v1.0.0:HYP_OIL_MR_V1,1784275200000,2026-07-17T08:00:00+00:00,84.44999694824219,85.06999969482422,84.18000030517578,84.98999786376953,65.78938310980577,84.80149955749512,83.95353076821938,80.02754989624023,0.4942877633231027,0.0058158345187323875,50.20735459852351,1.2500000000000058,False,RSI_NOT_BELOW_38|CLOSE_NOT_NEAR_OR_BELOW_LOWER_BB
2026-07-19T14:03:00.488269+00:00,HYP_OIL_MR_V1,BRENT_FUT,BZ=F,strategy-lab-v1.0.0:HYP_OIL_MR_V1,1784278800000,2026-07-17T09:00:00+00:00,85.05999755859375,85.88999938964844,85.02999877929688,85.66999816894531,71.5624262393576,84.7919994354248,83.9885922347184,80.09694988250732,0.5257159641810826,0.006136523583721173,65.78938310980577,1.2500000000000109,False,RSI_NOT_BELOW_38|CLOSE_NOT_NEAR_OR_BELOW_LOWER_BB
2026-07-19T14:03:00.488269+00:00,HYP_OIL_MR_V1,BRENT_FUT,BZ=F,strategy-lab-v1.0.0:HYP_OIL_MR_V1,1784282400000,2026-07-17T10:00:00+00:00,85.63999938964844,85.97000122070312,85.44000244140625,85.80000305175781,72.50754869194422,84.8069995880127,83.94240464813821,80.16624988555908,0.5478591918945312,0.006385305039721756,71.5624262393576,1.25,False,RSI_NOT_BELOW_38|CLOSE_NOT_NEAR_OR_BELOW_LOWER_BB
2026-07-19T14:03:00.488269+00:00,HYP_OIL_MR_V1,BRENT_FUT,BZ=F,strategy-lab-v1.0.0:HYP_OIL_MR_V1,1784286000000,2026-07-17T11:00:00+00:00,85.7699966430664,86.08000183105469,85.72000122070312,86.0199966430664,69.46299875830464,84.86249923706055,83.84891452469728,80.23644985198975,0.5142876761300224,0.005978699095560546,72.50754869194422,1.2499999999999944,False,RSI_NOT_BELOW_38|CLOSE_NOT_NEAR_OR_BELOW_LOWER_BB|RSI_RECOVERY_NOT_CONFIRMED
2026-07-19T14:03:00.488269+00:00,HYP_OIL_MR_V1,BRENT_FUT,BZ=F,strategy-lab-v1.0.0:HYP_OIL_MR_V1,1784289600000,2026-07-17T12:00:00+00:00,86.0199966430664,86.43000030517578,85.93000030517578,86.33999633789062,72.17117819162587,84.94449920654297,83.74793072669151,80.30774982452392,0.5364303588867188,0.0062129995557030655,69.46299875830464,1.25,False,RSI_NOT_BELOW_38|CLOSE_NOT_NEAR_OR_BELOW_LOWER_BB
2026-07-19T14:03:00.488269+00:00,HYP_OIL_MR_V1,BRENT_FUT,BZ=F,strategy-lab-v1.0.0:HYP_OIL_MR_V1,1784293200000,2026-07-17T13:00:00+00:00,86.33999633789062,87.01000213623047,86.2699966430664,86.95999908447266,76.24017194979353,85.07049903869628,83.6111098340824,80.3818998336792,0.5850023542131696,0.006727258053957662,72.17117819162587,1.2499999999999951,False,RSI_NOT_BELOW_38|CLOSE_NOT_NEAR_OR_BELOW_LOWER_BB
2026-07-19T14:03:00.488269+00:00,HYP_OIL_MR_V1,BRENT_FUT,BZ=F,strategy-lab-v1.0.0:HYP_OIL_MR_V1,1784296800000,2026-07-17T14:00:00+00:00,86.94999694824219,87.11000061035156,86.25,86.30000305175781,64.4796915104973,85.17799911499023,83.68921952272784,80.45279983520508,0.6264305114746094,0.0072587542215834236,76.24017194979353,1.25,False,RSI_NOT_BELOW_38|CLOSE_NOT_NEAR_OR_BELOW_LOWER_BB|RSI_RECOVERY_NOT_CONFIRMED
2026-07-19T14:03:00.488269+00:00,HYP_OIL_MR_V1,BRENT_FUT,BZ=F,strategy-lab-v1.0.0:HYP_OIL_MR_V1,1784300400000,2026-07-17T15:00:00+00:00,86.30000305175781,86.81999969482422,85.91999816894531,86.69999694824219,67.15480971199827,85.29849891662597,83.72879474513545,80.52534980773926,0.6514304024832589,0.007513615056666578,64.4796915104973,1.2500000000000044,False,RSI_NOT_BELOW_38|CLOSE_NOT_NEAR_OR_BELOW_LOWER_BB
2026-07-19T14:03:00.488269+00:00,HYP_OIL_MR_V1,BRENT_FUT,BZ=F,strategy-lab-v1.0.0:HYP_OIL_MR_V1,1784304000000,2026-07-17T16:00:00+00:00,86.69000244140625,87.7300033569336,86.6500015258789,87.66000366210938,74.46430809641365,85.46599922180175,83.65722623364636,80.60194984436035,0.6964302062988281,0.007944674620175231,67.15480971199827,1.25,False,RSI_NOT_BELOW_38|CLOSE_NOT_NEAR_OR_BELOW_LOWER_BB
2026-07-19T14:03:00.488269+00:00,HYP_OIL_MR_V1,BRENT_FUT,BZ=F,strategy-lab-v1.0.0:HYP_OIL_MR_V1,1784307600000,2026-07-17T17:00:00+00:00,87.66000366210938,88.11000061035156,87.44999694824219,87.98999786376953,75.34480286549761,85.62249908447265,83.53100252455876,80.67944984436035,0.7235728672572544,0.008223353617731936,74.46430809641365,1.2500000000000078,False,RSI_NOT_BELOW_38|CLOSE_NOT_NEAR_OR_BELOW_LOWER_BB
2026-07-19T14:03:00.488269+00:00,HYP_OIL_MR_V1,BRENT_FUT,BZ=F,strategy-lab-v1.0.0:HYP_OIL_MR_V1,1784311200000,2026-07-17T18:00:00+00:00,87.9800033569336,88.31999969482422,87.66000366210938,87.73999786376953,72.3509929592231,85.7649990081787,83.510540757825,80.75589984893799,0.7585727146693638,0.00864568877522849,75.34480286549761,1.2499999999999925,False,RSI_NOT_BELOW_38|CLOSE_NOT_NEAR_OR_BELOW_LOWER_BB|RSI_RECOVERY_NOT_CONFIRMED
2026-07-19T14:03:00.488269+00:00,HYP_OIL_MR_V1,BRENT_FUT,BZ=F,strategy-lab-v1.0.0:HYP_OIL_MR_V1,1784314800000,2026-07-17T19:00:00+00:00,87.69000244140625,87.86000061035156,87.41000366210938,87.79000091552734,82.92688512810383,85.90699920654296,83.52179341863726,80.8327498626709,0.7128579275948661,0.008120035541186371,72.3509929592231,1.249999999999996,False,RSI_NOT_BELOW_38|CLOSE_NOT_NEAR_OR_BELOW_LOWER_BB
2026-07-19T14:03:00.488269+00:00,HYP_OIL_MR_V1,BRENT_FUT,BZ=F,strategy-lab-v1.0.0:HYP_OIL_MR_V1,1784318400000,2026-07-17T20:00:00+00:00,87.83999633789062,88.19000244140625,87.69999694824219,88.0999984741211,83.6331352340074,86.06099929809571,83.53140704125614,80.91079986572265,0.683572496686663,0.007759052310170684,82.92688512810383,1.2499999999999958,False,RSI_NOT_BELOW_38|CLOSE_NOT_NEAR_OR_BELOW_LOWER_BB
2026-07-19T22:10:44.118814+00:00,HYP_OIL_MR_V1,OIL_FUT,CL=F,strategy-lab-v1.0.0:HYP_OIL_MR_V1,1784498400000,2026-07-19T22:00:00+00:00,81.77999877929688,81.77999877929688,81.77999877929688,81.77999877929688,77.01984332987703,80.22250022888184,77.96458179974155,76.0830498123169,0.6421421595982143,0.007852068588692333,77.5044683741018,1.2499999999999911,False,RSI_NOT_BELOW_38|CLOSE_NOT_NEAR_OR_BELOW_LOWER_BB|RSI_RECOVERY_NOT_CONFIRMED
2026-07-19T22:10:44.118814+00:00,HYP_OIL_MR_V1,BRENT_FUT,BZ=F,strategy-lab-v1.0.0:HYP_OIL_MR_V1,1784498400000,2026-07-19T22:00:00+00:00,88.0999984741211,88.0999984741211,88.0999984741211,88.0999984741211,83.36385559645338,86.21299934387207,83.5790814329136,80.98679985046387,0.6442865644182477,0.007313127986120266,83.6331352340074,1.2499999999999956,False,RSI_NOT_BELOW_38|CLOSE_NOT_NEAR_OR_BELOW_LOWER_BB|RSI_RECOVERY_NOT_CONFIRMED
2026-07-19T23:11:13.385241+00:00,HYP_OIL_MR_V1,OIL_FUT,CL=F,strategy-lab-v1.0.0:HYP_OIL_MR_V1,1784502000000,2026-07-19T23:00:00+00:00,84.04000091552734,84.0999984741211,83.95999908447266,84.04000091552734,82.48981875186561,80.58550033569335,77.48459427860301,76.1672998046875,0.7971420288085938,0.009485269159026302,83.63179415033059,1.25,False,RSI_NOT_BELOW_38|CLOSE_NOT_NEAR_OR_BELOW_LOWER_BB|RSI_RECOVERY_NOT_CONFIRMED
2026-07-19T23:11:13.385241+00:00,HYP_OIL_MR_V1,BRENT_FUT,BZ=F,strategy-lab-v1.0.0:HYP_OIL_MR_V1,1784502000000,2026-07-19T23:00:00+00:00,90.91000366210938,91.01000213623047,90.88999938964844,90.94999694824219,88.2051447580649,86.65749931335449,82.90312723706553,81.09094982147217,0.8271440778459821,0.00909449263991392,89.07567027437446,1.2499999999999967,False,RSI_NOT_BELOW_38|CLOSE_NOT_NEAR_OR_BELOW_LOWER_BB|RSI_RECOVERY_NOT_CONFIRMED
2026-07-20T00:11:48.386992+00:00,HYP_OIL_MR_V1,OIL_FUT,CL=F,strategy-lab-v1.0.0:HYP_OIL_MR_V1,1784505600000,2026-07-20T00:00:00+00:00,83.8499984741211,83.87999725341797,83.77999877929688,83.83999633789062,79.030009370786,80.80949974060059,77.51427742213129,76.23879978179932,0.7814276559012276,0.009320463860135804,80.37387175864573,1.2500000000000036,False,RSI_NOT_BELOW_38|CLOSE_NOT_NEAR_OR_BELOW_LOWER_BB|RSI_RECOVERY_NOT_CONFIRMED
2026-07-20T00:11:48.386992+00:00,HYP_OIL_MR_V1,BRENT_FUT,BZ=F,strategy-lab-v1.0.0:HYP_OIL_MR_V1,1784505600000,2026-07-20T00:00:00+00:00,90.66000366210938,90.70999908447266,90.6500015258789,90.70999908447266,84.2391693074141,86.93099937438964,82.90051041153617,81.17929985046386,0.7892864772251674,0.008701206980392022,86.10770541143398,1.249999999999993,False,RSI_NOT_BELOW_38|CLOSE_NOT_NEAR_OR_BELOW_LOWER_BB|RSI_RECOVERY_NOT_CONFIRMED
2026-07-20T04:04:33.948188+00:00,HYP_OIL_MR_V1,OIL_FUT,CL=F,strategy-lab-v1.0.0:HYP_OIL_MR_V1,1784509200000,2026-07-20T01:00:00+00:00,83.56999969482422,83.86000061035156,83.36000061035156,83.70999908447266,75.86690736551164,81.02199974060059,77.6274187368994,76.3091997909546,0.7992853437151227,0.009548266066859651,76.09898113816571,1.2499999999999964,False,RSI_NOT_BELOW_38|CLOSE_NOT_NEAR_OR_BELOW_LOWER_BB|RSI_RECOVERY_NOT_CONFIRMED
2026-07-20T04:04:33.948188+00:00,HYP_OIL_MR_V1,OIL_FUT,CL=F,strategy-lab-v1.0.0:HYP_OIL_MR_V1,1784516400000,2026-07-20T03:00:00+00:00,83.62000274658203,83.62000274658203,83.62000274658203,83.62000274658203,74.18909132387171,81.28400001525878,77.93698759963092,76.38094982147217,0.7757137843540737,0.009276653418739346,75.86690736551164,1.2499999999999927,False,RSI_NOT_BELOW_38|CLOSE_NOT_NEAR_OR_BELOW_LOWER_BB|RSI_RECOVERY_NOT_CONFIRMED
2026-07-20T04:04:33.948188+00:00,HYP_OIL_MR_V1,BRENT_FUT,BZ=F,strategy-lab-v1.0.0:HYP_OIL_MR_V1,1784509200000,2026-07-20T01:00:00+00:00,90.3499984741211,90.4800033569336,90.06999969482422,90.47000122070312,80.28536539991529,87.18449935913085,83.03007192601592,81.26544986724853,0.8042869567871094,0.008890095566872355,80.3109079678814,1.25,False,RSI_NOT_BELOW_38|CLOSE_NOT_NEAR_OR_BELOW_LOWER_BB|RSI_RECOVERY_NOT_CONFIRMED
2026-07-20T04:04:33.948188+00:00,HYP_OIL_MR_V1,BRENT_FUT,BZ=F,strategy-lab-v1.0.0:HYP_OIL_MR_V1,1784516400000,2026-07-20T03:00:00+00:00,90.2699966430664,90.2699966430664,90.2699966430664,90.2699966430664,77.6332812140357,87.48399925231934,83.34669330193063,81.35244983673095,0.7928586687360492,0.008783191516790072,80.28536539991529,1.2500000000000036,False,RSI_NOT_BELOW_38|CLOSE_NOT_NEAR_OR_BELOW_LOWER_BB|RSI_RECOVERY_NOT_CONFIRMED
2026-07-20T07:23:39.375734+00:00,HYP_OIL_MR_V1,OIL_FUT,CL=F,strategy-lab-v1.0.0:HYP_OIL_MR_V1,1784520000000,2026-07-20T04:00:00+00:00,83.63999938964844,83.7699966430664,83.47000122070312,83.55000305175781,67.8519596894879,81.75900001525879,78.66928346598134,76.52344982147217,0.7585716247558594,0.00907925310650123,72.080619939108,1.25,False,RSI_NOT_BELOW_38|CLOSE_NOT_NEAR_OR_BELOW_LOWER_BB|RSI_RECOVERY_NOT_CONFIRMED
2026-07-20T07:23:39.375734+00:00,HYP_OIL_MR_V1,OIL_FUT,CL=F,strategy-lab-v1.0.0:HYP_OIL_MR_V1,1784523600000,2026-07-20T05:00:00+00:00,83.54000091552734,83.86000061035156,83.43000030517578,83.80999755859375,79.47468379803163,81.98499984741211,78.99097721356247,76.59679981231689,0.7121429443359375,0.008497112099759457,67.8519596894879,1.25,False,RSI_NOT_BELOW_38|CLOSE_NOT_NEAR_OR_BELOW_LOWER_BB
2026-07-20T07:23:39.375734+00:00,HYP_OIL_MR_V1,OIL_FUT,CL=F,strategy-lab-v1.0.0:HYP_OIL_MR_V1,1784527200000,2026-07-20T06:00:00+00:00,83.80999755859375,84.19999694824219,83.66999816894531,83.88999938964844,78.10872815556033,82.19099998474121,79.26884596453328,76.66609981536865,0.6764286586216518,0.008063281243808416,79.47468379803163,1.2500000000000084,False,RSI_NOT_BELOW_38|CLOSE_NOT_NEAR_OR_BELOW_LOWER_BB|RSI_RECOVERY_NOT_CONFIRMED
2026-07-20T07:23:39.375734+00:00,HYP_OIL_MR_V1,OIL_FUT,CL=F,strategy-lab-v1.0.0:HYP_OIL_MR_V1,1784530800000,2026-07-20T07:00:00+00:00,83.87999725341797,84.16999816894531,83.63999938964844,84.02999877929688,75.29658333584632,82.39349975585938,79.55208433669839,76.73509979248047,0.6485715593610492,0.007718333556858777,78.10872815556033,1.2500000000000044,False,RSI_NOT_BELOW_38|CLOSE_NOT_NEAR_OR_BELOW_LOWER_BB|RSI_RECOVERY_NOT_CONFIRMED
2026-07-20T07:23:39.375734+00:00,HYP_OIL_MR_V1,BRENT_FUT,BZ=F,strategy-lab-v1.0.0:HYP_OIL_MR_V1,1784520000000,2026-07-20T04:00:00+00:00,90.27999877929688,90.44000244140625,90.19000244140625,90.26000213623047,73.37118502300711,88.0449993133545,84.2228712115046,81.52464981079102,0.7750004359654018,0.008586310853346588,75.61932954747786,1.2499999999999927,False,RSI_NOT_BELOW_38|CLOSE_NOT_NEAR_OR_BELOW_LOWER_BB|RSI_RECOVERY_NOT_CONFIRMED
2026-07-20T07:23:39.375734+00:00,HYP_OIL_MR_V1,BRENT_FUT,BZ=F,strategy-lab-v1.0.0:HYP_OIL_MR_V1,1784523600000,2026-07-20T05:00:00+00:00,90.2300033569336,90.63999938964844,90.16999816894531,90.62000274658203,81.95272249152131,88.32649955749511,84.61823642740588,81.61474983215332,0.7471433367047992,0.008244794902447512,73.37118502300711,1.2500000000000038,False,RSI_NOT_BELOW_38|CLOSE_NOT_NEAR_OR_BELOW_LOWER_BB
2026-07-20T07:23:39.375734+00:00,HYP_OIL_MR_V1,BRENT_FUT,BZ=F,strategy-lab-v1.0.0:HYP_OIL_MR_V1,1784527200000,2026-07-20T06:00:00+00:00,90.62000274658203,91.05000305175781,90.58000183105469,90.80000305175781,81.3456445911737,88.58299980163574,84.93604354706468,81.70094985961914,0.7164290291922433,0.007890187280983509,81.95272249152131,1.250000000000004,False,RSI_NOT_BELOW_38|CLOSE_NOT_NEAR_OR_BELOW_LOWER_BB|RSI_RECOVERY_NOT_CONFIRMED
2026-07-20T07:23:39.375734+00:00,HYP_OIL_MR_V1,BRENT_FUT,BZ=F,strategy-lab-v1.0.0:HYP_OIL_MR_V1,1784530800000,2026-07-20T07:00:00+00:00,90.7300033569336,91.08000183105469,90.55000305175781,90.87999725341797,78.44526969192509,88.83699951171874,85.29462011523981,81.7864998626709,0.6771430969238281,0.007450958598024836,81.3456445911737,1.25,False,RSI_NOT_BELOW_38|CLOSE_NOT_NEAR_OR_BELOW_LOWER_BB|RSI_RECOVERY_NOT_CONFIRMED
2026-07-20T10:23:53.063888+00:00,HYP_OIL_MR_V1,OIL_FUT,CL=F,strategy-lab-v1.0.0:HYP_OIL_MR_V1,1784534400000,2026-07-20T08:00:00+00:00,82.20999908447266,82.2300033569336,81.2699966430664,81.56999969482422,48.55909396725723,82.37199974060059,79.78226278361754,76.78219982147216,0.7835720607212612,0.009606130484894195,55.69046957488191,1.2500000000000073,False,RSI_NOT_BELOW_38|CLOSE_NOT_NEAR_OR_BELOW_LOWER_BB|RSI_RECOVERY_NOT_CONFIRMED
2026-07-20T10:23:53.063888+00:00,HYP_OIL_MR_V1,OIL_FUT,CL=F,strategy-lab-v1.0.0:HYP_OIL_MR_V1,1784538000000,2026-07-20T09:00:00+00:00,81.56999969482422,81.73999786376953,80.94999694824219,81.16999816894531,48.28075813221406,82.41299972534179,79.92879416969788,76.83584980010987,0.7878576006208148,0.00970626608837648,48.55909396725723,1.2500000000000036,False,RSI_NOT_BELOW_38|CLOSE_NOT_NEAR_OR_BELOW_LOWER_BB|RSI_RECOVERY_NOT_CONFIRMED
2026-07-20T10:23:53.063888+00:00,HYP_OIL_MR_V1,OIL_FUT,CL=F,strategy-lab-v1.0.0:HYP_OIL_MR_V1,1784541600000,2026-07-20T10:00:00+00:00,81.18000030517578,81.5,81.1500015258789,81.33000183105469,49.22643574555756,82.42249984741211,79.95645298040296,76.8903998184204,0.7850003923688617,0.009652039526563991,48.28075813221406,1.2500000000000036,False,RSI_NOT_BELOW_38|CLOSE_NOT_NEAR_OR_BELOW_LOWER_BB
2026-07-20T10:23:53.063888+00:00,HYP_OIL_MR_V1,BRENT_FUT,BZ=F,strategy-lab-v1.0.0:HYP_OIL_MR_V1,1784534400000,2026-07-20T08:00:00+00:00,88.93000030517578,88.93000030517578,87.94000244140625,88.22000122070312,51.468732613395986,88.85049972534179,85.6560443975956,81.84819988250733,0.8349996294294085,0.009464969597319095,58.680986256807934,1.2500000000000033,False,RSI_NOT_BELOW_38|CLOSE_NOT_NEAR_OR_BELOW_LOWER_BB|RSI_RECOVERY_NOT_CONFIRMED
2026-07-20T10:23:53.063888+00:00,HYP_OIL_MR_V1,BRENT_FUT,BZ=F,strategy-lab-v1.0.0:HYP_OIL_MR_V1,1784538000000,2026-07-20T09:00:00+00:00,88.22000122070312,88.54000091552734,87.56999969482422,87.95999908447266,51.403069664968214,88.9314998626709,85.91879782320972,81.91739986419678,0.8571428571428571,0.009744689245843412,51.468732613395986,1.2499999999999967,False,RSI_NOT_BELOW_38|CLOSE_NOT_NEAR_OR_BELOW_LOWER_BB|RSI_RECOVERY_NOT_CONFIRMED
2026-07-20T10:23:53.063888+00:00,HYP_OIL_MR_V1,BRENT_FUT,BZ=F,strategy-lab-v1.0.0:HYP_OIL_MR_V1,1784541600000,2026-07-20T10:00:00+00:00,87.97000122070312,88.30000305175781,87.91999816894531,88.11000061035156,52.01511274503681,88.98899993896484,86.08714575859958,81.98724987030029,0.8521434238978794,0.009671358733344121,51.403069664968214,1.2499999999999933,False,RSI_NOT_BELOW_38|CLOSE_NOT_NEAR_OR_BELOW_LOWER_BB
2026-07-20T12:29:53.097866+00:00,HYP_OIL_MR_V1,OIL_FUT,CL=F,strategy-lab-v1.0.0:HYP_OIL_MR_V1,1784545200000,2026-07-20T11:00:00+00:00,81.62999725341797,81.72000122070312,79.58000183105469,80.27999877929688,41.11373058072075,82.44099960327148,80.00961495213268,76.93609981536865,0.9228575570242745,0.011495485439173512,51.34769143449399,1.250000000000003,False,RSI_NOT_BELOW_38|CLOSE_NOT_NEAR_OR_BELOW_LOWER_BB|RSI_RECOVERY_NOT_CONFIRMED
2026-07-20T12:29:53.097866+00:00,HYP_OIL_MR_V1,OIL_FUT,CL=F,strategy-lab-v1.0.0:HYP_OIL_MR_V1,1784548800000,2026-07-20T12:00:00+00:00,80.26000213623047,81.69999694824219,80.23999786376953,81.5199966430664,33.10896912604751,82.48299942016601,80.14761915813602,76.98429981231689,0.8257146562848773,0.010128982952492645,41.11373058072075,1.2500000000000036,False,CLOSE_NOT_NEAR_OR_BELOW_LOWER_BB|RSI_RECOVERY_NOT_CONFIRMED
2026-07-20T12:29:53.097866+00:00,HYP_OIL_MR_V1,BRENT_FUT,BZ=F,strategy-lab-v1.0.0:HYP_OIL_MR_V1,1784545200000,2026-07-20T11:00:00+00:00,88.27999877929688,88.51000213623047,86.13999938964844,86.88999938964844,43.48762666723607,89.02949981689453,86.23995787057372,82.04749988555908,1.0092860630580358,0.011615675798684333,53.308830747970866,1.2499999999999944,False,RSI_NOT_BELOW_38|CLOSE_NOT_NEAR_OR_BELOW_LOWER_BB|RSI_RECOVERY_NOT_CONFIRMED
2026-07-20T12:29:53.097866+00:00,HYP_OIL_MR_V1,BRENT_FUT,BZ=F,strategy-lab-v1.0.0:HYP_OIL_MR_V1,1784548800000,2026-07-20T12:00:00+00:00,86.91999816894531,88.5,86.91999816894531,88.36000061035156,33.54431663333233,89.1125,86.51282362337125,82.11094989776612,0.8864288330078125,0.010032014790456728,43.48762666723607,1.25,False,CLOSE_NOT_NEAR_OR_BELOW_LOWER_BB|RSI_RECOVERY_NOT_CONFIRMED
2026-07-20T14:41:31.144159+00:00,HYP_OIL_MR_V1,OIL_FUT,CL=F,strategy-lab-v1.0.0:HYP_OIL_MR_V1,1784552400000,2026-07-20T13:00:00+00:00,81.87999725341797,81.98999786376953,81.0999984741211,81.70999908447266,36.258068707933695,82.51249961853027,80.22023635497223,77.03359985351562,0.8871432713099888,0.010857217981276084,36.11826163361409,1.2500000000000064,False,CLOSE_NOT_NEAR_OR_BELOW_LOWER_BB|RSI_RECOVERY_NOT_CONFIRMED
2026-07-20T14:41:31.144159+00:00,HYP_OIL_MR_V1,OIL_FUT,CL=F,strategy-lab-v1.0.0:HYP_OIL_MR_V1,1784556000000,2026-07-20T14:00:00+00:00,81.70999908447266,82.0199966430664,81.45999908447266,81.62999725341797,37.16929187893076,82.50549964904785,80.20337566838609,77.0794998550415,0.8999998910086495,0.011025357359925247,36.258068707933695,1.250000000000003,False,CLOSE_NOT_NEAR_OR_BELOW_LOWER_BB|RSI_RECOVERY_NOT_CONFIRMED
2026-07-20T14:41:31.144159+00:00,HYP_OIL_MR_V1,BRENT_FUT,BZ=F,strategy-lab-v1.0.0:HYP_OIL_MR_V1,1784552400000,2026-07-20T13:00:00+00:00,88.5199966430664,88.62999725341797,87.55999755859375,88.12999725341797,34.09913226060597,89.14449958801269,86.59892597016137,82.17314987182617,0.9564290727887835,0.010852480456099073,34.944235458061485,1.2500000000000029,False,CLOSE_NOT_NEAR_OR_BELOW_LOWER_BB|RSI_RECOVERY_NOT_CONFIRMED
2026-07-20T14:41:31.144159+00:00,HYP_OIL_MR_V1,BRENT_FUT,BZ=F,strategy-lab-v1.0.0:HYP_OIL_MR_V1,1784556000000,2026-07-20T14:00:00+00:00,88.06999969482422,88.33999633789062,87.7699966430664,87.97000122070312,35.162105675720156,89.14349975585938,86.59609804392822,82.23179988861084,0.965714590890067,0.010977771711827518,34.09913226060597,1.250000000000006,False,CLOSE_NOT_NEAR_OR_BELOW_LOWER_BB|RSI_RECOVERY_NOT_CONFIRMED
2026-07-20T16:14:53.327382+00:00,HYP_OIL_MR_V1,OIL_FUT,CL=F,strategy-lab-v1.0.0:HYP_OIL_MR_V1,1784559600000,2026-07-20T15:00:00+00:00,81.98999786376953,82.08000183105469,81.11000061035156,81.55999755859375,36.75743252047567,82.53149948120117,80.26574386850302,77.12704986572265,0.9492857796805245,0.01163910995704169,39.89703749598646,1.2500000000000029,False,CLOSE_NOT_NEAR_OR_BELOW_LOWER_BB|RSI_RECOVERY_NOT_CONFIRMED
2026-07-20T16:14:53.327382+00:00,HYP_OIL_MR_V1,OIL_FUT,CL=F,strategy-lab-v1.0.0:HYP_OIL_MR_V1,1784563200000,2026-07-20T16:00:00+00:00,81.56999969482422,81.58000183105469,81.18000030517578,81.27999877929688,37.03241444523296,82.5234992980957,80.24131391374337,77.17349987030029,0.9392858232770648,0.011556174180409974,36.75743252047567,1.250000000000003,False,CLOSE_NOT_NEAR_OR_BELOW_LOWER_BB|RSI_RECOVERY_NOT_CONFIRMED
2026-07-20T16:14:53.327382+00:00,HYP_OIL_MR_V1,BRENT_FUT,BZ=F,strategy-lab-v1.0.0:HYP_OIL_MR_V1,1784559600000,2026-07-20T15:00:00+00:00,88.41999816894531,88.4800033569336,87.43000030517578,88.1500015258789,37.363994811645384,89.18549995422363,86.71147856974287,82.29374988555908,1.0307143075125558,0.011692731590140252,38.00740604495427,1.2500000000000027,False,CLOSE_NOT_NEAR_OR_BELOW_LOWER_BB|RSI_RECOVERY_NOT_CONFIRMED
2026-07-20T16:14:53.327382+00:00,HYP_OIL_MR_V1,BRENT_FUT,BZ=F,strategy-lab-v1.0.0:HYP_OIL_MR_V1,1784563200000,2026-07-20T16:00:00+00:00,88.18000030517578,88.18000030517578,87.72000122070312,87.81999969482422,36.96173351354261,89.18699989318847,86.71633045154232,82.35414989471435,1.0192860194614954,0.011606536358500674,37.363994811645384,1.2500000000000056,False,CLOSE_NOT_NEAR_OR_BELOW_LOWER_BB|RSI_RECOVERY_NOT_CONFIRMED
2026-07-20T18:51:44.362534+00:00,HYP_OIL_MR_V1,OIL_FUT,CL=F,strategy-lab-v1.0.0:HYP_OIL_MR_V1,1784566800000,2026-07-20T17:00:00+00:00,81.9000015258789,82.29000091552734,81.66999816894531,82.16000366210938,40.81889966510229,82.5729995727539,80.36269598507126,77.2266999053955,1.0221426827566964,0.012440879225862171,40.8921940114507,1.2500000000000029,False,RSI_NOT_BELOW_38|CLOSE_NOT_NEAR_OR_BELOW_LOWER_BB|RSI_RECOVERY_NOT_CONFIRMED
2026-07-20T18:51:44.362534+00:00,HYP_OIL_MR_V1,OIL_FUT,CL=F,strategy-lab-v1.0.0:HYP_OIL_MR_V1,1784570400000,2026-07-20T18:00:00+00:00,82.16999816894531,82.80999755859375,81.81999969482422,82.77999877929688,45.5180254194385,82.5104995727539,80.40009265785544,77.27929988861084,1.0714285714285714,0.012943085132015412,40.81889966510229,1.2500000000000027,False,RSI_NOT_BELOW_38|CLOSE_NOT_NEAR_OR_BELOW_LOWER_BB
2026-07-20T18:51:44.362534+00:00,HYP_OIL_MR_V1,BRENT_FUT,BZ=F,strategy-lab-v1.0.0:HYP_OIL_MR_V1,1784566800000,2026-07-20T17:00:00+00:00,88.62000274658203,89.18000030517578,88.38999938964844,89.0199966430664,42.75782565031049,89.27199974060059,86.91833293782774,82.42394989013673,1.1235716683523995,0.012621564937341663,41.745277289694656,1.2500000000000024,False,RSI_NOT_BELOW_38|CLOSE_NOT_NEAR_OR_BELOW_LOWER_BB
2026-07-20T18:51:44.362534+00:00,HYP_OIL_MR_V1,BRENT_FUT,BZ=F,strategy-lab-v1.0.0:HYP_OIL_MR_V1,1784570400000,2026-07-20T18:00:00+00:00,89.02999877929688,89.5,88.73999786376953,89.44000244140625,45.46461157252174,89.19599990844726,86.97059654163066,82.49094989776611,1.1600003923688615,0.012969592583908958,42.75782565031049,1.2500000000000024,False,RSI_NOT_BELOW_38|CLOSE_NOT_NEAR_OR_BELOW_LOWER_BB
2026-07-20T20:01:36.094652+00:00,HYP_OIL_MR_V1,OIL_FUT,CL=F,strategy-lab-v1.0.0:HYP_OIL_MR_V1,1784574000000,2026-07-20T19:00:00+00:00,82.87000274658203,82.98999786376953,82.16000366210938,82.4800033569336,42.43463165889118,82.44650001525879,80.42313364266657,77.33079990386963,1.125713893345424,0.013648325018536654,46.02075332894519,1.2500000000000024,False,RSI_NOT_BELOW_38|CLOSE_NOT_NEAR_OR_BELOW_LOWER_BB|RSI_RECOVERY_NOT_CONFIRMED
2026-07-20T20:01:36.094652+00:00,HYP_OIL_MR_V1,BRENT_FUT,BZ=F,strategy-lab-v1.0.0:HYP_OIL_MR_V1,1784574000000,2026-07-20T19:00:00+00:00,89.43000030517578,89.48999786376953,88.66000366210938,88.95999908447266,40.919031719532555,89.10549964904786,86.99822144453154,82.55549987792969,1.2042857578822546,0.013537385007600053,45.40420520082259,1.2500000000000047,False,RSI_NOT_BELOW_38|CLOSE_NOT_NEAR_OR_BELOW_LOWER_BB|RSI_RECOVERY_NOT_CONFIRMED
2026-07-20T21:19:07.024481+00:00,HYP_OIL_MR_V1,OIL_FUT,CL=F,strategy-lab-v1.0.0:HYP_OIL_MR_V1,1784577600000,2026-07-20T20:00:00+00:00,82.43000030517578,82.55999755859375,82.36000061035156,82.41999816894531,41.619167919380885,82.38599967956543,80.42973373301656,77.38079986572265,1.102142333984375,0.013372268362894076,42.14691505961258,1.25,False,RSI_NOT_BELOW_38|CLOSE_NOT_NEAR_OR_BELOW_LOWER_BB|RSI_RECOVERY_NOT_CONFIRMED
2026-07-20T21:19:07.024481+00:00,HYP_OIL_MR_V1,BRENT_FUT,BZ=F,strategy-lab-v1.0.0:HYP_OIL_MR_V1,1784577600000,2026-07-20T20:00:00+00:00,88.93000030517578,89.0199966430664,88.8499984741211,88.91999816894531,39.55554613656594,89.03449974060058,87.00545512307902,82.61929988861084,1.1828569684709822,0.013302485299466489,40.96385944886265,1.2499999999999976,False,RSI_NOT_BELOW_38|CLOSE_NOT_NEAR_OR_BELOW_LOWER_BB|RSI_RECOVERY_NOT_CONFIRMED
2026-07-20T22:17:09.202912+00:00,HYP_OIL_MR_V1,OIL_FUT,CL=F,strategy-lab-v1.0.0:HYP_OIL_MR_V1,1784584800000,2026-07-20T22:00:00+00:00,82.41999816894531,82.69000244140625,82.4000015258789,82.6500015258789,52.933143622607496,82.33349990844727,80.46679875927933,77.43019989013672,0.9757140023367745,0.011805371861139826,41.619167919380885,1.2500000000000029,False,RSI_NOT_BELOW_38|CLOSE_NOT_NEAR_OR_BELOW_LOWER_BB
2026-07-20T22:17:09.202912+00:00,HYP_OIL_MR_V1,BRENT_FUT,BZ=F,strategy-lab-v1.0.0:HYP_OIL_MR_V1,1784584800000,2026-07-20T22:00:00+00:00,88.88999938964844,89.0999984741211,88.83000183105469,89.0999984741211,51.02320144802182,88.97749977111816,87.02449210455998,82.68169986724854,1.0314282008579798,0.01157607428194913,39.55554613656594,1.2500000000000056,False,RSI_NOT_BELOW_38|CLOSE_NOT_NEAR_OR_BELOW_LOWER_BB
2026-07-20T23:18:37.083890+00:00,HYP_OIL_MR_V1,OIL_FUT,CL=F,strategy-lab-v1.0.0:HYP_OIL_MR_V1,1784588400000,2026-07-20T23:00:00+00:00,82.62999725341797,82.73999786376953,82.62999725341797,82.62999725341797,57.957917020833,82.29599952697754,80.48400147423847,77.48039985656739,0.914999280657087,0.011073451664906576,52.80434258494852,1.250000000000003,False,RSI_NOT_BELOW_38|CLOSE_NOT_NEAR_OR_BELOW_LOWER_BB
2026-07-20T23:18:37.083890+00:00,HYP_OIL_MR_V1,BRENT_FUT,BZ=F,strategy-lab-v1.0.0:HYP_OIL_MR_V1,1784588400000,2026-07-20T23:00:00+00:00,89.12000274658203,89.13999938964844,89.12000274658203,89.13999938964844,56.92768177222171,88.93499984741212,87.03665742276911,82.7452498626709,0.9650001525878906,0.010825669275245173,51.089941480349665,1.25,False,RSI_NOT_BELOW_38|CLOSE_NOT_NEAR_OR_BELOW_LOWER_BB
2026-07-21T00:15:39.965509+00:00,HYP_OIL_MR_V1,OIL_FUT,CL=F,strategy-lab-v1.0.0:HYP_OIL_MR_V1,1784592000000,2026-07-21T00:00:00+00:00,82.47000122070312,82.54000091552734,82.37999725341797,82.44999694824219,59.93785140728771,82.2294994354248,80.52822344838307,77.53164985656738,0.8828566414969308,0.01070778258550018,56.76467420329139,1.250000000000003,False,RSI_NOT_BELOW_38|CLOSE_NOT_NEAR_OR_BELOW_LOWER_BB|RSI_RECOVERY_NOT_CONFIRMED
2026-07-21T00:15:39.965509+00:00,HYP_OIL_MR_V1,BRENT_FUT,BZ=F,strategy-lab-v1.0.0:HYP_OIL_MR_V1,1784592000000,2026-07-21T00:00:00+00:00,89.01000213623047,89.02999877929688,88.83999633789062,88.87000274658203,56.90441624236193,88.85800018310547,87.06444788522542,82.80904987335205,0.9171431405203683,0.01032005302324177,55.803548113886606,1.250000000000003,False,RSI_NOT_BELOW_38|CLOSE_NOT_NEAR_OR_BELOW_LOWER_BB|RSI_RECOVERY_NOT_CONFIRMED
2026-07-21T03:50:05.601446+00:00,HYP_OIL_MR_V1,OIL_FUT,CL=F,strategy-lab-v1.0.0:HYP_OIL_MR_V1,1784595600000,2026-07-21T01:00:00+00:00,82.51000213623047,82.55999755859375,81.91999816894531,82.41000366210938,56.38476351462487,82.17499961853028,80.57965020871615,77.56969989776611,0.8849994114467076,0.010738980367909075,60.37439863647292,1.2500000000000064,False,RSI_NOT_BELOW_38|CLOSE_NOT_NEAR_OR_BELOW_LOWER_BB|RSI_RECOVERY_NOT_CONFIRMED
2026-07-21T03:50:05.601446+00:00,HYP_OIL_MR_V1,OIL_FUT,CL=F,strategy-lab-v1.0.0:HYP_OIL_MR_V1,1784599200000,2026-07-21T02:00:00+00:00,82.43000030517578,82.52999877929688,82.12999725341797,82.1500015258789,68.9654852233177,82.09199981689453,80.6837863390323,77.60594989776611,0.7607138497488839,0.009260058863288562,56.38476351462487,1.2500000000000038,False,RSI_NOT_BELOW_38|CLOSE_NOT_NEAR_OR_BELOW_LOWER_BB|RSI_RECOVERY_NOT_CONFIRMED
2026-07-21T03:50:05.601446+00:00,HYP_OIL_MR_V1,OIL_FUT,CL=F,strategy-lab-v1.0.0:HYP_OIL_MR_V1,1784602800000,2026-07-21T03:00:00+00:00,82.1500015258789,82.4000015258789,82.0999984741211,82.23999786376953,55.39350235109369,82.00949974060059,80.86334951461366,77.64639987945557,0.6471426827566964,0.007868953058932315,68.9654852233177,1.2500000000000044,False,RSI_NOT_BELOW_38|CLOSE_NOT_NEAR_OR_BELOW_LOWER_BB|RSI_RECOVERY_NOT_CONFIRMED
2026-07-21T03:50:05.601446+00:00,HYP_OIL_MR_V1,BRENT_FUT,BZ=F,strategy-lab-v1.0.0:HYP_OIL_MR_V1,1784595600000,2026-07-21T01:00:00+00:00,88.94999694824219,88.9800033569336,88.30999755859375,88.75,53.312282340029704,88.78600006103515,87.11070284881228,82.8595998764038,0.9178570338657924,0.010342051085811746,57.51534944786454,1.2500000000000062,False,RSI_NOT_BELOW_38|CLOSE_NOT_NEAR_OR_BELOW_LOWER_BB|RSI_RECOVERY_NOT_CONFIRMED
2026-07-21T03:50:05.601446+00:00,HYP_OIL_MR_V1,BRENT_FUT,BZ=F,strategy-lab-v1.0.0:HYP_OIL_MR_V1,1784599200000,2026-07-21T02:00:00+00:00,88.69000244140625,88.87999725341797,88.5,88.5,65.63104609923823,88.67999992370605,87.22902691579364,82.90829986572265,0.7757137843540737,0.008765127506825692,53.312282340029704,1.2500000000000073,False,RSI_NOT_BELOW_38|CLOSE_NOT_NEAR_OR_BELOW_LOWER_BB|RSI_RECOVERY_NOT_CONFIRMED
2026-07-21T03:50:05.601446+00:00,HYP_OIL_MR_V1,BRENT_FUT,BZ=F,strategy-lab-v1.0.0:HYP_OIL_MR_V1,1784602800000,2026-07-21T03:00:00+00:00,88.45999908447266,88.75,88.45999908447266,88.62999725341797,51.37360276502139,88.57149963378906,87.49453593019481,82.96059986114501,0.6607137407575335,0.007454741749211252,65.63104609923823,1.2500000000000042,False,RSI_NOT_BELOW_38|CLOSE_NOT_NEAR_OR_BELOW_LOWER_BB|RSI_RECOVERY_NOT_CONFIRMED
2026-07-21T06:19:33.059339+00:00,HYP_OIL_MR_V1,OIL_FUT,CL=F,strategy-lab-v1.0.0:HYP_OIL_MR_V1,1784606400000,2026-07-21T04:00:00+00:00,82.16999816894531,82.23999786376953,81.91000366210938,82.13999938964844,55.922848801894936,82.01199989318847,80.86154528693895,77.68734989166259,0.6142856052943638,0.007478519720707208,57.02244662657677,1.2499999999999907,False,RSI_NOT_BELOW_38|CLOSE_NOT_NEAR_OR_BELOW_LOWER_BB|RSI_RECOVERY_NOT_CONFIRMED
2026-07-21T06:19:33.059339+00:00,HYP_OIL_MR_V1,OIL_FUT,CL=F,strategy-lab-v1.0.0:HYP_OIL_MR_V1,1784610000000,2026-07-21T05:00:00+00:00,82.13999938964844,82.41999816894531,81.81999969482422,82.05000305175781,50.72890577385904,82.03600006103515,80.90354353570824,77.72839992523194,0.6014284406389508,0.0073300233792747685,55.922848801894936,1.2499999999999953,False,RSI_NOT_BELOW_38|CLOSE_NOT_NEAR_OR_BELOW_LOWER_BB|RSI_RECOVERY_NOT_CONFIRMED
2026-07-21T06:19:33.059339+00:00,HYP_OIL_MR_V1,OIL_FUT,CL=F,strategy-lab-v1.0.0:HYP_OIL_MR_V1,1784613600000,2026-07-21T06:00:00+00:00,82.05999755859375,82.12999725341797,82.02999877929688,82.08999633789062,58.7458579673069,82.08199996948242,81.02153541108872,77.77009990692139,0.539285387311663,0.006569440996097874,50.72890577385904,1.2499999999999947,False,RSI_NOT_BELOW_38|CLOSE_NOT_NEAR_OR_BELOW_LOWER_BB
2026-07-21T06:19:33.059339+00:00,HYP_OIL_MR_V1,BRENT_FUT,BZ=F,strategy-lab-v1.0.0:HYP_OIL_MR_V1,1784606400000,2026-07-21T04:00:00+00:00,88.55000305175781,88.61000061035156,88.30000305175781,88.5199966430664,56.230012480012476,88.54349975585937,87.48098793962824,83.01194984436034,0.5885707310267857,0.0066490143848518465,49.57266815051819,1.2499999999999905,False,RSI_NOT_BELOW_38|CLOSE_NOT_NEAR_OR_BELOW_LOWER_BB
2026-07-21T06:19:33.059339+00:00,HYP_OIL_MR_V1,BRENT_FUT,BZ=F,strategy-lab-v1.0.0:HYP_OIL_MR_V1,1784610000000,2026-07-21T05:00:00+00:00,88.54000091552734,88.7699966430664,88.13999938964844,88.37000274658203,49.50168049760979,88.55099983215332,87.49563433288345,83.06419986724853,0.573570796421596,0.0064905599026223925,56.230012480012476,1.2500000000000049,False,RSI_NOT_BELOW_38|CLOSE_NOT_NEAR_OR_BELOW_LOWER_BB|RSI_RECOVERY_NOT_CONFIRMED
2026-07-21T06:19:33.059339+00:00,HYP_OIL_MR_V1,BRENT_FUT,BZ=F,strategy-lab-v1.0.0:HYP_OIL_MR_V1,1784613600000,2026-07-21T06:00:00+00:00,88.41000366210938,88.43000030517578,88.33999633789062,88.41000366210938,54.64290288037362,88.57350006103516,87.55081198391106,83.11639987945557,0.5049994332449776,0.005712016879617092,49.50168049760979,1.2500000000000056,False,RSI_NOT_BELOW_38|CLOSE_NOT_NEAR_OR_BELOW_LOWER_BB
2026-07-21T09:06:43.145165+00:00,HYP_OIL_MR_V1,OIL_FUT,CL=F,strategy-lab-v1.0.0:HYP_OIL_MR_V1,1784617200000,2026-07-21T07:00:00+00:00,82.30999755859375,83.05000305175781,81.88999938964844,81.91999816894531,50.50502974691999,82.09850006103515,81.0560357431705,77.80344989776611,0.5464281354631696,0.006670265474570196,63.10347821282843,1.249999999999995,False,RSI_NOT_BELOW_38|CLOSE_NOT_NEAR_OR_BELOW_LOWER_BB|RSI_RECOVERY_NOT_CONFIRMED
2026-07-21T09:06:43.145165+00:00,HYP_OIL_MR_V1,OIL_FUT,CL=F,strategy-lab-v1.0.0:HYP_OIL_MR_V1,1784620800000,2026-07-21T08:00:00+00:00,81.91999816894531,82.44999694824219,81.38999938964844,82.20999908447266,50.83604444954773,82.19500007629395,81.57003618425695,77.83529991149902,0.5778563363211495,0.007029027402462186,50.50502974691999,1.2500000000000049,False,RSI_NOT_BELOW_38|CLOSE_NOT_NEAR_OR_BELOW_LOWER_BB
2026-07-21T09:06:43.145165+00:00,HYP_OIL_MR_V1,BRENT_FUT,BZ=F,strategy-lab-v1.0.0:HYP_OIL_MR_V1,1784617200000,2026-07-21T07:00:00+00:00,88.72000122070312,89.41000366210938,88.30999755859375,88.33000183105469,45.57384102398624,88.59000015258789,87.56960796938786,83.16164989471436,0.5235715593610492,0.005927448754755647,58.598721471838125,1.2500000000000053,False,RSI_NOT_BELOW_38|CLOSE_NOT_NEAR_OR_BELOW_LOWER_BB|RSI_RECOVERY_NOT_CONFIRMED
2026-07-21T09:06:43.145165+00:00,HYP_OIL_MR_V1,BRENT_FUT,BZ=F,strategy-lab-v1.0.0:HYP_OIL_MR_V1,1784620800000,2026-07-21T08:00:00+00:00,88.31999969482422,88.98999786376953,87.87999725341797,88.72000122070312,45.033207945654674,88.68150024414062,88.02340399186261,83.20374988555908,0.5464286804199219,0.006159024717105288,45.57384102398624,1.25,False,RSI_NOT_BELOW_38|CLOSE_NOT_NEAR_OR_BELOW_LOWER_BB|RSI_RECOVERY_NOT_CONFIRMED
2026-07-21T11:17:40.200326+00:00,HYP_OIL_MR_V1,OIL_FUT,CL=F,strategy-lab-v1.0.0:HYP_OIL_MR_V1,1784624400000,2026-07-21T09:00:00+00:00,82.25,83.37999725341797,81.94999694824219,83.26000213623047,55.98803968194142,82.26599998474121,81.5067259175243,77.87889991760254,0.5835707528250558,0.007009016789000487,51.324408784423895,1.2500000000000049,False,RSI_NOT_BELOW_38|CLOSE_NOT_NEAR_OR_BELOW_LOWER_BB
2026-07-21T11:17:40.200326+00:00,HYP_OIL_MR_V1,OIL_FUT,CL=F,strategy-lab-v1.0.0:HYP_OIL_MR_V1,1784628000000,2026-07-21T10:00:00+00:00,83.26000213623047,83.37000274658203,82.29000091552734,83.2699966430664,64.60480468985551,82.3439998626709,81.5121731721363,77.92634990692139,0.6014284406389508,0.0072226307780094,55.98803968194142,1.2499999999999953,False,RSI_NOT_BELOW_38|CLOSE_NOT_NEAR_OR_BELOW_LOWER_BB
2026-07-21T11:17:40.200326+00:00,HYP_OIL_MR_V1,OIL_FUT,CL=F,strategy-lab-v1.0.0:HYP_OIL_MR_V1,1784631600000,2026-07-21T11:00:00+00:00,83.26000213623047,83.52999877929688,83.19999694824219,83.43000030517578,66.44954782785896,82.41549987792969,81.4754473020179,77.97554992675781,0.6107145036969867,0.00732008272159984,64.60480468985551,1.2500000000000047,False,RSI_NOT_BELOW_38|CLOSE_NOT_NEAR_OR_BELOW_LOWER_BB
2026-07-21T11:17:40.200326+00:00,HYP_OIL_MR_V1,BRENT_FUT,BZ=F,strategy-lab-v1.0.0:HYP_OIL_MR_V1,1784624400000,2026-07-21T09:00:00+00:00,88.83000183105469,90.04000091552734,88.58000183105469,89.97000122070312,56.994815580534414,88.75200042724609,87.89154474507913,83.25889987945557,0.5778568812779018,0.006422772851368266,44.4817265320599,1.2500000000000098,False,RSI_NOT_BELOW_38|CLOSE_NOT_NEAR_OR_BELOW_LOWER_BB
2026-07-21T11:17:40.200326+00:00,HYP_OIL_MR_V1,BRENT_FUT,BZ=F,strategy-lab-v1.0.0:HYP_OIL_MR_V1,1784628000000,2026-07-21T10:00:00+00:00,89.94999694824219,90.18000030517578,88.94000244140625,90.12999725341797,66.29205536874997,88.8520004272461,87.85061067200046,83.3179998779297,0.6071428571428571,0.006736301737985825,56.994815580534414,1.2499999999999953,False,RSI_NOT_BELOW_38|CLOSE_NOT_NEAR_OR_BELOW_LOWER_BB
2026-07-21T11:17:40.200326+00:00,HYP_OIL_MR_V1,BRENT_FUT,BZ=F,strategy-lab-v1.0.0:HYP_OIL_MR_V1,1784631600000,2026-07-21T11:00:00+00:00,90.13999938964844,90.36000061035156,90.06999969482422,90.30999755859375,68.83466761499909,88.94750022888184,87.78535087570161,83.37914985656738,0.6157144818987165,0.006817788711590172,66.29205536874997,1.2499999999999953,False,RSI_NOT_BELOW_38|CLOSE_NOT_NEAR_OR_BELOW_LOWER_BB
2026-07-21T12:47:51.990604+00:00,HYP_OIL_MR_V1,OIL_FUT,CL=F,strategy-lab-v1.0.0:HYP_OIL_MR_V1,1784635200000,2026-07-21T12:00:00+00:00,83.8499984741211,84.16000366210938,83.33000183105469,83.97000122070312,69.7059318515859,82.5564998626709,81.39844601527781,78.02709991455077,0.6828575134277344,0.008132160337034428,70.40229759059918,1.25,False,RSI_NOT_BELOW_38|CLOSE_NOT_NEAR_OR_BELOW_LOWER_BB|RSI_RECOVERY_NOT_CONFIRMED
2026-07-21T12:47:51.990604+00:00,HYP_OIL_MR_V1,BRENT_FUT,BZ=F,strategy-lab-v1.0.0:HYP_OIL_MR_V1,1784635200000,2026-07-21T12:00:00+00:00,90.66999816894531,90.97000122070312,90.19999694824219,90.81999969482422,71.32167298644023,89.10100021362305,87.65864353094535,83.44229988098145,0.684286390032087,0.0075345341591218275,71.88263055299066,1.2500000000000042,False,RSI_NOT_BELOW_38|CLOSE_NOT_NEAR_OR_BELOW_LOWER_BB|RSI_RECOVERY_NOT_CONFIRMED
2026-07-21T14:50:35.011279+00:00,HYP_OIL_MR_V1,OIL_FUT,CL=F,strategy-lab-v1.0.0:HYP_OIL_MR_V1,1784638800000,2026-07-21T13:00:00+00:00,84.13999938964844,84.94999694824219,84.06999969482422,84.37999725341797,75.74932333265424,82.68849983215333,81.29677868473875,78.07594989776611,0.7442855834960938,0.008820640053599256,70.98597482087057,1.25,False,RSI_NOT_BELOW_38|CLOSE_NOT_NEAR_OR_BELOW_LOWER_BB
2026-07-21T14:50:35.011279+00:00,HYP_OIL_MR_V1,OIL_FUT,CL=F,strategy-lab-v1.0.0:HYP_OIL_MR_V1,1784642400000,2026-07-21T14:00:00+00:00,84.37999725341797,85.02999877929688,84.19000244140625,84.5,76.45503499834494,82.80549964904785,81.22988013443809,78.12579990386963,0.7878565107073102,0.009323745688843909,75.74932333265424,1.2499999999999964,False,RSI_NOT_BELOW_38|CLOSE_NOT_NEAR_OR_BELOW_LOWER_BB
2026-07-21T14:50:35.011279+00:00,HYP_OIL_MR_V1,BRENT_FUT,BZ=F,strategy-lab-v1.0.0:HYP_OIL_MR_V1,1784638800000,2026-07-21T13:00:00+00:00,90.87000274658203,91.58999633789062,90.79000091552734,91.16999816894531,75.52939022288604,89.2310001373291,87.54590370732562,83.50204986572265,0.7492861066545758,0.008218560071330578,71.53462214676762,1.2499999999999962,False,RSI_NOT_BELOW_38|CLOSE_NOT_NEAR_OR_BELOW_LOWER_BB
2026-07-21T14:50:35.011279+00:00,HYP_OIL_MR_V1,BRENT_FUT,BZ=F,strategy-lab-v1.0.0:HYP_OIL_MR_V1,1784642400000,2026-07-21T14:00:00+00:00,91.1500015258789,91.97000122070312,90.97000122070312,91.36000061035156,77.6255190769488,89.34800033569336,87.42903762093073,83.56394985198975,0.8042864118303571,0.008803485184513312,75.52939022288604,1.2499999999999964,False,RSI_NOT_BELOW_38|CLOSE_NOT_NEAR_OR_BELOW_LOWER_BB
2026-07-21T16:10:45.426719+00:00,HYP_OIL_MR_V1,OIL_FUT,CL=F,strategy-lab-v1.0.0:HYP_OIL_MR_V1,1784646000000,2026-07-21T15:00:00+00:00,84.7300033569336,84.8499984741211,83.69000244140625,84.51000213623047,75.73531199219109,82.8979995727539,81.11688158072279,78.17704990386963,0.8335707528250558,0.009863575100629346,77.63818228521697,1.2500000000000033,False,RSI_NOT_BELOW_38|CLOSE_NOT_NEAR_OR_BELOW_LOWER_BB|RSI_RECOVERY_NOT_CONFIRMED
2026-07-21T16:10:45.426719+00:00,HYP_OIL_MR_V1,OIL_FUT,CL=F,strategy-lab-v1.0.0:HYP_OIL_MR_V1,1784649600000,2026-07-21T16:00:00+00:00,84.51000213623047,84.55000305175781,84.41999816894531,84.41999816894531,79.02811951819642,82.99799957275391,81.11386046470213,78.22904991149902,0.8142852783203125,0.009645644349467125,75.73531199219109,1.25,False,RSI_NOT_BELOW_38|CLOSE_NOT_NEAR_OR_BELOW_LOWER_BB|RSI_RECOVERY_NOT_CONFIRMED
2026-07-21T16:10:45.426719+00:00,HYP_OIL_MR_V1,BRENT_FUT,BZ=F,strategy-lab-v1.0.0:HYP_OIL_MR_V1,1784646000000,2026-07-21T15:00:00+00:00,91.62999725341797,91.73999786376953,90.63999938964844,91.44999694824219,79.22068056688586,89.46200027465821,87.28587135404726,83.62854984283447,0.8378573826381138,0.009161918103860788,78.8792699469725,1.2500000000000069,False,RSI_NOT_BELOW_38|CLOSE_NOT_NEAR_OR_BELOW_LOWER_BB|RSI_RECOVERY_NOT_CONFIRMED
2026-07-21T16:10:45.426719+00:00,HYP_OIL_MR_V1,BRENT_FUT,BZ=F,strategy-lab-v1.0.0:HYP_OIL_MR_V1,1784649600000,2026-07-21T16:00:00+00:00,91.38999938964844,91.41000366210938,91.30000305175781,91.31999969482422,81.33327681939558,89.57950019836426,87.27248223005873,83.69239982604981,0.8214285714285714,0.008995056659807762,79.22068056688586,1.2500000000000036,False,RSI_NOT_BELOW_38|CLOSE_NOT_NEAR_OR_BELOW_LOWER_BB|RSI_RECOVERY_NOT_CONFIRMED
2026-07-21T17:44:44.183080+00:00,HYP_OIL_MR_V1,OIL_FUT,CL=F,strategy-lab-v1.0.0:HYP_OIL_MR_V1,1784653200000,2026-07-21T17:00:00+00:00,84.4000015258789,84.5,84.02999877929688,84.37999725341797,78.00507716233065,83.0944995880127,81.14231766602012,78.28019989013671,0.8507134573800224,0.01008193274556622,78.42640625998455,1.2499999999999967,False,RSI_NOT_BELOW_38|CLOSE_NOT_NEAR_OR_BELOW_LOWER_BB|RSI_RECOVERY_NOT_CONFIRMED
2026-07-21T17:44:44.183080+00:00,HYP_OIL_MR_V1,BRENT_FUT,BZ=F,strategy-lab-v1.0.0:HYP_OIL_MR_V1,1784653200000,2026-07-21T17:00:00+00:00,91.22000122070312,91.33000183105469,90.83000183105469,91.16999816894531,78.4781700092216,89.6870002746582,87.3147785237634,83.75434982299805,0.8650000435965401,0.009487770768555087,79.56519143120617,1.2500000000000033,False,RSI_NOT_BELOW_38|CLOSE_NOT_NEAR_OR_BELOW_LOWER_BB|RSI_RECOVERY_NOT_CONFIRMED
2026-07-21T18:57:48.786643+00:00,HYP_OIL_MR_V1,OIL_FUT,CL=F,strategy-lab-v1.0.0:HYP_OIL_MR_V1,1784656800000,2026-07-21T18:00:00+00:00,84.3499984741211,84.56999969482422,83.97000122070312,84.31999969482422,77.80619344843626,83.1779998779297,81.1704789192755,78.32914989471436,0.8699994768415179,0.010317830645045895,77.60817065026635,1.2500000000000033,False,RSI_NOT_BELOW_38|CLOSE_NOT_NEAR_OR_BELOW_LOWER_BB|RSI_RECOVERY_NOT_CONFIRMED
2026-07-21T18:57:48.786643+00:00,HYP_OIL_MR_V1,BRENT_FUT,BZ=F,strategy-lab-v1.0.0:HYP_OIL_MR_V1,1784656800000,2026-07-21T18:00:00+00:00,91.12000274658203,91.19000244140625,90.6500015258789,90.98999786376953,76.00001284950658,89.77900009155273,87.36173996977071,83.81379981994628,0.8814288548060826,0.009687096114957165,77.80161959962182,1.2500000000000064,False,RSI_NOT_BELOW_38|CLOSE_NOT_NEAR_OR_BELOW_LOWER_BB|RSI_RECOVERY_NOT_CONFIRMED
2026-07-21T20:19:38.477197+00:00,HYP_OIL_MR_V1,OIL_FUT,CL=F,strategy-lab-v1.0.0:HYP_OIL_MR_V1,1784660400000,2026-07-21T19:00:00+00:00,84.5199966430664,84.76000213623047,84.44999694824219,84.66999816894531,81.95123131259373,83.29650001525879,81.19447076191929,78.38204990386963,0.8492856706891742,0.010030538432214936,79.40456515195402,1.2500000000000033,False,RSI_NOT_BELOW_38|CLOSE_NOT_NEAR_OR_BELOW_LOWER_BB
2026-07-21T20:19:38.477197+00:00,HYP_OIL_MR_V1,OIL_FUT,CL=F,strategy-lab-v1.0.0:HYP_OIL_MR_V1,1784664000000,2026-07-21T20:00:00+00:00,84.66000366210938,84.73999786376953,84.56999969482422,84.58000183105469,78.82662742968581,83.40050010681152,81.26090766125279,78.4331999206543,0.8321429661342076,0.009838530954354685,81.95123131259373,1.2499999999999931,False,RSI_NOT_BELOW_38|CLOSE_NOT_NEAR_OR_BELOW_LOWER_BB|RSI_RECOVERY_NOT_CONFIRMED
2026-07-21T20:19:38.477197+00:00,HYP_OIL_MR_V1,BRENT_FUT,BZ=F,strategy-lab-v1.0.0:HYP_OIL_MR_V1,1784660400000,2026-07-21T19:00:00+00:00,91.20999908447266,91.56999969482422,91.1500015258789,91.47000122070312,82.29157891557935,89.91400032043457,87.39551491956851,83.87794982910157,0.8685716901506696,0.009495699995181359,78.72342497796406,1.2499999999999967,False,RSI_NOT_BELOW_38|CLOSE_NOT_NEAR_OR_BELOW_LOWER_BB
2026-07-21T20:19:38.477197+00:00,HYP_OIL_MR_V1,BRENT_FUT,BZ=F,strategy-lab-v1.0.0:HYP_OIL_MR_V1,1784664000000,2026-07-21T20:00:00+00:00,91.5,91.5199966430664,91.4000015258789,91.44000244140625,80.4877388621231,90.03900032043457,87.4784787260427,83.94054985046387,0.8449995858328683,0.009241027594835584,82.29157891557935,1.2500000000000033,False,RSI_NOT_BELOW_38|CLOSE_NOT_NEAR_OR_BELOW_LOWER_BB|RSI_RECOVERY_NOT_CONFIRMED
2026-07-21T22:32:41.968858+00:00,HYP_OIL_MR_V1,OIL_FUT,CL=F,strategy-lab-v1.0.0:HYP_OIL_MR_V1,1784671200000,2026-07-21T22:00:00+00:00,84.69000244140625,84.75,84.58000183105469,84.68000030517578,87.29743383543142,83.51199989318847,81.35775244015824,78.49109992980956,0.7828570774623326,0.009244887513474454,78.0303789274127,1.2500000000000073,False,RSI_NOT_BELOW_38|CLOSE_NOT_NEAR_OR_BELOW_LOWER_BB
2026-07-21T22:32:41.968858+00:00,HYP_OIL_MR_V1,BRENT_FUT,BZ=F,strategy-lab-v1.0.0:HYP_OIL_MR_V1,1784671200000,2026-07-21T22:00:00+00:00,91.51000213623047,91.62000274658203,91.51000213623047,91.62000274658203,87.99068969223477,90.18250045776367,87.60538752916042,84.01069988250732,0.7942848205566406,0.008669338536843388,80.4877388621231,1.25,False,RSI_NOT_BELOW_38|CLOSE_NOT_NEAR_OR_BELOW_LOWER_BB
2026-07-21T23:34:16.231625+00:00,HYP_OIL_MR_V1,OIL_FUT,CL=F,strategy-lab-v1.0.0:HYP_OIL_MR_V1,1784674800000,2026-07-21T23:00:00+00:00,84.69999694824219,84.7300033569336,84.61000061035156,84.6500015258789,84.72641803974336,83.63849983215331,81.52214206388057,78.54794994354248,0.7192862374441964,0.008497179261412047,87.39959541580333,1.250000000000004,False,RSI_NOT_BELOW_38|CLOSE_NOT_NEAR_OR_BELOW_LOWER_BB|RSI_RECOVERY_NOT_CONFIRMED
2026-07-21T23:34:16.231625+00:00,HYP_OIL_MR_V1,BRENT_FUT,BZ=F,strategy-lab-v1.0.0:HYP_OIL_MR_V1,1784674800000,2026-07-21T23:00:00+00:00,91.58999633789062,91.58999633789062,91.55999755859375,91.55999755859375,85.96480157865149,90.33450012207031,87.8143788732682,84.0793998336792,0.7199990408761161,0.007863685671412926,87.93495019657615,1.249999999999996,False,RSI_NOT_BELOW_38|CLOSE_NOT_NEAR_OR_BELOW_LOWER_BB|RSI_RECOVERY_NOT_CONFIRMED
2026-07-22T01:02:31.096716+00:00,HYP_OIL_MR_V1,OIL_FUT,CL=F,strategy-lab-v1.0.0:HYP_OIL_MR_V1,1784678400000,2026-07-22T00:00:00+00:00,84.77999877929688,84.77999877929688,84.44000244140625,84.6500015258789,76.62849024835134,83.76849975585938,81.70526629997602,78.60809993743896,0.6550004141671317,0.0077377484035471315,86.53309723679608,1.2499999999999956,False,RSI_NOT_BELOW_38|CLOSE_NOT_NEAR_OR_BELOW_LOWER_BB|RSI_RECOVERY_NOT_CONFIRMED
2026-07-22T01:02:31.096716+00:00,HYP_OIL_MR_V1,BRENT_FUT,BZ=F,strategy-lab-v1.0.0:HYP_OIL_MR_V1,1784678400000,2026-07-22T00:00:00+00:00,91.6500015258789,91.6500015258789,91.31999969482422,91.4800033569336,73.96827626629722,90.49200019836425,88.04355986497183,84.15239986419678,0.6614276341029576,0.007230297440220039,87.40911240504832,1.2499999999999913,False,RSI_NOT_BELOW_38|CLOSE_NOT_NEAR_OR_BELOW_LOWER_BB|RSI_RECOVERY_NOT_CONFIRMED
2026-07-22T04:26:45.114153+00:00,HYP_OIL_MR_V1,OIL_FUT,CL=F,strategy-lab-v1.0.0:HYP_OIL_MR_V1,1784692800000,2026-07-22T04:00:00+00:00,85.3499984741211,85.37999725341797,85.22000122070312,85.33999633789062,78.49290179164935,82.16299972534179,80.31235630490873,77.70244987487793,0.8114280700683594,0.00950818027757623,54.733705772811916,1.25,False,RSI_NOT_BELOW_38|CLOSE_NOT_NEAR_OR_BELOW_LOWER_BB
2026-07-22T04:26:45.114153+00:00,HYP_OIL_MR_V1,BRENT_FUT,BZ=F,strategy-lab-v1.0.0:HYP_OIL_MR_V1,1784692800000,2026-07-22T04:00:00+00:00,92.2300033569336,92.2300033569336,92.08999633789062,92.19999694824219,79.88250069179847,88.72999992370606,86.81602082602984,83.03059986114502,0.8471423557826451,0.009188095269224367,50.28095787132086,1.2500000000000067,False,RSI_NOT_BELOW_38|CLOSE_NOT_NEAR_OR_BELOW_LOWER_BB
2026-07-22T07:09:43.413591+00:00,HYP_OIL_MR_V1,OIL_FUT,CL=F,strategy-lab-v1.0.0:HYP_OIL_MR_V1,1784696400000,2026-07-22T05:00:00+00:00,85.41999816894531,85.55999755859375,85.0199966430664,85.13999938964844,56.54768392370572,84.56199989318847,83.35482748982362,78.89744995117188,0.5264293125697544,0.006183102141691573,65.48684317132235,1.2499999999999891,False,RSI_NOT_BELOW_38|CLOSE_NOT_NEAR_OR_BELOW_LOWER_BB|RSI_RECOVERY_NOT_CONFIRMED
2026-07-22T07:09:43.413591+00:00,HYP_OIL_MR_V1,OIL_FUT,CL=F,strategy-lab-v1.0.0:HYP_OIL_MR_V1,1784700000000,2026-07-22T06:00:00+00:00,85.1500015258789,86.38999938964844,85.05000305175781,86.13999938964844,69.54437591594107,84.70599975585938,83.46773555949834,78.96484992980957,0.5392864772251674,0.006260581391296994,56.54768392370572,1.2500000000000104,False,RSI_NOT_BELOW_38|CLOSE_NOT_NEAR_OR_BELOW_LOWER_BB
2026-07-22T07:09:43.413591+00:00,HYP_OIL_MR_V1,BRENT_FUT,BZ=F,strategy-lab-v1.0.0:HYP_OIL_MR_V1,1784696400000,2026-07-22T05:00:00+00:00,92.30999755859375,92.43000030517578,91.91000366210938,91.91000366210938,53.80579635269924,91.40200004577636,90.13837576140727,84.49809986114502,0.5307126726422992,0.005774264514158535,64.26736226881363,1.2500000000000053,False,RSI_NOT_BELOW_38|CLOSE_NOT_NEAR_OR_BELOW_LOWER_BB|RSI_RECOVERY_NOT_CONFIRMED
2026-07-22T07:09:43.413591+00:00,HYP_OIL_MR_V1,BRENT_FUT,BZ=F,strategy-lab-v1.0.0:HYP_OIL_MR_V1,1784700000000,2026-07-22T06:00:00+00:00,92.05999755859375,93.23999786376953,91.9000015258789,92.95999908447266,66.09817398023506,91.55149993896484,90.29344845603286,84.575899848938,0.5478553771972656,0.005893452910852871,53.80579635269924,1.25,False,RSI_NOT_BELOW_38|CLOSE_NOT_NEAR_OR_BELOW_LOWER_BB
2026-07-22T09:38:04.108641+00:00,HYP_OIL_MR_V1,OIL_FUT,CL=F,strategy-lab-v1.0.0:HYP_OIL_MR_V1,1784703600000,2026-07-22T07:00:00+00:00,86.12999725341797,87.86000061035156,86.11000061035156,87.70999908447266,79.53742959424292,84.92749977111816,83.27713212029244,79.04179992675782,0.6307149614606585,0.007190912872467631,69.47114943751399,1.2500000000000044,False,RSI_NOT_BELOW_38|CLOSE_NOT_NEAR_OR_BELOW_LOWER_BB
2026-07-22T09:38:04.108641+00:00,HYP_OIL_MR_V1,OIL_FUT,CL=F,strategy-lab-v1.0.0:HYP_OIL_MR_V1,1784707200000,2026-07-22T08:00:00+00:00,87.70999908447266,87.79000091552734,87.13999938964844,87.62000274658203,78.69727745413957,85.11650009155274,83.16862673593776,79.11929992675782,0.6435721261160714,0.007345036589161445,79.53742959424292,1.2500000000000044,False,RSI_NOT_BELOW_38|CLOSE_NOT_NEAR_OR_BELOW_LOWER_BB|RSI_RECOVERY_NOT_CONFIRMED
2026-07-22T09:38:04.108641+00:00,HYP_OIL_MR_V1,OIL_FUT,CL=F,strategy-lab-v1.0.0:HYP_OIL_MR_V1,1784710800000,2026-07-22T09:00:00+00:00,87.63999938964844,88.0999984741211,87.33999633789062,87.91999816894531,79.24535462417572,85.3064998626709,83.0652658588915,79.1991999053955,0.6550009591238839,0.007449965568302756,78.69727745413957,1.2500000000000044,False,RSI_NOT_BELOW_38|CLOSE_NOT_NEAR_OR_BELOW_LOWER_BB
2026-07-22T09:38:04.108641+00:00,HYP_OIL_MR_V1,BRENT_FUT,BZ=F,strategy-lab-v1.0.0:HYP_OIL_MR_V1,1784703600000,2026-07-22T07:00:00+00:00,92.97000122070312,94.76000213623047,92.94999694824219,94.47000122070312,77.21949449072073,91.7685001373291,90.12724051172508,84.66359985351562,0.6378560747419085,0.006751943119506621,66.09817398023506,1.2500000000000044,False,RSI_NOT_BELOW_38|CLOSE_NOT_NEAR_OR_BELOW_LOWER_BB
2026-07-22T09:38:04.108641+00:00,HYP_OIL_MR_V1,BRENT_FUT,BZ=F,strategy-lab-v1.0.0:HYP_OIL_MR_V1,1784707200000,2026-07-22T08:00:00+00:00,94.45999908447266,94.55999755859375,93.68000030517578,94.31999969482422,76.4511704763134,91.94900016784668,90.04076611061724,84.75229984283447,0.6649987357003349,0.007050453115478821,77.21949449072073,1.2499999999999958,False,RSI_NOT_BELOW_38|CLOSE_NOT_NEAR_OR_BELOW_LOWER_BB|RSI_RECOVERY_NOT_CONFIRMED
2026-07-22T09:38:04.108641+00:00,HYP_OIL_MR_V1,BRENT_FUT,BZ=F,strategy-lab-v1.0.0:HYP_OIL_MR_V1,1784710800000,2026-07-22T09:00:00+00:00,94.30000305175781,94.83000183105469,94.0199966430664,94.76000213623047,77.74303217867663,92.14450035095214,89.94739739490244,84.84534984588623,0.6821419852120536,0.007198627794788155,76.4511704763134,1.2499999999999958,False,RSI_NOT_BELOW_38|CLOSE_NOT_NEAR_OR_BELOW_LOWER_BB
2026-07-22T11:29:02.911464+00:00,HYP_OIL_MR_V1,OIL_FUT,CL=F,strategy-lab-v1.0.0:HYP_OIL_MR_V1,1784714400000,2026-07-22T10:00:00+00:00,88.44999694824219,88.45999908447266,86.91000366210938,87.18000030517578,66.84567607285314,85.47250022888184,83.01467237876709,79.28004993438721,0.7800004141671317,0.008947010913474659,80.94496608815278,1.2499999999999964,False,RSI_NOT_BELOW_38|CLOSE_NOT_NEAR_OR_BELOW_LOWER_BB|RSI_RECOVERY_NOT_CONFIRMED
2026-07-22T11:29:02.911464+00:00,HYP_OIL_MR_V1,OIL_FUT,CL=F,strategy-lab-v1.0.0:HYP_OIL_MR_V1,1784718000000,2026-07-22T11:00:00+00:00,87.18000030517578,87.51000213623047,87.18000030517578,87.4000015258789,68.96553817635048,85.60750045776368,83.04006643137224,79.35899993896484,0.772857666015625,0.008842764903004995,66.84567607285314,1.25,False,RSI_NOT_BELOW_38|CLOSE_NOT_NEAR_OR_BELOW_LOWER_BB
2026-07-22T11:29:02.911464+00:00,HYP_OIL_MR_V1,BRENT_FUT,BZ=F,strategy-lab-v1.0.0:HYP_OIL_MR_V1,1784714400000,2026-07-22T10:00:00+00:00,84.41000366210938,84.56999969482422,84.36000061035156,84.45999908447266,27.660894609672567,91.29050025939941,86.37230293412205,84.8373998260498,1.3649989536830358,0.016161484353295247,28.48137838864291,1.2500000000000042,False,CLOSE_NOT_ABOVE_MA200|RSI_RECOVERY_NOT_CONFIRMED
2026-07-22T11:29:02.911464+00:00,HYP_OIL_MR_V1,BRENT_FUT,BZ=F,strategy-lab-v1.0.0:HYP_OIL_MR_V1,1784718000000,2026-07-22T11:00:00+00:00,84.62000274658203,84.76000213623047,84.62000274658203,84.76000213623047,29.07265953983614,90.94750022888184,85.27071983713195,84.88194984436035,1.362856728690011,0.01607900771993328,27.660894609672567,1.2499999999999958,False,CLOSE_NOT_ABOVE_MA200
2026-07-22T13:02:04.910890+00:00,HYP_OIL_MR_V1,OIL_FUT,CL=F,strategy-lab-v1.0.0:HYP_OIL_MR_V1,1784721600000,2026-07-22T12:00:00+00:00,87.33999633789062,87.55999755859375,86.54000091552734,86.83999633789062,63.60152510053172,85.72150001525878,83.15882749604148,79.43354991912842,0.8635717119489398,0.009944400603021908,68.75835261905539,1.2500000000000033,False,RSI_NOT_BELOW_38|CLOSE_NOT_NEAR_OR_BELOW_LOWER_BB|RSI_RECOVERY_NOT_CONFIRMED
2026-07-22T13:02:04.910890+00:00,HYP_OIL_MR_V1,BRENT_FUT,BZ=F,strategy-lab-v1.0.0:HYP_OIL_MR_V1,1784721600000,2026-07-22T12:00:00+00:00,84.91000366210938,94.30000305175781,84.77999877929688,94.02999877929688,54.846433613422874,91.09550018310547,85.34428594499397,84.97354984283447,2.054999760219029,0.021854724948390514,30.72212256164923,1.2499999999999987,False,RSI_NOT_BELOW_38|CLOSE_NOT_NEAR_OR_BELOW_LOWER_BB
2026-07-22T15:10:47.196087+00:00,HYP_OIL_MR_V1,OIL_FUT,CL=F,strategy-lab-v1.0.0:HYP_OIL_MR_V1,1784725200000,2026-07-22T13:00:00+00:00,87.2300033569336,87.37999725341797,86.1500015258789,86.95999908447266,64.22019082511564,85.86900024414062,83.29385816181683,79.51119995117188,0.9449996948242188,0.01086706192241618,66.84567607285314,1.25,False,RSI_NOT_BELOW_38|CLOSE_NOT_NEAR_OR_BELOW_LOWER_BB|RSI_RECOVERY_NOT_CONFIRMED
2026-07-22T15:10:47.196087+00:00,HYP_OIL_MR_V1,OIL_FUT,CL=F,strategy-lab-v1.0.0:HYP_OIL_MR_V1,1784728800000,2026-07-22T14:00:00+00:00,86.95999908447266,87.18000030517578,86.41000366210938,86.69999694824219,63.22578993844303,85.98600006103516,83.48414154364613,79.5855499267578,0.9735712323869977,0.011229195693838333,64.22019082511564,1.2499999999999971,False,RSI_NOT_BELOW_38|CLOSE_NOT_NEAR_OR_BELOW_LOWER_BB|RSI_RECOVERY_NOT_CONFIRMED
2026-07-22T15:10:47.196087+00:00,HYP_OIL_MR_V1,OIL_FUT,CL=F,strategy-lab-v1.0.0:HYP_OIL_MR_V1,1784732400000,2026-07-22T15:00:00+00:00,86.70999908447266,86.83999633789062,86.68000030517578,86.79000091552734,58.57558703667766,86.1,83.67082697267249,79.65989994049072,0.9007137843540737,0.010378082438675601,63.22578993844303,1.2500000000000062,False,RSI_NOT_BELOW_38|CLOSE_NOT_NEAR_OR_BELOW_LOWER_BB|RSI_RECOVERY_NOT_CONFIRMED
2026-07-22T15:10:47.196087+00:00,HYP_OIL_MR_V1,BRENT_FUT,BZ=F,strategy-lab-v1.0.0:HYP_OIL_MR_V1,1784725200000,2026-07-22T13:00:00+00:00,94.5,94.55999755859375,93.18000030517578,93.93000030517578,54.168287556447645,91.25100021362304,85.32773725541911,85.06499984741211,2.1914280482700894,0.023330437997979396,55.55556221210028,1.2499999999999973,False,RSI_NOT_BELOW_38|CLOSE_NOT_NEAR_OR_BELOW_LOWER_BB|RSI_RECOVERY_NOT_CONFIRMED
2026-07-22T15:10:47.196087+00:00,HYP_OIL_MR_V1,BRENT_FUT,BZ=F,strategy-lab-v1.0.0:HYP_OIL_MR_V1,1784728800000,2026-07-22T14:00:00+00:00,93.93000030517578,94.31999969482422,93.5,93.9000015258789,54.67710475835561,91.38950042724609,85.35552759978596,85.15459983825684,2.2171423775809154,0.023611739526648138,54.168287556447645,1.2500000000000013,False,RSI_NOT_BELOW_38|CLOSE_NOT_NEAR_OR_BELOW_LOWER_BB|RSI_RECOVERY_NOT_CONFIRMED
2026-07-22T15:10:47.196087+00:00,HYP_OIL_MR_V1,BRENT_FUT,BZ=F,strategy-lab-v1.0.0:HYP_OIL_MR_V1,1784732400000,2026-07-22T15:00:00+00:00,93.87000274658203,94.05000305175781,93.87000274658203,94.0199966430664,53.07941159650124,91.52950019836426,85.38876861239179,85.24389980316163,2.1428565979003906,0.02279149834513866,54.67710475835561,1.25,False,RSI_NOT_BELOW_38|CLOSE_NOT_NEAR_OR_BELOW_LOWER_BB|RSI_RECOVERY_NOT_CONFIRMED
2026-07-22T16:44:14.253718+00:00,HYP_OIL_MR_V1,OIL_FUT,CL=F,strategy-lab-v1.0.0:HYP_OIL_MR_V1,1784736000000,2026-07-22T16:00:00+00:00,86.01000213623047,86.48999786376953,85.91999816894531,86.47000122070312,59.64672589121894,86.15149993896485,83.82454235235508,79.72854991912841,0.9871422903878349,0.011416008748147072,52.74428637523785,1.2499999999999971,False,RSI_NOT_BELOW_38|CLOSE_NOT_NEAR_OR_BELOW_LOWER_BB
2026-07-22T16:44:14.253718+00:00,HYP_OIL_MR_V1,BRENT_FUT,BZ=F,strategy-lab-v1.0.0:HYP_OIL_MR_V1,1784736000000,2026-07-22T16:00:00+00:00,93.0999984741211,93.70999908447266,93.0,93.66999816894531,53.49940222800168,91.59450035095215,85.44041652138708,85.32699981689453,2.234285627092634,0.023852734821909853,51.22336823767833,1.2500000000000013,False,RSI_NOT_BELOW_38|CLOSE_NOT_NEAR_OR_BELOW_LOWER_BB
2026-07-22T17:55:14.115146+00:00,HYP_OIL_MR_V1,OIL_FUT,CL=F,strategy-lab-v1.0.0:HYP_OIL_MR_V1,1784739600000,2026-07-22T17:00:00+00:00,86.31999969482422,86.94999694824219,86.31999969482422,86.79000091552734,59.973060649526246,86.25599975585938,84.0383574655761,79.80099990844727,1.0164282662527901,0.011711352178024277,58.7499655617462,1.2500000000000029,False,RSI_NOT_BELOW_38|CLOSE_NOT_NEAR_OR_BELOW_LOWER_BB
2026-07-22T17:55:14.115146+00:00,HYP_OIL_MR_V1,BRENT_FUT,BZ=F,strategy-lab-v1.0.0:HYP_OIL_MR_V1,1784739600000,2026-07-22T17:00:00+00:00,93.43000030517578,94.19999694824219,93.43000030517578,94.04000091552734,53.6643053009584,91.71150054931641,85.48197532718535,85.41404983520508,2.2728565761021207,0.02416904034426524,53.0163856774603,1.2499999999999976,False,RSI_NOT_BELOW_38|CLOSE_NOT_NEAR_OR_BELOW_LOWER_BB
2026-07-22T19:05:29.306272+00:00,HYP_OIL_MR_V1,OIL_FUT,CL=F,strategy-lab-v1.0.0:HYP_OIL_MR_V1,1784743200000,2026-07-22T18:00:00+00:00,86.81999969482422,87.0999984741211,86.62999725341797,87.05999755859375,60.7661645913436,86.37449951171875,84.24908691585519,79.8745998764038,1.0321426391601562,0.011855532599406474,60.080641853368014,1.25,False,RSI_NOT_BELOW_38|CLOSE_NOT_NEAR_OR_BELOW_LOWER_BB
2026-07-22T19:05:29.306272+00:00,HYP_OIL_MR_V1,BRENT_FUT,BZ=F,strategy-lab-v1.0.0:HYP_OIL_MR_V1,1784743200000,2026-07-22T18:00:00+00:00,94.05000305175781,94.31999969482422,93.88999938964844,94.30999755859375,53.97260224886589,91.84750061035156,85.51581148142654,85.50289981842042,2.2878565107073103,0.024258896934928775,53.68255878977751,1.2499999999999987,False,RSI_NOT_BELOW_38|CLOSE_NOT_NEAR_OR_BELOW_LOWER_BB
2026-07-22T20:19:25.205806+00:00,HYP_OIL_MR_V1,OIL_FUT,CL=F,strategy-lab-v1.0.0:HYP_OIL_MR_V1,1784746800000,2026-07-22T19:00:00+00:00,87.06999969482422,87.16999816894531,86.45999908447266,86.51000213623047,58.748427593289634,86.4604995727539,84.46316642762098,79.94519989013672,1.0442853655133928,0.012071267364771513,60.7661645913436,1.2500000000000027,False,RSI_NOT_BELOW_38|CLOSE_NOT_NEAR_OR_BELOW_LOWER_BB|RSI_RECOVERY_NOT_CONFIRMED
2026-07-22T20:19:25.205806+00:00,HYP_OIL_MR_V1,OIL_FUT,CL=F,strategy-lab-v1.0.0:HYP_OIL_MR_V1,1784750400000,2026-07-22T20:00:00+00:00,86.5199966430664,86.52999877929688,86.20999908447266,86.4000015258789,51.942477633240024,86.54799957275391,84.73034557382172,80.01574989318847,0.971428462437221,0.01124338478334696,58.748427593289634,1.2500000000000029,False,RSI_NOT_BELOW_38|CLOSE_NOT_NEAR_OR_BELOW_LOWER_BB|RSI_RECOVERY_NOT_CONFIRMED
2026-07-22T20:19:25.205806+00:00,HYP_OIL_MR_V1,BRENT_FUT,BZ=F,strategy-lab-v1.0.0:HYP_OIL_MR_V1,1784746800000,2026-07-22T19:00:00+00:00,94.30000305175781,94.41000366210938,93.80000305175781,93.81999969482422,53.72028970905158,91.94950065612792,85.55998499246422,85.58904983520507,2.294285365513393,0.024454118236795965,53.97260224886589,1.2500000000000013,False,RSI_NOT_BELOW_38|CLOSE_NOT_NEAR_OR_BELOW_LOWER_BB|RSI_RECOVERY_NOT_CONFIRMED
2026-07-22T20:19:25.205806+00:00,HYP_OIL_MR_V1,BRENT_FUT,BZ=F,strategy-lab-v1.0.0:HYP_OIL_MR_V1,1784750400000,2026-07-22T20:00:00+00:00,93.83999633789062,93.83999633789062,93.56999969482422,93.72000122070312,51.53722154786011,92.06000061035157,85.62840888538148,85.67519985198975,2.2178568158830916,0.023664711769051473,53.72028970905158,1.2499999999999987,False,RSI_NOT_BELOW_38|CLOSE_NOT_NEAR_OR_BELOW_LOWER_BB|RSI_RECOVERY_NOT_CONFIRMED
2026-07-22T22:37:45.958063+00:00,HYP_OIL_MR_V1,OIL_FUT,CL=F,strategy-lab-v1.0.0:HYP_OIL_MR_V1,1784757600000,2026-07-22T22:00:00+00:00,87.72000122070312,88.36000061035156,87.31999969482422,88.11000061035156,52.89018838676673,86.67699966430663,84.79395770629108,80.09589988708495,0.9907139369419643,0.01124405776959637,52.54735336448764,1.2500000000000058,False,RSI_NOT_BELOW_38|CLOSE_NOT_NEAR_OR_BELOW_LOWER_BB
2026-07-22T22:37:45.958063+00:00,HYP_OIL_MR_V1,BRENT_FUT,BZ=F,strategy-lab-v1.0.0:HYP_OIL_MR_V1,1784757600000,2026-07-22T22:00:00+00:00,95.23999786376953,95.86000061035156,94.95999908447266,95.62000274658203,52.308313346113316,92.2240005493164,85.60092358335275,85.77244983673096,2.24500002179827,0.023478351362822128,51.86385421793119,1.2500000000000024,False,RSI_NOT_BELOW_38|CLOSE_NOT_NEAR_OR_BELOW_LOWER_BB
2026-07-22T23:37:48.495488+00:00,HYP_OIL_MR_V1,OIL_FUT,CL=F,strategy-lab-v1.0.0:HYP_OIL_MR_V1,1784761200000,2026-07-22T23:00:00+00:00,87.94000244140625,88.01000213623047,87.80000305175781,87.83000183105469,51.54638827744987,86.80799942016601,85.0396474896752,80.17404987335205,0.9621423993791852,0.010954598421048803,51.77513557437828,1.2499999999999971,False,RSI_NOT_BELOW_38|CLOSE_NOT_NEAR_OR_BELOW_LOWER_BB|RSI_RECOVERY_NOT_CONFIRMED
2026-07-22T23:37:48.495488+00:00,HYP_OIL_MR_V1,BRENT_FUT,BZ=F,strategy-lab-v1.0.0:HYP_OIL_MR_V1,1784761200000,2026-07-22T23:00:00+00:00,95.55999755859375,95.56999969482422,95.5,95.55000305175781,52.49089432034873,92.40000038146972,85.63542429009085,85.86844982147217,2.1878574916294644,0.022897513571447394,52.05810534171725,1.2500000000000027,False,RSI_NOT_BELOW_38|CLOSE_NOT_NEAR_OR_BELOW_LOWER_BB
2026-07-23T01:09:39.278477+00:00,HYP_OIL_MR_V1,OIL_FUT,CL=F,strategy-lab-v1.0.0:HYP_OIL_MR_V1,1784764800000,2026-07-23T00:00:00+00:00,87.80000305175781,88.4000015258789,87.36000061035156,87.93000030517578,45.82649163575155,86.93799934387206,85.24851830536812,80.2557498550415,0.9507135663713727,0.010812163801566726,51.394971314106336,1.2499999999999971,False,RSI_NOT_BELOW_38|CLOSE_NOT_NEAR_OR_BELOW_LOWER_BB|RSI_RECOVERY_NOT_CONFIRMED
2026-07-23T01:09:39.278477+00:00,HYP_OIL_MR_V1,BRENT_FUT,BZ=F,strategy-lab-v1.0.0:HYP_OIL_MR_V1,1784764800000,2026-07-23T00:00:00+00:00,95.38999938964844,96.05999755859375,94.87999725341797,95.5199966430664,87.6268020528714,92.5625,85.67197929633492,85.96669979095459,1.5249998910086495,0.015965242301119217,52.311435372562755,1.2500000000000018,False,RSI_NOT_BELOW_38|CLOSE_NOT_NEAR_OR_BELOW_LOWER_BB
2026-07-23T04:31:49.474985+00:00,HYP_OIL_MR_V1,OIL_FUT,CL=F,strategy-lab-v1.0.0:HYP_OIL_MR_V1,1784768400000,2026-07-23T01:00:00+00:00,87.95999908447266,88.12999725341797,87.81999969482422,87.87999725341797,56.99996948242187,87.06299934387206,85.47087897692673,80.33594985961913,0.8621422903878349,0.00981044967379426,46.26623879277139,1.2499999999999967,False,RSI_NOT_BELOW_38|CLOSE_NOT_NEAR_OR_BELOW_LOWER_BB|RSI_RECOVERY_NOT_CONFIRMED
2026-07-23T04:31:49.474985+00:00,HYP_OIL_MR_V1,OIL_FUT,CL=F,strategy-lab-v1.0.0:HYP_OIL_MR_V1,1784779200000,2026-07-23T04:00:00+00:00,88.45999908447266,88.47000122070312,88.29000091552734,88.30999755859375,59.12546287633858,87.22149925231933,85.80524591211281,80.41824985504151,0.844285147530692,0.0095604707379876,56.99996948242187,1.2500000000000067,False,RSI_NOT_BELOW_38|CLOSE_NOT_NEAR_OR_BELOW_LOWER_BB
2026-07-23T04:31:49.474985+00:00,HYP_OIL_MR_V1,BRENT_FUT,BZ=F,strategy-lab-v1.0.0:HYP_OIL_MR_V1,1784768400000,2026-07-23T01:00:00+00:00,95.51000213623047,95.69999694824219,95.3499984741211,95.55000305175781,87.54237625204617,92.72800025939941,85.71469656020672,86.06399982452393,1.5349998474121094,0.016064885383421976,87.66017627364188,1.25,False,RSI_NOT_BELOW_38|CLOSE_NOT_NEAR_OR_BELOW_LOWER_BB|RSI_RECOVERY_NOT_CONFIRMED
2026-07-23T04:31:49.474985+00:00,HYP_OIL_MR_V1,BRENT_FUT,BZ=F,strategy-lab-v1.0.0:HYP_OIL_MR_V1,1784779200000,2026-07-23T04:00:00+00:00,96.25,96.25,96.06999969482422,96.08999633789062,87.42315835584435,92.93699989318847,85.78588213236698,86.16404979705811,1.5364281790597099,0.0159894706797263,87.54237625204617,1.2499999999999982,False,RSI_NOT_BELOW_38|CLOSE_NOT_NEAR_OR_BELOW_LOWER_BB|RSI_RECOVERY_NOT_CONFIRMED
2026-07-23T07:10:43.433740+00:00,HYP_OIL_MR_V1,OIL_FUT,CL=F,strategy-lab-v1.0.0:HYP_OIL_MR_V1,1784782800000,2026-07-23T05:00:00+00:00,88.12000274658203,88.41000366210938,87.66000366210938,88.30000305175781,65.62507450587702,87.40249938964844,85.87994977898857,80.65904987335205,0.7657143729073661,0.0086717366528123,61.22840775300051,1.2499999999999962,False,RSI_NOT_BELOW_38|CLOSE_NOT_NEAR_OR_BELOW_LOWER_BB
2026-07-23T07:10:43.433740+00:00,HYP_OIL_MR_V1,OIL_FUT,CL=F,strategy-lab-v1.0.0:HYP_OIL_MR_V1,1784786400000,2026-07-23T06:00:00+00:00,88.29000091552734,88.80000305175781,87.93000030517578,88.63999938964844,77.40593721220131,87.41249923706054,85.86048246439148,80.74429988861084,0.7178573608398438,0.008098571364878378,65.62507450587702,1.25,False,RSI_NOT_BELOW_38|CLOSE_NOT_NEAR_OR_BELOW_LOWER_BB
2026-07-23T07:10:43.433740+00:00,HYP_OIL_MR_V1,OIL_FUT,CL=F,strategy-lab-v1.0.0:HYP_OIL_MR_V1,1784790000000,2026-07-23T07:00:00+00:00,88.62999725341797,88.87000274658203,88.5999984741211,88.86000061035156,77.07014520173387,87.49649925231934,85.82653729261408,80.82894989013671,0.6921430315290179,0.007789140521887282,77.40593721220131,1.250000000000004,False,RSI_NOT_BELOW_38|CLOSE_NOT_NEAR_OR_BELOW_LOWER_BB|RSI_RECOVERY_NOT_CONFIRMED
2026-07-23T07:10:43.433740+00:00,HYP_OIL_MR_V1,BRENT_FUT,BZ=F,strategy-lab-v1.0.0:HYP_OIL_MR_V1,1784782800000,2026-07-23T05:00:00+00:00,96.0,96.3499984741211,95.4800033569336,96.30999755859375,71.71169387819627,93.29249954223633,85.77843614373276,86.45864974975586,0.8228569030761719,0.00854383681793322,69.75424376595468,1.25,False,RSI_NOT_BELOW_38|CLOSE_NOT_NEAR_OR_BELOW_LOWER_BB
2026-07-23T07:10:43.433740+00:00,HYP_OIL_MR_V1,BRENT_FUT,BZ=F,strategy-lab-v1.0.0:HYP_OIL_MR_V1,1784786400000,2026-07-23T06:00:00+00:00,96.2699966430664,96.9000015258789,95.88999938964844,96.76000213623047,84.86588638343399,93.91099967956544,87.47013078385484,86.56259975433349,0.7821426391601562,0.008083325980697696,71.71169387819627,1.25,False,RSI_NOT_BELOW_38|CLOSE_NOT_NEAR_OR_BELOW_LOWER_BB
2026-07-23T07:10:43.433740+00:00,HYP_OIL_MR_V1,BRENT_FUT,BZ=F,strategy-lab-v1.0.0:HYP_OIL_MR_V1,1784790000000,2026-07-23T07:00:00+00:00,96.75,96.9800033569336,96.72000122070312,96.95999908447266,84.60036377210555,94.53599967956544,89.64546911977251,86.66529975891113,0.7478572300502232,0.007713049062620983,84.86588638343399,1.2500000000000075,False,RSI_NOT_BELOW_38|CLOSE_NOT_NEAR_OR_BELOW_LOWER_BB|RSI_RECOVERY_NOT_CONFIRMED
2026-07-23T09:35:58.298691+00:00,HYP_OIL_MR_V1,OIL_FUT,CL=F,strategy-lab-v1.0.0:HYP_OIL_MR_V1,1784793600000,2026-07-23T08:00:00+00:00,89.33000183105469,89.76000213623047,88.91000366210938,89.5,77.7320362813789,87.6259994506836,85.67692267046358,80.9235998916626,0.7771426609584263,0.008683158222999176,79.02921394921631,1.2500000000000073,False,RSI_NOT_BELOW_38|CLOSE_NOT_NEAR_OR_BELOW_LOWER_BB|RSI_RECOVERY_NOT_CONFIRMED
2026-07-23T09:35:58.298691+00:00,HYP_OIL_MR_V1,OIL_FUT,CL=F,strategy-lab-v1.0.0:HYP_OIL_MR_V1,1784797200000,2026-07-23T09:00:00+00:00,89.5199966430664,90.3499984741211,89.23999786376953,90.20999908447266,79.6610875715347,87.77549934387207,85.53676234907468,81.01919990539551,0.8228569030761719,0.009121570905966294,77.7320362813789,1.25,False,RSI_NOT_BELOW_38|CLOSE_NOT_NEAR_OR_BELOW_LOWER_BB
2026-07-23T09:35:58.298691+00:00,HYP_OIL_MR_V1,BRENT_FUT,BZ=F,strategy-lab-v1.0.0:HYP_OIL_MR_V1,1784793600000,2026-07-23T08:00:00+00:00,86.05999755859375,86.30000305175781,86.05999755859375,86.30000305175781,24.183894211219723,94.05449981689453,88.4222599322285,86.66524978637695,1.520001002720424,0.01761298897995188,26.675246455921084,1.2500000000000018,False,CLOSE_NOT_ABOVE_MA200|RSI_RECOVERY_NOT_CONFIRMED
2026-07-23T09:35:58.298691+00:00,HYP_OIL_MR_V1,BRENT_FUT,BZ=F,strategy-lab-v1.0.0:HYP_OIL_MR_V1,1784797200000,2026-07-23T09:00:00+00:00,86.41000366210938,86.63999938964844,86.4000015258789,86.63999938964844,24.58584402071311,93.66499977111816,87.1779320075157,86.72069976806641,1.5135721479143416,0.01746966942032527,24.183894211219723,1.2499999999999982,False,CLOSE_NOT_ABOVE_MA200
2026-07-23T11:29:20.273219+00:00,HYP_OIL_MR_V1,OIL_FUT,CL=F,strategy-lab-v1.0.0:HYP_OIL_MR_V1,1784800800000,2026-07-23T10:00:00+00:00,90.22000122070312,90.72000122070312,89.86000061035156,90.12999725341797,87.24274344201818,87.93449935913085,85.50626886207549,81.11344989776612,0.8342857360839844,0.009256471335933011,79.69932683399732,1.25,False,RSI_NOT_BELOW_38|CLOSE_NOT_NEAR_OR_BELOW_LOWER_BB|RSI_RECOVERY_NOT_CONFIRMED
2026-07-23T11:29:20.273219+00:00,HYP_OIL_MR_V1,OIL_FUT,CL=F,strategy-lab-v1.0.0:HYP_OIL_MR_V1,1784804400000,2026-07-23T11:00:00+00:00,90.12000274658203,90.87999725341797,90.0999984741211,90.7300033569336,89.13438112071849,88.13599967956543,85.49174872511021,81.20914993286132,0.8571428571428571,0.009447182028318025,87.24274344201818,1.2499999999999967,False,RSI_NOT_BELOW_38|CLOSE_NOT_NEAR_OR_BELOW_LOWER_BB
2026-07-23T11:29:20.273219+00:00,HYP_OIL_MR_V1,BRENT_FUT,BZ=F,strategy-lab-v1.0.0:HYP_OIL_MR_V1,1784800800000,2026-07-23T10:00:00+00:00,92.75,93.12000274658203,92.54000091552734,92.66000366210938,47.23283578503904,93.91100006103515,88.22793220834504,86.83559978485107,1.9714295523507255,0.021275949432720393,46.522568723661934,1.2499999999999987,False,RSI_NOT_BELOW_38|CLOSE_NOT_NEAR_OR_BELOW_LOWER_BB|RSI_RECOVERY_NOT_CONFIRMED
2026-07-23T11:29:20.273219+00:00,HYP_OIL_MR_V1,BRENT_FUT,BZ=F,strategy-lab-v1.0.0:HYP_OIL_MR_V1,1784804400000,2026-07-23T11:00:00+00:00,92.68000030517578,93.04000091552734,92.5999984741211,93.01000213623047,47.952954135344285,93.86650009155274,88.16986297061118,86.92014980316162,1.9685723440987724,0.021165168249490326,47.23283578503904,1.2499999999999984,False,RSI_NOT_BELOW_38|CLOSE_NOT_NEAR_OR_BELOW_LOWER_BB
2026-07-23T13:05:25.132141+00:00,HYP_OIL_MR_V1,OIL_FUT,CL=F,strategy-lab-v1.0.0:HYP_OIL_MR_V1,1784808000000,2026-07-23T12:00:00+00:00,90.69000244140625,91.4000015258789,90.5199966430664,90.95999908447266,85.91879357530048,88.38099975585938,85.65881704264046,81.30589992523193,0.8050008501325335,0.008850053410675015,89.05374398955949,1.2500000000000036,False,RSI_NOT_BELOW_38|CLOSE_NOT_NEAR_OR_BELOW_LOWER_BB|RSI_RECOVERY_NOT_CONFIRMED
2026-07-23T13:05:25.132141+00:00,HYP_OIL_MR_V1,BRENT_FUT,BZ=F,strategy-lab-v1.0.0:HYP_OIL_MR_V1,1784808000000,2026-07-23T12:00:00+00:00,93.02999877929688,93.62000274658203,86.73999786376953,86.83000183105469,33.19101283994246,93.55050010681153,87.08105515645788,86.97399982452393,2.342857905796596,0.026982124339408622,47.87937512359106,1.250000000000001,False,CLOSE_NOT_ABOVE_MA200|RSI_RECOVERY_NOT_CONFIRMED
2026-07-23T15:21:17.053845+00:00,HYP_OIL_MR_V1,OIL_FUT,CL=F,strategy-lab-v1.0.0:HYP_OIL_MR_V1,1784811600000,2026-07-23T13:00:00+00:00,90.83999633789062,91.88999938964844,90.68000030517578,91.7300033569336,90.66383440782944,88.64599990844727,85.74879112495611,81.40689990997315,0.871429443359375,0.009499939076296853,85.50361411454193,1.25,False,RSI_NOT_BELOW_38|CLOSE_NOT_NEAR_OR_BELOW_LOWER_BB
2026-07-23T15:21:17.053845+00:00,HYP_OIL_MR_V1,OIL_FUT,CL=F,strategy-lab-v1.0.0:HYP_OIL_MR_V1,1784815200000,2026-07-23T14:00:00+00:00,91.7300033569336,92.16000366210938,90.9800033569336,91.9000015258789,90.66381962999075,88.90050010681152,85.80562341931898,81.4979499053955,0.8814293997628349,0.009591179381151867,90.66383440782944,1.2499999999999967,False,RSI_NOT_BELOW_38|CLOSE_NOT_NEAR_OR_BELOW_LOWER_BB|RSI_RECOVERY_NOT_CONFIRMED
2026-07-23T15:21:17.053845+00:00,HYP_OIL_MR_V1,OIL_FUT,CL=F,strategy-lab-v1.0.0:HYP_OIL_MR_V1,1784818800000,2026-07-23T15:00:00+00:00,91.88999938964844,92.43000030517578,91.7300033569336,92.33999633789062,91.22798929208804,89.16450004577636,85.84968258799478,81.59079990386962,0.8728577750069755,0.00945265117634414,90.66381962999075,1.2499999999999967,False,RSI_NOT_BELOW_38|CLOSE_NOT_NEAR_OR_BELOW_LOWER_BB
2026-07-23T15:21:17.053845+00:00,HYP_OIL_MR_V1,BRENT_FUT,BZ=F,strategy-lab-v1.0.0:HYP_OIL_MR_V1,1784811600000,2026-07-23T13:00:00+00:00,86.7699966430664,86.93000030517578,86.55000305175781,86.91999816894531,33.462440027881854,93.22599983215332,86.13930246369894,87.0285498046875,2.355715070452009,0.027102106765732267,33.19101283994246,1.250000000000001,False,CLOSE_NOT_NEAR_OR_BELOW_LOWER_BB|CLOSE_NOT_ABOVE_MA200
2026-07-23T15:21:17.053845+00:00,HYP_OIL_MR_V1,BRENT_FUT,BZ=F,strategy-lab-v1.0.0:HYP_OIL_MR_V1,1784815200000,2026-07-23T14:00:00+00:00,86.87000274658203,87.08999633789062,86.68000030517578,86.94999694824219,33.281562119826745,92.87099952697754,85.2908263822567,87.07099979400635,2.300714765276228,0.026460205244696562,33.462440027881854,1.2500000000000013,False,CLOSE_NOT_NEAR_OR_BELOW_LOWER_BB|CLOSE_NOT_ABOVE_MA200|RSI_RECOVERY_NOT_CONFIRMED
2026-07-23T15:21:17.053845+00:00,HYP_OIL_MR_V1,BRENT_FUT,BZ=F,strategy-lab-v1.0.0:HYP_OIL_MR_V1,1784818800000,2026-07-23T15:00:00+00:00,86.91999816894531,86.94999694824219,86.91999816894531,86.94999694824219,32.49508961011864,92.50299949645996,84.53337967776204,87.1133497619629,2.2250001089913503,0.025589421358068624,33.281562119826745,1.2499999999999987,False,CLOSE_NOT_NEAR_OR_BELOW_LOWER_BB|CLOSE_NOT_ABOVE_MA200|RSI_RECOVERY_NOT_CONFIRMED
2026-07-23T16:52:19.548664+00:00,HYP_OIL_MR_V1,OIL_FUT,CL=F,strategy-lab-v1.0.0:HYP_OIL_MR_V1,1784822400000,2026-07-23T16:00:00+00:00,91.8499984741211,92.56999969482422,91.58999633789062,92.30999755859375,90.13794566743462,89.42999992370605,86.15872522575651,81.67854991912841,0.9400008065359933,0.010183087762940607,89.45134503921723,1.250000000000003,False,RSI_NOT_BELOW_38|CLOSE_NOT_NEAR_OR_BELOW_LOWER_BB
2026-07-23T16:52:19.548664+00:00,HYP_OIL_MR_V1,BRENT_FUT,BZ=F,strategy-lab-v1.0.0:HYP_OIL_MR_V1,1784822400000,2026-07-23T16:00:00+00:00,100.12999725341797,100.81999969482422,99.86000061035156,100.56999969482422,55.84682708714132,93.49949951171875,84.68597337484512,87.2875997543335,3.2257140023367747,0.0320743165171033,55.526786513099225,1.2500000000000009,False,RSI_NOT_BELOW_38|CLOSE_NOT_NEAR_OR_BELOW_LOWER_BB
2026-07-23T18:04:39.973854+00:00,HYP_OIL_MR_V1,OIL_FUT,CL=F,strategy-lab-v1.0.0:HYP_OIL_MR_V1,1784826000000,2026-07-23T17:00:00+00:00,92.33000183105469,93.2300033569336,92.30999755859375,93.16000366210938,91.1815560408568,89.76500015258789,86.40084318507259,81.77249996185303,0.9721439906529018,0.010435207733340808,90.176704503724,1.2499999999999942,False,RSI_NOT_BELOW_38|CLOSE_NOT_NEAR_OR_BELOW_LOWER_BB
2026-07-23T18:04:39.973854+00:00,HYP_OIL_MR_V1,BRENT_FUT,BZ=F,strategy-lab-v1.0.0:HYP_OIL_MR_V1,1784826000000,2026-07-23T17:00:00+00:00,100.72000122070312,101.80999755859375,100.72000122070312,101.77999877929688,56.88832618799779,93.89899978637695,84.36063575605053,87.4014497756958,3.273571014404297,0.03216320547913168,55.94872345632496,1.25,False,RSI_NOT_BELOW_38|CLOSE_NOT_NEAR_OR_BELOW_LOWER_BB
2026-07-23T19:41:07.491387+00:00,HYP_OIL_MR_V1,OIL_FUT,CL=F,strategy-lab-v1.0.0:HYP_OIL_MR_V1,1784829600000,2026-07-23T18:00:00+00:00,93.25,93.5,91.94000244140625,92.02999877929688,79.6351586224009,89.97250022888184,86.56536608415433,81.86174995422363,1.0478581019810267,0.011386049286971777,91.28909718271669,1.2499999999999947,False,RSI_NOT_BELOW_38|CLOSE_NOT_NEAR_OR_BELOW_LOWER_BB|RSI_RECOVERY_NOT_CONFIRMED
2026-07-23T19:41:07.491387+00:00,HYP_OIL_MR_V1,OIL_FUT,CL=F,strategy-lab-v1.0.0:HYP_OIL_MR_V1,1784833200000,2026-07-23T19:00:00+00:00,92.02999877929688,92.02999877929688,91.12999725341797,91.44000244140625,72.42851817862771,90.15400047302246,86.8415659129703,81.94749996185303,1.058572496686663,0.01157668928721852,79.6351586224009,1.2499999999999973,False,RSI_NOT_BELOW_38|CLOSE_NOT_NEAR_OR_BELOW_LOWER_BB|RSI_RECOVERY_NOT_CONFIRMED
2026-07-23T19:41:07.491387+00:00,HYP_OIL_MR_V1,BRENT_FUT,BZ=F,strategy-lab-v1.0.0:HYP_OIL_MR_V1,1784829600000,2026-07-23T18:00:00+00:00,101.83999633789062,102.01000213623047,100.43000030517578,100.5999984741211,55.6045032455723,94.15699996948243,84.18971932908103,87.5101997756958,3.352856772286551,0.03332859665151047,56.94235411657289,1.2500000000000018,False,RSI_NOT_BELOW_38|CLOSE_NOT_NEAR_OR_BELOW_LOWER_BB|RSI_RECOVERY_NOT_CONFIRMED
2026-07-23T19:41:07.491387+00:00,HYP_OIL_MR_V1,BRENT_FUT,BZ=F,strategy-lab-v1.0.0:HYP_OIL_MR_V1,1784833200000,2026-07-23T19:00:00+00:00,100.54000091552734,100.54000091552734,99.44000244140625,99.68000030517578,54.06122159642042,94.36800003051758,84.12447795730596,87.61314979553222,3.373571123395647,0.03384401196897346,55.6045032455723,1.2499999999999991,False,RSI_NOT_BELOW_38|CLOSE_NOT_NEAR_OR_BELOW_LOWER_BB|RSI_RECOVERY_NOT_CONFIRMED
2026-07-23T20:42:11.458057+00:00,HYP_OIL_MR_V1,OIL_FUT,CL=F,strategy-lab-v1.0.0:HYP_OIL_MR_V1,1784836800000,2026-07-23T20:00:00+00:00,91.61000061035156,92.08999633789062,91.41999816894531,91.83000183105469,73.77043215659879,90.35500030517578,87.11148531827628,82.03484996795655,1.0442864554268974,0.011371952897791894,74.23125385378408,1.2499999999999973,False,RSI_NOT_BELOW_38|CLOSE_NOT_NEAR_OR_BELOW_LOWER_BB|RSI_RECOVERY_NOT_CONFIRMED
2026-07-23T20:42:11.458057+00:00,HYP_OIL_MR_V1,BRENT_FUT,BZ=F,strategy-lab-v1.0.0:HYP_OIL_MR_V1,1784836800000,2026-07-23T20:00:00+00:00,99.94000244140625,100.36000061035156,99.68000030517578,100.12999725341797,54.092778744295096,94.60449981689453,84.04954619404539,87.71834976196288,3.349999564034598,0.0334565031052195,54.27050244332505,1.2499999999999982,False,RSI_NOT_BELOW_38|CLOSE_NOT_NEAR_OR_BELOW_LOWER_BB|RSI_RECOVERY_NOT_CONFIRMED
2026-07-23T22:39:11.254890+00:00,HYP_OIL_MR_V1,OIL_FUT,CL=F,strategy-lab-v1.0.0:HYP_OIL_MR_V1,1784844000000,2026-07-23T22:00:00+00:00,92.55000305175781,92.66000366210938,92.12000274658203,92.19999694824219,71.51324159976818,90.58600006103515,87.36907247985947,82.12499996185302,1.0178582327706474,0.011039677510423746,75.69054252848369,1.2499999999999971,False,RSI_NOT_BELOW_38|CLOSE_NOT_NEAR_OR_BELOW_LOWER_BB|RSI_RECOVERY_NOT_CONFIRMED
2026-07-23T22:39:11.254890+00:00,HYP_OIL_MR_V1,BRENT_FUT,BZ=F,strategy-lab-v1.0.0:HYP_OIL_MR_V1,1784844000000,2026-07-23T22:00:00+00:00,100.91000366210938,100.98999786376953,100.5,100.5,73.07567372059674,94.85750007629395,83.9602199180276,87.82549980163574,2.578570774623326,0.02565742064301817,54.55638274044276,1.249999999999999,False,RSI_NOT_BELOW_38|CLOSE_NOT_NEAR_OR_BELOW_LOWER_BB|RSI_RECOVERY_NOT_CONFIRMED
2026-07-23T23:37:04.547002+00:00,HYP_OIL_MR_V1,OIL_FUT,CL=F,strategy-lab-v1.0.0:HYP_OIL_MR_V1,1784847600000,2026-07-23T23:00:00+00:00,92.08000183105469,92.20999908447266,92.08000183105469,92.19000244140625,69.92585392318648,90.77800025939942,87.68827697195938,82.21509998321534,0.9714295523507255,0.010537254871732352,70.36485098780861,1.2499999999999971,False,RSI_NOT_BELOW_38|CLOSE_NOT_NEAR_OR_BELOW_LOWER_BB|RSI_RECOVERY_NOT_CONFIRMED
2026-07-23T23:37:04.547002+00:00,HYP_OIL_MR_V1,BRENT_FUT,BZ=F,strategy-lab-v1.0.0:HYP_OIL_MR_V1,1784847600000,2026-07-23T23:00:00+00:00,100.41999816894531,100.5199966430664,100.41999816894531,100.5,72.85896826851135,95.07800025939942,83.92020004468984,87.93359981536865,2.578570229666574,0.025657415220562925,72.91130123023916,1.2500000000000022,False,RSI_NOT_BELOW_38|CLOSE_NOT_NEAR_OR_BELOW_LOWER_BB|RSI_RECOVERY_NOT_CONFIRMED
2026-07-24T01:04:43.088648+00:00,HYP_OIL_MR_V1,OIL_FUT,CL=F,strategy-lab-v1.0.0:HYP_OIL_MR_V1,1784851200000,2026-07-24T00:00:00+00:00,92.27999877929688,92.83000183105469,91.95999908447266,92.16000366210938,65.49516522569999,90.96650047302246,88.00040278013157,82.30639999389649,0.977858407156808,0.010610442364368571,70.36488399471179,1.2499999999999942,False,RSI_NOT_BELOW_38|CLOSE_NOT_NEAR_OR_BELOW_LOWER_BB|RSI_RECOVERY_NOT_CONFIRMED
2026-07-24T01:04:43.088648+00:00,HYP_OIL_MR_V1,BRENT_FUT,BZ=F,strategy-lab-v1.0.0:HYP_OIL_MR_V1,1784851200000,2026-07-24T00:00:00+00:00,100.54000091552734,101.0999984741211,100.37000274658203,100.48999786376953,65.53120949979844,95.2909999847412,83.88880601886336,88.0421997833252,2.1714270455496654,0.02160838980704713,72.91129458916264,1.2500000000000013,False,RSI_NOT_BELOW_38|CLOSE_NOT_NEAR_OR_BELOW_LOWER_BB|RSI_RECOVERY_NOT_CONFIRMED
2026-07-24T04:26:21.449207+00:00,HYP_OIL_MR_V1,OIL_FUT,CL=F,strategy-lab-v1.0.0:HYP_OIL_MR_V1,1784854800000,2026-07-24T01:00:00+00:00,91.9000015258789,91.9000015258789,91.16000366210938,91.6500015258789,61.37723798602957,91.12950057983399,88.47146768123382,82.39805000305176,0.9742867606026786,0.010630515486980897,62.88338425425904,1.2499999999999971,False,RSI_NOT_BELOW_38|CLOSE_NOT_NEAR_OR_BELOW_LOWER_BB|RSI_RECOVERY_NOT_CONFIRMED
2026-07-24T04:26:21.449207+00:00,HYP_OIL_MR_V1,OIL_FUT,CL=F,strategy-lab-v1.0.0:HYP_OIL_MR_V1,1784858400000,2026-07-24T02:00:00+00:00,91.63999938964844,91.91000366210938,91.61000061035156,91.72000122070312,58.319837108578675,91.30050048828124,88.97311956450004,82.49104999542236,0.9178581237792969,0.010007175224198722,61.37723798602957,1.25,False,RSI_NOT_BELOW_38|CLOSE_NOT_NEAR_OR_BELOW_LOWER_BB|RSI_RECOVERY_NOT_CONFIRMED
2026-07-24T04:26:21.449207+00:00,HYP_OIL_MR_V1,OIL_FUT,CL=F,strategy-lab-v1.0.0:HYP_OIL_MR_V1,1784865600000,2026-07-24T04:00:00+00:00,91.91000366210938,91.98999786376953,91.63999938964844,91.79000091552734,57.77414831435981,91.4580005645752,89.47060382946167,82.58095001220703,0.8800005231584821,0.009587106595285149,58.319837108578675,1.2499999999999967,False,RSI_NOT_BELOW_38|CLOSE_NOT_NEAR_OR_BELOW_LOWER_BB|RSI_RECOVERY_NOT_CONFIRMED
2026-07-24T04:26:21.449207+00:00,HYP_OIL_MR_V1,BRENT_FUT,BZ=F,strategy-lab-v1.0.0:HYP_OIL_MR_V1,1784854800000,2026-07-24T01:00:00+00:00,100.25,100.25,99.62000274658203,100.12000274658203,65.00401571175998,95.49150047302246,83.90611073759527,88.1531498336792,2.1857125418526784,0.021830927705675636,65.29292396224082,1.2499999999999987,False,RSI_NOT_BELOW_38|CLOSE_NOT_NEAR_OR_BELOW_LOWER_BB|RSI_RECOVERY_NOT_CONFIRMED
2026-07-24T04:26:21.449207+00:00,HYP_OIL_MR_V1,BRENT_FUT,BZ=F,strategy-lab-v1.0.0:HYP_OIL_MR_V1,1784858400000,2026-07-24T02:00:00+00:00,100.20999908447266,100.5,100.16999816894531,100.47000122070312,65.04619476008796,95.69950065612792,83.91513366166583,88.26649982452392,2.1571410042898997,0.021470498438148654,65.00401571175998,1.2500000000000013,False,RSI_NOT_BELOW_38|CLOSE_NOT_NEAR_OR_BELOW_LOWER_BB
2026-07-24T04:26:21.449207+00:00,HYP_OIL_MR_V1,BRENT_FUT,BZ=F,strategy-lab-v1.0.0:HYP_OIL_MR_V1,1784865600000,2026-07-24T04:00:00+00:00,100.61000061035156,100.62999725341797,100.41999816894531,100.5,86.4144780430384,95.88650054931641,83.92341333354301,88.37654983520508,1.6807120186941964,0.016723502673574094,65.04619476008796,1.2500000000000018,False,RSI_NOT_BELOW_38|CLOSE_NOT_NEAR_OR_BELOW_LOWER_BB
2026-07-24T07:06:19.296285+00:00,HYP_OIL_MR_V1,OIL_FUT,CL=F,strategy-lab-v1.0.0:HYP_OIL_MR_V1,1784869200000,2026-07-24T05:00:00+00:00,91.6500015258789,91.86000061035156,91.18000030517578,91.5,47.85844892229836,91.56100044250488,89.84007044741557,82.66875,0.8492862156459263,0.009281816564436354,56.62849486734769,1.2499999999999933,False,RSI_NOT_BELOW_38|CLOSE_NOT_NEAR_OR_BELOW_LOWER_BB|RSI_RECOVERY_NOT_CONFIRMED
2026-07-24T07:06:19.296285+00:00,HYP_OIL_MR_V1,OIL_FUT,CL=F,strategy-lab-v1.0.0:HYP_OIL_MR_V1,1784872800000,2026-07-24T06:00:00+00:00,91.5,91.6500015258789,90.72000122070312,90.81999969482422,40.816342418509784,91.62700042724609,90.14226209579964,82.75395000457763,0.8314290727887835,0.009154691429008738,47.85844892229836,1.2500000000000033,False,RSI_NOT_BELOW_38|CLOSE_NOT_NEAR_OR_BELOW_LOWER_BB|RSI_RECOVERY_NOT_CONFIRMED
2026-07-24T07:06:19.296285+00:00,HYP_OIL_MR_V1,BRENT_FUT,BZ=F,strategy-lab-v1.0.0:HYP_OIL_MR_V1,1784869200000,2026-07-24T05:00:00+00:00,100.2699966430664,100.43000030517578,99.87000274658203,100.26000213623047,85.36584872527274,96.58150062561035,85.36618232631413,88.48409984588623,1.7028547014508928,0.01698438724484667,85.66134708399838,1.2500000000000018,False,RSI_NOT_BELOW_38|CLOSE_NOT_NEAR_OR_BELOW_LOWER_BB|RSI_RECOVERY_NOT_CONFIRMED
2026-07-24T07:06:19.296285+00:00,HYP_OIL_MR_V1,BRENT_FUT,BZ=F,strategy-lab-v1.0.0:HYP_OIL_MR_V1,1784872800000,2026-07-24T06:00:00+00:00,100.30000305175781,100.3499984741211,99.16999816894531,99.2699966430664,81.07969323852156,97.23000030517578,87.01212768354407,88.58724983215332,1.757855006626674,0.017707817730136417,85.36584872527274,1.2500000000000016,False,RSI_NOT_BELOW_38|CLOSE_NOT_NEAR_OR_BELOW_LOWER_BB|RSI_RECOVERY_NOT_CONFIRMED
2026-07-24T09:30:21.745873+00:00,HYP_OIL_MR_V1,OIL_FUT,CL=F,strategy-lab-v1.0.0:HYP_OIL_MR_V1,1784876400000,2026-07-24T07:00:00+00:00,90.58000183105469,90.75,90.1500015258789,90.44999694824219,34.78962403675932,91.72649993896485,90.41062162781098,82.92449993133545,0.7892859322684151,0.008726212923147635,40.152680825091466,1.2500000000000036,False,RSI_RECOVERY_NOT_CONFIRMED
2026-07-24T09:30:21.745873+00:00,HYP_OIL_MR_V1,OIL_FUT,CL=F,strategy-lab-v1.0.0:HYP_OIL_MR_V1,1784880000000,2026-07-24T08:00:00+00:00,90.44000244140625,90.80999755859375,89.41999816894531,89.5999984741211,20.39150088615409,91.67199974060058,90.11984287778498,82.99824993133545,0.8185713631766183,0.00913584126246435,34.78962403675932,1.2500000000000036,False,RSI_RECOVERY_NOT_CONFIRMED
2026-07-24T09:30:21.745873+00:00,HYP_OIL_MR_V1,OIL_FUT,CL=F,strategy-lab-v1.0.0:HYP_OIL_MR_V1,1784883600000,2026-07-24T09:00:00+00:00,89.58999633789062,89.62999725341797,88.81999969482422,89.01000213623047,22.64494130752975,91.58050003051758,89.66882472971082,83.06459995269775,0.7649999346051898,0.008594538998374045,20.39150088615409,1.2500000000000038,False,RSI_RECOVERY_NOT_CONFIRMED
2026-07-24T09:30:21.745873+00:00,HYP_OIL_MR_V1,BRENT_FUT,BZ=F,strategy-lab-v1.0.0:HYP_OIL_MR_V1,1784876400000,2026-07-24T07:00:00+00:00,99.06999969482422,99.1500015258789,92.29000091552734,92.45999908447266,19.44858034766601,97.60700035095215,87.470946801685,88.76299987792969,1.2842837742396764,0.013890155601952127,42.26115297176409,1.2500000000000044,False,CLOSE_NOT_NEAR_OR_BELOW_LOWER_BB|RSI_RECOVERY_NOT_CONFIRMED
2026-07-24T09:30:21.745873+00:00,HYP_OIL_MR_V1,BRENT_FUT,BZ=F,strategy-lab-v1.0.0:HYP_OIL_MR_V1,1784880000000,2026-07-24T08:00:00+00:00,92.45999908447266,92.75,91.4800033569336,91.69000244140625,11.059922956031969,97.54250030517578,87.27394183060042,88.82279987335205,1.2878554207938058,0.014045756205719366,19.44858034766601,1.2500000000000022,False,CLOSE_NOT_NEAR_OR_BELOW_LOWER_BB|RSI_RECOVERY_NOT_CONFIRMED
2026-07-24T09:30:21.745873+00:00,HYP_OIL_MR_V1,BRENT_FUT,BZ=F,strategy-lab-v1.0.0:HYP_OIL_MR_V1,1784883600000,2026-07-24T09:00:00+00:00,91.69000244140625,91.72000122070312,91.19999694824219,91.41999816894531,11.940313614794192,97.77200012207031,88.296869819432,88.8770998764038,1.2121413094656808,0.013259038872716102,11.059922956031969,1.2500000000000024,False,CLOSE_NOT_NEAR_OR_BELOW_LOWER_BB|RSI_RECOVERY_NOT_CONFIRMED
2026-07-24T11:19:33.281898+00:00,HYP_OIL_MR_V1,OIL_FUT,CL=F,strategy-lab-v1.0.0:HYP_OIL_MR_V1,1784887200000,2026-07-24T10:00:00+00:00,89.02999877929688,90.16999816894531,88.83000183105469,89.9000015258789,35.72621290221507,91.48899993896484,89.44416298101574,83.12609996795655,0.8021425519670758,0.008922608880447777,22.64494130752975,1.2499999999999964,False,CLOSE_NOT_NEAR_OR_BELOW_LOWER_BB
2026-07-24T11:19:33.281898+00:00,HYP_OIL_MR_V1,OIL_FUT,CL=F,strategy-lab-v1.0.0:HYP_OIL_MR_V1,1784890800000,2026-07-24T11:00:00+00:00,89.9000015258789,89.98999786376953,89.69999694824219,89.94999694824219,27.221108499069757,91.39149971008301,89.25064600507002,83.1876499557495,0.7507138933454242,0.00834590237704388,35.72621290221507,1.2500000000000038,False,CLOSE_NOT_NEAR_OR_BELOW_LOWER_BB|RSI_RECOVERY_NOT_CONFIRMED
2026-07-24T11:19:33.281898+00:00,HYP_OIL_MR_V1,BRENT_FUT,BZ=F,strategy-lab-v1.0.0:HYP_OIL_MR_V1,1784887200000,2026-07-24T10:00:00+00:00,91.47000122070312,92.33000183105469,91.33000183105469,92.0999984741211,17.587934560980543,98.03200035095215,89.5268208584471,88.92489990234375,1.2121413094656808,0.013161143643300675,11.960152258370314,1.2500000000000024,False,CLOSE_NOT_NEAR_OR_BELOW_LOWER_BB
2026-07-24T11:19:33.281898+00:00,HYP_OIL_MR_V1,BRENT_FUT,BZ=F,strategy-lab-v1.0.0:HYP_OIL_MR_V1,1784890800000,2026-07-24T11:00:00+00:00,92.05999755859375,92.0999984741211,91.9000015258789,92.0999984741211,12.37749985223553,98.2895004272461,90.90381004567897,88.97174987792968,1.1542837960379464,0.01253294044692395,17.587934560980543,1.2500000000000024,False,CLOSE_NOT_NEAR_OR_BELOW_LOWER_BB|RSI_RECOVERY_NOT_CONFIRMED
2026-07-24T12:50:12.647015+00:00,HYP_OIL_MR_V1,OIL_FUT,CL=F,strategy-lab-v1.0.0:HYP_OIL_MR_V1,1784894400000,2026-07-24T12:00:00+00:00,89.37999725341797,90.02999877929688,88.95999908447266,89.06999969482422,23.965525632812728,91.225,88.79892886041242,83.24194995880127,0.8478562491280692,0.009518987897530412,24.2160262536336,1.2499999999999967,False,CLOSE_NOT_NEAR_OR_BELOW_LOWER_BB|RSI_RECOVERY_NOT_CONFIRMED
2026-07-24T12:50:12.647015+00:00,HYP_OIL_MR_V1,BRENT_FUT,BZ=F,strategy-lab-v1.0.0:HYP_OIL_MR_V1,1784894400000,2026-07-24T12:00:00+00:00,91.6500015258789,92.0999984741211,91.44999694824219,91.47000122070312,11.839811071476603,97.83550071716309,89.8716637572107,89.01229988098144,1.1985702514648438,0.013103424461238139,11.931273809141786,1.25,False,CLOSE_NOT_NEAR_OR_BELOW_LOWER_BB|RSI_RECOVERY_NOT_CONFIRMED
2026-07-24T14:29:24.168936+00:00,HYP_OIL_MR_V1,OIL_FUT,CL=F,strategy-lab-v1.0.0:HYP_OIL_MR_V1,1784898000000,2026-07-24T13:00:00+00:00,89.38999938964844,90.55999755859375,89.12999725341797,90.08000183105469,31.490775068083153,91.12849998474121,88.75970056318874,83.30394996643066,0.9164276123046875,0.010173485720209577,25.36497214155044,1.25,False,CLOSE_NOT_NEAR_OR_BELOW_LOWER_BB
2026-07-24T14:29:24.168936+00:00,HYP_OIL_MR_V1,BRENT_FUT,BZ=F,strategy-lab-v1.0.0:HYP_OIL_MR_V1,1784898000000,2026-07-24T13:00:00+00:00,97.37000274658203,98.16999816894531,97.16000366210938,97.70999908447266,41.8244379827741,97.97900047302247,90.65073230117075,89.11404987335204,1.6228555951799666,0.01660889991183982,40.84013332312519,1.2499999999999982,False,RSI_NOT_BELOW_38|CLOSE_NOT_NEAR_OR_BELOW_LOWER_BB
2026-07-24T15:58:44.083797+00:00,HYP_OIL_MR_V1,OIL_FUT,CL=F,strategy-lab-v1.0.0:HYP_OIL_MR_V1,1784901600000,2026-07-24T14:00:00+00:00,89.94000244140625,90.05000305175781,89.2699966430664,89.68000030517578,30.457710533950845,90.94349975585938,88.69003842688088,83.35639995574951,0.9049993242536273,0.010091428648237819,29.72505302567518,1.250000000000003,False,CLOSE_NOT_NEAR_OR_BELOW_LOWER_BB|RSI_RECOVERY_NOT_CONFIRMED
2026-07-24T15:58:44.083797+00:00,HYP_OIL_MR_V1,OIL_FUT,CL=F,strategy-lab-v1.0.0:HYP_OIL_MR_V1,1784905200000,2026-07-24T15:00:00+00:00,89.68000030517578,90.0,87.68000030517578,88.52999877929688,26.29175155051928,90.76849975585938,88.34270311797137,83.40429996490478,1.0178565979003906,0.01149730726234259,30.457710533950845,1.25,False,RSI_RECOVERY_NOT_CONFIRMED
2026-07-24T15:58:44.083797+00:00,HYP_OIL_MR_V1,BRENT_FUT,BZ=F,strategy-lab-v1.0.0:HYP_OIL_MR_V1,1784901600000,2026-07-24T14:00:00+00:00,97.62999725341797,97.62999725341797,96.73999786376953,97.20999908447266,40.83858539274537,97.73900032043457,90.6220351950747,89.1784998703003,1.634284428187779,0.016811896343786954,41.21738707380395,1.2499999999999982,False,RSI_NOT_BELOW_38|CLOSE_NOT_NEAR_OR_BELOW_LOWER_BB|RSI_RECOVERY_NOT_CONFIRMED
2026-07-24T15:58:44.083797+00:00,HYP_OIL_MR_V1,BRENT_FUT,BZ=F,strategy-lab-v1.0.0:HYP_OIL_MR_V1,1784905200000,2026-07-24T15:00:00+00:00,97.20999908447266,97.4800033569336,95.13999938964844,96.16999816894531,39.13041652652843,97.51750030517579,90.49537562444374,89.23844985961914,1.745713370186942,0.01815236979749323,40.83858539274537,1.2499999999999967,False,RSI_NOT_BELOW_38|CLOSE_NOT_NEAR_OR_BELOW_LOWER_BB|RSI_RECOVERY_NOT_CONFIRMED
2026-07-24T17:38:21.225219+00:00,HYP_OIL_MR_V1,OIL_FUT,CL=F,strategy-lab-v1.0.0:HYP_OIL_MR_V1,1784908800000,2026-07-24T16:00:00+00:00,88.38999938964844,88.66000366210938,88.06999969482422,88.38999938964844,22.635655430357204,90.60099983215332,87.97766761146849,83.44629997253418,1.0285709926060267,0.011636734921467655,25.782383466819482,1.2500000000000056,False,CLOSE_NOT_NEAR_OR_BELOW_LOWER_BB|RSI_RECOVERY_NOT_CONFIRMED
2026-07-24T17:38:21.225219+00:00,HYP_OIL_MR_V1,OIL_FUT,CL=F,strategy-lab-v1.0.0:HYP_OIL_MR_V1,1784912400000,2026-07-24T17:00:00+00:00,88.37999725341797,88.91000366210938,88.19999694824219,88.7300033569336,26.183486880492794,90.41949996948242,87.80580297977585,83.49235000610352,1.041428702218192,0.011737052437931775,22.635655430357204,1.2499999999999944,False,CLOSE_NOT_NEAR_OR_BELOW_LOWER_BB
2026-07-24T17:38:21.225219+00:00,HYP_OIL_MR_V1,BRENT_FUT,BZ=F,strategy-lab-v1.0.0:HYP_OIL_MR_V1,1784908800000,2026-07-24T16:00:00+00:00,96.0999984741211,96.37000274658203,95.55000305175781,95.91999816894531,36.921348697087815,97.31550064086915,90.34081915271358,89.2922498703003,1.7628566196986608,0.018378405476965454,38.873693585088255,1.2500000000000033,False,CLOSE_NOT_NEAR_OR_BELOW_LOWER_BB|RSI_RECOVERY_NOT_CONFIRMED
2026-07-24T17:38:21.225219+00:00,HYP_OIL_MR_V1,BRENT_FUT,BZ=F,strategy-lab-v1.0.0:HYP_OIL_MR_V1,1784912400000,2026-07-24T17:00:00+00:00,95.81999969482422,96.37000274658203,95.76000213623047,96.19000244140625,37.479271154387945,97.09750061035156,90.26983381427932,89.35129989624023,1.7628566196986608,0.018326817496158165,36.921348697087815,1.2499999999999967,False,CLOSE_NOT_NEAR_OR_BELOW_LOWER_BB
2026-07-24T19:03:49.751012+00:00,HYP_OIL_MR_V1,OIL_FUT,CL=F,strategy-lab-v1.0.0:HYP_OIL_MR_V1,1784916000000,2026-07-24T18:00:00+00:00,89.08000183105469,89.41999816894531,88.58000183105469,89.2699966430664,32.99996512276785,90.29549980163574,87.79161917726283,83.54274997711181,1.0899996076311385,0.0122101450500704,29.71832484249596,1.2499999999999973,False,CLOSE_NOT_NEAR_OR_BELOW_LOWER_BB
2026-07-24T19:03:49.751012+00:00,HYP_OIL_MR_V1,BRENT_FUT,BZ=F,strategy-lab-v1.0.0:HYP_OIL_MR_V1,1784916000000,2026-07-24T18:00:00+00:00,96.2699966430664,96.9000015258789,95.98999786376953,96.4800033569336,39.34336236070618,96.90850067138672,90.25467693134581,89.4119499206543,1.8057136535644531,0.018715936885741042,38.06133099131184,1.25,False,RSI_NOT_BELOW_38|CLOSE_NOT_NEAR_OR_BELOW_LOWER_BB
2026-07-24T20:37:55.590224+00:00,HYP_OIL_MR_V1,OIL_FUT,CL=F,strategy-lab-v1.0.0:HYP_OIL_MR_V1,1784919600000,2026-07-24T19:00:00+00:00,89.37999725341797,89.80999755859375,88.93000030517578,89.7699966430664,38.23126723750465,90.17449989318848,87.84395153300827,83.59395000457764,1.1042851039341517,0.01230127152978393,33.94368437114501,1.250000000000005,False,RSI_NOT_BELOW_38|CLOSE_NOT_NEAR_OR_BELOW_LOWER_BB
2026-07-24T20:37:55.590224+00:00,HYP_OIL_MR_V1,OIL_FUT,CL=F,strategy-lab-v1.0.0:HYP_OIL_MR_V1,1784923200000,2026-07-24T20:00:00+00:00,89.76000213623047,90.44000244140625,89.75,90.3499984741211,48.497860167017215,90.09699974060058,87.90197825140454,83.64680000305175,1.0721424647739954,0.01186654657311465,38.23126723750465,1.2500000000000053,False,RSI_NOT_BELOW_38|CLOSE_NOT_NEAR_OR_BELOW_LOWER_BB
2026-07-24T20:37:55.590224+00:00,HYP_OIL_MR_V1,BRENT_FUT,BZ=F,strategy-lab-v1.0.0:HYP_OIL_MR_V1,1784919600000,2026-07-24T19:00:00+00:00,96.72000122070312,97.38999938964844,96.30999755859375,97.38999938964844,42.379172516343644,96.76150054931641,90.31651993600411,89.47649990081787,1.8428568158830916,0.01892244406440533,40.10988849759108,1.2499999999999984,False,RSI_NOT_BELOW_38|CLOSE_NOT_NEAR_OR_BELOW_LOWER_BB
2026-07-24T20:37:55.590224+00:00,HYP_OIL_MR_V1,BRENT_FUT,BZ=F,strategy-lab-v1.0.0:HYP_OIL_MR_V1,1784923200000,2026-07-24T20:00:00+00:00,97.41000366210938,98.08999633789062,97.41000366210938,98.05999755859375,47.47528506602025,96.64450035095214,90.38570654178783,89.54259990692138,1.7942853655133928,0.01829783204350229,42.379172516343644,1.2500000000000016,False,RSI_NOT_BELOW_38|CLOSE_NOT_NEAR_OR_BELOW_LOWER_BB
2026-07-26T22:34:34.872831+00:00,HYP_OIL_MR_V1,OIL_FUT,CL=F,strategy-lab-v1.0.0:HYP_OIL_MR_V1,1785103200000,2026-07-26T22:00:00+00:00,84.62999725341797,85.02999877929688,83.87999725341797,84.33000183105469,23.93526316883981,89.678999710083,86.45416078080748,83.66650001525879,1.463571275983538,0.01735528571332931,40.90246806091082,1.249999999999998,False,RSI_RECOVERY_NOT_CONFIRMED
2026-07-26T22:34:34.872831+00:00,HYP_OIL_MR_V1,BRENT_FUT,BZ=F,strategy-lab-v1.0.0:HYP_OIL_MR_V1,1785103200000,2026-07-26T22:00:00+00:00,91.66999816894531,92.1500015258789,90.80000305175781,91.1500015258789,46.20730054443959,96.13200035095215,89.70184479071703,89.56959991455078,1.799999782017299,0.01974766595594901,43.94271735061655,1.2500000000000016,False,RSI_NOT_BELOW_38|CLOSE_NOT_NEAR_OR_BELOW_LOWER_BB|RSI_RECOVERY_NOT_CONFIRMED
2026-07-26T23:35:09.020756+00:00,HYP_OIL_MR_V1,OIL_FUT,CL=F,strategy-lab-v1.0.0:HYP_OIL_MR_V1,1785106800000,2026-07-26T23:00:00+00:00,84.80999755859375,85.16000366210938,84.80000305175781,84.98999786376953,28.192979796886164,89.3569995880127,85.83884620627593,83.69169998168945,1.3899999346051897,0.01635486491990764,24.97777301552533,1.250000000000002,True,
2026-07-26T23:35:09.020756+00:00,HYP_OIL_MR_V1,BRENT_FUT,BZ=F,strategy-lab-v1.0.0:HYP_OIL_MR_V1,1785106800000,2026-07-26T23:00:00+00:00,91.94000244140625,92.30000305175781,91.94000244140625,92.13999938964844,51.412420449277185,95.74750022888183,89.5426992939571,89.60629989624023,1.7371433803013392,0.018853303579427855,48.39296818323142,1.2499999999999967,False,RSI_NOT_BELOW_38|CLOSE_NOT_NEAR_OR_BELOW_LOWER_BB
2026-07-27T01:14:42.848059+00:00,HYP_OIL_MR_V1,OIL_FUT,CL=F,strategy-lab-v1.0.0:HYP_OIL_MR_V1,1785110400000,2026-07-27T00:00:00+00:00,84.61000061035156,84.94999694824219,84.04000091552734,84.79000091552734,29.23228494276455,88.98099975585937,85.07031727865449,83.71194999694825,1.413571493966239,0.016671440956517028,26.53445259975851,1.250000000000004,False,OPEN_TRADE_EXISTS
2026-07-27T01:14:42.848059+00:00,HYP_OIL_MR_V1,OIL_FUT,CL=F,strategy-lab-v1.0.0:HYP_OIL_MR_V1,1785114000000,2026-07-27T01:00:00+00:00,84.77999877929688,85.19999694824219,84.62000274658203,85.12999725341797,25.18208132410078,88.65499954223633,84.60411533684656,83.73244998931885,1.359285627092634,0.01596717574236805,29.23228494276455,1.250000000000002,False,OPEN_TRADE_EXISTS|CLOSE_NOT_NEAR_OR_BELOW_LOWER_BB|RSI_RECOVERY_NOT_CONFIRMED
2026-07-27T01:14:42.848059+00:00,HYP_OIL_MR_V1,BRENT_FUT,BZ=F,strategy-lab-v1.0.0:HYP_OIL_MR_V1,1785110400000,2026-07-27T00:00:00+00:00,91.87000274658203,92.20999908447266,91.23999786376953,92.0,51.80179472501274,95.3025001525879,89.31607607275913,89.63594989776611,1.7607149396623885,0.019138205865895527,50.85713261541099,1.2499999999999984,False,RSI_NOT_BELOW_38|CLOSE_NOT_NEAR_OR_BELOW_LOWER_BB
2026-07-27T01:14:42.848059+00:00,HYP_OIL_MR_V1,BRENT_FUT,BZ=F,strategy-lab-v1.0.0:HYP_OIL_MR_V1,1785114000000,2026-07-27T01:00:00+00:00,92.20999908447266,92.55000305175781,91.97000122070312,92.45999908447266,51.17340513785632,94.91000022888184,89.26890060971776,89.66219989776611,1.730715070452009,0.01871852787788593,51.80179472501274,1.2500000000000016,False,RSI_NOT_BELOW_38|CLOSE_NOT_NEAR_OR_BELOW_LOWER_BB|RSI_RECOVERY_NOT_CONFIRMED
2026-07-27T04:54:41.284914+00:00,HYP_OIL_MR_V1,OIL_FUT,CL=F,strategy-lab-v1.0.0:HYP_OIL_MR_V1,1785124800000,2026-07-27T04:00:00+00:00,85.20999908447266,85.20999908447266,84.47000122070312,84.6500015258789,25.49020225370211,88.31499977111817,84.13571089840505,83.75305000305175,1.3450001307896204,0.015888955777259278,25.569361121378407,1.2500000000000042,False,OPEN_TRADE_EXISTS|CLOSE_NOT_NEAR_OR_BELOW_LOWER_BB|RSI_RECOVERY_NOT_CONFIRMED
2026-07-27T04:54:41.284914+00:00,HYP_OIL_MR_V1,BRENT_FUT,BZ=F,strategy-lab-v1.0.0:HYP_OIL_MR_V1,1785124800000,2026-07-27T04:00:00+00:00,92.69000244140625,92.69000244140625,91.79000091552734,91.8499984741211,50.55591315759271,94.48349990844727,89.25252526078056,89.68724987030029,1.760000501360212,0.01916168242350157,50.78842958221277,1.2500000000000016,False,RSI_NOT_BELOW_38|CLOSE_NOT_NEAR_OR_BELOW_LOWER_BB|RSI_RECOVERY_NOT_CONFIRMED
2026-07-27T08:24:21.526770+00:00,HYP_OIL_MR_V1,OIL_FUT,CL=F,strategy-lab-v1.0.0:HYP_OIL_MR_V1,1785128400000,2026-07-27T05:00:00+00:00,84.8499984741211,84.95999908447266,84.37000274658203,84.58000183105469,23.87296435525768,87.56749992370605,83.23147395532891,83.82549999237061,1.2285706656319755,0.01452554550762482,23.897435977692453,1.2499999999999978,False,OPEN_TRADE_EXISTS|CLOSE_NOT_NEAR_OR_BELOW_LOWER_BB|RSI_RECOVERY_NOT_CONFIRMED
2026-07-27T08:24:21.526770+00:00,HYP_OIL_MR_V1,OIL_FUT,CL=F,strategy-lab-v1.0.0:HYP_OIL_MR_V1,1785132000000,2026-07-27T06:00:00+00:00,84.56999969482422,84.62999725341797,83.37999725341797,83.47000122070312,24.296150856695533,87.29049987792969,82.66060336779098,83.84319999694824,1.152142116001674,0.013803068158047509,23.87296435525768,1.2500000000000024,False,OPEN_TRADE_EXISTS|CLOSE_NOT_NEAR_OR_BELOW_LOWER_BB|CLOSE_NOT_ABOVE_MA200|RSI_RECOVERY_NOT_CONFIRMED
2026-07-27T08:24:21.526770+00:00,HYP_OIL_MR_V1,OIL_FUT,CL=F,strategy-lab-v1.0.0:HYP_OIL_MR_V1,1785135600000,2026-07-27T07:00:00+00:00,83.48999786376953,84.5999984741211,83.33999633789062,84.58999633789062,32.24297132915498,87.02499961853027,82.41515968123828,83.87194999694825,1.1999991280691964,0.014186064310439951,24.296150856695533,1.2500000000000024,False,OPEN_TRADE_EXISTS|CLOSE_NOT_NEAR_OR_BELOW_LOWER_BB
2026-07-27T08:24:21.526770+00:00,HYP_OIL_MR_V1,OIL_FUT,CL=F,strategy-lab-v1.0.0:HYP_OIL_MR_V1,1785139200000,2026-07-27T08:00:00+00:00,84.58999633789062,84.8499984741211,84.0999984741211,84.30999755859375,26.893183244064446,86.77049942016602,82.15122856117841,83.89609996795654,1.1821419852120536,0.014021373733174275,32.24297132915498,1.2499999999999976,False,OPEN_TRADE_EXISTS|CLOSE_NOT_NEAR_OR_BELOW_LOWER_BB|RSI_RECOVERY_NOT_CONFIRMED
2026-07-27T08:24:21.526770+00:00,HYP_OIL_MR_V1,BRENT_FUT,BZ=F,strategy-lab-v1.0.0:HYP_OIL_MR_V1,1785128400000,2026-07-27T05:00:00+00:00,92.12000274658203,92.1500015258789,91.61000061035156,91.80000305175781,24.695983824819308,94.25200004577637,89.51548470834118,89.77884994506836,1.3200013296944755,0.014379098973997253,24.812025762114885,1.2499999999999978,False,CLOSE_NOT_NEAR_OR_BELOW_LOWER_BB|RSI_RECOVERY_NOT_CONFIRMED
2026-07-27T08:24:21.526770+00:00,HYP_OIL_MR_V1,BRENT_FUT,BZ=F,strategy-lab-v1.0.0:HYP_OIL_MR_V1,1785132000000,2026-07-27T06:00:00+00:00,91.83000183105469,91.83000183105469,89.91000366210938,89.94000244140625,23.178222397867245,94.17700004577637,89.22227743957721,89.80034996032715,1.2900009155273438,0.014342905053485499,24.695983824819308,1.25,False,CLOSE_NOT_NEAR_OR_BELOW_LOWER_BB|RSI_RECOVERY_NOT_CONFIRMED
2026-07-27T08:24:21.526770+00:00,HYP_OIL_MR_V1,BRENT_FUT,BZ=F,strategy-lab-v1.0.0:HYP_OIL_MR_V1,1785135600000,2026-07-27T07:00:00+00:00,90.02999877929688,91.22000122070312,89.7699966430664,91.22000122070312,31.259970236827726,94.13300018310547,89.09043005892416,89.83384998321533,1.3350012642996651,0.014634962140262235,23.178222397867245,1.2500000000000022,False,CLOSE_NOT_NEAR_OR_BELOW_LOWER_BB
2026-07-27T08:24:21.526770+00:00,HYP_OIL_MR_V1,BRENT_FUT,BZ=F,strategy-lab-v1.0.0:HYP_OIL_MR_V1,1785139200000,2026-07-27T08:00:00+00:00,91.20999908447266,91.55000305175781,90.7300033569336,90.79000091552734,27.77332949326292,94.08850021362305,88.94541946289289,89.86129997253418,1.3414301191057478,0.014775086524713647,31.259970236827726,1.2499999999999978,False,CLOSE_NOT_NEAR_OR_BELOW_LOWER_BB|RSI_RECOVERY_NOT_CONFIRMED
2026-07-27T11:48:42.856304+00:00,HYP_OIL_MR_V1,OIL_FUT,CL=F,strategy-lab-v1.0.0:HYP_OIL_MR_V1,1785142800000,2026-07-27T09:00:00+00:00,82.95999908447266,83.27999877929688,82.12000274658203,82.33999633789062,20.634878143143325,86.34999923706054,81.36077774543021,83.90499996185302,1.292855943952288,0.015701433099983644,23.75641153988846,1.2499999999999978,False,CLOSE_NOT_NEAR_OR_BELOW_LOWER_BB|CLOSE_NOT_ABOVE_MA200|RSI_RECOVERY_NOT_CONFIRMED
2026-07-27T11:48:42.856304+00:00,HYP_OIL_MR_V1,OIL_FUT,CL=F,strategy-lab-v1.0.0:HYP_OIL_MR_V1,1785146400000,2026-07-27T10:00:00+00:00,82.3499984741211,83.55999755859375,82.31999969482422,83.2699966430664,24.0,86.01699905395508,81.14024026650073,83.92769992828369,1.318570273263114,0.015834878424639716,20.634878143143325,1.2500000000000042,False,CLOSE_NOT_NEAR_OR_BELOW_LOWER_BB|CLOSE_NOT_ABOVE_MA200
2026-07-27T11:48:42.856304+00:00,HYP_OIL_MR_V1,OIL_FUT,CL=F,strategy-lab-v1.0.0:HYP_OIL_MR_V1,1785150000000,2026-07-27T11:00:00+00:00,83.26000213623047,83.94999694824219,83.02999877929688,83.12000274658203,24.61034681527407,85.68899917602539,80.96169101185598,83.94514995574951,1.2885698590959822,0.015502524260310726,24.0,1.2499999999999978,False,CLOSE_NOT_NEAR_OR_BELOW_LOWER_BB|CLOSE_NOT_ABOVE_MA200|RSI_RECOVERY_NOT_CONFIRMED
2026-07-27T11:48:42.856304+00:00,HYP_OIL_MR_V1,BRENT_FUT,BZ=F,strategy-lab-v1.0.0:HYP_OIL_MR_V1,1785142800000,2026-07-27T09:00:00+00:00,89.02999877929688,89.30999755859375,87.56999969482422,87.75,20.56503660556966,93.51949996948242,87.66745299618134,89.86674995422364,1.5307153974260603,0.017444050113117497,24.217097494881884,1.2499999999999982,False,CLOSE_NOT_ABOVE_MA200|RSI_RECOVERY_NOT_CONFIRMED
2026-07-27T11:48:42.856304+00:00,HYP_OIL_MR_V1,BRENT_FUT,BZ=F,strategy-lab-v1.0.0:HYP_OIL_MR_V1,1785146400000,2026-07-27T10:00:00+00:00,87.83000183105469,89.2300033569336,87.80999755859375,89.19000244140625,24.342931349753883,93.1025001525879,87.26443643102908,89.89104995727538,1.5592869349888392,0.017482754706876696,20.56503660556966,1.2500000000000036,False,CLOSE_NOT_NEAR_OR_BELOW_LOWER_BB|CLOSE_NOT_ABOVE_MA200
2026-07-27T11:48:42.856304+00:00,HYP_OIL_MR_V1,BRENT_FUT,BZ=F,strategy-lab-v1.0.0:HYP_OIL_MR_V1,1785150000000,2026-07-27T11:00:00+00:00,89.2300033569336,89.93000030517578,89.08999633789062,89.2699966430664,25.69576916448443,92.70550003051758,86.95955722151768,89.91144992828369,1.5007155282156808,0.01681097327936599,24.342931349753883,1.250000000000002,False,CLOSE_NOT_NEAR_OR_BELOW_LOWER_BB|CLOSE_NOT_ABOVE_MA200
2026-07-27T14:01:43.127302+00:00,HYP_OIL_MR_V1,OIL_FUT,CL=F,strategy-lab-v1.0.0:HYP_OIL_MR_V1,1785153600000,2026-07-27T12:00:00+00:00,83.36000061035156,84.33999633789062,83.36000061035156,84.0199966430664,45.18070627944899,85.48149871826172,80.89492481307283,83.96789993286133,0.9714268275669643,0.011561852730056369,25.412550602954937,1.2500000000000058,False,RSI_NOT_BELOW_38|CLOSE_NOT_NEAR_OR_BELOW_LOWER_BB
2026-07-27T14:01:43.127302+00:00,HYP_OIL_MR_V1,OIL_FUT,CL=F,strategy-lab-v1.0.0:HYP_OIL_MR_V1,1785157200000,2026-07-27T13:00:00+00:00,84.0199966430664,84.55000305175781,83.68000030517578,83.93000030517578,45.7317243368472,85.25849876403808,80.82822806085362,83.98839992523193,0.9857123238699776,0.011744457527533107,45.18070627944899,1.2500000000000029,False,RSI_NOT_BELOW_38|CLOSE_NOT_NEAR_OR_BELOW_LOWER_BB|CLOSE_NOT_ABOVE_MA200|RSI_RECOVERY_NOT_CONFIRMED
2026-07-27T14:01:43.127302+00:00,HYP_OIL_MR_V1,BRENT_FUT,BZ=F,strategy-lab-v1.0.0:HYP_OIL_MR_V1,1785153600000,2026-07-27T12:00:00+00:00,89.56999969482422,90.87999725341797,89.56999969482422,90.63999938964844,44.611522112827146,92.4470001220703,86.87507109392047,89.93964996337891,1.1700008937290736,0.01290821824368518,26.832380347567906,1.2500000000000049,False,RSI_NOT_BELOW_38|CLOSE_NOT_NEAR_OR_BELOW_LOWER_BB
2026-07-27T14:01:43.127302+00:00,HYP_OIL_MR_V1,BRENT_FUT,BZ=F,strategy-lab-v1.0.0:HYP_OIL_MR_V1,1785157200000,2026-07-27T13:00:00+00:00,90.62000274658203,91.2300033569336,90.26000213623047,90.54000091552734,44.10299434892206,92.17800025939941,86.78616054569291,89.9656499862671,1.210000719342913,0.013364266700989192,44.611522112827146,1.2499999999999976,False,RSI_NOT_BELOW_38|CLOSE_NOT_NEAR_OR_BELOW_LOWER_BB|RSI_RECOVERY_NOT_CONFIRMED
2026-07-27T16:29:15.661796+00:00,HYP_OIL_MR_V1,OIL_FUT,CL=F,strategy-lab-v1.0.0:HYP_OIL_MR_V1,1785160800000,2026-07-27T14:00:00+00:00,84.2300033569336,84.2699966430664,83.44999694824219,83.56999969482422,43.06817728625999,84.99799880981445,80.88907323861882,84.00819992065429,0.9792840140206474,0.01171812872558019,47.53311807008572,1.2499999999999971,False,RSI_NOT_BELOW_38|CLOSE_NOT_NEAR_OR_BELOW_LOWER_BB|CLOSE_NOT_ABOVE_MA200|RSI_RECOVERY_NOT_CONFIRMED
2026-07-27T16:29:15.661796+00:00,HYP_OIL_MR_V1,OIL_FUT,CL=F,strategy-lab-v1.0.0:HYP_OIL_MR_V1,1785164400000,2026-07-27T15:00:00+00:00,83.58000183105469,83.83999633789062,82.9800033569336,83.38999938964844,38.869268746821085,84.69899864196778,81.06307871840455,84.02579990386963,0.9814267839704242,0.011769118493269264,43.06817728625999,1.2500000000000029,False,RSI_NOT_BELOW_38|CLOSE_NOT_NEAR_OR_BELOW_LOWER_BB|CLOSE_NOT_ABOVE_MA200|RSI_RECOVERY_NOT_CONFIRMED
2026-07-27T16:29:15.661796+00:00,HYP_OIL_MR_V1,OIL_FUT,CL=F,strategy-lab-v1.0.0:HYP_OIL_MR_V1,1785168000000,2026-07-27T16:00:00+00:00,83.37999725341797,83.70999908447266,83.06999969482422,83.58999633789062,38.14061002424311,84.38999862670899,81.57202724120766,84.04274990081787,0.9892839704241071,0.011834956499162726,38.869268746821085,1.2499999999999971,False,RSI_NOT_BELOW_38|CLOSE_NOT_NEAR_OR_BELOW_LOWER_BB|CLOSE_NOT_ABOVE_MA200|RSI_RECOVERY_NOT_CONFIRMED
2026-07-27T16:29:15.661796+00:00,HYP_OIL_MR_V1,BRENT_FUT,BZ=F,strategy-lab-v1.0.0:HYP_OIL_MR_V1,1785160800000,2026-07-27T14:00:00+00:00,90.5199966430664,90.5199966430664,89.87999725341797,90.02999877929688,42.3106885395871,91.87400016784667,86.77734165212377,89.98984996795654,1.2057151794433594,0.0133923713849991,45.161296429518,1.25,False,RSI_NOT_BELOW_38|CLOSE_NOT_NEAR_OR_BELOW_LOWER_BB|RSI_RECOVERY_NOT_CONFIRMED
2026-07-27T16:29:15.661796+00:00,HYP_OIL_MR_V1,BRENT_FUT,BZ=F,strategy-lab-v1.0.0:HYP_OIL_MR_V1,1785164400000,2026-07-27T15:00:00+00:00,90.0,90.20999908447266,89.3499984741211,89.80999755859375,38.02930483037642,91.52900009155273,86.87341505149615,90.01249996185302,1.2035724094935827,0.013401318808725601,42.3106885395871,1.2499999999999953,False,RSI_NOT_BELOW_38|CLOSE_NOT_NEAR_OR_BELOW_LOWER_BB|CLOSE_NOT_ABOVE_MA200|RSI_RECOVERY_NOT_CONFIRMED
2026-07-27T16:29:15.661796+00:00,HYP_OIL_MR_V1,BRENT_FUT,BZ=F,strategy-lab-v1.0.0:HYP_OIL_MR_V1,1785168000000,2026-07-27T16:00:00+00:00,89.79000091552734,90.08000183105469,89.51000213623047,90.08000183105469,37.62296922165822,91.16350021362305,87.330776892085,90.03324996948243,1.2042863028390067,0.013369075026193375,38.02930483037642,1.2499999999999976,False,CLOSE_NOT_NEAR_OR_BELOW_LOWER_BB|RSI_RECOVERY_NOT_CONFIRMED
2026-07-27T18:07:34.495258+00:00,HYP_OIL_MR_V1,OIL_FUT,CL=F,strategy-lab-v1.0.0:HYP_OIL_MR_V1,1785171600000,2026-07-27T17:00:00+00:00,82.8499984741211,83.0,82.51000213623047,82.70999908447266,35.294117647058826,84.02249870300292,82.15797720007333,84.05149990081787,1.044283730643136,0.012625846236276671,34.32492121825817,1.2499999999999944,False,TREND_SUPPORT_NOT_CONFIRMED|CLOSE_NOT_NEAR_OR_BELOW_LOWER_BB|CLOSE_NOT_ABOVE_MA200|RSI_RECOVERY_NOT_CONFIRMED
2026-07-27T18:07:34.495258+00:00,HYP_OIL_MR_V1,BRENT_FUT,BZ=F,strategy-lab-v1.0.0:HYP_OIL_MR_V1,1785171600000,2026-07-27T17:00:00+00:00,89.19000244140625,89.26000213623047,88.63999938964844,88.68000030517578,33.67107621425096,90.71550025939942,87.66064522633827,90.04304996490478,1.2828576224190849,0.014466143640103384,34.50479914638508,1.2499999999999978,False,CLOSE_NOT_NEAR_OR_BELOW_LOWER_BB|CLOSE_NOT_ABOVE_MA200|RSI_RECOVERY_NOT_CONFIRMED
2026-07-27T19:51:00.664339+00:00,HYP_OIL_MR_V1,OIL_FUT,CL=F,strategy-lab-v1.0.0:HYP_OIL_MR_V1,1785175200000,2026-07-27T18:00:00+00:00,82.62000274658203,82.95999908447266,81.98999786376953,82.12999725341797,34.44317239192492,83.88349876403808,81.87423640796568,84.06019989013672,1.0607125418526786,0.01291504416565088,34.92434550602714,1.2499999999999973,False,TREND_SUPPORT_NOT_CONFIRMED|CLOSE_NOT_NEAR_OR_BELOW_LOWER_BB|CLOSE_NOT_ABOVE_MA200|RSI_RECOVERY_NOT_CONFIRMED
2026-07-27T19:51:00.664339+00:00,HYP_OIL_MR_V1,OIL_FUT,CL=F,strategy-lab-v1.0.0:HYP_OIL_MR_V1,1785178800000,2026-07-27T19:00:00+00:00,82.12999725341797,82.44999694824219,82.04000091552734,82.31999969482422,36.92129455885093,83.7679988861084,81.67964350512565,84.07214988708496,1.0478553771972656,0.012729049818778709,34.44317239192492,1.25,False,TREND_SUPPORT_NOT_CONFIRMED|CLOSE_NOT_NEAR_OR_BELOW_LOWER_BB|CLOSE_NOT_ABOVE_MA200
2026-07-27T19:51:00.664339+00:00,HYP_OIL_MR_V1,BRENT_FUT,BZ=F,strategy-lab-v1.0.0:HYP_OIL_MR_V1,1785175200000,2026-07-27T18:00:00+00:00,88.55999755859375,88.69999694824219,87.94000244140625,88.0,33.723657440715854,90.5180004119873,87.29740077633019,90.0528999710083,1.2599999564034599,0.014318181322766589,33.61867865995755,1.2499999999999978,False,CLOSE_NOT_NEAR_OR_BELOW_LOWER_BB|CLOSE_NOT_ABOVE_MA200|RSI_RECOVERY_NOT_CONFIRMED
2026-07-27T19:51:00.664339+00:00,HYP_OIL_MR_V1,BRENT_FUT,BZ=F,strategy-lab-v1.0.0:HYP_OIL_MR_V1,1785178800000,2026-07-27T19:00:00+00:00,87.91000366210938,88.22000122070312,87.87999725341797,88.0,34.72667883444463,90.32000045776367,86.9931942917287,90.06439998626709,1.244286128452846,0.014139615096055068,33.723657440715854,1.2500000000000022,False,CLOSE_NOT_NEAR_OR_BELOW_LOWER_BB|CLOSE_NOT_ABOVE_MA200
2026-07-27T20:57:24.820256+00:00,HYP_OIL_MR_V1,OIL_FUT,CL=F,strategy-lab-v1.0.0:HYP_OIL_MR_V1,1785182400000,2026-07-27T20:00:00+00:00,81.93000030517578,82.08000183105469,81.6500015258789,82.0,40.34164847041178,83.6089988708496,81.38803556957487,84.08129989624024,0.9985694885253906,0.012177676689334033,34.68207480686169,1.25,False,TREND_SUPPORT_NOT_CONFIRMED|RSI_NOT_BELOW_38|CLOSE_NOT_NEAR_OR_BELOW_LOWER_BB|CLOSE_NOT_ABOVE_MA200
2026-07-27T20:57:24.820256+00:00,HYP_OIL_MR_V1,BRENT_FUT,BZ=F,strategy-lab-v1.0.0:HYP_OIL_MR_V1,1785182400000,2026-07-27T20:00:00+00:00,87.68000030517578,87.76000213623047,87.52999877929688,87.7300033569336,39.81567098952206,90.09400062561035,86.64654171799533,90.07465000152588,1.1342860630580358,0.012929283251513627,34.04254423725308,1.250000000000005,False,RSI_NOT_BELOW_38|CLOSE_NOT_NEAR_OR_BELOW_LOWER_BB|CLOSE_NOT_ABOVE_MA200|RSI_RECOVERY_NOT_CONFIRMED
2026-07-27T23:18:11.203796+00:00,HYP_OIL_MR_V1,OIL_FUT,CL=F,strategy-lab-v1.0.0:HYP_OIL_MR_V1,1785189600000,2026-07-27T22:00:00+00:00,82.0,82.19000244140625,81.56999969482422,82.11000061035156,31.325331660381607,83.44599914550781,81.26038828523625,84.09274990081786,0.9542841230119977,0.011622020654225785,39.68255249751741,1.2499999999999971,False,TREND_SUPPORT_NOT_CONFIRMED|CLOSE_NOT_NEAR_OR_BELOW_LOWER_BB|CLOSE_NOT_ABOVE_MA200|RSI_RECOVERY_NOT_CONFIRMED
2026-07-27T23:18:11.203796+00:00,HYP_OIL_MR_V1,OIL_FUT,CL=F,strategy-lab-v1.0.0:HYP_OIL_MR_V1,1785193200000,2026-07-27T23:00:00+00:00,82.12000274658203,82.16000366210938,82.0999984741211,82.11000061035156,41.60003662109375,83.27249908447266,81.2469940431006,84.10339988708496,0.8171419416155133,0.009951795585695035,31.325331660381607,1.2499999999999964,False,TREND_SUPPORT_NOT_CONFIRMED|RSI_NOT_BELOW_38|CLOSE_NOT_NEAR_OR_BELOW_LOWER_BB|CLOSE_NOT_ABOVE_MA200
2026-07-27T23:18:11.203796+00:00,HYP_OIL_MR_V1,BRENT_FUT,BZ=F,strategy-lab-v1.0.0:HYP_OIL_MR_V1,1785189600000,2026-07-27T22:00:00+00:00,87.98999786376953,87.98999786376953,87.73999786376953,87.76000213623047,32.16496158955607,89.84200057983398,86.47192892274818,90.08689998626708,1.0607141767229353,0.012086533168907418,39.63301917497559,1.2499999999999973,False,TREND_SUPPORT_NOT_CONFIRMED|CLOSE_NOT_NEAR_OR_BELOW_LOWER_BB|CLOSE_NOT_ABOVE_MA200|RSI_RECOVERY_NOT_CONFIRMED
2026-07-27T23:18:11.203796+00:00,HYP_OIL_MR_V1,BRENT_FUT,BZ=F,strategy-lab-v1.0.0:HYP_OIL_MR_V1,1785193200000,2026-07-27T23:00:00+00:00,88.01000213623047,88.01000213623047,88.01000213623047,88.01000213623047,43.880242352476024,89.58750076293946,86.48159735968736,90.09884998321533,0.8899999346051898,0.010112486228867044,32.16496158955607,1.250000000000003,False,TREND_SUPPORT_NOT_CONFIRMED|RSI_NOT_BELOW_38|CLOSE_NOT_NEAR_OR_BELOW_LOWER_BB|CLOSE_NOT_ABOVE_MA200
2026-07-28T00:13:54.961965+00:00,HYP_OIL_MR_V1,OIL_FUT,CL=F,strategy-lab-v1.0.0:HYP_OIL_MR_V1,1785196800000,2026-07-28T00:00:00+00:00,82.02999877929688,82.05000305175781,81.66000366210938,81.83000183105469,44.53967123341381,83.10049934387207,81.18260148050334,84.10964992523193,0.7735704694475446,0.009453384481704517,41.10677538810417,1.2499999999999962,False,TREND_SUPPORT_NOT_CONFIRMED|RSI_NOT_BELOW_38|CLOSE_NOT_NEAR_OR_BELOW_LOWER_BB|CLOSE_NOT_ABOVE_MA200|RSI_RECOVERY_NOT_CONFIRMED
2026-07-28T00:13:54.961965+00:00,HYP_OIL_MR_V1,BRENT_FUT,BZ=F,strategy-lab-v1.0.0:HYP_OIL_MR_V1,1785196800000,2026-07-28T00:00:00+00:00,87.87000274658203,87.87000274658203,87.51000213623047,87.75,50.0,89.33100051879883,86.51850771763436,90.10704998016358,0.8007142203194755,0.009124948379709123,43.80705883289135,1.2499999999999964,False,TREND_SUPPORT_NOT_CONFIRMED|RSI_NOT_BELOW_38|CLOSE_NOT_NEAR_OR_BELOW_LOWER_BB|CLOSE_NOT_ABOVE_MA200|RSI_RECOVERY_NOT_CONFIRMED
2026-07-28T03:38:25.095516+00:00,HYP_OIL_MR_V1,OIL_FUT,CL=F,strategy-lab-v1.0.0:HYP_OIL_MR_V1,1785200400000,2026-07-28T01:00:00+00:00,82.11000061035156,82.23999786376953,81.45999908447266,81.62999725341797,29.80295103654595,82.95399932861328,81.13928908182366,84.12219989776611,0.7671421595982143,0.009397797199681921,47.45015512557221,1.2499999999999927,False,TREND_SUPPORT_NOT_CONFIRMED|CLOSE_NOT_NEAR_OR_BELOW_LOWER_BB|CLOSE_NOT_ABOVE_MA200|RSI_RECOVERY_NOT_CONFIRMED
2026-07-28T03:38:25.095516+00:00,HYP_OIL_MR_V1,OIL_FUT,CL=F,strategy-lab-v1.0.0:HYP_OIL_MR_V1,1785204000000,2026-07-28T02:00:00+00:00,81.62000274658203,81.77999877929688,80.69000244140625,80.81999969482422,23.59078992217688,82.76599922180176,80.88615582966199,84.12564990997315,0.7792848859514508,0.009642228271393534,29.80295103654595,1.2499999999999964,False,TREND_SUPPORT_NOT_CONFIRMED|CLOSE_NOT_ABOVE_MA200|RSI_RECOVERY_NOT_CONFIRMED
2026-07-28T03:38:25.095516+00:00,HYP_OIL_MR_V1,OIL_FUT,CL=F,strategy-lab-v1.0.0:HYP_OIL_MR_V1,1785207600000,2026-07-28T03:00:00+00:00,80.83999633789062,81.36000061035156,80.5999984741211,81.33000183105469,20.950362767214358,82.65899925231933,80.70930462406353,84.1329499053955,0.7628566196986607,0.009379768874016857,23.59078992217688,1.2500000000000075,False,TREND_SUPPORT_NOT_CONFIRMED|CLOSE_NOT_NEAR_OR_BELOW_LOWER_BB|CLOSE_NOT_ABOVE_MA200|RSI_RECOVERY_NOT_CONFIRMED
2026-07-28T03:38:25.095516+00:00,HYP_OIL_MR_V1,BRENT_FUT,BZ=F,strategy-lab-v1.0.0:HYP_OIL_MR_V1,1785200400000,2026-07-28T01:00:00+00:00,87.8499984741211,88.02999877929688,87.33000183105469,87.72000122070312,36.15817423188772,89.12100067138672,86.572432803494,90.12344997406007,0.7514283316476005,0.008566214331860418,51.93199345310813,1.2499999999999962,False,TREND_SUPPORT_NOT_CONFIRMED|CLOSE_NOT_NEAR_OR_BELOW_LOWER_BB|CLOSE_NOT_ABOVE_MA200|RSI_RECOVERY_NOT_CONFIRMED
2026-07-28T03:38:25.095516+00:00,HYP_OIL_MR_V1,BRENT_FUT,BZ=F,strategy-lab-v1.0.0:HYP_OIL_MR_V1,1785204000000,2026-07-28T02:00:00+00:00,87.55000305175781,87.55000305175781,86.51000213623047,86.51000213623047,25.80643970437312,88.85650062561035,86.37791050223306,90.12854999542236,0.7778565543038505,0.008991521617106554,36.15817423188772,1.2499999999999964,False,TREND_SUPPORT_NOT_CONFIRMED|CLOSE_NOT_ABOVE_MA200|RSI_RECOVERY_NOT_CONFIRMED
2026-07-28T03:38:25.095516+00:00,HYP_OIL_MR_V1,BRENT_FUT,BZ=F,strategy-lab-v1.0.0:HYP_OIL_MR_V1,1785207600000,2026-07-28T03:00:00+00:00,86.62000274658203,86.94999694824219,86.44999694824219,86.87000274658203,15.285484059062469,88.70300064086913,86.13325365990943,90.13600002288818,0.7157140459333148,0.008238908982438994,25.80643970437312,1.250000000000004,False,TREND_SUPPORT_NOT_CONFIRMED|CLOSE_NOT_NEAR_OR_BELOW_LOWER_BB|CLOSE_NOT_ABOVE_MA200|RSI_RECOVERY_NOT_CONFIRMED
2026-07-28T06:14:02.627559+00:00,HYP_OIL_MR_V1,OIL_FUT,CL=F,strategy-lab-v1.0.0:HYP_OIL_MR_V1,1785211200000,2026-07-28T04:00:00+00:00,81.58000183105469,81.93000030517578,81.54000091552734,81.62999725341797,28.39192126763102,82.8174991607666,81.10471463074863,84.13079990386963,0.7292851039341518,0.008934033179862879,31.510422875489752,1.2499999999999922,False,TREND_SUPPORT_NOT_CONFIRMED|CLOSE_NOT_NEAR_OR_BELOW_LOWER_BB|CLOSE_NOT_ABOVE_MA200|RSI_RECOVERY_NOT_CONFIRMED
2026-07-28T06:14:02.627559+00:00,HYP_OIL_MR_V1,OIL_FUT,CL=F,strategy-lab-v1.0.0:HYP_OIL_MR_V1,1785214800000,2026-07-28T05:00:00+00:00,81.62999725341797,82.43000030517578,81.47000122070312,82.1500015258789,25.587542778373162,82.75149917602539,81.04264994768566,84.14219989776612,0.727142333984375,0.008851397692978867,28.39192126763102,1.25,False,TREND_SUPPORT_NOT_CONFIRMED|CLOSE_NOT_NEAR_OR_BELOW_LOWER_BB|CLOSE_NOT_ABOVE_MA200|RSI_RECOVERY_NOT_CONFIRMED
2026-07-28T06:14:02.627559+00:00,HYP_OIL_MR_V1,OIL_FUT,CL=F,strategy-lab-v1.0.0:HYP_OIL_MR_V1,1785218400000,2026-07-28T06:00:00+00:00,82.13999938964844,82.25,81.95999908447266,82.16000366210938,21.703325494338728,82.62999954223633,81.12830847317025,84.1551999282837,0.685713631766183,0.00834607596399635,25.587542778373162,1.2500000000000082,False,TREND_SUPPORT_NOT_CONFIRMED|CLOSE_NOT_NEAR_OR_BELOW_LOWER_BB|CLOSE_NOT_ABOVE_MA200|RSI_RECOVERY_NOT_CONFIRMED
2026-07-28T06:14:02.627559+00:00,HYP_OIL_MR_V1,BRENT_FUT,BZ=F,strategy-lab-v1.0.0:HYP_OIL_MR_V1,1785211200000,2026-07-28T04:00:00+00:00,87.18000030517578,87.38999938964844,87.18000030517578,87.19000244140625,28.98549723088746,88.8925006866455,86.531443127509,90.13215000152587,0.7328567504882812,0.00840528420653249,36.4326260334796,1.25,False,TREND_SUPPORT_NOT_CONFIRMED|CLOSE_NOT_NEAR_OR_BELOW_LOWER_BB|CLOSE_NOT_ABOVE_MA200|RSI_RECOVERY_NOT_CONFIRMED
2026-07-28T06:14:02.627559+00:00,HYP_OIL_MR_V1,BRENT_FUT,BZ=F,strategy-lab-v1.0.0:HYP_OIL_MR_V1,1785214800000,2026-07-28T05:00:00+00:00,87.20999908447266,87.95999908447266,87.08000183105469,87.73999786376953,20.647727009474977,88.78250045776367,86.42190876027732,90.14395000457763,0.6978569030761719,0.007953691817495905,28.98549723088746,1.25,False,TREND_SUPPORT_NOT_CONFIRMED|CLOSE_NOT_NEAR_OR_BELOW_LOWER_BB|CLOSE_NOT_ABOVE_MA200|RSI_RECOVERY_NOT_CONFIRMED
2026-07-28T06:14:02.627559+00:00,HYP_OIL_MR_V1,BRENT_FUT,BZ=F,strategy-lab-v1.0.0:HYP_OIL_MR_V1,1785218400000,2026-07-28T06:00:00+00:00,87.80000305175781,87.80000305175781,87.80000305175781,87.80000305175781,19.1752700570553,88.6115005493164,86.49958020891971,90.15805000305176,0.632857186453683,0.007207940369667366,20.647727009474977,1.2500000000000089,False,TREND_SUPPORT_NOT_CONFIRMED|CLOSE_NOT_NEAR_OR_BELOW_LOWER_BB|CLOSE_NOT_ABOVE_MA200|RSI_RECOVERY_NOT_CONFIRMED
2026-07-28T09:06:19.610972+00:00,HYP_OIL_MR_V1,OIL_FUT,CL=F,strategy-lab-v1.0.0:HYP_OIL_MR_V1,1785222000000,2026-07-28T07:00:00+00:00,80.80999755859375,81.54000091552734,80.54000091552734,80.77999877929688,30.34349811303173,82.28149948120117,80.30276966051849,84.17214988708496,0.8035714285714286,0.00994765338839515,27.60412941372816,1.2499999999999964,False,TREND_SUPPORT_NOT_CONFIRMED|CLOSE_NOT_NEAR_OR_BELOW_LOWER_BB|CLOSE_NOT_ABOVE_MA200|RSI_RECOVERY_NOT_CONFIRMED
2026-07-28T09:06:19.610972+00:00,HYP_OIL_MR_V1,OIL_FUT,CL=F,strategy-lab-v1.0.0:HYP_OIL_MR_V1,1785225600000,2026-07-28T08:00:00+00:00,80.77999877929688,80.8499984741211,79.80000305175781,80.2300033569336,28.545755886421844,82.1254997253418,80.02040655449431,84.17894989013672,0.8435712541852679,0.010514411303615696,30.34349811303173,1.2500000000000033,False,TREND_SUPPORT_NOT_CONFIRMED|CLOSE_NOT_NEAR_OR_BELOW_LOWER_BB|CLOSE_NOT_ABOVE_MA200|RSI_RECOVERY_NOT_CONFIRMED
2026-07-28T09:06:19.610972+00:00,HYP_OIL_MR_V1,BRENT_FUT,BZ=F,strategy-lab-v1.0.0:HYP_OIL_MR_V1,1785222000000,2026-07-28T07:00:00+00:00,86.11000061035156,86.77999877929688,85.7300033569336,85.77999877929688,23.700260146288542,88.20200042724609,85.44123553733708,90.17954998016357,0.7607133047921317,0.008868189736740016,22.660789197473363,1.2499999999999962,False,TREND_SUPPORT_NOT_CONFIRMED|CLOSE_NOT_NEAR_OR_BELOW_LOWER_BB|CLOSE_NOT_ABOVE_MA200|RSI_RECOVERY_NOT_CONFIRMED
2026-07-28T09:06:19.610972+00:00,HYP_OIL_MR_V1,BRENT_FUT,BZ=F,strategy-lab-v1.0.0:HYP_OIL_MR_V1,1785225600000,2026-07-28T08:00:00+00:00,86.01000213623047,86.01000213623047,84.79000091552734,85.30999755859375,24.03094815084681,87.99200019836425,85.0295713271253,90.18494995117187,0.8035703386579242,0.009419415797146228,23.700260146288542,1.2500000000000036,False,TREND_SUPPORT_NOT_CONFIRMED|CLOSE_NOT_NEAR_OR_BELOW_LOWER_BB|CLOSE_NOT_ABOVE_MA200|RSI_RECOVERY_NOT_CONFIRMED
2026-07-28T11:26:25.646021+00:00,HYP_OIL_MR_V1,OIL_FUT,CL=F,strategy-lab-v1.0.0:HYP_OIL_MR_V1,1785229200000,2026-07-28T09:00:00+00:00,80.19999694824219,81.22000122070312,80.19999694824219,80.62000274658203,36.3472437598989,81.95399971008301,79.93603547705872,84.18449985504151,0.8471429007393974,0.010507850060515073,28.39279948447077,1.2499999999999967,False,TREND_SUPPORT_NOT_CONFIRMED|CLOSE_NOT_NEAR_OR_BELOW_LOWER_BB|CLOSE_NOT_ABOVE_MA200
2026-07-28T11:26:25.646021+00:00,HYP_OIL_MR_V1,OIL_FUT,CL=F,strategy-lab-v1.0.0:HYP_OIL_MR_V1,1785232800000,2026-07-28T10:00:00+00:00,80.62999725341797,81.48999786376953,80.58000183105469,81.16999816894531,43.53739378204056,81.80149955749512,80.04789367997233,84.19544982910156,0.8735716683523995,0.010762248220508372,36.3472437598989,1.2500000000000033,False,TREND_SUPPORT_NOT_CONFIRMED|RSI_NOT_BELOW_38|CLOSE_NOT_NEAR_OR_BELOW_LOWER_BB|CLOSE_NOT_ABOVE_MA200
2026-07-28T11:26:25.646021+00:00,HYP_OIL_MR_V1,OIL_FUT,CL=F,strategy-lab-v1.0.0:HYP_OIL_MR_V1,1785236400000,2026-07-28T11:00:00+00:00,81.16999816894531,81.37999725341797,80.69000244140625,80.93000030517578,41.967183589543474,81.6694995880127,80.07832981450618,84.2013998413086,0.8907138279506138,0.011005978309549682,43.53739378204056,1.2499999999999936,False,TREND_SUPPORT_NOT_CONFIRMED|RSI_NOT_BELOW_38|CLOSE_NOT_NEAR_OR_BELOW_LOWER_BB|CLOSE_NOT_ABOVE_MA200|RSI_RECOVERY_NOT_CONFIRMED
2026-07-28T11:26:25.646021+00:00,HYP_OIL_MR_V1,BRENT_FUT,BZ=F,strategy-lab-v1.0.0:HYP_OIL_MR_V1,1785229200000,2026-07-28T09:00:00+00:00,85.44999694824219,86.4000015258789,85.44000244140625,85.91000366210938,33.386338881328214,87.7580005645752,84.93516861616,90.19059997558594,0.823570796421596,0.00958643651862434,24.218701571179935,1.2500000000000036,False,TREND_SUPPORT_NOT_CONFIRMED|CLOSE_NOT_NEAR_OR_BELOW_LOWER_BB|CLOSE_NOT_ABOVE_MA200
2026-07-28T11:26:25.646021+00:00,HYP_OIL_MR_V1,BRENT_FUT,BZ=F,strategy-lab-v1.0.0:HYP_OIL_MR_V1,1785232800000,2026-07-28T10:00:00+00:00,85.93000030517578,86.81999969482422,85.88999938964844,86.43000030517578,39.939011270819506,87.54000053405761,85.03153569118474,90.20074996948242,0.8549995422363281,0.00989239314147182,33.386338881328214,1.25,False,TREND_SUPPORT_NOT_CONFIRMED|RSI_NOT_BELOW_38|CLOSE_NOT_NEAR_OR_BELOW_LOWER_BB|CLOSE_NOT_ABOVE_MA200
2026-07-28T11:26:25.646021+00:00,HYP_OIL_MR_V1,BRENT_FUT,BZ=F,strategy-lab-v1.0.0:HYP_OIL_MR_V1,1785236400000,2026-07-28T11:00:00+00:00,86.43000030517578,86.66999816894531,86.01000213623047,86.18000030517578,38.872387437968634,87.34750061035156,85.05096564269382,90.20619998931885,0.8778561183384487,0.010186309065094382,39.939011270819506,1.2500000000000064,False,TREND_SUPPORT_NOT_CONFIRMED|RSI_NOT_BELOW_38|CLOSE_NOT_NEAR_OR_BELOW_LOWER_BB|CLOSE_NOT_ABOVE_MA200|RSI_RECOVERY_NOT_CONFIRMED
2026-07-28T13:09:19.190949+00:00,HYP_OIL_MR_V1,OIL_FUT,CL=F,strategy-lab-v1.0.0:HYP_OIL_MR_V1,1785240000000,2026-07-28T12:00:00+00:00,81.72000122070312,81.7300033569336,80.62999725341797,80.80999755859375,40.87077838998579,81.57999954223632,80.18477794883519,84.20779983520508,0.963571275983538,0.011923911707643243,48.517922520626726,1.2499999999999971,False,TREND_SUPPORT_NOT_CONFIRMED|RSI_NOT_BELOW_38|CLOSE_NOT_NEAR_OR_BELOW_LOWER_BB|CLOSE_NOT_ABOVE_MA200|RSI_RECOVERY_NOT_CONFIRMED
2026-07-28T13:09:19.190949+00:00,HYP_OIL_MR_V1,BRENT_FUT,BZ=F,strategy-lab-v1.0.0:HYP_OIL_MR_V1,1785240000000,2026-07-28T12:00:00+00:00,87.13999938964844,87.1500015258789,85.98999786376953,86.11000061035156,39.751518063702285,87.2080005645752,85.20041865837052,90.2122499847412,0.9821423121861049,0.011405670714488864,45.87409020629282,1.2499999999999942,False,TREND_SUPPORT_NOT_CONFIRMED|RSI_NOT_BELOW_38|CLOSE_NOT_NEAR_OR_BELOW_LOWER_BB|CLOSE_NOT_ABOVE_MA200|RSI_RECOVERY_NOT_CONFIRMED
2026-07-28T15:32:41.416733+00:00,HYP_OIL_MR_V1,OIL_FUT,CL=F,strategy-lab-v1.0.0:HYP_OIL_MR_V1,1785243600000,2026-07-28T13:00:00+00:00,80.80999755859375,81.6500015258789,80.73999786376953,81.44999694824219,46.12399433020075,81.50949974060059,80.2371542248213,84.2137498474121,1.012857164655413,0.01243532477108671,40.75631374518488,1.2499999999999971,False,TREND_SUPPORT_NOT_CONFIRMED|RSI_NOT_BELOW_38|CLOSE_NOT_NEAR_OR_BELOW_LOWER_BB|CLOSE_NOT_ABOVE_MA200
2026-07-28T15:32:41.416733+00:00,HYP_OIL_MR_V1,OIL_FUT,CL=F,strategy-lab-v1.0.0:HYP_OIL_MR_V1,1785247200000,2026-07-28T14:00:00+00:00,81.44000244140625,81.83000183105469,80.87000274658203,81.44999694824219,45.703105597466404,81.4509994506836,80.28513551906764,84.21954982757569,1.0271426609584264,0.012610714541967747,46.12399433020075,1.2500000000000056,False,TREND_SUPPORT_NOT_CONFIRMED|RSI_NOT_BELOW_38|CLOSE_NOT_NEAR_OR_BELOW_LOWER_BB|CLOSE_NOT_ABOVE_MA200|RSI_RECOVERY_NOT_CONFIRMED
2026-07-28T15:32:41.416733+00:00,HYP_OIL_MR_V1,OIL_FUT,CL=F,strategy-lab-v1.0.0:HYP_OIL_MR_V1,1785250800000,2026-07-28T15:00:00+00:00,81.44000244140625,81.58000183105469,79.4000015258789,79.7699966430664,39.52702934909615,81.33299942016602,80.00014940502778,84.2172998046875,1.1271427699497767,0.01412990870481311,45.703105597466404,1.249999999999995,False,TREND_SUPPORT_NOT_CONFIRMED|RSI_NOT_BELOW_38|CLOSE_NOT_ABOVE_MA200|RSI_RECOVERY_NOT_CONFIRMED
2026-07-28T15:32:41.416733+00:00,HYP_OIL_MR_V1,BRENT_FUT,BZ=F,strategy-lab-v1.0.0:HYP_OIL_MR_V1,1785243600000,2026-07-28T13:00:00+00:00,86.18000030517578,87.16000366210938,86.02999877929688,87.01000213623047,44.31687886233341,87.09750061035156,85.31431371659652,90.21915000915527,1.0449998038155692,0.012010111230424132,39.751518063702285,1.2499999999999973,False,TREND_SUPPORT_NOT_CONFIRMED|RSI_NOT_BELOW_38|CLOSE_NOT_NEAR_OR_BELOW_LOWER_BB|CLOSE_NOT_ABOVE_MA200
2026-07-28T15:32:41.416733+00:00,HYP_OIL_MR_V1,BRENT_FUT,BZ=F,strategy-lab-v1.0.0:HYP_OIL_MR_V1,1785247200000,2026-07-28T14:00:00+00:00,87.11000061035156,87.37000274658203,86.16999816894531,86.7300033569336,42.93660122121468,87.00100059509278,85.36355313786447,90.22485004425049,1.0892857142857142,0.012559502734051627,44.31687886233341,1.2499999999999947,False,TREND_SUPPORT_NOT_CONFIRMED|RSI_NOT_BELOW_38|CLOSE_NOT_NEAR_OR_BELOW_LOWER_BB|CLOSE_NOT_ABOVE_MA200|RSI_RECOVERY_NOT_CONFIRMED
2026-07-28T15:32:41.416733+00:00,HYP_OIL_MR_V1,BRENT_FUT,BZ=F,strategy-lab-v1.0.0:HYP_OIL_MR_V1,1785250800000,2026-07-28T15:00:00+00:00,86.62000274658203,86.68000030517578,84.58999633789062,84.98999786376953,36.937769630014145,86.85050048828126,85.06168538283876,90.22280002593995,1.1921435764857702,0.014026869119312805,42.93660122121468,1.2499999999999953,False,TREND_SUPPORT_NOT_CONFIRMED|CLOSE_NOT_ABOVE_MA200|RSI_RECOVERY_NOT_CONFIRMED
2026-07-28T17:04:32.746881+00:00,HYP_OIL_MR_V1,OIL_FUT,CL=F,strategy-lab-v1.0.0:HYP_OIL_MR_V1,1785254400000,2026-07-28T16:00:00+00:00,78.36000061035156,78.83999633789062,77.77999877929688,78.43000030517578,37.486918188950085,81.08749961853027,78.98303860396747,84.20169982910156,1.2057146344866072,0.015373130559672321,34.11080489734424,1.2499999999999976,False,TREND_SUPPORT_NOT_CONFIRMED|CLOSE_NOT_ABOVE_MA200
2026-07-28T17:04:32.746881+00:00,HYP_OIL_MR_V1,BRENT_FUT,BZ=F,strategy-lab-v1.0.0:HYP_OIL_MR_V1,1785254400000,2026-07-28T16:00:00+00:00,83.58000183105469,84.0,82.51000213623047,83.36000061035156,35.51055587958878,86.56000061035157,83.99149134262231,90.20560005187988,1.2892859322684151,0.015466481799765161,32.51893049530699,1.2500000000000022,False,TREND_SUPPORT_NOT_CONFIRMED|CLOSE_NOT_ABOVE_MA200|RSI_RECOVERY_NOT_CONFIRMED
2026-07-28T18:24:18.299296+00:00,HYP_OIL_MR_V1,OIL_FUT,CL=F,strategy-lab-v1.0.0:HYP_OIL_MR_V1,1785258000000,2026-07-28T17:00:00+00:00,78.66000366210938,79.66000366210938,78.33000183105469,79.44000244140625,39.2057355600997,80.97549972534179,78.84190794843244,84.19979984283447,1.2307145254952567,0.015492377740081432,38.95708273363056,1.2499999999999978,False,TREND_SUPPORT_NOT_CONFIRMED|RSI_NOT_BELOW_38|CLOSE_NOT_NEAR_OR_BELOW_LOWER_BB|CLOSE_NOT_ABOVE_MA200
2026-07-28T18:24:18.299296+00:00,HYP_OIL_MR_V1,OIL_FUT,CL=F,strategy-lab-v1.0.0:HYP_OIL_MR_V1,1785261600000,2026-07-28T18:00:00+00:00,79.44000244140625,79.44999694824219,78.81999969482422,78.91999816894531,36.806251490404584,80.81599960327148,78.5714391579314,84.19419982910156,1.2478572300502233,0.015811673327448834,39.2057355600997,1.2500000000000047,False,TREND_SUPPORT_NOT_CONFIRMED|CLOSE_NOT_NEAR_OR_BELOW_LOWER_BB|CLOSE_NOT_ABOVE_MA200|RSI_RECOVERY_NOT_CONFIRMED
2026-07-28T18:24:18.299296+00:00,HYP_OIL_MR_V1,BRENT_FUT,BZ=F,strategy-lab-v1.0.0:HYP_OIL_MR_V1,1785258000000,2026-07-28T17:00:00+00:00,83.62999725341797,84.5999984741211,83.16000366210938,84.41999816894531,37.26934957936233,86.40750045776367,83.77894990778624,90.2023500442505,1.3378568376813615,0.015847629314134536,36.2101048792393,1.2500000000000022,False,TREND_SUPPORT_NOT_CONFIRMED|CLOSE_NOT_NEAR_OR_BELOW_LOWER_BB|CLOSE_NOT_ABOVE_MA200
2026-07-28T18:24:18.299296+00:00,HYP_OIL_MR_V1,BRENT_FUT,BZ=F,strategy-lab-v1.0.0:HYP_OIL_MR_V1,1785261600000,2026-07-28T18:00:00+00:00,84.30999755859375,84.33000183105469,83.68000030517578,83.81999969482422,35.258061437064754,86.21050033569335,83.43071227129074,90.19530002593994,1.375713893345424,0.016412716515797992,37.26934957936233,1.250000000000002,False,TREND_SUPPORT_NOT_CONFIRMED|CLOSE_NOT_NEAR_OR_BELOW_LOWER_BB|CLOSE_NOT_ABOVE_MA200|RSI_RECOVERY_NOT_CONFIRMED
2026-07-28T19:58:51.094531+00:00,HYP_OIL_MR_V1,OIL_FUT,CL=F,strategy-lab-v1.0.0:HYP_OIL_MR_V1,1785265200000,2026-07-28T19:00:00+00:00,79.20999908447266,79.23999786376953,78.87999725341797,78.95999908447266,33.57363421360718,80.67599945068359,78.40863769076284,84.1926498413086,1.2092862810407365,0.015315175975965031,37.87577402339271,1.2500000000000024,False,TREND_SUPPORT_NOT_CONFIRMED|CLOSE_NOT_NEAR_OR_BELOW_LOWER_BB|CLOSE_NOT_ABOVE_MA200|RSI_RECOVERY_NOT_CONFIRMED
2026-07-28T19:58:51.094531+00:00,HYP_OIL_MR_V1,BRENT_FUT,BZ=F,strategy-lab-v1.0.0:HYP_OIL_MR_V1,1785265200000,2026-07-28T19:00:00+00:00,83.97000122070312,83.97000122070312,83.69999694824219,83.69999694824219,31.63634673818882,86.0060001373291,83.17969110519317,90.19110000610351,1.3442856924874442,0.016060761547204285,35.91796962654,1.2499999999999978,False,TREND_SUPPORT_NOT_CONFIRMED|CLOSE_NOT_NEAR_OR_BELOW_LOWER_BB|CLOSE_NOT_ABOVE_MA200|RSI_RECOVERY_NOT_CONFIRMED
2026-07-28T21:12:50.687445+00:00,HYP_OIL_MR_V1,OIL_FUT,CL=F,strategy-lab-v1.0.0:HYP_OIL_MR_V1,1785268800000,2026-07-28T20:00:00+00:00,79.12000274658203,79.30000305175781,78.83999633789062,79.12999725341797,39.78101207431519,80.53499946594238,78.29369365047796,84.19224983215332,1.0992867606026786,0.013892162248940248,34.13613711495536,1.2499999999999973,False,TREND_SUPPORT_NOT_CONFIRMED|RSI_NOT_BELOW_38|CLOSE_NOT_NEAR_OR_BELOW_LOWER_BB|CLOSE_NOT_ABOVE_MA200
2026-07-28T21:12:50.687445+00:00,HYP_OIL_MR_V1,BRENT_FUT,BZ=F,strategy-lab-v1.0.0:HYP_OIL_MR_V1,1785268800000,2026-07-28T20:00:00+00:00,83.95999908447266,83.9800033569336,83.68000030517578,83.76000213623047,37.54045147633486,85.8020004272461,82.9925901360389,90.18790004730225,1.1935713631766183,0.014249896522630793,32.1033150598352,1.2500000000000024,False,TREND_SUPPORT_NOT_CONFIRMED|CLOSE_NOT_NEAR_OR_BELOW_LOWER_BB|CLOSE_NOT_ABOVE_MA200|RSI_RECOVERY_NOT_CONFIRMED
2026-07-28T22:17:39.538741+00:00,HYP_OIL_MR_V1,OIL_FUT,CL=F,strategy-lab-v1.0.0:HYP_OIL_MR_V1,1785276000000,2026-07-28T22:00:00+00:00,80.04000091552734,81.18000030517578,79.91999816894531,81.05000305175781,51.33533262196089,80.50599975585938,78.30751629368365,84.20054985046387,1.1742869785853796,0.014488426087232721,39.78101207431519,1.2499999999999951,False,TREND_SUPPORT_NOT_CONFIRMED|RSI_NOT_BELOW_38|CLOSE_NOT_NEAR_OR_BELOW_LOWER_BB|CLOSE_NOT_ABOVE_MA200
2026-07-28T22:17:39.538741+00:00,HYP_OIL_MR_V1,BRENT_FUT,BZ=F,strategy-lab-v1.0.0:HYP_OIL_MR_V1,1785276000000,2026-07-28T22:00:00+00:00,84.94999694824219,85.77999877929688,84.94999694824219,85.77999877929688,50.0,85.70500030517579,83.03676090523875,90.19415004730224,1.262857164655413,0.014722046894691788,37.54045147633486,1.2499999999999978,False,TREND_SUPPORT_NOT_CONFIRMED|RSI_NOT_BELOW_38|CLOSE_NOT_NEAR_OR_BELOW_LOWER_BB|CLOSE_NOT_ABOVE_MA200
2026-07-28T23:18:38.727989+00:00,HYP_OIL_MR_V1,OIL_FUT,CL=F,strategy-lab-v1.0.0:HYP_OIL_MR_V1,1785279600000,2026-07-28T23:00:00+00:00,82.62999725341797,83.16999816894531,82.58000183105469,83.1500015258789,62.68273978641626,80.70149955749511,78.07434065859341,84.22714981079102,1.2892870221819197,0.015505556205920848,57.912742921922344,1.2499999999999978,False,TREND_SUPPORT_NOT_CONFIRMED|RSI_NOT_BELOW_38|CLOSE_NOT_NEAR_OR_BELOW_LOWER_BB|CLOSE_NOT_ABOVE_MA200
2026-07-28T23:18:38.727989+00:00,HYP_OIL_MR_V1,BRENT_FUT,BZ=F,strategy-lab-v1.0.0:HYP_OIL_MR_V1,1785279600000,2026-07-28T23:00:00+00:00,87.41999816894531,87.83999633789062,87.41999816894531,87.83999633789062,59.8101219980347,85.85550003051758,82.95277440840853,90.21915004730225,1.364285605294364,0.015531485225095192,56.62461469406272,1.2499999999999958,False,TREND_SUPPORT_NOT_CONFIRMED|RSI_NOT_BELOW_38|CLOSE_NOT_NEAR_OR_BELOW_LOWER_BB|CLOSE_NOT_ABOVE_MA200
2026-07-29T00:13:53.833657+00:00,HYP_OIL_MR_V1,OIL_FUT,CL=F,strategy-lab-v1.0.0:HYP_OIL_MR_V1,1785283200000,2026-07-29T00:00:00+00:00,81.87000274658203,82.12999725341797,81.7300033569336,81.93000030517578,55.710545605476675,80.6569995880127,78.18072094110221,84.2327997970581,1.3092869349888392,0.015980555719662646,57.1308174983035,1.2499999999999956,False,TREND_SUPPORT_NOT_CONFIRMED|RSI_NOT_BELOW_38|CLOSE_NOT_NEAR_OR_BELOW_LOWER_BB|CLOSE_NOT_ABOVE_MA200|RSI_RECOVERY_NOT_CONFIRMED
2026-07-29T00:13:53.833657+00:00,HYP_OIL_MR_V1,BRENT_FUT,BZ=F,strategy-lab-v1.0.0:HYP_OIL_MR_V1,1785283200000,2026-07-29T00:00:00+00:00,86.75,86.94000244140625,86.58000183105469,86.80000305175781,53.49019786185214,85.77500038146972,83.02660787577261,90.22425006866455,1.3935715811593192,0.01605497156870316,54.76735849232288,1.249999999999998,False,TREND_SUPPORT_NOT_CONFIRMED|RSI_NOT_BELOW_38|CLOSE_NOT_NEAR_OR_BELOW_LOWER_BB|CLOSE_NOT_ABOVE_MA200|RSI_RECOVERY_NOT_CONFIRMED
2026-07-29T03:42:49.507529+00:00,HYP_OIL_MR_V1,OIL_FUT,CL=F,strategy-lab-v1.0.0:HYP_OIL_MR_V1,1785286800000,2026-07-29T01:00:00+00:00,82.44999694824219,83.05000305175781,82.30999755859375,82.76000213623047,56.76597872209182,80.73999977111816,78.07061142555742,84.25269981384277,1.3385734558105469,0.0161741592708895,57.66666115654139,1.25,False,TREND_SUPPORT_NOT_CONFIRMED|RSI_NOT_BELOW_38|CLOSE_NOT_NEAR_OR_BELOW_LOWER_BB|CLOSE_NOT_ABOVE_MA200|RSI_RECOVERY_NOT_CONFIRMED
2026-07-29T03:42:49.507529+00:00,HYP_OIL_MR_V1,OIL_FUT,CL=F,strategy-lab-v1.0.0:HYP_OIL_MR_V1,1785290400000,2026-07-29T02:00:00+00:00,82.76000213623047,82.83000183105469,82.05000305175781,82.30999755859375,52.532174450617816,80.74799957275391,78.06085689456195,84.26649978637695,1.3064308166503906,0.01587207939983701,56.76597872209182,1.25,False,TREND_SUPPORT_NOT_CONFIRMED|RSI_NOT_BELOW_38|CLOSE_NOT_NEAR_OR_BELOW_LOWER_BB|CLOSE_NOT_ABOVE_MA200|RSI_RECOVERY_NOT_CONFIRMED
2026-07-29T03:42:49.507529+00:00,HYP_OIL_MR_V1,OIL_FUT,CL=F,strategy-lab-v1.0.0:HYP_OIL_MR_V1,1785294000000,2026-07-29T03:00:00+00:00,82.30999755859375,82.62999725341797,82.30999755859375,82.56999969482422,58.105644225491076,80.83599967956543,78.03369208818995,84.28124977111817,1.250716073172433,0.015147342591680211,52.532174450617816,1.2500000000000044,False,TREND_SUPPORT_NOT_CONFIRMED|RSI_NOT_BELOW_38|CLOSE_NOT_NEAR_OR_BELOW_LOWER_BB|CLOSE_NOT_ABOVE_MA200
2026-07-29T03:42:49.507529+00:00,HYP_OIL_MR_V1,BRENT_FUT,BZ=F,strategy-lab-v1.0.0:HYP_OIL_MR_V1,1785286800000,2026-07-29T01:00:00+00:00,87.44999694824219,88.1500015258789,87.44999694824219,87.80999755859375,55.211476837208444,85.83849983215332,82.9546957844414,90.24485004425048,1.4278575352260046,0.016260762725488355,55.746252765659925,1.250000000000004,False,TREND_SUPPORT_NOT_CONFIRMED|RSI_NOT_BELOW_38|CLOSE_NOT_NEAR_OR_BELOW_LOWER_BB|CLOSE_NOT_ABOVE_MA200|RSI_RECOVERY_NOT_CONFIRMED
2026-07-29T03:42:49.507529+00:00,HYP_OIL_MR_V1,BRENT_FUT,BZ=F,strategy-lab-v1.0.0:HYP_OIL_MR_V1,1785290400000,2026-07-29T02:00:00+00:00,87.80999755859375,87.87000274658203,87.11000061035156,87.20999908447266,50.45524614087074,85.81199989318847,82.98948684884066,90.25775005340576,1.3914293561662947,0.015954929145435944,55.211476837208444,1.249999999999998,False,TREND_SUPPORT_NOT_CONFIRMED|RSI_NOT_BELOW_38|CLOSE_NOT_NEAR_OR_BELOW_LOWER_BB|CLOSE_NOT_ABOVE_MA200|RSI_RECOVERY_NOT_CONFIRMED
2026-07-29T03:42:49.507529+00:00,HYP_OIL_MR_V1,BRENT_FUT,BZ=F,strategy-lab-v1.0.0:HYP_OIL_MR_V1,1785294000000,2026-07-29T03:00:00+00:00,87.55000305175781,87.61000061035156,87.5,87.61000061035156,55.952385277437685,85.88899993896484,82.96049991445226,90.27200004577637,1.3371434892926897,0.015262452687789382,50.45524614087074,1.2500000000000022,False,TREND_SUPPORT_NOT_CONFIRMED|RSI_NOT_BELOW_38|CLOSE_NOT_NEAR_OR_BELOW_LOWER_BB|CLOSE_NOT_ABOVE_MA200
2026-07-29T06:19:35.188038+00:00,HYP_OIL_MR_V1,OIL_FUT,CL=F,strategy-lab-v1.0.0:HYP_OIL_MR_V1,1785297600000,2026-07-29T04:00:00+00:00,82.69000244140625,82.69000244140625,81.87999725341797,82.04000091552734,52.65051263648772,80.90599975585937,78.0383094112851,84.29374977111816,1.2550016130719865,0.015297435385991787,58.63308908282563,1.2500000000000022,False,TREND_SUPPORT_NOT_CONFIRMED|RSI_NOT_BELOW_38|CLOSE_NOT_NEAR_OR_BELOW_LOWER_BB|CLOSE_NOT_ABOVE_MA200|RSI_RECOVERY_NOT_CONFIRMED
2026-07-29T06:19:35.188038+00:00,HYP_OIL_MR_V1,OIL_FUT,CL=F,strategy-lab-v1.0.0:HYP_OIL_MR_V1,1785301200000,2026-07-29T05:00:00+00:00,82.04000091552734,82.26000213623047,81.79000091552734,82.23999786376953,53.48632533020885,81.00799980163575,78.10313249442186,84.30244976043701,1.2200017656598772,0.0148346522051327,52.65051263648772,1.2500000000000022,False,TREND_SUPPORT_NOT_CONFIRMED|RSI_NOT_BELOW_38|CLOSE_NOT_NEAR_OR_BELOW_LOWER_BB|CLOSE_NOT_ABOVE_MA200
2026-07-29T06:19:35.188038+00:00,HYP_OIL_MR_V1,OIL_FUT,CL=F,strategy-lab-v1.0.0:HYP_OIL_MR_V1,1785304800000,2026-07-29T06:00:00+00:00,82.23999786376953,82.43000030517578,82.0,82.33999633789062,73.86089613407249,81.09399948120117,78.13876600403702,84.31379974365234,1.0142871311732702,0.012318280013166856,53.48632533020885,1.2500000000000056,False,TREND_SUPPORT_NOT_CONFIRMED|RSI_NOT_BELOW_38|CLOSE_NOT_NEAR_OR_BELOW_LOWER_BB|CLOSE_NOT_ABOVE_MA200
2026-07-29T06:19:35.188038+00:00,HYP_OIL_MR_V1,BRENT_FUT,BZ=F,strategy-lab-v1.0.0:HYP_OIL_MR_V1,1785297600000,2026-07-29T04:00:00+00:00,87.5999984741211,87.5999984741211,87.05000305175781,87.25,50.963074539771185,85.97249984741211,82.9621860521188,90.28540004730225,1.3249996730259486,0.01518624267078451,56.64061941205922,1.2499999999999958,False,TREND_SUPPORT_NOT_CONFIRMED|RSI_NOT_BELOW_38|CLOSE_NOT_NEAR_OR_BELOW_LOWER_BB|CLOSE_NOT_ABOVE_MA200|RSI_RECOVERY_NOT_CONFIRMED
2026-07-29T06:19:35.188038+00:00,HYP_OIL_MR_V1,BRENT_FUT,BZ=F,strategy-lab-v1.0.0:HYP_OIL_MR_V1,1785301200000,2026-07-29T05:00:00+00:00,87.19000244140625,87.23999786376953,87.08999633789062,87.23999786376953,52.09185825709146,86.06649971008301,83.02135202390774,90.29230003356933,1.250713893345424,0.014336473222964637,50.963074539771185,1.2500000000000022,False,TREND_SUPPORT_NOT_CONFIRMED|RSI_NOT_BELOW_38|CLOSE_NOT_NEAR_OR_BELOW_LOWER_BB|CLOSE_NOT_ABOVE_MA200|RSI_RECOVERY_NOT_CONFIRMED
2026-07-29T06:19:35.188038+00:00,HYP_OIL_MR_V1,BRENT_FUT,BZ=F,strategy-lab-v1.0.0:HYP_OIL_MR_V1,1785304800000,2026-07-29T06:00:00+00:00,87.25,87.47000122070312,87.25,87.47000122070312,71.05835341613627,86.14449958801269,83.04004253367184,90.30215003967285,1.037142617361886,0.011857123618244635,52.09185825709146,1.2499999999999944,False,TREND_SUPPORT_NOT_CONFIRMED|RSI_NOT_BELOW_38|CLOSE_NOT_NEAR_OR_BELOW_LOWER_BB|CLOSE_NOT_ABOVE_MA200
2026-07-29T09:17:04.984269+00:00,HYP_OIL_MR_V1,OIL_FUT,CL=F,strategy-lab-v1.0.0:HYP_OIL_MR_V1,1785308400000,2026-07-29T07:00:00+00:00,82.0999984741211,82.37000274658203,81.70999908447266,82.0199966430664,70.58820229499031,81.12449951171875,78.1593809563943,84.32479972839356,1.0000016348702567,0.012192168688107258,72.3150303673673,1.2499999999999971,False,TREND_SUPPORT_NOT_CONFIRMED|RSI_NOT_BELOW_38|CLOSE_NOT_NEAR_OR_BELOW_LOWER_BB|CLOSE_NOT_ABOVE_MA200|RSI_RECOVERY_NOT_CONFIRMED
2026-07-29T09:17:04.984269+00:00,HYP_OIL_MR_V1,OIL_FUT,CL=F,strategy-lab-v1.0.0:HYP_OIL_MR_V1,1785312000000,2026-07-29T08:00:00+00:00,82.02999877929688,82.38999938964844,81.51000213623047,81.87999725341797,66.22337700284378,81.13249931335449,78.16014284578765,84.34019969940185,0.9678584507533482,0.011820450454557707,70.58820229499031,1.2499999999999942,False,TREND_SUPPORT_NOT_CONFIRMED|RSI_NOT_BELOW_38|CLOSE_NOT_NEAR_OR_BELOW_LOWER_BB|CLOSE_NOT_ABOVE_MA200|RSI_RECOVERY_NOT_CONFIRMED
2026-07-29T09:17:04.984269+00:00,HYP_OIL_MR_V1,OIL_FUT,CL=F,strategy-lab-v1.0.0:HYP_OIL_MR_V1,1785315600000,2026-07-29T09:00:00+00:00,81.87999725341797,82.1500015258789,81.87999725341797,82.06999969482422,69.11766205842814,81.19649925231934,78.20136330146755,84.35844970703126,0.9378585815429688,0.011427544596446675,66.22337700284378,1.25,False,TREND_SUPPORT_NOT_CONFIRMED|RSI_NOT_BELOW_38|CLOSE_NOT_NEAR_OR_BELOW_LOWER_BB|CLOSE_NOT_ABOVE_MA200
2026-07-29T09:17:04.984269+00:00,HYP_OIL_MR_V1,BRENT_FUT,BZ=F,strategy-lab-v1.0.0:HYP_OIL_MR_V1,1785308400000,2026-07-29T07:00:00+00:00,87.1500015258789,87.37000274658203,86.77999877929688,87.30000305175781,70.07539890133265,86.17149963378907,83.0518384075078,90.31245002746581,1.0035716465541296,0.011495665652601857,69.55096788210766,1.2500000000000058,False,TREND_SUPPORT_NOT_CONFIRMED|RSI_NOT_BELOW_38|CLOSE_NOT_NEAR_OR_BELOW_LOWER_BB|CLOSE_NOT_ABOVE_MA200
2026-07-29T09:17:04.984269+00:00,HYP_OIL_MR_V1,BRENT_FUT,BZ=F,strategy-lab-v1.0.0:HYP_OIL_MR_V1,1785312000000,2026-07-29T08:00:00+00:00,87.16999816894531,87.4800033569336,86.66000366210938,87.04000091552734,65.05750553570255,86.1689998626709,83.05220778947653,90.32415004730224,0.9592862810407367,0.011021211752648391,70.07539890133265,1.2500000000000029,False,TREND_SUPPORT_NOT_CONFIRMED|RSI_NOT_BELOW_38|CLOSE_NOT_NEAR_OR_BELOW_LOWER_BB|CLOSE_NOT_ABOVE_MA200|RSI_RECOVERY_NOT_CONFIRMED
2026-07-29T09:17:04.984269+00:00,HYP_OIL_MR_V1,BRENT_FUT,BZ=F,strategy-lab-v1.0.0:HYP_OIL_MR_V1,1785315600000,2026-07-29T09:00:00+00:00,87.26000213623047,87.26000213623047,87.26000213623047,87.26000213623047,68.93321634319967,86.22649993896485,83.0739567113057,90.33825004577636,0.9142864772251674,0.010477726963583862,65.05750553570255,1.2500000000000062,False,TREND_SUPPORT_NOT_CONFIRMED|RSI_NOT_BELOW_38|CLOSE_NOT_NEAR_OR_BELOW_LOWER_BB|CLOSE_NOT_ABOVE_MA200
2026-07-29T11:36:15.071522+00:00,HYP_OIL_MR_V1,OIL_FUT,CL=F,strategy-lab-v1.0.0:HYP_OIL_MR_V1,1785319200000,2026-07-29T10:00:00+00:00,82.11000061035156,83.27999877929688,81.9800033569336,83.18000030517578,73.88233857996323,81.28499946594238,78.16605579485395,84.38359970092773,1.0300004141671317,0.012382789256891132,69.281933646558,1.2499999999999973,False,TREND_SUPPORT_NOT_CONFIRMED|RSI_NOT_BELOW_38|CLOSE_NOT_NEAR_OR_BELOW_LOWER_BB|CLOSE_NOT_ABOVE_MA200
2026-07-29T11:36:15.071522+00:00,HYP_OIL_MR_V1,OIL_FUT,CL=F,strategy-lab-v1.0.0:HYP_OIL_MR_V1,1785322800000,2026-07-29T11:00:00+00:00,83.18000030517578,83.33999633789062,82.94000244140625,83.05999755859375,72.82227958292683,81.36549949645996,78.15200180457974,84.40694969177247,1.0257137843540736,0.012349070726019408,73.88233857996323,1.2500000000000056,False,TREND_SUPPORT_NOT_CONFIRMED|RSI_NOT_BELOW_38|CLOSE_NOT_NEAR_OR_BELOW_LOWER_BB|CLOSE_NOT_ABOVE_MA200|RSI_RECOVERY_NOT_CONFIRMED
2026-07-29T11:36:15.071522+00:00,HYP_OIL_MR_V1,BRENT_FUT,BZ=F,strategy-lab-v1.0.0:HYP_OIL_MR_V1,1785319200000,2026-07-29T10:00:00+00:00,87.19999694824219,88.55000305175781,87.19999694824219,88.54000091552734,74.2738812520132,86.30349960327149,83.00703984467015,90.36025001525879,1.003572736467634,0.011334681794560908,68.96957438806167,1.2500000000000029,False,TREND_SUPPORT_NOT_CONFIRMED|RSI_NOT_BELOW_38|CLOSE_NOT_NEAR_OR_BELOW_LOWER_BB|CLOSE_NOT_ABOVE_MA200
2026-07-29T11:36:15.071522+00:00,HYP_OIL_MR_V1,BRENT_FUT,BZ=F,strategy-lab-v1.0.0:HYP_OIL_MR_V1,1785322800000,2026-07-29T11:00:00+00:00,88.55999755859375,88.55999755859375,88.33000183105469,88.4000015258789,73.96695713033664,86.38699951171876,82.96918720365429,90.38080001831055,0.9985722133091518,0.011296065566433526,74.2738812520132,1.2499999999999942,False,TREND_SUPPORT_NOT_CONFIRMED|RSI_NOT_BELOW_38|CLOSE_NOT_NEAR_OR_BELOW_LOWER_BB|CLOSE_NOT_ABOVE_MA200|RSI_RECOVERY_NOT_CONFIRMED
2026-07-29T13:21:19.724329+00:00,HYP_OIL_MR_V1,OIL_FUT,CL=F,strategy-lab-v1.0.0:HYP_OIL_MR_V1,1785326400000,2026-07-29T12:00:00+00:00,82.54000091552734,84.76000213623047,82.5,84.54000091552734,62.48366912602149,81.6479995727539,78.49947986283011,84.43494968414306,0.9342853001185826,0.01105139921931304,68.59955642700871,1.249999999999994,False,TREND_SUPPORT_NOT_CONFIRMED|RSI_NOT_BELOW_38|CLOSE_NOT_NEAR_OR_BELOW_LOWER_BB|RSI_RECOVERY_NOT_CONFIRMED
2026-07-29T13:21:19.724329+00:00,HYP_OIL_MR_V1,OIL_FUT,CL=F,strategy-lab-v1.0.0:HYP_OIL_MR_V1,1785330000000,2026-07-29T13:00:00+00:00,84.55000305175781,84.81999969482422,84.36000061035156,84.52999877929688,69.07510308482725,81.94149932861328,78.86836283474938,84.46314968109131,0.8607134137834821,0.010182342673761974,62.48366912602149,1.2499999999999967,False,TREND_SUPPORT_NOT_CONFIRMED|RSI_NOT_BELOW_38|CLOSE_NOT_NEAR_OR_BELOW_LOWER_BB|RSI_RECOVERY_NOT_CONFIRMED
2026-07-29T13:21:19.724329+00:00,HYP_OIL_MR_V1,BRENT_FUT,BZ=F,strategy-lab-v1.0.0:HYP_OIL_MR_V1,1785326400000,2026-07-29T12:00:00+00:00,88.02999877929688,90.16999816894531,88.02999877929688,89.79000091552734,64.329645951262,86.67899932861329,83.24501155599756,90.40630001068115,0.8971437726702008,0.009991577720488231,71.17294006297665,1.249999999999997,False,TREND_SUPPORT_NOT_CONFIRMED|RSI_NOT_BELOW_38|CLOSE_NOT_NEAR_OR_BELOW_LOWER_BB|CLOSE_NOT_ABOVE_MA200|RSI_RECOVERY_NOT_CONFIRMED
2026-07-29T13:21:19.724329+00:00,HYP_OIL_MR_V1,BRENT_FUT,BZ=F,strategy-lab-v1.0.0:HYP_OIL_MR_V1,1785330000000,2026-07-29T13:00:00+00:00,89.76000213623047,90.05999755859375,89.76000213623047,89.94000244140625,72.40914047723197,86.99749946594238,83.59453675849043,90.43170001983643,0.8107147216796875,0.009013950407749306,64.329645951262,1.25,False,TREND_SUPPORT_NOT_CONFIRMED|RSI_NOT_BELOW_38|CLOSE_NOT_NEAR_OR_BELOW_LOWER_BB|CLOSE_NOT_ABOVE_MA200
2026-07-29T15:27:34.512332+00:00,HYP_OIL_MR_V1,OIL_FUT,CL=F,strategy-lab-v1.0.0:HYP_OIL_MR_V1,1785333600000,2026-07-29T14:00:00+00:00,84.83999633789062,85.4800033569336,84.33999633789062,85.36000061035156,70.25137536668453,82.25349922180176,79.01431219131493,84.49684967041016,0.8999998910086495,0.01054357877897563,70.4985834915744,1.250000000000003,False,TREND_SUPPORT_NOT_CONFIRMED|RSI_NOT_BELOW_38|CLOSE_NOT_NEAR_OR_BELOW_LOWER_BB|RSI_RECOVERY_NOT_CONFIRMED
2026-07-29T15:27:34.512332+00:00,HYP_OIL_MR_V1,OIL_FUT,CL=F,strategy-lab-v1.0.0:HYP_OIL_MR_V1,1785337200000,2026-07-29T15:00:00+00:00,85.36000061035156,85.56999969482422,84.86000061035156,85.16999816894531,67.09214454921168,82.55149917602539,79.39147839568884,84.52759967803955,0.8978565761021206,0.010541934899671009,70.25137536668453,1.2499999999999936,False,TREND_SUPPORT_NOT_CONFIRMED|RSI_NOT_BELOW_38|CLOSE_NOT_NEAR_OR_BELOW_LOWER_BB|RSI_RECOVERY_NOT_CONFIRMED
2026-07-29T15:27:34.512332+00:00,HYP_OIL_MR_V1,BRENT_FUT,BZ=F,strategy-lab-v1.0.0:HYP_OIL_MR_V1,1785333600000,2026-07-29T14:00:00+00:00,90.12000274658203,90.91000366210938,89.66000366210938,90.86000061035156,72.70305744286597,87.32749938964844,83.72290910951136,90.46235000610352,0.8614294869559151,0.00948084394859418,72.99075124869702,1.2500000000000033,False,TREND_SUPPORT_NOT_CONFIRMED|RSI_NOT_BELOW_38|CLOSE_NOT_NEAR_OR_BELOW_LOWER_BB|RSI_RECOVERY_NOT_CONFIRMED
2026-07-29T15:27:34.512332+00:00,HYP_OIL_MR_V1,BRENT_FUT,BZ=F,strategy-lab-v1.0.0:HYP_OIL_MR_V1,1785337200000,2026-07-29T15:00:00+00:00,90.87999725341797,91.05000305175781,90.38999938964844,90.76000213623047,70.3448377466265,87.66399955749512,84.09722866468184,90.49140003204346,0.858572278703962,0.00945980893009729,72.70305744286597,1.2500000000000033,False,TREND_SUPPORT_NOT_CONFIRMED|RSI_NOT_BELOW_38|CLOSE_NOT_NEAR_OR_BELOW_LOWER_BB|RSI_RECOVERY_NOT_CONFIRMED
2026-07-29T16:47:59.881525+00:00,HYP_OIL_MR_V1,OIL_FUT,CL=F,strategy-lab-v1.0.0:HYP_OIL_MR_V1,1785340800000,2026-07-29T16:00:00+00:00,84.98999786376953,85.22000122070312,84.18000030517578,84.33999633789062,63.66081165170568,82.80349884033203,80.00450354660569,84.55284965515136,0.9521424429757255,0.011289334649258995,65.42180040774463,1.2499999999999971,False,TREND_SUPPORT_NOT_CONFIRMED|RSI_NOT_BELOW_38|CLOSE_NOT_NEAR_OR_BELOW_LOWER_BB|CLOSE_NOT_ABOVE_MA200|RSI_RECOVERY_NOT_CONFIRMED
2026-07-29T16:47:59.881525+00:00,HYP_OIL_MR_V1,BRENT_FUT,BZ=F,strategy-lab-v1.0.0:HYP_OIL_MR_V1,1785340800000,2026-07-29T16:00:00+00:00,90.83999633789062,90.9800033569336,90.0199966430664,90.08999633789062,69.672072199773,87.9734992980957,84.72196311324142,90.51655002593994,0.9021437508719308,0.010013806055539835,69.95884945934971,1.250000000000003,False,TREND_SUPPORT_NOT_CONFIRMED|RSI_NOT_BELOW_38|CLOSE_NOT_NEAR_OR_BELOW_LOWER_BB|CLOSE_NOT_ABOVE_MA200|RSI_RECOVERY_NOT_CONFIRMED
2026-07-29T17:59:26.045731+00:00,HYP_OIL_MR_V1,OIL_FUT,CL=F,strategy-lab-v1.0.0:HYP_OIL_MR_V1,1785344400000,2026-07-29T17:00:00+00:00,84.58000183105469,84.81999969482422,84.30000305175781,84.47000122070312,62.75363584797384,83.08299903869629,80.7283087797748,84.58059967041015,0.956427982875279,0.011322694081373635,65.8774112791654,1.2499999999999971,False,TREND_SUPPORT_NOT_CONFIRMED|RSI_NOT_BELOW_38|CLOSE_NOT_NEAR_OR_BELOW_LOWER_BB|CLOSE_NOT_ABOVE_MA200|RSI_RECOVERY_NOT_CONFIRMED
2026-07-29T17:59:26.045731+00:00,HYP_OIL_MR_V1,BRENT_FUT,BZ=F,strategy-lab-v1.0.0:HYP_OIL_MR_V1,1785344400000,2026-07-29T17:00:00+00:00,90.44000244140625,90.62000274658203,90.19000244140625,90.33999633789062,69.55171820130701,88.3234992980957,85.4875347481835,90.54505004882813,0.8900010245186942,0.00985168320341638,73.9130338634097,1.249999999999997,False,TREND_SUPPORT_NOT_CONFIRMED|RSI_NOT_BELOW_38|CLOSE_NOT_NEAR_OR_BELOW_LOWER_BB|CLOSE_NOT_ABOVE_MA200|RSI_RECOVERY_NOT_CONFIRMED
2026-07-29T19:25:57.452549+00:00,HYP_OIL_MR_V1,OIL_FUT,CL=F,strategy-lab-v1.0.0:HYP_OIL_MR_V1,1785348000000,2026-07-29T18:00:00+00:00,84.5999984741211,84.94000244140625,84.30000305175781,84.44999694824219,69.27994472662996,83.17999877929688,80.74913923757524,84.60829963684083,0.9428563799176898,0.011164670384719477,63.86427342463842,1.250000000000003,False,TREND_SUPPORT_NOT_CONFIRMED|RSI_NOT_BELOW_38|CLOSE_NOT_NEAR_OR_BELOW_LOWER_BB|CLOSE_NOT_ABOVE_MA200|RSI_RECOVERY_NOT_CONFIRMED
2026-07-29T19:25:57.452549+00:00,HYP_OIL_MR_V1,OIL_FUT,CL=F,strategy-lab-v1.0.0:HYP_OIL_MR_V1,1785351600000,2026-07-29T19:00:00+00:00,84.44000244140625,84.5,84.20999908447266,84.33999633789062,67.04541091521602,83.30249862670898,80.89722266681468,84.63419960021973,0.9299992152622768,0.011026787475024646,69.27994472662996,1.2500000000000062,False,TREND_SUPPORT_NOT_CONFIRMED|RSI_NOT_BELOW_38|CLOSE_NOT_NEAR_OR_BELOW_LOWER_BB|CLOSE_NOT_ABOVE_MA200|RSI_RECOVERY_NOT_CONFIRMED
2026-07-29T19:25:57.452549+00:00,HYP_OIL_MR_V1,BRENT_FUT,BZ=F,strategy-lab-v1.0.0:HYP_OIL_MR_V1,1785348000000,2026-07-29T18:00:00+00:00,90.4800033569336,91.0199966430664,90.41000366210938,90.61000061035156,78.76707138956604,88.48949966430663,85.49419192746757,90.57435009002685,0.879286629813058,0.009704079283634898,71.42857142857143,1.2500000000000064,False,TREND_SUPPORT_NOT_CONFIRMED|RSI_NOT_BELOW_38|CLOSE_NOT_NEAR_OR_BELOW_LOWER_BB
2026-07-29T19:25:57.452549+00:00,HYP_OIL_MR_V1,BRENT_FUT,BZ=F,strategy-lab-v1.0.0:HYP_OIL_MR_V1,1785351600000,2026-07-29T19:00:00+00:00,90.41000366210938,90.41999816894531,90.33999633789062,90.33999633789062,75.40976635344529,88.67599945068359,85.70764906602231,90.60080005645752,0.8871438162667411,0.00982005592460549,78.76707138956604,1.249999999999997,False,TREND_SUPPORT_NOT_CONFIRMED|RSI_NOT_BELOW_38|CLOSE_NOT_NEAR_OR_BELOW_LOWER_BB|CLOSE_NOT_ABOVE_MA200|RSI_RECOVERY_NOT_CONFIRMED
2026-07-29T20:30:01.878243+00:00,HYP_OIL_MR_V1,OIL_FUT,CL=F,strategy-lab-v1.0.0:HYP_OIL_MR_V1,1785355200000,2026-07-29T20:00:00+00:00,84.88999938964844,84.95999908447266,84.5999984741211,84.77999877929688,70.74299036171044,83.44599876403808,80.93873432557876,84.66489959716797,0.9749995640345982,0.01150034888031505,70.41599512848273,1.2500000000000058,False,TREND_SUPPORT_NOT_CONFIRMED|RSI_NOT_BELOW_38|CLOSE_NOT_NEAR_OR_BELOW_LOWER_BB|RSI_RECOVERY_NOT_CONFIRMED
2026-07-29T20:30:01.878243+00:00,HYP_OIL_MR_V1,BRENT_FUT,BZ=F,strategy-lab-v1.0.0:HYP_OIL_MR_V1,1785355200000,2026-07-29T20:00:00+00:00,90.7300033569336,90.7300033569336,90.7300033569336,90.7300033569336,79.96657848515456,88.86300010681153,85.77060651315671,90.63155010223389,0.8921432495117188,0.009832946285717745,79.56809094423076,1.25,False,TREND_SUPPORT_NOT_CONFIRMED|RSI_NOT_BELOW_38|CLOSE_NOT_NEAR_OR_BELOW_LOWER_BB|RSI_RECOVERY_NOT_CONFIRMED
2026-07-29T22:30:26.465137+00:00,HYP_OIL_MR_V1,OIL_FUT,CL=F,strategy-lab-v1.0.0:HYP_OIL_MR_V1,1785362400000,2026-07-29T22:00:00+00:00,84.6500015258789,84.69999694824219,84.23999786376953,84.25,66.13603265508016,83.51149864196778,81.01854633412617,84.693349609375,0.9714273725237165,0.01153029522283343,68.82525967460245,1.2499999999999971,False,TREND_SUPPORT_NOT_CONFIRMED|RSI_NOT_BELOW_38|CLOSE_NOT_NEAR_OR_BELOW_LOWER_BB|CLOSE_NOT_ABOVE_MA200|RSI_RECOVERY_NOT_CONFIRMED
2026-07-29T22:30:26.465137+00:00,HYP_OIL_MR_V1,BRENT_FUT,BZ=F,strategy-lab-v1.0.0:HYP_OIL_MR_V1,1785362400000,2026-07-29T22:00:00+00:00,90.48999786376953,90.48999786376953,90.3499984741211,90.4000015258789,75.16227915358463,88.98300018310547,85.88117233822715,90.66120010375977,0.8892860412597656,0.009837234803643104,77.50803368282786,1.25,False,TREND_SUPPORT_NOT_CONFIRMED|RSI_NOT_BELOW_38|CLOSE_NOT_NEAR_OR_BELOW_LOWER_BB|CLOSE_NOT_ABOVE_MA200|RSI_RECOVERY_NOT_CONFIRMED
2026-07-29T23:34:19.524414+00:00,HYP_OIL_MR_V1,OIL_FUT,CL=F,strategy-lab-v1.0.0:HYP_OIL_MR_V1,1785366000000,2026-07-29T23:00:00+00:00,84.41999816894531,84.72000122070312,84.11000061035156,84.4800033569336,69.57831602169317,83.62899894714356,81.1555160913065,84.72339962005616,0.9521418980189732,0.011270618610135594,67.90490139618825,1.250000000000006,False,TREND_SUPPORT_NOT_CONFIRMED|RSI_NOT_BELOW_38|CLOSE_NOT_NEAR_OR_BELOW_LOWER_BB|CLOSE_NOT_ABOVE_MA200
2026-07-30T00:59:06.517178+00:00,HYP_OIL_MR_V1,OIL_FUT,CL=F,strategy-lab-v1.0.0:HYP_OIL_MR_V1,1785369600000,2026-07-30T00:00:00+00:00,84.20999908447266,84.4800033569336,83.20999908447266,84.31999969482422,66.46791624739197,83.69549865722657,81.25677380766851,84.74974960327148,0.9985711233956474,0.011842636705523402,67.00875812299407,1.2499999999999971,False,TREND_SUPPORT_NOT_CONFIRMED|RSI_NOT_BELOW_38|CLOSE_NOT_NEAR_OR_BELOW_LOWER_BB|CLOSE_NOT_ABOVE_MA200|RSI_RECOVERY_NOT_CONFIRMED
2026-07-30T00:59:06.517178+00:00,HYP_OIL_MR_V1,BRENT_FUT,BZ=F,strategy-lab-v1.0.0:HYP_OIL_MR_V1,1785366000000,2026-07-29T23:00:00+00:00,90.29000091552734,90.29000091552734,90.29000091552734,90.29000091552734,77.03822561644392,89.1370002746582,86.09735959355311,90.69085010528565,0.8385718209402901,0.009287538071074262,75.16227915358463,1.2500000000000033,False,TREND_SUPPORT_NOT_CONFIRMED|RSI_NOT_BELOW_38|CLOSE_NOT_NEAR_OR_BELOW_LOWER_BB|CLOSE_NOT_ABOVE_MA200|RSI_RECOVERY_NOT_CONFIRMED
2026-07-30T00:59:06.517178+00:00,HYP_OIL_MR_V1,BRENT_FUT,BZ=F,strategy-lab-v1.0.0:HYP_OIL_MR_V1,1785369600000,2026-07-30T00:00:00+00:00,90.2300033569336,90.2300033569336,89.11000061035156,90.12999725341797,74.07400747524306,89.25300025939941,86.24790245023148,90.71925010681153,0.885000501360212,0.009819155978357145,77.03822561644392,1.250000000000003,False,TREND_SUPPORT_NOT_CONFIRMED|RSI_NOT_BELOW_38|CLOSE_NOT_NEAR_OR_BELOW_LOWER_BB|CLOSE_NOT_ABOVE_MA200|RSI_RECOVERY_NOT_CONFIRMED
