timestamp,candidate_id,asset,symbol,strategy_version,candle_close_time,candle_time,open,high,low,close,rsi,ma20,bb_lower,ma200,atr,atr_pct,rsi_prev,planned_reward_r,passed,rejection_reasons
2026-09-16T07:37:24.395516+00:00,SIE_OLD_MR_1R_EXHAUSTION_CONFIRM_V1,BTC,BTCUSDT,strategy-lab-v1.0.0:SIE_OLD_MR_1R_EXHAUSTION_CONFIRM_V1,1789326000000,2026-09-13T19:00:00+00:00,77312.33,77386.25,77193.06,77253.72,48.80802614693133,77078.716,76625.16198264783,78370.8743,249.63285714285823,0.003231337690183181,53.80977856488413,1.5,False,RSI_NOT_BELOW_34|CLOSE_NOT_NEAR_OR_BELOW_LOWER_BB|CLOSE_NOT_ABOVE_MA200|RSI_RECOVERY_NOT_CONFIRMED
2026-09-16T07:37:24.395516+00:00,SIE_OLD_MR_1R_EXHAUSTION_CONFIRM_V1,BTC,BTCUSDT,strategy-lab-v1.0.0:SIE_OLD_MR_1R_EXHAUSTION_CONFIRM_V1,1789329600000,2026-09-13T20:00:00+00:00,77253.73,77344.55,77226.99,77322.58,57.63673749143237,77082.197,76622.32254647567,78358.93355,238.75071428571496,0.003087723072428713,48.80802614693133,1.5000000000000304,False,RSI_NOT_BELOW_34|CLOSE_NOT_NEAR_OR_BELOW_LOWER_BB|CLOSE_NOT_ABOVE_MA200
2026-09-16T07:37:24.395516+00:00,SIE_OLD_MR_1R_EXHAUSTION_CONFIRM_V1,BTC,BTCUSDT,strategy-lab-v1.0.0:SIE_OLD_MR_1R_EXHAUSTION_CONFIRM_V1,1789333200000,2026-09-13T21:00:00+00:00,77323.31,77425.43,77270.29,77280.56,56.010342667501995,77081.2485,76623.09594487092,78347.2138,243.53142857142873,0.003151263766352479,57.63673749143237,1.50000000000003,False,RSI_NOT_BELOW_34|CLOSE_NOT_NEAR_OR_BELOW_LOWER_BB|CLOSE_NOT_ABOVE_MA200|RSI_RECOVERY_NOT_CONFIRMED
2026-09-16T07:37:24.395516+00:00,SIE_OLD_MR_1R_EXHAUSTION_CONFIRM_V1,BTC,BTCUSDT,strategy-lab-v1.0.0:SIE_OLD_MR_1R_EXHAUSTION_CONFIRM_V1,1789336800000,2026-09-13T22:00:00+00:00,77280.55,77280.55,76623.13,76676.7,47.16630657425843,77051.6825,76569.85021644554,78331.9813,259.7735714285705,0.0033879075576879352,56.010342667501995,1.500000000000028,False,RSI_NOT_BELOW_34|CLOSE_NOT_NEAR_OR_BELOW_LOWER_BB|CLOSE_NOT_ABOVE_MA200|RSI_RECOVERY_NOT_CONFIRMED
2026-09-16T07:37:24.395516+00:00,SIE_OLD_MR_1R_EXHAUSTION_CONFIRM_V1,BTC,BTCUSDT,strategy-lab-v1.0.0:SIE_OLD_MR_1R_EXHAUSTION_CONFIRM_V1,1789340400000,2026-09-13T23:00:00+00:00,76676.7,76838.72,76592.32,76799.85,50.891470821230754,77032.8715,76542.63032856364,78316.97050000001,253.37499999999895,0.003299160089505369,47.16630657425843,1.5,False,RSI_NOT_BELOW_34|CLOSE_NOT_NEAR_OR_BELOW_LOWER_BB|CLOSE_NOT_ABOVE_MA200
2026-09-16T07:37:24.395516+00:00,SIE_OLD_MR_1R_EXHAUSTION_CONFIRM_V1,BTC,BTCUSDT,strategy-lab-v1.0.0:SIE_OLD_MR_1R_EXHAUSTION_CONFIRM_V1,1789344000000,2026-09-14T00:00:00+00:00,76799.85,77048.16,76347.27,76767.39,53.466681462575714,77011.81950000001,76514.00421765195,78300.59264999999,290.114999999999,0.003779143722353971,50.891470821230754,1.499999999999975,False,PLANNED_REWARD_TOO_LOW|RSI_NOT_BELOW_34|CLOSE_NOT_NEAR_OR_BELOW_LOWER_BB|CLOSE_NOT_ABOVE_MA200|RSI_RECOVERY_NOT_CONFIRMED
2026-09-16T07:37:24.395516+00:00,SIE_OLD_MR_1R_EXHAUSTION_CONFIRM_V1,BTC,BTCUSDT,strategy-lab-v1.0.0:SIE_OLD_MR_1R_EXHAUSTION_CONFIRM_V1,1789347600000,2026-09-14T01:00:00+00:00,76767.4,77127.67,76599.09,77076.83,57.962246370999914,77001.0895,76518.83604960355,78285.6533,305.1671428571416,0.003959259129587213,53.466681462575714,1.5000000000000238,False,RSI_NOT_BELOW_34|CLOSE_NOT_NEAR_OR_BELOW_LOWER_BB|CLOSE_NOT_ABOVE_MA200
2026-09-16T07:37:24.395516+00:00,SIE_OLD_MR_1R_EXHAUSTION_CONFIRM_V1,BTC,BTCUSDT,strategy-lab-v1.0.0:SIE_OLD_MR_1R_EXHAUSTION_CONFIRM_V1,1789351200000,2026-09-14T02:00:00+00:00,77074.05,77690.0,76973.84,77568.87,67.05951271901813,77024.546,76483.34722334184,78273.49755,342.6421428571422,0.004417263560203239,57.962246370999914,1.5000000000000213,False,RSI_NOT_BELOW_34|CLOSE_NOT_NEAR_OR_BELOW_LOWER_BB|CLOSE_NOT_ABOVE_MA200
2026-09-16T07:37:24.395516+00:00,SIE_OLD_MR_1R_EXHAUSTION_CONFIRM_V1,BTC,BTCUSDT,strategy-lab-v1.0.0:SIE_OLD_MR_1R_EXHAUSTION_CONFIRM_V1,1789354800000,2026-09-14T03:00:00+00:00,77569.04,77823.52,77461.68,77566.5,65.77214869763131,77047.862,76457.67533489794,78262.564,341.90142857142826,0.004407849117485361,67.05951271901813,1.4999999999999787,False,PLANNED_REWARD_TOO_LOW|RSI_NOT_BELOW_34|CLOSE_NOT_NEAR_OR_BELOW_LOWER_BB|CLOSE_NOT_ABOVE_MA200|RSI_RECOVERY_NOT_CONFIRMED
2026-09-16T07:37:24.395516+00:00,SIE_OLD_MR_1R_EXHAUSTION_CONFIRM_V1,BTC,BTCUSDT,strategy-lab-v1.0.0:SIE_OLD_MR_1R_EXHAUSTION_CONFIRM_V1,1789358400000,2026-09-14T04:00:00+00:00,77566.5,77668.01,77491.93,77646.46,61.19248211563568,77091.3005,76460.55648081368,78252.09585,325.2028571428569,0.004188250915017335,65.77214869763131,1.4999999999999776,False,PLANNED_REWARD_TOO_LOW|RSI_NOT_BELOW_34|CLOSE_NOT_NEAR_OR_BELOW_LOWER_BB|CLOSE_NOT_ABOVE_MA200|RSI_RECOVERY_NOT_CONFIRMED
2026-09-16T07:37:24.395516+00:00,SIE_OLD_MR_1R_EXHAUSTION_CONFIRM_V1,BTC,BTCUSDT,strategy-lab-v1.0.0:SIE_OLD_MR_1R_EXHAUSTION_CONFIRM_V1,1789362000000,2026-09-14T05:00:00+00:00,77646.45,77656.73,77455.0,77576.64,61.278575086018186,77131.828,76485.89718566745,78240.4191,325.5728571428564,0.004196789873122326,61.19248211563568,1.5,False,RSI_NOT_BELOW_34|CLOSE_NOT_NEAR_OR_BELOW_LOWER_BB|CLOSE_NOT_ABOVE_MA200|RSI_RECOVERY_NOT_CONFIRMED
2026-09-16T07:37:24.395516+00:00,SIE_OLD_MR_1R_EXHAUSTION_CONFIRM_V1,BTC,BTCUSDT,strategy-lab-v1.0.0:SIE_OLD_MR_1R_EXHAUSTION_CONFIRM_V1,1789365600000,2026-09-14T06:00:00+00:00,77576.65,77862.41,77334.0,77557.56,57.691777218138235,77177.5845,76547.34688257359,78229.25505,346.43785714285644,0.0044668483271373734,61.278575086018186,1.5,False,RSI_NOT_BELOW_34|CLOSE_NOT_NEAR_OR_BELOW_LOWER_BB|CLOSE_NOT_ABOVE_MA200|RSI_RECOVERY_NOT_CONFIRMED
2026-09-16T07:37:24.395516+00:00,SIE_OLD_MR_1R_EXHAUSTION_CONFIRM_V1,BTC,BTCUSDT,strategy-lab-v1.0.0:SIE_OLD_MR_1R_EXHAUSTION_CONFIRM_V1,1789369200000,2026-09-14T07:00:00+00:00,77557.57,77855.51,77478.89,77855.5,62.58058977938612,77232.403,76567.51787160238,78219.3747,360.4871428571423,0.0046302077933754494,57.691777218138235,1.5,False,RSI_NOT_BELOW_34|CLOSE_NOT_NEAR_OR_BELOW_LOWER_BB|CLOSE_NOT_ABOVE_MA200
2026-09-16T07:37:24.395516+00:00,SIE_OLD_MR_1R_EXHAUSTION_CONFIRM_V1,BTC,BTCUSDT,strategy-lab-v1.0.0:SIE_OLD_MR_1R_EXHAUSTION_CONFIRM_V1,1789372800000,2026-09-14T08:00:00+00:00,77855.51,77954.47,77609.54,77705.03,58.35478641243523,77281.1455,76627.84727053711,78208.5387,378.9257142857147,0.004876463136115059,62.58058977938612,1.499999999999981,False,PLANNED_REWARD_TOO_LOW|RSI_NOT_BELOW_34|CLOSE_NOT_NEAR_OR_BELOW_LOWER_BB|CLOSE_NOT_ABOVE_MA200|RSI_RECOVERY_NOT_CONFIRMED
2026-09-16T07:37:24.395516+00:00,SIE_OLD_MR_1R_EXHAUSTION_CONFIRM_V1,BTC,BTCUSDT,strategy-lab-v1.0.0:SIE_OLD_MR_1R_EXHAUSTION_CONFIRM_V1,1789376400000,2026-09-14T09:00:00+00:00,77705.03,78343.92,77567.09,78120.42,66.00932445711983,77346.2625,76633.64192236043,78199.36925,420.61428571428615,0.005384178499223202,58.35478641243523,1.5,False,RSI_NOT_BELOW_34|CLOSE_NOT_NEAR_OR_BELOW_LOWER_BB|CLOSE_NOT_ABOVE_MA200
2026-09-16T07:37:24.395516+00:00,SIE_OLD_MR_1R_EXHAUSTION_CONFIRM_V1,BTC,BTCUSDT,strategy-lab-v1.0.0:SIE_OLD_MR_1R_EXHAUSTION_CONFIRM_V1,1789380000000,2026-09-14T10:00:00+00:00,78120.44,78139.74,77855.69,77868.6,59.44730121599269,77380.791,76637.8468053283,78189.17719999999,432.50642857142935,0.005554311090367996,66.00932445711983,1.4999999999999831,False,PLANNED_REWARD_TOO_LOW|RSI_NOT_BELOW_34|CLOSE_NOT_NEAR_OR_BELOW_LOWER_BB|CLOSE_NOT_ABOVE_MA200|RSI_RECOVERY_NOT_CONFIRMED
2026-09-16T07:37:24.395516+00:00,SIE_OLD_MR_1R_EXHAUSTION_CONFIRM_V1,BTC,BTCUSDT,strategy-lab-v1.0.0:SIE_OLD_MR_1R_EXHAUSTION_CONFIRM_V1,1789383600000,2026-09-14T11:00:00+00:00,77868.58,77898.23,77648.26,77745.43,57.82353911348803,77412.799,76664.9500955304,78177.745,439.28000000000094,0.005650235647291436,59.44730121599269,1.5,False,RSI_NOT_BELOW_34|CLOSE_NOT_NEAR_OR_BELOW_LOWER_BB|CLOSE_NOT_ABOVE_MA200|RSI_RECOVERY_NOT_CONFIRMED
2026-09-16T07:37:24.395516+00:00,SIE_OLD_MR_1R_EXHAUSTION_CONFIRM_V1,BTC,BTCUSDT,strategy-lab-v1.0.0:SIE_OLD_MR_1R_EXHAUSTION_CONFIRM_V1,1789387200000,2026-09-14T12:00:00+00:00,77745.42,78046.66,77565.49,77659.24,70.02486446826725,77432.9405,76681.33528896206,78166.70240000001,426.6900000000013,0.005494388047063058,57.82353911348803,1.5,False,RSI_NOT_BELOW_34|CLOSE_NOT_NEAR_OR_BELOW_LOWER_BB|CLOSE_NOT_ABOVE_MA200|RSI_RECOVERY_NOT_CONFIRMED
2026-09-16T07:37:24.395516+00:00,SIE_OLD_MR_1R_EXHAUSTION_CONFIRM_V1,BTC,BTCUSDT,strategy-lab-v1.0.0:SIE_OLD_MR_1R_EXHAUSTION_CONFIRM_V1,1789390800000,2026-09-14T13:00:00+00:00,77659.24,78465.88,77420.04,78148.75,73.91955058411284,77475.4485,76665.17119580631,78157.48625,483.79285714285965,0.006190666608779535,70.02486446826725,1.5,False,RSI_NOT_BELOW_34|CLOSE_NOT_NEAR_OR_BELOW_LOWER_BB|CLOSE_NOT_ABOVE_MA200
2026-09-16T07:37:24.395516+00:00,SIE_OLD_MR_1R_EXHAUSTION_CONFIRM_V1,BTC,BTCUSDT,strategy-lab-v1.0.0:SIE_OLD_MR_1R_EXHAUSTION_CONFIRM_V1,1789394400000,2026-09-14T14:00:00+00:00,78148.76,78687.69,78132.77,78498.28,77.59067563991803,77534.74549999999,76614.74509142432,78151.07515,473.36642857143096,0.006030277715275175,73.91955058411284,1.5,False,RSI_NOT_BELOW_34|CLOSE_NOT_NEAR_OR_BELOW_LOWER_BB
2026-09-16T07:37:24.395516+00:00,SIE_OLD_MR_1R_EXHAUSTION_CONFIRM_V1,BTC,BTCUSDT,strategy-lab-v1.0.0:SIE_OLD_MR_1R_EXHAUSTION_CONFIRM_V1,1789398000000,2026-09-14T15:00:00+00:00,78498.28,78666.99,78270.9,78552.45,75.60542225121985,77599.682,76589.29436192023,78144.78705,463.9028571428602,0.005905644663442837,77.59067563991803,1.4999999999999842,False,PLANNED_REWARD_TOO_LOW|RSI_NOT_BELOW_34|CLOSE_NOT_NEAR_OR_BELOW_LOWER_BB|RSI_RECOVERY_NOT_CONFIRMED
2026-09-16T07:37:24.395516+00:00,SIE_OLD_MR_1R_EXHAUSTION_CONFIRM_V1,BTC,BTCUSDT,strategy-lab-v1.0.0:SIE_OLD_MR_1R_EXHAUSTION_CONFIRM_V1,1789401600000,2026-09-14T16:00:00+00:00,78552.45,78894.77,78402.22,78752.83,72.85813576337951,77671.19450000001,76552.70445227521,78139.32855,447.93071428571733,0.0056878046704571415,75.60542225121985,1.4999999999999838,False,PLANNED_REWARD_TOO_LOW|RSI_NOT_BELOW_34|CLOSE_NOT_NEAR_OR_BELOW_LOWER_BB|RSI_RECOVERY_NOT_CONFIRMED
2026-09-16T07:37:24.395516+00:00,SIE_OLD_MR_1R_EXHAUSTION_CONFIRM_V1,BTC,BTCUSDT,strategy-lab-v1.0.0:SIE_OLD_MR_1R_EXHAUSTION_CONFIRM_V1,1789405200000,2026-09-14T17:00:00+00:00,78752.84,79044.28,78691.01,78941.8,74.76768477164671,77754.2565,76523.08169182228,78134.58515,447.318571428574,0.005666434910637634,72.85813576337951,1.4999999999999838,False,PLANNED_REWARD_TOO_LOW|RSI_NOT_BELOW_34|CLOSE_NOT_NEAR_OR_BELOW_LOWER_BB
2026-09-16T07:37:24.395516+00:00,SIE_OLD_MR_1R_EXHAUSTION_CONFIRM_V1,BTC,BTCUSDT,strategy-lab-v1.0.0:SIE_OLD_MR_1R_EXHAUSTION_CONFIRM_V1,1789408800000,2026-09-14T18:00:00+00:00,78941.81,79336.77,78838.58,79219.79,76.44758827741771,77881.41100000001,76597.49105444402,78130.681,470.32642857143117,0.005936981511456054,74.76768477164671,1.5,False,RSI_NOT_BELOW_34|CLOSE_NOT_NEAR_OR_BELOW_LOWER_BB
2026-09-16T07:37:24.395516+00:00,SIE_OLD_MR_1R_EXHAUSTION_CONFIRM_V1,BTC,BTCUSDT,strategy-lab-v1.0.0:SIE_OLD_MR_1R_EXHAUSTION_CONFIRM_V1,1789412400000,2026-09-14T19:00:00+00:00,79219.79,79247.94,78956.59,78982.77,72.37898797757876,77990.557,76721.9189431199,78125.97989999999,476.72785714286044,0.006035846262961661,76.44758827741771,1.5,False,RSI_NOT_BELOW_34|CLOSE_NOT_NEAR_OR_BELOW_LOWER_BB|RSI_RECOVERY_NOT_CONFIRMED
2026-09-16T07:37:24.395516+00:00,SIE_OLD_MR_1R_EXHAUSTION_CONFIRM_V1,BTC,BTCUSDT,strategy-lab-v1.0.0:SIE_OLD_MR_1R_EXHAUSTION_CONFIRM_V1,1789416000000,2026-09-14T20:00:00+00:00,78982.77,79591.17,78968.87,79089.64,73.72066810758614,78106.66949999999,76882.78909124287,78121.8258,483.43428571428893,0.0061124856013289345,72.37898797757876,1.5,False,RSI_NOT_BELOW_34|CLOSE_NOT_NEAR_OR_BELOW_LOWER_BB
2026-09-16T07:37:24.395516+00:00,SIE_OLD_MR_1R_EXHAUSTION_CONFIRM_V1,BTC,BTCUSDT,strategy-lab-v1.0.0:SIE_OLD_MR_1R_EXHAUSTION_CONFIRM_V1,1789419600000,2026-09-14T21:00:00+00:00,79089.64,79107.15,78725.01,78742.7,63.530908181380134,78189.963,77032.84368609823,78116.40275,483.82857142857495,0.006144424453677293,73.72066810758614,1.5,False,RSI_NOT_BELOW_34|CLOSE_NOT_NEAR_OR_BELOW_LOWER_BB|RSI_RECOVERY_NOT_CONFIRMED
2026-09-16T07:37:24.395516+00:00,SIE_OLD_MR_1R_EXHAUSTION_CONFIRM_V1,BTC,BTCUSDT,strategy-lab-v1.0.0:SIE_OLD_MR_1R_EXHAUSTION_CONFIRM_V1,1789423200000,2026-09-14T22:00:00+00:00,78742.71,78843.54,78469.1,78541.29,62.55887017324654,78238.584,77108.53801452131,78111.4167,485.93642857143067,0.00618701868242081,63.530908181380134,1.4999999999999851,False,PLANNED_REWARD_TOO_LOW|RSI_NOT_BELOW_34|CLOSE_NOT_NEAR_OR_BELOW_LOWER_BB|RSI_RECOVERY_NOT_CONFIRMED
2026-09-16T07:37:24.395516+00:00,SIE_OLD_MR_1R_EXHAUSTION_CONFIRM_V1,BTC,BTCUSDT,strategy-lab-v1.0.0:SIE_OLD_MR_1R_EXHAUSTION_CONFIRM_V1,1789426800000,2026-09-14T23:00:00+00:00,78541.3,78564.19,78110.0,78175.01,50.83210121179784,78269.0095,77180.99753536932,78103.76,462.89071428571646,0.0059212108100237726,62.55887017324654,1.5,False,RSI_NOT_BELOW_34|CLOSE_NOT_NEAR_OR_BELOW_LOWER_BB|RSI_RECOVERY_NOT_CONFIRMED
2026-09-16T07:37:24.395516+00:00,SIE_OLD_MR_1R_EXHAUSTION_CONFIRM_V1,BTC,BTCUSDT,strategy-lab-v1.0.0:SIE_OLD_MR_1R_EXHAUSTION_CONFIRM_V1,1789430400000,2026-09-15T00:00:00+00:00,78175.0,78242.76,77919.7,77938.07,51.06373856561434,78283.59,77221.84130760592,78095.05425,465.67714285714464,0.0059749637482316995,50.83210121179784,1.5000000000000155,False,RSI_NOT_BELOW_34|CLOSE_NOT_NEAR_OR_BELOW_LOWER_BB|CLOSE_NOT_ABOVE_MA200|RSI_RECOVERY_NOT_CONFIRMED
2026-09-16T07:37:24.395516+00:00,SIE_OLD_MR_1R_EXHAUSTION_CONFIRM_V1,BTC,BTCUSDT,strategy-lab-v1.0.0:SIE_OLD_MR_1R_EXHAUSTION_CONFIRM_V1,1789434000000,2026-09-15T01:00:00+00:00,77938.06,78065.0,77721.53,77893.88,52.329438643731834,78299.452,77271.4816745798,78085.81774999999,472.3557142857161,0.00606409276679652,51.06373856561434,1.5,False,RSI_NOT_BELOW_34|CLOSE_NOT_NEAR_OR_BELOW_LOWER_BB|CLOSE_NOT_ABOVE_MA200|RSI_RECOVERY_NOT_CONFIRMED
2026-09-16T07:37:24.395516+00:00,SIE_OLD_MR_1R_EXHAUSTION_CONFIRM_V1,BTC,BTCUSDT,strategy-lab-v1.0.0:SIE_OLD_MR_1R_EXHAUSTION_CONFIRM_V1,1789437600000,2026-09-15T02:00:00+00:00,77893.87,78001.0,77762.39,77886.8,53.661723436574746,78315.914,77326.15918851561,78075.54235,455.03000000000196,0.005842196623818181,52.329438643731834,1.5,False,RSI_NOT_BELOW_34|CLOSE_NOT_NEAR_OR_BELOW_LOWER_BB|CLOSE_NOT_ABOVE_MA200|RSI_RECOVERY_NOT_CONFIRMED
2026-09-16T07:37:24.395516+00:00,SIE_OLD_MR_1R_EXHAUSTION_CONFIRM_V1,BTC,BTCUSDT,strategy-lab-v1.0.0:SIE_OLD_MR_1R_EXHAUSTION_CONFIRM_V1,1789441200000,2026-09-15T03:00:00+00:00,77886.82,77887.62,77629.99,77660.32,41.413729454161945,78306.155,77294.82017768816,78064.69405,398.72928571428616,0.005134273020176663,53.661723436574746,1.5000000000000182,False,RSI_NOT_BELOW_34|CLOSE_NOT_NEAR_OR_BELOW_LOWER_BB|CLOSE_NOT_ABOVE_MA200|RSI_RECOVERY_NOT_CONFIRMED
2026-09-16T07:37:24.395516+00:00,SIE_OLD_MR_1R_EXHAUSTION_CONFIRM_V1,BTC,BTCUSDT,strategy-lab-v1.0.0:SIE_OLD_MR_1R_EXHAUSTION_CONFIRM_V1,1789444800000,2026-09-15T04:00:00+00:00,77660.32,77724.43,77513.68,77547.75,31.771686310306748,78298.291,77266.14947457021,78052.88355,374.14571428571486,0.0048247139895833836,41.413729454161945,1.5000000000000195,False,CLOSE_NOT_NEAR_OR_BELOW_LOWER_BB|CLOSE_NOT_ABOVE_MA200|RSI_RECOVERY_NOT_CONFIRMED
2026-09-16T07:37:24.395516+00:00,SIE_OLD_MR_1R_EXHAUSTION_CONFIRM_V1,BTC,BTCUSDT,strategy-lab-v1.0.0:SIE_OLD_MR_1R_EXHAUSTION_CONFIRM_V1,1789448400000,2026-09-15T05:00:00+00:00,77547.76,77649.15,77281.65,77610.01,31.982732910704925,78272.77050000001,77199.86348012387,78041.2078,372.10357142857123,0.0047945306466082305,31.771686310306748,1.5,False,CLOSE_NOT_NEAR_OR_BELOW_LOWER_BB|CLOSE_NOT_ABOVE_MA200
2026-09-16T07:37:24.395516+00:00,SIE_OLD_MR_1R_EXHAUSTION_CONFIRM_V1,BTC,BTCUSDT,strategy-lab-v1.0.0:SIE_OLD_MR_1R_EXHAUSTION_CONFIRM_V1,1789452000000,2026-09-15T06:00:00+00:00,77610.09,77711.6,77161.42,77265.01,23.046739130434375,78242.591,77094.57891344493,78027.28915,376.22000000000014,0.004869215703201231,31.982732910704925,1.5,False,CLOSE_NOT_NEAR_OR_BELOW_LOWER_BB|CLOSE_NOT_ABOVE_MA200|RSI_RECOVERY_NOT_CONFIRMED
2026-09-16T07:37:24.395516+00:00,SIE_OLD_MR_1R_EXHAUSTION_CONFIRM_V1,BTC,BTCUSDT,strategy-lab-v1.0.0:SIE_OLD_MR_1R_EXHAUSTION_CONFIRM_V1,1789455600000,2026-09-15T07:00:00+00:00,77265.01,77294.12,76828.02,76878.62,15.11858308931383,78199.2505,76921.33511903789,78009.9866,384.2792857142849,0.004998519558679447,23.046739130434375,1.4999999999999811,False,PLANNED_REWARD_TOO_LOW|CLOSE_NOT_ABOVE_MA200|RSI_RECOVERY_NOT_CONFIRMED
2026-09-16T07:37:24.395516+00:00,SIE_OLD_MR_1R_EXHAUSTION_CONFIRM_V1,BTC,BTCUSDT,strategy-lab-v1.0.0:SIE_OLD_MR_1R_EXHAUSTION_CONFIRM_V1,1789459200000,2026-09-15T08:00:00+00:00,76877.81,76968.68,76647.52,76955.06,8.910797679135598,78164.0415,76793.13349498599,77994.00325000001,371.634285714284,0.004829237813787475,15.11858308931383,1.5000000000000195,False,CLOSE_NOT_NEAR_OR_BELOW_LOWER_BB|CLOSE_NOT_ABOVE_MA200|RSI_RECOVERY_NOT_CONFIRMED
2026-09-16T07:37:24.395516+00:00,SIE_OLD_MR_1R_EXHAUSTION_CONFIRM_V1,BTC,BTCUSDT,strategy-lab-v1.0.0:SIE_OLD_MR_1R_EXHAUSTION_CONFIRM_V1,1789462800000,2026-09-15T09:00:00+00:00,76955.06,77026.0,76816.25,76946.72,9.717116639429307,78103.94,76633.8149856286,77979.15179999999,365.8057142857121,0.004754013092250224,8.910797679135598,1.50000000000002,False,CLOSE_NOT_NEAR_OR_BELOW_LOWER_BB|CLOSE_NOT_ABOVE_MA200|RSI_RECOVERY_NOT_CONFIRMED
2026-09-16T07:37:24.395516+00:00,SIE_OLD_MR_1R_EXHAUSTION_CONFIRM_V1,BTC,BTCUSDT,strategy-lab-v1.0.0:SIE_OLD_MR_1R_EXHAUSTION_CONFIRM_V1,1789466400000,2026-09-15T10:00:00+00:00,76946.71,77135.0,76827.51,77014.58,8.301650202155713,78029.755,76498.2543843356,77964.91345,343.3192857142837,0.004457847925863956,9.717116639429307,1.500000000000021,False,CLOSE_NOT_NEAR_OR_BELOW_LOWER_BB|CLOSE_NOT_ABOVE_MA200|RSI_RECOVERY_NOT_CONFIRMED
2026-09-16T07:37:24.395516+00:00,SIE_OLD_MR_1R_EXHAUSTION_CONFIRM_V1,BTC,BTCUSDT,strategy-lab-v1.0.0:SIE_OLD_MR_1R_EXHAUSTION_CONFIRM_V1,1789470000000,2026-09-15T11:00:00+00:00,77014.58,77182.74,76795.43,76895.19,9.13727589211851,77946.892,76359.17837218658,77951.48675,343.68857142857036,0.004469571782429699,8.301650202155713,1.500000000000021,False,CLOSE_NOT_NEAR_OR_BELOW_LOWER_BB|CLOSE_NOT_ABOVE_MA200|RSI_RECOVERY_NOT_CONFIRMED
2026-09-16T07:37:24.395516+00:00,SIE_OLD_MR_1R_EXHAUSTION_CONFIRM_V1,BTC,BTCUSDT,strategy-lab-v1.0.0:SIE_OLD_MR_1R_EXHAUSTION_CONFIRM_V1,1789473600000,2026-09-15T12:00:00+00:00,76895.59,77100.0,76818.29,76914.72,10.87624774503901,77854.9865,76251.79696791983,77937.5179,337.0650000000002,0.0043823210953638034,9.13727589211851,1.5,False,CLOSE_NOT_NEAR_OR_BELOW_LOWER_BB|CLOSE_NOT_ABOVE_MA200
2026-09-16T07:37:24.395516+00:00,SIE_OLD_MR_1R_EXHAUSTION_CONFIRM_V1,BTC,BTCUSDT,strategy-lab-v1.0.0:SIE_OLD_MR_1R_EXHAUSTION_CONFIRM_V1,1789477200000,2026-09-15T13:00:00+00:00,76914.71,77099.91,76068.72,76571.36,10.997504657486175,77736.4645,76121.7405299731,77921.67365,378.27928571428595,0.004940218976315504,10.87624774503901,1.5,False,CLOSE_NOT_NEAR_OR_BELOW_LOWER_BB|CLOSE_NOT_ABOVE_MA200|RSI_RECOVERY_NOT_CONFIRMED
2026-09-16T07:37:24.395516+00:00,SIE_OLD_MR_1R_EXHAUSTION_CONFIRM_V1,BTC,BTCUSDT,strategy-lab-v1.0.0:SIE_OLD_MR_1R_EXHAUSTION_CONFIRM_V1,1789480800000,2026-09-15T14:00:00+00:00,76579.01,76649.67,75538.01,75869.26,8.968302135272083,77568.938,75909.92847388376,77902.79234999999,434.6078571428578,0.005728378755016958,10.997504657486175,1.4999999999999833,False,PLANNED_REWARD_TOO_LOW|CLOSE_NOT_ABOVE_MA200|RSI_RECOVERY_NOT_CONFIRMED
2026-09-16T07:37:24.395516+00:00,SIE_OLD_MR_1R_EXHAUSTION_CONFIRM_V1,BTC,BTCUSDT,strategy-lab-v1.0.0:SIE_OLD_MR_1R_EXHAUSTION_CONFIRM_V1,1789484400000,2026-09-15T15:00:00+00:00,75869.26,76559.88,75765.8,76466.09,26.773554396592857,77443.10399999999,75851.73779987621,77888.20045,466.79428571428645,0.006104592057921184,8.968302135272083,1.4999999999999845,False,PLANNED_REWARD_TOO_LOW|CLOSE_NOT_NEAR_OR_BELOW_LOWER_BB|CLOSE_NOT_ABOVE_MA200
2026-09-16T07:37:24.395516+00:00,SIE_OLD_MR_1R_EXHAUSTION_CONFIRM_V1,BTC,BTCUSDT,strategy-lab-v1.0.0:SIE_OLD_MR_1R_EXHAUSTION_CONFIRM_V1,1789488000000,2026-09-15T16:00:00+00:00,76464.95,76530.28,76199.77,76330.6,25.699866335211297,77305.152,75834.90024066612,77872.7642,473.35857142857174,0.006201426052311546,26.773554396592857,1.5,False,CLOSE_NOT_NEAR_OR_BELOW_LOWER_BB|CLOSE_NOT_ABOVE_MA200|RSI_RECOVERY_NOT_CONFIRMED
2026-09-16T07:37:24.395516+00:00,SIE_OLD_MR_1R_EXHAUSTION_CONFIRM_V1,BTC,BTCUSDT,strategy-lab-v1.0.0:SIE_OLD_MR_1R_EXHAUSTION_CONFIRM_V1,1789491600000,2026-09-15T17:00:00+00:00,76329.49,77297.04,76133.32,76911.06,39.464907396471176,77213.56999999999,75892.2660851642,77860.81294999999,538.0792857142858,0.0069961236487221185,25.699866335211297,1.5,False,RSI_NOT_BELOW_34|CLOSE_NOT_NEAR_OR_BELOW_LOWER_BB|CLOSE_NOT_ABOVE_MA200
2026-09-16T07:37:24.395516+00:00,SIE_OLD_MR_1R_EXHAUSTION_CONFIRM_V1,BTC,BTCUSDT,strategy-lab-v1.0.0:SIE_OLD_MR_1R_EXHAUSTION_CONFIRM_V1,1789495200000,2026-09-15T18:00:00+00:00,76909.14,77170.93,74887.5,75931.01,31.725556685882097,77083.056,75796.92522530546,77843.7148,686.1278571428567,0.009036200850520185,39.464907396471176,1.5,False,CLOSE_NOT_NEAR_OR_BELOW_LOWER_BB|CLOSE_NOT_ABOVE_MA200|RSI_RECOVERY_NOT_CONFIRMED
2026-09-16T07:37:24.395516+00:00,SIE_OLD_MR_1R_EXHAUSTION_CONFIRM_V1,BTC,BTCUSDT,strategy-lab-v1.0.0:SIE_OLD_MR_1R_EXHAUSTION_CONFIRM_V1,1789498800000,2026-09-15T19:00:00+00:00,75930.01,76263.1,75754.58,76126.33,33.71929701353659,76980.622,75732.92264022442,77827.3008,696.2007142857141,0.00914533400317228,31.725556685882097,1.5,False,CLOSE_NOT_NEAR_OR_BELOW_LOWER_BB|CLOSE_NOT_ABOVE_MA200
2026-09-16T07:37:24.395516+00:00,SIE_OLD_MR_1R_EXHAUSTION_CONFIRM_V1,BTC,BTCUSDT,strategy-lab-v1.0.0:SIE_OLD_MR_1R_EXHAUSTION_CONFIRM_V1,1789502400000,2026-09-15T20:00:00+00:00,76126.35,76187.2,75545.08,75874.28,34.421466033098824,76877.4325,75622.19603208036,77808.68340000001,702.7678571428561,0.009262267228669005,33.71929701353659,1.5000000000000104,False,RSI_NOT_BELOW_34|CLOSE_NOT_NEAR_OR_BELOW_LOWER_BB|CLOSE_NOT_ABOVE_MA200|RSI_RECOVERY_NOT_CONFIRMED
2026-09-16T07:37:24.395516+00:00,SIE_OLD_MR_1R_EXHAUSTION_CONFIRM_V1,BTC,BTCUSDT,strategy-lab-v1.0.0:SIE_OLD_MR_1R_EXHAUSTION_CONFIRM_V1,1789506000000,2026-09-15T21:00:00+00:00,75873.92,75901.01,75333.0,75390.09,33.68344437355995,76752.243,75429.8461665327,77788.90965,710.047142857142,0.00941830873072498,34.421466033098824,1.4999999999999898,False,PLANNED_REWARD_TOO_LOW|CLOSE_NOT_ABOVE_MA200|RSI_RECOVERY_NOT_CONFIRMED
2026-09-16T07:37:24.395516+00:00,SIE_OLD_MR_1R_EXHAUSTION_CONFIRM_V1,BTC,BTCUSDT,strategy-lab-v1.0.0:SIE_OLD_MR_1R_EXHAUSTION_CONFIRM_V1,1789509600000,2026-09-15T22:00:00+00:00,75390.1,75697.71,75064.47,75611.0,35.71935535967772,76638.45300000001,75334.61868210364,77771.04415,732.3385714285718,0.009685608858877303,33.68344437355995,1.49999999999999,False,PLANNED_REWARD_TOO_LOW|RSI_NOT_BELOW_34|CLOSE_NOT_NEAR_OR_BELOW_LOWER_BB|CLOSE_NOT_ABOVE_MA200
2026-09-16T07:37:24.395516+00:00,SIE_OLD_MR_1R_EXHAUSTION_CONFIRM_V1,BTC,BTCUSDT,strategy-lab-v1.0.0:SIE_OLD_MR_1R_EXHAUSTION_CONFIRM_V1,1789513200000,2026-09-15T23:00:00+00:00,75611.0,75894.96,75507.17,75584.17,35.579558755982276,76534.6455,75242.22914449406,77754.90105,745.0557142857152,0.009857298350775237,35.71935535967772,1.5000000000000098,False,RSI_NOT_BELOW_34|CLOSE_NOT_NEAR_OR_BELOW_LOWER_BB|CLOSE_NOT_ABOVE_MA200|RSI_RECOVERY_NOT_CONFIRMED
2026-09-16T07:37:24.395516+00:00,SIE_OLD_MR_1R_EXHAUSTION_CONFIRM_V1,BTC,BTCUSDT,strategy-lab-v1.0.0:SIE_OLD_MR_1R_EXHAUSTION_CONFIRM_V1,1789516800000,2026-09-16T00:00:00+00:00,75584.17,75860.78,75523.35,75712.21,36.38983812479762,76442.8685,75191.20886183505,77738.4072,747.1942857142858,0.00986887432970568,35.579558755982276,1.4999999999999902,False,PLANNED_REWARD_TOO_LOW|RSI_NOT_BELOW_34|CLOSE_NOT_NEAR_OR_BELOW_LOWER_BB|CLOSE_NOT_ABOVE_MA200
2026-09-16T07:37:24.395516+00:00,SIE_OLD_MR_1R_EXHAUSTION_CONFIRM_V1,BTC,BTCUSDT,strategy-lab-v1.0.0:SIE_OLD_MR_1R_EXHAUSTION_CONFIRM_V1,1789520400000,2026-09-16T01:00:00+00:00,75712.21,75901.02,75394.31,75434.59,35.224913914841466,76334.0975,75129.85143770411,77719.70555,755.7228571428568,0.010018253657146634,36.38983812479762,1.5,False,RSI_NOT_BELOW_34|CLOSE_NOT_NEAR_OR_BELOW_LOWER_BB|CLOSE_NOT_ABOVE_MA200|RSI_RECOVERY_NOT_CONFIRMED
2026-09-16T07:37:24.395516+00:00,SIE_OLD_MR_1R_EXHAUSTION_CONFIRM_V1,BTC,BTCUSDT,strategy-lab-v1.0.0:SIE_OLD_MR_1R_EXHAUSTION_CONFIRM_V1,1789524000000,2026-09-16T02:00:00+00:00,75434.59,76054.53,75420.87,75824.85,39.74434978008899,76262.08949999999,75118.40468458136,77702.85470000001,780.8621428571423,0.01029823524685037,35.224913914841466,1.5000000000000093,False,RSI_NOT_BELOW_34|CLOSE_NOT_NEAR_OR_BELOW_LOWER_BB|CLOSE_NOT_ABOVE_MA200
2026-09-16T07:37:24.395516+00:00,SIE_OLD_MR_1R_EXHAUSTION_CONFIRM_V1,BTC,BTCUSDT,strategy-lab-v1.0.0:SIE_OLD_MR_1R_EXHAUSTION_CONFIRM_V1,1789527600000,2026-09-16T03:00:00+00:00,75824.86,76016.38,75691.95,75755.41,41.904599382092684,76205.929,75078.66603084147,77684.8707,730.3792857142855,0.009641282196404,39.74434978008899,1.49999999999999,False,PLANNED_REWARD_TOO_LOW|RSI_NOT_BELOW_34|CLOSE_NOT_NEAR_OR_BELOW_LOWER_BB|CLOSE_NOT_ABOVE_MA200|RSI_RECOVERY_NOT_CONFIRMED
2026-09-16T07:37:24.395516+00:00,SIE_OLD_MR_1R_EXHAUSTION_CONFIRM_V1,BTC,BTCUSDT,strategy-lab-v1.0.0:SIE_OLD_MR_1R_EXHAUSTION_CONFIRM_V1,1789531200000,2026-09-16T04:00:00+00:00,75755.41,75962.07,75745.58,75796.36,49.167511716501835,76147.99399999999,75062.35785153399,77667.74975,666.4385714285714,0.008792487811137256,41.904599382092684,1.4999999999999891,False,PLANNED_REWARD_TOO_LOW|RSI_NOT_BELOW_34|CLOSE_NOT_NEAR_OR_BELOW_LOWER_BB|CLOSE_NOT_ABOVE_MA200
2026-09-16T07:37:24.395516+00:00,SIE_OLD_MR_1R_EXHAUSTION_CONFIRM_V1,BTC,BTCUSDT,strategy-lab-v1.0.0:SIE_OLD_MR_1R_EXHAUSTION_CONFIRM_V1,1789534800000,2026-09-16T05:00:00+00:00,75796.36,75940.24,75610.34,75905.89,42.801595419337346,76095.9525,75070.32937198704,77651.5818,633.2828571428576,0.008343000222286538,49.167511716501835,1.5,False,RSI_NOT_BELOW_34|CLOSE_NOT_NEAR_OR_BELOW_LOWER_BB|CLOSE_NOT_ABOVE_MA200|RSI_RECOVERY_NOT_CONFIRMED
2026-09-16T07:37:24.395516+00:00,SIE_OLD_MR_1R_EXHAUSTION_CONFIRM_V1,BTC,BTCUSDT,strategy-lab-v1.0.0:SIE_OLD_MR_1R_EXHAUSTION_CONFIRM_V1,1789538400000,2026-09-16T06:00:00+00:00,75905.03,75979.27,75749.56,75969.0,45.26547884653654,76043.6735,75108.0354738109,77636.7896,626.0828571428584,0.008241293911238247,42.801595419337346,1.4999999999999885,False,PLANNED_REWARD_TOO_LOW|RSI_NOT_BELOW_34|CLOSE_NOT_NEAR_OR_BELOW_LOWER_BB|CLOSE_NOT_ABOVE_MA200
2026-09-16T07:37:24.395516+00:00,SIE_OLD_MR_1R_EXHAUSTION_CONFIRM_V1,BTC,BTCUSDT,strategy-lab-v1.0.0:SIE_OLD_MR_1R_EXHAUSTION_CONFIRM_V1,1789542000000,2026-09-16T07:00:00+00:00,75969.0,76040.0,75688.46,75750.17,33.210206153659485,75986.4225,75129.38072797543,77620.0806,568.0700000000018,0.0074992570973768345,45.26547884653654,1.5,False,CLOSE_NOT_NEAR_OR_BELOW_LOWER_BB|CLOSE_NOT_ABOVE_MA200|RSI_RECOVERY_NOT_CONFIRMED
2026-09-16T07:37:24.395516+00:00,SIE_OLD_MR_1R_EXHAUSTION_CONFIRM_V1,SOL,SOLUSDT,strategy-lab-v1.0.0:SIE_OLD_MR_1R_EXHAUSTION_CONFIRM_V1,1789326000000,2026-09-13T19:00:00+00:00,101.18,101.35,100.68,100.92,41.586073500967096,100.82000000000001,99.18994478621127,102.73075,0.6257142857142881,0.006200101919483632,44.62151394422307,1.5000000000000113,False,RSI_NOT_BELOW_34|CLOSE_NOT_NEAR_OR_BELOW_LOWER_BB|CLOSE_NOT_ABOVE_MA200|RSI_RECOVERY_NOT_CONFIRMED
2026-09-16T07:37:24.395516+00:00,SIE_OLD_MR_1R_EXHAUSTION_CONFIRM_V1,SOL,SOLUSDT,strategy-lab-v1.0.0:SIE_OLD_MR_1R_EXHAUSTION_CONFIRM_V1,1789329600000,2026-09-13T20:00:00+00:00,100.93,101.48,100.92,101.44,52.148437499999986,100.8065,99.20187823771461,102.7217,0.6121428571428597,0.006034531320414626,41.586073500967096,1.5,False,RSI_NOT_BELOW_34|CLOSE_NOT_NEAR_OR_BELOW_LOWER_BB|CLOSE_NOT_ABOVE_MA200
2026-09-16T07:37:24.395516+00:00,SIE_OLD_MR_1R_EXHAUSTION_CONFIRM_V1,SOL,SOLUSDT,strategy-lab-v1.0.0:SIE_OLD_MR_1R_EXHAUSTION_CONFIRM_V1,1789333200000,2026-09-13T21:00:00+00:00,101.43,101.58,101.18,101.3,56.44820295983086,100.75899999999999,99.27651694782034,102.7149,0.5885714285714302,0.005810181920744622,52.148437499999986,1.500000000000012,False,RSI_NOT_BELOW_34|CLOSE_NOT_NEAR_OR_BELOW_LOWER_BB|CLOSE_NOT_ABOVE_MA200|RSI_RECOVERY_NOT_CONFIRMED
2026-09-16T07:37:24.395516+00:00,SIE_OLD_MR_1R_EXHAUSTION_CONFIRM_V1,SOL,SOLUSDT,strategy-lab-v1.0.0:SIE_OLD_MR_1R_EXHAUSTION_CONFIRM_V1,1789336800000,2026-09-13T22:00:00+00:00,101.3,101.3,99.35,99.69,47.508896797153014,100.6495,99.19106967941562,102.69895000000001,0.6600000000000017,0.006620523623232037,56.44820295983086,1.5,False,RSI_NOT_BELOW_34|CLOSE_NOT_NEAR_OR_BELOW_LOWER_BB|CLOSE_NOT_ABOVE_MA200|RSI_RECOVERY_NOT_CONFIRMED
2026-09-16T07:37:24.395516+00:00,SIE_OLD_MR_1R_EXHAUSTION_CONFIRM_V1,SOL,SOLUSDT,strategy-lab-v1.0.0:SIE_OLD_MR_1R_EXHAUSTION_CONFIRM_V1,1789340400000,2026-09-13T23:00:00+00:00,99.69,99.97,99.14,99.26,45.17766497461934,100.5325,99.02328994172451,102.68045000000001,0.6585714285714295,0.006634811893727881,47.508896797153014,1.5,False,RSI_NOT_BELOW_34|CLOSE_NOT_NEAR_OR_BELOW_LOWER_BB|CLOSE_NOT_ABOVE_MA200|RSI_RECOVERY_NOT_CONFIRMED
2026-09-16T07:37:24.395516+00:00,SIE_OLD_MR_1R_EXHAUSTION_CONFIRM_V1,SOL,SOLUSDT,strategy-lab-v1.0.0:SIE_OLD_MR_1R_EXHAUSTION_CONFIRM_V1,1789344000000,2026-09-14T00:00:00+00:00,99.26,99.89,98.94,99.63,50.83612040133776,100.429,98.97120851971212,102.66150000000002,0.691428571428572,0.006939963579529981,45.17766497461934,1.5000000000000102,False,RSI_NOT_BELOW_34|CLOSE_NOT_NEAR_OR_BELOW_LOWER_BB|CLOSE_NOT_ABOVE_MA200
2026-09-16T07:37:24.395516+00:00,SIE_OLD_MR_1R_EXHAUSTION_CONFIRM_V1,SOL,SOLUSDT,strategy-lab-v1.0.0:SIE_OLD_MR_1R_EXHAUSTION_CONFIRM_V1,1789347600000,2026-09-14T01:00:00+00:00,99.59,100.18,99.12,100.12,52.65700483091786,100.34549999999999,99.02417528593462,102.6408,0.7364285714285715,0.007355459163289767,50.83612040133776,1.5,False,RSI_NOT_BELOW_34|CLOSE_NOT_NEAR_OR_BELOW_LOWER_BB|CLOSE_NOT_ABOVE_MA200
2026-09-16T07:37:24.395516+00:00,SIE_OLD_MR_1R_EXHAUSTION_CONFIRM_V1,SOL,SOLUSDT,strategy-lab-v1.0.0:SIE_OLD_MR_1R_EXHAUSTION_CONFIRM_V1,1789351200000,2026-09-14T02:00:00+00:00,100.11,101.05,99.92,100.96,59.13669064748203,100.3325,99.04106862358083,102.626,0.7949999999999997,0.007874405705229792,52.65700483091786,1.4999999999999911,False,PLANNED_REWARD_TOO_LOW|RSI_NOT_BELOW_34|CLOSE_NOT_NEAR_OR_BELOW_LOWER_BB|CLOSE_NOT_ABOVE_MA200
2026-09-16T07:37:24.395516+00:00,SIE_OLD_MR_1R_EXHAUSTION_CONFIRM_V1,SOL,SOLUSDT,strategy-lab-v1.0.0:SIE_OLD_MR_1R_EXHAUSTION_CONFIRM_V1,1789354800000,2026-09-14T03:00:00+00:00,100.95,101.29,100.74,100.94,56.60091047040977,100.345,99.03525956770056,102.6136,0.7800000000000001,0.007727362789776106,59.13669064748203,1.5,False,RSI_NOT_BELOW_34|CLOSE_NOT_NEAR_OR_BELOW_LOWER_BB|CLOSE_NOT_ABOVE_MA200|RSI_RECOVERY_NOT_CONFIRMED
2026-09-16T07:37:24.395516+00:00,SIE_OLD_MR_1R_EXHAUSTION_CONFIRM_V1,SOL,SOLUSDT,strategy-lab-v1.0.0:SIE_OLD_MR_1R_EXHAUSTION_CONFIRM_V1,1789358400000,2026-09-14T04:00:00+00:00,100.93,101.34,100.83,101.13,54.01929260450163,100.40299999999999,99.06244638301933,102.60305,0.7635714285714285,0.0075503948242008154,56.60091047040977,1.5,False,RSI_NOT_BELOW_34|CLOSE_NOT_NEAR_OR_BELOW_LOWER_BB|CLOSE_NOT_ABOVE_MA200|RSI_RECOVERY_NOT_CONFIRMED
2026-09-16T07:37:24.395516+00:00,SIE_OLD_MR_1R_EXHAUSTION_CONFIRM_V1,SOL,SOLUSDT,strategy-lab-v1.0.0:SIE_OLD_MR_1R_EXHAUSTION_CONFIRM_V1,1789362000000,2026-09-14T05:00:00+00:00,101.15,101.19,100.91,101.07,57.3378839590444,100.465,99.12148967253694,102.58974999999998,0.7485714285714289,0.007406465109047481,54.01929260450163,1.5000000000000095,False,RSI_NOT_BELOW_34|CLOSE_NOT_NEAR_OR_BELOW_LOWER_BB|CLOSE_NOT_ABOVE_MA200|RSI_RECOVERY_NOT_CONFIRMED
2026-09-16T07:37:24.395516+00:00,SIE_OLD_MR_1R_EXHAUSTION_CONFIRM_V1,SOL,SOLUSDT,strategy-lab-v1.0.0:SIE_OLD_MR_1R_EXHAUSTION_CONFIRM_V1,1789365600000,2026-09-14T06:00:00+00:00,101.07,101.97,101.04,101.5,56.2171628721541,100.5635,99.21976974433115,102.58035,0.7607142857142851,0.007494722026741726,57.3378839590444,1.4999999999999907,False,PLANNED_REWARD_TOO_LOW|RSI_NOT_BELOW_34|CLOSE_NOT_NEAR_OR_BELOW_LOWER_BB|CLOSE_NOT_ABOVE_MA200|RSI_RECOVERY_NOT_CONFIRMED
2026-09-16T07:37:24.395516+00:00,SIE_OLD_MR_1R_EXHAUSTION_CONFIRM_V1,SOL,SOLUSDT,strategy-lab-v1.0.0:SIE_OLD_MR_1R_EXHAUSTION_CONFIRM_V1,1789369200000,2026-09-14T07:00:00+00:00,101.5,101.69,101.38,101.56,55.277280858676264,100.652,99.29066829905423,102.57225,0.7507142857142851,0.0073918303043943,56.2171628721541,1.5,False,RSI_NOT_BELOW_34|CLOSE_NOT_NEAR_OR_BELOW_LOWER_BB|CLOSE_NOT_ABOVE_MA200|RSI_RECOVERY_NOT_CONFIRMED
2026-09-16T07:37:24.395516+00:00,SIE_OLD_MR_1R_EXHAUSTION_CONFIRM_V1,SOL,SOLUSDT,strategy-lab-v1.0.0:SIE_OLD_MR_1R_EXHAUSTION_CONFIRM_V1,1789372800000,2026-09-14T08:00:00+00:00,101.56,101.78,101.28,101.46,52.727272727272705,100.7405,99.41107192748163,102.56295,0.759285714285714,0.00748359663202951,55.277280858676264,1.5,False,RSI_NOT_BELOW_34|CLOSE_NOT_NEAR_OR_BELOW_LOWER_BB|CLOSE_NOT_ABOVE_MA200|RSI_RECOVERY_NOT_CONFIRMED
2026-09-16T07:37:24.395516+00:00,SIE_OLD_MR_1R_EXHAUSTION_CONFIRM_V1,SOL,SOLUSDT,strategy-lab-v1.0.0:SIE_OLD_MR_1R_EXHAUSTION_CONFIRM_V1,1789376400000,2026-09-14T09:00:00+00:00,101.46,102.31,101.17,101.9,58.59649122807021,100.832,99.44893673318973,102.55215,0.7928571428571435,0.007780737417636344,52.727272727272705,1.5,False,RSI_NOT_BELOW_34|CLOSE_NOT_NEAR_OR_BELOW_LOWER_BB|CLOSE_NOT_ABOVE_MA200
2026-09-16T07:37:24.395516+00:00,SIE_OLD_MR_1R_EXHAUSTION_CONFIRM_V1,SOL,SOLUSDT,strategy-lab-v1.0.0:SIE_OLD_MR_1R_EXHAUSTION_CONFIRM_V1,1789380000000,2026-09-14T10:00:00+00:00,101.91,101.98,101.66,101.73,52.71028037383183,100.887,99.45386218387767,102.5389,0.7757142857142867,0.007625226439735443,58.59649122807021,1.5,False,RSI_NOT_BELOW_34|CLOSE_NOT_NEAR_OR_BELOW_LOWER_BB|CLOSE_NOT_ABOVE_MA200|RSI_RECOVERY_NOT_CONFIRMED
2026-09-16T07:37:24.395516+00:00,SIE_OLD_MR_1R_EXHAUSTION_CONFIRM_V1,SOL,SOLUSDT,strategy-lab-v1.0.0:SIE_OLD_MR_1R_EXHAUSTION_CONFIRM_V1,1789383600000,2026-09-14T11:00:00+00:00,101.74,101.92,101.25,101.33,50.2673796791444,100.94300000000001,99.53270783168882,102.5157,0.7950000000000017,0.007845652817526909,52.71028037383183,1.5000000000000089,False,RSI_NOT_BELOW_34|CLOSE_NOT_NEAR_OR_BELOW_LOWER_BB|CLOSE_NOT_ABOVE_MA200|RSI_RECOVERY_NOT_CONFIRMED
2026-09-16T07:37:24.395516+00:00,SIE_OLD_MR_1R_EXHAUSTION_CONFIRM_V1,SOL,SOLUSDT,strategy-lab-v1.0.0:SIE_OLD_MR_1R_EXHAUSTION_CONFIRM_V1,1789387200000,2026-09-14T12:00:00+00:00,101.34,101.95,101.16,101.33,70.49999999999994,100.97,99.5518039627753,102.4936,0.7121428571428591,0.007027956746697514,50.2673796791444,1.49999999999999,False,PLANNED_REWARD_TOO_LOW|RSI_NOT_BELOW_34|CLOSE_NOT_NEAR_OR_BELOW_LOWER_BB|CLOSE_NOT_ABOVE_MA200
2026-09-16T07:37:24.395516+00:00,SIE_OLD_MR_1R_EXHAUSTION_CONFIRM_V1,SOL,SOLUSDT,strategy-lab-v1.0.0:SIE_OLD_MR_1R_EXHAUSTION_CONFIRM_V1,1789390800000,2026-09-14T13:00:00+00:00,101.32,101.87,100.63,101.33,78.9915966386552,100.988,99.56114892157595,102.4681,0.7414285714285741,0.00731697001311136,70.49999999999994,1.5,False,RSI_NOT_BELOW_34|CLOSE_NOT_NEAR_OR_BELOW_LOWER_BB|CLOSE_NOT_ABOVE_MA200
2026-09-16T07:37:24.395516+00:00,SIE_OLD_MR_1R_EXHAUSTION_CONFIRM_V1,SOL,SOLUSDT,strategy-lab-v1.0.0:SIE_OLD_MR_1R_EXHAUSTION_CONFIRM_V1,1789394400000,2026-09-14T14:00:00+00:00,101.33,101.99,101.18,101.61,78.44827586206875,101.01050000000001,99.5595213647335,102.44924999999999,0.7314285714285731,0.0071983916093747964,78.9915966386552,1.5000000000000098,False,RSI_NOT_BELOW_34|CLOSE_NOT_NEAR_OR_BELOW_LOWER_BB|CLOSE_NOT_ABOVE_MA200|RSI_RECOVERY_NOT_CONFIRMED
2026-09-16T07:37:24.395516+00:00,SIE_OLD_MR_1R_EXHAUSTION_CONFIRM_V1,SOL,SOLUSDT,strategy-lab-v1.0.0:SIE_OLD_MR_1R_EXHAUSTION_CONFIRM_V1,1789398000000,2026-09-14T15:00:00+00:00,101.59,102.24,101.33,101.95,77.47747747747724,101.06199999999998,99.5554728678182,102.43254999999999,0.720714285714287,0.007069291669585943,78.44827586206875,1.4999999999999902,False,PLANNED_REWARD_TOO_LOW|RSI_NOT_BELOW_34|CLOSE_NOT_NEAR_OR_BELOW_LOWER_BB|CLOSE_NOT_ABOVE_MA200|RSI_RECOVERY_NOT_CONFIRMED
2026-09-16T07:37:24.395516+00:00,SIE_OLD_MR_1R_EXHAUSTION_CONFIRM_V1,SOL,SOLUSDT,strategy-lab-v1.0.0:SIE_OLD_MR_1R_EXHAUSTION_CONFIRM_V1,1789401600000,2026-09-14T16:00:00+00:00,101.94,102.87,101.83,102.59,76.03833865814681,101.1195,99.4779217959537,102.41949999999999,0.7142857142857163,0.006962527676047532,77.47747747747724,1.5,False,RSI_NOT_BELOW_34|CLOSE_NOT_NEAR_OR_BELOW_LOWER_BB|RSI_RECOVERY_NOT_CONFIRMED
2026-09-16T07:37:24.395516+00:00,SIE_OLD_MR_1R_EXHAUSTION_CONFIRM_V1,SOL,SOLUSDT,strategy-lab-v1.0.0:SIE_OLD_MR_1R_EXHAUSTION_CONFIRM_V1,1789405200000,2026-09-14T17:00:00+00:00,102.57,103.29,102.48,103.05,79.551820728291,101.20700000000001,99.36227671451792,102.40224999999998,0.7328571428571442,0.007111665626949483,76.03833865814681,1.5,False,RSI_NOT_BELOW_34|CLOSE_NOT_NEAR_OR_BELOW_LOWER_BB
2026-09-16T07:37:24.395516+00:00,SIE_OLD_MR_1R_EXHAUSTION_CONFIRM_V1,SOL,SOLUSDT,strategy-lab-v1.0.0:SIE_OLD_MR_1R_EXHAUSTION_CONFIRM_V1,1789408800000,2026-09-14T18:00:00+00:00,103.05,103.86,102.91,103.61,81.47208121827384,101.40299999999999,99.41705840972101,102.38705,0.7642857142857155,0.007376563210942143,79.551820728291,1.4999999999999907,False,PLANNED_REWARD_TOO_LOW|RSI_NOT_BELOW_34|CLOSE_NOT_NEAR_OR_BELOW_LOWER_BB
2026-09-16T07:37:24.395516+00:00,SIE_OLD_MR_1R_EXHAUSTION_CONFIRM_V1,SOL,SOLUSDT,strategy-lab-v1.0.0:SIE_OLD_MR_1R_EXHAUSTION_CONFIRM_V1,1789412400000,2026-09-14T19:00:00+00:00,103.6,103.62,102.81,103.26,75.88652482269498,101.603,99.71748574654026,102.37105000000001,0.8021428571428585,0.007768185717052668,81.47208121827384,1.5,False,RSI_NOT_BELOW_34|CLOSE_NOT_NEAR_OR_BELOW_LOWER_BB|RSI_RECOVERY_NOT_CONFIRMED
2026-09-16T07:37:24.395516+00:00,SIE_OLD_MR_1R_EXHAUSTION_CONFIRM_V1,SOL,SOLUSDT,strategy-lab-v1.0.0:SIE_OLD_MR_1R_EXHAUSTION_CONFIRM_V1,1789416000000,2026-09-14T20:00:00+00:00,103.27,104.9,103.19,103.98,77.43362831858397,101.8205,99.89243905697982,102.35695,0.8578571428571452,0.008250212953040442,75.88652482269498,1.5,False,RSI_NOT_BELOW_34|CLOSE_NOT_NEAR_OR_BELOW_LOWER_BB
2026-09-16T07:37:24.395516+00:00,SIE_OLD_MR_1R_EXHAUSTION_CONFIRM_V1,SOL,SOLUSDT,strategy-lab-v1.0.0:SIE_OLD_MR_1R_EXHAUSTION_CONFIRM_V1,1789419600000,2026-09-14T21:00:00+00:00,103.99,104.03,103.13,103.18,65.39923954372622,101.9735,100.12550351731942,102.33745,0.9000000000000027,0.008722620662919196,77.43362831858397,1.5,False,RSI_NOT_BELOW_34|CLOSE_NOT_NEAR_OR_BELOW_LOWER_BB|RSI_RECOVERY_NOT_CONFIRMED
2026-09-16T07:37:24.395516+00:00,SIE_OLD_MR_1R_EXHAUSTION_CONFIRM_V1,SOL,SOLUSDT,strategy-lab-v1.0.0:SIE_OLD_MR_1R_EXHAUSTION_CONFIRM_V1,1789423200000,2026-09-14T22:00:00+00:00,103.2,103.59,102.78,102.85,62.65938069216753,102.06800000000001,100.24383334094723,102.323,0.9221428571428599,0.008965900409750704,65.39923954372622,1.5,False,RSI_NOT_BELOW_34|CLOSE_NOT_NEAR_OR_BELOW_LOWER_BB|RSI_RECOVERY_NOT_CONFIRMED
2026-09-16T07:37:24.395516+00:00,SIE_OLD_MR_1R_EXHAUSTION_CONFIRM_V1,SOL,SOLUSDT,strategy-lab-v1.0.0:SIE_OLD_MR_1R_EXHAUSTION_CONFIRM_V1,1789426800000,2026-09-14T23:00:00+00:00,102.86,103.0,102.41,102.52,55.76208178438651,102.147,100.38944374201002,102.3069,0.8828571428571459,0.008611560113706066,62.65938069216753,1.5,False,RSI_NOT_BELOW_34|CLOSE_NOT_NEAR_OR_BELOW_LOWER_BB|RSI_RECOVERY_NOT_CONFIRMED
2026-09-16T07:37:24.395516+00:00,SIE_OLD_MR_1R_EXHAUSTION_CONFIRM_V1,SOL,SOLUSDT,strategy-lab-v1.0.0:SIE_OLD_MR_1R_EXHAUSTION_CONFIRM_V1,1789430400000,2026-09-15T00:00:00+00:00,102.53,102.85,102.39,102.47,57.03422053231934,102.21400000000001,100.51545474007911,102.28885,0.8928571428571449,0.008713351642989605,55.76208178438651,1.5,False,RSI_NOT_BELOW_34|CLOSE_NOT_NEAR_OR_BELOW_LOWER_BB|RSI_RECOVERY_NOT_CONFIRMED
2026-09-16T07:37:24.395516+00:00,SIE_OLD_MR_1R_EXHAUSTION_CONFIRM_V1,SOL,SOLUSDT,strategy-lab-v1.0.0:SIE_OLD_MR_1R_EXHAUSTION_CONFIRM_V1,1789434000000,2026-09-15T01:00:00+00:00,102.47,102.59,102.14,102.24,58.93909626719053,102.2725,100.65702638523565,102.2691,0.8771428571428592,0.008579253297563177,57.03422053231934,1.499999999999992,False,PLANNED_REWARD_TOO_LOW|RSI_NOT_BELOW_34|CLOSE_NOT_NEAR_OR_BELOW_LOWER_BB|CLOSE_NOT_ABOVE_MA200|RSI_RECOVERY_NOT_CONFIRMED
2026-09-16T07:37:24.395516+00:00,SIE_OLD_MR_1R_EXHAUSTION_CONFIRM_V1,SOL,SOLUSDT,strategy-lab-v1.0.0:SIE_OLD_MR_1R_EXHAUSTION_CONFIRM_V1,1789437600000,2026-09-15T02:00:00+00:00,102.25,102.41,101.94,101.94,55.658627087198504,102.2945,100.71001932798164,102.24885,0.8542857142857159,0.00838027971635978,58.93909626719053,1.5,False,RSI_NOT_BELOW_34|CLOSE_NOT_NEAR_OR_BELOW_LOWER_BB|CLOSE_NOT_ABOVE_MA200|RSI_RECOVERY_NOT_CONFIRMED
2026-09-16T07:37:24.395516+00:00,SIE_OLD_MR_1R_EXHAUSTION_CONFIRM_V1,SOL,SOLUSDT,strategy-lab-v1.0.0:SIE_OLD_MR_1R_EXHAUSTION_CONFIRM_V1,1789441200000,2026-09-15T03:00:00+00:00,101.95,101.95,101.22,101.54,51.813471502590744,102.2935,100.70714222194368,102.2291,0.8178571428571441,0.008054531641295489,55.658627087198504,1.5,False,RSI_NOT_BELOW_34|CLOSE_NOT_NEAR_OR_BELOW_LOWER_BB|CLOSE_NOT_ABOVE_MA200|RSI_RECOVERY_NOT_CONFIRMED
2026-09-16T07:37:24.395516+00:00,SIE_OLD_MR_1R_EXHAUSTION_CONFIRM_V1,SOL,SOLUSDT,strategy-lab-v1.0.0:SIE_OLD_MR_1R_EXHAUSTION_CONFIRM_V1,1789444800000,2026-09-15T04:00:00+00:00,101.54,101.69,101.11,101.25,46.896551724137936,102.28299999999999,100.67212322010657,102.2068,0.8014285714285734,0.007915343915343934,51.813471502590744,1.5,False,RSI_NOT_BELOW_34|CLOSE_NOT_NEAR_OR_BELOW_LOWER_BB|CLOSE_NOT_ABOVE_MA200|RSI_RECOVERY_NOT_CONFIRMED
2026-09-16T07:37:24.395516+00:00,SIE_OLD_MR_1R_EXHAUSTION_CONFIRM_V1,SOL,SOLUSDT,strategy-lab-v1.0.0:SIE_OLD_MR_1R_EXHAUSTION_CONFIRM_V1,1789448400000,2026-09-15T05:00:00+00:00,101.24,101.4,100.57,101.31,44.202898550724626,102.2535,100.59475016955547,102.18375,0.7957142857142888,0.007854252153926452,46.896551724137936,1.5000000000000089,False,RSI_NOT_BELOW_34|CLOSE_NOT_NEAR_OR_BELOW_LOWER_BB|CLOSE_NOT_ABOVE_MA200|RSI_RECOVERY_NOT_CONFIRMED
2026-09-16T07:37:24.395516+00:00,SIE_OLD_MR_1R_EXHAUSTION_CONFIRM_V1,SOL,SOLUSDT,strategy-lab-v1.0.0:SIE_OLD_MR_1R_EXHAUSTION_CONFIRM_V1,1789452000000,2026-09-15T06:00:00+00:00,101.3,101.57,100.71,100.85,33.70786516853924,102.2095,100.45369277823568,102.15875,0.7828571428571455,0.007762589418514086,44.202898550724626,1.500000000000009,False,CLOSE_NOT_NEAR_OR_BELOW_LOWER_BB|CLOSE_NOT_ABOVE_MA200|RSI_RECOVERY_NOT_CONFIRMED
2026-09-16T07:37:24.395516+00:00,SIE_OLD_MR_1R_EXHAUSTION_CONFIRM_V1,SOL,SOLUSDT,strategy-lab-v1.0.0:SIE_OLD_MR_1R_EXHAUSTION_CONFIRM_V1,1789455600000,2026-09-15T07:00:00+00:00,100.87,101.03,100.29,100.41,25.18796992481205,102.1635,100.27476206158721,102.12799999999999,0.7778571428571449,0.007746809509582162,33.70786516853924,1.499999999999991,False,PLANNED_REWARD_TOO_LOW|CLOSE_NOT_NEAR_OR_BELOW_LOWER_BB|CLOSE_NOT_ABOVE_MA200|RSI_RECOVERY_NOT_CONFIRMED
2026-09-16T07:37:24.395516+00:00,SIE_OLD_MR_1R_EXHAUSTION_CONFIRM_V1,SOL,SOLUSDT,strategy-lab-v1.0.0:SIE_OLD_MR_1R_EXHAUSTION_CONFIRM_V1,1789459200000,2026-09-15T08:00:00+00:00,100.4,100.62,100.03,100.62,19.919517102615828,102.128,100.1532027952218,102.1002,0.7521428571428592,0.007475083056478426,25.18796992481205,1.5000000000000095,False,CLOSE_NOT_NEAR_OR_BELOW_LOWER_BB|CLOSE_NOT_ABOVE_MA200|RSI_RECOVERY_NOT_CONFIRMED
2026-09-16T07:37:24.395516+00:00,SIE_OLD_MR_1R_EXHAUSTION_CONFIRM_V1,SOL,SOLUSDT,strategy-lab-v1.0.0:SIE_OLD_MR_1R_EXHAUSTION_CONFIRM_V1,1789462800000,2026-09-15T09:00:00+00:00,100.61,101.06,100.47,100.79,24.217118997912436,102.101,100.06935140833859,102.0775,0.7364285714285737,0.007306563859793369,19.919517102615828,1.5,False,CLOSE_NOT_NEAR_OR_BELOW_LOWER_BB|CLOSE_NOT_ABOVE_MA200
2026-09-16T07:37:24.395516+00:00,SIE_OLD_MR_1R_EXHAUSTION_CONFIRM_V1,SOL,SOLUSDT,strategy-lab-v1.0.0:SIE_OLD_MR_1R_EXHAUSTION_CONFIRM_V1,1789466400000,2026-09-15T10:00:00+00:00,100.78,101.07,100.63,100.93,13.7767220902615,102.067,99.98157342493201,102.0532,0.6457142857142871,0.00639764476086681,24.217118997912436,1.5,False,CLOSE_NOT_NEAR_OR_BELOW_LOWER_BB|CLOSE_NOT_ABOVE_MA200|RSI_RECOVERY_NOT_CONFIRMED
2026-09-16T07:37:24.395516+00:00,SIE_OLD_MR_1R_EXHAUSTION_CONFIRM_V1,SOL,SOLUSDT,strategy-lab-v1.0.0:SIE_OLD_MR_1R_EXHAUSTION_CONFIRM_V1,1789470000000,2026-09-15T11:00:00+00:00,100.93,100.97,100.38,100.82,16.477272727272904,102.01050000000001,99.85539002600802,102.03254999999999,0.6235714285714299,0.0061849973077904175,13.7767220902615,1.4999999999999887,False,PLANNED_REWARD_TOO_LOW|CLOSE_NOT_NEAR_OR_BELOW_LOWER_BB|CLOSE_NOT_ABOVE_MA200|RSI_RECOVERY_NOT_CONFIRMED
2026-09-16T07:37:24.395516+00:00,SIE_OLD_MR_1R_EXHAUSTION_CONFIRM_V1,SOL,SOLUSDT,strategy-lab-v1.0.0:SIE_OLD_MR_1R_EXHAUSTION_CONFIRM_V1,1789473600000,2026-09-15T12:00:00+00:00,100.81,101.16,100.77,100.96,21.62162162162184,101.929,99.74462915236452,102.01190000000001,0.5935714285714297,0.005879273262395303,16.477272727272904,1.5,False,CLOSE_NOT_NEAR_OR_BELOW_LOWER_BB|CLOSE_NOT_ABOVE_MA200
2026-09-16T07:37:24.395516+00:00,SIE_OLD_MR_1R_EXHAUSTION_CONFIRM_V1,SOL,SOLUSDT,strategy-lab-v1.0.0:SIE_OLD_MR_1R_EXHAUSTION_CONFIRM_V1,1789477200000,2026-09-15T13:00:00+00:00,100.94,101.38,99.69,100.52,20.93023255813975,101.8025,99.59950317748759,101.98900000000002,0.6721428571428579,0.006686657950088121,21.62162162162184,1.5,False,CLOSE_NOT_NEAR_OR_BELOW_LOWER_BB|CLOSE_NOT_ABOVE_MA200|RSI_RECOVERY_NOT_CONFIRMED
2026-09-16T07:37:24.395516+00:00,SIE_OLD_MR_1R_EXHAUSTION_CONFIRM_V1,SOL,SOLUSDT,strategy-lab-v1.0.0:SIE_OLD_MR_1R_EXHAUSTION_CONFIRM_V1,1789480800000,2026-09-15T14:00:00+00:00,100.54,100.72,97.89,98.8,14.090019569471806,101.562,99.15962117891459,101.95755000000001,0.8414285714285725,0.008516483516483528,20.93023255813975,1.5000000000000084,False,CLOSE_NOT_ABOVE_MA200|RSI_RECOVERY_NOT_CONFIRMED
2026-09-16T07:37:24.395516+00:00,SIE_OLD_MR_1R_EXHAUSTION_CONFIRM_V1,SOL,SOLUSDT,strategy-lab-v1.0.0:SIE_OLD_MR_1R_EXHAUSTION_CONFIRM_V1,1789484400000,2026-09-15T15:00:00+00:00,98.79,99.71,98.5,99.32,22.962962962963047,101.36500000000001,98.90637030035028,101.93180000000001,0.8957142857142861,0.009018468442552217,14.090019569471806,1.5,False,CLOSE_NOT_NEAR_OR_BELOW_LOWER_BB|CLOSE_NOT_ABOVE_MA200
2026-09-16T07:37:24.395516+00:00,SIE_OLD_MR_1R_EXHAUSTION_CONFIRM_V1,SOL,SOLUSDT,strategy-lab-v1.0.0:SIE_OLD_MR_1R_EXHAUSTION_CONFIRM_V1,1789488000000,2026-09-15T16:00:00+00:00,99.32,99.4,98.83,99.04,23.048327137546593,101.11800000000001,98.76974447727687,101.90350000000001,0.9028571428571439,0.009116085852757914,22.962962962963047,1.4999999999999922,False,PLANNED_REWARD_TOO_LOW|CLOSE_NOT_NEAR_OR_BELOW_LOWER_BB|CLOSE_NOT_ABOVE_MA200|RSI_RECOVERY_NOT_CONFIRMED
2026-09-16T07:37:24.395516+00:00,SIE_OLD_MR_1R_EXHAUSTION_CONFIRM_V1,SOL,SOLUSDT,strategy-lab-v1.0.0:SIE_OLD_MR_1R_EXHAUSTION_CONFIRM_V1,1789491600000,2026-09-15T17:00:00+00:00,99.04,100.65,98.64,100.15,38.58784893267654,100.9665,98.78486506261939,101.881,0.9942857142857154,0.009927965195064557,23.048327137546593,1.500000000000007,False,RSI_NOT_BELOW_34|CLOSE_NOT_NEAR_OR_BELOW_LOWER_BB|CLOSE_NOT_ABOVE_MA200
2026-09-16T07:37:24.395516+00:00,SIE_OLD_MR_1R_EXHAUSTION_CONFIRM_V1,SOL,SOLUSDT,strategy-lab-v1.0.0:SIE_OLD_MR_1R_EXHAUSTION_CONFIRM_V1,1789495200000,2026-09-15T18:00:00+00:00,100.14,100.26,95.71,98.12,30.012771392081802,100.72999999999999,98.39616195934686,101.8466,1.277857142857145,0.013023411566012484,38.58784893267654,1.4999999999999944,False,PLANNED_REWARD_TOO_LOW|CLOSE_NOT_ABOVE_MA200|RSI_RECOVERY_NOT_CONFIRMED
2026-09-16T07:37:24.395516+00:00,SIE_OLD_MR_1R_EXHAUSTION_CONFIRM_V1,SOL,SOLUSDT,strategy-lab-v1.0.0:SIE_OLD_MR_1R_EXHAUSTION_CONFIRM_V1,1789498800000,2026-09-15T19:00:00+00:00,98.15,98.59,97.43,97.81,28.34158415841587,100.49449999999999,97.98662859181341,101.81105,1.3014285714285723,0.013305680108665497,30.012771392081802,1.5,False,CLOSE_NOT_ABOVE_MA200|RSI_RECOVERY_NOT_CONFIRMED
2026-09-16T07:37:24.395516+00:00,SIE_OLD_MR_1R_EXHAUSTION_CONFIRM_V1,SOL,SOLUSDT,strategy-lab-v1.0.0:SIE_OLD_MR_1R_EXHAUSTION_CONFIRM_V1,1789502400000,2026-09-15T20:00:00+00:00,97.81,98.01,96.58,97.37,28.411910669975256,100.2395,97.55597638355843,101.76929999999999,1.3421428571428586,0.0137839463607154,28.34158415841587,1.5000000000000053,False,CLOSE_NOT_ABOVE_MA200|RSI_RECOVERY_NOT_CONFIRMED
2026-09-16T07:37:24.395516+00:00,SIE_OLD_MR_1R_EXHAUSTION_CONFIRM_V1,SOL,SOLUSDT,strategy-lab-v1.0.0:SIE_OLD_MR_1R_EXHAUSTION_CONFIRM_V1,1789506000000,2026-09-15T21:00:00+00:00,97.37,97.37,96.46,96.47,26.877934272300507,99.95100000000001,96.96607186016152,101.7262,1.354285714285717,0.01403841312621247,28.411910669975256,1.5000000000000053,False,CLOSE_NOT_ABOVE_MA200|RSI_RECOVERY_NOT_CONFIRMED
2026-09-16T07:37:24.395516+00:00,SIE_OLD_MR_1R_EXHAUSTION_CONFIRM_V1,SOL,SOLUSDT,strategy-lab-v1.0.0:SIE_OLD_MR_1R_EXHAUSTION_CONFIRM_V1,1789509600000,2026-09-15T22:00:00+00:00,96.48,97.25,96.23,97.08,30.156950672645706,99.708,96.62078377822354,101.68835000000001,1.385000000000002,0.014266584260403812,26.877934272300507,1.500000000000005,False,CLOSE_NOT_NEAR_OR_BELOW_LOWER_BB|CLOSE_NOT_ABOVE_MA200
2026-09-16T07:37:24.395516+00:00,SIE_OLD_MR_1R_EXHAUSTION_CONFIRM_V1,SOL,SOLUSDT,strategy-lab-v1.0.0:SIE_OLD_MR_1R_EXHAUSTION_CONFIRM_V1,1789513200000,2026-09-15T23:00:00+00:00,97.06,97.61,96.81,96.82,27.968923418423913,99.47200000000001,96.26186230824914,101.65635,1.4000000000000017,0.014459822350753994,30.156950672645706,1.5,False,CLOSE_NOT_NEAR_OR_BELOW_LOWER_BB|CLOSE_NOT_ABOVE_MA200|RSI_RECOVERY_NOT_CONFIRMED
2026-09-16T07:37:24.395516+00:00,SIE_OLD_MR_1R_EXHAUSTION_CONFIRM_V1,SOL,SOLUSDT,strategy-lab-v1.0.0:SIE_OLD_MR_1R_EXHAUSTION_CONFIRM_V1,1789516800000,2026-09-16T00:00:00+00:00,96.82,97.27,96.76,97.0,28.287292817679543,99.2595,95.98623572713726,101.62205,1.4050000000000011,0.014484536082474238,27.968923418423913,1.5,False,CLOSE_NOT_NEAR_OR_BELOW_LOWER_BB|CLOSE_NOT_ABOVE_MA200
2026-09-16T07:37:24.395516+00:00,SIE_OLD_MR_1R_EXHAUSTION_CONFIRM_V1,SOL,SOLUSDT,strategy-lab-v1.0.0:SIE_OLD_MR_1R_EXHAUSTION_CONFIRM_V1,1789520400000,2026-09-16T01:00:00+00:00,97.01,97.25,96.32,96.42,26.89075630252104,99.015,95.66137807736179,101.5842,1.4292857142857156,0.014823539870210699,28.287292817679543,1.4999999999999951,False,PLANNED_REWARD_TOO_LOW|CLOSE_NOT_NEAR_OR_BELOW_LOWER_BB|CLOSE_NOT_ABOVE_MA200|RSI_RECOVERY_NOT_CONFIRMED
2026-09-16T07:37:24.395516+00:00,SIE_OLD_MR_1R_EXHAUSTION_CONFIRM_V1,SOL,SOLUSDT,strategy-lab-v1.0.0:SIE_OLD_MR_1R_EXHAUSTION_CONFIRM_V1,1789524000000,2026-09-16T02:00:00+00:00,96.42,97.53,96.37,97.18,31.360946745562188,98.8315,95.49801968657387,101.55055,1.4842857142857153,0.015273571869579288,26.89075630252104,1.4999999999999951,False,PLANNED_REWARD_TOO_LOW|CLOSE_NOT_NEAR_OR_BELOW_LOWER_BB|CLOSE_NOT_ABOVE_MA200
2026-09-16T07:37:24.395516+00:00,SIE_OLD_MR_1R_EXHAUSTION_CONFIRM_V1,SOL,SOLUSDT,strategy-lab-v1.0.0:SIE_OLD_MR_1R_EXHAUSTION_CONFIRM_V1,1789527600000,2026-09-16T03:00:00+00:00,97.17,97.53,96.96,97.19,32.852729145211114,98.67049999999999,95.34649954873655,101.51474999999999,1.4042857142857161,0.014448870401128883,31.360946745562188,1.5,False,CLOSE_NOT_NEAR_OR_BELOW_LOWER_BB|CLOSE_NOT_ABOVE_MA200
2026-09-16T07:37:24.395516+00:00,SIE_OLD_MR_1R_EXHAUSTION_CONFIRM_V1,SOL,SOLUSDT,strategy-lab-v1.0.0:SIE_OLD_MR_1R_EXHAUSTION_CONFIRM_V1,1789531200000,2026-09-16T04:00:00+00:00,97.19,97.65,96.8,97.2,40.00000000000004,98.4995,95.24306345064124,101.48035,1.2628571428571453,0.012992357436801907,32.852729145211114,1.5,False,RSI_NOT_BELOW_34|CLOSE_NOT_NEAR_OR_BELOW_LOWER_BB|CLOSE_NOT_ABOVE_MA200
2026-09-16T07:37:24.395516+00:00,SIE_OLD_MR_1R_EXHAUSTION_CONFIRM_V1,SOL,SOLUSDT,strategy-lab-v1.0.0:SIE_OLD_MR_1R_EXHAUSTION_CONFIRM_V1,1789534800000,2026-09-16T05:00:00+00:00,97.18,97.26,96.8,97.16,35.63829787234047,98.31800000000001,95.19035168217407,101.4468,1.2092857142857178,0.012446333000058851,40.00000000000004,1.4999999999999942,False,PLANNED_REWARD_TOO_LOW|RSI_NOT_BELOW_34|CLOSE_NOT_NEAR_OR_BELOW_LOWER_BB|CLOSE_NOT_ABOVE_MA200|RSI_RECOVERY_NOT_CONFIRMED
2026-09-16T07:37:24.395516+00:00,SIE_OLD_MR_1R_EXHAUSTION_CONFIRM_V1,SOL,SOLUSDT,strategy-lab-v1.0.0:SIE_OLD_MR_1R_EXHAUSTION_CONFIRM_V1,1789538400000,2026-09-16T06:00:00+00:00,97.17,97.34,96.8,97.3,38.21138211382112,98.1365,95.22219545174163,101.41564999999999,1.2071428571428606,0.012406401409484694,35.63829787234047,1.5,False,RSI_NOT_BELOW_34|CLOSE_NOT_NEAR_OR_BELOW_LOWER_BB|CLOSE_NOT_ABOVE_MA200
2026-09-16T07:37:24.395516+00:00,SIE_OLD_MR_1R_EXHAUSTION_CONFIRM_V1,SOL,SOLUSDT,strategy-lab-v1.0.0:SIE_OLD_MR_1R_EXHAUSTION_CONFIRM_V1,1789542000000,2026-09-16T07:00:00+00:00,97.31,97.47,96.97,97.03,26.146788990825712,97.947,95.27227309805293,101.38185000000001,1.0992857142857173,0.01132933849619414,38.21138211382112,1.5,False,CLOSE_NOT_NEAR_OR_BELOW_LOWER_BB|CLOSE_NOT_ABOVE_MA200|RSI_RECOVERY_NOT_CONFIRMED
2026-09-16T07:37:24.395516+00:00,SIE_OLD_MR_1R_EXHAUSTION_CONFIRM_V1,XRP,XRPUSDT,strategy-lab-v1.0.0:SIE_OLD_MR_1R_EXHAUSTION_CONFIRM_V1,1789326000000,2026-09-13T19:00:00+00:00,1.3582,1.3596,1.3529,1.3549,40.556368960468596,1.354225,1.3345448704272482,1.388737,0.008721428571428562,0.006436953702434543,45.94202898550737,1.5,False,RSI_NOT_BELOW_34|CLOSE_NOT_NEAR_OR_BELOW_LOWER_BB|CLOSE_NOT_ABOVE_MA200|RSI_RECOVERY_NOT_CONFIRMED
2026-09-16T07:37:24.395516+00:00,SIE_OLD_MR_1R_EXHAUSTION_CONFIRM_V1,XRP,XRPUSDT,strategy-lab-v1.0.0:SIE_OLD_MR_1R_EXHAUSTION_CONFIRM_V1,1789329600000,2026-09-13T20:00:00+00:00,1.3548,1.3617,1.3548,1.3606,50.07496251874063,1.3539,1.334877381883655,1.3884645,0.008542857142857138,0.006278742571554563,40.556368960468596,1.500000000000013,False,RSI_NOT_BELOW_34|CLOSE_NOT_NEAR_OR_BELOW_LOWER_BB|CLOSE_NOT_ABOVE_MA200
2026-09-16T07:37:24.395516+00:00,SIE_OLD_MR_1R_EXHAUSTION_CONFIRM_V1,XRP,XRPUSDT,strategy-lab-v1.0.0:SIE_OLD_MR_1R_EXHAUSTION_CONFIRM_V1,1789333200000,2026-09-13T21:00:00+00:00,1.3606,1.3623,1.3564,1.3569,49.48148148148154,1.353355,1.3353597256203107,1.388187,0.008607142857142844,0.006343240369329239,50.07496251874063,1.5000000000000129,False,RSI_NOT_BELOW_34|CLOSE_NOT_NEAR_OR_BELOW_LOWER_BB|CLOSE_NOT_ABOVE_MA200|RSI_RECOVERY_NOT_CONFIRMED
2026-09-16T07:37:24.395516+00:00,SIE_OLD_MR_1R_EXHAUSTION_CONFIRM_V1,XRP,XRPUSDT,strategy-lab-v1.0.0:SIE_OLD_MR_1R_EXHAUSTION_CONFIRM_V1,1789336800000,2026-09-13T22:00:00+00:00,1.3569,1.3569,1.3336,1.337,43.264248704663245,1.351825,1.3337313685236953,1.387799,0.009271428571428566,0.00693450154931082,49.48148148148154,1.5,False,RSI_NOT_BELOW_34|CLOSE_NOT_NEAR_OR_BELOW_LOWER_BB|CLOSE_NOT_ABOVE_MA200|RSI_RECOVERY_NOT_CONFIRMED
2026-09-16T07:37:24.395516+00:00,SIE_OLD_MR_1R_EXHAUSTION_CONFIRM_V1,XRP,XRPUSDT,strategy-lab-v1.0.0:SIE_OLD_MR_1R_EXHAUSTION_CONFIRM_V1,1789340400000,2026-09-13T23:00:00+00:00,1.3369,1.344,1.3368,1.3408,47.99999999999994,1.350695,1.3328124414582156,1.3874389999999999,0.008821428571428567,0.006579227753153764,43.264248704663245,1.4999999999999873,False,PLANNED_REWARD_TOO_LOW|RSI_NOT_BELOW_34|CLOSE_NOT_NEAR_OR_BELOW_LOWER_BB|CLOSE_NOT_ABOVE_MA200
2026-09-16T07:37:24.395516+00:00,SIE_OLD_MR_1R_EXHAUSTION_CONFIRM_V1,XRP,XRPUSDT,strategy-lab-v1.0.0:SIE_OLD_MR_1R_EXHAUSTION_CONFIRM_V1,1789344000000,2026-09-14T00:00:00+00:00,1.3406,1.3496,1.3346,1.3468,54.20326223337509,1.349845,1.3329458313813858,1.3870960000000003,0.009349999999999985,0.006942381942381931,47.99999999999994,1.5,False,RSI_NOT_BELOW_34|CLOSE_NOT_NEAR_OR_BELOW_LOWER_BB|CLOSE_NOT_ABOVE_MA200
2026-09-16T07:37:24.395516+00:00,SIE_OLD_MR_1R_EXHAUSTION_CONFIRM_V1,XRP,XRPUSDT,strategy-lab-v1.0.0:SIE_OLD_MR_1R_EXHAUSTION_CONFIRM_V1,1789347600000,2026-09-14T01:00:00+00:00,1.3468,1.3528,1.3376,1.3512,55.15970515970511,1.349015,1.3342259128070608,1.3867185,0.010050000000000003,0.007437833037300181,54.20326223337509,1.5,False,RSI_NOT_BELOW_34|CLOSE_NOT_NEAR_OR_BELOW_LOWER_BB|CLOSE_NOT_ABOVE_MA200
2026-09-16T07:37:24.395516+00:00,SIE_OLD_MR_1R_EXHAUSTION_CONFIRM_V1,XRP,XRPUSDT,strategy-lab-v1.0.0:SIE_OLD_MR_1R_EXHAUSTION_CONFIRM_V1,1789351200000,2026-09-14T02:00:00+00:00,1.3511,1.3732,1.3492,1.3698,65.26207605344283,1.34948,1.3328104349186802,1.3864765,0.011207142857142876,0.008181590638883688,55.15970515970511,1.49999999999999,False,PLANNED_REWARD_TOO_LOW|RSI_NOT_BELOW_34|CLOSE_NOT_NEAR_OR_BELOW_LOWER_BB|CLOSE_NOT_ABOVE_MA200
2026-09-16T07:37:24.395516+00:00,SIE_OLD_MR_1R_EXHAUSTION_CONFIRM_V1,XRP,XRPUSDT,strategy-lab-v1.0.0:SIE_OLD_MR_1R_EXHAUSTION_CONFIRM_V1,1789354800000,2026-09-14T03:00:00+00:00,1.3698,1.3802,1.3676,1.3717,65.26207605344283,1.3501850000000002,1.3311732904503477,1.3862545,0.011321428571428609,0.008253574813318225,65.26207605344283,1.5,False,RSI_NOT_BELOW_34|CLOSE_NOT_NEAR_OR_BELOW_LOWER_BB|CLOSE_NOT_ABOVE_MA200|RSI_RECOVERY_NOT_CONFIRMED
2026-09-16T07:37:24.395516+00:00,SIE_OLD_MR_1R_EXHAUSTION_CONFIRM_V1,XRP,XRPUSDT,strategy-lab-v1.0.0:SIE_OLD_MR_1R_EXHAUSTION_CONFIRM_V1,1789358400000,2026-09-14T04:00:00+00:00,1.372,1.3798,1.3707,1.3766,64.04255319148928,1.351645,1.3294883328318465,1.3860625,0.011092857142857158,0.008058155704530843,65.26207605344283,1.5,False,RSI_NOT_BELOW_34|CLOSE_NOT_NEAR_OR_BELOW_LOWER_BB|CLOSE_NOT_ABOVE_MA200|RSI_RECOVERY_NOT_CONFIRMED
2026-09-16T07:37:24.395516+00:00,SIE_OLD_MR_1R_EXHAUSTION_CONFIRM_V1,XRP,XRPUSDT,strategy-lab-v1.0.0:SIE_OLD_MR_1R_EXHAUSTION_CONFIRM_V1,1789362000000,2026-09-14T05:00:00+00:00,1.3766,1.3811,1.3738,1.3797,70.17738359201766,1.353435,1.3284645955178873,1.3858590000000002,0.01107142857142859,0.008024518787728195,64.04255319148928,1.49999999999999,False,PLANNED_REWARD_TOO_LOW|RSI_NOT_BELOW_34|CLOSE_NOT_NEAR_OR_BELOW_LOWER_BB|CLOSE_NOT_ABOVE_MA200
2026-09-16T07:37:24.395516+00:00,SIE_OLD_MR_1R_EXHAUSTION_CONFIRM_V1,XRP,XRPUSDT,strategy-lab-v1.0.0:SIE_OLD_MR_1R_EXHAUSTION_CONFIRM_V1,1789365600000,2026-09-14T06:00:00+00:00,1.3798,1.3883,1.374,1.3858,69.70720720720712,1.35572,1.3278529872429734,1.3857165,0.011500000000000019,0.00829845576562276,70.17738359201766,1.4999999999999905,False,PLANNED_REWARD_TOO_LOW|RSI_NOT_BELOW_34|CLOSE_NOT_NEAR_OR_BELOW_LOWER_BB|RSI_RECOVERY_NOT_CONFIRMED
2026-09-16T07:37:24.395516+00:00,SIE_OLD_MR_1R_EXHAUSTION_CONFIRM_V1,XRP,XRPUSDT,strategy-lab-v1.0.0:SIE_OLD_MR_1R_EXHAUSTION_CONFIRM_V1,1789369200000,2026-09-14T07:00:00+00:00,1.386,1.3902,1.384,1.3901,69.67305524238999,1.358085,1.3271462039665365,1.3856045000000001,0.011507142857142891,0.008277924506972801,69.70720720720712,1.5,False,RSI_NOT_BELOW_34|CLOSE_NOT_NEAR_OR_BELOW_LOWER_BB|RSI_RECOVERY_NOT_CONFIRMED
2026-09-16T07:37:24.395516+00:00,SIE_OLD_MR_1R_EXHAUSTION_CONFIRM_V1,XRP,XRPUSDT,strategy-lab-v1.0.0:SIE_OLD_MR_1R_EXHAUSTION_CONFIRM_V1,1789372800000,2026-09-14T08:00:00+00:00,1.3901,1.3931,1.3833,1.3847,64.54445664105377,1.360315,1.328466968663664,1.3854570000000002,0.011678571428571458,0.008434008397899515,69.67305524238999,1.5,False,RSI_NOT_BELOW_34|CLOSE_NOT_NEAR_OR_BELOW_LOWER_BB|CLOSE_NOT_ABOVE_MA200|RSI_RECOVERY_NOT_CONFIRMED
2026-09-16T07:37:24.395516+00:00,SIE_OLD_MR_1R_EXHAUSTION_CONFIRM_V1,XRP,XRPUSDT,strategy-lab-v1.0.0:SIE_OLD_MR_1R_EXHAUSTION_CONFIRM_V1,1789376400000,2026-09-14T09:00:00+00:00,1.3848,1.4094,1.3807,1.4022,72.4596391263058,1.3633250000000001,1.3278026197306516,1.3853795,0.01325000000000003,0.009449436599629176,64.54445664105377,1.5000000000000084,False,RSI_NOT_BELOW_34|CLOSE_NOT_NEAR_OR_BELOW_LOWER_BB
2026-09-16T07:37:24.395516+00:00,SIE_OLD_MR_1R_EXHAUSTION_CONFIRM_V1,XRP,XRPUSDT,strategy-lab-v1.0.0:SIE_OLD_MR_1R_EXHAUSTION_CONFIRM_V1,1789380000000,2026-09-14T10:00:00+00:00,1.4023,1.4083,1.393,1.3964,66.98292220113862,1.365635,1.3278880385328808,1.3852685,0.013850000000000045,0.00991836150100261,72.4596391263058,1.5,False,RSI_NOT_BELOW_34|CLOSE_NOT_NEAR_OR_BELOW_LOWER_BB|RSI_RECOVERY_NOT_CONFIRMED
2026-09-16T07:37:24.395516+00:00,SIE_OLD_MR_1R_EXHAUSTION_CONFIRM_V1,XRP,XRPUSDT,strategy-lab-v1.0.0:SIE_OLD_MR_1R_EXHAUSTION_CONFIRM_V1,1789383600000,2026-09-14T11:00:00+00:00,1.3965,1.406,1.3936,1.3982,69.9516908212562,1.36838,1.329559665122514,1.3851384999999998,0.014314285714285755,0.010237652491979513,66.98292220113862,1.5,False,RSI_NOT_BELOW_34|CLOSE_NOT_NEAR_OR_BELOW_LOWER_BB
2026-09-16T07:37:24.395516+00:00,SIE_OLD_MR_1R_EXHAUSTION_CONFIRM_V1,XRP,XRPUSDT,strategy-lab-v1.0.0:SIE_OLD_MR_1R_EXHAUSTION_CONFIRM_V1,1789387200000,2026-09-14T12:00:00+00:00,1.3978,1.4039,1.3915,1.3942,82.6484018264843,1.3705500000000002,1.3310568866762809,1.385008,0.013535714285714318,0.009708588642744454,69.9516908212562,1.5,False,RSI_NOT_BELOW_34|CLOSE_NOT_NEAR_OR_BELOW_LOWER_BB|RSI_RECOVERY_NOT_CONFIRMED
2026-09-16T07:37:24.395516+00:00,SIE_OLD_MR_1R_EXHAUSTION_CONFIRM_V1,XRP,XRPUSDT,strategy-lab-v1.0.0:SIE_OLD_MR_1R_EXHAUSTION_CONFIRM_V1,1789390800000,2026-09-14T13:00:00+00:00,1.3942,1.4029,1.3823,1.3943,81.88319427890374,1.3725049999999999,1.3323788750936485,1.384856,0.014492857142857165,0.010394360713517294,82.6484018264843,1.4999999999999925,False,PLANNED_REWARD_TOO_LOW|RSI_NOT_BELOW_34|CLOSE_NOT_NEAR_OR_BELOW_LOWER_BB|RSI_RECOVERY_NOT_CONFIRMED
2026-09-16T07:37:24.395516+00:00,SIE_OLD_MR_1R_EXHAUSTION_CONFIRM_V1,XRP,XRPUSDT,strategy-lab-v1.0.0:SIE_OLD_MR_1R_EXHAUSTION_CONFIRM_V1,1789394400000,2026-09-14T14:00:00+00:00,1.3938,1.4059,1.3937,1.3996,81.73076923076948,1.374575,1.3333576796115991,1.384762,0.014292857142857171,0.010212101416731331,81.88319427890374,1.5000000000000078,False,RSI_NOT_BELOW_34|CLOSE_NOT_NEAR_OR_BELOW_LOWER_BB|RSI_RECOVERY_NOT_CONFIRMED
2026-09-16T07:37:24.395516+00:00,SIE_OLD_MR_1R_EXHAUSTION_CONFIRM_V1,XRP,XRPUSDT,strategy-lab-v1.0.0:SIE_OLD_MR_1R_EXHAUSTION_CONFIRM_V1,1789398000000,2026-09-14T15:00:00+00:00,1.3993,1.4071,1.3919,1.4031,81.5309842041315,1.376985,1.3350213359559717,1.3846935,0.014292857142857171,0.01018662756956537,81.73076923076948,1.4999999999999922,False,PLANNED_REWARD_TOO_LOW|RSI_NOT_BELOW_34|CLOSE_NOT_NEAR_OR_BELOW_LOWER_BB|RSI_RECOVERY_NOT_CONFIRMED
2026-09-16T07:37:24.395516+00:00,SIE_OLD_MR_1R_EXHAUSTION_CONFIRM_V1,XRP,XRPUSDT,strategy-lab-v1.0.0:SIE_OLD_MR_1R_EXHAUSTION_CONFIRM_V1,1789401600000,2026-09-14T16:00:00+00:00,1.403,1.4225,1.4013,1.4191,80.92848180677571,1.37991,1.3348792593887238,1.384711,0.014092857142857176,0.009930841479005833,81.5309842041315,1.4999999999999922,False,PLANNED_REWARD_TOO_LOW|RSI_NOT_BELOW_34|CLOSE_NOT_NEAR_OR_BELOW_LOWER_BB|RSI_RECOVERY_NOT_CONFIRMED
2026-09-16T07:37:24.395516+00:00,SIE_OLD_MR_1R_EXHAUSTION_CONFIRM_V1,XRP,XRPUSDT,strategy-lab-v1.0.0:SIE_OLD_MR_1R_EXHAUSTION_CONFIRM_V1,1789405200000,2026-09-14T17:00:00+00:00,1.4189,1.44,1.4165,1.4342,83.63832077502715,1.383775,1.3342613301703459,1.384785,0.014871428571428582,0.010369145566468124,80.92848180677571,1.5000000000000075,False,RSI_NOT_BELOW_34|CLOSE_NOT_NEAR_OR_BELOW_LOWER_BB
2026-09-16T07:37:24.395516+00:00,SIE_OLD_MR_1R_EXHAUSTION_CONFIRM_V1,XRP,XRPUSDT,strategy-lab-v1.0.0:SIE_OLD_MR_1R_EXHAUSTION_CONFIRM_V1,1789408800000,2026-09-14T18:00:00+00:00,1.4345,1.4806,1.4299,1.4772,88.3969465648857,1.390785,1.331093215808204,1.3850635,0.01784285714285716,0.01207883640864958,83.63832077502715,1.4999999999999938,False,PLANNED_REWARD_TOO_LOW|RSI_NOT_BELOW_34|CLOSE_NOT_NEAR_OR_BELOW_LOWER_BB
2026-09-16T07:37:24.395516+00:00,SIE_OLD_MR_1R_EXHAUSTION_CONFIRM_V1,XRP,XRPUSDT,strategy-lab-v1.0.0:SIE_OLD_MR_1R_EXHAUSTION_CONFIRM_V1,1789412400000,2026-09-14T19:00:00+00:00,1.4772,1.4777,1.4538,1.4641,79.9290780141845,1.39695,1.3338120716209354,1.3852800000000003,0.019028571428571443,0.012996770322089641,88.3969465648857,1.5000000000000058,False,RSI_NOT_BELOW_34|CLOSE_NOT_NEAR_OR_BELOW_LOWER_BB|RSI_RECOVERY_NOT_CONFIRMED
2026-09-16T07:37:24.395516+00:00,SIE_OLD_MR_1R_EXHAUSTION_CONFIRM_V1,XRP,XRPUSDT,strategy-lab-v1.0.0:SIE_OLD_MR_1R_EXHAUSTION_CONFIRM_V1,1789416000000,2026-09-14T20:00:00+00:00,1.4642,1.4914,1.4626,1.4631,78.44002943340708,1.402765,1.3377780697755326,1.385503,0.02006428571428574,0.01371354364998,79.9290780141845,1.5,False,RSI_NOT_BELOW_34|CLOSE_NOT_NEAR_OR_BELOW_LOWER_BB|RSI_RECOVERY_NOT_CONFIRMED
2026-09-16T07:37:24.395516+00:00,SIE_OLD_MR_1R_EXHAUSTION_CONFIRM_V1,XRP,XRPUSDT,strategy-lab-v1.0.0:SIE_OLD_MR_1R_EXHAUSTION_CONFIRM_V1,1789419600000,2026-09-14T21:00:00+00:00,1.4631,1.4639,1.4416,1.4426,67.25838264299816,1.407335,1.3446824892761688,1.385634,0.021214285714285724,0.014705591095442758,78.44002943340708,1.5,False,RSI_NOT_BELOW_34|CLOSE_NOT_NEAR_OR_BELOW_LOWER_BB|RSI_RECOVERY_NOT_CONFIRMED
2026-09-16T07:37:24.395516+00:00,SIE_OLD_MR_1R_EXHAUSTION_CONFIRM_V1,XRP,XRPUSDT,strategy-lab-v1.0.0:SIE_OLD_MR_1R_EXHAUSTION_CONFIRM_V1,1789423200000,2026-09-14T22:00:00+00:00,1.4425,1.4523,1.4344,1.4351,66.3424124513619,1.4106,1.3493211292532268,1.3857590000000002,0.021792857142857152,0.015185601799775034,67.25838264299816,1.5,False,RSI_NOT_BELOW_34|CLOSE_NOT_NEAR_OR_BELOW_LOWER_BB|RSI_RECOVERY_NOT_CONFIRMED
2026-09-16T07:37:24.395516+00:00,SIE_OLD_MR_1R_EXHAUSTION_CONFIRM_V1,XRP,XRPUSDT,strategy-lab-v1.0.0:SIE_OLD_MR_1R_EXHAUSTION_CONFIRM_V1,1789426800000,2026-09-14T23:00:00+00:00,1.4352,1.4377,1.4181,1.4228,56.91275167785242,1.413155,1.354366277442015,1.385817,0.02114285714285716,0.014860034539539753,66.3424124513619,1.4999999999999947,False,PLANNED_REWARD_TOO_LOW|RSI_NOT_BELOW_34|CLOSE_NOT_NEAR_OR_BELOW_LOWER_BB|RSI_RECOVERY_NOT_CONFIRMED
2026-09-16T07:37:24.395516+00:00,SIE_OLD_MR_1R_EXHAUSTION_CONFIRM_V1,XRP,XRPUSDT,strategy-lab-v1.0.0:SIE_OLD_MR_1R_EXHAUSTION_CONFIRM_V1,1789430400000,2026-09-15T00:00:00+00:00,1.4228,1.4269,1.4155,1.4192,57.765667574931854,1.415285,1.3589110600986616,1.3858515,0.02086428571428573,0.01470144145595105,56.91275167785242,1.4999999999999947,False,PLANNED_REWARD_TOO_LOW|RSI_NOT_BELOW_34|CLOSE_NOT_NEAR_OR_BELOW_LOWER_BB|RSI_RECOVERY_NOT_CONFIRMED
2026-09-16T07:37:24.395516+00:00,SIE_OLD_MR_1R_EXHAUSTION_CONFIRM_V1,XRP,XRPUSDT,strategy-lab-v1.0.0:SIE_OLD_MR_1R_EXHAUSTION_CONFIRM_V1,1789434000000,2026-09-15T01:00:00+00:00,1.4192,1.4258,1.415,1.4221,58.07978363759291,1.417405,1.3634043157450788,1.3859164999999998,0.020750000000000015,0.014591097672456237,57.765667574931854,1.5,False,RSI_NOT_BELOW_34|CLOSE_NOT_NEAR_OR_BELOW_LOWER_BB
2026-09-16T07:37:24.395516+00:00,SIE_OLD_MR_1R_EXHAUSTION_CONFIRM_V1,XRP,XRPUSDT,strategy-lab-v1.0.0:SIE_OLD_MR_1R_EXHAUSTION_CONFIRM_V1,1789437600000,2026-09-15T02:00:00+00:00,1.4221,1.4303,1.4219,1.4231,59.972394755003414,1.41927,1.3672231710860339,1.3859685,0.02046428571428573,0.014380075689892299,58.07978363759291,1.4999999999999947,False,PLANNED_REWARD_TOO_LOW|RSI_NOT_BELOW_34|CLOSE_NOT_NEAR_OR_BELOW_LOWER_BB
2026-09-16T07:37:24.395516+00:00,SIE_OLD_MR_1R_EXHAUSTION_CONFIRM_V1,XRP,XRPUSDT,strategy-lab-v1.0.0:SIE_OLD_MR_1R_EXHAUSTION_CONFIRM_V1,1789441200000,2026-09-15T03:00:00+00:00,1.4229,1.4229,1.4114,1.4161,57.18050065876146,1.42057,1.3702317004657523,1.385999,0.01982857142857145,0.014002239551282714,59.972394755003414,1.5,False,RSI_NOT_BELOW_34|CLOSE_NOT_NEAR_OR_BELOW_LOWER_BB|RSI_RECOVERY_NOT_CONFIRMED
2026-09-16T07:37:24.395516+00:00,SIE_OLD_MR_1R_EXHAUSTION_CONFIRM_V1,XRP,XRPUSDT,strategy-lab-v1.0.0:SIE_OLD_MR_1R_EXHAUSTION_CONFIRM_V1,1789444800000,2026-09-15T04:00:00+00:00,1.4156,1.4182,1.4084,1.4134,54.62466487935658,1.422005,1.3742697101192456,1.3859540000000001,0.019657142857142866,0.013907699771574123,57.18050065876146,1.5000000000000056,False,RSI_NOT_BELOW_34|CLOSE_NOT_NEAR_OR_BELOW_LOWER_BB|RSI_RECOVERY_NOT_CONFIRMED
2026-09-16T07:37:24.395516+00:00,SIE_OLD_MR_1R_EXHAUSTION_CONFIRM_V1,XRP,XRPUSDT,strategy-lab-v1.0.0:SIE_OLD_MR_1R_EXHAUSTION_CONFIRM_V1,1789448400000,2026-09-15T05:00:00+00:00,1.4132,1.4137,1.4001,1.4081,51.6556291390728,1.4223,1.3749868728575287,1.3858695,0.019542857142857147,0.013878884413647574,54.62466487935658,1.5,False,RSI_NOT_BELOW_34|CLOSE_NOT_NEAR_OR_BELOW_LOWER_BB|RSI_RECOVERY_NOT_CONFIRMED
2026-09-16T07:37:24.395516+00:00,SIE_OLD_MR_1R_EXHAUSTION_CONFIRM_V1,XRP,XRPUSDT,strategy-lab-v1.0.0:SIE_OLD_MR_1R_EXHAUSTION_CONFIRM_V1,1789452000000,2026-09-15T06:00:00+00:00,1.4081,1.4105,1.3957,1.3995,43.17548746518104,1.422455,1.3754630655856812,1.3857735,0.019085714285714293,0.013637523605369269,51.6556291390728,1.4999999999999942,False,PLANNED_REWARD_TOO_LOW|RSI_NOT_BELOW_34|CLOSE_NOT_NEAR_OR_BELOW_LOWER_BB|RSI_RECOVERY_NOT_CONFIRMED
2026-09-16T07:37:24.395516+00:00,SIE_OLD_MR_1R_EXHAUSTION_CONFIRM_V1,XRP,XRPUSDT,strategy-lab-v1.0.0:SIE_OLD_MR_1R_EXHAUSTION_CONFIRM_V1,1789455600000,2026-09-15T07:00:00+00:00,1.3994,1.4038,1.3914,1.3934,34.84398216939083,1.422215,1.3746840721740081,1.3856229999999998,0.01829285714285716,0.013128216695031692,43.17548746518104,1.500000000000006,False,RSI_NOT_BELOW_34|CLOSE_NOT_NEAR_OR_BELOW_LOWER_BB|RSI_RECOVERY_NOT_CONFIRMED
2026-09-16T07:37:24.395516+00:00,SIE_OLD_MR_1R_EXHAUSTION_CONFIRM_V1,XRP,XRPUSDT,strategy-lab-v1.0.0:SIE_OLD_MR_1R_EXHAUSTION_CONFIRM_V1,1789459200000,2026-09-15T08:00:00+00:00,1.3935,1.3976,1.3853,1.3975,8.359456635318693,1.42238,1.3752177439046895,1.3855200000000003,0.015550000000000017,0.011127012522361372,34.84398216939083,1.499999999999993,False,PLANNED_REWARD_TOO_LOW|CLOSE_NOT_NEAR_OR_BELOW_LOWER_BB|RSI_RECOVERY_NOT_CONFIRMED
2026-09-16T07:37:24.395516+00:00,SIE_OLD_MR_1R_EXHAUSTION_CONFIRM_V1,XRP,XRPUSDT,strategy-lab-v1.0.0:SIE_OLD_MR_1R_EXHAUSTION_CONFIRM_V1,1789462800000,2026-09-15T09:00:00+00:00,1.3973,1.4063,1.3952,1.4017,14.055299539170505,1.4227500000000002,1.3763650239840568,1.3854954999999998,0.014635714285714307,0.010441402786412434,8.359456635318693,1.5,False,CLOSE_NOT_NEAR_OR_BELOW_LOWER_BB
2026-09-16T07:37:24.395516+00:00,SIE_OLD_MR_1R_EXHAUSTION_CONFIRM_V1,XRP,XRPUSDT,strategy-lab-v1.0.0:SIE_OLD_MR_1R_EXHAUSTION_CONFIRM_V1,1789466400000,2026-09-15T10:00:00+00:00,1.4018,1.4041,1.3967,1.4019,14.418604651162738,1.4228649999999998,1.3766992865321064,1.385436,0.013107142857142857,0.009349556214525186,14.055299539170505,1.5,False,CLOSE_NOT_NEAR_OR_BELOW_LOWER_BB
2026-09-16T07:37:24.395516+00:00,SIE_OLD_MR_1R_EXHAUSTION_CONFIRM_V1,XRP,XRPUSDT,strategy-lab-v1.0.0:SIE_OLD_MR_1R_EXHAUSTION_CONFIRM_V1,1789470000000,2026-09-15T11:00:00+00:00,1.4019,1.4031,1.3925,1.4005,18.53512705530639,1.4227349999999999,1.3763333502448496,1.3854080000000002,0.012271428571428569,0.008762176773601263,14.418604651162738,1.500000000000009,False,CLOSE_NOT_NEAR_OR_BELOW_LOWER_BB|RSI_RECOVERY_NOT_CONFIRMED
2026-09-16T07:37:24.395516+00:00,SIE_OLD_MR_1R_EXHAUSTION_CONFIRM_V1,XRP,XRPUSDT,strategy-lab-v1.0.0:SIE_OLD_MR_1R_EXHAUSTION_CONFIRM_V1,1789473600000,2026-09-15T12:00:00+00:00,1.4004,1.422,1.399,1.4164,37.58300132802127,1.4225999999999999,1.3761411579997989,1.3854585,0.012635714285714274,0.008921006979465034,18.53512705530639,1.4999999999999911,False,PLANNED_REWARD_TOO_LOW|RSI_NOT_BELOW_34|CLOSE_NOT_NEAR_OR_BELOW_LOWER_BB
2026-09-16T07:37:24.395516+00:00,SIE_OLD_MR_1R_EXHAUSTION_CONFIRM_V1,XRP,XRPUSDT,strategy-lab-v1.0.0:SIE_OLD_MR_1R_EXHAUSTION_CONFIRM_V1,1789477200000,2026-09-15T13:00:00+00:00,1.4164,1.4593,1.3935,1.4145,43.605546995377516,1.4216149999999999,1.375346726853062,1.385492,0.015935714285714275,0.01126596980255516,37.58300132802127,1.5,False,RSI_NOT_BELOW_34|CLOSE_NOT_NEAR_OR_BELOW_LOWER_BB|RSI_RECOVERY_NOT_CONFIRMED
2026-09-16T07:37:24.395516+00:00,SIE_OLD_MR_1R_EXHAUSTION_CONFIRM_V1,XRP,XRPUSDT,strategy-lab-v1.0.0:SIE_OLD_MR_1R_EXHAUSTION_CONFIRM_V1,1789480800000,2026-09-15T14:00:00+00:00,1.4142,1.4165,1.3715,1.384,30.82788671023961,1.416955,1.3754950205016971,1.3853685000000002,0.01833571428571428,0.01324834847233691,43.605546995377516,1.499999999999994,False,PLANNED_REWARD_TOO_LOW|CLOSE_NOT_NEAR_OR_BELOW_LOWER_BB|CLOSE_NOT_ABOVE_MA200|RSI_RECOVERY_NOT_CONFIRMED
2026-09-16T07:37:24.395516+00:00,SIE_OLD_MR_1R_EXHAUSTION_CONFIRM_V1,XRP,XRPUSDT,strategy-lab-v1.0.0:SIE_OLD_MR_1R_EXHAUSTION_CONFIRM_V1,1789484400000,2026-09-15T15:00:00+00:00,1.3837,1.3971,1.3796,1.3888,32.230522945571096,1.41319,1.3760922965670417,1.385318,0.01881428571428572,0.01354715273206057,30.82788671023961,1.500000000000006,False,CLOSE_NOT_NEAR_OR_BELOW_LOWER_BB
2026-09-16T07:37:24.395516+00:00,SIE_OLD_MR_1R_EXHAUSTION_CONFIRM_V1,XRP,XRPUSDT,strategy-lab-v1.0.0:SIE_OLD_MR_1R_EXHAUSTION_CONFIRM_V1,1789488000000,2026-09-15T16:00:00+00:00,1.3892,1.3922,1.3809,1.3867,30.801687763713133,1.40937,1.3783859331268513,1.3852335,0.019021428571428585,0.01371704663692838,32.230522945571096,1.5,False,CLOSE_NOT_NEAR_OR_BELOW_LOWER_BB|RSI_RECOVERY_NOT_CONFIRMED
2026-09-16T07:37:24.395516+00:00,SIE_OLD_MR_1R_EXHAUSTION_CONFIRM_V1,XRP,XRPUSDT,strategy-lab-v1.0.0:SIE_OLD_MR_1R_EXHAUSTION_CONFIRM_V1,1789491600000,2026-09-15T17:00:00+00:00,1.3866,1.413,1.378,1.4042,44.349477682811,1.40745,1.3804358185391494,1.3852705,0.020685714285714307,0.014731316255315702,30.801687763713133,1.5000000000000053,False,RSI_NOT_BELOW_34|CLOSE_NOT_NEAR_OR_BELOW_LOWER_BB
2026-09-16T07:37:24.395516+00:00,SIE_OLD_MR_1R_EXHAUSTION_CONFIRM_V1,XRP,XRPUSDT,strategy-lab-v1.0.0:SIE_OLD_MR_1R_EXHAUSTION_CONFIRM_V1,1789495200000,2026-09-15T18:00:00+00:00,1.404,1.4065,1.2864,1.3241,25.56102900930486,1.4019,1.3589687060525795,1.3848965000000002,0.028564285714285757,0.021572604572378036,44.349477682811,1.5,False,CLOSE_NOT_ABOVE_MA200|RSI_RECOVERY_NOT_CONFIRMED
2026-09-16T07:37:24.395516+00:00,SIE_OLD_MR_1R_EXHAUSTION_CONFIRM_V1,XRP,XRPUSDT,strategy-lab-v1.0.0:SIE_OLD_MR_1R_EXHAUSTION_CONFIRM_V1,1789498800000,2026-09-15T19:00:00+00:00,1.3245,1.3281,1.2923,1.2947,22.582205029013537,1.395495,1.3331250881834846,1.3843755,0.03015000000000004,0.0232872480111223,25.56102900930486,1.5000000000000038,False,CLOSE_NOT_ABOVE_MA200|RSI_RECOVERY_NOT_CONFIRMED
2026-09-16T07:37:24.395516+00:00,SIE_OLD_MR_1R_EXHAUSTION_CONFIRM_V1,XRP,XRPUSDT,strategy-lab-v1.0.0:SIE_OLD_MR_1R_EXHAUSTION_CONFIRM_V1,1789502400000,2026-09-15T20:00:00+00:00,1.295,1.3017,1.2634,1.2929,23.34999999999998,1.38918,1.313527832813594,1.3837805,0.03182857142857146,0.02461796846513378,22.582205029013537,1.5,False,CLOSE_NOT_ABOVE_MA200|RSI_RECOVERY_NOT_CONFIRMED
2026-09-16T07:37:24.395516+00:00,SIE_OLD_MR_1R_EXHAUSTION_CONFIRM_V1,XRP,XRPUSDT,strategy-lab-v1.0.0:SIE_OLD_MR_1R_EXHAUSTION_CONFIRM_V1,1789506000000,2026-09-15T21:00:00+00:00,1.2926,1.2971,1.2756,1.2765,22.20637184973846,1.3819,1.2933908592291166,1.3831485,0.032478571428571454,0.025443455878238506,23.34999999999998,1.5,False,CLOSE_NOT_ABOVE_MA200|RSI_RECOVERY_NOT_CONFIRMED
2026-09-16T07:37:24.395516+00:00,SIE_OLD_MR_1R_EXHAUSTION_CONFIRM_V1,XRP,XRPUSDT,strategy-lab-v1.0.0:SIE_OLD_MR_1R_EXHAUSTION_CONFIRM_V1,1789509600000,2026-09-15T22:00:00+00:00,1.2764,1.2901,1.2742,1.2882,24.919687930243242,1.375155,1.2799271789601374,1.3825975,0.03273571428571431,0.025411981280635237,22.20637184973846,1.5,False,CLOSE_NOT_NEAR_OR_BELOW_LOWER_BB|CLOSE_NOT_ABOVE_MA200
2026-09-16T07:37:24.395516+00:00,SIE_OLD_MR_1R_EXHAUSTION_CONFIRM_V1,XRP,XRPUSDT,strategy-lab-v1.0.0:SIE_OLD_MR_1R_EXHAUSTION_CONFIRM_V1,1789513200000,2026-09-15T23:00:00+00:00,1.2881,1.2974,1.2817,1.2823,22.814207650273232,1.368465,1.2670824319717626,1.382091,0.033064285714285734,0.025785140539878137,24.919687930243242,1.5000000000000033,False,CLOSE_NOT_NEAR_OR_BELOW_LOWER_BB|CLOSE_NOT_ABOVE_MA200|RSI_RECOVERY_NOT_CONFIRMED
2026-09-16T07:37:24.395516+00:00,SIE_OLD_MR_1R_EXHAUSTION_CONFIRM_V1,XRP,XRPUSDT,strategy-lab-v1.0.0:SIE_OLD_MR_1R_EXHAUSTION_CONFIRM_V1,1789516800000,2026-09-16T00:00:00+00:00,1.2826,1.2899,1.2804,1.286,24.02510085163607,1.3620949999999998,1.2568696138044613,1.3815435,0.03321428571428575,0.025827593868029356,22.814207650273232,1.5,False,CLOSE_NOT_NEAR_OR_BELOW_LOWER_BB|CLOSE_NOT_ABOVE_MA200
2026-09-16T07:37:24.395516+00:00,SIE_OLD_MR_1R_EXHAUSTION_CONFIRM_V1,XRP,XRPUSDT,strategy-lab-v1.0.0:SIE_OLD_MR_1R_EXHAUSTION_CONFIRM_V1,1789520400000,2026-09-16T01:00:00+00:00,1.2859,1.2894,1.2731,1.2745,22.984562607204126,1.355415,1.2458468609266349,1.380925,0.03362142857142863,0.026380093033682724,24.02510085163607,1.5,False,CLOSE_NOT_NEAR_OR_BELOW_LOWER_BB|CLOSE_NOT_ABOVE_MA200|RSI_RECOVERY_NOT_CONFIRMED
2026-09-16T07:37:24.395516+00:00,SIE_OLD_MR_1R_EXHAUSTION_CONFIRM_V1,XRP,XRPUSDT,strategy-lab-v1.0.0:SIE_OLD_MR_1R_EXHAUSTION_CONFIRM_V1,1789524000000,2026-09-16T02:00:00+00:00,1.2745,1.2986,1.274,1.2884,22.318339100346037,1.34986,1.238544010133313,1.3803935,0.03373571428571435,0.02618419301902697,22.984562607204126,1.5000000000000033,False,CLOSE_NOT_NEAR_OR_BELOW_LOWER_BB|CLOSE_NOT_ABOVE_MA200|RSI_RECOVERY_NOT_CONFIRMED
2026-09-16T07:37:24.395516+00:00,SIE_OLD_MR_1R_EXHAUSTION_CONFIRM_V1,XRP,XRPUSDT,strategy-lab-v1.0.0:SIE_OLD_MR_1R_EXHAUSTION_CONFIRM_V1,1789527600000,2026-09-16T03:00:00+00:00,1.2883,1.2993,1.2878,1.2962,25.052720371151437,1.345,1.2332256558954586,1.379866,0.029857142857142898,0.023034364185421152,22.318339100346037,1.5,False,CLOSE_NOT_NEAR_OR_BELOW_LOWER_BB|CLOSE_NOT_ABOVE_MA200
2026-09-16T07:37:24.395516+00:00,SIE_OLD_MR_1R_EXHAUSTION_CONFIRM_V1,XRP,XRPUSDT,strategy-lab-v1.0.0:SIE_OLD_MR_1R_EXHAUSTION_CONFIRM_V1,1789531200000,2026-09-16T04:00:00+00:00,1.2964,1.3119,1.2952,1.3,30.038022813688258,1.340125,1.2294353821489996,1.3793739999999999,0.027835714285714328,0.021412087912087943,25.052720371151437,1.500000000000004,False,CLOSE_NOT_NEAR_OR_BELOW_LOWER_BB|CLOSE_NOT_ABOVE_MA200
2026-09-16T07:37:24.395516+00:00,SIE_OLD_MR_1R_EXHAUSTION_CONFIRM_V1,XRP,XRPUSDT,strategy-lab-v1.0.0:SIE_OLD_MR_1R_EXHAUSTION_CONFIRM_V1,1789534800000,2026-09-16T05:00:00+00:00,1.2999,1.3007,1.2913,1.2966,27.942583732057415,1.33487,1.226415768178459,1.3788745,0.0272571428571429,0.021022013618034012,30.038022813688258,1.499999999999996,False,PLANNED_REWARD_TOO_LOW|CLOSE_NOT_NEAR_OR_BELOW_LOWER_BB|CLOSE_NOT_ABOVE_MA200|RSI_RECOVERY_NOT_CONFIRMED
2026-09-16T07:37:24.395516+00:00,SIE_OLD_MR_1R_EXHAUSTION_CONFIRM_V1,XRP,XRPUSDT,strategy-lab-v1.0.0:SIE_OLD_MR_1R_EXHAUSTION_CONFIRM_V1,1789538400000,2026-09-16T06:00:00+00:00,1.2964,1.2986,1.288,1.2966,28.22619623006281,1.3296050000000001,1.2245062183705224,1.3784165000000002,0.02720714285714289,0.020983451224080588,27.942583732057415,1.499999999999996,False,PLANNED_REWARD_TOO_LOW|CLOSE_NOT_NEAR_OR_BELOW_LOWER_BB|CLOSE_NOT_ABOVE_MA200
2026-09-16T07:37:24.395516+00:00,SIE_OLD_MR_1R_EXHAUSTION_CONFIRM_V1,XRP,XRPUSDT,strategy-lab-v1.0.0:SIE_OLD_MR_1R_EXHAUSTION_CONFIRM_V1,1789542000000,2026-09-16T07:00:00+00:00,1.2968,1.3005,1.2883,1.2891,20.771965464702944,1.3240349999999999,1.2228195609602925,1.3778800000000002,0.02557857142857145,0.0198421933353281,28.22619623006281,1.5,False,CLOSE_NOT_NEAR_OR_BELOW_LOWER_BB|CLOSE_NOT_ABOVE_MA200|RSI_RECOVERY_NOT_CONFIRMED
2026-09-16T07:37:24.395516+00:00,SIE_OLD_MR_1R_EXHAUSTION_CONFIRM_V1,DOGE,DOGEUSDT,strategy-lab-v1.0.0:SIE_OLD_MR_1R_EXHAUSTION_CONFIRM_V1,1789326000000,2026-09-13T19:00:00+00:00,0.08453,0.0846,0.08408,0.08414,41.545893719806834,0.0841315,0.08297596938595281,0.08737925,0.0005099999999999995,0.006061326360827186,47.93814432989699,1.5000000000000135,False,RSI_NOT_BELOW_34|CLOSE_NOT_NEAR_OR_BELOW_LOWER_BB|CLOSE_NOT_ABOVE_MA200|RSI_RECOVERY_NOT_CONFIRMED
2026-09-16T07:37:24.395516+00:00,SIE_OLD_MR_1R_EXHAUSTION_CONFIRM_V1,DOGE,DOGEUSDT,strategy-lab-v1.0.0:SIE_OLD_MR_1R_EXHAUSTION_CONFIRM_V1,1789329600000,2026-09-13T20:00:00+00:00,0.08415,0.08448,0.08415,0.08442,50.25125628140693,0.0841105,0.08299258274009198,0.08736464999999999,0.0004921428571428557,0.005829695062104427,41.545893719806834,1.5,False,RSI_NOT_BELOW_34|CLOSE_NOT_NEAR_OR_BELOW_LOWER_BB|CLOSE_NOT_ABOVE_MA200
2026-09-16T07:37:24.395516+00:00,SIE_OLD_MR_1R_EXHAUSTION_CONFIRM_V1,DOGE,DOGEUSDT,strategy-lab-v1.0.0:SIE_OLD_MR_1R_EXHAUSTION_CONFIRM_V1,1789333200000,2026-09-13T21:00:00+00:00,0.08446,0.08446,0.08395,0.08396,47.73269689737474,0.084059,0.08301546945420832,0.0873481,0.0004964285714285693,0.005912679507248324,50.25125628140693,1.5,False,RSI_NOT_BELOW_34|CLOSE_NOT_NEAR_OR_BELOW_LOWER_BB|CLOSE_NOT_ABOVE_MA200|RSI_RECOVERY_NOT_CONFIRMED
2026-09-16T07:37:24.395516+00:00,SIE_OLD_MR_1R_EXHAUSTION_CONFIRM_V1,DOGE,DOGEUSDT,strategy-lab-v1.0.0:SIE_OLD_MR_1R_EXHAUSTION_CONFIRM_V1,1789336800000,2026-09-13T22:00:00+00:00,0.08394,0.08394,0.08206,0.08224,37.80718336483926,0.0839245,0.0826889357564253,0.08732059999999998,0.0005585714285714281,0.0067919677598665875,47.73269689737474,1.4999999999999876,False,PLANNED_REWARD_TOO_LOW|RSI_NOT_BELOW_34|CLOSE_NOT_ABOVE_MA200|RSI_RECOVERY_NOT_CONFIRMED
2026-09-16T07:37:24.395516+00:00,SIE_OLD_MR_1R_EXHAUSTION_CONFIRM_V1,DOGE,DOGEUSDT,strategy-lab-v1.0.0:SIE_OLD_MR_1R_EXHAUSTION_CONFIRM_V1,1789340400000,2026-09-13T23:00:00+00:00,0.08225,0.08272,0.08213,0.08247,39.743589743589745,0.08381350000000001,0.0824781157856256,0.08729490000000001,0.0005592857142857136,0.006781686847165194,37.80718336483926,1.5,False,RSI_NOT_BELOW_34|CLOSE_NOT_ABOVE_MA200
2026-09-16T07:37:24.395516+00:00,SIE_OLD_MR_1R_EXHAUSTION_CONFIRM_V1,DOGE,DOGEUSDT,strategy-lab-v1.0.0:SIE_OLD_MR_1R_EXHAUSTION_CONFIRM_V1,1789344000000,2026-09-14T00:00:00+00:00,0.08245,0.08284,0.08189,0.08264,43.82022471910116,0.0837105,0.08234702686128387,0.08726815,0.0005992857142857129,0.007251763241598655,39.743589743589745,1.5,False,RSI_NOT_BELOW_34|CLOSE_NOT_NEAR_OR_BELOW_LOWER_BB|CLOSE_NOT_ABOVE_MA200
2026-09-16T07:37:24.395516+00:00,SIE_OLD_MR_1R_EXHAUSTION_CONFIRM_V1,DOGE,DOGEUSDT,strategy-lab-v1.0.0:SIE_OLD_MR_1R_EXHAUSTION_CONFIRM_V1,1789347600000,2026-09-14T01:00:00+00:00,0.0826,0.08312,0.0823,0.08309,46.043165467625926,0.083623,0.0823383662000397,0.08721235,0.0006328571428571414,0.007616525970118443,43.82022471910116,1.4999999999999891,False,PLANNED_REWARD_TOO_LOW|RSI_NOT_BELOW_34|CLOSE_NOT_NEAR_OR_BELOW_LOWER_BB|CLOSE_NOT_ABOVE_MA200
2026-09-16T07:37:24.395516+00:00,SIE_OLD_MR_1R_EXHAUSTION_CONFIRM_V1,DOGE,DOGEUSDT,strategy-lab-v1.0.0:SIE_OLD_MR_1R_EXHAUSTION_CONFIRM_V1,1789351200000,2026-09-14T02:00:00+00:00,0.08309,0.0842,0.08301,0.08404,54.84375000000008,0.083605,0.08235479201730254,0.08717360000000002,0.0006949999999999982,0.008269871489766756,46.043165467625926,1.5,False,RSI_NOT_BELOW_34|CLOSE_NOT_NEAR_OR_BELOW_LOWER_BB|CLOSE_NOT_ABOVE_MA200
2026-09-16T07:37:24.395516+00:00,SIE_OLD_MR_1R_EXHAUSTION_CONFIRM_V1,DOGE,DOGEUSDT,strategy-lab-v1.0.0:SIE_OLD_MR_1R_EXHAUSTION_CONFIRM_V1,1789354800000,2026-09-14T03:00:00+00:00,0.08405,0.08427,0.08371,0.08389,53.751914241960215,0.083592,0.08235944817553158,0.08713915,0.0006907142857142835,0.008233571173134861,54.84375000000008,1.49999999999999,False,PLANNED_REWARD_TOO_LOW|RSI_NOT_BELOW_34|CLOSE_NOT_NEAR_OR_BELOW_LOWER_BB|CLOSE_NOT_ABOVE_MA200|RSI_RECOVERY_NOT_CONFIRMED
2026-09-16T07:37:24.395516+00:00,SIE_OLD_MR_1R_EXHAUSTION_CONFIRM_V1,DOGE,DOGEUSDT,strategy-lab-v1.0.0:SIE_OLD_MR_1R_EXHAUSTION_CONFIRM_V1,1789358400000,2026-09-14T04:00:00+00:00,0.08388,0.08415,0.08379,0.08401,51.910828025477734,0.083616,0.08237058601260447,0.08710575000000001,0.0006814285714285689,0.008111279269474693,53.751914241960215,1.4999999999999898,False,PLANNED_REWARD_TOO_LOW|RSI_NOT_BELOW_34|CLOSE_NOT_NEAR_OR_BELOW_LOWER_BB|CLOSE_NOT_ABOVE_MA200|RSI_RECOVERY_NOT_CONFIRMED
2026-09-16T07:37:24.395516+00:00,SIE_OLD_MR_1R_EXHAUSTION_CONFIRM_V1,DOGE,DOGEUSDT,strategy-lab-v1.0.0:SIE_OLD_MR_1R_EXHAUSTION_CONFIRM_V1,1789362000000,2026-09-14T05:00:00+00:00,0.08402,0.08427,0.08391,0.08419,55.753646677471664,0.083646,0.08237587559664401,0.0870737,0.0006828571428571408,0.008110905604669684,51.910828025477734,1.5000000000000102,False,RSI_NOT_BELOW_34|CLOSE_NOT_NEAR_OR_BELOW_LOWER_BB|CLOSE_NOT_ABOVE_MA200
2026-09-16T07:37:24.395516+00:00,SIE_OLD_MR_1R_EXHAUSTION_CONFIRM_V1,DOGE,DOGEUSDT,strategy-lab-v1.0.0:SIE_OLD_MR_1R_EXHAUSTION_CONFIRM_V1,1789365600000,2026-09-14T06:00:00+00:00,0.08421,0.08457,0.08405,0.08428,52.76816608996529,0.08369499999999999,0.08240656684302196,0.08704445,0.0006835714285714273,0.008110719370804785,55.753646677471664,1.5,False,RSI_NOT_BELOW_34|CLOSE_NOT_NEAR_OR_BELOW_LOWER_BB|CLOSE_NOT_ABOVE_MA200|RSI_RECOVERY_NOT_CONFIRMED
2026-09-16T07:37:24.395516+00:00,SIE_OLD_MR_1R_EXHAUSTION_CONFIRM_V1,DOGE,DOGEUSDT,strategy-lab-v1.0.0:SIE_OLD_MR_1R_EXHAUSTION_CONFIRM_V1,1789369200000,2026-09-14T07:00:00+00:00,0.08428,0.08444,0.08414,0.08433,49.067164179104445,0.083735,0.0824201387905941,0.08701755,0.0006571428571428561,0.007792515796784728,52.76816608996529,1.5,False,RSI_NOT_BELOW_34|CLOSE_NOT_NEAR_OR_BELOW_LOWER_BB|CLOSE_NOT_ABOVE_MA200|RSI_RECOVERY_NOT_CONFIRMED
2026-09-16T07:37:24.395516+00:00,SIE_OLD_MR_1R_EXHAUSTION_CONFIRM_V1,DOGE,DOGEUSDT,strategy-lab-v1.0.0:SIE_OLD_MR_1R_EXHAUSTION_CONFIRM_V1,1789372800000,2026-09-14T08:00:00+00:00,0.0843,0.08454,0.08402,0.08412,46.15384615384612,0.08377,0.08245327679446272,0.08698684999999999,0.0006742857142857135,0.008015759798926695,49.067164179104445,1.5,False,RSI_NOT_BELOW_34|CLOSE_NOT_NEAR_OR_BELOW_LOWER_BB|CLOSE_NOT_ABOVE_MA200|RSI_RECOVERY_NOT_CONFIRMED
2026-09-16T07:37:24.395516+00:00,SIE_OLD_MR_1R_EXHAUSTION_CONFIRM_V1,DOGE,DOGEUSDT,strategy-lab-v1.0.0:SIE_OLD_MR_1R_EXHAUSTION_CONFIRM_V1,1789376400000,2026-09-14T09:00:00+00:00,0.08414,0.08485,0.08381,0.08437,52.165725047080926,0.0838185,0.08248847330853838,0.08695475,0.0007114285714285712,0.00843224572038131,46.15384615384612,1.4999999999999902,False,PLANNED_REWARD_TOO_LOW|RSI_NOT_BELOW_34|CLOSE_NOT_NEAR_OR_BELOW_LOWER_BB|CLOSE_NOT_ABOVE_MA200
2026-09-16T07:37:24.395516+00:00,SIE_OLD_MR_1R_EXHAUSTION_CONFIRM_V1,DOGE,DOGEUSDT,strategy-lab-v1.0.0:SIE_OLD_MR_1R_EXHAUSTION_CONFIRM_V1,1789380000000,2026-09-14T10:00:00+00:00,0.08442,0.08452,0.08421,0.08434,49.209486166007935,0.083847,0.0824980581925078,0.08692175,0.0007092857142857149,0.008409837731630483,52.165725047080926,1.5,False,RSI_NOT_BELOW_34|CLOSE_NOT_NEAR_OR_BELOW_LOWER_BB|CLOSE_NOT_ABOVE_MA200|RSI_RECOVERY_NOT_CONFIRMED
2026-09-16T07:37:24.395516+00:00,SIE_OLD_MR_1R_EXHAUSTION_CONFIRM_V1,DOGE,DOGEUSDT,strategy-lab-v1.0.0:SIE_OLD_MR_1R_EXHAUSTION_CONFIRM_V1,1789383600000,2026-09-14T11:00:00+00:00,0.08434,0.08447,0.08394,0.08408,51.23456790123451,0.08387700000000001,0.08253537262997496,0.08688555,0.0007107142857142867,0.008452834035612354,49.209486166007935,1.5,False,RSI_NOT_BELOW_34|CLOSE_NOT_NEAR_OR_BELOW_LOWER_BB|CLOSE_NOT_ABOVE_MA200|RSI_RECOVERY_NOT_CONFIRMED
2026-09-16T07:37:24.395516+00:00,SIE_OLD_MR_1R_EXHAUSTION_CONFIRM_V1,DOGE,DOGEUSDT,strategy-lab-v1.0.0:SIE_OLD_MR_1R_EXHAUSTION_CONFIRM_V1,1789387200000,2026-09-14T12:00:00+00:00,0.08409,0.08438,0.0835,0.08366,69.94382022471912,0.083862,0.082517714316077,0.08685135,0.0006378571428571424,0.0076243980738362705,51.23456790123451,1.4999999999999891,False,PLANNED_REWARD_TOO_LOW|RSI_NOT_BELOW_34|CLOSE_NOT_NEAR_OR_BELOW_LOWER_BB|CLOSE_NOT_ABOVE_MA200|RSI_RECOVERY_NOT_CONFIRMED
2026-09-16T07:37:24.395516+00:00,SIE_OLD_MR_1R_EXHAUSTION_CONFIRM_V1,DOGE,DOGEUSDT,strategy-lab-v1.0.0:SIE_OLD_MR_1R_EXHAUSTION_CONFIRM_V1,1789390800000,2026-09-14T13:00:00+00:00,0.08364,0.08424,0.08308,0.08368,68.05970149253733,0.0838245,0.08250405348461198,0.08681215,0.0006785714285714271,0.008109123190385124,69.94382022471912,1.4999999999999898,False,PLANNED_REWARD_TOO_LOW|RSI_NOT_BELOW_34|CLOSE_NOT_NEAR_OR_BELOW_LOWER_BB|CLOSE_NOT_ABOVE_MA200|RSI_RECOVERY_NOT_CONFIRMED
2026-09-16T07:37:24.395516+00:00,SIE_OLD_MR_1R_EXHAUSTION_CONFIRM_V1,DOGE,DOGEUSDT,strategy-lab-v1.0.0:SIE_OLD_MR_1R_EXHAUSTION_CONFIRM_V1,1789394400000,2026-09-14T14:00:00+00:00,0.0837,0.08426,0.0836,0.0838,67.5757575757575,0.08378749999999999,0.08250850234558449,0.0867755,0.0006578571428571425,0.007850323900443228,68.05970149253733,1.5000000000000107,False,RSI_NOT_BELOW_34|CLOSE_NOT_NEAR_OR_BELOW_LOWER_BB|CLOSE_NOT_ABOVE_MA200|RSI_RECOVERY_NOT_CONFIRMED
2026-09-16T07:37:24.395516+00:00,SIE_OLD_MR_1R_EXHAUSTION_CONFIRM_V1,DOGE,DOGEUSDT,strategy-lab-v1.0.0:SIE_OLD_MR_1R_EXHAUSTION_CONFIRM_V1,1789398000000,2026-09-14T15:00:00+00:00,0.08379,0.08431,0.08357,0.08406,65.59485530546621,0.0837835,0.08250844274638337,0.08674145000000001,0.0006521428571428561,0.007758063967914063,67.5757575757575,1.5,False,RSI_NOT_BELOW_34|CLOSE_NOT_NEAR_OR_BELOW_LOWER_BB|CLOSE_NOT_ABOVE_MA200|RSI_RECOVERY_NOT_CONFIRMED
2026-09-16T07:37:24.395516+00:00,SIE_OLD_MR_1R_EXHAUSTION_CONFIRM_V1,DOGE,DOGEUSDT,strategy-lab-v1.0.0:SIE_OLD_MR_1R_EXHAUSTION_CONFIRM_V1,1789401600000,2026-09-14T16:00:00+00:00,0.08405,0.08472,0.08388,0.08446,58.203124999999815,0.0837855,0.08250633660152412,0.08671045000000001,0.0006271428571428568,0.007425323906498423,65.59485530546621,1.5,False,RSI_NOT_BELOW_34|CLOSE_NOT_NEAR_OR_BELOW_LOWER_BB|CLOSE_NOT_ABOVE_MA200|RSI_RECOVERY_NOT_CONFIRMED
2026-09-16T07:37:24.395516+00:00,SIE_OLD_MR_1R_EXHAUSTION_CONFIRM_V1,DOGE,DOGEUSDT,strategy-lab-v1.0.0:SIE_OLD_MR_1R_EXHAUSTION_CONFIRM_V1,1789405200000,2026-09-14T17:00:00+00:00,0.08446,0.08496,0.08436,0.08481,66.6666666666665,0.083828,0.08247416692313995,0.08668279999999999,0.0006299999999999996,0.007428369296073572,58.203124999999815,1.500000000000011,False,RSI_NOT_BELOW_34|CLOSE_NOT_NEAR_OR_BELOW_LOWER_BB|CLOSE_NOT_ABOVE_MA200
2026-09-16T07:37:24.395516+00:00,SIE_OLD_MR_1R_EXHAUSTION_CONFIRM_V1,DOGE,DOGEUSDT,strategy-lab-v1.0.0:SIE_OLD_MR_1R_EXHAUSTION_CONFIRM_V1,1789408800000,2026-09-14T18:00:00+00:00,0.08478,0.08536,0.08466,0.08502,67.71929824561394,0.083967,0.08272788580025879,0.08665745,0.0006542857142857143,0.007695668246126963,66.6666666666665,1.5,False,RSI_NOT_BELOW_34|CLOSE_NOT_NEAR_OR_BELOW_LOWER_BB|CLOSE_NOT_ABOVE_MA200
2026-09-16T07:37:24.395516+00:00,SIE_OLD_MR_1R_EXHAUSTION_CONFIRM_V1,DOGE,DOGEUSDT,strategy-lab-v1.0.0:SIE_OLD_MR_1R_EXHAUSTION_CONFIRM_V1,1789412400000,2026-09-14T19:00:00+00:00,0.08503,0.08505,0.08458,0.08471,58.72483221476495,0.08407899999999999,0.08300781560877678,0.08663055,0.0006621428571428571,0.007816584312865743,67.71929824561394,1.5,False,RSI_NOT_BELOW_34|CLOSE_NOT_NEAR_OR_BELOW_LOWER_BB|CLOSE_NOT_ABOVE_MA200|RSI_RECOVERY_NOT_CONFIRMED
2026-09-16T07:37:24.395516+00:00,SIE_OLD_MR_1R_EXHAUSTION_CONFIRM_V1,DOGE,DOGEUSDT,strategy-lab-v1.0.0:SIE_OLD_MR_1R_EXHAUSTION_CONFIRM_V1,1789416000000,2026-09-14T20:00:00+00:00,0.08472,0.08614,0.0847,0.08515,63.0630630630631,0.0842045,0.08325597535614503,0.086608,0.0007278571428571422,0.008547940609009303,58.72483221476495,1.5,False,RSI_NOT_BELOW_34|CLOSE_NOT_NEAR_OR_BELOW_LOWER_BB|CLOSE_NOT_ABOVE_MA200
2026-09-16T07:37:24.395516+00:00,SIE_OLD_MR_1R_EXHAUSTION_CONFIRM_V1,DOGE,DOGEUSDT,strategy-lab-v1.0.0:SIE_OLD_MR_1R_EXHAUSTION_CONFIRM_V1,1789419600000,2026-09-14T21:00:00+00:00,0.08516,0.08516,0.08431,0.08435,50.245098039215584,0.0842675,0.0834677281575348,0.0865813,0.0007671428571428571,0.009094758235244305,63.0630630630631,1.5,False,RSI_NOT_BELOW_34|CLOSE_NOT_NEAR_OR_BELOW_LOWER_BB|CLOSE_NOT_ABOVE_MA200|RSI_RECOVERY_NOT_CONFIRMED
2026-09-16T07:37:24.395516+00:00,SIE_OLD_MR_1R_EXHAUSTION_CONFIRM_V1,DOGE,DOGEUSDT,strategy-lab-v1.0.0:SIE_OLD_MR_1R_EXHAUSTION_CONFIRM_V1,1789423200000,2026-09-14T22:00:00+00:00,0.08438,0.08469,0.084,0.08408,49.51690821256041,0.08426950000000001,0.08347181647879616,0.086559,0.0007792857142857135,0.009268383852113624,50.245098039215584,1.4999999999999911,False,PLANNED_REWARD_TOO_LOW|RSI_NOT_BELOW_34|CLOSE_NOT_NEAR_OR_BELOW_LOWER_BB|CLOSE_NOT_ABOVE_MA200|RSI_RECOVERY_NOT_CONFIRMED
2026-09-16T07:37:24.395516+00:00,SIE_OLD_MR_1R_EXHAUSTION_CONFIRM_V1,DOGE,DOGEUSDT,strategy-lab-v1.0.0:SIE_OLD_MR_1R_EXHAUSTION_CONFIRM_V1,1789426800000,2026-09-14T23:00:00+00:00,0.08407,0.08419,0.08358,0.08363,41.47465437788018,0.0842565,0.08342667411464802,0.08653219999999999,0.0007485714285714278,0.008950991612715864,49.51690821256041,1.5,False,RSI_NOT_BELOW_34|CLOSE_NOT_NEAR_OR_BELOW_LOWER_BB|CLOSE_NOT_ABOVE_MA200|RSI_RECOVERY_NOT_CONFIRMED
2026-09-16T07:37:24.395516+00:00,SIE_OLD_MR_1R_EXHAUSTION_CONFIRM_V1,DOGE,DOGEUSDT,strategy-lab-v1.0.0:SIE_OLD_MR_1R_EXHAUSTION_CONFIRM_V1,1789430400000,2026-09-15T00:00:00+00:00,0.08364,0.08388,0.08353,0.08372,42.954545454545546,0.084242,0.08338573835774327,0.0865043,0.0007514285714285705,0.008975496553136293,41.47465437788018,1.5,False,RSI_NOT_BELOW_34|CLOSE_NOT_NEAR_OR_BELOW_LOWER_BB|CLOSE_NOT_ABOVE_MA200
2026-09-16T07:37:24.395516+00:00,SIE_OLD_MR_1R_EXHAUSTION_CONFIRM_V1,DOGE,DOGEUSDT,strategy-lab-v1.0.0:SIE_OLD_MR_1R_EXHAUSTION_CONFIRM_V1,1789434000000,2026-09-15T01:00:00+00:00,0.08369,0.08396,0.0835,0.08377,46.300715990453426,0.084221,0.08334041156037557,0.08647735,0.0007464285714285705,0.008910452088200675,42.954545454545546,1.5,False,RSI_NOT_BELOW_34|CLOSE_NOT_NEAR_OR_BELOW_LOWER_BB|CLOSE_NOT_ABOVE_MA200
2026-09-16T07:37:24.395516+00:00,SIE_OLD_MR_1R_EXHAUSTION_CONFIRM_V1,DOGE,DOGEUSDT,strategy-lab-v1.0.0:SIE_OLD_MR_1R_EXHAUSTION_CONFIRM_V1,1789437600000,2026-09-15T02:00:00+00:00,0.08377,0.08391,0.08369,0.08379,51.71503957783646,0.0841965,0.08329678282221566,0.08644895,0.0006992857142857138,0.008345694167391261,46.300715990453426,1.5,False,RSI_NOT_BELOW_34|CLOSE_NOT_NEAR_OR_BELOW_LOWER_BB|CLOSE_NOT_ABOVE_MA200
2026-09-16T07:37:24.395516+00:00,SIE_OLD_MR_1R_EXHAUSTION_CONFIRM_V1,DOGE,DOGEUSDT,strategy-lab-v1.0.0:SIE_OLD_MR_1R_EXHAUSTION_CONFIRM_V1,1789441200000,2026-09-15T03:00:00+00:00,0.08379,0.08379,0.08327,0.0833,45.53990610328635,0.084145,0.08316721679294425,0.08641755,0.0006535714285714289,0.007845995541073576,51.71503957783646,1.4999999999999893,False,PLANNED_REWARD_TOO_LOW|RSI_NOT_BELOW_34|CLOSE_NOT_NEAR_OR_BELOW_LOWER_BB|CLOSE_NOT_ABOVE_MA200|RSI_RECOVERY_NOT_CONFIRMED
2026-09-16T07:37:24.395516+00:00,SIE_OLD_MR_1R_EXHAUSTION_CONFIRM_V1,DOGE,DOGEUSDT,strategy-lab-v1.0.0:SIE_OLD_MR_1R_EXHAUSTION_CONFIRM_V1,1789444800000,2026-09-15T04:00:00+00:00,0.08329,0.0834,0.08306,0.08316,42.52336448598135,0.084097,0.0830289344589398,0.08638200000000001,0.000630714285714286,0.007584346870061159,45.53990610328635,1.5,False,RSI_NOT_BELOW_34|CLOSE_NOT_NEAR_OR_BELOW_LOWER_BB|CLOSE_NOT_ABOVE_MA200|RSI_RECOVERY_NOT_CONFIRMED
2026-09-16T07:37:24.395516+00:00,SIE_OLD_MR_1R_EXHAUSTION_CONFIRM_V1,DOGE,DOGEUSDT,strategy-lab-v1.0.0:SIE_OLD_MR_1R_EXHAUSTION_CONFIRM_V1,1789448400000,2026-09-15T05:00:00+00:00,0.08316,0.08333,0.08266,0.0832,39.408866995073986,0.08403849999999999,0.08291018665699626,0.08634565,0.000625714285714287,0.0075206043956044105,42.52336448598135,1.5,False,RSI_NOT_BELOW_34|CLOSE_NOT_NEAR_OR_BELOW_LOWER_BB|CLOSE_NOT_ABOVE_MA200|RSI_RECOVERY_NOT_CONFIRMED
2026-09-16T07:37:24.395516+00:00,SIE_OLD_MR_1R_EXHAUSTION_CONFIRM_V1,DOGE,DOGEUSDT,strategy-lab-v1.0.0:SIE_OLD_MR_1R_EXHAUSTION_CONFIRM_V1,1789452000000,2026-09-15T06:00:00+00:00,0.08319,0.08335,0.08248,0.08267,28.639618138425035,0.08395499999999999,0.0826894645402043,0.08630779999999999,0.0006278571428571433,0.007594739843439499,39.408866995073986,1.499999999999989,False,PLANNED_REWARD_TOO_LOW|CLOSE_NOT_ABOVE_MA200|RSI_RECOVERY_NOT_CONFIRMED
2026-09-16T07:37:24.395516+00:00,SIE_OLD_MR_1R_EXHAUSTION_CONFIRM_V1,DOGE,DOGEUSDT,strategy-lab-v1.0.0:SIE_OLD_MR_1R_EXHAUSTION_CONFIRM_V1,1789455600000,2026-09-15T07:00:00+00:00,0.0827,0.08295,0.08239,0.08249,21.1442786069654,0.08387549999999999,0.08246043145042356,0.08626565,0.0006250000000000006,0.0075766759607225195,28.639618138425035,1.499999999999989,False,PLANNED_REWARD_TOO_LOW|CLOSE_NOT_NEAR_OR_BELOW_LOWER_BB|CLOSE_NOT_ABOVE_MA200|RSI_RECOVERY_NOT_CONFIRMED
2026-09-16T07:37:24.395516+00:00,SIE_OLD_MR_1R_EXHAUSTION_CONFIRM_V1,DOGE,DOGEUSDT,strategy-lab-v1.0.0:SIE_OLD_MR_1R_EXHAUSTION_CONFIRM_V1,1789459200000,2026-09-15T08:00:00+00:00,0.08248,0.08263,0.0823,0.08256,18.298969072165193,0.08382049999999999,0.08229500368731997,0.08622355000000001,0.0005985714285714285,0.0072501384274640075,21.1442786069654,1.4999999999999885,False,PLANNED_REWARD_TOO_LOW|CLOSE_NOT_NEAR_OR_BELOW_LOWER_BB|CLOSE_NOT_ABOVE_MA200|RSI_RECOVERY_NOT_CONFIRMED
2026-09-16T07:37:24.395516+00:00,SIE_OLD_MR_1R_EXHAUSTION_CONFIRM_V1,DOGE,DOGEUSDT,strategy-lab-v1.0.0:SIE_OLD_MR_1R_EXHAUSTION_CONFIRM_V1,1789462800000,2026-09-15T09:00:00+00:00,0.08255,0.08285,0.08251,0.08262,21.21212121212156,0.0837675,0.08215498798454077,0.08618599999999998,0.0005892857142857138,0.007132482622678696,18.298969072165193,1.5,False,CLOSE_NOT_NEAR_OR_BELOW_LOWER_BB|CLOSE_NOT_ABOVE_MA200
2026-09-16T07:37:24.395516+00:00,SIE_OLD_MR_1R_EXHAUSTION_CONFIRM_V1,DOGE,DOGEUSDT,strategy-lab-v1.0.0:SIE_OLD_MR_1R_EXHAUSTION_CONFIRM_V1,1789466400000,2026-09-15T10:00:00+00:00,0.08264,0.08283,0.08251,0.08275,13.855421686747334,0.08371500000000001,0.08204286962230802,0.08614945,0.0005092857142857141,0.006154510142425547,21.21212121212156,1.5,False,CLOSE_NOT_NEAR_OR_BELOW_LOWER_BB|CLOSE_NOT_ABOVE_MA200|RSI_RECOVERY_NOT_CONFIRMED
2026-09-16T07:37:24.395516+00:00,SIE_OLD_MR_1R_EXHAUSTION_CONFIRM_V1,DOGE,DOGEUSDT,strategy-lab-v1.0.0:SIE_OLD_MR_1R_EXHAUSTION_CONFIRM_V1,1789470000000,2026-09-15T11:00:00+00:00,0.08274,0.08289,0.08224,0.08246,16.370106761566277,0.083635,0.0818852514466357,0.086115,0.0004950000000000004,0.00600291050206161,13.855421686747334,1.5,False,CLOSE_NOT_NEAR_OR_BELOW_LOWER_BB|CLOSE_NOT_ABOVE_MA200|RSI_RECOVERY_NOT_CONFIRMED
2026-09-16T07:37:24.395516+00:00,SIE_OLD_MR_1R_EXHAUSTION_CONFIRM_V1,DOGE,DOGEUSDT,strategy-lab-v1.0.0:SIE_OLD_MR_1R_EXHAUSTION_CONFIRM_V1,1789473600000,2026-09-15T12:00:00+00:00,0.08249,0.08301,0.08245,0.08281,28.02768166089966,0.0835525,0.08181054850813795,0.08608039999999999,0.00048571428571428675,0.0058654061793779345,16.370106761566277,1.5,False,CLOSE_NOT_NEAR_OR_BELOW_LOWER_BB|CLOSE_NOT_ABOVE_MA200
2026-09-16T07:37:24.395516+00:00,SIE_OLD_MR_1R_EXHAUSTION_CONFIRM_V1,DOGE,DOGEUSDT,strategy-lab-v1.0.0:SIE_OLD_MR_1R_EXHAUSTION_CONFIRM_V1,1789477200000,2026-09-15T13:00:00+00:00,0.08281,0.08338,0.08194,0.08282,33.46938775510236,0.083453,0.08178391522084692,0.08604365,0.0005450000000000009,0.006580536102390737,28.02768166089966,1.4999999999999873,False,PLANNED_REWARD_TOO_LOW|CLOSE_NOT_NEAR_OR_BELOW_LOWER_BB|CLOSE_NOT_ABOVE_MA200
2026-09-16T07:37:24.395516+00:00,SIE_OLD_MR_1R_EXHAUSTION_CONFIRM_V1,DOGE,DOGEUSDT,strategy-lab-v1.0.0:SIE_OLD_MR_1R_EXHAUSTION_CONFIRM_V1,1789480800000,2026-09-15T14:00:00+00:00,0.08284,0.08293,0.08048,0.08121,18.38790931989938,0.08326249999999999,0.08148604425892436,0.08600055,0.0006950000000000012,0.008558059352296529,33.46938775510236,1.5,False,CLOSE_NOT_ABOVE_MA200|RSI_RECOVERY_NOT_CONFIRMED
2026-09-16T07:37:24.395516+00:00,SIE_OLD_MR_1R_EXHAUSTION_CONFIRM_V1,DOGE,DOGEUSDT,strategy-lab-v1.0.0:SIE_OLD_MR_1R_EXHAUSTION_CONFIRM_V1,1789484400000,2026-09-15T15:00:00+00:00,0.08123,0.08211,0.08107,0.08167,26.0273972602742,0.0831105,0.0813352425538811,0.08596190000000002,0.0007364285714285724,0.00901712466546556,18.38790931989938,1.4999999999999907,False,PLANNED_REWARD_TOO_LOW|CLOSE_NOT_NEAR_OR_BELOW_LOWER_BB|CLOSE_NOT_ABOVE_MA200
2026-09-16T07:37:24.395516+00:00,SIE_OLD_MR_1R_EXHAUSTION_CONFIRM_V1,DOGE,DOGEUSDT,strategy-lab-v1.0.0:SIE_OLD_MR_1R_EXHAUSTION_CONFIRM_V1,1789488000000,2026-09-15T16:00:00+00:00,0.08163,0.08176,0.08125,0.08155,25.000000000000085,0.08293049999999999,0.08129432794303267,0.0859218,0.000757142857142858,0.009284400455461165,26.0273972602742,1.499999999999991,False,PLANNED_REWARD_TOO_LOW|CLOSE_NOT_NEAR_OR_BELOW_LOWER_BB|CLOSE_NOT_ABOVE_MA200|RSI_RECOVERY_NOT_CONFIRMED
2026-09-16T07:37:24.395516+00:00,SIE_OLD_MR_1R_EXHAUSTION_CONFIRM_V1,DOGE,DOGEUSDT,strategy-lab-v1.0.0:SIE_OLD_MR_1R_EXHAUSTION_CONFIRM_V1,1789491600000,2026-09-15T17:00:00+00:00,0.08156,0.08248,0.08118,0.08209,36.64459161147905,0.0828175,0.08127988008597681,0.08588609999999999,0.0008128571428571429,0.009902023911038409,25.000000000000085,1.5,False,RSI_NOT_BELOW_34|CLOSE_NOT_NEAR_OR_BELOW_LOWER_BB|CLOSE_NOT_ABOVE_MA200
2026-09-16T07:37:24.395516+00:00,SIE_OLD_MR_1R_EXHAUSTION_CONFIRM_V1,DOGE,DOGEUSDT,strategy-lab-v1.0.0:SIE_OLD_MR_1R_EXHAUSTION_CONFIRM_V1,1789495200000,2026-09-15T18:00:00+00:00,0.08205,0.0824,0.0784,0.08076,29.020979020979084,0.0826515,0.08098358783204847,0.08584215,0.001074285714285714,0.013302200523597252,36.64459161147905,1.5000000000000064,False,CLOSE_NOT_ABOVE_MA200|RSI_RECOVERY_NOT_CONFIRMED
2026-09-16T07:37:24.395516+00:00,SIE_OLD_MR_1R_EXHAUSTION_CONFIRM_V1,DOGE,DOGEUSDT,strategy-lab-v1.0.0:SIE_OLD_MR_1R_EXHAUSTION_CONFIRM_V1,1789498800000,2026-09-15T19:00:00+00:00,0.08078,0.08119,0.08041,0.0808,29.020979020979084,0.08251,0.08072227518896201,0.08579729999999999,0.0010821428571428568,0.013392857142857139,29.020979020979084,1.4999999999999936,False,PLANNED_REWARD_TOO_LOW|CLOSE_NOT_NEAR_OR_BELOW_LOWER_BB|CLOSE_NOT_ABOVE_MA200|RSI_RECOVERY_NOT_CONFIRMED
2026-09-16T07:37:24.395516+00:00,SIE_OLD_MR_1R_EXHAUSTION_CONFIRM_V1,DOGE,DOGEUSDT,strategy-lab-v1.0.0:SIE_OLD_MR_1R_EXHAUSTION_CONFIRM_V1,1789502400000,2026-09-15T20:00:00+00:00,0.08086,0.08096,0.07978,0.08044,29.90990990991,0.082346,0.08043483909625566,0.08574275,0.0011042857142857143,0.013728067059742844,29.020979020979084,1.5000000000000062,False,CLOSE_NOT_NEAR_OR_BELOW_LOWER_BB|CLOSE_NOT_ABOVE_MA200|RSI_RECOVERY_NOT_CONFIRMED
2026-09-16T07:37:24.395516+00:00,SIE_OLD_MR_1R_EXHAUSTION_CONFIRM_V1,DOGE,DOGEUSDT,strategy-lab-v1.0.0:SIE_OLD_MR_1R_EXHAUSTION_CONFIRM_V1,1789506000000,2026-09-15T21:00:00+00:00,0.0804,0.08043,0.07946,0.07952,26.391096979332346,0.0821335,0.07997396046574716,0.08568574999999999,0.0011342857142857146,0.014264156366772066,29.90990990991,1.5000000000000062,False,CLOSE_NOT_ABOVE_MA200|RSI_RECOVERY_NOT_CONFIRMED
2026-09-16T07:37:24.395516+00:00,SIE_OLD_MR_1R_EXHAUSTION_CONFIRM_V1,DOGE,DOGEUSDT,strategy-lab-v1.0.0:SIE_OLD_MR_1R_EXHAUSTION_CONFIRM_V1,1789509600000,2026-09-15T22:00:00+00:00,0.07956,0.08026,0.07932,0.08014,32.30994152046797,0.08195100000000001,0.07976550326012576,0.08563345,0.0011778571428571433,0.01469749367178866,26.391096979332346,1.5,False,CLOSE_NOT_NEAR_OR_BELOW_LOWER_BB|CLOSE_NOT_ABOVE_MA200
2026-09-16T07:37:24.395516+00:00,SIE_OLD_MR_1R_EXHAUSTION_CONFIRM_V1,DOGE,DOGEUSDT,strategy-lab-v1.0.0:SIE_OLD_MR_1R_EXHAUSTION_CONFIRM_V1,1789513200000,2026-09-15T23:00:00+00:00,0.08015,0.08061,0.07997,0.08003,31.204644412191684,0.08178749999999999,0.07954171394607563,0.0855889,0.0011992857142857152,0.014985451884114896,32.30994152046797,1.5,False,CLOSE_NOT_NEAR_OR_BELOW_LOWER_BB|CLOSE_NOT_ABOVE_MA200|RSI_RECOVERY_NOT_CONFIRMED
2026-09-16T07:37:24.395516+00:00,SIE_OLD_MR_1R_EXHAUSTION_CONFIRM_V1,DOGE,DOGEUSDT,strategy-lab-v1.0.0:SIE_OLD_MR_1R_EXHAUSTION_CONFIRM_V1,1789516800000,2026-09-16T00:00:00+00:00,0.08004,0.08024,0.07994,0.08006,30.19145802650965,0.0816325,0.07935927431828664,0.08553875,0.0011978571428571444,0.014961992791120962,31.204644412191684,1.5,False,CLOSE_NOT_NEAR_OR_BELOW_LOWER_BB|CLOSE_NOT_ABOVE_MA200|RSI_RECOVERY_NOT_CONFIRMED
2026-09-16T07:37:24.395516+00:00,SIE_OLD_MR_1R_EXHAUSTION_CONFIRM_V1,DOGE,DOGEUSDT,strategy-lab-v1.0.0:SIE_OLD_MR_1R_EXHAUSTION_CONFIRM_V1,1789520400000,2026-09-16T01:00:00+00:00,0.08008,0.08028,0.07943,0.07944,28.7921348314607,0.0814445,0.07910010690156255,0.08548555000000001,0.001212142857142858,0.015258595885484115,30.19145802650965,1.5,False,CLOSE_NOT_NEAR_OR_BELOW_LOWER_BB|CLOSE_NOT_ABOVE_MA200|RSI_RECOVERY_NOT_CONFIRMED
2026-09-16T07:37:24.395516+00:00,SIE_OLD_MR_1R_EXHAUSTION_CONFIRM_V1,DOGE,DOGEUSDT,strategy-lab-v1.0.0:SIE_OLD_MR_1R_EXHAUSTION_CONFIRM_V1,1789524000000,2026-09-16T02:00:00+00:00,0.07943,0.08037,0.07943,0.08004,31.20759837177762,0.081313,0.07896328427251269,0.0854364,0.0012392857142857147,0.01548332976368959,28.7921348314607,1.5,False,CLOSE_NOT_NEAR_OR_BELOW_LOWER_BB|CLOSE_NOT_ABOVE_MA200
2026-09-16T07:37:24.395516+00:00,SIE_OLD_MR_1R_EXHAUSTION_CONFIRM_V1,DOGE,DOGEUSDT,strategy-lab-v1.0.0:SIE_OLD_MR_1R_EXHAUSTION_CONFIRM_V1,1789527600000,2026-09-16T03:00:00+00:00,0.08005,0.08036,0.07986,0.07999,30.90418353576257,0.081188,0.07883605102096128,0.08538354999999999,0.0011721428571428577,0.014653617416462778,31.20759837177762,1.499999999999994,False,PLANNED_REWARD_TOO_LOW|CLOSE_NOT_NEAR_OR_BELOW_LOWER_BB|CLOSE_NOT_ABOVE_MA200|RSI_RECOVERY_NOT_CONFIRMED
2026-09-16T07:37:24.395516+00:00,SIE_OLD_MR_1R_EXHAUSTION_CONFIRM_V1,DOGE,DOGEUSDT,strategy-lab-v1.0.0:SIE_OLD_MR_1R_EXHAUSTION_CONFIRM_V1,1789531200000,2026-09-16T04:00:00+00:00,0.07998,0.08071,0.07996,0.08022,41.79104477611939,0.08107099999999999,0.07877147048290278,0.0853317,0.0010507142857142857,0.01309790932079638,30.90418353576257,1.5000000000000067,False,RSI_NOT_BELOW_34|CLOSE_NOT_NEAR_OR_BELOW_LOWER_BB|CLOSE_NOT_ABOVE_MA200
2026-09-16T07:37:24.395516+00:00,SIE_OLD_MR_1R_EXHAUSTION_CONFIRM_V1,DOGE,DOGEUSDT,strategy-lab-v1.0.0:SIE_OLD_MR_1R_EXHAUSTION_CONFIRM_V1,1789534800000,2026-09-16T05:00:00+00:00,0.08022,0.08027,0.07989,0.08008,36.077057793344984,0.080944,0.07872142131747797,0.08528029999999999,0.001003571428571428,0.012532110746396456,41.79104477611939,1.4999999999999931,False,PLANNED_REWARD_TOO_LOW|RSI_NOT_BELOW_34|CLOSE_NOT_NEAR_OR_BELOW_LOWER_BB|CLOSE_NOT_ABOVE_MA200|RSI_RECOVERY_NOT_CONFIRMED
2026-09-16T07:37:24.395516+00:00,SIE_OLD_MR_1R_EXHAUSTION_CONFIRM_V1,DOGE,DOGEUSDT,strategy-lab-v1.0.0:SIE_OLD_MR_1R_EXHAUSTION_CONFIRM_V1,1789538400000,2026-09-16T06:00:00+00:00,0.08009,0.0802,0.07986,0.08018,37.96133567662572,0.0808155,0.07873266083194083,0.0852307,0.0009914285714285706,0.012365035812279504,36.077057793344984,1.499999999999993,False,PLANNED_REWARD_TOO_LOW|RSI_NOT_BELOW_34|CLOSE_NOT_NEAR_OR_BELOW_LOWER_BB|CLOSE_NOT_ABOVE_MA200
2026-09-16T07:37:24.395516+00:00,SIE_OLD_MR_1R_EXHAUSTION_CONFIRM_V1,DOGE,DOGEUSDT,strategy-lab-v1.0.0:SIE_OLD_MR_1R_EXHAUSTION_CONFIRM_V1,1789542000000,2026-09-16T07:00:00+00:00,0.08016,0.08038,0.07972,0.07976,29.08438061041302,0.0806805,0.07869372900162061,0.0851771,0.0009457142857142849,0.011856999570138978,37.96133567662572,1.4999999999999927,False,PLANNED_REWARD_TOO_LOW|CLOSE_NOT_NEAR_OR_BELOW_LOWER_BB|CLOSE_NOT_ABOVE_MA200|RSI_RECOVERY_NOT_CONFIRMED
2026-09-16T07:37:24.395516+00:00,SIE_OLD_MR_1R_EXHAUSTION_CONFIRM_V1,BNB,BNBUSDT,strategy-lab-v1.0.0:SIE_OLD_MR_1R_EXHAUSTION_CONFIRM_V1,1789326000000,2026-09-13T19:00:00+00:00,721.99,722.64,720.46,720.79,38.324420677361864,721.246,712.3841573022291,737.68695,2.914285714285719,0.004043182777626936,40.018613308515675,1.4999999999999805,False,PLANNED_REWARD_TOO_LOW|RSI_NOT_BELOW_34|CLOSE_NOT_NEAR_OR_BELOW_LOWER_BB|CLOSE_NOT_ABOVE_MA200|RSI_RECOVERY_NOT_CONFIRMED
2026-09-16T07:37:24.395516+00:00,SIE_OLD_MR_1R_EXHAUSTION_CONFIRM_V1,BNB,BNBUSDT,strategy-lab-v1.0.0:SIE_OLD_MR_1R_EXHAUSTION_CONFIRM_V1,1789329600000,2026-09-13T20:00:00+00:00,720.87,722.44,720.87,722.0,51.334379905808454,720.9504999999999,712.6189395819249,737.4805500000001,2.701428571428583,0.0037415908191531623,38.324420677361864,1.5,False,RSI_NOT_BELOW_34|CLOSE_NOT_NEAR_OR_BELOW_LOWER_BB|CLOSE_NOT_ABOVE_MA200
2026-09-16T07:37:24.395516+00:00,SIE_OLD_MR_1R_EXHAUSTION_CONFIRM_V1,BNB,BNBUSDT,strategy-lab-v1.0.0:SIE_OLD_MR_1R_EXHAUSTION_CONFIRM_V1,1789333200000,2026-09-13T21:00:00+00:00,722.01,722.59,720.97,721.21,47.58441558441573,720.6055,712.9438696904618,737.2815,2.6828571428571553,0.003719938912185293,51.334379905808454,1.500000000000021,False,RSI_NOT_BELOW_34|CLOSE_NOT_NEAR_OR_BELOW_LOWER_BB|CLOSE_NOT_ABOVE_MA200|RSI_RECOVERY_NOT_CONFIRMED
2026-09-16T07:37:24.395516+00:00,SIE_OLD_MR_1R_EXHAUSTION_CONFIRM_V1,BNB,BNBUSDT,strategy-lab-v1.0.0:SIE_OLD_MR_1R_EXHAUSTION_CONFIRM_V1,1789336800000,2026-09-13T22:00:00+00:00,721.3,721.3,715.05,715.6,45.10093549975384,719.9970000000001,712.7883604612219,737.0112000000001,2.747857142857153,0.0038399345204823267,47.58441558441573,1.5,False,RSI_NOT_BELOW_34|CLOSE_NOT_NEAR_OR_BELOW_LOWER_BB|CLOSE_NOT_ABOVE_MA200|RSI_RECOVERY_NOT_CONFIRMED
2026-09-16T07:37:24.395516+00:00,SIE_OLD_MR_1R_EXHAUSTION_CONFIRM_V1,BNB,BNBUSDT,strategy-lab-v1.0.0:SIE_OLD_MR_1R_EXHAUSTION_CONFIRM_V1,1789340400000,2026-09-13T23:00:00+00:00,715.43,716.79,715.25,716.12,50.1294665976177,719.458,712.8038025277247,736.7416000000001,2.537142857142864,0.0035429018281054347,45.10093549975384,1.4999999999999776,False,PLANNED_REWARD_TOO_LOW|RSI_NOT_BELOW_34|CLOSE_NOT_NEAR_OR_BELOW_LOWER_BB|CLOSE_NOT_ABOVE_MA200
2026-09-16T07:37:24.395516+00:00,SIE_OLD_MR_1R_EXHAUSTION_CONFIRM_V1,BNB,BNBUSDT,strategy-lab-v1.0.0:SIE_OLD_MR_1R_EXHAUSTION_CONFIRM_V1,1789344000000,2026-09-14T00:00:00+00:00,716.17,720.0,713.67,718.39,59.2464055528012,719.064,713.1814107741543,736.46675,2.8478571428571513,0.003964221582785327,50.1294665976177,1.49999999999998,False,PLANNED_REWARD_TOO_LOW|RSI_NOT_BELOW_34|CLOSE_NOT_NEAR_OR_BELOW_LOWER_BB|CLOSE_NOT_ABOVE_MA200
2026-09-16T07:37:24.395516+00:00,SIE_OLD_MR_1R_EXHAUSTION_CONFIRM_V1,BNB,BNBUSDT,strategy-lab-v1.0.0:SIE_OLD_MR_1R_EXHAUSTION_CONFIRM_V1,1789347600000,2026-09-14T01:00:00+00:00,718.61,719.88,714.38,719.2,58.295281582953,718.7225,713.7791170490203,736.1816,3.0435714285714375,0.004231884633720018,59.2464055528012,1.5000000000000187,False,RSI_NOT_BELOW_34|CLOSE_NOT_NEAR_OR_BELOW_LOWER_BB|CLOSE_NOT_ABOVE_MA200|RSI_RECOVERY_NOT_CONFIRMED
2026-09-16T07:37:24.395516+00:00,SIE_OLD_MR_1R_EXHAUSTION_CONFIRM_V1,BNB,BNBUSDT,strategy-lab-v1.0.0:SIE_OLD_MR_1R_EXHAUSTION_CONFIRM_V1,1789351200000,2026-09-14T02:00:00+00:00,719.24,724.54,718.76,723.27,67.21382289416846,718.8115,713.614434385633,735.9139499999999,3.317857142857146,0.0045873009289160984,58.295281582953,1.500000000000017,False,RSI_NOT_BELOW_34|CLOSE_NOT_NEAR_OR_BELOW_LOWER_BB|CLOSE_NOT_ABOVE_MA200
2026-09-16T07:37:24.395516+00:00,SIE_OLD_MR_1R_EXHAUSTION_CONFIRM_V1,BNB,BNBUSDT,strategy-lab-v1.0.0:SIE_OLD_MR_1R_EXHAUSTION_CONFIRM_V1,1789354800000,2026-09-14T03:00:00+00:00,723.15,724.8,721.26,722.49,61.1600928074247,718.829,713.5850743712333,735.65815,3.1878571428571427,0.004412320091429837,67.21382289416846,1.5,False,RSI_NOT_BELOW_34|CLOSE_NOT_NEAR_OR_BELOW_LOWER_BB|CLOSE_NOT_ABOVE_MA200|RSI_RECOVERY_NOT_CONFIRMED
2026-09-16T07:37:24.395516+00:00,SIE_OLD_MR_1R_EXHAUSTION_CONFIRM_V1,BNB,BNBUSDT,strategy-lab-v1.0.0:SIE_OLD_MR_1R_EXHAUSTION_CONFIRM_V1,1789358400000,2026-09-14T04:00:00+00:00,721.85,725.29,721.85,724.41,63.46573548668697,719.17,713.4292578876912,735.4265999999999,3.267857142857135,0.004511060232267825,61.1600928074247,1.5,False,RSI_NOT_BELOW_34|CLOSE_NOT_NEAR_OR_BELOW_LOWER_BB|CLOSE_NOT_ABOVE_MA200
2026-09-16T07:37:24.395516+00:00,SIE_OLD_MR_1R_EXHAUSTION_CONFIRM_V1,BNB,BNBUSDT,strategy-lab-v1.0.0:SIE_OLD_MR_1R_EXHAUSTION_CONFIRM_V1,1789362000000,2026-09-14T05:00:00+00:00,724.25,725.51,723.8,724.63,63.401836466987305,719.598,713.5760647628827,735.1925,3.2235714285714203,0.004448575726331259,63.46573548668697,1.5,False,RSI_NOT_BELOW_34|CLOSE_NOT_NEAR_OR_BELOW_LOWER_BB|CLOSE_NOT_ABOVE_MA200|RSI_RECOVERY_NOT_CONFIRMED
2026-09-16T07:37:24.395516+00:00,SIE_OLD_MR_1R_EXHAUSTION_CONFIRM_V1,BNB,BNBUSDT,strategy-lab-v1.0.0:SIE_OLD_MR_1R_EXHAUSTION_CONFIRM_V1,1789365600000,2026-09-14T06:00:00+00:00,724.68,726.27,722.24,723.48,56.22988505747135,720.039,714.2404660473501,734.9579000000001,3.319999999999993,0.004588931276607498,63.401836466987305,1.500000000000017,False,RSI_NOT_BELOW_34|CLOSE_NOT_NEAR_OR_BELOW_LOWER_BB|CLOSE_NOT_ABOVE_MA200|RSI_RECOVERY_NOT_CONFIRMED
2026-09-16T07:37:24.395516+00:00,SIE_OLD_MR_1R_EXHAUSTION_CONFIRM_V1,BNB,BNBUSDT,strategy-lab-v1.0.0:SIE_OLD_MR_1R_EXHAUSTION_CONFIRM_V1,1789369200000,2026-09-14T07:00:00+00:00,723.1,724.91,722.94,724.52,58.190601668862584,720.4685,714.6784904145128,734.7480499999999,3.368571428571418,0.004649383631330285,56.22988505747135,1.5,False,RSI_NOT_BELOW_34|CLOSE_NOT_NEAR_OR_BELOW_LOWER_BB|CLOSE_NOT_ABOVE_MA200
2026-09-16T07:37:24.395516+00:00,SIE_OLD_MR_1R_EXHAUSTION_CONFIRM_V1,BNB,BNBUSDT,strategy-lab-v1.0.0:SIE_OLD_MR_1R_EXHAUSTION_CONFIRM_V1,1789372800000,2026-09-14T08:00:00+00:00,724.35,725.45,723.23,723.54,53.457446808510525,720.8805,715.4593028074943,734.53055,3.4114285714285626,0.004714913579661888,58.190601668862584,1.5,False,RSI_NOT_BELOW_34|CLOSE_NOT_NEAR_OR_BELOW_LOWER_BB|CLOSE_NOT_ABOVE_MA200|RSI_RECOVERY_NOT_CONFIRMED
2026-09-16T07:37:24.395516+00:00,SIE_OLD_MR_1R_EXHAUSTION_CONFIRM_V1,BNB,BNBUSDT,strategy-lab-v1.0.0:SIE_OLD_MR_1R_EXHAUSTION_CONFIRM_V1,1789376400000,2026-09-14T09:00:00+00:00,723.75,728.0,721.61,724.64,58.566978193146504,721.2284999999999,715.7802809331827,734.3270000000001,3.712142857142851,0.005122740750086734,53.457446808510525,1.4999999999999847,False,PLANNED_REWARD_TOO_LOW|RSI_NOT_BELOW_34|CLOSE_NOT_NEAR_OR_BELOW_LOWER_BB|CLOSE_NOT_ABOVE_MA200
2026-09-16T07:37:24.395516+00:00,SIE_OLD_MR_1R_EXHAUSTION_CONFIRM_V1,BNB,BNBUSDT,strategy-lab-v1.0.0:SIE_OLD_MR_1R_EXHAUSTION_CONFIRM_V1,1789380000000,2026-09-14T10:00:00+00:00,724.78,725.02,722.6,722.73,51.57531290461809,721.4530000000001,716.1477041552776,734.11985,3.7671428571428414,0.005212379252477192,58.566978193146504,1.499999999999985,False,PLANNED_REWARD_TOO_LOW|RSI_NOT_BELOW_34|CLOSE_NOT_NEAR_OR_BELOW_LOWER_BB|CLOSE_NOT_ABOVE_MA200|RSI_RECOVERY_NOT_CONFIRMED
2026-09-16T07:37:24.395516+00:00,SIE_OLD_MR_1R_EXHAUSTION_CONFIRM_V1,BNB,BNBUSDT,strategy-lab-v1.0.0:SIE_OLD_MR_1R_EXHAUSTION_CONFIRM_V1,1789383600000,2026-09-14T11:00:00+00:00,722.64,722.91,720.46,721.69,51.024765157984675,721.6125,716.4830170825871,733.9033499999999,3.8264285714285506,0.005302039063072164,51.57531290461809,1.5,False,RSI_NOT_BELOW_34|CLOSE_NOT_NEAR_OR_BELOW_LOWER_BB|CLOSE_NOT_ABOVE_MA200|RSI_RECOVERY_NOT_CONFIRMED
2026-09-16T07:37:24.395516+00:00,SIE_OLD_MR_1R_EXHAUSTION_CONFIRM_V1,BNB,BNBUSDT,strategy-lab-v1.0.0:SIE_OLD_MR_1R_EXHAUSTION_CONFIRM_V1,1789387200000,2026-09-14T12:00:00+00:00,721.79,723.01,719.72,719.91,61.00051046452262,721.5695,716.3982391286041,733.6876,3.6149999999999767,0.005021461015960296,51.024765157984675,1.5,False,RSI_NOT_BELOW_34|CLOSE_NOT_NEAR_OR_BELOW_LOWER_BB|CLOSE_NOT_ABOVE_MA200|RSI_RECOVERY_NOT_CONFIRMED
2026-09-16T07:37:24.395516+00:00,SIE_OLD_MR_1R_EXHAUSTION_CONFIRM_V1,BNB,BNBUSDT,strategy-lab-v1.0.0:SIE_OLD_MR_1R_EXHAUSTION_CONFIRM_V1,1789390800000,2026-09-14T13:00:00+00:00,719.88,723.19,716.91,721.03,62.159484893511596,721.5815,716.4164200393383,733.48245,3.953571428571414,0.005483227367198888,61.00051046452262,1.5,False,RSI_NOT_BELOW_34|CLOSE_NOT_NEAR_OR_BELOW_LOWER_BB|CLOSE_NOT_ABOVE_MA200
2026-09-16T07:37:24.395516+00:00,SIE_OLD_MR_1R_EXHAUSTION_CONFIRM_V1,BNB,BNBUSDT,strategy-lab-v1.0.0:SIE_OLD_MR_1R_EXHAUSTION_CONFIRM_V1,1789394400000,2026-09-14T14:00:00+00:00,720.96,723.36,719.7,721.68,58.8583737210554,721.5665,716.4043947124231,733.2897,3.762857142857123,0.005214024419212287,62.159484893511596,1.499999999999985,False,PLANNED_REWARD_TOO_LOW|RSI_NOT_BELOW_34|CLOSE_NOT_NEAR_OR_BELOW_LOWER_BB|CLOSE_NOT_ABOVE_MA200|RSI_RECOVERY_NOT_CONFIRMED
2026-09-16T07:37:24.395516+00:00,SIE_OLD_MR_1R_EXHAUSTION_CONFIRM_V1,BNB,BNBUSDT,strategy-lab-v1.0.0:SIE_OLD_MR_1R_EXHAUSTION_CONFIRM_V1,1789398000000,2026-09-14T15:00:00+00:00,721.2,722.8,720.13,722.38,58.61321776814725,721.646,716.4852039373727,733.1188999999999,3.560714285714263,0.004929142952067143,58.8583737210554,1.5,False,RSI_NOT_BELOW_34|CLOSE_NOT_NEAR_OR_BELOW_LOWER_BB|CLOSE_NOT_ABOVE_MA200|RSI_RECOVERY_NOT_CONFIRMED
2026-09-16T07:37:24.395516+00:00,SIE_OLD_MR_1R_EXHAUSTION_CONFIRM_V1,BNB,BNBUSDT,strategy-lab-v1.0.0:SIE_OLD_MR_1R_EXHAUSTION_CONFIRM_V1,1789401600000,2026-09-14T16:00:00+00:00,722.27,726.3,721.84,724.65,54.14165666266507,721.7785,716.4546544913447,732.9572499999999,3.466428571428545,0.004783590107539564,58.61321776814725,1.4999999999999836,False,PLANNED_REWARD_TOO_LOW|RSI_NOT_BELOW_34|CLOSE_NOT_NEAR_OR_BELOW_LOWER_BB|CLOSE_NOT_ABOVE_MA200|RSI_RECOVERY_NOT_CONFIRMED
2026-09-16T07:37:24.395516+00:00,SIE_OLD_MR_1R_EXHAUSTION_CONFIRM_V1,BNB,BNBUSDT,strategy-lab-v1.0.0:SIE_OLD_MR_1R_EXHAUSTION_CONFIRM_V1,1789405200000,2026-09-14T17:00:00+00:00,724.64,726.88,723.84,726.08,60.369728480647076,722.0219999999999,716.3879868654725,732.7995,3.4307142857142594,0.00472498111188059,54.14165666266507,1.5,False,RSI_NOT_BELOW_34|CLOSE_NOT_NEAR_OR_BELOW_LOWER_BB|CLOSE_NOT_ABOVE_MA200
2026-09-16T07:37:24.395516+00:00,SIE_OLD_MR_1R_EXHAUSTION_CONFIRM_V1,BNB,BNBUSDT,strategy-lab-v1.0.0:SIE_OLD_MR_1R_EXHAUSTION_CONFIRM_V1,1789408800000,2026-09-14T18:00:00+00:00,726.17,728.24,725.78,727.3,58.69957856712819,722.607,717.3442778906706,732.64705,3.3607142857142662,0.004620808862524772,60.369728480647076,1.5,False,RSI_NOT_BELOW_34|CLOSE_NOT_NEAR_OR_BELOW_LOWER_BB|CLOSE_NOT_ABOVE_MA200|RSI_RECOVERY_NOT_CONFIRMED
2026-09-16T07:37:24.395516+00:00,SIE_OLD_MR_1R_EXHAUSTION_CONFIRM_V1,BNB,BNBUSDT,strategy-lab-v1.0.0:SIE_OLD_MR_1R_EXHAUSTION_CONFIRM_V1,1789412400000,2026-09-14T19:00:00+00:00,726.98,726.98,724.97,725.49,52.362637362637415,723.0755,718.5961720370103,732.4848999999999,3.4049999999999727,0.004693379646859327,58.69957856712819,1.5,False,RSI_NOT_BELOW_34|CLOSE_NOT_NEAR_OR_BELOW_LOWER_BB|CLOSE_NOT_ABOVE_MA200|RSI_RECOVERY_NOT_CONFIRMED
2026-09-16T07:37:24.395516+00:00,SIE_OLD_MR_1R_EXHAUSTION_CONFIRM_V1,BNB,BNBUSDT,strategy-lab-v1.0.0:SIE_OLD_MR_1R_EXHAUSTION_CONFIRM_V1,1789416000000,2026-09-14T20:00:00+00:00,725.28,733.51,725.28,726.73,58.88463641334064,723.4925,719.2914150210904,732.3421,3.704999999999976,0.005098179516464128,52.362637362637415,1.5,False,RSI_NOT_BELOW_34|CLOSE_NOT_NEAR_OR_BELOW_LOWER_BB|CLOSE_NOT_ABOVE_MA200
2026-09-16T07:37:24.395516+00:00,SIE_OLD_MR_1R_EXHAUSTION_CONFIRM_V1,BNB,BNBUSDT,strategy-lab-v1.0.0:SIE_OLD_MR_1R_EXHAUSTION_CONFIRM_V1,1789419600000,2026-09-14T21:00:00+00:00,727.01,727.01,723.14,723.54,47.60273972602736,723.7095,719.9978832363755,732.2078,3.840714285714268,0.005308226615963552,58.88463641334064,1.5,False,RSI_NOT_BELOW_34|CLOSE_NOT_NEAR_OR_BELOW_LOWER_BB|CLOSE_NOT_ABOVE_MA200|RSI_RECOVERY_NOT_CONFIRMED
2026-09-16T07:37:24.395516+00:00,SIE_OLD_MR_1R_EXHAUSTION_CONFIRM_V1,BNB,BNBUSDT,strategy-lab-v1.0.0:SIE_OLD_MR_1R_EXHAUSTION_CONFIRM_V1,1789423200000,2026-09-14T22:00:00+00:00,723.6,724.77,717.0,722.42,47.278911564625844,723.667,719.9169594668832,732.1114499999999,4.237142857142836,0.0058652070224285546,47.60273972602736,1.5000000000000133,False,RSI_NOT_BELOW_34|CLOSE_NOT_NEAR_OR_BELOW_LOWER_BB|CLOSE_NOT_ABOVE_MA200|RSI_RECOVERY_NOT_CONFIRMED
2026-09-16T07:37:24.395516+00:00,SIE_OLD_MR_1R_EXHAUSTION_CONFIRM_V1,BNB,BNBUSDT,strategy-lab-v1.0.0:SIE_OLD_MR_1R_EXHAUSTION_CONFIRM_V1,1789426800000,2026-09-14T23:00:00+00:00,722.26,722.55,719.36,720.52,40.364826941066404,723.5685,719.6026897423075,731.9833,4.008571428571405,0.0055634422758166395,47.278911564625844,1.4999999999999858,False,PLANNED_REWARD_TOO_LOW|RSI_NOT_BELOW_34|CLOSE_NOT_NEAR_OR_BELOW_LOWER_BB|CLOSE_NOT_ABOVE_MA200|RSI_RECOVERY_NOT_CONFIRMED
2026-09-16T07:37:24.395516+00:00,SIE_OLD_MR_1R_EXHAUSTION_CONFIRM_V1,BNB,BNBUSDT,strategy-lab-v1.0.0:SIE_OLD_MR_1R_EXHAUSTION_CONFIRM_V1,1789430400000,2026-09-15T00:00:00+00:00,720.42,720.6,718.76,718.76,40.6500235515779,723.286,718.8260520182382,731.8391499999999,3.9671428571428384,0.005519426313571761,40.364826941066404,1.5,False,RSI_NOT_BELOW_34|CLOSE_NOT_ABOVE_MA200|RSI_RECOVERY_NOT_CONFIRMED
2026-09-16T07:37:24.395516+00:00,SIE_OLD_MR_1R_EXHAUSTION_CONFIRM_V1,BNB,BNBUSDT,strategy-lab-v1.0.0:SIE_OLD_MR_1R_EXHAUSTION_CONFIRM_V1,1789434000000,2026-09-15T01:00:00+00:00,719.03,721.06,718.23,720.61,47.549909255898285,723.085,718.5242478690437,731.7016500000001,3.994285714285695,0.005542922960111149,40.6500235515779,1.5,False,RSI_NOT_BELOW_34|CLOSE_NOT_NEAR_OR_BELOW_LOWER_BB|CLOSE_NOT_ABOVE_MA200
2026-09-16T07:37:24.395516+00:00,SIE_OLD_MR_1R_EXHAUSTION_CONFIRM_V1,BNB,BNBUSDT,strategy-lab-v1.0.0:SIE_OLD_MR_1R_EXHAUSTION_CONFIRM_V1,1789437600000,2026-09-15T02:00:00+00:00,720.39,722.2,719.9,721.36,53.450737743931576,722.979,718.361702522035,731.5603,3.923571428571417,0.005439130848080593,47.549909255898285,1.5,False,RSI_NOT_BELOW_34|CLOSE_NOT_NEAR_OR_BELOW_LOWER_BB|CLOSE_NOT_ABOVE_MA200
2026-09-16T07:37:24.395516+00:00,SIE_OLD_MR_1R_EXHAUSTION_CONFIRM_V1,BNB,BNBUSDT,strategy-lab-v1.0.0:SIE_OLD_MR_1R_EXHAUSTION_CONFIRM_V1,1789441200000,2026-09-15T03:00:00+00:00,721.49,722.26,718.96,721.15,50.29850746268657,722.8105,718.1844888672828,731.4218000000001,3.7107142857142645,0.005145551252463794,53.450737743931576,1.4999999999999847,False,PLANNED_REWARD_TOO_LOW|RSI_NOT_BELOW_34|CLOSE_NOT_NEAR_OR_BELOW_LOWER_BB|CLOSE_NOT_ABOVE_MA200|RSI_RECOVERY_NOT_CONFIRMED
2026-09-16T07:37:24.395516+00:00,SIE_OLD_MR_1R_EXHAUSTION_CONFIRM_V1,BNB,BNBUSDT,strategy-lab-v1.0.0:SIE_OLD_MR_1R_EXHAUSTION_CONFIRM_V1,1789444800000,2026-09-15T04:00:00+00:00,721.0,721.54,719.87,720.51,47.08810353409667,722.659,717.9409287839177,731.26825,3.5685714285714067,0.004952840944013833,50.29850746268657,1.5,False,RSI_NOT_BELOW_34|CLOSE_NOT_NEAR_OR_BELOW_LOWER_BB|CLOSE_NOT_ABOVE_MA200|RSI_RECOVERY_NOT_CONFIRMED
2026-09-16T07:37:24.395516+00:00,SIE_OLD_MR_1R_EXHAUSTION_CONFIRM_V1,BNB,BNBUSDT,strategy-lab-v1.0.0:SIE_OLD_MR_1R_EXHAUSTION_CONFIRM_V1,1789448400000,2026-09-15T05:00:00+00:00,720.73,722.05,718.4,722.05,49.211657907309984,722.5295,717.894586947954,731.1215000000001,3.638571428571408,0.005039223639043568,47.08810353409667,1.5,False,RSI_NOT_BELOW_34|CLOSE_NOT_NEAR_OR_BELOW_LOWER_BB|CLOSE_NOT_ABOVE_MA200
2026-09-16T07:37:24.395516+00:00,SIE_OLD_MR_1R_EXHAUSTION_CONFIRM_V1,BNB,BNBUSDT,strategy-lab-v1.0.0:SIE_OLD_MR_1R_EXHAUSTION_CONFIRM_V1,1789452000000,2026-09-15T06:00:00+00:00,721.98,723.27,717.46,718.32,35.86422510049137,722.309,717.3266435294103,730.95795,3.7349999999999812,0.005199632475776786,49.211657907309984,1.5000000000000153,False,RSI_NOT_BELOW_34|CLOSE_NOT_NEAR_OR_BELOW_LOWER_BB|CLOSE_NOT_ABOVE_MA200|RSI_RECOVERY_NOT_CONFIRMED
2026-09-16T07:37:24.395516+00:00,SIE_OLD_MR_1R_EXHAUSTION_CONFIRM_V1,BNB,BNBUSDT,strategy-lab-v1.0.0:SIE_OLD_MR_1R_EXHAUSTION_CONFIRM_V1,1789455600000,2026-09-15T07:00:00+00:00,718.53,719.0,714.43,714.43,26.559356136820654,721.946,715.8932406292643,730.7657,3.8442857142857014,0.005380913055562759,35.86422510049137,1.5,False,CLOSE_NOT_ABOVE_MA200|RSI_RECOVERY_NOT_CONFIRMED
2026-09-16T07:37:24.395516+00:00,SIE_OLD_MR_1R_EXHAUSTION_CONFIRM_V1,BNB,BNBUSDT,strategy-lab-v1.0.0:SIE_OLD_MR_1R_EXHAUSTION_CONFIRM_V1,1789459200000,2026-09-15T08:00:00+00:00,714.49,717.22,713.75,717.13,30.68742878845434,721.807,715.4533928355595,730.5994999999999,3.916428571428558,0.005461253289401584,26.559356136820654,1.4999999999999856,False,PLANNED_REWARD_TOO_LOW|CLOSE_NOT_NEAR_OR_BELOW_LOWER_BB|CLOSE_NOT_ABOVE_MA200
2026-09-16T07:37:24.395516+00:00,SIE_OLD_MR_1R_EXHAUSTION_CONFIRM_V1,BNB,BNBUSDT,strategy-lab-v1.0.0:SIE_OLD_MR_1R_EXHAUSTION_CONFIRM_V1,1789462800000,2026-09-15T09:00:00+00:00,716.98,718.29,716.49,717.58,34.16099319183034,721.6345,715.02374671463,730.4453500000001,3.878571428571417,0.005405071808817716,30.68742878845434,1.5,False,RSI_NOT_BELOW_34|CLOSE_NOT_NEAR_OR_BELOW_LOWER_BB|CLOSE_NOT_ABOVE_MA200
2026-09-16T07:37:24.395516+00:00,SIE_OLD_MR_1R_EXHAUSTION_CONFIRM_V1,BNB,BNBUSDT,strategy-lab-v1.0.0:SIE_OLD_MR_1R_EXHAUSTION_CONFIRM_V1,1789466400000,2026-09-15T10:00:00+00:00,717.45,719.96,717.25,719.69,36.37770897832832,721.535,714.8702974559976,730.303,3.484285714285704,0.004841370193118848,34.16099319183034,1.5,False,RSI_NOT_BELOW_34|CLOSE_NOT_NEAR_OR_BELOW_LOWER_BB|CLOSE_NOT_ABOVE_MA200
2026-09-16T07:37:24.395516+00:00,SIE_OLD_MR_1R_EXHAUSTION_CONFIRM_V1,BNB,BNBUSDT,strategy-lab-v1.0.0:SIE_OLD_MR_1R_EXHAUSTION_CONFIRM_V1,1789470000000,2026-09-15T11:00:00+00:00,719.57,720.0,717.16,718.74,39.830508474576426,721.3530000000001,714.5924257640321,730.1668,3.4107142857142776,0.00474540763796961,36.37770897832832,1.5,False,RSI_NOT_BELOW_34|CLOSE_NOT_NEAR_OR_BELOW_LOWER_BB|CLOSE_NOT_ABOVE_MA200|RSI_RECOVERY_NOT_CONFIRMED
2026-09-16T07:37:24.395516+00:00,SIE_OLD_MR_1R_EXHAUSTION_CONFIRM_V1,BNB,BNBUSDT,strategy-lab-v1.0.0:SIE_OLD_MR_1R_EXHAUSTION_CONFIRM_V1,1789473600000,2026-09-15T12:00:00+00:00,718.7,721.29,717.82,720.48,45.99504541701088,721.1445000000001,714.548299654344,730.0364,3.1035714285714158,0.004307644110275672,39.830508474576426,1.5000000000000182,False,RSI_NOT_BELOW_34|CLOSE_NOT_NEAR_OR_BELOW_LOWER_BB|CLOSE_NOT_ABOVE_MA200
2026-09-16T07:37:24.395516+00:00,SIE_OLD_MR_1R_EXHAUSTION_CONFIRM_V1,BNB,BNBUSDT,strategy-lab-v1.0.0:SIE_OLD_MR_1R_EXHAUSTION_CONFIRM_V1,1789477200000,2026-09-15T13:00:00+00:00,720.26,721.9,714.8,720.03,48.924022837066296,720.842,714.6355175823953,729.8947000000001,3.382857142857136,0.004698216939373548,45.99504541701088,1.5,False,RSI_NOT_BELOW_34|CLOSE_NOT_NEAR_OR_BELOW_LOWER_BB|CLOSE_NOT_ABOVE_MA200|RSI_RECOVERY_NOT_CONFIRMED
2026-09-16T07:37:24.395516+00:00,SIE_OLD_MR_1R_EXHAUSTION_CONFIRM_V1,BNB,BNBUSDT,strategy-lab-v1.0.0:SIE_OLD_MR_1R_EXHAUSTION_CONFIRM_V1,1789480800000,2026-09-15T14:00:00+00:00,720.24,721.09,711.0,715.32,43.312597200622236,720.243,714.3402409840787,729.7451000000001,3.97214285714285,0.005552959314911997,48.924022837066296,1.5,False,RSI_NOT_BELOW_34|CLOSE_NOT_NEAR_OR_BELOW_LOWER_BB|CLOSE_NOT_ABOVE_MA200|RSI_RECOVERY_NOT_CONFIRMED
2026-09-16T07:37:24.395516+00:00,SIE_OLD_MR_1R_EXHAUSTION_CONFIRM_V1,BNB,BNBUSDT,strategy-lab-v1.0.0:SIE_OLD_MR_1R_EXHAUSTION_CONFIRM_V1,1789484400000,2026-09-15T15:00:00+00:00,715.68,719.28,714.24,717.91,44.89795918367339,719.864,714.4004502381655,729.61625,4.1299999999999955,0.005752810240837982,43.312597200622236,1.4999999999999862,False,PLANNED_REWARD_TOO_LOW|RSI_NOT_BELOW_34|CLOSE_NOT_NEAR_OR_BELOW_LOWER_BB|CLOSE_NOT_ABOVE_MA200
2026-09-16T07:37:24.395516+00:00,SIE_OLD_MR_1R_EXHAUSTION_CONFIRM_V1,BNB,BNBUSDT,strategy-lab-v1.0.0:SIE_OLD_MR_1R_EXHAUSTION_CONFIRM_V1,1789488000000,2026-09-15T16:00:00+00:00,718.25,720.26,715.63,719.03,45.65784569511734,719.479,715.0104212550248,729.48645,4.296428571428562,0.0059753119778431524,44.89795918367339,1.5,False,RSI_NOT_BELOW_34|CLOSE_NOT_NEAR_OR_BELOW_LOWER_BB|CLOSE_NOT_ABOVE_MA200
2026-09-16T07:37:24.395516+00:00,SIE_OLD_MR_1R_EXHAUSTION_CONFIRM_V1,BNB,BNBUSDT,strategy-lab-v1.0.0:SIE_OLD_MR_1R_EXHAUSTION_CONFIRM_V1,1789491600000,2026-09-15T17:00:00+00:00,719.07,724.32,716.99,722.29,51.90763052208834,719.4165,715.1463043370304,729.3847999999999,4.584285714285711,0.006346876897486759,45.65784569511734,1.5,False,RSI_NOT_BELOW_34|CLOSE_NOT_NEAR_OR_BELOW_LOWER_BB|CLOSE_NOT_ABOVE_MA200
2026-09-16T07:37:24.395516+00:00,SIE_OLD_MR_1R_EXHAUSTION_CONFIRM_V1,BNB,BNBUSDT,strategy-lab-v1.0.0:SIE_OLD_MR_1R_EXHAUSTION_CONFIRM_V1,1789495200000,2026-09-15T18:00:00+00:00,722.32,724.54,706.48,718.06,46.34000597550038,719.1985,715.1231728965583,729.25705,5.7549999999999955,0.008014650586301974,51.90763052208834,1.5000000000000098,False,RSI_NOT_BELOW_34|CLOSE_NOT_NEAR_OR_BELOW_LOWER_BB|CLOSE_NOT_ABOVE_MA200|RSI_RECOVERY_NOT_CONFIRMED
2026-09-16T07:37:24.395516+00:00,SIE_OLD_MR_1R_EXHAUSTION_CONFIRM_V1,BNB,BNBUSDT,strategy-lab-v1.0.0:SIE_OLD_MR_1R_EXHAUSTION_CONFIRM_V1,1789498800000,2026-09-15T19:00:00+00:00,717.12,722.0,716.97,718.79,45.009185548071066,719.1120000000001,715.0793254532449,729.1267,5.853571428571423,0.008143646167269194,46.34000597550038,1.5000000000000098,False,RSI_NOT_BELOW_34|CLOSE_NOT_NEAR_OR_BELOW_LOWER_BB|CLOSE_NOT_ABOVE_MA200|RSI_RECOVERY_NOT_CONFIRMED
2026-09-16T07:37:24.395516+00:00,SIE_OLD_MR_1R_EXHAUSTION_CONFIRM_V1,BNB,BNBUSDT,strategy-lab-v1.0.0:SIE_OLD_MR_1R_EXHAUSTION_CONFIRM_V1,1789502400000,2026-09-15T20:00:00+00:00,719.28,719.99,711.8,714.78,44.62659380692159,718.913,714.4596277945755,728.9657,6.023571428571431,0.008427168399467572,45.009185548071066,1.4999999999999907,False,PLANNED_REWARD_TOO_LOW|RSI_NOT_BELOW_34|CLOSE_NOT_NEAR_OR_BELOW_LOWER_BB|CLOSE_NOT_ABOVE_MA200|RSI_RECOVERY_NOT_CONFIRMED
2026-09-16T07:37:24.395516+00:00,SIE_OLD_MR_1R_EXHAUSTION_CONFIRM_V1,BNB,BNBUSDT,strategy-lab-v1.0.0:SIE_OLD_MR_1R_EXHAUSTION_CONFIRM_V1,1789506000000,2026-09-15T21:00:00+00:00,714.77,714.96,710.27,710.86,44.5859872611466,718.4255,712.8329961779137,728.79345,6.03214285714286,0.0084856974047532,44.62659380692159,1.5,False,RSI_NOT_BELOW_34|CLOSE_NOT_ABOVE_MA200|RSI_RECOVERY_NOT_CONFIRMED
2026-09-16T07:37:24.395516+00:00,SIE_OLD_MR_1R_EXHAUSTION_CONFIRM_V1,BNB,BNBUSDT,strategy-lab-v1.0.0:SIE_OLD_MR_1R_EXHAUSTION_CONFIRM_V1,1789509600000,2026-09-15T22:00:00+00:00,710.73,714.0,708.41,712.84,43.34883720930239,717.9995,712.0777182579858,728.64065,6.183571428571432,0.008674557303983267,44.5859872611466,1.5,False,RSI_NOT_BELOW_34|CLOSE_NOT_NEAR_OR_BELOW_LOWER_BB|CLOSE_NOT_ABOVE_MA200|RSI_RECOVERY_NOT_CONFIRMED
2026-09-16T07:37:24.395516+00:00,SIE_OLD_MR_1R_EXHAUSTION_CONFIRM_V1,BNB,BNBUSDT,strategy-lab-v1.0.0:SIE_OLD_MR_1R_EXHAUSTION_CONFIRM_V1,1789513200000,2026-09-15T23:00:00+00:00,712.99,714.95,711.5,711.67,41.037306642402065,717.5255,711.1854543376994,728.5268,6.301428571428581,0.008854424903998457,43.34883720930239,1.500000000000009,False,RSI_NOT_BELOW_34|CLOSE_NOT_NEAR_OR_BELOW_LOWER_BB|CLOSE_NOT_ABOVE_MA200|RSI_RECOVERY_NOT_CONFIRMED
2026-09-16T07:37:24.395516+00:00,SIE_OLD_MR_1R_EXHAUSTION_CONFIRM_V1,BNB,BNBUSDT,strategy-lab-v1.0.0:SIE_OLD_MR_1R_EXHAUSTION_CONFIRM_V1,1789516800000,2026-09-16T00:00:00+00:00,711.6,715.49,711.37,713.66,40.821917808219055,717.183,710.7850375118278,728.3964500000001,6.402142857142865,0.008970858472021502,41.037306642402065,1.4999999999999911,False,PLANNED_REWARD_TOO_LOW|RSI_NOT_BELOW_34|CLOSE_NOT_NEAR_OR_BELOW_LOWER_BB|CLOSE_NOT_ABOVE_MA200|RSI_RECOVERY_NOT_CONFIRMED
2026-09-16T07:37:24.395516+00:00,SIE_OLD_MR_1R_EXHAUSTION_CONFIRM_V1,BNB,BNBUSDT,strategy-lab-v1.0.0:SIE_OLD_MR_1R_EXHAUSTION_CONFIRM_V1,1789520400000,2026-09-16T01:00:00+00:00,713.37,714.46,708.34,708.38,36.06777837547064,716.4995,709.4407282229794,728.23525,6.636428571428577,0.009368458414168352,40.821917808219055,1.4999999999999913,False,PLANNED_REWARD_TOO_LOW|RSI_NOT_BELOW_34|CLOSE_NOT_ABOVE_MA200|RSI_RECOVERY_NOT_CONFIRMED
2026-09-16T07:37:24.395516+00:00,SIE_OLD_MR_1R_EXHAUSTION_CONFIRM_V1,BNB,BNBUSDT,strategy-lab-v1.0.0:SIE_OLD_MR_1R_EXHAUSTION_CONFIRM_V1,1789524000000,2026-09-16T02:00:00+00:00,708.61,714.33,707.95,712.55,39.98990154001505,716.211,709.0033515623982,728.09955,6.844285714285726,0.00960534097857796,36.06777837547064,1.5000000000000082,False,RSI_NOT_BELOW_34|CLOSE_NOT_NEAR_OR_BELOW_LOWER_BB|CLOSE_NOT_ABOVE_MA200
2026-09-16T07:37:24.395516+00:00,SIE_OLD_MR_1R_EXHAUSTION_CONFIRM_V1,BNB,BNBUSDT,strategy-lab-v1.0.0:SIE_OLD_MR_1R_EXHAUSTION_CONFIRM_V1,1789527600000,2026-09-16T03:00:00+00:00,712.56,715.31,712.56,713.86,42.37706943414878,716.1825,708.9424727210413,727.96095,6.534285714285724,0.009153455459453848,39.98990154001505,1.5,False,RSI_NOT_BELOW_34|CLOSE_NOT_NEAR_OR_BELOW_LOWER_BB|CLOSE_NOT_ABOVE_MA200
2026-09-16T07:37:24.395516+00:00,SIE_OLD_MR_1R_EXHAUSTION_CONFIRM_V1,BNB,BNBUSDT,strategy-lab-v1.0.0:SIE_OLD_MR_1R_EXHAUSTION_CONFIRM_V1,1789531200000,2026-09-16T04:00:00+00:00,714.0,715.78,713.46,714.89,49.41560206577866,716.0705,708.8232674937211,727.8361499999999,5.979285714285717,0.00836392412019432,42.37706943414878,1.5000000000000095,False,RSI_NOT_BELOW_34|CLOSE_NOT_NEAR_OR_BELOW_LOWER_BB|CLOSE_NOT_ABOVE_MA200
2026-09-16T07:37:24.395516+00:00,SIE_OLD_MR_1R_EXHAUSTION_CONFIRM_V1,BNB,BNBUSDT,strategy-lab-v1.0.0:SIE_OLD_MR_1R_EXHAUSTION_CONFIRM_V1,1789534800000,2026-09-16T05:00:00+00:00,714.48,715.35,712.77,714.78,45.438647624599255,715.9304999999999,708.697150913991,727.7144499999999,5.803571428571437,0.008119381388079461,49.41560206577866,1.5000000000000098,False,RSI_NOT_BELOW_34|CLOSE_NOT_NEAR_OR_BELOW_LOWER_BB|CLOSE_NOT_ABOVE_MA200|RSI_RECOVERY_NOT_CONFIRMED
2026-09-16T07:37:24.395516+00:00,SIE_OLD_MR_1R_EXHAUSTION_CONFIRM_V1,BNB,BNBUSDT,strategy-lab-v1.0.0:SIE_OLD_MR_1R_EXHAUSTION_CONFIRM_V1,1789538400000,2026-09-16T06:00:00+00:00,714.96,714.96,711.36,713.75,42.28521332554067,715.6335,708.5558838052584,727.5917,5.73000000000001,0.008028021015761836,45.438647624599255,1.5,False,RSI_NOT_BELOW_34|CLOSE_NOT_NEAR_OR_BELOW_LOWER_BB|CLOSE_NOT_ABOVE_MA200|RSI_RECOVERY_NOT_CONFIRMED
2026-09-16T07:37:24.395516+00:00,SIE_OLD_MR_1R_EXHAUSTION_CONFIRM_V1,BNB,BNBUSDT,strategy-lab-v1.0.0:SIE_OLD_MR_1R_EXHAUSTION_CONFIRM_V1,1789542000000,2026-09-16T07:00:00+00:00,713.68,714.27,711.62,711.86,34.12480974124817,715.2895000000001,708.1805550009112,727.4522000000001,5.395714285714291,0.007579740799755979,42.28521332554067,1.5000000000000104,False,RSI_NOT_BELOW_34|CLOSE_NOT_NEAR_OR_BELOW_LOWER_BB|CLOSE_NOT_ABOVE_MA200|RSI_RECOVERY_NOT_CONFIRMED
2026-09-16T07:37:24.395516+00:00,SIE_OLD_MR_1R_EXHAUSTION_CONFIRM_V1,PAXG,PAXGUSDT,strategy-lab-v1.0.0:SIE_OLD_MR_1R_EXHAUSTION_CONFIRM_V1,1789326000000,2026-09-13T19:00:00+00:00,4352.96,4356.38,4347.03,4349.23,39.743231928550436,4352.928,4346.819004665199,4386.5517,4.480000000000018,0.0010300673912393731,44.904358733144804,1.5,False,RSI_NOT_BELOW_34|CLOSE_NOT_NEAR_OR_BELOW_LOWER_BB|CLOSE_NOT_ABOVE_MA200|RSI_RECOVERY_NOT_CONFIRMED
2026-09-16T07:37:24.395516+00:00,SIE_OLD_MR_1R_EXHAUSTION_CONFIRM_V1,PAXG,PAXGUSDT,strategy-lab-v1.0.0:SIE_OLD_MR_1R_EXHAUSTION_CONFIRM_V1,1789329600000,2026-09-13T20:00:00+00:00,4348.18,4349.38,4339.28,4347.98,39.9326977005038,4352.58,4346.182944427267,4386.1256,5.07857142857152,0.0011680300803066069,39.743231928550436,1.4999999999999105,False,PLANNED_REWARD_TOO_LOW|RSI_NOT_BELOW_34|CLOSE_NOT_NEAR_OR_BELOW_LOWER_BB|CLOSE_NOT_ABOVE_MA200|RSI_RECOVERY_NOT_CONFIRMED
2026-09-16T07:37:24.395516+00:00,SIE_OLD_MR_1R_EXHAUSTION_CONFIRM_V1,PAXG,PAXGUSDT,strategy-lab-v1.0.0:SIE_OLD_MR_1R_EXHAUSTION_CONFIRM_V1,1789333200000,2026-09-13T21:00:00+00:00,4347.93,4349.38,4329.6,4332.35,27.537649129668964,4351.5405,4340.659877821069,4385.62995,6.35071428571434,0.0014658820930244186,39.9326977005038,1.5,False,CLOSE_NOT_ABOVE_MA200|RSI_RECOVERY_NOT_CONFIRMED
2026-09-16T07:37:24.395516+00:00,SIE_OLD_MR_1R_EXHAUSTION_CONFIRM_V1,PAXG,PAXGUSDT,strategy-lab-v1.0.0:SIE_OLD_MR_1R_EXHAUSTION_CONFIRM_V1,1789336800000,2026-09-13T22:00:00+00:00,4337.58,4344.1,4331.15,4344.1,41.18303571428578,4350.93,4339.820558969927,4385.19605,7.174285714285816,0.0016515010506861754,27.537649129668964,1.5,False,RSI_NOT_BELOW_34|CLOSE_NOT_NEAR_OR_BELOW_LOWER_BB|CLOSE_NOT_ABOVE_MA200
2026-09-16T07:37:24.395516+00:00,SIE_OLD_MR_1R_EXHAUSTION_CONFIRM_V1,PAXG,PAXGUSDT,strategy-lab-v1.0.0:SIE_OLD_MR_1R_EXHAUSTION_CONFIRM_V1,1789340400000,2026-09-13T23:00:00+00:00,4344.48,4344.76,4333.47,4333.47,36.87892632781225,4349.8189999999995,4336.593222291272,4384.6982,7.6971428571429374,0.001776207717404975,41.18303571428578,1.5,False,RSI_NOT_BELOW_34|CLOSE_NOT_ABOVE_MA200|RSI_RECOVERY_NOT_CONFIRMED
2026-09-16T07:37:24.395516+00:00,SIE_OLD_MR_1R_EXHAUSTION_CONFIRM_V1,PAXG,PAXGUSDT,strategy-lab-v1.0.0:SIE_OLD_MR_1R_EXHAUSTION_CONFIRM_V1,1789344000000,2026-09-14T00:00:00+00:00,4334.87,4348.01,4331.87,4338.71,42.12310195227746,4348.9295,4335.236027869065,4384.21165,8.64928571428579,0.0019935155182728946,36.87892632781225,1.5,False,RSI_NOT_BELOW_34|CLOSE_NOT_NEAR_OR_BELOW_LOWER_BB|CLOSE_NOT_ABOVE_MA200
2026-09-16T07:37:24.395516+00:00,SIE_OLD_MR_1R_EXHAUSTION_CONFIRM_V1,PAXG,PAXGUSDT,strategy-lab-v1.0.0:SIE_OLD_MR_1R_EXHAUSTION_CONFIRM_V1,1789347600000,2026-09-14T01:00:00+00:00,4338.59,4356.0,4329.6,4352.17,49.72915685350915,4348.709,4335.378177219664,4383.7962,10.182142857142935,0.0023395554073354064,42.12310195227746,1.4999999999999554,False,PLANNED_REWARD_TOO_LOW|RSI_NOT_BELOW_34|CLOSE_NOT_NEAR_OR_BELOW_LOWER_BB|CLOSE_NOT_ABOVE_MA200
2026-09-16T07:37:24.395516+00:00,SIE_OLD_MR_1R_EXHAUSTION_CONFIRM_V1,PAXG,PAXGUSDT,strategy-lab-v1.0.0:SIE_OLD_MR_1R_EXHAUSTION_CONFIRM_V1,1789351200000,2026-09-14T02:00:00+00:00,4355.18,4357.49,4331.99,4331.99,41.08776026464245,4347.5505,4332.7206564741655,4383.27925,11.624285714285763,0.0026833593139147975,49.72915685350915,1.5,False,RSI_NOT_BELOW_34|CLOSE_NOT_ABOVE_MA200|RSI_RECOVERY_NOT_CONFIRMED
2026-09-16T07:37:24.395516+00:00,SIE_OLD_MR_1R_EXHAUSTION_CONFIRM_V1,PAXG,PAXGUSDT,strategy-lab-v1.0.0:SIE_OLD_MR_1R_EXHAUSTION_CONFIRM_V1,1789354800000,2026-09-14T03:00:00+00:00,4333.12,4338.83,4330.61,4333.62,41.77324742763734,4346.4655,4330.910626197851,4382.77475,12.026428571428628,0.0027751460837426053,41.08776026464245,1.5000000000000377,False,RSI_NOT_BELOW_34|CLOSE_NOT_NEAR_OR_BELOW_LOWER_BB|CLOSE_NOT_ABOVE_MA200
2026-09-16T07:37:24.395516+00:00,SIE_OLD_MR_1R_EXHAUSTION_CONFIRM_V1,PAXG,PAXGUSDT,strategy-lab-v1.0.0:SIE_OLD_MR_1R_EXHAUSTION_CONFIRM_V1,1789358400000,2026-09-14T04:00:00+00:00,4333.73,4334.34,4327.79,4334.01,43.06770168025954,4345.407999999999,4329.489774470727,4382.28045,12.068571428571497,0.0027846201159137836,41.77324742763734,1.5,False,RSI_NOT_BELOW_34|CLOSE_NOT_NEAR_OR_BELOW_LOWER_BB|CLOSE_NOT_ABOVE_MA200
2026-09-16T07:37:24.395516+00:00,SIE_OLD_MR_1R_EXHAUSTION_CONFIRM_V1,PAXG,PAXGUSDT,strategy-lab-v1.0.0:SIE_OLD_MR_1R_EXHAUSTION_CONFIRM_V1,1789362000000,2026-09-14T05:00:00+00:00,4332.75,4340.69,4330.41,4340.69,47.77714718123309,4344.85,4329.092573814204,4381.8085,12.34500000000006,0.0028440178865572203,43.06770168025954,1.5000000000000369,False,RSI_NOT_BELOW_34|CLOSE_NOT_NEAR_OR_BELOW_LOWER_BB|CLOSE_NOT_ABOVE_MA200
2026-09-16T07:37:24.395516+00:00,SIE_OLD_MR_1R_EXHAUSTION_CONFIRM_V1,PAXG,PAXGUSDT,strategy-lab-v1.0.0:SIE_OLD_MR_1R_EXHAUSTION_CONFIRM_V1,1789365600000,2026-09-14T06:00:00+00:00,4341.67,4341.67,4323.76,4325.06,36.197424119607334,4343.586499999999,4325.859867747909,4381.2671,12.887142857142928,0.0029796448736301756,47.77714718123309,1.5000000000000353,False,RSI_NOT_BELOW_34|CLOSE_NOT_ABOVE_MA200|RSI_RECOVERY_NOT_CONFIRMED
2026-09-16T07:37:24.395516+00:00,SIE_OLD_MR_1R_EXHAUSTION_CONFIRM_V1,PAXG,PAXGUSDT,strategy-lab-v1.0.0:SIE_OLD_MR_1R_EXHAUSTION_CONFIRM_V1,1789369200000,2026-09-14T07:00:00+00:00,4322.39,4328.01,4312.25,4315.33,34.27426232304266,4341.7215,4320.658509447828,4380.68215,13.730714285714384,0.0031818457188012004,36.197424119607334,1.500000000000033,False,RSI_NOT_BELOW_34|CLOSE_NOT_ABOVE_MA200|RSI_RECOVERY_NOT_CONFIRMED
2026-09-16T07:37:24.395516+00:00,SIE_OLD_MR_1R_EXHAUSTION_CONFIRM_V1,PAXG,PAXGUSDT,strategy-lab-v1.0.0:SIE_OLD_MR_1R_EXHAUSTION_CONFIRM_V1,1789372800000,2026-09-14T08:00:00+00:00,4316.06,4321.83,4308.77,4313.89,33.273839877613455,4339.9005,4316.014281818779,4380.0875,14.520714285714348,0.003366037215996316,34.27426232304266,1.5,False,CLOSE_NOT_ABOVE_MA200|RSI_RECOVERY_NOT_CONFIRMED
2026-09-16T07:37:24.395516+00:00,SIE_OLD_MR_1R_EXHAUSTION_CONFIRM_V1,PAXG,PAXGUSDT,strategy-lab-v1.0.0:SIE_OLD_MR_1R_EXHAUSTION_CONFIRM_V1,1789376400000,2026-09-14T09:00:00+00:00,4313.23,4314.15,4285.35,4291.95,28.87594040418935,4336.9615,4305.778251115367,4379.3886,15.909999999999984,0.0037069397360174243,33.273839877613455,1.5,False,CLOSE_NOT_ABOVE_MA200|RSI_RECOVERY_NOT_CONFIRMED
2026-09-16T07:37:24.395516+00:00,SIE_OLD_MR_1R_EXHAUSTION_CONFIRM_V1,PAXG,PAXGUSDT,strategy-lab-v1.0.0:SIE_OLD_MR_1R_EXHAUSTION_CONFIRM_V1,1789380000000,2026-09-14T10:00:00+00:00,4292.43,4302.75,4289.51,4301.96,34.05847304974374,4334.653499999999,4300.430611007382,4378.7413,16.134285714285657,0.0037504499610144346,28.87594040418935,1.5000000000000282,False,RSI_NOT_BELOW_34|CLOSE_NOT_NEAR_OR_BELOW_LOWER_BB|CLOSE_NOT_ABOVE_MA200
2026-09-16T07:37:24.395516+00:00,SIE_OLD_MR_1R_EXHAUSTION_CONFIRM_V1,PAXG,PAXGUSDT,strategy-lab-v1.0.0:SIE_OLD_MR_1R_EXHAUSTION_CONFIRM_V1,1789383600000,2026-09-14T11:00:00+00:00,4302.4,4304.53,4292.47,4293.48,35.83351556235854,4332.057999999999,4293.844696243309,4378.0441,15.582857142857067,0.0036294234846458045,34.05847304974374,1.5,False,RSI_NOT_BELOW_34|CLOSE_NOT_ABOVE_MA200|RSI_RECOVERY_NOT_CONFIRMED
2026-09-16T07:37:24.395516+00:00,SIE_OLD_MR_1R_EXHAUSTION_CONFIRM_V1,PAXG,PAXGUSDT,strategy-lab-v1.0.0:SIE_OLD_MR_1R_EXHAUSTION_CONFIRM_V1,1789387200000,2026-09-14T12:00:00+00:00,4296.16,4300.68,4275.0,4279.12,26.759656652360377,4328.2285,4285.214557481311,4377.27995,16.49214285714275,0.003854096836999839,35.83351556235854,1.5000000000000275,False,CLOSE_NOT_ABOVE_MA200|RSI_RECOVERY_NOT_CONFIRMED
2026-09-16T07:37:24.395516+00:00,SIE_OLD_MR_1R_EXHAUSTION_CONFIRM_V1,PAXG,PAXGUSDT,strategy-lab-v1.0.0:SIE_OLD_MR_1R_EXHAUSTION_CONFIRM_V1,1789390800000,2026-09-14T13:00:00+00:00,4278.8,4289.17,4264.5,4279.56,29.202993596173286,4324.596,4278.16194852911,4376.51305,17.447857142857043,0.004077021269209227,26.759656652360377,1.5,False,CLOSE_NOT_NEAR_OR_BELOW_LOWER_BB|CLOSE_NOT_ABOVE_MA200
2026-09-16T07:37:24.395516+00:00,SIE_OLD_MR_1R_EXHAUSTION_CONFIRM_V1,PAXG,PAXGUSDT,strategy-lab-v1.0.0:SIE_OLD_MR_1R_EXHAUSTION_CONFIRM_V1,1789394400000,2026-09-14T14:00:00+00:00,4279.34,4289.17,4272.15,4285.49,29.577897160399004,4321.2080000000005,4273.7543124298945,4375.78305,17.510714285714194,0.004086047169801865,29.202993596173286,1.5,False,CLOSE_NOT_NEAR_OR_BELOW_LOWER_BB|CLOSE_NOT_ABOVE_MA200
2026-09-16T07:37:24.395516+00:00,SIE_OLD_MR_1R_EXHAUSTION_CONFIRM_V1,PAXG,PAXGUSDT,strategy-lab-v1.0.0:SIE_OLD_MR_1R_EXHAUSTION_CONFIRM_V1,1789398000000,2026-09-14T15:00:00+00:00,4283.24,4304.27,4280.6,4295.0,27.376335575781596,4318.496499999999,4271.562835205938,4375.12985,17.315714285714225,0.004031598203891555,29.577897160399004,1.5,False,CLOSE_NOT_NEAR_OR_BELOW_LOWER_BB|CLOSE_NOT_ABOVE_MA200|RSI_RECOVERY_NOT_CONFIRMED
2026-09-16T07:37:24.395516+00:00,SIE_OLD_MR_1R_EXHAUSTION_CONFIRM_V1,PAXG,PAXGUSDT,strategy-lab-v1.0.0:SIE_OLD_MR_1R_EXHAUSTION_CONFIRM_V1,1789401600000,2026-09-14T16:00:00+00:00,4294.6,4323.09,4293.49,4320.41,45.5996352029184,4317.118,4272.150847721906,4374.59965,17.608571428571395,0.004075671389653156,27.376335575781596,1.5,False,RSI_NOT_BELOW_34|CLOSE_NOT_NEAR_OR_BELOW_LOWER_BB|CLOSE_NOT_ABOVE_MA200
2026-09-16T07:37:24.395516+00:00,SIE_OLD_MR_1R_EXHAUSTION_CONFIRM_V1,PAXG,PAXGUSDT,strategy-lab-v1.0.0:SIE_OLD_MR_1R_EXHAUSTION_CONFIRM_V1,1789405200000,2026-09-14T17:00:00+00:00,4321.28,4321.28,4313.77,4317.67,43.98975054638636,4316.384,4271.95936791372,4374.04255,17.557857142857042,0.004066512063880992,45.5996352029184,1.500000000000026,False,RSI_NOT_BELOW_34|CLOSE_NOT_NEAR_OR_BELOW_LOWER_BB|CLOSE_NOT_ABOVE_MA200|RSI_RECOVERY_NOT_CONFIRMED
2026-09-16T07:37:24.395516+00:00,SIE_OLD_MR_1R_EXHAUSTION_CONFIRM_V1,PAXG,PAXGUSDT,strategy-lab-v1.0.0:SIE_OLD_MR_1R_EXHAUSTION_CONFIRM_V1,1789408800000,2026-09-14T18:00:00+00:00,4318.05,4318.05,4310.25,4313.05,42.34589541338001,4314.831499999999,4272.258096436256,4373.45635,17.647142857142757,0.004091569273980769,43.98975054638636,1.4999999999999742,False,PLANNED_REWARD_TOO_LOW|RSI_NOT_BELOW_34|CLOSE_NOT_NEAR_OR_BELOW_LOWER_BB|CLOSE_NOT_ABOVE_MA200|RSI_RECOVERY_NOT_CONFIRMED
2026-09-16T07:37:24.395516+00:00,SIE_OLD_MR_1R_EXHAUSTION_CONFIRM_V1,PAXG,PAXGUSDT,strategy-lab-v1.0.0:SIE_OLD_MR_1R_EXHAUSTION_CONFIRM_V1,1789412400000,2026-09-14T19:00:00+00:00,4312.74,4312.74,4288.88,4289.78,33.418018370138824,4312.647,4269.6418453787055,4372.7529,18.639285714285638,0.0043450446676252955,42.34589541338001,1.5,False,CLOSE_NOT_NEAR_OR_BELOW_LOWER_BB|CLOSE_NOT_ABOVE_MA200|RSI_RECOVERY_NOT_CONFIRMED
2026-09-16T07:37:24.395516+00:00,SIE_OLD_MR_1R_EXHAUSTION_CONFIRM_V1,PAXG,PAXGUSDT,strategy-lab-v1.0.0:SIE_OLD_MR_1R_EXHAUSTION_CONFIRM_V1,1789416000000,2026-09-14T20:00:00+00:00,4290.51,4306.76,4288.51,4306.76,44.09143742735374,4311.0495,4269.693597652192,4372.1551,18.663571428571363,0.00433355270053854,33.418018370138824,1.5,False,RSI_NOT_BELOW_34|CLOSE_NOT_NEAR_OR_BELOW_LOWER_BB|CLOSE_NOT_ABOVE_MA200
2026-09-16T07:37:24.395516+00:00,SIE_OLD_MR_1R_EXHAUSTION_CONFIRM_V1,PAXG,PAXGUSDT,strategy-lab-v1.0.0:SIE_OLD_MR_1R_EXHAUSTION_CONFIRM_V1,1789419600000,2026-09-14T21:00:00+00:00,4306.21,4307.66,4303.05,4303.05,45.87476484815922,4308.5935,4271.704447274273,4371.5351,17.86714285714275,0.004152204333471084,44.09143742735374,1.5000000000000255,False,RSI_NOT_BELOW_34|CLOSE_NOT_NEAR_OR_BELOW_LOWER_BB|CLOSE_NOT_ABOVE_MA200|RSI_RECOVERY_NOT_CONFIRMED
2026-09-16T07:37:24.395516+00:00,SIE_OLD_MR_1R_EXHAUSTION_CONFIRM_V1,PAXG,PAXGUSDT,strategy-lab-v1.0.0:SIE_OLD_MR_1R_EXHAUSTION_CONFIRM_V1,1789423200000,2026-09-14T22:00:00+00:00,4305.36,4305.36,4300.0,4303.01,46.31036353771025,4307.1445,4271.801047155074,4370.92115,17.317142857142763,0.004024425427117939,45.87476484815922,1.5000000000000262,False,RSI_NOT_BELOW_34|CLOSE_NOT_NEAR_OR_BELOW_LOWER_BB|CLOSE_NOT_ABOVE_MA200|RSI_RECOVERY_NOT_CONFIRMED
2026-09-16T07:37:24.395516+00:00,SIE_OLD_MR_1R_EXHAUSTION_CONFIRM_V1,PAXG,PAXGUSDT,strategy-lab-v1.0.0:SIE_OLD_MR_1R_EXHAUSTION_CONFIRM_V1,1789426800000,2026-09-14T23:00:00+00:00,4302.37,4303.14,4293.41,4294.06,50.78467831907793,4305.1665,4271.58733784545,4370.259300000001,15.954999999999993,0.0037155978258338242,46.31036353771025,1.5,False,RSI_NOT_BELOW_34|CLOSE_NOT_NEAR_OR_BELOW_LOWER_BB|CLOSE_NOT_ABOVE_MA200|RSI_RECOVERY_NOT_CONFIRMED
2026-09-16T07:37:24.395516+00:00,SIE_OLD_MR_1R_EXHAUSTION_CONFIRM_V1,PAXG,PAXGUSDT,strategy-lab-v1.0.0:SIE_OLD_MR_1R_EXHAUSTION_CONFIRM_V1,1789430400000,2026-09-15T00:00:00+00:00,4294.55,4298.13,4283.71,4295.72,47.52577319587638,4303.252,4272.1979074516485,4369.61715,16.03928571428573,0.0037337828616124252,50.78467831907793,1.5000000000000284,False,RSI_NOT_BELOW_34|CLOSE_NOT_NEAR_OR_BELOW_LOWER_BB|CLOSE_NOT_ABOVE_MA200|RSI_RECOVERY_NOT_CONFIRMED
2026-09-16T07:37:24.395516+00:00,SIE_OLD_MR_1R_EXHAUSTION_CONFIRM_V1,PAXG,PAXGUSDT,strategy-lab-v1.0.0:SIE_OLD_MR_1R_EXHAUSTION_CONFIRM_V1,1789434000000,2026-09-15T01:00:00+00:00,4294.0,4309.37,4291.69,4309.37,56.052411061171775,4301.686,4275.576376180388,4369.0707,16.440714285714357,0.0038151085392329636,47.52577319587638,1.5,False,RSI_NOT_BELOW_34|CLOSE_NOT_NEAR_OR_BELOW_LOWER_BB|CLOSE_NOT_ABOVE_MA200
2026-09-16T07:37:24.395516+00:00,SIE_OLD_MR_1R_EXHAUSTION_CONFIRM_V1,PAXG,PAXGUSDT,strategy-lab-v1.0.0:SIE_OLD_MR_1R_EXHAUSTION_CONFIRM_V1,1789437600000,2026-09-15T02:00:00+00:00,4311.28,4319.01,4307.89,4314.2,64.40775423032693,4301.143,4276.595406961137,4368.54165,15.400714285714328,0.0035697729093955607,56.052411061171775,1.5000000000000295,False,RSI_NOT_BELOW_34|CLOSE_NOT_NEAR_OR_BELOW_LOWER_BB|CLOSE_NOT_ABOVE_MA200
2026-09-16T07:37:24.395516+00:00,SIE_OLD_MR_1R_EXHAUSTION_CONFIRM_V1,PAXG,PAXGUSDT,strategy-lab-v1.0.0:SIE_OLD_MR_1R_EXHAUSTION_CONFIRM_V1,1789441200000,2026-09-15T03:00:00+00:00,4314.54,4315.2,4298.62,4305.89,60.15739526271128,4300.671,4276.881384702529,4367.97,14.822857142857174,0.003442460709134969,64.40775423032693,1.5,False,RSI_NOT_BELOW_34|CLOSE_NOT_NEAR_OR_BELOW_LOWER_BB|CLOSE_NOT_ABOVE_MA200|RSI_RECOVERY_NOT_CONFIRMED
2026-09-16T07:37:24.395516+00:00,SIE_OLD_MR_1R_EXHAUSTION_CONFIRM_V1,PAXG,PAXGUSDT,strategy-lab-v1.0.0:SIE_OLD_MR_1R_EXHAUSTION_CONFIRM_V1,1789444800000,2026-09-15T04:00:00+00:00,4305.59,4310.17,4303.28,4305.64,58.12958928427365,4300.258500000001,4277.122921965259,4367.393599999999,14.099285714285738,0.003274608586478604,60.15739526271128,1.5000000000000322,False,RSI_NOT_BELOW_34|CLOSE_NOT_NEAR_OR_BELOW_LOWER_BB|CLOSE_NOT_ABOVE_MA200|RSI_RECOVERY_NOT_CONFIRMED
2026-09-16T07:37:24.395516+00:00,SIE_OLD_MR_1R_EXHAUSTION_CONFIRM_V1,PAXG,PAXGUSDT,strategy-lab-v1.0.0:SIE_OLD_MR_1R_EXHAUSTION_CONFIRM_V1,1789448400000,2026-09-15T05:00:00+00:00,4305.64,4308.19,4291.61,4292.68,49.089338985712146,4300.295,4277.209720274564,4366.764700000001,13.592857142857156,0.00316652001613378,58.12958928427365,1.5,False,RSI_NOT_BELOW_34|CLOSE_NOT_NEAR_OR_BELOW_LOWER_BB|CLOSE_NOT_ABOVE_MA200|RSI_RECOVERY_NOT_CONFIRMED
2026-09-16T07:37:24.395516+00:00,SIE_OLD_MR_1R_EXHAUSTION_CONFIRM_V1,PAXG,PAXGUSDT,strategy-lab-v1.0.0:SIE_OLD_MR_1R_EXHAUSTION_CONFIRM_V1,1789452000000,2026-09-15T06:00:00+00:00,4294.51,4296.26,4287.96,4292.74,36.4402626678426,4299.834000000001,4276.532900970091,4366.0942000000005,12.071428571428571,0.0028120567682712143,49.089338985712146,1.5000000000000377,False,RSI_NOT_BELOW_34|CLOSE_NOT_NEAR_OR_BELOW_LOWER_BB|CLOSE_NOT_ABOVE_MA200|RSI_RECOVERY_NOT_CONFIRMED
2026-09-16T07:37:24.395516+00:00,SIE_OLD_MR_1R_EXHAUSTION_CONFIRM_V1,PAXG,PAXGUSDT,strategy-lab-v1.0.0:SIE_OLD_MR_1R_EXHAUSTION_CONFIRM_V1,1789455600000,2026-09-15T07:00:00+00:00,4293.54,4294.55,4277.98,4279.15,32.937632884478774,4299.1175,4274.2502799100575,4365.383199999999,12.718571428571522,0.0029722191156121014,36.4402626678426,1.5,False,CLOSE_NOT_NEAR_OR_BELOW_LOWER_BB|CLOSE_NOT_ABOVE_MA200|RSI_RECOVERY_NOT_CONFIRMED
2026-09-16T07:37:24.395516+00:00,SIE_OLD_MR_1R_EXHAUSTION_CONFIRM_V1,PAXG,PAXGUSDT,strategy-lab-v1.0.0:SIE_OLD_MR_1R_EXHAUSTION_CONFIRM_V1,1789459200000,2026-09-15T08:00:00+00:00,4277.0,4277.12,4264.43,4264.98,30.368373764599838,4298.4105,4270.671123312668,4364.65315,13.212857142857176,0.003097988066264596,32.937632884478774,1.4999999999999656,False,PLANNED_REWARD_TOO_LOW|CLOSE_NOT_ABOVE_MA200|RSI_RECOVERY_NOT_CONFIRMED
2026-09-16T07:37:24.395516+00:00,SIE_OLD_MR_1R_EXHAUSTION_CONFIRM_V1,PAXG,PAXGUSDT,strategy-lab-v1.0.0:SIE_OLD_MR_1R_EXHAUSTION_CONFIRM_V1,1789462800000,2026-09-15T09:00:00+00:00,4265.44,4275.09,4264.18,4271.83,41.53381756438075,4298.023999999999,4269.056573189844,4363.98175,12.265714285714305,0.002871302061578833,30.368373764599838,1.500000000000037,False,RSI_NOT_BELOW_34|CLOSE_NOT_NEAR_OR_BELOW_LOWER_BB|CLOSE_NOT_ABOVE_MA200
2026-09-16T07:37:24.395516+00:00,SIE_OLD_MR_1R_EXHAUSTION_CONFIRM_V1,PAXG,PAXGUSDT,strategy-lab-v1.0.0:SIE_OLD_MR_1R_EXHAUSTION_CONFIRM_V1,1789466400000,2026-09-15T10:00:00+00:00,4272.41,4284.76,4272.26,4283.04,38.168395849959836,4297.9015,4268.703287537562,4363.3639,11.885714285714325,0.0027750649738770418,41.53381756438075,1.5,False,RSI_NOT_BELOW_34|CLOSE_NOT_NEAR_OR_BELOW_LOWER_BB|CLOSE_NOT_ABOVE_MA200|RSI_RECOVERY_NOT_CONFIRMED
2026-09-16T07:37:24.395516+00:00,SIE_OLD_MR_1R_EXHAUSTION_CONFIRM_V1,PAXG,PAXGUSDT,strategy-lab-v1.0.0:SIE_OLD_MR_1R_EXHAUSTION_CONFIRM_V1,1789470000000,2026-09-15T11:00:00+00:00,4283.58,4287.0,4281.03,4286.58,41.7707604676724,4297.4805,4267.886950381853,4362.7845,11.982857142857224,0.0027954353220649617,38.168395849959836,1.5,False,RSI_NOT_BELOW_34|CLOSE_NOT_NEAR_OR_BELOW_LOWER_BB|CLOSE_NOT_ABOVE_MA200
2026-09-16T07:37:24.395516+00:00,SIE_OLD_MR_1R_EXHAUSTION_CONFIRM_V1,PAXG,PAXGUSDT,strategy-lab-v1.0.0:SIE_OLD_MR_1R_EXHAUSTION_CONFIRM_V1,1789473600000,2026-09-15T12:00:00+00:00,4285.74,4297.11,4274.01,4294.65,46.13320999074899,4296.1925,4268.523160380094,4362.268550000001,13.250000000000066,0.003085233953872857,41.7707604676724,1.5,False,RSI_NOT_BELOW_34|CLOSE_NOT_NEAR_OR_BELOW_LOWER_BB|CLOSE_NOT_ABOVE_MA200
2026-09-16T07:37:24.395516+00:00,SIE_OLD_MR_1R_EXHAUSTION_CONFIRM_V1,PAXG,PAXGUSDT,strategy-lab-v1.0.0:SIE_OLD_MR_1R_EXHAUSTION_CONFIRM_V1,1789477200000,2026-09-15T13:00:00+00:00,4294.53,4298.69,4286.6,4297.18,51.534225019669506,4295.168,4269.296541131167,4361.78965,13.418571428571406,0.0031226458813853283,46.13320999074899,1.499999999999966,False,PLANNED_REWARD_TOO_LOW|RSI_NOT_BELOW_34|CLOSE_NOT_NEAR_OR_BELOW_LOWER_BB|CLOSE_NOT_ABOVE_MA200
2026-09-16T07:37:24.395516+00:00,SIE_OLD_MR_1R_EXHAUSTION_CONFIRM_V1,PAXG,PAXGUSDT,strategy-lab-v1.0.0:SIE_OLD_MR_1R_EXHAUSTION_CONFIRM_V1,1789480800000,2026-09-15T14:00:00+00:00,4296.04,4300.76,4275.0,4277.7,42.46025104602492,4293.400500000001,4267.828852047596,4361.21155,14.228571428571415,0.003326220031458825,51.534225019669506,1.5,False,RSI_NOT_BELOW_34|CLOSE_NOT_NEAR_OR_BELOW_LOWER_BB|CLOSE_NOT_ABOVE_MA200|RSI_RECOVERY_NOT_CONFIRMED
2026-09-16T07:37:24.395516+00:00,SIE_OLD_MR_1R_EXHAUSTION_CONFIRM_V1,PAXG,PAXGUSDT,strategy-lab-v1.0.0:SIE_OLD_MR_1R_EXHAUSTION_CONFIRM_V1,1789484400000,2026-09-15T15:00:00+00:00,4278.77,4293.24,4278.68,4290.1,41.85200845665988,4293.4165,4267.853534385626,4360.63725,14.07571428571425,0.0032809758014298615,42.46025104602492,1.5,False,RSI_NOT_BELOW_34|CLOSE_NOT_NEAR_OR_BELOW_LOWER_BB|CLOSE_NOT_ABOVE_MA200|RSI_RECOVERY_NOT_CONFIRMED
2026-09-16T07:37:24.395516+00:00,SIE_OLD_MR_1R_EXHAUSTION_CONFIRM_V1,PAXG,PAXGUSDT,strategy-lab-v1.0.0:SIE_OLD_MR_1R_EXHAUSTION_CONFIRM_V1,1789488000000,2026-09-15T16:00:00+00:00,4290.53,4297.88,4286.17,4296.34,42.53718870132059,4292.8955,4268.026261591844,4360.067050000001,14.117857142857117,0.003286019528914638,41.85200845665988,1.5,False,RSI_NOT_BELOW_34|CLOSE_NOT_NEAR_OR_BELOW_LOWER_BB|CLOSE_NOT_ABOVE_MA200
2026-09-16T07:37:24.395516+00:00,SIE_OLD_MR_1R_EXHAUSTION_CONFIRM_V1,PAXG,PAXGUSDT,strategy-lab-v1.0.0:SIE_OLD_MR_1R_EXHAUSTION_CONFIRM_V1,1789491600000,2026-09-15T17:00:00+00:00,4296.33,4298.71,4290.28,4293.88,44.723662244090995,4292.437,4267.999135854341,4359.5066,13.535714285714286,0.0031523270994332133,42.53718870132059,1.5000000000000335,False,RSI_NOT_BELOW_34|CLOSE_NOT_NEAR_OR_BELOW_LOWER_BB|CLOSE_NOT_ABOVE_MA200|RSI_RECOVERY_NOT_CONFIRMED
2026-09-16T07:37:24.395516+00:00,SIE_OLD_MR_1R_EXHAUSTION_CONFIRM_V1,PAXG,PAXGUSDT,strategy-lab-v1.0.0:SIE_OLD_MR_1R_EXHAUSTION_CONFIRM_V1,1789495200000,2026-09-15T18:00:00+00:00,4295.04,4308.15,4294.93,4307.51,50.73512068558844,4292.661999999999,4267.7604316959405,4359.08585,14.062857142857085,0.0032647300047723826,44.723662244090995,1.5,False,RSI_NOT_BELOW_34|CLOSE_NOT_NEAR_OR_BELOW_LOWER_BB|CLOSE_NOT_ABOVE_MA200
2026-09-16T07:37:24.395516+00:00,SIE_OLD_MR_1R_EXHAUSTION_CONFIRM_V1,PAXG,PAXGUSDT,strategy-lab-v1.0.0:SIE_OLD_MR_1R_EXHAUSTION_CONFIRM_V1,1789498800000,2026-09-15T19:00:00+00:00,4306.98,4309.52,4295.0,4296.11,51.36511979622674,4292.764499999999,4267.823911815241,4358.6274,13.915714285714264,0.003239142918992825,50.73512068558844,1.4999999999999674,False,PLANNED_REWARD_TOO_LOW|RSI_NOT_BELOW_34|CLOSE_NOT_NEAR_OR_BELOW_LOWER_BB|CLOSE_NOT_ABOVE_MA200|RSI_RECOVERY_NOT_CONFIRMED
2026-09-16T07:37:24.395516+00:00,SIE_OLD_MR_1R_EXHAUSTION_CONFIRM_V1,PAXG,PAXGUSDT,strategy-lab-v1.0.0:SIE_OLD_MR_1R_EXHAUSTION_CONFIRM_V1,1789502400000,2026-09-15T20:00:00+00:00,4296.62,4297.28,4290.99,4293.67,50.363252870869566,4292.662,4267.754011241337,4358.10485,13.772142857142821,0.0032075457259507184,51.36511979622674,1.500000000000033,False,RSI_NOT_BELOW_34|CLOSE_NOT_NEAR_OR_BELOW_LOWER_BB|CLOSE_NOT_ABOVE_MA200|RSI_RECOVERY_NOT_CONFIRMED
2026-09-16T07:37:24.395516+00:00,SIE_OLD_MR_1R_EXHAUSTION_CONFIRM_V1,PAXG,PAXGUSDT,strategy-lab-v1.0.0:SIE_OLD_MR_1R_EXHAUSTION_CONFIRM_V1,1789506000000,2026-09-15T21:00:00+00:00,4294.28,4295.66,4293.23,4295.66,57.091315179108314,4291.9765,4268.217408876775,4357.5661,12.762142857142797,0.0029709387747500495,50.363252870869566,1.4999999999999645,False,PLANNED_REWARD_TOO_LOW|RSI_NOT_BELOW_34|CLOSE_NOT_NEAR_OR_BELOW_LOWER_BB|CLOSE_NOT_ABOVE_MA200
2026-09-16T07:37:24.395516+00:00,SIE_OLD_MR_1R_EXHAUSTION_CONFIRM_V1,PAXG,PAXGUSDT,strategy-lab-v1.0.0:SIE_OLD_MR_1R_EXHAUSTION_CONFIRM_V1,1789509600000,2026-09-15T22:00:00+00:00,4296.07,4297.35,4289.28,4289.28,61.18578530657328,4290.7305,4269.2604795295465,4356.9356,12.287142857142888,0.0028646166389563956,57.091315179108314,1.500000000000037,False,RSI_NOT_BELOW_34|CLOSE_NOT_NEAR_OR_BELOW_LOWER_BB|CLOSE_NOT_ABOVE_MA200|RSI_RECOVERY_NOT_CONFIRMED
2026-09-16T07:37:24.395516+00:00,SIE_OLD_MR_1R_EXHAUSTION_CONFIRM_V1,PAXG,PAXGUSDT,strategy-lab-v1.0.0:SIE_OLD_MR_1R_EXHAUSTION_CONFIRM_V1,1789513200000,2026-09-15T23:00:00+00:00,4288.58,4288.64,4281.58,4282.36,54.84405189069813,4289.554,4268.975464191987,4356.276449999999,12.057857142857172,0.0028157037574741903,61.18578530657328,1.4999999999999623,False,PLANNED_REWARD_TOO_LOW|RSI_NOT_BELOW_34|CLOSE_NOT_NEAR_OR_BELOW_LOWER_BB|CLOSE_NOT_ABOVE_MA200|RSI_RECOVERY_NOT_CONFIRMED
2026-09-16T07:37:24.395516+00:00,SIE_OLD_MR_1R_EXHAUSTION_CONFIRM_V1,PAXG,PAXGUSDT,strategy-lab-v1.0.0:SIE_OLD_MR_1R_EXHAUSTION_CONFIRM_V1,1789516800000,2026-09-16T00:00:00+00:00,4283.89,4289.86,4279.34,4279.57,48.26967188590794,4288.2505,4268.632552630266,4355.6062,11.88571428571426,0.0027773150773826014,54.84405189069813,1.5,False,RSI_NOT_BELOW_34|CLOSE_NOT_NEAR_OR_BELOW_LOWER_BB|CLOSE_NOT_ABOVE_MA200|RSI_RECOVERY_NOT_CONFIRMED
2026-09-16T07:37:24.395516+00:00,SIE_OLD_MR_1R_EXHAUSTION_CONFIRM_V1,PAXG,PAXGUSDT,strategy-lab-v1.0.0:SIE_OLD_MR_1R_EXHAUSTION_CONFIRM_V1,1789520400000,2026-09-16T01:00:00+00:00,4281.61,4295.16,4280.52,4282.23,47.81165107153622,4287.728,4268.053218578047,4354.97825,12.572857142857108,0.002936053678307123,48.26967188590794,1.5,False,RSI_NOT_BELOW_34|CLOSE_NOT_NEAR_OR_BELOW_LOWER_BB|CLOSE_NOT_ABOVE_MA200|RSI_RECOVERY_NOT_CONFIRMED
2026-09-16T07:37:24.395516+00:00,SIE_OLD_MR_1R_EXHAUSTION_CONFIRM_V1,PAXG,PAXGUSDT,strategy-lab-v1.0.0:SIE_OLD_MR_1R_EXHAUSTION_CONFIRM_V1,1789524000000,2026-09-16T02:00:00+00:00,4283.11,4324.27,4283.11,4324.27,61.10527894421126,4289.3045,4264.022191185304,4354.54435,13.925714285714353,0.003220361884367616,47.81165107153622,1.5000000000000326,False,RSI_NOT_BELOW_34|CLOSE_NOT_NEAR_OR_BELOW_LOWER_BB|CLOSE_NOT_ABOVE_MA200
2026-09-16T07:37:24.395516+00:00,SIE_OLD_MR_1R_EXHAUSTION_CONFIRM_V1,PAXG,PAXGUSDT,strategy-lab-v1.0.0:SIE_OLD_MR_1R_EXHAUSTION_CONFIRM_V1,1789527600000,2026-09-16T03:00:00+00:00,4323.17,4341.07,4323.17,4327.86,61.41199226305578,4291.74,4261.871102464241,4354.1366499999995,14.340714285714382,0.003313580911978295,61.10527894421126,1.5,False,RSI_NOT_BELOW_34|CLOSE_NOT_NEAR_OR_BELOW_LOWER_BB|CLOSE_NOT_ABOVE_MA200
2026-09-16T07:37:24.395516+00:00,SIE_OLD_MR_1R_EXHAUSTION_CONFIRM_V1,PAXG,PAXGUSDT,strategy-lab-v1.0.0:SIE_OLD_MR_1R_EXHAUSTION_CONFIRM_V1,1789531200000,2026-09-16T04:00:00+00:00,4328.08,4329.54,4321.11,4323.56,69.2301241194233,4294.669,4264.385046559246,4353.6927,13.102857142857244,0.0030305713677749916,61.41199226305578,1.4999999999999654,False,PLANNED_REWARD_TOO_LOW|RSI_NOT_BELOW_34|CLOSE_NOT_NEAR_OR_BELOW_LOWER_BB|CLOSE_NOT_ABOVE_MA200|RSI_RECOVERY_NOT_CONFIRMED
2026-09-16T07:37:24.395516+00:00,SIE_OLD_MR_1R_EXHAUSTION_CONFIRM_V1,PAXG,PAXGUSDT,strategy-lab-v1.0.0:SIE_OLD_MR_1R_EXHAUSTION_CONFIRM_V1,1789534800000,2026-09-16T05:00:00+00:00,4322.85,4333.62,4321.61,4328.0,67.02911574406903,4297.4775,4265.800469283694,4353.263349999999,12.850714285714405,0.002969203855294456,69.2301241194233,1.5,False,RSI_NOT_BELOW_34|CLOSE_NOT_NEAR_OR_BELOW_LOWER_BB|CLOSE_NOT_ABOVE_MA200|RSI_RECOVERY_NOT_CONFIRMED
2026-09-16T07:37:24.395516+00:00,SIE_OLD_MR_1R_EXHAUSTION_CONFIRM_V1,PAXG,PAXGUSDT,strategy-lab-v1.0.0:SIE_OLD_MR_1R_EXHAUSTION_CONFIRM_V1,1789538400000,2026-09-16T06:00:00+00:00,4331.47,4334.64,4323.94,4334.64,67.14720630372511,4300.0575,4265.253323885605,4352.89365,12.778571428571597,0.0029480121598498598,67.02911574406903,1.4999999999999645,False,PLANNED_REWARD_TOO_LOW|RSI_NOT_BELOW_34|CLOSE_NOT_NEAR_OR_BELOW_LOWER_BB|CLOSE_NOT_ABOVE_MA200
2026-09-16T07:37:24.395516+00:00,SIE_OLD_MR_1R_EXHAUSTION_CONFIRM_V1,PAXG,PAXGUSDT,strategy-lab-v1.0.0:SIE_OLD_MR_1R_EXHAUSTION_CONFIRM_V1,1789542000000,2026-09-16T07:00:00+00:00,4333.07,4338.01,4332.22,4334.61,68.64073226544602,4302.459000000001,4265.166798187801,4352.44585,12.590000000000146,0.0029045288964866843,67.14720630372511,1.5,False,RSI_NOT_BELOW_34|CLOSE_NOT_NEAR_OR_BELOW_LOWER_BB|CLOSE_NOT_ABOVE_MA200|RSI_RECOVERY_NOT_CONFIRMED
2026-09-16T13:27:06.952279+00:00,SIE_OLD_MR_1R_EXHAUSTION_CONFIRM_V1,BTC,BTCUSDT,strategy-lab-v1.0.0:SIE_OLD_MR_1R_EXHAUSTION_CONFIRM_V1,1789545600000,2026-09-16T08:00:00+00:00,75690.46,75690.46,75271.81,75670.39,44.90351446696356,75921.22050000001,75165.24486162335,77601.64125,437.2014285714322,0.005777708144115977,32.64635297596739,1.4999999999999833,False,PLANNED_REWARD_TOO_LOW|RSI_NOT_BELOW_34|CLOSE_NOT_NEAR_OR_BELOW_LOWER_BB|CLOSE_NOT_ABOVE_MA200|RSI_RECOVERY_NOT_CONFIRMED
2026-09-16T13:27:06.952279+00:00,SIE_OLD_MR_1R_EXHAUSTION_CONFIRM_V1,BTC,BTCUSDT,strategy-lab-v1.0.0:SIE_OLD_MR_1R_EXHAUSTION_CONFIRM_V1,1789549200000,2026-09-16T09:00:00+00:00,75670.39,75929.81,75657.87,75924.05,46.13260936066084,75888.85500000001,75194.03531779461,77584.1919,420.30285714286066,0.005535832942827216,44.90351446696356,1.4999999999999827,False,PLANNED_REWARD_TOO_LOW|RSI_NOT_BELOW_34|CLOSE_NOT_NEAR_OR_BELOW_LOWER_BB|CLOSE_NOT_ABOVE_MA200
2026-09-16T13:27:06.952279+00:00,SIE_OLD_MR_1R_EXHAUSTION_CONFIRM_V1,BTC,BTCUSDT,strategy-lab-v1.0.0:SIE_OLD_MR_1R_EXHAUSTION_CONFIRM_V1,1789552800000,2026-09-16T10:00:00+00:00,75924.04,75980.47,75829.26,75920.0,50.96569787090234,75891.392,75196.50650245094,77569.2219,385.2378571428614,0.005074260499774255,46.13260936066084,1.5000000000000189,False,RSI_NOT_BELOW_34|CLOSE_NOT_NEAR_OR_BELOW_LOWER_BB|CLOSE_NOT_ABOVE_MA200|RSI_RECOVERY_NOT_CONFIRMED
2026-09-16T13:27:06.952279+00:00,SIE_OLD_MR_1R_EXHAUSTION_CONFIRM_V1,BTC,BTCUSDT,strategy-lab-v1.0.0:SIE_OLD_MR_1R_EXHAUSTION_CONFIRM_V1,1789556400000,2026-09-16T11:00:00+00:00,75930.4,76250.0,75804.45,76182.14,68.46141295480477,75877.1945,75219.23485052367,77555.75655,376.49071428571915,0.004941981339533375,50.96569787090234,1.4999999999999807,False,PLANNED_REWARD_TOO_LOW|RSI_NOT_BELOW_34|CLOSE_NOT_NEAR_OR_BELOW_LOWER_BB|CLOSE_NOT_ABOVE_MA200
2026-09-16T13:27:06.952279+00:00,SIE_OLD_MR_1R_EXHAUSTION_CONFIRM_V1,BTC,BTCUSDT,strategy-lab-v1.0.0:SIE_OLD_MR_1R_EXHAUSTION_CONFIRM_V1,1789560000000,2026-09-16T12:00:00+00:00,76182.14,76232.38,75722.4,75901.21,56.58021830516475,75855.725,75231.17141384426,77542.01325,367.6864285714338,0.004844276245022099,68.46141295480477,1.5,False,RSI_NOT_BELOW_34|CLOSE_NOT_NEAR_OR_BELOW_LOWER_BB|CLOSE_NOT_ABOVE_MA200|RSI_RECOVERY_NOT_CONFIRMED
2026-09-16T13:27:06.952279+00:00,SIE_OLD_MR_1R_EXHAUSTION_CONFIRM_V1,BTC,BTCUSDT,strategy-lab-v1.0.0:SIE_OLD_MR_1R_EXHAUSTION_CONFIRM_V1,1789563600000,2026-09-16T13:00:00+00:00,75899.72,75899.72,75606.4,75679.13,51.97798718557598,75794.1285,75396.15685139803,77527.6249,361.04500000000553,0.004770734018744739,56.58021830516475,1.4999999999999798,False,PLANNED_REWARD_TOO_LOW|RSI_NOT_BELOW_34|CLOSE_NOT_NEAR_OR_BELOW_LOWER_BB|CLOSE_NOT_ABOVE_MA200|RSI_RECOVERY_NOT_CONFIRMED
2026-09-16T13:27:06.952279+00:00,SIE_OLD_MR_1R_EXHAUSTION_CONFIRM_V1,SOL,SOLUSDT,strategy-lab-v1.0.0:SIE_OLD_MR_1R_EXHAUSTION_CONFIRM_V1,1789545600000,2026-09-16T08:00:00+00:00,96.88,96.97,96.31,96.97,37.79193205944794,97.74100000000001,95.41489682086129,101.34565,0.8300000000000024,0.008559348252036737,25.63718140929541,1.4999999999999913,False,PLANNED_REWARD_TOO_LOW|RSI_NOT_BELOW_34|CLOSE_NOT_NEAR_OR_BELOW_LOWER_BB|CLOSE_NOT_ABOVE_MA200
2026-09-16T13:27:06.952279+00:00,SIE_OLD_MR_1R_EXHAUSTION_CONFIRM_V1,SOL,SOLUSDT,strategy-lab-v1.0.0:SIE_OLD_MR_1R_EXHAUSTION_CONFIRM_V1,1789549200000,2026-09-16T09:00:00+00:00,96.95,97.27,96.94,97.21,43.5344827586206,97.5755,95.62280468326489,101.30995000000001,0.7707142857142882,0.007928343644833745,37.79193205944794,1.5,False,RSI_NOT_BELOW_34|CLOSE_NOT_NEAR_OR_BELOW_LOWER_BB|CLOSE_NOT_ABOVE_MA200
2026-09-16T13:27:06.952279+00:00,SIE_OLD_MR_1R_EXHAUSTION_CONFIRM_V1,SOL,SOLUSDT,strategy-lab-v1.0.0:SIE_OLD_MR_1R_EXHAUSTION_CONFIRM_V1,1789552800000,2026-09-16T10:00:00+00:00,97.22,97.3,97.04,97.2,47.98099762470306,97.49549999999999,95.62046960024664,101.27955,0.6871428571428585,0.0070693709582598605,43.5344827586206,1.5000000000000104,False,RSI_NOT_BELOW_34|CLOSE_NOT_NEAR_OR_BELOW_LOWER_BB|CLOSE_NOT_ABOVE_MA200|RSI_RECOVERY_NOT_CONFIRMED
2026-09-16T13:27:06.952279+00:00,SIE_OLD_MR_1R_EXHAUSTION_CONFIRM_V1,SOL,SOLUSDT,strategy-lab-v1.0.0:SIE_OLD_MR_1R_EXHAUSTION_CONFIRM_V1,1789556400000,2026-09-16T11:00:00+00:00,97.22,98.23,96.94,97.94,68.14814814814821,97.4265,95.73225946217805,101.2526,0.7142857142857153,0.00729309489775082,47.98099762470306,1.5,False,RSI_NOT_BELOW_34|CLOSE_NOT_NEAR_OR_BELOW_LOWER_BB|CLOSE_NOT_ABOVE_MA200
2026-09-16T13:27:06.952279+00:00,SIE_OLD_MR_1R_EXHAUSTION_CONFIRM_V1,SOL,SOLUSDT,strategy-lab-v1.0.0:SIE_OLD_MR_1R_EXHAUSTION_CONFIRM_V1,1789560000000,2026-09-16T12:00:00+00:00,97.92,98.03,97.1,97.49,55.26992287917736,97.349,95.8236947846417,101.2251,0.7078571428571446,0.007260817959351161,68.14814814814821,1.50000000000001,False,RSI_NOT_BELOW_34|CLOSE_NOT_NEAR_OR_BELOW_LOWER_BB|CLOSE_NOT_ABOVE_MA200|RSI_RECOVERY_NOT_CONFIRMED
2026-09-16T13:27:06.952279+00:00,SIE_OLD_MR_1R_EXHAUSTION_CONFIRM_V1,SOL,SOLUSDT,strategy-lab-v1.0.0:SIE_OLD_MR_1R_EXHAUSTION_CONFIRM_V1,1789563600000,2026-09-16T13:00:00+00:00,97.49,97.49,96.88,97.16,54.292929292929365,97.1995,96.37780723503296,101.19615,0.6942857142857163,0.007145797800388188,55.26992287917736,1.5,False,RSI_NOT_BELOW_34|CLOSE_NOT_NEAR_OR_BELOW_LOWER_BB|CLOSE_NOT_ABOVE_MA200|RSI_RECOVERY_NOT_CONFIRMED
2026-09-16T13:27:06.952279+00:00,SIE_OLD_MR_1R_EXHAUSTION_CONFIRM_V1,XRP,XRPUSDT,strategy-lab-v1.0.0:SIE_OLD_MR_1R_EXHAUSTION_CONFIRM_V1,1789545600000,2026-09-16T08:00:00+00:00,1.284,1.2846,1.276,1.2836,33.4423548650859,1.31714,1.2235899620523867,1.3772650000000002,0.01801428571428573,0.014034189556159028,20.2475247524753,1.5000000000000062,False,CLOSE_NOT_NEAR_OR_BELOW_LOWER_BB|CLOSE_NOT_ABOVE_MA200|RSI_RECOVERY_NOT_CONFIRMED
2026-09-16T13:27:06.952279+00:00,SIE_OLD_MR_1R_EXHAUSTION_CONFIRM_V1,XRP,XRPUSDT,strategy-lab-v1.0.0:SIE_OLD_MR_1R_EXHAUSTION_CONFIRM_V1,1789549200000,2026-09-16T09:00:00+00:00,1.2837,1.2913,1.2819,1.2904,47.84353059177535,1.3109350000000002,1.2282016143567187,1.3766965,0.01612857142857143,0.012498892923567444,33.4423548650859,1.5000000000000069,False,RSI_NOT_BELOW_34|CLOSE_NOT_NEAR_OR_BELOW_LOWER_BB|CLOSE_NOT_ABOVE_MA200
2026-09-16T13:27:06.952279+00:00,SIE_OLD_MR_1R_EXHAUSTION_CONFIRM_V1,XRP,XRPUSDT,strategy-lab-v1.0.0:SIE_OLD_MR_1R_EXHAUSTION_CONFIRM_V1,1789552800000,2026-09-16T10:00:00+00:00,1.2906,1.2915,1.2846,1.2882,47.65234765234769,1.3061450000000001,1.2300614018989644,1.3761805,0.013885714285714295,0.010779160290105802,47.84353059177535,1.5,False,RSI_NOT_BELOW_34|CLOSE_NOT_NEAR_OR_BELOW_LOWER_BB|CLOSE_NOT_ABOVE_MA200|RSI_RECOVERY_NOT_CONFIRMED
2026-09-16T13:27:06.952279+00:00,SIE_OLD_MR_1R_EXHAUSTION_CONFIRM_V1,XRP,XRPUSDT,strategy-lab-v1.0.0:SIE_OLD_MR_1R_EXHAUSTION_CONFIRM_V1,1789556400000,2026-09-16T11:00:00+00:00,1.2886,1.2973,1.2852,1.2947,60.08869179600885,1.30144,1.235409752385744,1.375681,0.013214285714285734,0.010206446060311836,47.65234765234769,1.5,False,RSI_NOT_BELOW_34|CLOSE_NOT_NEAR_OR_BELOW_LOWER_BB|CLOSE_NOT_ABOVE_MA200
2026-09-16T13:27:06.952279+00:00,SIE_OLD_MR_1R_EXHAUSTION_CONFIRM_V1,XRP,XRPUSDT,strategy-lab-v1.0.0:SIE_OLD_MR_1R_EXHAUSTION_CONFIRM_V1,1789560000000,2026-09-16T12:00:00+00:00,1.2947,1.2954,1.2779,1.2818,46.4989059080963,1.296195,1.2425923330887356,1.3751375000000001,0.013328571428571452,0.010398323785747739,60.08869179600885,1.5000000000000084,False,RSI_NOT_BELOW_34|CLOSE_NOT_NEAR_OR_BELOW_LOWER_BB|CLOSE_NOT_ABOVE_MA200|RSI_RECOVERY_NOT_CONFIRMED
2026-09-16T13:27:06.952279+00:00,SIE_OLD_MR_1R_EXHAUSTION_CONFIRM_V1,XRP,XRPUSDT,strategy-lab-v1.0.0:SIE_OLD_MR_1R_EXHAUSTION_CONFIRM_V1,1789563600000,2026-09-16T13:00:00+00:00,1.2816,1.2822,1.2695,1.2739,45.50321199143471,1.2896800000000002,1.268003690350985,1.3745714999999998,0.01311428571428573,0.010294595897861471,46.4989059080963,1.4999999999999916,False,PLANNED_REWARD_TOO_LOW|RSI_NOT_BELOW_34|CLOSE_NOT_NEAR_OR_BELOW_LOWER_BB|CLOSE_NOT_ABOVE_MA200|RSI_RECOVERY_NOT_CONFIRMED
2026-09-16T13:27:06.952279+00:00,SIE_OLD_MR_1R_EXHAUSTION_CONFIRM_V1,DOGE,DOGEUSDT,strategy-lab-v1.0.0:SIE_OLD_MR_1R_EXHAUSTION_CONFIRM_V1,1789545600000,2026-09-16T08:00:00+00:00,0.0796,0.07962,0.07908,0.07943,35.44857768052525,0.08050349999999999,0.07868917615900653,0.08511675,0.0007092857142857129,0.008929695509073559,28.27225130890065,1.5,False,RSI_NOT_BELOW_34|CLOSE_NOT_NEAR_OR_BELOW_LOWER_BB|CLOSE_NOT_ABOVE_MA200|RSI_RECOVERY_NOT_CONFIRMED
2026-09-16T13:27:06.952279+00:00,SIE_OLD_MR_1R_EXHAUSTION_CONFIRM_V1,DOGE,DOGEUSDT,strategy-lab-v1.0.0:SIE_OLD_MR_1R_EXHAUSTION_CONFIRM_V1,1789549200000,2026-09-16T09:00:00+00:00,0.07946,0.0799,0.07946,0.07984,40.28340080971661,0.0803545,0.07886527906273205,0.08506,0.0006871428571428555,0.008606498711709112,35.44857768052525,1.5,False,RSI_NOT_BELOW_34|CLOSE_NOT_NEAR_OR_BELOW_LOWER_BB|CLOSE_NOT_ABOVE_MA200
2026-09-16T13:27:06.952279+00:00,SIE_OLD_MR_1R_EXHAUSTION_CONFIRM_V1,DOGE,DOGEUSDT,strategy-lab-v1.0.0:SIE_OLD_MR_1R_EXHAUSTION_CONFIRM_V1,1789552800000,2026-09-16T10:00:00+00:00,0.07985,0.07997,0.07965,0.07997,45.01061571125269,0.0802925,0.0788483410752285,0.08501015,0.000625714285714284,0.007824362707443841,40.28340080971661,1.5,False,RSI_NOT_BELOW_34|CLOSE_NOT_NEAR_OR_BELOW_LOWER_BB|CLOSE_NOT_ABOVE_MA200
2026-09-16T13:27:06.952279+00:00,SIE_OLD_MR_1R_EXHAUSTION_CONFIRM_V1,DOGE,DOGEUSDT,strategy-lab-v1.0.0:SIE_OLD_MR_1R_EXHAUSTION_CONFIRM_V1,1789556400000,2026-09-16T11:00:00+00:00,0.07997,0.08033,0.07981,0.08013,57.721518987341895,0.08021550000000001,0.07891640069663743,0.0849609,0.000592857142857141,0.007398691412169486,45.01061571125269,1.5,False,RSI_NOT_BELOW_34|CLOSE_NOT_NEAR_OR_BELOW_LOWER_BB|CLOSE_NOT_ABOVE_MA200
2026-09-16T13:27:06.952279+00:00,SIE_OLD_MR_1R_EXHAUSTION_CONFIRM_V1,DOGE,DOGEUSDT,strategy-lab-v1.0.0:SIE_OLD_MR_1R_EXHAUSTION_CONFIRM_V1,1789560000000,2026-09-16T12:00:00+00:00,0.08011,0.08025,0.0792,0.07932,40.09661835748795,0.08010400000000001,0.07890311032979833,0.08490935000000001,0.0006007142857142837,0.007573301635328842,57.721518987341895,1.5,False,RSI_NOT_BELOW_34|CLOSE_NOT_NEAR_OR_BELOW_LOWER_BB|CLOSE_NOT_ABOVE_MA200|RSI_RECOVERY_NOT_CONFIRMED
2026-09-16T13:27:06.952279+00:00,SIE_OLD_MR_1R_EXHAUSTION_CONFIRM_V1,DOGE,DOGEUSDT,strategy-lab-v1.0.0:SIE_OLD_MR_1R_EXHAUSTION_CONFIRM_V1,1789563600000,2026-09-16T13:00:00+00:00,0.0793,0.07931,0.0788,0.07898,37.98627002288327,0.0799485,0.07904891620735084,0.08485630000000001,0.0005921428571428555,0.007497377274536029,40.09661835748795,1.5000000000000118,False,RSI_NOT_BELOW_34|CLOSE_NOT_ABOVE_MA200|RSI_RECOVERY_NOT_CONFIRMED
2026-09-16T13:27:06.952279+00:00,SIE_OLD_MR_1R_EXHAUSTION_CONFIRM_V1,BNB,BNBUSDT,strategy-lab-v1.0.0:SIE_OLD_MR_1R_EXHAUSTION_CONFIRM_V1,1789545600000,2026-09-16T08:00:00+00:00,708.86,708.98,703.68,706.96,33.44272076372327,714.482,706.6456779035007,727.27345,4.699285714285728,0.006647173410498087,31.59526493799332,1.5,False,CLOSE_NOT_NEAR_OR_BELOW_LOWER_BB|CLOSE_NOT_ABOVE_MA200|RSI_RECOVERY_NOT_CONFIRMED
2026-09-16T13:27:06.952279+00:00,SIE_OLD_MR_1R_EXHAUSTION_CONFIRM_V1,BNB,BNBUSDT,strategy-lab-v1.0.0:SIE_OLD_MR_1R_EXHAUSTION_CONFIRM_V1,1789549200000,2026-09-16T09:00:00+00:00,707.17,710.31,706.95,710.31,38.26784726065295,713.996,706.3941439108539,727.1128,4.580000000000008,0.006447888949895128,33.44272076372327,1.4999999999999876,False,PLANNED_REWARD_TOO_LOW|RSI_NOT_BELOW_34|CLOSE_NOT_NEAR_OR_BELOW_LOWER_BB|CLOSE_NOT_ABOVE_MA200
2026-09-16T13:27:06.952279+00:00,SIE_OLD_MR_1R_EXHAUSTION_CONFIRM_V1,BNB,BNBUSDT,strategy-lab-v1.0.0:SIE_OLD_MR_1R_EXHAUSTION_CONFIRM_V1,1789552800000,2026-09-16T10:00:00+00:00,710.4,711.34,710.07,710.89,44.05380617548151,713.7745,706.082242919007,726.9753,4.085714285714289,0.005747322772460281,38.26784726065295,1.499999999999986,False,PLANNED_REWARD_TOO_LOW|RSI_NOT_BELOW_34|CLOSE_NOT_NEAR_OR_BELOW_LOWER_BB|CLOSE_NOT_ABOVE_MA200
2026-09-16T13:27:06.952279+00:00,SIE_OLD_MR_1R_EXHAUSTION_CONFIRM_V1,BNB,BNBUSDT,strategy-lab-v1.0.0:SIE_OLD_MR_1R_EXHAUSTION_CONFIRM_V1,1789556400000,2026-09-16T11:00:00+00:00,710.8,715.42,710.59,713.7,54.493670886075996,713.564,706.1091883994235,726.8301999999999,4.09571428571428,0.0057387057387057305,44.05380617548151,1.500000000000014,False,RSI_NOT_BELOW_34|CLOSE_NOT_NEAR_OR_BELOW_LOWER_BB|CLOSE_NOT_ABOVE_MA200
2026-09-16T13:27:06.952279+00:00,SIE_OLD_MR_1R_EXHAUSTION_CONFIRM_V1,BNB,BNBUSDT,strategy-lab-v1.0.0:SIE_OLD_MR_1R_EXHAUSTION_CONFIRM_V1,1789560000000,2026-09-16T12:00:00+00:00,713.55,714.09,711.48,712.36,49.224806201550365,713.2305,706.1988701035897,726.66475,3.882857142857136,0.005450695073919276,54.493670886075996,1.5,False,RSI_NOT_BELOW_34|CLOSE_NOT_NEAR_OR_BELOW_LOWER_BB|CLOSE_NOT_ABOVE_MA200|RSI_RECOVERY_NOT_CONFIRMED
2026-09-16T13:27:06.952279+00:00,SIE_OLD_MR_1R_EXHAUSTION_CONFIRM_V1,BNB,BNBUSDT,strategy-lab-v1.0.0:SIE_OLD_MR_1R_EXHAUSTION_CONFIRM_V1,1789563600000,2026-09-16T13:00:00+00:00,712.06,712.22,709.88,711.5,49.72267536704737,712.691,706.9933166111047,726.4675500000001,3.8135714285714193,0.00535990362413411,49.224806201550365,1.5000000000000149,False,RSI_NOT_BELOW_34|CLOSE_NOT_NEAR_OR_BELOW_LOWER_BB|CLOSE_NOT_ABOVE_MA200|RSI_RECOVERY_NOT_CONFIRMED
2026-09-16T13:27:06.952279+00:00,SIE_OLD_MR_1R_EXHAUSTION_CONFIRM_V1,PAXG,PAXGUSDT,strategy-lab-v1.0.0:SIE_OLD_MR_1R_EXHAUSTION_CONFIRM_V1,1789545600000,2026-09-16T08:00:00+00:00,4329.31,4336.78,4324.02,4330.85,61.1206403659234,4303.942,4265.792659979468,4351.9314,12.791428571428696,0.0029535607493745325,64.76379652819743,1.5,False,RSI_NOT_BELOW_34|CLOSE_NOT_NEAR_OR_BELOW_LOWER_BB|CLOSE_NOT_ABOVE_MA200|RSI_RECOVERY_NOT_CONFIRMED
2026-09-16T13:27:06.952279+00:00,SIE_OLD_MR_1R_EXHAUSTION_CONFIRM_V1,PAXG,PAXGUSDT,strategy-lab-v1.0.0:SIE_OLD_MR_1R_EXHAUSTION_CONFIRM_V1,1789549200000,2026-09-16T09:00:00+00:00,4331.01,4339.71,4328.5,4339.69,71.28345379957037,4306.067499999999,4265.034097569757,4351.44545,12.555000000000096,0.002893063790270756,61.1206403659234,1.5,False,RSI_NOT_BELOW_34|CLOSE_NOT_NEAR_OR_BELOW_LOWER_BB|CLOSE_NOT_ABOVE_MA200
2026-09-16T13:27:06.952279+00:00,SIE_OLD_MR_1R_EXHAUSTION_CONFIRM_V1,PAXG,PAXGUSDT,strategy-lab-v1.0.0:SIE_OLD_MR_1R_EXHAUSTION_CONFIRM_V1,1789552800000,2026-09-16T10:00:00+00:00,4339.7,4350.87,4338.08,4349.14,75.35423713319321,4309.639499999999,4266.711555499915,4351.07655,13.019285714285811,0.0029935310691966252,71.28345379957037,1.4999999999999651,False,PLANNED_REWARD_TOO_LOW|RSI_NOT_BELOW_34|CLOSE_NOT_NEAR_OR_BELOW_LOWER_BB|CLOSE_NOT_ABOVE_MA200
2026-09-16T13:27:06.952279+00:00,SIE_OLD_MR_1R_EXHAUSTION_CONFIRM_V1,PAXG,PAXGUSDT,strategy-lab-v1.0.0:SIE_OLD_MR_1R_EXHAUSTION_CONFIRM_V1,1789556400000,2026-09-16T11:00:00+00:00,4351.54,4354.69,4338.82,4341.08,69.66914948900039,4312.1885,4268.163945362817,4350.59245,13.979285714285782,0.0032202322266085357,75.35423713319321,1.5,False,RSI_NOT_BELOW_34|CLOSE_NOT_NEAR_OR_BELOW_LOWER_BB|CLOSE_NOT_ABOVE_MA200|RSI_RECOVERY_NOT_CONFIRMED
2026-09-16T13:27:06.952279+00:00,SIE_OLD_MR_1R_EXHAUSTION_CONFIRM_V1,PAXG,PAXGUSDT,strategy-lab-v1.0.0:SIE_OLD_MR_1R_EXHAUSTION_CONFIRM_V1,1789560000000,2026-09-16T12:00:00+00:00,4340.44,4350.31,4334.35,4350.31,75.79240977094074,4314.887,4268.524854191135,4350.16335,14.54285714285717,0.003342947317054915,69.66914948900039,1.4999999999999687,False,PLANNED_REWARD_TOO_LOW|RSI_NOT_BELOW_34|CLOSE_NOT_NEAR_OR_BELOW_LOWER_BB
2026-09-16T13:27:06.952279+00:00,SIE_OLD_MR_1R_EXHAUSTION_CONFIRM_V1,PAXG,PAXGUSDT,strategy-lab-v1.0.0:SIE_OLD_MR_1R_EXHAUSTION_CONFIRM_V1,1789563600000,2026-09-16T13:00:00+00:00,4349.39,4361.18,4345.14,4354.62,81.22731201382877,4317.924000000001,4269.550055194946,4349.839199999999,15.138571428571465,0.003476439144763829,75.79240977094074,1.5,False,RSI_NOT_BELOW_34|CLOSE_NOT_NEAR_OR_BELOW_LOWER_BB
2026-09-16T18:09:16.199311+00:00,SIE_OLD_MR_1R_EXHAUSTION_CONFIRM_V1,BTC,BTCUSDT,strategy-lab-v1.0.0:SIE_OLD_MR_1R_EXHAUSTION_CONFIRM_V1,1789567200000,2026-09-16T14:00:00+00:00,75582.09,75766.6,75349.25,75632.96,48.362785970160374,75774.3745,75368.64727012879,77513.7862,373.7828571428628,0.004942063052178081,49.95855772888361,1.5000000000000195,False,RSI_NOT_BELOW_34|CLOSE_NOT_NEAR_OR_BELOW_LOWER_BB|CLOSE_NOT_ABOVE_MA200|RSI_RECOVERY_NOT_CONFIRMED
2026-09-16T18:09:16.199311+00:00,SIE_OLD_MR_1R_EXHAUSTION_CONFIRM_V1,BTC,BTCUSDT,strategy-lab-v1.0.0:SIE_OLD_MR_1R_EXHAUSTION_CONFIRM_V1,1789570800000,2026-09-16T15:00:00+00:00,75637.85,75894.32,75469.96,75730.9,56.61232086191579,75754.603,75382.2397259732,77500.1853,367.9007142857195,0.004858000027541196,48.362785970160374,1.5000000000000198,False,RSI_NOT_BELOW_34|CLOSE_NOT_NEAR_OR_BELOW_LOWER_BB|CLOSE_NOT_ABOVE_MA200
2026-09-16T18:09:16.199311+00:00,SIE_OLD_MR_1R_EXHAUSTION_CONFIRM_V1,BTC,BTCUSDT,strategy-lab-v1.0.0:SIE_OLD_MR_1R_EXHAUSTION_CONFIRM_V1,1789574400000,2026-09-16T16:00:00+00:00,75730.91,75832.95,75569.23,75701.55,46.72018641470878,75745.96650000001,75377.11089327704,77486.78995,341.47642857143364,0.004510824792509977,56.61232086191579,1.4999999999999787,False,PLANNED_REWARD_TOO_LOW|RSI_NOT_BELOW_34|CLOSE_NOT_NEAR_OR_BELOW_LOWER_BB|CLOSE_NOT_ABOVE_MA200|RSI_RECOVERY_NOT_CONFIRMED
2026-09-16T18:09:16.199311+00:00,SIE_OLD_MR_1R_EXHAUSTION_CONFIRM_V1,BTC,BTCUSDT,strategy-lab-v1.0.0:SIE_OLD_MR_1R_EXHAUSTION_CONFIRM_V1,1789578000000,2026-09-16T17:00:00+00:00,75701.56,75850.0,75274.11,75681.25,47.974368219213886,75760.5245,75427.78624614426,77471.5318,359.4378571428616,0.004749364699220238,46.72018641470878,1.5000000000000202,False,RSI_NOT_BELOW_34|CLOSE_NOT_NEAR_OR_BELOW_LOWER_BB|CLOSE_NOT_ABOVE_MA200|RSI_RECOVERY_NOT_CONFIRMED
2026-09-16T18:09:16.199311+00:00,SIE_OLD_MR_1R_EXHAUSTION_CONFIRM_V1,BTC,BTCUSDT,strategy-lab-v1.0.0:SIE_OLD_MR_1R_EXHAUSTION_CONFIRM_V1,1789581600000,2026-09-16T18:00:00+00:00,75688.82,76140.2,75217.43,75994.29,54.7067244355877,75779.689,75439.53700468618,77458.83245,409.886428571433,0.00539364771447214,47.974368219213886,1.5000000000000178,False,RSI_NOT_BELOW_34|CLOSE_NOT_NEAR_OR_BELOW_LOWER_BB|CLOSE_NOT_ABOVE_MA200
2026-09-16T18:09:16.199311+00:00,SIE_OLD_MR_1R_EXHAUSTION_CONFIRM_V1,SOL,SOLUSDT,strategy-lab-v1.0.0:SIE_OLD_MR_1R_EXHAUSTION_CONFIRM_V1,1789567200000,2026-09-16T14:00:00+00:00,97.1,97.2,96.56,96.97,49.62216624685137,97.139,96.42958051901623,101.16744999999999,0.7142857142857163,0.007366048409670169,53.48258706467665,1.5,False,RSI_NOT_BELOW_34|CLOSE_NOT_NEAR_OR_BELOW_LOWER_BB|CLOSE_NOT_ABOVE_MA200|RSI_RECOVERY_NOT_CONFIRMED
2026-09-16T18:09:16.199311+00:00,SIE_OLD_MR_1R_EXHAUSTION_CONFIRM_V1,SOL,SOLUSDT,strategy-lab-v1.0.0:SIE_OLD_MR_1R_EXHAUSTION_CONFIRM_V1,1789570800000,2026-09-16T15:00:00+00:00,96.97,97.53,96.78,97.05,59.07780979827091,97.101,96.46144077678508,101.13810000000001,0.701428571428573,0.007227496872010026,49.62216624685137,1.5,False,RSI_NOT_BELOW_34|CLOSE_NOT_NEAR_OR_BELOW_LOWER_BB|CLOSE_NOT_ABOVE_MA200
2026-09-16T18:09:16.199311+00:00,SIE_OLD_MR_1R_EXHAUSTION_CONFIRM_V1,SOL,SOLUSDT,strategy-lab-v1.0.0:SIE_OLD_MR_1R_EXHAUSTION_CONFIRM_V1,1789574400000,2026-09-16T16:00:00+00:00,97.04,97.44,96.88,97.15,49.46619217081848,97.09,96.46185988824207,101.10889999999999,0.6585714285714305,0.006778913315197431,59.07780979827091,1.5,False,RSI_NOT_BELOW_34|CLOSE_NOT_NEAR_OR_BELOW_LOWER_BB|CLOSE_NOT_ABOVE_MA200|RSI_RECOVERY_NOT_CONFIRMED
2026-09-16T18:09:16.199311+00:00,SIE_OLD_MR_1R_EXHAUSTION_CONFIRM_V1,SOL,SOLUSDT,strategy-lab-v1.0.0:SIE_OLD_MR_1R_EXHAUSTION_CONFIRM_V1,1789578000000,2026-09-16T17:00:00+00:00,97.14,97.27,96.0,96.92,45.544554455445585,97.1125,96.54554762104806,101.0754,0.7085714285714297,0.007310889688108025,49.46619217081848,1.49999999999999,False,PLANNED_REWARD_TOO_LOW|RSI_NOT_BELOW_34|CLOSE_NOT_NEAR_OR_BELOW_LOWER_BB|CLOSE_NOT_ABOVE_MA200|RSI_RECOVERY_NOT_CONFIRMED
2026-09-16T18:09:16.199311+00:00,SIE_OLD_MR_1R_EXHAUSTION_CONFIRM_V1,SOL,SOLUSDT,strategy-lab-v1.0.0:SIE_OLD_MR_1R_EXHAUSTION_CONFIRM_V1,1789581600000,2026-09-16T18:00:00+00:00,96.92,98.8,96.19,98.8,66.32653061224491,97.1985,96.27050700433716,101.05265,0.8342857142857147,0.008444187391555818,45.544554455445585,1.5000000000000084,False,RSI_NOT_BELOW_34|CLOSE_NOT_NEAR_OR_BELOW_LOWER_BB|CLOSE_NOT_ABOVE_MA200
2026-09-16T18:09:16.199311+00:00,SIE_OLD_MR_1R_EXHAUSTION_CONFIRM_V1,XRP,XRPUSDT,strategy-lab-v1.0.0:SIE_OLD_MR_1R_EXHAUSTION_CONFIRM_V1,1789567200000,2026-09-16T14:00:00+00:00,1.274,1.275,1.2613,1.2654,39.51120162932791,1.28676,1.269016336342232,1.3739850000000002,0.013414285714285712,0.010600826390300072,45.64983888292159,1.5000000000000082,False,RSI_NOT_BELOW_34|CLOSE_NOT_ABOVE_MA200|RSI_RECOVERY_NOT_CONFIRMED
2026-09-16T18:09:16.199311+00:00,SIE_OLD_MR_1R_EXHAUSTION_CONFIRM_V1,XRP,XRPUSDT,strategy-lab-v1.0.0:SIE_OLD_MR_1R_EXHAUSTION_CONFIRM_V1,1789570800000,2026-09-16T15:00:00+00:00,1.2656,1.2735,1.2602,1.2654,44.75201845444065,1.285295,1.2656762869943008,1.3733725,0.01319999999999999,0.010431484115694632,39.51120162932791,1.5000000000000084,False,RSI_NOT_BELOW_34|CLOSE_NOT_ABOVE_MA200
2026-09-16T18:09:16.199311+00:00,SIE_OLD_MR_1R_EXHAUSTION_CONFIRM_V1,XRP,XRPUSDT,strategy-lab-v1.0.0:SIE_OLD_MR_1R_EXHAUSTION_CONFIRM_V1,1789574400000,2026-09-16T16:00:00+00:00,1.2656,1.2691,1.2612,1.2673,35.876840696117824,1.284015,1.2632415289371277,1.3727619999999998,0.012007142857142836,0.009474586015263027,44.75201845444065,1.4999999999999907,False,PLANNED_REWARD_TOO_LOW|RSI_NOT_BELOW_34|CLOSE_NOT_NEAR_OR_BELOW_LOWER_BB|CLOSE_NOT_ABOVE_MA200|RSI_RECOVERY_NOT_CONFIRMED
2026-09-16T18:09:16.199311+00:00,SIE_OLD_MR_1R_EXHAUSTION_CONFIRM_V1,XRP,XRPUSDT,strategy-lab-v1.0.0:SIE_OLD_MR_1R_EXHAUSTION_CONFIRM_V1,1789578000000,2026-09-16T17:00:00+00:00,1.2673,1.2692,1.25,1.2598,25.537634408602102,1.2831800000000002,1.2600558481236612,1.3720679999999998,0.012557142857142854,0.009967568548295645,35.876840696117824,1.5000000000000089,False,CLOSE_NOT_ABOVE_MA200|RSI_RECOVERY_NOT_CONFIRMED
2026-09-16T18:09:16.199311+00:00,SIE_OLD_MR_1R_EXHAUSTION_CONFIRM_V1,XRP,XRPUSDT,strategy-lab-v1.0.0:SIE_OLD_MR_1R_EXHAUSTION_CONFIRM_V1,1789581600000,2026-09-16T18:00:00+00:00,1.2598,1.2941,1.246,1.2903,45.20276953511372,1.283285,1.2600518103782543,1.3715324999999998,0.014799999999999989,0.01147020072851274,25.537634408602102,1.4999999999999925,False,PLANNED_REWARD_TOO_LOW|RSI_NOT_BELOW_34|CLOSE_NOT_NEAR_OR_BELOW_LOWER_BB|CLOSE_NOT_ABOVE_MA200
2026-09-16T18:09:16.199311+00:00,SIE_OLD_MR_1R_EXHAUSTION_CONFIRM_V1,DOGE,DOGEUSDT,strategy-lab-v1.0.0:SIE_OLD_MR_1R_EXHAUSTION_CONFIRM_V1,1789567200000,2026-09-16T14:00:00+00:00,0.07922,0.07926,0.07867,0.07896,37.38532110091744,0.0798705,0.07899461245013883,0.08480610000000001,0.000625714285714283,0.007924446374294365,40.19370460048425,1.5,False,RSI_NOT_BELOW_34|CLOSE_NOT_ABOVE_MA200|RSI_RECOVERY_NOT_CONFIRMED
2026-09-16T18:09:16.199311+00:00,SIE_OLD_MR_1R_EXHAUSTION_CONFIRM_V1,DOGE,DOGEUSDT,strategy-lab-v1.0.0:SIE_OLD_MR_1R_EXHAUSTION_CONFIRM_V1,1789570800000,2026-09-16T15:00:00+00:00,0.07899,0.07932,0.07872,0.07896,43.582887700534855,0.0797785,0.07892624944998444,0.0847549,0.0006078571428571401,0.007698292082790529,37.38532110091744,1.5000000000000113,False,RSI_NOT_BELOW_34|CLOSE_NOT_NEAR_OR_BELOW_LOWER_BB|CLOSE_NOT_ABOVE_MA200
2026-09-16T18:09:16.199311+00:00,SIE_OLD_MR_1R_EXHAUSTION_CONFIRM_V1,DOGE,DOGEUSDT,strategy-lab-v1.0.0:SIE_OLD_MR_1R_EXHAUSTION_CONFIRM_V1,1789574400000,2026-09-16T16:00:00+00:00,0.07898,0.07934,0.07887,0.07924,38.30409356725155,0.0797185,0.07889241828491253,0.08470475000000001,0.0005742857142857117,0.007247421936972636,43.582887700534855,1.499999999999988,False,PLANNED_REWARD_TOO_LOW|RSI_NOT_BELOW_34|CLOSE_NOT_NEAR_OR_BELOW_LOWER_BB|CLOSE_NOT_ABOVE_MA200|RSI_RECOVERY_NOT_CONFIRMED
2026-09-16T18:09:16.199311+00:00,SIE_OLD_MR_1R_EXHAUSTION_CONFIRM_V1,DOGE,DOGEUSDT,strategy-lab-v1.0.0:SIE_OLD_MR_1R_EXHAUSTION_CONFIRM_V1,1789578000000,2026-09-16T17:00:00+00:00,0.07924,0.07925,0.07826,0.0788,34.38320209973749,0.0796825,0.07876703563695693,0.08464699999999999,0.0006092857142857121,0.007732052211747616,38.30409356725155,1.4999999999999887,False,PLANNED_REWARD_TOO_LOW|RSI_NOT_BELOW_34|CLOSE_NOT_NEAR_OR_BELOW_LOWER_BB|CLOSE_NOT_ABOVE_MA200|RSI_RECOVERY_NOT_CONFIRMED
2026-09-16T18:09:16.199311+00:00,SIE_OLD_MR_1R_EXHAUSTION_CONFIRM_V1,DOGE,DOGEUSDT,strategy-lab-v1.0.0:SIE_OLD_MR_1R_EXHAUSTION_CONFIRM_V1,1789581600000,2026-09-16T18:00:00+00:00,0.07881,0.08055,0.07834,0.08027,50.495049504950444,0.079689,0.07875890538115637,0.0845978,0.0007135714285714255,0.008889640321059244,34.38320209973749,1.5,False,RSI_NOT_BELOW_34|CLOSE_NOT_NEAR_OR_BELOW_LOWER_BB|CLOSE_NOT_ABOVE_MA200
2026-09-16T18:09:16.199311+00:00,SIE_OLD_MR_1R_EXHAUSTION_CONFIRM_V1,BNB,BNBUSDT,strategy-lab-v1.0.0:SIE_OLD_MR_1R_EXHAUSTION_CONFIRM_V1,1789567200000,2026-09-16T14:00:00+00:00,710.69,711.46,707.82,709.2,42.79715762273912,712.216,706.8662246776059,726.2727,3.8157142857142747,0.005380307791475288,48.705656759348116,1.4999999999999851,False,PLANNED_REWARD_TOO_LOW|RSI_NOT_BELOW_34|CLOSE_NOT_NEAR_OR_BELOW_LOWER_BB|CLOSE_NOT_ABOVE_MA200|RSI_RECOVERY_NOT_CONFIRMED
2026-09-16T18:09:16.199311+00:00,SIE_OLD_MR_1R_EXHAUSTION_CONFIRM_V1,BNB,BNBUSDT,strategy-lab-v1.0.0:SIE_OLD_MR_1R_EXHAUSTION_CONFIRM_V1,1789570800000,2026-09-16T15:00:00+00:00,709.5,713.3,708.3,711.4,55.41606886657102,711.8465,707.423418381931,726.0565000000001,3.735714285714274,0.00525121490822923,42.79715762273912,1.5,False,RSI_NOT_BELOW_34|CLOSE_NOT_NEAR_OR_BELOW_LOWER_BB|CLOSE_NOT_ABOVE_MA200
2026-09-16T18:09:16.199311+00:00,SIE_OLD_MR_1R_EXHAUSTION_CONFIRM_V1,BNB,BNBUSDT,strategy-lab-v1.0.0:SIE_OLD_MR_1R_EXHAUSTION_CONFIRM_V1,1789574400000,2026-09-16T16:00:00+00:00,711.18,713.66,710.31,712.95,50.79176563737152,711.755,707.5061625119216,725.8466999999999,3.519285714285705,0.004936230751505301,55.41606886657102,1.4999999999999838,False,PLANNED_REWARD_TOO_LOW|RSI_NOT_BELOW_34|CLOSE_NOT_NEAR_OR_BELOW_LOWER_BB|CLOSE_NOT_ABOVE_MA200|RSI_RECOVERY_NOT_CONFIRMED
2026-09-16T18:09:16.199311+00:00,SIE_OLD_MR_1R_EXHAUSTION_CONFIRM_V1,BNB,BNBUSDT,strategy-lab-v1.0.0:SIE_OLD_MR_1R_EXHAUSTION_CONFIRM_V1,1789578000000,2026-09-16T17:00:00+00:00,712.91,713.69,708.48,712.51,47.2324723247232,711.8375,707.5973119145374,725.6360000000001,3.694285714285708,0.005184889635634178,50.79176563737152,1.5000000000000153,False,RSI_NOT_BELOW_34|CLOSE_NOT_NEAR_OR_BELOW_LOWER_BB|CLOSE_NOT_ABOVE_MA200|RSI_RECOVERY_NOT_CONFIRMED
2026-09-16T18:09:16.199311+00:00,SIE_OLD_MR_1R_EXHAUSTION_CONFIRM_V1,BNB,BNBUSDT,strategy-lab-v1.0.0:SIE_OLD_MR_1R_EXHAUSTION_CONFIRM_V1,1789581600000,2026-09-16T18:00:00+00:00,712.85,720.46,710.43,720.19,58.5373711340207,712.205,706.620125784756,725.45505,4.2450000000000045,0.005894277898887799,47.2324723247232,1.4999999999999867,False,PLANNED_REWARD_TOO_LOW|RSI_NOT_BELOW_34|CLOSE_NOT_NEAR_OR_BELOW_LOWER_BB|CLOSE_NOT_ABOVE_MA200
2026-09-16T18:09:16.199311+00:00,SIE_OLD_MR_1R_EXHAUSTION_CONFIRM_V1,PAXG,PAXGUSDT,strategy-lab-v1.0.0:SIE_OLD_MR_1R_EXHAUSTION_CONFIRM_V1,1789567200000,2026-09-16T14:00:00+00:00,4333.68,4356.02,4326.17,4355.53,76.08516483516462,4319.3150000000005,4270.544565308455,4349.47625,17.285000000000114,0.00396851818263222,70.4509742300439,1.5,False,RSI_NOT_BELOW_34|CLOSE_NOT_NEAR_OR_BELOW_LOWER_BB
2026-09-16T18:09:16.199311+00:00,SIE_OLD_MR_1R_EXHAUSTION_CONFIRM_V1,PAXG,PAXGUSDT,strategy-lab-v1.0.0:SIE_OLD_MR_1R_EXHAUSTION_CONFIRM_V1,1789570800000,2026-09-16T15:00:00+00:00,4355.18,4360.16,4343.89,4352.29,73.96360651251875,4322.124,4272.558194286763,4349.2826000000005,17.3335714285715,0.003982632459824943,76.08516483516462,1.5,False,RSI_NOT_BELOW_34|CLOSE_NOT_NEAR_OR_BELOW_LOWER_BB|RSI_RECOVERY_NOT_CONFIRMED
2026-09-16T18:09:16.199311+00:00,SIE_OLD_MR_1R_EXHAUSTION_CONFIRM_V1,PAXG,PAXGUSDT,strategy-lab-v1.0.0:SIE_OLD_MR_1R_EXHAUSTION_CONFIRM_V1,1789574400000,2026-09-16T16:00:00+00:00,4352.29,4352.29,4343.9,4347.33,60.56828597616838,4324.807,4275.887498735143,4349.0533,14.930000000000032,0.0034342918527004006,73.96360651251875,1.5,False,RSI_NOT_BELOW_34|CLOSE_NOT_NEAR_OR_BELOW_LOWER_BB|CLOSE_NOT_ABOVE_MA200|RSI_RECOVERY_NOT_CONFIRMED
2026-09-16T18:09:16.199311+00:00,SIE_OLD_MR_1R_EXHAUSTION_CONFIRM_V1,PAXG,PAXGUSDT,strategy-lab-v1.0.0:SIE_OLD_MR_1R_EXHAUSTION_CONFIRM_V1,1789578000000,2026-09-16T17:00:00+00:00,4346.65,4370.35,4342.13,4370.35,66.52921496926794,4328.5415,4277.72560592145,4348.910749999999,15.667142857142933,0.0035848714306961527,60.56828597616838,1.5,False,RSI_NOT_BELOW_34|CLOSE_NOT_NEAR_OR_BELOW_LOWER_BB
2026-09-16T18:09:16.199311+00:00,SIE_OLD_MR_1R_EXHAUSTION_CONFIRM_V1,PAXG,PAXGUSDT,strategy-lab-v1.0.0:SIE_OLD_MR_1R_EXHAUSTION_CONFIRM_V1,1789581600000,2026-09-16T18:00:00+00:00,4353.13,4363.8,4318.12,4334.14,53.29718274744446,4330.7845,4283.2439230261925,4348.5912,18.795714285714375,0.004336665240558536,66.52921496926794,1.5,False,RSI_NOT_BELOW_34|CLOSE_NOT_NEAR_OR_BELOW_LOWER_BB|CLOSE_NOT_ABOVE_MA200|RSI_RECOVERY_NOT_CONFIRMED
2026-09-16T22:53:11.345463+00:00,SIE_OLD_MR_1R_EXHAUSTION_CONFIRM_V1,BTC,BTCUSDT,strategy-lab-v1.0.0:SIE_OLD_MR_1R_EXHAUSTION_CONFIRM_V1,1789585200000,2026-09-16T19:00:00+00:00,75555.99,76108.27,75160.8,76000.0,52.091956271423086,75778.5655,75434.24339345009,77444.63155,501.5478571428612,0.006599313909774489,43.72352925816648,1.5000000000000144,False,RSI_NOT_BELOW_34|CLOSE_NOT_NEAR_OR_BELOW_LOWER_BB|CLOSE_NOT_ABOVE_MA200
2026-09-16T22:53:11.345463+00:00,SIE_OLD_MR_1R_EXHAUSTION_CONFIRM_V1,BTC,BTCUSDT,strategy-lab-v1.0.0:SIE_OLD_MR_1R_EXHAUSTION_CONFIRM_V1,1789588800000,2026-09-16T20:00:00+00:00,75992.8,76345.0,75940.46,76101.98,52.90577746700458,75798.054,75427.81450478647,77433.0302,514.0357142857174,0.006754564260821039,52.091956271423086,1.5,False,RSI_NOT_BELOW_34|CLOSE_NOT_NEAR_OR_BELOW_LOWER_BB|CLOSE_NOT_ABOVE_MA200
2026-09-16T22:53:11.345463+00:00,SIE_OLD_MR_1R_EXHAUSTION_CONFIRM_V1,BTC,BTCUSDT,strategy-lab-v1.0.0:SIE_OLD_MR_1R_EXHAUSTION_CONFIRM_V1,1789592400000,2026-09-16T21:00:00+00:00,76102.99,76148.8,75857.6,75907.46,54.92246549737325,75821.69750000001,75488.81021854427,77422.9045,507.39571428571696,0.006684398533236614,52.90577746700458,1.5000000000000144,False,RSI_NOT_BELOW_34|CLOSE_NOT_NEAR_OR_BELOW_LOWER_BB|CLOSE_NOT_ABOVE_MA200|RSI_RECOVERY_NOT_CONFIRMED
2026-09-16T22:53:11.345463+00:00,SIE_OLD_MR_1R_EXHAUSTION_CONFIRM_V1,BTC,BTCUSDT,strategy-lab-v1.0.0:SIE_OLD_MR_1R_EXHAUSTION_CONFIRM_V1,1789596000000,2026-09-16T22:00:00+00:00,75907.47,75924.81,75592.58,75637.47,49.329285685179926,75812.3285,75469.91238441695,77408.39875,501.2228571428589,0.006626647574844305,54.92246549737325,1.5,False,RSI_NOT_BELOW_34|CLOSE_NOT_NEAR_OR_BELOW_LOWER_BB|CLOSE_NOT_ABOVE_MA200|RSI_RECOVERY_NOT_CONFIRMED
2026-09-16T22:53:11.345463+00:00,SIE_OLD_MR_1R_EXHAUSTION_CONFIRM_V1,SOL,SOLUSDT,strategy-lab-v1.0.0:SIE_OLD_MR_1R_EXHAUSTION_CONFIRM_V1,1789585200000,2026-09-16T19:00:00+00:00,97.74,98.64,96.79,97.97,60.049627791563374,97.203,96.49790142533172,101.02300000000001,0.9364285714285714,0.00955831960221059,57.03124999999995,1.4999999999999925,False,PLANNED_REWARD_TOO_LOW|RSI_NOT_BELOW_34|CLOSE_NOT_NEAR_OR_BELOW_LOWER_BB|CLOSE_NOT_ABOVE_MA200
2026-09-16T22:53:11.345463+00:00,SIE_OLD_MR_1R_EXHAUSTION_CONFIRM_V1,SOL,SOLUSDT,strategy-lab-v1.0.0:SIE_OLD_MR_1R_EXHAUSTION_CONFIRM_V1,1789588800000,2026-09-16T20:00:00+00:00,98.0,98.82,97.91,98.63,64.6153846153847,97.28450000000001,96.35196635449479,101.0009,0.9628571428571421,0.009762315146072616,60.049627791563374,1.4999999999999927,False,PLANNED_REWARD_TOO_LOW|RSI_NOT_BELOW_34|CLOSE_NOT_NEAR_OR_BELOW_LOWER_BB|CLOSE_NOT_ABOVE_MA200
2026-09-16T22:53:11.345463+00:00,SIE_OLD_MR_1R_EXHAUSTION_CONFIRM_V1,SOL,SOLUSDT,strategy-lab-v1.0.0:SIE_OLD_MR_1R_EXHAUSTION_CONFIRM_V1,1789592400000,2026-09-16T21:00:00+00:00,98.63,98.71,98.03,98.31,65.77181208053698,97.37899999999999,96.43308457037679,100.9791,0.9671428571428555,0.00983768545562868,64.6153846153847,1.4999999999999927,False,PLANNED_REWARD_TOO_LOW|RSI_NOT_BELOW_34|CLOSE_NOT_NEAR_OR_BELOW_LOWER_BB|CLOSE_NOT_ABOVE_MA200|RSI_RECOVERY_NOT_CONFIRMED
2026-09-16T22:53:11.345463+00:00,SIE_OLD_MR_1R_EXHAUSTION_CONFIRM_V1,SOL,SOLUSDT,strategy-lab-v1.0.0:SIE_OLD_MR_1R_EXHAUSTION_CONFIRM_V1,1789596000000,2026-09-16T22:00:00+00:00,98.33,98.36,97.37,97.37,53.745318352059996,97.3885,96.44696348982141,100.94935,0.990714285714284,0.010174738479144336,65.77181208053698,1.5,False,RSI_NOT_BELOW_34|CLOSE_NOT_NEAR_OR_BELOW_LOWER_BB|CLOSE_NOT_ABOVE_MA200|RSI_RECOVERY_NOT_CONFIRMED
2026-09-16T22:53:11.345463+00:00,SIE_OLD_MR_1R_EXHAUSTION_CONFIRM_V1,XRP,XRPUSDT,strategy-lab-v1.0.0:SIE_OLD_MR_1R_EXHAUSTION_CONFIRM_V1,1789585200000,2026-09-16T19:00:00+00:00,1.2777,1.3038,1.2734,1.2995,51.35640785781111,1.2834999999999999,1.2592291944921477,1.3709935,0.016449999999999982,0.012658714890342425,37.18820861678005,1.4999999999999933,False,PLANNED_REWARD_TOO_LOW|RSI_NOT_BELOW_34|CLOSE_NOT_NEAR_OR_BELOW_LOWER_BB|CLOSE_NOT_ABOVE_MA200
2026-09-16T22:53:11.345463+00:00,SIE_OLD_MR_1R_EXHAUSTION_CONFIRM_V1,XRP,XRPUSDT,strategy-lab-v1.0.0:SIE_OLD_MR_1R_EXHAUSTION_CONFIRM_V1,1789588800000,2026-09-16T20:00:00+00:00,1.3002,1.317,1.2957,1.3016,52.29357798165143,1.28428,1.2587670542665106,1.3705085,0.01721428571428569,0.013225480727017278,51.35640785781111,1.5,False,RSI_NOT_BELOW_34|CLOSE_NOT_NEAR_OR_BELOW_LOWER_BB|CLOSE_NOT_ABOVE_MA200
2026-09-16T22:53:11.345463+00:00,SIE_OLD_MR_1R_EXHAUSTION_CONFIRM_V1,XRP,XRPUSDT,strategy-lab-v1.0.0:SIE_OLD_MR_1R_EXHAUSTION_CONFIRM_V1,1789592400000,2026-09-16T21:00:00+00:00,1.3015,1.3016,1.286,1.2917,53.621825023518376,1.2851400000000002,1.2598450677012178,1.3699510000000001,0.017057142857142833,0.013205189174841552,52.29357798165143,1.5,False,RSI_NOT_BELOW_34|CLOSE_NOT_NEAR_OR_BELOW_LOWER_BB|CLOSE_NOT_ABOVE_MA200|RSI_RECOVERY_NOT_CONFIRMED
2026-09-16T22:53:11.345463+00:00,SIE_OLD_MR_1R_EXHAUSTION_CONFIRM_V1,XRP,XRPUSDT,strategy-lab-v1.0.0:SIE_OLD_MR_1R_EXHAUSTION_CONFIRM_V1,1789596000000,2026-09-16T22:00:00+00:00,1.2919,1.2928,1.2792,1.2861,51.121076233183835,1.2850249999999999,1.2597695154471353,1.3692954999999998,0.017414285714285698,0.013540382329745509,53.621825023518376,1.5,False,RSI_NOT_BELOW_34|CLOSE_NOT_NEAR_OR_BELOW_LOWER_BB|CLOSE_NOT_ABOVE_MA200|RSI_RECOVERY_NOT_CONFIRMED
2026-09-16T22:53:11.345463+00:00,SIE_OLD_MR_1R_EXHAUSTION_CONFIRM_V1,DOGE,DOGEUSDT,strategy-lab-v1.0.0:SIE_OLD_MR_1R_EXHAUSTION_CONFIRM_V1,1789585200000,2026-09-16T19:00:00+00:00,0.07956,0.08055,0.07904,0.08034,52.61044176706822,0.079665,0.07873467747527978,0.08454815,0.0007942857142857117,0.009886553575873933,41.314553990610335,1.4999999999999913,False,PLANNED_REWARD_TOO_LOW|RSI_NOT_BELOW_34|CLOSE_NOT_NEAR_OR_BELOW_LOWER_BB|CLOSE_NOT_ABOVE_MA200
2026-09-16T22:53:11.345463+00:00,SIE_OLD_MR_1R_EXHAUSTION_CONFIRM_V1,DOGE,DOGEUSDT,strategy-lab-v1.0.0:SIE_OLD_MR_1R_EXHAUSTION_CONFIRM_V1,1789588800000,2026-09-16T20:00:00+00:00,0.08033,0.08077,0.08018,0.08063,54.35203094777553,0.0796935,0.07868489155268171,0.08450529999999999,0.0008121428571428545,0.010072465052001173,52.61044176706822,1.4999999999999916,False,PLANNED_REWARD_TOO_LOW|RSI_NOT_BELOW_34|CLOSE_NOT_NEAR_OR_BELOW_LOWER_BB|CLOSE_NOT_ABOVE_MA200
2026-09-16T22:53:11.345463+00:00,SIE_OLD_MR_1R_EXHAUSTION_CONFIRM_V1,DOGE,DOGEUSDT,strategy-lab-v1.0.0:SIE_OLD_MR_1R_EXHAUSTION_CONFIRM_V1,1789592400000,2026-09-16T21:00:00+00:00,0.08064,0.08066,0.0802,0.08048,59.2827004219408,0.0797455,0.07868845742753577,0.08446245,0.0007871428571428553,0.009780602101675638,54.35203094777553,1.4999999999999911,False,PLANNED_REWARD_TOO_LOW|RSI_NOT_BELOW_34|CLOSE_NOT_NEAR_OR_BELOW_LOWER_BB|CLOSE_NOT_ABOVE_MA200|RSI_RECOVERY_NOT_CONFIRMED
2026-09-16T22:53:11.345463+00:00,SIE_OLD_MR_1R_EXHAUSTION_CONFIRM_V1,DOGE,DOGEUSDT,strategy-lab-v1.0.0:SIE_OLD_MR_1R_EXHAUSTION_CONFIRM_V1,1789596000000,2026-09-16T22:00:00+00:00,0.08049,0.08051,0.07977,0.08002,55.8648111332007,0.07974450000000001,0.07868853645896189,0.084414,0.00080142857142857,0.010015353304530994,59.2827004219408,1.5,False,RSI_NOT_BELOW_34|CLOSE_NOT_NEAR_OR_BELOW_LOWER_BB|CLOSE_NOT_ABOVE_MA200|RSI_RECOVERY_NOT_CONFIRMED
2026-09-16T22:53:11.345463+00:00,SIE_OLD_MR_1R_EXHAUSTION_CONFIRM_V1,BNB,BNBUSDT,strategy-lab-v1.0.0:SIE_OLD_MR_1R_EXHAUSTION_CONFIRM_V1,1789585200000,2026-09-16T19:00:00+00:00,715.44,719.58,712.32,718.6,56.50988411724616,712.2769999999999,707.0058517379887,725.25955,4.590714285714284,0.006388413979563435,49.62818003913906,1.5,False,RSI_NOT_BELOW_34|CLOSE_NOT_NEAR_OR_BELOW_LOWER_BB|CLOSE_NOT_ABOVE_MA200
2026-09-16T22:53:11.345463+00:00,SIE_OLD_MR_1R_EXHAUSTION_CONFIRM_V1,BNB,BNBUSDT,strategy-lab-v1.0.0:SIE_OLD_MR_1R_EXHAUSTION_CONFIRM_V1,1789588800000,2026-09-16T20:00:00+00:00,718.51,721.2,718.28,719.98,60.491748063321,712.593,706.358396243537,725.1008499999999,4.542142857142859,0.006308706987892524,56.50988411724616,1.5,False,RSI_NOT_BELOW_34|CLOSE_NOT_NEAR_OR_BELOW_LOWER_BB|CLOSE_NOT_ABOVE_MA200
2026-09-16T22:53:11.345463+00:00,SIE_OLD_MR_1R_EXHAUSTION_CONFIRM_V1,BNB,BNBUSDT,strategy-lab-v1.0.0:SIE_OLD_MR_1R_EXHAUSTION_CONFIRM_V1,1789592400000,2026-09-16T21:00:00+00:00,719.9,720.61,719.06,720.56,71.99999999999986,713.202,706.3805995572684,724.9701999999999,4.266428571428581,0.005920990023632427,60.491748063321,1.5,False,RSI_NOT_BELOW_34|CLOSE_NOT_NEAR_OR_BELOW_LOWER_BB|CLOSE_NOT_ABOVE_MA200
2026-09-16T22:53:11.345463+00:00,SIE_OLD_MR_1R_EXHAUSTION_CONFIRM_V1,BNB,BNBUSDT,strategy-lab-v1.0.0:SIE_OLD_MR_1R_EXHAUSTION_CONFIRM_V1,1789596000000,2026-09-16T22:00:00+00:00,720.37,720.55,717.87,717.92,70.98009188361394,713.4705000000001,706.3564280998787,724.80715,4.062142857142858,0.005658211022318445,71.99999999999986,1.5,False,RSI_NOT_BELOW_34|CLOSE_NOT_NEAR_OR_BELOW_LOWER_BB|CLOSE_NOT_ABOVE_MA200|RSI_RECOVERY_NOT_CONFIRMED
2026-09-16T22:53:11.345463+00:00,SIE_OLD_MR_1R_EXHAUSTION_CONFIRM_V1,PAXG,PAXGUSDT,strategy-lab-v1.0.0:SIE_OLD_MR_1R_EXHAUSTION_CONFIRM_V1,1789585200000,2026-09-16T19:00:00+00:00,4266.67,4292.7,4241.98,4274.52,38.417222559127055,4327.0305,4270.622320282848,4347.5957,25.550714285714353,0.0059774464233912465,37.55709768095572,1.5000000000000178,False,RSI_NOT_BELOW_34|CLOSE_NOT_NEAR_OR_BELOW_LOWER_BB|CLOSE_NOT_ABOVE_MA200
2026-09-16T22:53:11.345463+00:00,SIE_OLD_MR_1R_EXHAUSTION_CONFIRM_V1,PAXG,PAXGUSDT,strategy-lab-v1.0.0:SIE_OLD_MR_1R_EXHAUSTION_CONFIRM_V1,1789588800000,2026-09-16T20:00:00+00:00,4270.55,4276.49,4262.07,4269.81,35.8406499803436,4326.5425000000005,4268.359448558859,4346.8872,25.81642857142859,0.006046271045182008,38.417222559127055,1.5,False,RSI_NOT_BELOW_34|CLOSE_NOT_NEAR_OR_BELOW_LOWER_BB|CLOSE_NOT_ABOVE_MA200|RSI_RECOVERY_NOT_CONFIRMED
2026-09-16T22:53:11.345463+00:00,SIE_OLD_MR_1R_EXHAUSTION_CONFIRM_V1,PAXG,PAXGUSDT,strategy-lab-v1.0.0:SIE_OLD_MR_1R_EXHAUSTION_CONFIRM_V1,1789592400000,2026-09-16T21:00:00+00:00,4270.46,4275.18,4268.95,4269.84,36.908134358559565,4325.923000000001,4265.639938332542,4346.252149999999,25.53857142857149,0.005981154195138809,35.8406499803436,1.5,False,RSI_NOT_BELOW_34|CLOSE_NOT_NEAR_OR_BELOW_LOWER_BB|CLOSE_NOT_ABOVE_MA200
2026-09-16T22:53:11.345463+00:00,SIE_OLD_MR_1R_EXHAUSTION_CONFIRM_V1,PAXG,PAXGUSDT,strategy-lab-v1.0.0:SIE_OLD_MR_1R_EXHAUSTION_CONFIRM_V1,1789596000000,2026-09-16T22:00:00+00:00,4268.52,4278.5,4261.16,4269.18,36.00127116720402,4323.1685,4257.998678985956,4345.6,25.865714285714407,0.006058707828134303,36.908134358559565,1.4999999999999825,False,PLANNED_REWARD_TOO_LOW|RSI_NOT_BELOW_34|CLOSE_NOT_NEAR_OR_BELOW_LOWER_BB|CLOSE_NOT_ABOVE_MA200|RSI_RECOVERY_NOT_CONFIRMED
2026-09-17T04:45:04.354830+00:00,SIE_OLD_MR_1R_EXHAUSTION_CONFIRM_V1,BTC,BTCUSDT,strategy-lab-v1.0.0:SIE_OLD_MR_1R_EXHAUSTION_CONFIRM_V1,1789599600000,2026-09-16T23:00:00+00:00,75620.08,76214.79,75576.81,76144.99,54.0277241007169,75830.938,75458.61403893464,77394.53675,528.7192857142873,0.006943585989233004,48.982192928152685,1.5,False,RSI_NOT_BELOW_34|CLOSE_NOT_NEAR_OR_BELOW_LOWER_BB|CLOSE_NOT_ABOVE_MA200
2026-09-17T04:45:04.354830+00:00,SIE_OLD_MR_1R_EXHAUSTION_CONFIRM_V1,BTC,BTCUSDT,strategy-lab-v1.0.0:SIE_OLD_MR_1R_EXHAUSTION_CONFIRM_V1,1789603200000,2026-09-17T00:00:00+00:00,76144.99,76445.86,76115.14,76268.48,56.08766744229926,75854.544,75436.87710907446,77382.22505,541.5414285714297,0.00710046179721203,54.0277241007169,1.5000000000000135,False,RSI_NOT_BELOW_34|CLOSE_NOT_NEAR_OR_BELOW_LOWER_BB|CLOSE_NOT_ABOVE_MA200
2026-09-17T04:45:04.354830+00:00,SIE_OLD_MR_1R_EXHAUSTION_CONFIRM_V1,BTC,BTCUSDT,strategy-lab-v1.0.0:SIE_OLD_MR_1R_EXHAUSTION_CONFIRM_V1,1789606800000,2026-09-17T01:00:00+00:00,76268.49,76714.68,76148.8,76298.04,52.203757225433456,75874.1515,75414.02295968718,77371.24935,550.1364285714288,0.007210361217292461,56.08766744229926,1.5,False,RSI_NOT_BELOW_34|CLOSE_NOT_NEAR_OR_BELOW_LOWER_BB|CLOSE_NOT_ABOVE_MA200|RSI_RECOVERY_NOT_CONFIRMED
2026-09-17T04:45:04.354830+00:00,SIE_OLD_MR_1R_EXHAUSTION_CONFIRM_V1,BTC,BTCUSDT,strategy-lab-v1.0.0:SIE_OLD_MR_1R_EXHAUSTION_CONFIRM_V1,1789610400000,2026-09-17T02:00:00+00:00,76298.04,76418.45,75969.49,76303.74,58.54857138002958,75890.8885,75395.19930987133,77360.6501,545.7778571428561,0.007152701258717541,52.203757225433456,1.5,False,RSI_NOT_BELOW_34|CLOSE_NOT_NEAR_OR_BELOW_LOWER_BB|CLOSE_NOT_ABOVE_MA200
2026-09-17T04:45:04.354830+00:00,SIE_OLD_MR_1R_EXHAUSTION_CONFIRM_V1,BTC,BTCUSDT,strategy-lab-v1.0.0:SIE_OLD_MR_1R_EXHAUSTION_CONFIRM_V1,1789614000000,2026-09-17T03:00:00+00:00,76303.74,76463.59,76297.88,76364.57,68.66499052998711,75924.59400000001,75397.33310987499,77350.3006,529.5271428571411,0.006934199234764775,58.54857138002958,1.5,False,RSI_NOT_BELOW_34|CLOSE_NOT_NEAR_OR_BELOW_LOWER_BB|CLOSE_NOT_ABOVE_MA200
2026-09-17T04:45:04.354830+00:00,SIE_OLD_MR_1R_EXHAUSTION_CONFIRM_V1,BTC,BTCUSDT,strategy-lab-v1.0.0:SIE_OLD_MR_1R_EXHAUSTION_CONFIRM_V1,1789617600000,2026-09-17T04:00:00+00:00,76364.58,76364.58,76100.78,76273.59,64.99454641631668,75954.754,75420.15017403591,77339.25625,518.5592857142838,0.006798674163813238,68.66499052998711,1.500000000000014,False,RSI_NOT_BELOW_34|CLOSE_NOT_NEAR_OR_BELOW_LOWER_BB|CLOSE_NOT_ABOVE_MA200|RSI_RECOVERY_NOT_CONFIRMED
2026-09-17T04:45:04.354830+00:00,SIE_OLD_MR_1R_EXHAUSTION_CONFIRM_V1,SOL,SOLUSDT,strategy-lab-v1.0.0:SIE_OLD_MR_1R_EXHAUSTION_CONFIRM_V1,1789599600000,2026-09-16T23:00:00+00:00,97.38,98.77,97.3,98.57,60.9324758842444,97.4595,96.39288901187003,100.921,1.0735714285714277,0.010891462195104269,54.15094339622641,1.5,False,RSI_NOT_BELOW_34|CLOSE_NOT_NEAR_OR_BELOW_LOWER_BB|CLOSE_NOT_ABOVE_MA200
2026-09-17T04:45:04.354830+00:00,SIE_OLD_MR_1R_EXHAUSTION_CONFIRM_V1,SOL,SOLUSDT,strategy-lab-v1.0.0:SIE_OLD_MR_1R_EXHAUSTION_CONFIRM_V1,1789603200000,2026-09-17T00:00:00+00:00,98.57,99.13,98.38,98.62,61.34185303514377,97.53049999999999,96.35858746060143,100.89315,1.1085714285714283,0.011240837848016915,60.9324758842444,1.5,False,RSI_NOT_BELOW_34|CLOSE_NOT_NEAR_OR_BELOW_LOWER_BB|CLOSE_NOT_ABOVE_MA200
2026-09-17T04:45:04.354830+00:00,SIE_OLD_MR_1R_EXHAUSTION_CONFIRM_V1,SOL,SOLUSDT,strategy-lab-v1.0.0:SIE_OLD_MR_1R_EXHAUSTION_CONFIRM_V1,1789606800000,2026-09-17T01:00:00+00:00,98.62,99.56,98.39,99.17,60.13179571663923,97.631,96.27338591639612,100.87055000000001,1.0999999999999994,0.011092064132298069,61.34185303514377,1.5,False,RSI_NOT_BELOW_34|CLOSE_NOT_NEAR_OR_BELOW_LOWER_BB|CLOSE_NOT_ABOVE_MA200|RSI_RECOVERY_NOT_CONFIRMED
2026-09-17T04:45:04.354830+00:00,SIE_OLD_MR_1R_EXHAUSTION_CONFIRM_V1,SOL,SOLUSDT,strategy-lab-v1.0.0:SIE_OLD_MR_1R_EXHAUSTION_CONFIRM_V1,1789610400000,2026-09-17T02:00:00+00:00,99.17,99.65,98.75,99.29,65.67944250871088,97.73049999999999,96.20339194881318,100.85025,1.0978571428571422,0.011057076672949362,60.13179571663923,1.5000000000000064,False,RSI_NOT_BELOW_34|CLOSE_NOT_NEAR_OR_BELOW_LOWER_BB|CLOSE_NOT_ABOVE_MA200
2026-09-17T04:45:04.354830+00:00,SIE_OLD_MR_1R_EXHAUSTION_CONFIRM_V1,SOL,SOLUSDT,strategy-lab-v1.0.0:SIE_OLD_MR_1R_EXHAUSTION_CONFIRM_V1,1789614000000,2026-09-17T03:00:00+00:00,99.29,99.96,99.29,99.88,73.40067340067341,97.87950000000001,96.13898886817705,100.83349999999999,1.0914285714285705,0.010927398592596822,65.67944250871088,1.5,False,RSI_NOT_BELOW_34|CLOSE_NOT_NEAR_OR_BELOW_LOWER_BB|CLOSE_NOT_ABOVE_MA200
2026-09-17T04:45:04.354830+00:00,SIE_OLD_MR_1R_EXHAUSTION_CONFIRM_V1,SOL,SOLUSDT,strategy-lab-v1.0.0:SIE_OLD_MR_1R_EXHAUSTION_CONFIRM_V1,1789617600000,2026-09-17T04:00:00+00:00,99.88,99.92,99.05,99.43,69.64856230031958,98.0025,96.19025415575048,100.81519999999999,1.1078571428571422,0.011142081291935453,73.40067340067341,1.5,False,RSI_NOT_BELOW_34|CLOSE_NOT_NEAR_OR_BELOW_LOWER_BB|CLOSE_NOT_ABOVE_MA200|RSI_RECOVERY_NOT_CONFIRMED
2026-09-17T04:45:04.354830+00:00,SIE_OLD_MR_1R_EXHAUSTION_CONFIRM_V1,XRP,XRPUSDT,strategy-lab-v1.0.0:SIE_OLD_MR_1R_EXHAUSTION_CONFIRM_V1,1789599600000,2026-09-16T23:00:00+00:00,1.2858,1.3027,1.2841,1.2986,53.474576271186436,1.285125,1.2596389351801813,1.368614,0.018071428571428565,0.01391608545466546,50.938337801608576,1.5,False,RSI_NOT_BELOW_34|CLOSE_NOT_NEAR_OR_BELOW_LOWER_BB|CLOSE_NOT_ABOVE_MA200
2026-09-17T04:45:04.354830+00:00,SIE_OLD_MR_1R_EXHAUSTION_CONFIRM_V1,XRP,XRPUSDT,strategy-lab-v1.0.0:SIE_OLD_MR_1R_EXHAUSTION_CONFIRM_V1,1789603200000,2026-09-17T00:00:00+00:00,1.2985,1.3023,1.2938,1.2941,52.452202826267666,1.2848300000000001,1.2599091573176187,1.3679055,0.018185714285714267,0.014052789031538726,53.474576271186436,1.499999999999994,False,PLANNED_REWARD_TOO_LOW|RSI_NOT_BELOW_34|CLOSE_NOT_NEAR_OR_BELOW_LOWER_BB|CLOSE_NOT_ABOVE_MA200|RSI_RECOVERY_NOT_CONFIRMED
2026-09-17T04:45:04.354830+00:00,SIE_OLD_MR_1R_EXHAUSTION_CONFIRM_V1,XRP,XRPUSDT,strategy-lab-v1.0.0:SIE_OLD_MR_1R_EXHAUSTION_CONFIRM_V1,1789606800000,2026-09-17T01:00:00+00:00,1.2942,1.3102,1.2901,1.2993,51.93277310924367,1.2849650000000001,1.2597629147688134,1.3672659999999999,0.018757142857142837,0.014436344845026428,52.452202826267666,1.5,False,RSI_NOT_BELOW_34|CLOSE_NOT_NEAR_OR_BELOW_LOWER_BB|CLOSE_NOT_ABOVE_MA200|RSI_RECOVERY_NOT_CONFIRMED
2026-09-17T04:45:04.354830+00:00,SIE_OLD_MR_1R_EXHAUSTION_CONFIRM_V1,XRP,XRPUSDT,strategy-lab-v1.0.0:SIE_OLD_MR_1R_EXHAUSTION_CONFIRM_V1,1789610400000,2026-09-17T02:00:00+00:00,1.2995,1.3047,1.2928,1.2991,58.13734713076195,1.2850899999999998,1.2596347922813422,1.366608,0.018357142857142832,0.014130661886800734,51.93277310924367,1.499999999999994,False,PLANNED_REWARD_TOO_LOW|RSI_NOT_BELOW_34|CLOSE_NOT_NEAR_OR_BELOW_LOWER_BB|CLOSE_NOT_ABOVE_MA200|RSI_RECOVERY_NOT_CONFIRMED
2026-09-17T04:45:04.354830+00:00,SIE_OLD_MR_1R_EXHAUSTION_CONFIRM_V1,XRP,XRPUSDT,strategy-lab-v1.0.0:SIE_OLD_MR_1R_EXHAUSTION_CONFIRM_V1,1789614000000,2026-09-17T03:00:00+00:00,1.2991,1.3067,1.2986,1.3015,63.50148367952528,1.285965,1.2595353745770015,1.3659990000000002,0.01802857142857141,0.01385214861972448,58.13734713076195,1.4999999999999938,False,PLANNED_REWARD_TOO_LOW|RSI_NOT_BELOW_34|CLOSE_NOT_NEAR_OR_BELOW_LOWER_BB|CLOSE_NOT_ABOVE_MA200
2026-09-17T04:45:04.354830+00:00,SIE_OLD_MR_1R_EXHAUSTION_CONFIRM_V1,XRP,XRPUSDT,strategy-lab-v1.0.0:SIE_OLD_MR_1R_EXHAUSTION_CONFIRM_V1,1789617600000,2026-09-17T04:00:00+00:00,1.3016,1.3018,1.292,1.2959,65.57711950970375,1.28658,1.2598286561085241,1.3654039999999998,0.017749999999999995,0.013697044525040508,63.50148367952528,1.5,False,RSI_NOT_BELOW_34|CLOSE_NOT_NEAR_OR_BELOW_LOWER_BB|CLOSE_NOT_ABOVE_MA200|RSI_RECOVERY_NOT_CONFIRMED
2026-09-17T04:45:04.354830+00:00,SIE_OLD_MR_1R_EXHAUSTION_CONFIRM_V1,DOGE,DOGEUSDT,strategy-lab-v1.0.0:SIE_OLD_MR_1R_EXHAUSTION_CONFIRM_V1,1789599600000,2026-09-16T23:00:00+00:00,0.07991,0.08099,0.07983,0.08085,58.9380530973452,0.0797825,0.07862810188842974,0.0843647,0.000850714285714285,0.010522130930294187,54.77582846003902,1.5,False,RSI_NOT_BELOW_34|CLOSE_NOT_NEAR_OR_BELOW_LOWER_BB|CLOSE_NOT_ABOVE_MA200
2026-09-17T04:45:04.354830+00:00,SIE_OLD_MR_1R_EXHAUSTION_CONFIRM_V1,DOGE,DOGEUSDT,strategy-lab-v1.0.0:SIE_OLD_MR_1R_EXHAUSTION_CONFIRM_V1,1789603200000,2026-09-17T00:00:00+00:00,0.08084,0.08106,0.0806,0.0806,55.45927209705376,0.0798015,0.0786071085231395,0.08431459999999999,0.0008607142857142841,0.010678837291740496,58.9380530973452,1.499999999999992,False,PLANNED_REWARD_TOO_LOW|RSI_NOT_BELOW_34|CLOSE_NOT_NEAR_OR_BELOW_LOWER_BB|CLOSE_NOT_ABOVE_MA200|RSI_RECOVERY_NOT_CONFIRMED
2026-09-17T04:45:04.354830+00:00,SIE_OLD_MR_1R_EXHAUSTION_CONFIRM_V1,DOGE,DOGEUSDT,strategy-lab-v1.0.0:SIE_OLD_MR_1R_EXHAUSTION_CONFIRM_V1,1789606800000,2026-09-17T01:00:00+00:00,0.08061,0.08132,0.08043,0.08098,57.095158597662696,0.0798465,0.0785500699016156,0.08426925,0.0008871428571428562,0.010955085911865352,55.45927209705376,1.4999999999999922,False,PLANNED_REWARD_TOO_LOW|RSI_NOT_BELOW_34|CLOSE_NOT_NEAR_OR_BELOW_LOWER_BB|CLOSE_NOT_ABOVE_MA200
2026-09-17T04:45:04.354830+00:00,SIE_OLD_MR_1R_EXHAUSTION_CONFIRM_V1,DOGE,DOGEUSDT,strategy-lab-v1.0.0:SIE_OLD_MR_1R_EXHAUSTION_CONFIRM_V1,1789610400000,2026-09-17T02:00:00+00:00,0.08098,0.08124,0.08047,0.08085,64.40677966101703,0.07988,0.07851786931610914,0.08422584999999999,0.000867142857142857,0.010725329092676029,57.095158597662696,1.499999999999992,False,PLANNED_REWARD_TOO_LOW|RSI_NOT_BELOW_34|CLOSE_NOT_NEAR_OR_BELOW_LOWER_BB|CLOSE_NOT_ABOVE_MA200|RSI_RECOVERY_NOT_CONFIRMED
2026-09-17T04:45:04.354830+00:00,SIE_OLD_MR_1R_EXHAUSTION_CONFIRM_V1,DOGE,DOGEUSDT,strategy-lab-v1.0.0:SIE_OLD_MR_1R_EXHAUSTION_CONFIRM_V1,1789614000000,2026-09-17T03:00:00+00:00,0.08085,0.08125,0.08085,0.08104,66.85185185185196,0.079952,0.07850697266461944,0.08418324999999999,0.0008457142857142849,0.010435763644055835,64.40677966101703,1.5,False,RSI_NOT_BELOW_34|CLOSE_NOT_NEAR_OR_BELOW_LOWER_BB|CLOSE_NOT_ABOVE_MA200
2026-09-17T04:45:04.354830+00:00,SIE_OLD_MR_1R_EXHAUSTION_CONFIRM_V1,DOGE,DOGEUSDT,strategy-lab-v1.0.0:SIE_OLD_MR_1R_EXHAUSTION_CONFIRM_V1,1789617600000,2026-09-17T04:00:00+00:00,0.08105,0.08105,0.08061,0.08087,67.98493408662901,0.08002400000000001,0.07854703825371237,0.08413945,0.0008349999999999995,0.010325213305304804,66.85185185185196,1.5,False,RSI_NOT_BELOW_34|CLOSE_NOT_NEAR_OR_BELOW_LOWER_BB|CLOSE_NOT_ABOVE_MA200|RSI_RECOVERY_NOT_CONFIRMED
2026-09-17T04:45:04.354830+00:00,SIE_OLD_MR_1R_EXHAUSTION_CONFIRM_V1,BNB,BNBUSDT,strategy-lab-v1.0.0:SIE_OLD_MR_1R_EXHAUSTION_CONFIRM_V1,1789599600000,2026-09-16T23:00:00+00:00,718.48,726.06,717.85,725.7,75.9878419452888,714.086,705.1497179990735,724.65715,4.409285714285716,0.006075907006043427,72.28070175438589,1.5,False,RSI_NOT_BELOW_34|CLOSE_NOT_NEAR_OR_BELOW_LOWER_BB
2026-09-17T04:45:04.354830+00:00,SIE_OLD_MR_1R_EXHAUSTION_CONFIRM_V1,BNB,BNBUSDT,strategy-lab-v1.0.0:SIE_OLD_MR_1R_EXHAUSTION_CONFIRM_V1,1789603200000,2026-09-17T00:00:00+00:00,726.03,728.25,723.66,723.66,70.55037013195995,714.5245,704.660879011738,724.4966499999999,4.646428571428577,0.006420734283266419,75.9878419452888,1.5000000000000122,False,RSI_NOT_BELOW_34|CLOSE_NOT_NEAR_OR_BELOW_LOWER_BB|CLOSE_NOT_ABOVE_MA200|RSI_RECOVERY_NOT_CONFIRMED
2026-09-17T04:45:04.354830+00:00,SIE_OLD_MR_1R_EXHAUSTION_CONFIRM_V1,BNB,BNBUSDT,strategy-lab-v1.0.0:SIE_OLD_MR_1R_EXHAUSTION_CONFIRM_V1,1789606800000,2026-09-17T01:00:00+00:00,723.67,728.4,722.59,725.22,69.31589537223326,715.0465,704.1347278707774,724.36245,4.716428571428578,0.006503445259960533,70.55037013195995,1.499999999999988,False,PLANNED_REWARD_TOO_LOW|RSI_NOT_BELOW_34|CLOSE_NOT_NEAR_OR_BELOW_LOWER_BB|RSI_RECOVERY_NOT_CONFIRMED
2026-09-17T04:45:04.354830+00:00,SIE_OLD_MR_1R_EXHAUSTION_CONFIRM_V1,BNB,BNBUSDT,strategy-lab-v1.0.0:SIE_OLD_MR_1R_EXHAUSTION_CONFIRM_V1,1789610400000,2026-09-17T02:00:00+00:00,725.19,725.19,721.86,723.07,67.48285994123408,715.5125,704.0784598129062,724.2305,4.770000000000006,0.006596871672175592,69.31589537223326,1.5,False,RSI_NOT_BELOW_34|CLOSE_NOT_NEAR_OR_BELOW_LOWER_BB|CLOSE_NOT_ABOVE_MA200|RSI_RECOVERY_NOT_CONFIRMED
2026-09-17T04:45:04.354830+00:00,SIE_OLD_MR_1R_EXHAUSTION_CONFIRM_V1,BNB,BNBUSDT,strategy-lab-v1.0.0:SIE_OLD_MR_1R_EXHAUSTION_CONFIRM_V1,1789614000000,2026-09-17T03:00:00+00:00,723.23,725.88,723.23,724.74,72.53246753246748,716.288,704.5633650803076,724.1102000000001,4.757142857142859,0.006563930315896541,67.48285994123408,1.499999999999988,False,PLANNED_REWARD_TOO_LOW|RSI_NOT_BELOW_34|CLOSE_NOT_NEAR_OR_BELOW_LOWER_BB
2026-09-17T04:45:04.354830+00:00,SIE_OLD_MR_1R_EXHAUSTION_CONFIRM_V1,BNB,BNBUSDT,strategy-lab-v1.0.0:SIE_OLD_MR_1R_EXHAUSTION_CONFIRM_V1,1789617600000,2026-09-17T04:00:00+00:00,724.63,724.89,721.89,723.62,73.82683410442814,717.121,705.8054869316469,723.97255,4.711428571428574,0.006510915358100349,72.53246753246748,1.5,False,RSI_NOT_BELOW_34|CLOSE_NOT_NEAR_OR_BELOW_LOWER_BB|CLOSE_NOT_ABOVE_MA200|RSI_RECOVERY_NOT_CONFIRMED
2026-09-17T04:45:04.354830+00:00,SIE_OLD_MR_1R_EXHAUSTION_CONFIRM_V1,PAXG,PAXGUSDT,strategy-lab-v1.0.0:SIE_OLD_MR_1R_EXHAUSTION_CONFIRM_V1,1789599600000,2026-09-16T23:00:00+00:00,4268.38,4276.5,4263.22,4273.49,34.81233366981765,4320.3949999999995,4251.623480168004,4344.9937,26.01357142857153,0.0060871960455205305,35.82237882278545,1.5,False,RSI_NOT_BELOW_34|CLOSE_NOT_NEAR_OR_BELOW_LOWER_BB|CLOSE_NOT_ABOVE_MA200|RSI_RECOVERY_NOT_CONFIRMED
2026-09-17T04:45:04.354830+00:00,SIE_OLD_MR_1R_EXHAUSTION_CONFIRM_V1,PAXG,PAXGUSDT,strategy-lab-v1.0.0:SIE_OLD_MR_1R_EXHAUSTION_CONFIRM_V1,1789603200000,2026-09-17T00:00:00+00:00,4272.76,4293.75,4267.2,4293.75,37.892896174863466,4318.9045,4249.186329204987,4344.48605,26.996428571428687,0.0062873778332293885,34.81233366981765,1.5,False,RSI_NOT_BELOW_34|CLOSE_NOT_NEAR_OR_BELOW_LOWER_BB|CLOSE_NOT_ABOVE_MA200
2026-09-17T04:45:04.354830+00:00,SIE_OLD_MR_1R_EXHAUSTION_CONFIRM_V1,PAXG,PAXGUSDT,strategy-lab-v1.0.0:SIE_OLD_MR_1R_EXHAUSTION_CONFIRM_V1,1789606800000,2026-09-17T01:00:00+00:00,4295.45,4315.98,4294.9,4299.32,40.77167859984093,4317.4705,4247.380823021129,4344.03925,27.45071428571438,0.006384896747791367,37.892896174863466,1.5,False,RSI_NOT_BELOW_34|CLOSE_NOT_NEAR_OR_BELOW_LOWER_BB|CLOSE_NOT_ABOVE_MA200
2026-09-17T04:45:04.354830+00:00,SIE_OLD_MR_1R_EXHAUSTION_CONFIRM_V1,PAXG,PAXGUSDT,strategy-lab-v1.0.0:SIE_OLD_MR_1R_EXHAUSTION_CONFIRM_V1,1789610400000,2026-09-17T02:00:00+00:00,4298.99,4299.65,4275.0,4278.25,34.86770264594708,4314.651,4243.030781653484,4343.5539,28.071428571428637,0.006561427820120058,40.77167859984093,1.5000000000000162,False,RSI_NOT_BELOW_34|CLOSE_NOT_NEAR_OR_BELOW_LOWER_BB|CLOSE_NOT_ABOVE_MA200|RSI_RECOVERY_NOT_CONFIRMED
2026-09-17T04:45:04.354830+00:00,SIE_OLD_MR_1R_EXHAUSTION_CONFIRM_V1,PAXG,PAXGUSDT,strategy-lab-v1.0.0:SIE_OLD_MR_1R_EXHAUSTION_CONFIRM_V1,1789614000000,2026-09-17T03:00:00+00:00,4279.71,4296.31,4278.42,4296.09,42.01624661528853,4313.052,4241.273753267424,4343.23235,27.450000000000077,0.0063895309455807665,34.86770264594708,1.4999999999999833,False,PLANNED_REWARD_TOO_LOW|RSI_NOT_BELOW_34|CLOSE_NOT_NEAR_OR_BELOW_LOWER_BB|CLOSE_NOT_ABOVE_MA200
2026-09-17T04:45:04.354830+00:00,SIE_OLD_MR_1R_EXHAUSTION_CONFIRM_V1,PAXG,PAXGUSDT,strategy-lab-v1.0.0:SIE_OLD_MR_1R_EXHAUSTION_CONFIRM_V1,1789617600000,2026-09-17T04:00:00+00:00,4293.82,4295.77,4290.43,4294.56,36.17272191227853,4311.2375,4239.515926432471,4342.91335,25.7221428571429,0.005989471065055069,42.01624661528853,1.5,False,RSI_NOT_BELOW_34|CLOSE_NOT_NEAR_OR_BELOW_LOWER_BB|CLOSE_NOT_ABOVE_MA200|RSI_RECOVERY_NOT_CONFIRMED
2026-09-17T11:33:02.168454+00:00,SIE_OLD_MR_1R_EXHAUSTION_CONFIRM_V1,BTC,BTCUSDT,strategy-lab-v1.0.0:SIE_OLD_MR_1R_EXHAUSTION_CONFIRM_V1,1789621200000,2026-09-17T05:00:00+00:00,76460.82,76561.57,76234.53,76249.28,61.49360554836208,75980.37700000001,75404.85554573088,77329.0096,522.1664285714266,0.0068481489736221335,69.32915553729228,1.5,False,RSI_NOT_BELOW_34|CLOSE_NOT_NEAR_OR_BELOW_LOWER_BB|CLOSE_NOT_ABOVE_MA200|RSI_RECOVERY_NOT_CONFIRMED
2026-09-17T11:33:02.168454+00:00,SIE_OLD_MR_1R_EXHAUSTION_CONFIRM_V1,BTC,BTCUSDT,strategy-lab-v1.0.0:SIE_OLD_MR_1R_EXHAUSTION_CONFIRM_V1,1789624800000,2026-09-17T06:00:00+00:00,76250.29,76528.17,76221.6,76402.92,64.7385652504654,76004.523,75401.30474098917,77318.29715,525.2271428571403,0.006874438082433764,61.49360554836208,1.5000000000000138,False,RSI_NOT_BELOW_34|CLOSE_NOT_NEAR_OR_BELOW_LOWER_BB|CLOSE_NOT_ABOVE_MA200
2026-09-17T11:33:02.168454+00:00,SIE_OLD_MR_1R_EXHAUSTION_CONFIRM_V1,BTC,BTCUSDT,strategy-lab-v1.0.0:SIE_OLD_MR_1R_EXHAUSTION_CONFIRM_V1,1789628400000,2026-09-17T07:00:00+00:00,76402.92,76603.15,76342.38,76388.12,64.8885575031488,76014.822,75393.07626230326,77308.0022,502.71857142856817,0.006581109358740183,64.7385652504654,1.4999999999999856,False,PLANNED_REWARD_TOO_LOW|RSI_NOT_BELOW_34|CLOSE_NOT_NEAR_OR_BELOW_LOWER_BB|CLOSE_NOT_ABOVE_MA200|RSI_RECOVERY_NOT_CONFIRMED
2026-09-17T11:33:02.168454+00:00,SIE_OLD_MR_1R_EXHAUSTION_CONFIRM_V1,BTC,BTCUSDT,strategy-lab-v1.0.0:SIE_OLD_MR_1R_EXHAUSTION_CONFIRM_V1,1789632000000,2026-09-17T08:00:00+00:00,76388.14,76518.3,76310.33,76497.65,69.96615976998798,76044.644,75391.15077599834,77296.6568,404.1121428571392,0.005282673949554518,64.8885575031488,1.5,False,RSI_NOT_BELOW_34|CLOSE_NOT_NEAR_OR_BELOW_LOWER_BB|CLOSE_NOT_ABOVE_MA200
2026-09-17T11:33:02.168454+00:00,SIE_OLD_MR_1R_EXHAUSTION_CONFIRM_V1,BTC,BTCUSDT,strategy-lab-v1.0.0:SIE_OLD_MR_1R_EXHAUSTION_CONFIRM_V1,1789635600000,2026-09-17T09:00:00+00:00,76497.73,76695.0,76392.3,76394.34,59.77327702434759,76085.256,75451.12342416422,77284.23,358.0571428571389,0.0046869590450959965,69.96615976998798,1.5,False,RSI_NOT_BELOW_34|CLOSE_NOT_NEAR_OR_BELOW_LOWER_BB|CLOSE_NOT_ABOVE_MA200|RSI_RECOVERY_NOT_CONFIRMED
2026-09-17T11:33:02.168454+00:00,SIE_OLD_MR_1R_EXHAUSTION_CONFIRM_V1,BTC,BTCUSDT,strategy-lab-v1.0.0:SIE_OLD_MR_1R_EXHAUSTION_CONFIRM_V1,1789639200000,2026-09-17T10:00:00+00:00,76394.34,76402.08,76184.37,76330.8,55.78120262758986,76120.148,75513.1897197664,77272.2984,344.71214285713984,0.004516029477709389,59.77327702434759,1.5,False,RSI_NOT_BELOW_34|CLOSE_NOT_NEAR_OR_BELOW_LOWER_BB|CLOSE_NOT_ABOVE_MA200|RSI_RECOVERY_NOT_CONFIRMED
2026-09-17T11:33:02.168454+00:00,SIE_OLD_MR_1R_EXHAUSTION_CONFIRM_V1,BTC,BTCUSDT,strategy-lab-v1.0.0:SIE_OLD_MR_1R_EXHAUSTION_CONFIRM_V1,1789642800000,2026-09-17T11:00:00+00:00,76330.8,76387.52,76262.3,76266.05,59.69565711133808,76146.90550000001,75564.2485028403,77260.5301,332.85642857142585,0.004364411537917931,55.78120262758986,1.5,False,RSI_NOT_BELOW_34|CLOSE_NOT_NEAR_OR_BELOW_LOWER_BB|CLOSE_NOT_ABOVE_MA200|RSI_RECOVERY_NOT_CONFIRMED
2026-09-17T11:33:02.168454+00:00,SIE_OLD_MR_1R_EXHAUSTION_CONFIRM_V1,SOL,SOLUSDT,strategy-lab-v1.0.0:SIE_OLD_MR_1R_EXHAUSTION_CONFIRM_V1,1789621200000,2026-09-17T05:00:00+00:00,99.81,99.99,99.4,99.46,69.59349593495931,98.135,96.19240894679292,100.79935000000002,1.09642857142857,0.011023814311568169,74.40273037542661,1.5000000000000064,False,RSI_NOT_BELOW_34|CLOSE_NOT_NEAR_OR_BELOW_LOWER_BB|CLOSE_NOT_ABOVE_MA200|RSI_RECOVERY_NOT_CONFIRMED
2026-09-17T11:33:02.168454+00:00,SIE_OLD_MR_1R_EXHAUSTION_CONFIRM_V1,SOL,SOLUSDT,strategy-lab-v1.0.0:SIE_OLD_MR_1R_EXHAUSTION_CONFIRM_V1,1789624800000,2026-09-17T06:00:00+00:00,99.45,99.89,99.38,99.64,69.98394863563398,98.25699999999999,96.2589299311585,100.78055,1.0928571428571416,0.010968056431725628,69.59349593495931,1.5000000000000064,False,RSI_NOT_BELOW_34|CLOSE_NOT_NEAR_OR_BELOW_LOWER_BB|CLOSE_NOT_ABOVE_MA200
2026-09-17T11:33:02.168454+00:00,SIE_OLD_MR_1R_EXHAUSTION_CONFIRM_V1,SOL,SOLUSDT,strategy-lab-v1.0.0:SIE_OLD_MR_1R_EXHAUSTION_CONFIRM_V1,1789628400000,2026-09-17T07:00:00+00:00,99.64,100.27,99.62,99.94,73.96825396825395,98.357,96.23598986329621,100.7634,1.048571428571427,0.010492009491409115,69.98394863563398,1.5,False,RSI_NOT_BELOW_34|CLOSE_NOT_NEAR_OR_BELOW_LOWER_BB|CLOSE_NOT_ABOVE_MA200
2026-09-17T11:33:02.168454+00:00,SIE_OLD_MR_1R_EXHAUSTION_CONFIRM_V1,SOL,SOLUSDT,strategy-lab-v1.0.0:SIE_OLD_MR_1R_EXHAUSTION_CONFIRM_V1,1789632000000,2026-09-17T08:00:00+00:00,99.94,100.25,99.8,100.24,71.62629757785467,98.49449999999999,96.26249215951192,100.74575,0.8914285714285697,0.008892942651921087,73.96825396825395,1.499999999999992,False,PLANNED_REWARD_TOO_LOW|RSI_NOT_BELOW_34|CLOSE_NOT_NEAR_OR_BELOW_LOWER_BB|CLOSE_NOT_ABOVE_MA200|RSI_RECOVERY_NOT_CONFIRMED
2026-09-17T11:33:02.168454+00:00,SIE_OLD_MR_1R_EXHAUSTION_CONFIRM_V1,SOL,SOLUSDT,strategy-lab-v1.0.0:SIE_OLD_MR_1R_EXHAUSTION_CONFIRM_V1,1789635600000,2026-09-17T09:00:00+00:00,100.23,100.77,100.08,100.16,69.449378330373,98.64750000000001,96.39937300180792,100.72765000000001,0.808571428571427,0.008072797809219519,71.62629757785467,1.5000000000000089,False,RSI_NOT_BELOW_34|CLOSE_NOT_NEAR_OR_BELOW_LOWER_BB|CLOSE_NOT_ABOVE_MA200|RSI_RECOVERY_NOT_CONFIRMED
2026-09-17T11:33:02.168454+00:00,SIE_OLD_MR_1R_EXHAUSTION_CONFIRM_V1,SOL,SOLUSDT,strategy-lab-v1.0.0:SIE_OLD_MR_1R_EXHAUSTION_CONFIRM_V1,1789639200000,2026-09-17T10:00:00+00:00,100.16,100.17,99.48,99.76,60.52141527001873,98.787,96.62807341486558,100.70905,0.7928571428571415,0.00794764577843967,69.449378330373,1.5,False,RSI_NOT_BELOW_34|CLOSE_NOT_NEAR_OR_BELOW_LOWER_BB|CLOSE_NOT_ABOVE_MA200|RSI_RECOVERY_NOT_CONFIRMED
2026-09-17T11:33:02.168454+00:00,SIE_OLD_MR_1R_EXHAUSTION_CONFIRM_V1,SOL,SOLUSDT,strategy-lab-v1.0.0:SIE_OLD_MR_1R_EXHAUSTION_CONFIRM_V1,1789642800000,2026-09-17T11:00:00+00:00,99.75,100.14,99.74,99.93,65.51724137931039,98.931,96.87287561114489,100.69215,0.7728571428571424,0.00773398521822418,60.52141527001873,1.500000000000009,False,RSI_NOT_BELOW_34|CLOSE_NOT_NEAR_OR_BELOW_LOWER_BB|CLOSE_NOT_ABOVE_MA200
2026-09-17T11:33:02.168454+00:00,SIE_OLD_MR_1R_EXHAUSTION_CONFIRM_V1,XRP,XRPUSDT,strategy-lab-v1.0.0:SIE_OLD_MR_1R_EXHAUSTION_CONFIRM_V1,1789621200000,2026-09-17T05:00:00+00:00,1.2989,1.3015,1.293,1.2947,64.78304742684149,1.286945,1.2597723317467717,1.3648085,0.01740714285714286,0.013444923810259413,67.65015806111685,1.5,False,RSI_NOT_BELOW_34|CLOSE_NOT_NEAR_OR_BELOW_LOWER_BB|CLOSE_NOT_ABOVE_MA200|RSI_RECOVERY_NOT_CONFIRMED
2026-09-17T11:33:02.168454+00:00,SIE_OLD_MR_1R_EXHAUSTION_CONFIRM_V1,XRP,XRPUSDT,strategy-lab-v1.0.0:SIE_OLD_MR_1R_EXHAUSTION_CONFIRM_V1,1789624800000,2026-09-17T06:00:00+00:00,1.2945,1.3028,1.2929,1.3002,66.01752677702038,1.2875450000000002,1.2597648290142054,1.3642175,0.017550000000000017,0.013497923396400567,64.78304742684149,1.5,False,RSI_NOT_BELOW_34|CLOSE_NOT_NEAR_OR_BELOW_LOWER_BB|CLOSE_NOT_ABOVE_MA200
2026-09-17T11:33:02.168454+00:00,SIE_OLD_MR_1R_EXHAUSTION_CONFIRM_V1,XRP,XRPUSDT,strategy-lab-v1.0.0:SIE_OLD_MR_1R_EXHAUSTION_CONFIRM_V1,1789628400000,2026-09-17T07:00:00+00:00,1.3,1.3057,1.2991,1.3009,71.42857142857136,1.287855,1.2596276037332523,1.3636359999999998,0.016650000000000022,0.01279883157813823,66.01752677702038,1.5000000000000067,False,RSI_NOT_BELOW_34|CLOSE_NOT_NEAR_OR_BELOW_LOWER_BB|CLOSE_NOT_ABOVE_MA200
2026-09-17T11:33:02.168454+00:00,SIE_OLD_MR_1R_EXHAUSTION_CONFIRM_V1,XRP,XRPUSDT,strategy-lab-v1.0.0:SIE_OLD_MR_1R_EXHAUSTION_CONFIRM_V1,1789632000000,2026-09-17T08:00:00+00:00,1.3007,1.3032,1.2974,1.3027,65.79275905118594,1.2889,1.2601048615214303,1.363046,0.013478571428571435,0.010346642687166221,71.42857142857136,1.5000000000000082,False,RSI_NOT_BELOW_34|CLOSE_NOT_NEAR_OR_BELOW_LOWER_BB|CLOSE_NOT_ABOVE_MA200|RSI_RECOVERY_NOT_CONFIRMED
2026-09-17T11:33:02.168454+00:00,SIE_OLD_MR_1R_EXHAUSTION_CONFIRM_V1,XRP,XRPUSDT,strategy-lab-v1.0.0:SIE_OLD_MR_1R_EXHAUSTION_CONFIRM_V1,1789635600000,2026-09-17T09:00:00+00:00,1.303,1.3081,1.2978,1.2987,49.35483870967731,1.2901250000000002,1.2618558029827518,1.3624515,0.012042857142857149,0.009273009273009277,65.79275905118594,1.5,False,RSI_NOT_BELOW_34|CLOSE_NOT_NEAR_OR_BELOW_LOWER_BB|CLOSE_NOT_ABOVE_MA200|RSI_RECOVERY_NOT_CONFIRMED
2026-09-17T11:33:02.168454+00:00,SIE_OLD_MR_1R_EXHAUSTION_CONFIRM_V1,XRP,XRPUSDT,strategy-lab-v1.0.0:SIE_OLD_MR_1R_EXHAUSTION_CONFIRM_V1,1789639200000,2026-09-17T10:00:00+00:00,1.2986,1.299,1.2905,1.2948,44.670846394984224,1.2915949999999998,1.2656602761726674,1.3618460000000001,0.01112857142857144,0.0085948188357827,49.35483870967731,1.5,False,RSI_NOT_BELOW_34|CLOSE_NOT_NEAR_OR_BELOW_LOWER_BB|CLOSE_NOT_ABOVE_MA200|RSI_RECOVERY_NOT_CONFIRMED
2026-09-17T11:33:02.168454+00:00,SIE_OLD_MR_1R_EXHAUSTION_CONFIRM_V1,XRP,XRPUSDT,strategy-lab-v1.0.0:SIE_OLD_MR_1R_EXHAUSTION_CONFIRM_V1,1789642800000,2026-09-17T11:00:00+00:00,1.2948,1.2976,1.2944,1.2961,53.98550724637677,1.2931300000000001,1.2701080886979381,1.361243,0.010242857142857156,0.007902829367222556,44.670846394984224,1.4999999999999891,False,PLANNED_REWARD_TOO_LOW|RSI_NOT_BELOW_34|CLOSE_NOT_NEAR_OR_BELOW_LOWER_BB|CLOSE_NOT_ABOVE_MA200
2026-09-17T11:33:02.168454+00:00,SIE_OLD_MR_1R_EXHAUSTION_CONFIRM_V1,DOGE,DOGEUSDT,strategy-lab-v1.0.0:SIE_OLD_MR_1R_EXHAUSTION_CONFIRM_V1,1789621200000,2026-09-17T05:00:00+00:00,0.08105,0.0811,0.08069,0.08074,66.36029411764719,0.08007650000000001,0.07855288226578921,0.08409610000000001,0.0008235714285714285,0.010200290173042215,69.9612403100775,1.5,False,RSI_NOT_BELOW_34|CLOSE_NOT_NEAR_OR_BELOW_LOWER_BB|CLOSE_NOT_ABOVE_MA200|RSI_RECOVERY_NOT_CONFIRMED
2026-09-17T11:33:02.168454+00:00,SIE_OLD_MR_1R_EXHAUSTION_CONFIRM_V1,DOGE,DOGEUSDT,strategy-lab-v1.0.0:SIE_OLD_MR_1R_EXHAUSTION_CONFIRM_V1,1789624800000,2026-09-17T06:00:00+00:00,0.08077,0.08106,0.08073,0.08092,65.73033707865179,0.080124,0.07855798084302854,0.08405059999999999,0.0008135714285714284,0.010054021608643455,66.36029411764719,1.4999999999999916,False,PLANNED_REWARD_TOO_LOW|RSI_NOT_BELOW_34|CLOSE_NOT_NEAR_OR_BELOW_LOWER_BB|CLOSE_NOT_ABOVE_MA200|RSI_RECOVERY_NOT_CONFIRMED
2026-09-17T11:33:02.168454+00:00,SIE_OLD_MR_1R_EXHAUSTION_CONFIRM_V1,DOGE,DOGEUSDT,strategy-lab-v1.0.0:SIE_OLD_MR_1R_EXHAUSTION_CONFIRM_V1,1789628400000,2026-09-17T07:00:00+00:00,0.08094,0.08127,0.08085,0.08115,72.90448343079947,0.080175,0.07854633797244438,0.0840061,0.0007728571428571416,0.009523809523809509,65.73033707865179,1.4999999999999911,False,PLANNED_REWARD_TOO_LOW|RSI_NOT_BELOW_34|CLOSE_NOT_NEAR_OR_BELOW_LOWER_BB|CLOSE_NOT_ABOVE_MA200
2026-09-17T11:33:02.168454+00:00,SIE_OLD_MR_1R_EXHAUSTION_CONFIRM_V1,DOGE,DOGEUSDT,strategy-lab-v1.0.0:SIE_OLD_MR_1R_EXHAUSTION_CONFIRM_V1,1789632000000,2026-09-17T08:00:00+00:00,0.08116,0.08164,0.08107,0.08149,70.9812108559502,0.0802835,0.0786086594105702,0.08396094999999999,0.0006557142857142853,0.008046561365987057,72.90448343079947,1.5,False,RSI_NOT_BELOW_34|CLOSE_NOT_NEAR_OR_BELOW_LOWER_BB|CLOSE_NOT_ABOVE_MA200|RSI_RECOVERY_NOT_CONFIRMED
2026-09-17T11:33:02.168454+00:00,SIE_OLD_MR_1R_EXHAUSTION_CONFIRM_V1,DOGE,DOGEUSDT,strategy-lab-v1.0.0:SIE_OLD_MR_1R_EXHAUSTION_CONFIRM_V1,1789635600000,2026-09-17T09:00:00+00:00,0.0815,0.08162,0.0809,0.08097,57.078651685393375,0.080371,0.0787454182579761,0.0839143,0.0005992857142857139,0.007401330298699689,70.9812108559502,1.5,False,RSI_NOT_BELOW_34|CLOSE_NOT_NEAR_OR_BELOW_LOWER_BB|CLOSE_NOT_ABOVE_MA200|RSI_RECOVERY_NOT_CONFIRMED
2026-09-17T11:33:02.168454+00:00,SIE_OLD_MR_1R_EXHAUSTION_CONFIRM_V1,DOGE,DOGEUSDT,strategy-lab-v1.0.0:SIE_OLD_MR_1R_EXHAUSTION_CONFIRM_V1,1789639200000,2026-09-17T10:00:00+00:00,0.08096,0.081,0.08058,0.08071,50.904977375565736,0.0804585,0.07896294291315864,0.08386825,0.0005871428571428575,0.007274722551639914,57.078651685393375,1.5000000000000118,False,RSI_NOT_BELOW_34|CLOSE_NOT_NEAR_OR_BELOW_LOWER_BB|CLOSE_NOT_ABOVE_MA200|RSI_RECOVERY_NOT_CONFIRMED
2026-09-17T11:33:02.168454+00:00,SIE_OLD_MR_1R_EXHAUSTION_CONFIRM_V1,DOGE,DOGEUSDT,strategy-lab-v1.0.0:SIE_OLD_MR_1R_EXHAUSTION_CONFIRM_V1,1789642800000,2026-09-17T11:00:00+00:00,0.08073,0.08092,0.08072,0.08078,53.4562211981568,0.08054950000000001,0.07921715657580286,0.08382415,0.0005692857142857147,0.00704735967177166,50.904977375565736,1.5,False,RSI_NOT_BELOW_34|CLOSE_NOT_NEAR_OR_BELOW_LOWER_BB|CLOSE_NOT_ABOVE_MA200
2026-09-17T11:33:02.168454+00:00,SIE_OLD_MR_1R_EXHAUSTION_CONFIRM_V1,BNB,BNBUSDT,strategy-lab-v1.0.0:SIE_OLD_MR_1R_EXHAUSTION_CONFIRM_V1,1789621200000,2026-09-17T05:00:00+00:00,725.0,726.06,724.19,724.19,73.2630047289924,717.86,706.4989173051129,723.83875,4.5007142857142854,0.0062148252333148555,76.08991825613057,1.4999999999999873,False,PLANNED_REWARD_TOO_LOW|RSI_NOT_BELOW_34|CLOSE_NOT_NEAR_OR_BELOW_LOWER_BB|RSI_RECOVERY_NOT_CONFIRMED
2026-09-17T11:33:02.168454+00:00,SIE_OLD_MR_1R_EXHAUSTION_CONFIRM_V1,BNB,BNBUSDT,strategy-lab-v1.0.0:SIE_OLD_MR_1R_EXHAUSTION_CONFIRM_V1,1789624800000,2026-09-17T06:00:00+00:00,724.1,725.76,723.29,725.01,72.53363228699543,718.566,707.2704798260523,723.6903,4.437857142857142,0.006121097837074168,73.2630047289924,1.5,False,RSI_NOT_BELOW_34|CLOSE_NOT_NEAR_OR_BELOW_LOWER_BB|RSI_RECOVERY_NOT_CONFIRMED
2026-09-17T11:33:02.168454+00:00,SIE_OLD_MR_1R_EXHAUSTION_CONFIRM_V1,BNB,BNBUSDT,strategy-lab-v1.0.0:SIE_OLD_MR_1R_EXHAUSTION_CONFIRM_V1,1789628400000,2026-09-17T07:00:00+00:00,724.99,726.86,723.41,723.72,70.30061571894255,719.067,707.7903904031372,723.54875,4.312142857142858,0.0059583027374438425,72.53363228699543,1.5,False,RSI_NOT_BELOW_34|CLOSE_NOT_NEAR_OR_BELOW_LOWER_BB|RSI_RECOVERY_NOT_CONFIRMED
2026-09-17T11:33:02.168454+00:00,SIE_OLD_MR_1R_EXHAUSTION_CONFIRM_V1,BNB,BNBUSDT,strategy-lab-v1.0.0:SIE_OLD_MR_1R_EXHAUSTION_CONFIRM_V1,1789632000000,2026-09-17T08:00:00+00:00,723.98,726.1,723.43,725.41,69.75285872371819,719.7194999999999,708.5611462235661,723.4055500000001,3.7750000000000017,0.005203953626225171,70.30061571894255,1.500000000000015,False,RSI_NOT_BELOW_34|CLOSE_NOT_NEAR_OR_BELOW_LOWER_BB|RSI_RECOVERY_NOT_CONFIRMED
2026-09-17T11:33:02.168454+00:00,SIE_OLD_MR_1R_EXHAUSTION_CONFIRM_V1,BNB,BNBUSDT,strategy-lab-v1.0.0:SIE_OLD_MR_1R_EXHAUSTION_CONFIRM_V1,1789635600000,2026-09-17T09:00:00+00:00,726.15,726.8,724.55,724.55,62.35978396343992,720.404,709.8397538839702,723.2552499999999,3.4171428571428595,0.004716227806421724,69.75285872371819,1.5,False,RSI_NOT_BELOW_34|CLOSE_NOT_NEAR_OR_BELOW_LOWER_BB|RSI_RECOVERY_NOT_CONFIRMED
2026-09-17T11:33:02.168454+00:00,SIE_OLD_MR_1R_EXHAUSTION_CONFIRM_V1,BNB,BNBUSDT,strategy-lab-v1.0.0:SIE_OLD_MR_1R_EXHAUSTION_CONFIRM_V1,1789639200000,2026-09-17T10:00:00+00:00,724.54,725.13,721.96,722.96,56.13673805601328,721.092,711.823201588121,723.11095,3.4349999999999943,0.004751300210246755,62.35978396343992,1.5,False,RSI_NOT_BELOW_34|CLOSE_NOT_NEAR_OR_BELOW_LOWER_BB|CLOSE_NOT_ABOVE_MA200|RSI_RECOVERY_NOT_CONFIRMED
2026-09-17T11:33:02.168454+00:00,SIE_OLD_MR_1R_EXHAUSTION_CONFIRM_V1,BNB,BNBUSDT,strategy-lab-v1.0.0:SIE_OLD_MR_1R_EXHAUSTION_CONFIRM_V1,1789642800000,2026-09-17T11:00:00+00:00,723.23,723.23,721.54,721.9,52.70597738287569,721.617,713.4836289891554,722.97125,3.444999999999993,0.004772129103753973,56.13673805601328,1.5000000000000164,False,RSI_NOT_BELOW_34|CLOSE_NOT_NEAR_OR_BELOW_LOWER_BB|CLOSE_NOT_ABOVE_MA200|RSI_RECOVERY_NOT_CONFIRMED
2026-09-17T11:33:02.168454+00:00,SIE_OLD_MR_1R_EXHAUSTION_CONFIRM_V1,PAXG,PAXGUSDT,strategy-lab-v1.0.0:SIE_OLD_MR_1R_EXHAUSTION_CONFIRM_V1,1789621200000,2026-09-17T05:00:00+00:00,4298.39,4302.96,4284.75,4301.99,38.65072202166067,4309.543,4239.078968012024,4342.6289,26.02357142857149,0.00604919384484192,37.08073411083999,1.5,False,RSI_NOT_BELOW_34|CLOSE_NOT_NEAR_OR_BELOW_LOWER_BB|CLOSE_NOT_ABOVE_MA200
2026-09-17T11:33:02.168454+00:00,SIE_OLD_MR_1R_EXHAUSTION_CONFIRM_V1,PAXG,PAXGUSDT,strategy-lab-v1.0.0:SIE_OLD_MR_1R_EXHAUSTION_CONFIRM_V1,1789624800000,2026-09-17T06:00:00+00:00,4303.53,4313.0,4301.77,4308.09,41.191523749663396,4307.4905,4239.408442605982,4342.385450000001,26.226428571428578,0.006087716034583441,38.65072202166067,1.5,False,RSI_NOT_BELOW_34|CLOSE_NOT_NEAR_OR_BELOW_LOWER_BB|CLOSE_NOT_ABOVE_MA200
2026-09-17T11:33:02.168454+00:00,SIE_OLD_MR_1R_EXHAUSTION_CONFIRM_V1,PAXG,PAXGUSDT,strategy-lab-v1.0.0:SIE_OLD_MR_1R_EXHAUSTION_CONFIRM_V1,1789628400000,2026-09-17T07:00:00+00:00,4309.29,4331.21,4309.13,4324.19,39.30590306737081,4306.646,4239.844521154077,4342.2499,25.862142857142835,0.0059808063145104255,41.191523749663396,1.4999999999999825,False,PLANNED_REWARD_TOO_LOW|RSI_NOT_BELOW_34|CLOSE_NOT_NEAR_OR_BELOW_LOWER_BB|CLOSE_NOT_ABOVE_MA200|RSI_RECOVERY_NOT_CONFIRMED
2026-09-17T11:33:02.168454+00:00,SIE_OLD_MR_1R_EXHAUSTION_CONFIRM_V1,PAXG,PAXGUSDT,strategy-lab-v1.0.0:SIE_OLD_MR_1R_EXHAUSTION_CONFIRM_V1,1789632000000,2026-09-17T08:00:00+00:00,4325.49,4326.27,4309.21,4310.86,67.48607796340497,4304.6735,4240.883868154359,4341.99665,19.359999999999996,0.004490983237683432,39.30590306737081,1.4999999999999765,False,PLANNED_REWARD_TOO_LOW|RSI_NOT_BELOW_34|CLOSE_NOT_NEAR_OR_BELOW_LOWER_BB|CLOSE_NOT_ABOVE_MA200|RSI_RECOVERY_NOT_CONFIRMED
2026-09-17T11:33:02.168454+00:00,SIE_OLD_MR_1R_EXHAUSTION_CONFIRM_V1,PAXG,PAXGUSDT,strategy-lab-v1.0.0:SIE_OLD_MR_1R_EXHAUSTION_CONFIRM_V1,1789635600000,2026-09-17T09:00:00+00:00,4311.41,4316.22,4304.05,4305.06,62.32644494672279,4303.2055,4240.887315984399,4341.6445,16.606428571428555,0.003857420935231693,67.48607796340497,1.5000000000000273,False,RSI_NOT_BELOW_34|CLOSE_NOT_NEAR_OR_BELOW_LOWER_BB|CLOSE_NOT_ABOVE_MA200|RSI_RECOVERY_NOT_CONFIRMED
2026-09-17T11:33:02.168454+00:00,SIE_OLD_MR_1R_EXHAUSTION_CONFIRM_V1,PAXG,PAXGUSDT,strategy-lab-v1.0.0:SIE_OLD_MR_1R_EXHAUSTION_CONFIRM_V1,1789639200000,2026-09-17T10:00:00+00:00,4305.06,4324.58,4305.06,4324.58,69.74547552094614,4301.658,4243.1962156960435,4341.34875,16.97071428571423,0.0039242456575469134,62.32644494672279,1.5000000000000269,False,RSI_NOT_BELOW_34|CLOSE_NOT_NEAR_OR_BELOW_LOWER_BB|CLOSE_NOT_ABOVE_MA200
2026-09-17T11:33:02.168454+00:00,SIE_OLD_MR_1R_EXHAUSTION_CONFIRM_V1,PAXG,PAXGUSDT,strategy-lab-v1.0.0:SIE_OLD_MR_1R_EXHAUSTION_CONFIRM_V1,1789642800000,2026-09-17T11:00:00+00:00,4324.64,4337.0,4324.3,4326.19,70.08626220859784,4300.353,4245.411103017803,4341.0943,17.432857142857042,0.004029609689555254,69.74547552094614,1.499999999999974,False,PLANNED_REWARD_TOO_LOW|RSI_NOT_BELOW_34|CLOSE_NOT_NEAR_OR_BELOW_LOWER_BB|CLOSE_NOT_ABOVE_MA200
2026-09-17T16:52:36.925658+00:00,SIE_OLD_MR_1R_EXHAUSTION_CONFIRM_V1,BTC,BTCUSDT,strategy-lab-v1.0.0:SIE_OLD_MR_1R_EXHAUSTION_CONFIRM_V1,1789646400000,2026-09-17T12:00:00+00:00,76398.6,77105.42,76327.3,76659.83,78.46867419077495,76201.454,75609.52320514448,77248.69714999999,378.13357142856796,0.004932616879382174,63.260491681152104,1.5,False,RSI_NOT_BELOW_34|CLOSE_NOT_NEAR_OR_BELOW_LOWER_BB|CLOSE_NOT_ABOVE_MA200
2026-09-17T16:52:36.925658+00:00,SIE_OLD_MR_1R_EXHAUSTION_CONFIRM_V1,BTC,BTCUSDT,strategy-lab-v1.0.0:SIE_OLD_MR_1R_EXHAUSTION_CONFIRM_V1,1789650000000,2026-09-17T13:00:00+00:00,76659.83,76816.07,75921.88,76618.25,67.62213285671707,76248.30399999999,75680.65647142417,77237.17945,396.43428571428274,0.005174149575516052,78.46867419077495,1.5000000000000184,False,RSI_NOT_BELOW_34|CLOSE_NOT_NEAR_OR_BELOW_LOWER_BB|CLOSE_NOT_ABOVE_MA200|RSI_RECOVERY_NOT_CONFIRMED
2026-09-17T16:52:36.925658+00:00,SIE_OLD_MR_1R_EXHAUSTION_CONFIRM_V1,BTC,BTCUSDT,strategy-lab-v1.0.0:SIE_OLD_MR_1R_EXHAUSTION_CONFIRM_V1,1789653600000,2026-09-17T14:00:00+00:00,76618.24,77021.1,76314.72,76423.62,55.48608851860749,76291.68549999999,75817.36145087199,77223.5463,423.26714285714013,0.005538433574033004,67.62213285671707,1.5,False,RSI_NOT_BELOW_34|CLOSE_NOT_NEAR_OR_BELOW_LOWER_BB|CLOSE_NOT_ABOVE_MA200|RSI_RECOVERY_NOT_CONFIRMED
2026-09-17T16:52:36.925658+00:00,SIE_OLD_MR_1R_EXHAUSTION_CONFIRM_V1,BTC,BTCUSDT,strategy-lab-v1.0.0:SIE_OLD_MR_1R_EXHAUSTION_CONFIRM_V1,1789657200000,2026-09-17T15:00:00+00:00,76423.62,76796.43,76186.47,76702.31,62.15432904207276,76326.801,75840.223852943,77210.76389999999,426.41571428571166,0.0055593594806429125,55.48608851860749,1.5,False,RSI_NOT_BELOW_34|CLOSE_NOT_NEAR_OR_BELOW_LOWER_BB|CLOSE_NOT_ABOVE_MA200
2026-09-17T16:52:36.925658+00:00,SIE_OLD_MR_1R_EXHAUSTION_CONFIRM_V1,BTC,BTCUSDT,strategy-lab-v1.0.0:SIE_OLD_MR_1R_EXHAUSTION_CONFIRM_V1,1789660800000,2026-09-17T16:00:00+00:00,76704.34,76745.24,76452.67,76582.32,57.83690417248059,76350.818,75863.58176330767,77195.19859999999,415.24499999999847,0.005422204498375062,62.15432904207276,1.5,False,RSI_NOT_BELOW_34|CLOSE_NOT_NEAR_OR_BELOW_LOWER_BB|CLOSE_NOT_ABOVE_MA200|RSI_RECOVERY_NOT_CONFIRMED
2026-09-17T16:52:36.925658+00:00,SIE_OLD_MR_1R_EXHAUSTION_CONFIRM_V1,SOL,SOLUSDT,strategy-lab-v1.0.0:SIE_OLD_MR_1R_EXHAUSTION_CONFIRM_V1,1789646400000,2026-09-17T12:00:00+00:00,100.02,101.34,99.98,100.65,82.14285714285728,99.112,97.08412820918096,100.67395,0.8185714285714271,0.00813285075580156,66.29213483146066,1.5,False,RSI_NOT_BELOW_34|CLOSE_NOT_NEAR_OR_BELOW_LOWER_BB|CLOSE_NOT_ABOVE_MA200
2026-09-17T16:52:36.925658+00:00,SIE_OLD_MR_1R_EXHAUSTION_CONFIRM_V1,SOL,SOLUSDT,strategy-lab-v1.0.0:SIE_OLD_MR_1R_EXHAUSTION_CONFIRM_V1,1789650000000,2026-09-17T13:00:00+00:00,100.64,100.9,99.56,100.64,76.60668380462734,99.29799999999999,97.43256064156465,100.65675000000002,0.8092857142857132,0.008041392232568691,82.14285714285728,1.4999999999999911,False,PLANNED_REWARD_TOO_LOW|RSI_NOT_BELOW_34|CLOSE_NOT_NEAR_OR_BELOW_LOWER_BB|CLOSE_NOT_ABOVE_MA200|RSI_RECOVERY_NOT_CONFIRMED
2026-09-17T16:52:36.925658+00:00,SIE_OLD_MR_1R_EXHAUSTION_CONFIRM_V1,SOL,SOLUSDT,strategy-lab-v1.0.0:SIE_OLD_MR_1R_EXHAUSTION_CONFIRM_V1,1789653600000,2026-09-17T14:00:00+00:00,100.65,101.73,99.98,100.96,78.12499999999999,99.45899999999999,97.60342569537093,100.63895000000001,0.8807142857142846,0.00872339823409553,76.60668380462734,1.499999999999992,False,PLANNED_REWARD_TOO_LOW|RSI_NOT_BELOW_34|CLOSE_NOT_NEAR_OR_BELOW_LOWER_BB
2026-09-17T16:52:36.925658+00:00,SIE_OLD_MR_1R_EXHAUSTION_CONFIRM_V1,SOL,SOLUSDT,strategy-lab-v1.0.0:SIE_OLD_MR_1R_EXHAUSTION_CONFIRM_V1,1789657200000,2026-09-17T15:00:00+00:00,100.97,101.26,100.14,101.2,76.36363636363642,99.6205,97.7492386606891,100.62215,0.8771428571428562,0.008667419536984746,78.12499999999999,1.500000000000008,False,RSI_NOT_BELOW_34|CLOSE_NOT_NEAR_OR_BELOW_LOWER_BB|RSI_RECOVERY_NOT_CONFIRMED
2026-09-17T16:52:36.925658+00:00,SIE_OLD_MR_1R_EXHAUSTION_CONFIRM_V1,SOL,SOLUSDT,strategy-lab-v1.0.0:SIE_OLD_MR_1R_EXHAUSTION_CONFIRM_V1,1789660800000,2026-09-17T16:00:00+00:00,101.2,101.44,100.64,100.83,68.78048780487798,99.73049999999999,97.84646735697078,100.6022,0.8699999999999984,0.00862838440940195,76.36363636363642,1.5,False,RSI_NOT_BELOW_34|CLOSE_NOT_NEAR_OR_BELOW_LOWER_BB|RSI_RECOVERY_NOT_CONFIRMED
2026-09-17T16:52:36.925658+00:00,SIE_OLD_MR_1R_EXHAUSTION_CONFIRM_V1,XRP,XRPUSDT,strategy-lab-v1.0.0:SIE_OLD_MR_1R_EXHAUSTION_CONFIRM_V1,1789646400000,2026-09-17T12:00:00+00:00,1.2984,1.3142,1.2976,1.304,66.02451838879153,1.2950750000000002,1.2748598695279996,1.3605935,0.010814285714285712,0.008293163891323398,55.74912891986057,1.5000000000000102,False,RSI_NOT_BELOW_34|CLOSE_NOT_NEAR_OR_BELOW_LOWER_BB|CLOSE_NOT_ABOVE_MA200
2026-09-17T16:52:36.925658+00:00,SIE_OLD_MR_1R_EXHAUSTION_CONFIRM_V1,XRP,XRPUSDT,strategy-lab-v1.0.0:SIE_OLD_MR_1R_EXHAUSTION_CONFIRM_V1,1789650000000,2026-09-17T13:00:00+00:00,1.3039,1.3081,1.2886,1.3026,54.38596491228067,1.297215,1.2848540493893061,1.3599690000000002,0.010878571428571435,0.00835142901011165,66.02451838879153,1.5,False,RSI_NOT_BELOW_34|CLOSE_NOT_NEAR_OR_BELOW_LOWER_BB|CLOSE_NOT_ABOVE_MA200|RSI_RECOVERY_NOT_CONFIRMED
2026-09-17T16:52:36.925658+00:00,SIE_OLD_MR_1R_EXHAUSTION_CONFIRM_V1,XRP,XRPUSDT,strategy-lab-v1.0.0:SIE_OLD_MR_1R_EXHAUSTION_CONFIRM_V1,1789653600000,2026-09-17T14:00:00+00:00,1.3026,1.3193,1.2959,1.2997,56.36363636363639,1.29833,1.2899318811630212,1.3592999999999997,0.011942857142857144,0.009188933709977028,54.38596491228067,1.5000000000000093,False,RSI_NOT_BELOW_34|CLOSE_NOT_NEAR_OR_BELOW_LOWER_BB|CLOSE_NOT_ABOVE_MA200|RSI_RECOVERY_NOT_CONFIRMED
2026-09-17T16:52:36.925658+00:00,SIE_OLD_MR_1R_EXHAUSTION_CONFIRM_V1,XRP,XRPUSDT,strategy-lab-v1.0.0:SIE_OLD_MR_1R_EXHAUSTION_CONFIRM_V1,1789657200000,2026-09-17T15:00:00+00:00,1.2996,1.3093,1.2933,1.3067,58.078602620087366,1.2986900000000001,1.2895386285180845,1.358628,0.011650000000000002,0.008915588888038572,56.36363636363639,1.5,False,RSI_NOT_BELOW_34|CLOSE_NOT_NEAR_OR_BELOW_LOWER_BB|CLOSE_NOT_ABOVE_MA200
2026-09-17T16:52:36.925658+00:00,SIE_OLD_MR_1R_EXHAUSTION_CONFIRM_V1,XRP,XRPUSDT,strategy-lab-v1.0.0:SIE_OLD_MR_1R_EXHAUSTION_CONFIRM_V1,1789660800000,2026-09-17T16:00:00+00:00,1.307,1.308,1.2975,1.2989,49.81273408239702,1.298555,1.2895001725582418,1.3579320000000001,0.011549999999999996,0.00889213950265609,58.078602620087366,1.4999999999999905,False,PLANNED_REWARD_TOO_LOW|RSI_NOT_BELOW_34|CLOSE_NOT_NEAR_OR_BELOW_LOWER_BB|CLOSE_NOT_ABOVE_MA200|RSI_RECOVERY_NOT_CONFIRMED
2026-09-17T16:52:36.925658+00:00,SIE_OLD_MR_1R_EXHAUSTION_CONFIRM_V1,DOGE,DOGEUSDT,strategy-lab-v1.0.0:SIE_OLD_MR_1R_EXHAUSTION_CONFIRM_V1,1789646400000,2026-09-17T12:00:00+00:00,0.08091,0.08175,0.08084,0.08122,65.40284360189577,0.080655,0.0794331407609724,0.08377789999999999,0.0006007142857142858,0.007396137474935801,54.80984340044747,1.5,False,RSI_NOT_BELOW_34|CLOSE_NOT_NEAR_OR_BELOW_LOWER_BB|CLOSE_NOT_ABOVE_MA200
2026-09-17T16:52:36.925658+00:00,SIE_OLD_MR_1R_EXHAUSTION_CONFIRM_V1,DOGE,DOGEUSDT,strategy-lab-v1.0.0:SIE_OLD_MR_1R_EXHAUSTION_CONFIRM_V1,1789650000000,2026-09-17T13:00:00+00:00,0.08121,0.08141,0.08056,0.0814,57.92507204610949,0.080785,0.07986405483333851,0.0837345,0.0005785714285714273,0.0071077571077570924,65.40284360189577,1.5,False,RSI_NOT_BELOW_34|CLOSE_NOT_NEAR_OR_BELOW_LOWER_BB|CLOSE_NOT_ABOVE_MA200|RSI_RECOVERY_NOT_CONFIRMED
2026-09-17T16:52:36.925658+00:00,SIE_OLD_MR_1R_EXHAUSTION_CONFIRM_V1,DOGE,DOGEUSDT,strategy-lab-v1.0.0:SIE_OLD_MR_1R_EXHAUSTION_CONFIRM_V1,1789653600000,2026-09-17T14:00:00+00:00,0.08142,0.08249,0.08105,0.08158,64.41176470588239,0.08089,0.08012198958340581,0.08369025000000001,0.0006485714285714279,0.007950127832451923,57.92507204610949,1.4999999999999893,False,PLANNED_REWARD_TOO_LOW|RSI_NOT_BELOW_34|CLOSE_NOT_NEAR_OR_BELOW_LOWER_BB|CLOSE_NOT_ABOVE_MA200
2026-09-17T16:52:36.925658+00:00,SIE_OLD_MR_1R_EXHAUSTION_CONFIRM_V1,DOGE,DOGEUSDT,strategy-lab-v1.0.0:SIE_OLD_MR_1R_EXHAUSTION_CONFIRM_V1,1789657200000,2026-09-17T15:00:00+00:00,0.08159,0.08196,0.08108,0.08193,64.0949554896144,0.0809695,0.08012074856406766,0.0836455,0.0006478571428571425,0.007907447123851366,64.41176470588239,1.5,False,RSI_NOT_BELOW_34|CLOSE_NOT_NEAR_OR_BELOW_LOWER_BB|CLOSE_NOT_ABOVE_MA200|RSI_RECOVERY_NOT_CONFIRMED
2026-09-17T16:52:36.925658+00:00,SIE_OLD_MR_1R_EXHAUSTION_CONFIRM_V1,DOGE,DOGEUSDT,strategy-lab-v1.0.0:SIE_OLD_MR_1R_EXHAUSTION_CONFIRM_V1,1789660800000,2026-09-17T16:00:00+00:00,0.08192,0.08204,0.08148,0.08166,61.53846153846141,0.081021,0.08013664939079727,0.08359675,0.0006328571428571424,0.007749903782232947,64.0949554896144,1.4999999999999891,False,PLANNED_REWARD_TOO_LOW|RSI_NOT_BELOW_34|CLOSE_NOT_NEAR_OR_BELOW_LOWER_BB|CLOSE_NOT_ABOVE_MA200|RSI_RECOVERY_NOT_CONFIRMED
2026-09-17T16:52:36.925658+00:00,SIE_OLD_MR_1R_EXHAUSTION_CONFIRM_V1,BNB,BNBUSDT,strategy-lab-v1.0.0:SIE_OLD_MR_1R_EXHAUSTION_CONFIRM_V1,1789646400000,2026-09-17T12:00:00+00:00,723.92,731.89,723.92,728.71,68.9149560117304,722.5070000000001,714.8203021394129,722.8537,3.9592857142857105,0.005433280336877099,56.847649918962986,1.5,False,RSI_NOT_BELOW_34|CLOSE_NOT_NEAR_OR_BELOW_LOWER_BB
2026-09-17T16:52:36.925658+00:00,SIE_OLD_MR_1R_EXHAUSTION_CONFIRM_V1,BNB,BNBUSDT,strategy-lab-v1.0.0:SIE_OLD_MR_1R_EXHAUSTION_CONFIRM_V1,1789650000000,2026-09-17T13:00:00+00:00,728.84,729.68,722.96,726.77,52.441807393883934,723.22,716.8404639667164,722.7309000000001,3.8528571428571388,0.005301343124863628,68.9149560117304,1.5,False,RSI_NOT_BELOW_34|CLOSE_NOT_NEAR_OR_BELOW_LOWER_BB|RSI_RECOVERY_NOT_CONFIRMED
2026-09-17T16:52:36.925658+00:00,SIE_OLD_MR_1R_EXHAUSTION_CONFIRM_V1,BNB,BNBUSDT,strategy-lab-v1.0.0:SIE_OLD_MR_1R_EXHAUSTION_CONFIRM_V1,1789653600000,2026-09-17T14:00:00+00:00,726.81,728.82,724.36,725.06,53.243744207599605,723.738,718.6601831462754,722.5838,3.843571428571425,0.005301039125826035,52.441807393883934,1.4999999999999851,False,PLANNED_REWARD_TOO_LOW|RSI_NOT_BELOW_34|CLOSE_NOT_NEAR_OR_BELOW_LOWER_BB|RSI_RECOVERY_NOT_CONFIRMED
2026-09-17T16:52:36.925658+00:00,SIE_OLD_MR_1R_EXHAUSTION_CONFIRM_V1,BNB,BNBUSDT,strategy-lab-v1.0.0:SIE_OLD_MR_1R_EXHAUSTION_CONFIRM_V1,1789657200000,2026-09-17T15:00:00+00:00,724.88,728.0,723.88,727.19,54.44695259593688,724.1675,719.461143128706,722.4499000000001,3.7228571428571433,0.005119510915795243,53.243744207599605,1.4999999999999847,False,PLANNED_REWARD_TOO_LOW|RSI_NOT_BELOW_34|CLOSE_NOT_NEAR_OR_BELOW_LOWER_BB
2026-09-17T16:52:36.925658+00:00,SIE_OLD_MR_1R_EXHAUSTION_CONFIRM_V1,BNB,BNBUSDT,strategy-lab-v1.0.0:SIE_OLD_MR_1R_EXHAUSTION_CONFIRM_V1,1789660800000,2026-09-17T16:00:00+00:00,726.72,727.53,725.54,726.71,58.88671875,724.504,720.0900792938727,722.29625,3.625,0.004988234646557774,54.44695259593688,1.5,False,RSI_NOT_BELOW_34|CLOSE_NOT_NEAR_OR_BELOW_LOWER_BB|RSI_RECOVERY_NOT_CONFIRMED
2026-09-17T16:52:36.925658+00:00,SIE_OLD_MR_1R_EXHAUSTION_CONFIRM_V1,PAXG,PAXGUSDT,strategy-lab-v1.0.0:SIE_OLD_MR_1R_EXHAUSTION_CONFIRM_V1,1789646400000,2026-09-17T12:00:00+00:00,4347.53,4377.2,4341.59,4361.77,76.90849560572158,4302.049,4242.070968721853,4341.0756,19.75285714285701,0.004528633362799278,73.73395931142434,1.499999999999977,False,PLANNED_REWARD_TOO_LOW|RSI_NOT_BELOW_34|CLOSE_NOT_NEAR_OR_BELOW_LOWER_BB
2026-09-17T16:52:36.925658+00:00,SIE_OLD_MR_1R_EXHAUSTION_CONFIRM_V1,PAXG,PAXGUSDT,strategy-lab-v1.0.0:SIE_OLD_MR_1R_EXHAUSTION_CONFIRM_V1,1789650000000,2026-09-17T13:00:00+00:00,4359.75,4368.78,4352.13,4362.76,76.30694878293198,4301.669500000001,4243.351853108152,4340.882799999999,19.99357142857129,0.0045827804941301585,76.90849560572158,1.5,False,RSI_NOT_BELOW_34|CLOSE_NOT_NEAR_OR_BELOW_LOWER_BB|RSI_RECOVERY_NOT_CONFIRMED
2026-09-17T16:52:36.925658+00:00,SIE_OLD_MR_1R_EXHAUSTION_CONFIRM_V1,PAXG,PAXGUSDT,strategy-lab-v1.0.0:SIE_OLD_MR_1R_EXHAUSTION_CONFIRM_V1,1789653600000,2026-09-17T14:00:00+00:00,4362.38,4372.8,4348.03,4352.14,68.24345435230929,4305.931500000001,4245.965176025603,4340.627850000001,19.86642857142845,0.004564749427047027,76.30694878293198,1.5000000000000229,False,RSI_NOT_BELOW_34|CLOSE_NOT_NEAR_OR_BELOW_LOWER_BB|RSI_RECOVERY_NOT_CONFIRMED
2026-09-17T16:52:36.925658+00:00,SIE_OLD_MR_1R_EXHAUSTION_CONFIRM_V1,PAXG,PAXGUSDT,strategy-lab-v1.0.0:SIE_OLD_MR_1R_EXHAUSTION_CONFIRM_V1,1789657200000,2026-09-17T15:00:00+00:00,4349.79,4366.72,4349.79,4366.72,69.93610979649824,4310.541499999999,4246.880966770986,4340.41685,19.487857142857074,0.004462813540336241,68.24345435230929,1.4999999999999767,False,PLANNED_REWARD_TOO_LOW|RSI_NOT_BELOW_34|CLOSE_NOT_NEAR_OR_BELOW_LOWER_BB
2026-09-17T16:52:36.925658+00:00,SIE_OLD_MR_1R_EXHAUSTION_CONFIRM_V1,PAXG,PAXGUSDT,strategy-lab-v1.0.0:SIE_OLD_MR_1R_EXHAUSTION_CONFIRM_V1,1789660800000,2026-09-17T16:00:00+00:00,4367.16,4367.16,4353.06,4356.05,74.52092788704013,4314.853499999999,4251.130005031484,4340.1861499999995,18.73428571428563,0.0043007508440641475,69.93610979649824,1.4999999999999758,False,PLANNED_REWARD_TOO_LOW|RSI_NOT_BELOW_34|CLOSE_NOT_NEAR_OR_BELOW_LOWER_BB|RSI_RECOVERY_NOT_CONFIRMED
2026-09-17T21:17:35.519180+00:00,SIE_OLD_MR_1R_EXHAUSTION_CONFIRM_V1,BTC,BTCUSDT,strategy-lab-v1.0.0:SIE_OLD_MR_1R_EXHAUSTION_CONFIRM_V1,1789664400000,2026-09-17T17:00:00+00:00,76688.03,76911.12,76506.3,76608.24,57.20657040949711,76391.1425,75925.46171392991,77184.06835,432.3242857142842,0.0056433131176787795,61.494331947476795,1.4999999999999831,False,PLANNED_REWARD_TOO_LOW|RSI_NOT_BELOW_34|CLOSE_NOT_NEAR_OR_BELOW_LOWER_BB|CLOSE_NOT_ABOVE_MA200|RSI_RECOVERY_NOT_CONFIRMED
2026-09-17T21:17:35.519180+00:00,SIE_OLD_MR_1R_EXHAUSTION_CONFIRM_V1,BTC,BTCUSDT,strategy-lab-v1.0.0:SIE_OLD_MR_1R_EXHAUSTION_CONFIRM_V1,1789668000000,2026-09-17T18:00:00+00:00,76608.24,76728.22,76388.47,76506.4,51.34359155759895,76435.4585,76130.9058024731,77172.0916,427.1907142857131,0.005583725208423258,57.20657040949711,1.5,False,RSI_NOT_BELOW_34|CLOSE_NOT_NEAR_OR_BELOW_LOWER_BB|CLOSE_NOT_ABOVE_MA200|RSI_RECOVERY_NOT_CONFIRMED
2026-09-17T21:17:35.519180+00:00,SIE_OLD_MR_1R_EXHAUSTION_CONFIRM_V1,BTC,BTCUSDT,strategy-lab-v1.0.0:SIE_OLD_MR_1R_EXHAUSTION_CONFIRM_V1,1789671600000,2026-09-17T19:00:00+00:00,76506.41,76623.26,76430.55,76524.57,59.1590532528631,76454.4375,76178.71061013447,77158.24315000001,417.59571428571195,0.005457014842235793,51.34359155759895,1.5,False,RSI_NOT_BELOW_34|CLOSE_NOT_NEAR_OR_BELOW_LOWER_BB|CLOSE_NOT_ABOVE_MA200
2026-09-17T21:17:35.519180+00:00,SIE_OLD_MR_1R_EXHAUSTION_CONFIRM_V1,BTC,BTCUSDT,strategy-lab-v1.0.0:SIE_OLD_MR_1R_EXHAUSTION_CONFIRM_V1,1789675200000,2026-09-17T20:00:00+00:00,76524.55,76676.28,76424.55,76498.54,53.4765346635445,76465.9405,76203.32098530444,77142.79925000001,413.67857142856934,0.005407666230343342,59.1590532528631,1.4999999999999825,False,PLANNED_REWARD_TOO_LOW|RSI_NOT_BELOW_34|CLOSE_NOT_NEAR_OR_BELOW_LOWER_BB|CLOSE_NOT_ABOVE_MA200|RSI_RECOVERY_NOT_CONFIRMED
2026-09-17T21:17:35.519180+00:00,SIE_OLD_MR_1R_EXHAUSTION_CONFIRM_V1,BTC,BTCUSDT,strategy-lab-v1.0.0:SIE_OLD_MR_1R_EXHAUSTION_CONFIRM_V1,1789678800000,2026-09-17T21:00:00+00:00,76498.54,76562.35,76427.27,76450.18,52.20261502860619,76473.5475,76222.25263973633,77129.4519,404.7007142857131,0.005293652863678191,53.4765346635445,1.5,False,RSI_NOT_BELOW_34|CLOSE_NOT_NEAR_OR_BELOW_LOWER_BB|CLOSE_NOT_ABOVE_MA200|RSI_RECOVERY_NOT_CONFIRMED
2026-09-17T21:17:35.519180+00:00,SIE_OLD_MR_1R_EXHAUSTION_CONFIRM_V1,SOL,SOLUSDT,strategy-lab-v1.0.0:SIE_OLD_MR_1R_EXHAUSTION_CONFIRM_V1,1789664400000,2026-09-17T17:00:00+00:00,101.32,101.98,101.11,101.44,73.07692307692314,99.911,97.94698472511045,100.5943,0.884285714285714,0.008717327625056328,76.30208333333336,1.5,False,RSI_NOT_BELOW_34|CLOSE_NOT_NEAR_OR_BELOW_LOWER_BB|RSI_RECOVERY_NOT_CONFIRMED
2026-09-17T21:17:35.519180+00:00,SIE_OLD_MR_1R_EXHAUSTION_CONFIRM_V1,SOL,SOLUSDT,strategy-lab-v1.0.0:SIE_OLD_MR_1R_EXHAUSTION_CONFIRM_V1,1789668000000,2026-09-17T18:00:00+00:00,101.43,101.55,100.74,100.75,61.44278606965177,100.078,98.45455181788901,100.5791,0.8799999999999996,0.008734491315136471,73.07692307692314,1.5,False,RSI_NOT_BELOW_34|CLOSE_NOT_NEAR_OR_BELOW_LOWER_BB|RSI_RECOVERY_NOT_CONFIRMED
2026-09-17T21:17:35.519180+00:00,SIE_OLD_MR_1R_EXHAUSTION_CONFIRM_V1,SOL,SOLUSDT,strategy-lab-v1.0.0:SIE_OLD_MR_1R_EXHAUSTION_CONFIRM_V1,1789671600000,2026-09-17T19:00:00+00:00,100.74,101.04,100.64,100.9,68.9473684210528,100.19449999999999,98.69063198717457,100.5625,0.8664285714285721,0.008587002690075046,61.44278606965177,1.5,False,RSI_NOT_BELOW_34|CLOSE_NOT_NEAR_OR_BELOW_LOWER_BB
2026-09-17T21:17:35.519180+00:00,SIE_OLD_MR_1R_EXHAUSTION_CONFIRM_V1,SOL,SOLUSDT,strategy-lab-v1.0.0:SIE_OLD_MR_1R_EXHAUSTION_CONFIRM_V1,1789675200000,2026-09-17T20:00:00+00:00,100.87,101.31,100.82,101.22,70.05076142131986,100.3245,98.94300117625839,100.54539999999999,0.865000000000001,0.008545741948231584,68.9473684210528,1.4999999999999918,False,PLANNED_REWARD_TOO_LOW|RSI_NOT_BELOW_34|CLOSE_NOT_NEAR_OR_BELOW_LOWER_BB
2026-09-17T21:17:35.519180+00:00,SIE_OLD_MR_1R_EXHAUSTION_CONFIRM_V1,SOL,SOLUSDT,strategy-lab-v1.0.0:SIE_OLD_MR_1R_EXHAUSTION_CONFIRM_V1,1789678800000,2026-09-17T21:00:00+00:00,101.22,101.36,101.01,101.03,64.22976501305493,100.41749999999999,99.11101042866792,100.5317,0.8435714285714297,0.008349712249543994,70.05076142131986,1.5,False,RSI_NOT_BELOW_34|CLOSE_NOT_NEAR_OR_BELOW_LOWER_BB|RSI_RECOVERY_NOT_CONFIRMED
2026-09-17T21:17:35.519180+00:00,SIE_OLD_MR_1R_EXHAUSTION_CONFIRM_V1,XRP,XRPUSDT,strategy-lab-v1.0.0:SIE_OLD_MR_1R_EXHAUSTION_CONFIRM_V1,1789664400000,2026-09-17T17:00:00+00:00,1.3039,1.3082,1.299,1.2997,48.20717131474101,1.2992000000000001,1.2904439735038682,1.3573535,0.011628571428571433,0.008947119664977635,54.8453608247424,1.4999999999999905,False,PLANNED_REWARD_TOO_LOW|RSI_NOT_BELOW_34|CLOSE_NOT_NEAR_OR_BELOW_LOWER_BB|CLOSE_NOT_ABOVE_MA200|RSI_RECOVERY_NOT_CONFIRMED
2026-09-17T21:17:35.519180+00:00,SIE_OLD_MR_1R_EXHAUSTION_CONFIRM_V1,XRP,XRPUSDT,strategy-lab-v1.0.0:SIE_OLD_MR_1R_EXHAUSTION_CONFIRM_V1,1789668000000,2026-09-17T18:00:00+00:00,1.2996,1.2999,1.2932,1.2942,45.574387947269365,1.299625,1.2929545052656521,1.3567104999999997,0.01140714285714287,0.00881404949555159,48.20717131474101,1.4999999999999902,False,PLANNED_REWARD_TOO_LOW|RSI_NOT_BELOW_34|CLOSE_NOT_NEAR_OR_BELOW_LOWER_BB|CLOSE_NOT_ABOVE_MA200|RSI_RECOVERY_NOT_CONFIRMED
2026-09-17T21:17:35.519180+00:00,SIE_OLD_MR_1R_EXHAUSTION_CONFIRM_V1,XRP,XRPUSDT,strategy-lab-v1.0.0:SIE_OLD_MR_1R_EXHAUSTION_CONFIRM_V1,1789671600000,2026-09-17T19:00:00+00:00,1.2943,1.2981,1.2913,1.2945,49.7967479674797,1.29942,1.2923935926675887,1.3560480000000001,0.011285714285714296,0.008718203387960059,45.574387947269365,1.4999999999999902,False,PLANNED_REWARD_TOO_LOW|RSI_NOT_BELOW_34|CLOSE_NOT_NEAR_OR_BELOW_LOWER_BB|CLOSE_NOT_ABOVE_MA200
2026-09-17T21:17:35.519180+00:00,SIE_OLD_MR_1R_EXHAUSTION_CONFIRM_V1,XRP,XRPUSDT,strategy-lab-v1.0.0:SIE_OLD_MR_1R_EXHAUSTION_CONFIRM_V1,1789675200000,2026-09-17T20:00:00+00:00,1.2945,1.2996,1.293,1.2977,47.33475479744142,1.2995999999999999,1.2929537980770245,1.3553529999999998,0.01105000000000002,0.008515065115203837,49.7967479674797,1.5,False,RSI_NOT_BELOW_34|CLOSE_NOT_NEAR_OR_BELOW_LOWER_BB|CLOSE_NOT_ABOVE_MA200|RSI_RECOVERY_NOT_CONFIRMED
2026-09-17T21:17:35.519180+00:00,SIE_OLD_MR_1R_EXHAUSTION_CONFIRM_V1,XRP,XRPUSDT,strategy-lab-v1.0.0:SIE_OLD_MR_1R_EXHAUSTION_CONFIRM_V1,1789678800000,2026-09-17T21:00:00+00:00,1.2977,1.2996,1.2947,1.2947,43.69918699186995,1.2993700000000001,1.2923882810138934,1.354681,0.010928571428571445,0.00844100674177141,47.33475479744142,1.5,False,RSI_NOT_BELOW_34|CLOSE_NOT_NEAR_OR_BELOW_LOWER_BB|CLOSE_NOT_ABOVE_MA200|RSI_RECOVERY_NOT_CONFIRMED
2026-09-17T21:17:35.519180+00:00,SIE_OLD_MR_1R_EXHAUSTION_CONFIRM_V1,DOGE,DOGEUSDT,strategy-lab-v1.0.0:SIE_OLD_MR_1R_EXHAUSTION_CONFIRM_V1,1789664400000,2026-09-17T17:00:00+00:00,0.08208,0.08222,0.08161,0.0817,59.42857142857134,0.081101,0.08014383961636658,0.0835567,0.0006478571428571425,0.007929707990907498,67.76119402985074,1.5,False,RSI_NOT_BELOW_34|CLOSE_NOT_NEAR_OR_BELOW_LOWER_BB|CLOSE_NOT_ABOVE_MA200|RSI_RECOVERY_NOT_CONFIRMED
2026-09-17T21:17:35.519180+00:00,SIE_OLD_MR_1R_EXHAUSTION_CONFIRM_V1,DOGE,DOGEUSDT,strategy-lab-v1.0.0:SIE_OLD_MR_1R_EXHAUSTION_CONFIRM_V1,1789668000000,2026-09-17T18:00:00+00:00,0.08171,0.08174,0.08128,0.08139,54.881266490765306,0.08117450000000001,0.08037932769163073,0.08350995000000001,0.000647142857142856,0.00795113474803853,59.42857142857134,1.5000000000000107,False,RSI_NOT_BELOW_34|CLOSE_NOT_NEAR_OR_BELOW_LOWER_BB|CLOSE_NOT_ABOVE_MA200|RSI_RECOVERY_NOT_CONFIRMED
2026-09-17T21:17:35.519180+00:00,SIE_OLD_MR_1R_EXHAUSTION_CONFIRM_V1,DOGE,DOGEUSDT,strategy-lab-v1.0.0:SIE_OLD_MR_1R_EXHAUSTION_CONFIRM_V1,1789671600000,2026-09-17T19:00:00+00:00,0.08136,0.08181,0.08135,0.08163,61.86666666666654,0.08121350000000001,0.08040935386900307,0.0834637,0.0006507142857142832,0.007971509074044876,54.881266490765306,1.5,False,RSI_NOT_BELOW_34|CLOSE_NOT_NEAR_OR_BELOW_LOWER_BB|CLOSE_NOT_ABOVE_MA200
2026-09-17T21:17:35.519180+00:00,SIE_OLD_MR_1R_EXHAUSTION_CONFIRM_V1,DOGE,DOGEUSDT,strategy-lab-v1.0.0:SIE_OLD_MR_1R_EXHAUSTION_CONFIRM_V1,1789675200000,2026-09-17T20:00:00+00:00,0.0816,0.08192,0.0816,0.08175,61.24661246612463,0.08127100000000001,0.08048632427079885,0.0834158,0.0006499999999999978,0.00795107033639141,61.86666666666654,1.4999999999999893,False,PLANNED_REWARD_TOO_LOW|RSI_NOT_BELOW_34|CLOSE_NOT_NEAR_OR_BELOW_LOWER_BB|CLOSE_NOT_ABOVE_MA200|RSI_RECOVERY_NOT_CONFIRMED
2026-09-17T21:17:35.519180+00:00,SIE_OLD_MR_1R_EXHAUSTION_CONFIRM_V1,DOGE,DOGEUSDT,strategy-lab-v1.0.0:SIE_OLD_MR_1R_EXHAUSTION_CONFIRM_V1,1789678800000,2026-09-17T21:00:00+00:00,0.08178,0.08184,0.0816,0.08162,56.545961002785475,0.081303,0.08051620650740021,0.08337250000000002,0.000637142857142855,0.007806209962544168,61.24661246612463,1.4999999999999891,False,PLANNED_REWARD_TOO_LOW|RSI_NOT_BELOW_34|CLOSE_NOT_NEAR_OR_BELOW_LOWER_BB|CLOSE_NOT_ABOVE_MA200|RSI_RECOVERY_NOT_CONFIRMED
2026-09-17T21:17:35.519180+00:00,SIE_OLD_MR_1R_EXHAUSTION_CONFIRM_V1,BNB,BNBUSDT,strategy-lab-v1.0.0:SIE_OLD_MR_1R_EXHAUSTION_CONFIRM_V1,1789664400000,2026-09-17T17:00:00+00:00,728.16,729.78,727.68,728.57,59.71588026382562,724.965,720.4718296270922,722.1880500000001,3.6021428571428618,0.0049441273414261655,61.69802219006261,1.5000000000000158,False,RSI_NOT_BELOW_34|CLOSE_NOT_NEAR_OR_BELOW_LOWER_BB|RSI_RECOVERY_NOT_CONFIRMED
2026-09-17T21:17:35.519180+00:00,SIE_OLD_MR_1R_EXHAUSTION_CONFIRM_V1,BNB,BNBUSDT,strategy-lab-v1.0.0:SIE_OLD_MR_1R_EXHAUSTION_CONFIRM_V1,1789668000000,2026-09-17T18:00:00+00:00,728.67,728.98,726.84,727.46,57.13592233009725,725.4185,721.9594812084955,722.0748,3.5278571428571417,0.0048495548110647204,59.71588026382562,1.5,False,RSI_NOT_BELOW_34|CLOSE_NOT_NEAR_OR_BELOW_LOWER_BB|RSI_RECOVERY_NOT_CONFIRMED
2026-09-17T21:17:35.519180+00:00,SIE_OLD_MR_1R_EXHAUSTION_CONFIRM_V1,BNB,BNBUSDT,strategy-lab-v1.0.0:SIE_OLD_MR_1R_EXHAUSTION_CONFIRM_V1,1789671600000,2026-09-17T19:00:00+00:00,727.48,733.38,727.21,731.94,65.65656565656566,725.7305,721.2510380903523,721.9841,3.835000000000004,0.005239500505505921,57.13592233009725,1.5,False,RSI_NOT_BELOW_34|CLOSE_NOT_NEAR_OR_BELOW_LOWER_BB
2026-09-17T21:17:35.519180+00:00,SIE_OLD_MR_1R_EXHAUSTION_CONFIRM_V1,BNB,BNBUSDT,strategy-lab-v1.0.0:SIE_OLD_MR_1R_EXHAUSTION_CONFIRM_V1,1789675200000,2026-09-17T20:00:00+00:00,732.11,736.31,731.02,734.25,67.60670731707319,726.26,720.5500893176871,721.9050500000001,4.036428571428571,0.00549734909285471,65.65656565656566,1.5,False,RSI_NOT_BELOW_34|CLOSE_NOT_NEAR_OR_BELOW_LOWER_BB
2026-09-17T21:17:35.519180+00:00,SIE_OLD_MR_1R_EXHAUSTION_CONFIRM_V1,BNB,BNBUSDT,strategy-lab-v1.0.0:SIE_OLD_MR_1R_EXHAUSTION_CONFIRM_V1,1789678800000,2026-09-17T21:00:00+00:00,734.35,735.09,733.07,733.26,68.38858905165756,726.662,720.2168200956069,721.84655,3.9342857142857093,0.005365471612096268,67.60670731707319,1.4999999999999856,False,PLANNED_REWARD_TOO_LOW|RSI_NOT_BELOW_34|CLOSE_NOT_NEAR_OR_BELOW_LOWER_BB|RSI_RECOVERY_NOT_CONFIRMED
2026-09-17T21:17:35.519180+00:00,SIE_OLD_MR_1R_EXHAUSTION_CONFIRM_V1,PAXG,PAXGUSDT,strategy-lab-v1.0.0:SIE_OLD_MR_1R_EXHAUSTION_CONFIRM_V1,1789664400000,2026-09-17T17:00:00+00:00,4355.73,4360.88,4353.97,4355.4,70.96500530222691,4319.2725,4256.390114588804,4340.0223,18.029999999999877,0.004139688662350158,75.86959312026714,1.4999999999999747,False,PLANNED_REWARD_TOO_LOW|RSI_NOT_BELOW_34|CLOSE_NOT_NEAR_OR_BELOW_LOWER_BB|RSI_RECOVERY_NOT_CONFIRMED
2026-09-17T21:17:35.519180+00:00,SIE_OLD_MR_1R_EXHAUSTION_CONFIRM_V1,PAXG,PAXGUSDT,strategy-lab-v1.0.0:SIE_OLD_MR_1R_EXHAUSTION_CONFIRM_V1,1789668000000,2026-09-17T18:00:00+00:00,4356.14,4360.84,4343.16,4348.25,67.04483324220902,4323.281,4263.83584211475,4339.74165,18.72571428571421,0.004306494402510024,70.96500530222691,1.5,False,RSI_NOT_BELOW_34|CLOSE_NOT_NEAR_OR_BELOW_LOWER_BB|RSI_RECOVERY_NOT_CONFIRMED
2026-09-17T21:17:35.519180+00:00,SIE_OLD_MR_1R_EXHAUSTION_CONFIRM_V1,PAXG,PAXGUSDT,strategy-lab-v1.0.0:SIE_OLD_MR_1R_EXHAUSTION_CONFIRM_V1,1789671600000,2026-09-17T19:00:00+00:00,4349.84,4351.1,4339.14,4340.91,62.969874700080084,4326.652,4271.383565754019,4339.39815,18.27928571428564,0.004210934047074378,67.04483324220902,1.5000000000000249,False,RSI_NOT_BELOW_34|CLOSE_NOT_NEAR_OR_BELOW_LOWER_BB|RSI_RECOVERY_NOT_CONFIRMED
2026-09-17T21:17:35.519180+00:00,SIE_OLD_MR_1R_EXHAUSTION_CONFIRM_V1,PAXG,PAXGUSDT,strategy-lab-v1.0.0:SIE_OLD_MR_1R_EXHAUSTION_CONFIRM_V1,1789675200000,2026-09-17T20:00:00+00:00,4340.42,4340.51,4337.32,4338.34,60.32352740427285,4328.8815,4275.537984077236,4339.08265,17.733571428571395,0.0040876398411769,62.969874700080084,1.5000000000000255,False,RSI_NOT_BELOW_34|CLOSE_NOT_NEAR_OR_BELOW_LOWER_BB|CLOSE_NOT_ABOVE_MA200|RSI_RECOVERY_NOT_CONFIRMED
2026-09-17T21:17:35.519180+00:00,SIE_OLD_MR_1R_EXHAUSTION_CONFIRM_V1,PAXG,PAXGUSDT,strategy-lab-v1.0.0:SIE_OLD_MR_1R_EXHAUSTION_CONFIRM_V1,1789678800000,2026-09-17T21:00:00+00:00,4339.45,4339.45,4338.94,4339.43,55.794676806083956,4330.887000000001,4279.148037080337,4338.70265,16.161428571428523,0.0037243206069526463,60.32352740427285,1.5000000000000282,False,RSI_NOT_BELOW_34|CLOSE_NOT_NEAR_OR_BELOW_LOWER_BB|RSI_RECOVERY_NOT_CONFIRMED
2026-09-18T00:08:57.636885+00:00,SIE_OLD_MR_1R_EXHAUSTION_CONFIRM_V1,BTC,BTCUSDT,strategy-lab-v1.0.0:SIE_OLD_MR_1R_EXHAUSTION_CONFIRM_V1,1789682400000,2026-09-17T22:00:00+00:00,76312.39,76400.35,76182.88,76359.87,45.119099913562316,76471.29199999999,76220.40845557253,77116.0359,412.4442857142848,0.0054013225233919965,48.70266618985204,1.4999999999999825,False,PLANNED_REWARD_TOO_LOW|RSI_NOT_BELOW_34|CLOSE_NOT_NEAR_OR_BELOW_LOWER_BB|CLOSE_NOT_ABOVE_MA200|RSI_RECOVERY_NOT_CONFIRMED
2026-09-18T00:08:57.636885+00:00,SIE_OLD_MR_1R_EXHAUSTION_CONFIRM_V1,BTC,BTCUSDT,strategy-lab-v1.0.0:SIE_OLD_MR_1R_EXHAUSTION_CONFIRM_V1,1789686000000,2026-09-17T23:00:00+00:00,76359.87,76445.68,76296.78,76348.74,48.271732209454264,76470.5005,76218.17941792503,77104.86925,401.4585714285703,0.005258221306973373,45.119099913562316,1.4999999999999818,False,PLANNED_REWARD_TOO_LOW|RSI_NOT_BELOW_34|CLOSE_NOT_NEAR_OR_BELOW_LOWER_BB|CLOSE_NOT_ABOVE_MA200|RSI_RECOVERY_NOT_CONFIRMED
2026-09-18T00:08:57.636885+00:00,SIE_OLD_MR_1R_EXHAUSTION_CONFIRM_V1,BTC,BTCUSDT,strategy-lab-v1.0.0:SIE_OLD_MR_1R_EXHAUSTION_CONFIRM_V1,1789689600000,2026-09-18T00:00:00+00:00,76348.74,76377.59,76307.49,76327.71,49.878987726457574,76463.845,76203.94534878731,77092.5919,390.91499999999775,0.005121534499069836,48.271732209454264,1.5000000000000187,False,RSI_NOT_BELOW_34|CLOSE_NOT_NEAR_OR_BELOW_LOWER_BB|CLOSE_NOT_ABOVE_MA200|RSI_RECOVERY_NOT_CONFIRMED
2026-09-18T00:08:57.636885+00:00,SIE_OLD_MR_1R_EXHAUSTION_CONFIRM_V1,SOL,SOLUSDT,strategy-lab-v1.0.0:SIE_OLD_MR_1R_EXHAUSTION_CONFIRM_V1,1789682400000,2026-09-17T22:00:00+00:00,100.93,101.48,100.7,101.37,64.8293963254595,100.523,99.25922628607825,100.52130000000001,0.8692857142857154,0.008575374512042176,64.73684210526328,1.5000000000000082,False,RSI_NOT_BELOW_34|CLOSE_NOT_NEAR_OR_BELOW_LOWER_BB
2026-09-18T00:08:57.636885+00:00,SIE_OLD_MR_1R_EXHAUSTION_CONFIRM_V1,SOL,SOLUSDT,strategy-lab-v1.0.0:SIE_OLD_MR_1R_EXHAUSTION_CONFIRM_V1,1789686000000,2026-09-17T23:00:00+00:00,101.35,101.67,101.24,101.54,67.69230769230785,100.60600000000001,99.3045638701805,100.51375,0.8507142857142875,0.008378119812037498,64.8293963254595,1.4999999999999916,False,PLANNED_REWARD_TOO_LOW|RSI_NOT_BELOW_34|CLOSE_NOT_NEAR_OR_BELOW_LOWER_BB
2026-09-18T00:08:57.636885+00:00,SIE_OLD_MR_1R_EXHAUSTION_CONFIRM_V1,SOL,SOLUSDT,strategy-lab-v1.0.0:SIE_OLD_MR_1R_EXHAUSTION_CONFIRM_V1,1789689600000,2026-09-18T00:00:00+00:00,101.52,101.62,101.39,101.4,72.52747252747253,100.68449999999999,99.39038292647086,100.5038,0.8178571428571451,0.008065652296421548,67.69230769230785,1.5,False,RSI_NOT_BELOW_34|CLOSE_NOT_NEAR_OR_BELOW_LOWER_BB|RSI_RECOVERY_NOT_CONFIRMED
2026-09-18T00:08:57.636885+00:00,SIE_OLD_MR_1R_EXHAUSTION_CONFIRM_V1,XRP,XRPUSDT,strategy-lab-v1.0.0:SIE_OLD_MR_1R_EXHAUSTION_CONFIRM_V1,1789682400000,2026-09-17T22:00:00+00:00,1.2908,1.2957,1.2867,1.2951,43.14079422382669,1.2989799999999998,1.2911216032169368,1.3540099999999997,0.01145000000000004,0.008841016137750013,40.56603773584908,1.5,False,RSI_NOT_BELOW_34|CLOSE_NOT_NEAR_OR_BELOW_LOWER_BB|CLOSE_NOT_ABOVE_MA200
2026-09-18T00:08:57.636885+00:00,SIE_OLD_MR_1R_EXHAUSTION_CONFIRM_V1,XRP,XRPUSDT,strategy-lab-v1.0.0:SIE_OLD_MR_1R_EXHAUSTION_CONFIRM_V1,1789686000000,2026-09-17T23:00:00+00:00,1.2947,1.2977,1.2929,1.295,46.407766990291236,1.2986550000000001,1.290703276916287,1.3533994999999999,0.011057142857142908,0.008538334252620006,43.14079422382669,1.50000000000001,False,RSI_NOT_BELOW_34|CLOSE_NOT_NEAR_OR_BELOW_LOWER_BB|CLOSE_NOT_ABOVE_MA200|RSI_RECOVERY_NOT_CONFIRMED
2026-09-18T00:08:57.636885+00:00,SIE_OLD_MR_1R_EXHAUSTION_CONFIRM_V1,XRP,XRPUSDT,strategy-lab-v1.0.0:SIE_OLD_MR_1R_EXHAUSTION_CONFIRM_V1,1789689600000,2026-09-18T00:00:00+00:00,1.2952,1.296,1.2939,1.2949,50.104821802935,1.298455,1.2903384798096686,1.3527605,0.010600000000000054,0.008185960305815162,46.407766990291236,1.5000000000000104,False,RSI_NOT_BELOW_34|CLOSE_NOT_NEAR_OR_BELOW_LOWER_BB|CLOSE_NOT_ABOVE_MA200|RSI_RECOVERY_NOT_CONFIRMED
2026-09-18T00:08:57.636885+00:00,SIE_OLD_MR_1R_EXHAUSTION_CONFIRM_V1,DOGE,DOGEUSDT,strategy-lab-v1.0.0:SIE_OLD_MR_1R_EXHAUSTION_CONFIRM_V1,1789682400000,2026-09-17T22:00:00+00:00,0.08128,0.0815,0.08111,0.08142,49.05149051490515,0.08131550000000001,0.08056715582784563,0.08332890000000001,0.0006457142857142842,0.007930659367652715,51.9181585677749,1.5,False,RSI_NOT_BELOW_34|CLOSE_NOT_NEAR_OR_BELOW_LOWER_BB|CLOSE_NOT_ABOVE_MA200|RSI_RECOVERY_NOT_CONFIRMED
2026-09-18T00:08:57.636885+00:00,SIE_OLD_MR_1R_EXHAUSTION_CONFIRM_V1,DOGE,DOGEUSDT,strategy-lab-v1.0.0:SIE_OLD_MR_1R_EXHAUSTION_CONFIRM_V1,1789686000000,2026-09-17T23:00:00+00:00,0.08142,0.08179,0.0814,0.08166,60.11730205278588,0.0813465,0.0805950141385246,0.08329265,0.0006221428571428558,0.007618697736258338,49.05149051490515,1.5,False,RSI_NOT_BELOW_34|CLOSE_NOT_NEAR_OR_BELOW_LOWER_BB|CLOSE_NOT_ABOVE_MA200
2026-09-18T00:08:57.636885+00:00,SIE_OLD_MR_1R_EXHAUSTION_CONFIRM_V1,DOGE,DOGEUSDT,strategy-lab-v1.0.0:SIE_OLD_MR_1R_EXHAUSTION_CONFIRM_V1,1789689600000,2026-09-18T00:00:00+00:00,0.08165,0.08166,0.08159,0.08159,63.6645962732918,0.081375,0.08063201951573583,0.08325484999999999,0.0005971428571428557,0.007318824085584701,60.11730205278588,1.5,False,RSI_NOT_BELOW_34|CLOSE_NOT_NEAR_OR_BELOW_LOWER_BB|CLOSE_NOT_ABOVE_MA200|RSI_RECOVERY_NOT_CONFIRMED
2026-09-18T00:08:57.636885+00:00,SIE_OLD_MR_1R_EXHAUSTION_CONFIRM_V1,BNB,BNBUSDT,strategy-lab-v1.0.0:SIE_OLD_MR_1R_EXHAUSTION_CONFIRM_V1,1789682400000,2026-09-17T22:00:00+00:00,733.27,735.26,732.92,734.88,68.63439590712318,727.264,720.0782546663543,721.8049500000001,3.912142857142856,0.0053235124879474965,69.00038895371443,1.5000000000000144,False,RSI_NOT_BELOW_34|CLOSE_NOT_NEAR_OR_BELOW_LOWER_BB|RSI_RECOVERY_NOT_CONFIRMED
2026-09-18T00:08:57.636885+00:00,SIE_OLD_MR_1R_EXHAUSTION_CONFIRM_V1,BNB,BNBUSDT,strategy-lab-v1.0.0:SIE_OLD_MR_1R_EXHAUSTION_CONFIRM_V1,1789686000000,2026-09-17T23:00:00+00:00,734.9,738.72,734.76,737.54,73.86990077177506,727.9040000000001,719.54686795605,721.7976999999998,4.034285714285716,0.005469921243980958,68.63439590712318,1.5,False,RSI_NOT_BELOW_34|CLOSE_NOT_NEAR_OR_BELOW_LOWER_BB
2026-09-18T00:08:57.636885+00:00,SIE_OLD_MR_1R_EXHAUSTION_CONFIRM_V1,BNB,BNBUSDT,strategy-lab-v1.0.0:SIE_OLD_MR_1R_EXHAUSTION_CONFIRM_V1,1789689600000,2026-09-18T00:00:00+00:00,737.55,738.43,736.8,738.43,79.17766880422454,728.5995,719.2306249874906,721.78675,3.9242857142857184,0.005314363872385627,73.86990077177506,1.5000000000000144,False,RSI_NOT_BELOW_34|CLOSE_NOT_NEAR_OR_BELOW_LOWER_BB
2026-09-18T00:08:57.636885+00:00,SIE_OLD_MR_1R_EXHAUSTION_CONFIRM_V1,PAXG,PAXGUSDT,strategy-lab-v1.0.0:SIE_OLD_MR_1R_EXHAUSTION_CONFIRM_V1,1789682400000,2026-09-17T22:00:00+00:00,4339.0,4345.41,4337.13,4340.35,62.38139222436849,4333.9655,4288.128444913503,4338.30385,15.827857142857088,0.0036466776049989256,55.615789875544095,1.4999999999999714,False,PLANNED_REWARD_TOO_LOW|RSI_NOT_BELOW_34|CLOSE_NOT_NEAR_OR_BELOW_LOWER_BB
2026-09-18T00:08:57.636885+00:00,SIE_OLD_MR_1R_EXHAUSTION_CONFIRM_V1,PAXG,PAXGUSDT,strategy-lab-v1.0.0:SIE_OLD_MR_1R_EXHAUSTION_CONFIRM_V1,1789686000000,2026-09-17T23:00:00+00:00,4341.0,4344.64,4337.57,4342.07,66.08990522563235,4336.2645,4293.766030627532,4338.0269,15.463571428571413,0.0035613362816747343,62.38139222436849,1.5000000000000293,False,RSI_NOT_BELOW_34|CLOSE_NOT_NEAR_OR_BELOW_LOWER_BB
2026-09-18T00:08:57.636885+00:00,SIE_OLD_MR_1R_EXHAUSTION_CONFIRM_V1,PAXG,PAXGUSDT,strategy-lab-v1.0.0:SIE_OLD_MR_1R_EXHAUSTION_CONFIRM_V1,1789689600000,2026-09-18T00:00:00+00:00,4340.28,4341.78,4338.86,4341.78,58.97891000208804,4338.4349999999995,4299.625708071357,4337.6768999999995,14.29857142857145,0.0032932510234446356,66.08990522563235,1.5,False,RSI_NOT_BELOW_34|CLOSE_NOT_NEAR_OR_BELOW_LOWER_BB|RSI_RECOVERY_NOT_CONFIRMED
2026-09-18T07:21:54.848081+00:00,SIE_OLD_MR_1R_EXHAUSTION_CONFIRM_V1,BTC,BTCUSDT,strategy-lab-v1.0.0:SIE_OLD_MR_1R_EXHAUSTION_CONFIRM_V1,1789693200000,2026-09-18T01:00:00+00:00,76526.11,76700.0,76444.32,76662.85,58.792705094315714,76494.4435,76250.34400296853,77083.1237,403.8221428571404,0.005267507571883127,56.814391481225506,1.500000000000018,False,RSI_NOT_BELOW_34|CLOSE_NOT_NEAR_OR_BELOW_LOWER_BB|CLOSE_NOT_ABOVE_MA200
2026-09-18T07:21:54.848081+00:00,SIE_OLD_MR_1R_EXHAUSTION_CONFIRM_V1,BTC,BTCUSDT,strategy-lab-v1.0.0:SIE_OLD_MR_1R_EXHAUSTION_CONFIRM_V1,1789696800000,2026-09-18T02:00:00+00:00,76663.57,76969.37,76568.46,76909.34,58.388187753400324,76519.7645,76220.14396796149,77075.67365,376.87857142856853,0.004900296523524562,58.792705094315714,1.5,False,RSI_NOT_BELOW_34|CLOSE_NOT_NEAR_OR_BELOW_LOWER_BB|CLOSE_NOT_ABOVE_MA200|RSI_RECOVERY_NOT_CONFIRMED
2026-09-18T07:21:54.848081+00:00,SIE_OLD_MR_1R_EXHAUSTION_CONFIRM_V1,BTC,BTCUSDT,strategy-lab-v1.0.0:SIE_OLD_MR_1R_EXHAUSTION_CONFIRM_V1,1789700400000,2026-09-18T03:00:00+00:00,76909.34,77528.05,76900.0,77312.13,68.76893447589373,76565.965,76115.03586958136,77071.16955,357.86857142856854,0.004628879988542141,58.388187753400324,1.5000000000000204,False,RSI_NOT_BELOW_34|CLOSE_NOT_NEAR_OR_BELOW_LOWER_BB
2026-09-18T07:21:54.848081+00:00,SIE_OLD_MR_1R_EXHAUSTION_CONFIRM_V1,BTC,BTCUSDT,strategy-lab-v1.0.0:SIE_OLD_MR_1R_EXHAUSTION_CONFIRM_V1,1789704000000,2026-09-18T04:00:00+00:00,77312.13,77505.0,77143.09,77505.0,79.27839629180396,76616.33249999999,76009.19701360905,77067.17510000001,333.26357142856847,0.004299897702452338,68.76893447589373,1.5,False,RSI_NOT_BELOW_34|CLOSE_NOT_NEAR_OR_BELOW_LOWER_BB
2026-09-18T07:21:54.848081+00:00,SIE_OLD_MR_1R_EXHAUSTION_CONFIRM_V1,BTC,BTCUSDT,strategy-lab-v1.0.0:SIE_OLD_MR_1R_EXHAUSTION_CONFIRM_V1,1789707600000,2026-09-18T05:00:00+00:00,77508.49,77646.65,77370.95,77426.77,72.00320726981184,76667.954,75975.52347203619,77063.66755,309.38785714285456,0.003995877099649831,79.27839629180396,1.4999999999999765,False,PLANNED_REWARD_TOO_LOW|RSI_NOT_BELOW_34|CLOSE_NOT_NEAR_OR_BELOW_LOWER_BB|RSI_RECOVERY_NOT_CONFIRMED
2026-09-18T07:21:54.848081+00:00,SIE_OLD_MR_1R_EXHAUSTION_CONFIRM_V1,BTC,BTCUSDT,strategy-lab-v1.0.0:SIE_OLD_MR_1R_EXHAUSTION_CONFIRM_V1,1789711200000,2026-09-18T06:00:00+00:00,77426.78,77606.38,77332.07,77527.38,74.22240691681262,76727.78300000001,75959.58377776381,77061.843,308.0835714285682,0.003973867960307289,72.00320726981184,1.5000000000000235,False,RSI_NOT_BELOW_34|CLOSE_NOT_NEAR_OR_BELOW_LOWER_BB
2026-09-18T07:21:54.848081+00:00,SIE_OLD_MR_1R_EXHAUSTION_CONFIRM_V1,BTC,BTCUSDT,strategy-lab-v1.0.0:SIE_OLD_MR_1R_EXHAUSTION_CONFIRM_V1,1789714800000,2026-09-18T07:00:00+00:00,77527.38,77736.74,77494.83,77598.13,78.71660236140517,76787.7525,75947.7574986843,77058.41375,296.4471428571404,0.0038202872009562654,74.22240691681262,1.5000000000000246,False,RSI_NOT_BELOW_34|CLOSE_NOT_NEAR_OR_BELOW_LOWER_BB
2026-09-18T07:21:54.848081+00:00,SIE_OLD_MR_1R_EXHAUSTION_CONFIRM_V1,SOL,SOLUSDT,strategy-lab-v1.0.0:SIE_OLD_MR_1R_EXHAUSTION_CONFIRM_V1,1789693200000,2026-09-18T01:00:00+00:00,101.34,102.8,101.31,102.4,76.16926503340753,100.828,99.46343999765514,100.49785000000001,0.9171428571428594,0.008956473214285736,71.15902964959555,1.5,False,RSI_NOT_BELOW_34|CLOSE_NOT_NEAR_OR_BELOW_LOWER_BB
2026-09-18T07:21:54.848081+00:00,SIE_OLD_MR_1R_EXHAUSTION_CONFIRM_V1,SOL,SOLUSDT,strategy-lab-v1.0.0:SIE_OLD_MR_1R_EXHAUSTION_CONFIRM_V1,1789696800000,2026-09-18T02:00:00+00:00,102.4,102.83,102.07,102.67,74.27884615384605,100.9795,99.50758322246148,100.4949,0.874285714285717,0.008515493467280774,76.16926503340753,1.5,False,RSI_NOT_BELOW_34|CLOSE_NOT_NEAR_OR_BELOW_LOWER_BB|RSI_RECOVERY_NOT_CONFIRMED
2026-09-18T07:21:54.848081+00:00,SIE_OLD_MR_1R_EXHAUSTION_CONFIRM_V1,SOL,SOLUSDT,strategy-lab-v1.0.0:SIE_OLD_MR_1R_EXHAUSTION_CONFIRM_V1,1789700400000,2026-09-18T03:00:00+00:00,102.68,105.0,102.57,104.53,82.36272878535772,101.209,99.14479167718,100.5059,0.9521428571428601,0.009108799934400268,74.27884615384605,1.5,False,RSI_NOT_BELOW_34|CLOSE_NOT_NEAR_OR_BELOW_LOWER_BB
2026-09-18T07:21:54.848081+00:00,SIE_OLD_MR_1R_EXHAUSTION_CONFIRM_V1,SOL,SOLUSDT,strategy-lab-v1.0.0:SIE_OLD_MR_1R_EXHAUSTION_CONFIRM_V1,1789704000000,2026-09-18T04:00:00+00:00,104.52,105.84,104.33,105.72,84.59302325581395,101.483,98.68252075529931,100.52175,0.9350000000000033,0.008844116534241423,82.36272878535772,1.5,False,RSI_NOT_BELOW_34|CLOSE_NOT_NEAR_OR_BELOW_LOWER_BB
2026-09-18T07:21:54.848081+00:00,SIE_OLD_MR_1R_EXHAUSTION_CONFIRM_V1,SOL,SOLUSDT,strategy-lab-v1.0.0:SIE_OLD_MR_1R_EXHAUSTION_CONFIRM_V1,1789707600000,2026-09-18T05:00:00+00:00,105.73,106.02,105.23,105.27,78.70239774330037,101.73850000000002,98.5604863121756,100.53775,0.9114285714285738,0.00865800865800868,84.59302325581395,1.5000000000000078,False,RSI_NOT_BELOW_34|CLOSE_NOT_NEAR_OR_BELOW_LOWER_BB|RSI_RECOVERY_NOT_CONFIRMED
2026-09-18T07:21:54.848081+00:00,SIE_OLD_MR_1R_EXHAUSTION_CONFIRM_V1,SOL,SOLUSDT,strategy-lab-v1.0.0:SIE_OLD_MR_1R_EXHAUSTION_CONFIRM_V1,1789711200000,2026-09-18T06:00:00+00:00,105.28,105.74,105.22,105.48,78.99860917941582,102.02450000000002,98.59092183720841,100.56120000000001,0.8914285714285738,0.008451162034779804,78.70239774330037,1.5,False,RSI_NOT_BELOW_34|CLOSE_NOT_NEAR_OR_BELOW_LOWER_BB
2026-09-18T07:21:54.848081+00:00,SIE_OLD_MR_1R_EXHAUSTION_CONFIRM_V1,SOL,SOLUSDT,strategy-lab-v1.0.0:SIE_OLD_MR_1R_EXHAUSTION_CONFIRM_V1,1789714800000,2026-09-18T07:00:00+00:00,105.46,105.92,105.36,105.74,79.3715846994535,102.309,98.64199086447833,100.58220000000001,0.8692857142857164,0.008220973276770537,78.99860917941582,1.5,False,RSI_NOT_BELOW_34|CLOSE_NOT_NEAR_OR_BELOW_LOWER_BB
2026-09-18T07:21:54.848081+00:00,SIE_OLD_MR_1R_EXHAUSTION_CONFIRM_V1,XRP,XRPUSDT,strategy-lab-v1.0.0:SIE_OLD_MR_1R_EXHAUSTION_CONFIRM_V1,1789693200000,2026-09-18T01:00:00+00:00,1.2997,1.306,1.2982,1.3041,55.45112781954888,1.299155,1.2910827078843616,1.352193,0.011107142857142918,0.008517094438419536,54.510556621881115,1.5,False,RSI_NOT_BELOW_34|CLOSE_NOT_NEAR_OR_BELOW_LOWER_BB|CLOSE_NOT_ABOVE_MA200
2026-09-18T07:21:54.848081+00:00,SIE_OLD_MR_1R_EXHAUSTION_CONFIRM_V1,XRP,XRPUSDT,strategy-lab-v1.0.0:SIE_OLD_MR_1R_EXHAUSTION_CONFIRM_V1,1789696800000,2026-09-18T02:00:00+00:00,1.3041,1.31,1.2996,1.3052,51.23456790123443,1.299405,1.2909196066679147,1.3516329999999999,0.010664285714285777,0.008170614246311506,55.45112781954888,1.5,False,RSI_NOT_BELOW_34|CLOSE_NOT_NEAR_OR_BELOW_LOWER_BB|CLOSE_NOT_ABOVE_MA200|RSI_RECOVERY_NOT_CONFIRMED
2026-09-18T07:21:54.848081+00:00,SIE_OLD_MR_1R_EXHAUSTION_CONFIRM_V1,XRP,XRPUSDT,strategy-lab-v1.0.0:SIE_OLD_MR_1R_EXHAUSTION_CONFIRM_V1,1789700400000,2026-09-18T03:00:00+00:00,1.305,1.3282,1.304,1.3256,67.0118343195266,1.30064,1.2864030902229384,1.3512525,0.011000000000000057,0.008298129149064618,51.23456790123443,1.5,False,RSI_NOT_BELOW_34|CLOSE_NOT_NEAR_OR_BELOW_LOWER_BB|CLOSE_NOT_ABOVE_MA200
2026-09-18T07:21:54.848081+00:00,SIE_OLD_MR_1R_EXHAUSTION_CONFIRM_V1,XRP,XRPUSDT,strategy-lab-v1.0.0:SIE_OLD_MR_1R_EXHAUSTION_CONFIRM_V1,1789704000000,2026-09-18T04:00:00+00:00,1.326,1.3269,1.3131,1.3248,69.16030534351141,1.301745,1.2840334811492577,1.3508600000000002,0.010314285714285784,0.007785541752933111,67.0118343195266,1.5,False,RSI_NOT_BELOW_34|CLOSE_NOT_NEAR_OR_BELOW_LOWER_BB|CLOSE_NOT_ABOVE_MA200|RSI_RECOVERY_NOT_CONFIRMED
2026-09-18T07:21:54.848081+00:00,SIE_OLD_MR_1R_EXHAUSTION_CONFIRM_V1,XRP,XRPUSDT,strategy-lab-v1.0.0:SIE_OLD_MR_1R_EXHAUSTION_CONFIRM_V1,1789707600000,2026-09-18T05:00:00+00:00,1.3246,1.3257,1.3156,1.3173,58.030303030302974,1.302675,1.2837864982065759,1.3504660000000002,0.009892857142857212,0.007509950005964634,69.16030534351141,1.4999999999999887,False,PLANNED_REWARD_TOO_LOW|RSI_NOT_BELOW_34|CLOSE_NOT_NEAR_OR_BELOW_LOWER_BB|CLOSE_NOT_ABOVE_MA200|RSI_RECOVERY_NOT_CONFIRMED
2026-09-18T07:21:54.848081+00:00,SIE_OLD_MR_1R_EXHAUSTION_CONFIRM_V1,XRP,XRPUSDT,strategy-lab-v1.0.0:SIE_OLD_MR_1R_EXHAUSTION_CONFIRM_V1,1789711200000,2026-09-18T06:00:00+00:00,1.3174,1.3238,1.3174,1.321,62.874251497005865,1.3039850000000002,1.283868611159053,1.35015,0.00960714285714294,0.007272628960744089,58.030303030302974,1.5,False,RSI_NOT_BELOW_34|CLOSE_NOT_NEAR_OR_BELOW_LOWER_BB|CLOSE_NOT_ABOVE_MA200
2026-09-18T07:21:54.848081+00:00,SIE_OLD_MR_1R_EXHAUSTION_CONFIRM_V1,XRP,XRPUSDT,strategy-lab-v1.0.0:SIE_OLD_MR_1R_EXHAUSTION_CONFIRM_V1,1789714800000,2026-09-18T07:00:00+00:00,1.321,1.3286,1.3197,1.326,69.42392909896593,1.30537,1.2832914040301429,1.3498044999999999,0.009585714285714355,0.007229045464339634,62.874251497005865,1.5000000000000115,False,RSI_NOT_BELOW_34|CLOSE_NOT_NEAR_OR_BELOW_LOWER_BB|CLOSE_NOT_ABOVE_MA200
2026-09-18T07:21:54.848081+00:00,SIE_OLD_MR_1R_EXHAUSTION_CONFIRM_V1,DOGE,DOGEUSDT,strategy-lab-v1.0.0:SIE_OLD_MR_1R_EXHAUSTION_CONFIRM_V1,1789693200000,2026-09-18T01:00:00+00:00,0.08175,0.08244,0.08173,0.08236,69.86301369863016,0.08146400000000001,0.080656153479925,0.08322205,0.0006428571428571424,0.007805453410115862,66.04938271604934,1.5,False,RSI_NOT_BELOW_34|CLOSE_NOT_NEAR_OR_BELOW_LOWER_BB|CLOSE_NOT_ABOVE_MA200
2026-09-18T07:21:54.848081+00:00,SIE_OLD_MR_1R_EXHAUSTION_CONFIRM_V1,DOGE,DOGEUSDT,strategy-lab-v1.0.0:SIE_OLD_MR_1R_EXHAUSTION_CONFIRM_V1,1789696800000,2026-09-18T02:00:00+00:00,0.08239,0.08298,0.0822,0.08279,70.82228116710873,0.0815575,0.08060350052411056,0.08319325,0.0006335714285714278,0.007652753093023648,69.86301369863016,1.5,False,RSI_NOT_BELOW_34|CLOSE_NOT_NEAR_OR_BELOW_LOWER_BB|CLOSE_NOT_ABOVE_MA200
2026-09-18T07:21:54.848081+00:00,SIE_OLD_MR_1R_EXHAUSTION_CONFIRM_V1,DOGE,DOGEUSDT,strategy-lab-v1.0.0:SIE_OLD_MR_1R_EXHAUSTION_CONFIRM_V1,1789700400000,2026-09-18T03:00:00+00:00,0.08282,0.08447,0.08276,0.08445,79.047619047619,0.0817225,0.0801600292002737,0.08318049999999999,0.0006950000000000002,0.008229721728833631,70.82228116710873,1.5,False,RSI_NOT_BELOW_34|CLOSE_NOT_NEAR_OR_BELOW_LOWER_BB
2026-09-18T07:21:54.848081+00:00,SIE_OLD_MR_1R_EXHAUSTION_CONFIRM_V1,DOGE,DOGEUSDT,strategy-lab-v1.0.0:SIE_OLD_MR_1R_EXHAUSTION_CONFIRM_V1,1789704000000,2026-09-18T04:00:00+00:00,0.08445,0.08453,0.08365,0.08446,78.3464566929133,0.081871,0.07991113367802867,0.08316765,0.0006549999999999999,0.00775515036703765,79.047619047619,1.4999999999999893,False,PLANNED_REWARD_TOO_LOW|RSI_NOT_BELOW_34|CLOSE_NOT_NEAR_OR_BELOW_LOWER_BB|RSI_RECOVERY_NOT_CONFIRMED
2026-09-18T07:21:54.848081+00:00,SIE_OLD_MR_1R_EXHAUSTION_CONFIRM_V1,DOGE,DOGEUSDT,strategy-lab-v1.0.0:SIE_OLD_MR_1R_EXHAUSTION_CONFIRM_V1,1789707600000,2026-09-18T05:00:00+00:00,0.08448,0.08465,0.08401,0.08409,71.17647058823528,0.082027,0.0798901415582689,0.0831557,0.0006378571428571424,0.007585410189762664,78.3464566929133,1.5000000000000109,False,RSI_NOT_BELOW_34|CLOSE_NOT_NEAR_OR_BELOW_LOWER_BB|RSI_RECOVERY_NOT_CONFIRMED
2026-09-18T07:21:54.848081+00:00,SIE_OLD_MR_1R_EXHAUSTION_CONFIRM_V1,DOGE,DOGEUSDT,strategy-lab-v1.0.0:SIE_OLD_MR_1R_EXHAUSTION_CONFIRM_V1,1789711200000,2026-09-18T06:00:00+00:00,0.08412,0.08442,0.08405,0.0841,70.59999999999997,0.08219649999999999,0.07996853882439627,0.0831484,0.0006242857142857132,0.007423135722778992,71.17647058823528,1.5,False,RSI_NOT_BELOW_34|CLOSE_NOT_NEAR_OR_BELOW_LOWER_BB|RSI_RECOVERY_NOT_CONFIRMED
2026-09-18T07:21:54.848081+00:00,SIE_OLD_MR_1R_EXHAUSTION_CONFIRM_V1,DOGE,DOGEUSDT,strategy-lab-v1.0.0:SIE_OLD_MR_1R_EXHAUSTION_CONFIRM_V1,1789714800000,2026-09-18T07:00:00+00:00,0.08413,0.08446,0.08409,0.08435,76.98574338085548,0.0823685,0.08003569675068864,0.08313935,0.0006071428571428557,0.007197899906850691,70.59999999999997,1.5,False,RSI_NOT_BELOW_34|CLOSE_NOT_NEAR_OR_BELOW_LOWER_BB
2026-09-18T07:21:54.848081+00:00,SIE_OLD_MR_1R_EXHAUSTION_CONFIRM_V1,BNB,BNBUSDT,strategy-lab-v1.0.0:SIE_OLD_MR_1R_EXHAUSTION_CONFIRM_V1,1789693200000,2026-09-18T01:00:00+00:00,737.4,743.73,736.99,742.91,81.60613128956989,729.4970000000001,718.6014080472874,721.7910499999999,4.35642857142858,0.0058640058303543905,78.55477855477828,1.500000000000013,False,RSI_NOT_BELOW_34|CLOSE_NOT_NEAR_OR_BELOW_LOWER_BB
2026-09-18T07:21:54.848081+00:00,SIE_OLD_MR_1R_EXHAUSTION_CONFIRM_V1,BNB,BNBUSDT,strategy-lab-v1.0.0:SIE_OLD_MR_1R_EXHAUSTION_CONFIRM_V1,1789696800000,2026-09-18T02:00:00+00:00,743.04,751.36,743.04,747.82,81.69154228855702,730.6375,717.3472481212722,721.83175,4.390714285714296,0.005871351776783578,81.60613128956989,1.5,False,RSI_NOT_BELOW_34|CLOSE_NOT_NEAR_OR_BELOW_LOWER_BB
2026-09-18T07:21:54.848081+00:00,SIE_OLD_MR_1R_EXHAUSTION_CONFIRM_V1,BNB,BNBUSDT,strategy-lab-v1.0.0:SIE_OLD_MR_1R_EXHAUSTION_CONFIRM_V1,1789700400000,2026-09-18T03:00:00+00:00,747.32,753.19,746.78,750.52,88.41798770624384,731.9775,716.5197901114026,721.901,4.3685714285714505,0.005820726201262392,81.69154228855702,1.500000000000013,False,RSI_NOT_BELOW_34|CLOSE_NOT_NEAR_OR_BELOW_LOWER_BB
2026-09-18T07:21:54.848081+00:00,SIE_OLD_MR_1R_EXHAUSTION_CONFIRM_V1,BNB,BNBUSDT,strategy-lab-v1.0.0:SIE_OLD_MR_1R_EXHAUSTION_CONFIRM_V1,1789704000000,2026-09-18T04:00:00+00:00,750.8,752.31,748.44,751.04,93.7079407806191,733.259,716.0421130572321,721.9891500000001,4.3264285714285835,0.005760583419562984,88.41798770624384,1.5,False,RSI_NOT_BELOW_34|CLOSE_NOT_NEAR_OR_BELOW_LOWER_BB
2026-09-18T07:21:54.848081+00:00,SIE_OLD_MR_1R_EXHAUSTION_CONFIRM_V1,BNB,BNBUSDT,strategy-lab-v1.0.0:SIE_OLD_MR_1R_EXHAUSTION_CONFIRM_V1,1789707600000,2026-09-18T05:00:00+00:00,751.17,753.97,750.4,752.09,93.47067039106143,734.6360000000001,716.0729006898077,722.1225999999999,4.2871428571428725,0.005700305624516843,93.7079407806191,1.5000000000000133,False,RSI_NOT_BELOW_34|CLOSE_NOT_NEAR_OR_BELOW_LOWER_BB|RSI_RECOVERY_NOT_CONFIRMED
2026-09-18T07:21:54.848081+00:00,SIE_OLD_MR_1R_EXHAUSTION_CONFIRM_V1,BNB,BNBUSDT,strategy-lab-v1.0.0:SIE_OLD_MR_1R_EXHAUSTION_CONFIRM_V1,1789711200000,2026-09-18T06:00:00+00:00,752.3,754.88,751.38,754.41,93.81409196162751,736.2085,716.570932660839,722.3002,4.3671428571428725,0.005788818887796918,93.47067039106143,1.5,False,RSI_NOT_BELOW_34|CLOSE_NOT_NEAR_OR_BELOW_LOWER_BB
2026-09-18T07:21:54.848081+00:00,SIE_OLD_MR_1R_EXHAUSTION_CONFIRM_V1,BNB,BNBUSDT,strategy-lab-v1.0.0:SIE_OLD_MR_1R_EXHAUSTION_CONFIRM_V1,1789714800000,2026-09-18T07:00:00+00:00,754.35,757.96,753.75,757.18,94.21947449768157,737.8705,717.0752452768644,722.4733,4.517857142857159,0.005966688426605509,93.81409196162751,1.5,False,RSI_NOT_BELOW_34|CLOSE_NOT_NEAR_OR_BELOW_LOWER_BB
2026-09-18T07:21:54.848081+00:00,SIE_OLD_MR_1R_EXHAUSTION_CONFIRM_V1,PAXG,PAXGUSDT,strategy-lab-v1.0.0:SIE_OLD_MR_1R_EXHAUSTION_CONFIRM_V1,1789693200000,2026-09-18T01:00:00+00:00,4355.64,4360.58,4343.32,4343.7,48.97810976242336,4341.1255,4305.5927796003125,4337.3673499999995,14.54357142857147,0.0033481988692984025,63.653308480894744,1.4999999999999687,False,PLANNED_REWARD_TOO_LOW|RSI_NOT_BELOW_34|CLOSE_NOT_NEAR_OR_BELOW_LOWER_BB|RSI_RECOVERY_NOT_CONFIRMED
2026-09-18T07:21:54.848081+00:00,SIE_OLD_MR_1R_EXHAUSTION_CONFIRM_V1,PAXG,PAXGUSDT,strategy-lab-v1.0.0:SIE_OLD_MR_1R_EXHAUSTION_CONFIRM_V1,1789696800000,2026-09-18T02:00:00+00:00,4343.27,4352.07,4340.17,4342.18,38.02713604693787,4342.83,4310.691137543429,4337.05825,12.850000000000039,0.002959343002823475,48.97810976242336,1.5,False,RSI_NOT_BELOW_34|CLOSE_NOT_NEAR_OR_BELOW_LOWER_BB|RSI_RECOVERY_NOT_CONFIRMED
2026-09-18T07:21:54.848081+00:00,SIE_OLD_MR_1R_EXHAUSTION_CONFIRM_V1,PAXG,PAXGUSDT,strategy-lab-v1.0.0:SIE_OLD_MR_1R_EXHAUSTION_CONFIRM_V1,1789700400000,2026-09-18T03:00:00+00:00,4343.08,4355.2,4330.45,4352.67,44.47486584163826,4344.254,4313.034285459306,4336.832,13.428571428571493,0.0030851342804695723,38.02713604693787,1.499999999999966,False,PLANNED_REWARD_TOO_LOW|RSI_NOT_BELOW_34|CLOSE_NOT_NEAR_OR_BELOW_LOWER_BB
2026-09-18T07:21:54.848081+00:00,SIE_OLD_MR_1R_EXHAUSTION_CONFIRM_V1,PAXG,PAXGUSDT,strategy-lab-v1.0.0:SIE_OLD_MR_1R_EXHAUSTION_CONFIRM_V1,1789704000000,2026-09-18T04:00:00+00:00,4352.16,4364.09,4348.3,4364.09,56.48680924980994,4346.9155,4318.595934696091,4336.63145,12.787142857142888,0.0029300822982896517,44.47486584163826,1.5000000000000355,False,RSI_NOT_BELOW_34|CLOSE_NOT_NEAR_OR_BELOW_LOWER_BB
2026-09-18T07:21:54.848081+00:00,SIE_OLD_MR_1R_EXHAUSTION_CONFIRM_V1,PAXG,PAXGUSDT,strategy-lab-v1.0.0:SIE_OLD_MR_1R_EXHAUSTION_CONFIRM_V1,1789707600000,2026-09-18T05:00:00+00:00,4363.9,4372.78,4357.67,4372.77,53.50887368054761,4350.301,4327.074597006804,4336.48145,12.657142857142844,0.002894536611151019,56.48680924980994,1.5,False,RSI_NOT_BELOW_34|CLOSE_NOT_NEAR_OR_BELOW_LOWER_BB|RSI_RECOVERY_NOT_CONFIRMED
2026-09-18T07:21:54.848081+00:00,SIE_OLD_MR_1R_EXHAUSTION_CONFIRM_V1,PAXG,PAXGUSDT,strategy-lab-v1.0.0:SIE_OLD_MR_1R_EXHAUSTION_CONFIRM_V1,1789711200000,2026-09-18T06:00:00+00:00,4377.0,4391.1,4375.04,4389.21,66.00210970464155,4353.532499999999,4327.683640934223,4336.429099999999,12.86714285714288,0.002931539583921225,53.50887368054761,1.5000000000000353,False,RSI_NOT_BELOW_34|CLOSE_NOT_NEAR_OR_BELOW_LOWER_BB
2026-09-18T07:21:54.848081+00:00,SIE_OLD_MR_1R_EXHAUSTION_CONFIRM_V1,PAXG,PAXGUSDT,strategy-lab-v1.0.0:SIE_OLD_MR_1R_EXHAUSTION_CONFIRM_V1,1789714800000,2026-09-18T07:00:00+00:00,4387.93,4389.09,4384.0,4385.95,66.14864150544477,4355.5464999999995,4326.3959629380115,4336.390350000001,12.745714285714323,0.0029060327376541737,66.00210970464155,1.5,False,RSI_NOT_BELOW_34|CLOSE_NOT_NEAR_OR_BELOW_LOWER_BB|RSI_RECOVERY_NOT_CONFIRMED
2026-09-18T12:56:01.367183+00:00,SIE_OLD_MR_1R_EXHAUSTION_CONFIRM_V1,BTC,BTCUSDT,strategy-lab-v1.0.0:SIE_OLD_MR_1R_EXHAUSTION_CONFIRM_V1,1789718400000,2026-09-18T08:00:00+00:00,77734.78,78204.0,77581.31,78191.55,88.03727095023805,76871.171,75814.45744027034,77059.29615000001,320.2664285714262,0.00409592121618546,80.28007741103094,1.5,False,RSI_NOT_BELOW_34|CLOSE_NOT_NEAR_OR_BELOW_LOWER_BB
2026-09-18T12:56:01.367183+00:00,SIE_OLD_MR_1R_EXHAUSTION_CONFIRM_V1,BTC,BTCUSDT,strategy-lab-v1.0.0:SIE_OLD_MR_1R_EXHAUSTION_CONFIRM_V1,1789722000000,2026-09-18T09:00:00+00:00,78191.55,78409.69,77922.07,78148.14,86.23441663653786,76947.6655,75761.67474449657,77059.68484999999,341.33142857142644,0.004367748593522846,88.03727095023805,1.5,False,RSI_NOT_BELOW_34|CLOSE_NOT_NEAR_OR_BELOW_LOWER_BB|RSI_RECOVERY_NOT_CONFIRMED
2026-09-18T12:56:01.367183+00:00,SIE_OLD_MR_1R_EXHAUSTION_CONFIRM_V1,BTC,BTCUSDT,strategy-lab-v1.0.0:SIE_OLD_MR_1R_EXHAUSTION_CONFIRM_V1,1789725600000,2026-09-18T10:00:00+00:00,78148.14,78300.0,78036.6,78221.46,87.65681963228872,77037.55750000001,75755.43522271296,77059.16165,342.16499999999775,0.004374311090588155,86.23441663653786,1.5000000000000213,False,RSI_NOT_BELOW_34|CLOSE_NOT_NEAR_OR_BELOW_LOWER_BB
2026-09-18T12:56:01.367183+00:00,SIE_OLD_MR_1R_EXHAUSTION_CONFIRM_V1,BTC,BTCUSDT,strategy-lab-v1.0.0:SIE_OLD_MR_1R_EXHAUSTION_CONFIRM_V1,1789729200000,2026-09-18T11:00:00+00:00,78221.46,78398.31,77949.01,77995.19,84.81430257197619,77102.2015,75765.01939918807,77057.65179999999,357.5442857142833,0.004584183790234799,87.65681963228872,1.5,False,RSI_NOT_BELOW_34|CLOSE_NOT_NEAR_OR_BELOW_LOWER_BB|RSI_RECOVERY_NOT_CONFIRMED
2026-09-18T12:56:01.367183+00:00,SIE_OLD_MR_1R_EXHAUSTION_CONFIRM_V1,BTC,BTCUSDT,strategy-lab-v1.0.0:SIE_OLD_MR_1R_EXHAUSTION_CONFIRM_V1,1789732800000,2026-09-18T12:00:00+00:00,77995.71,78124.09,77913.68,78015.6,84.87494786861653,77168.58,75789.09338993055,77055.88620000001,357.03999999999775,0.004576520593317205,84.81430257197619,1.4999999999999796,False,PLANNED_REWARD_TOO_LOW|RSI_NOT_BELOW_34|CLOSE_NOT_NEAR_OR_BELOW_LOWER_BB
2026-09-18T12:56:01.367183+00:00,SIE_OLD_MR_1R_EXHAUSTION_CONFIRM_V1,SOL,SOLUSDT,strategy-lab-v1.0.0:SIE_OLD_MR_1R_EXHAUSTION_CONFIRM_V1,1789718400000,2026-09-18T08:00:00+00:00,105.72,106.3,105.23,106.23,88.48314606741566,102.58700000000002,98.63290794239698,100.60834999999999,0.8957142857142871,0.008431839270585401,79.31506849315065,1.5,False,RSI_NOT_BELOW_34|CLOSE_NOT_NEAR_OR_BELOW_LOWER_BB
2026-09-18T12:56:01.367183+00:00,SIE_OLD_MR_1R_EXHAUSTION_CONFIRM_V1,SOL,SOLUSDT,strategy-lab-v1.0.0:SIE_OLD_MR_1R_EXHAUSTION_CONFIRM_V1,1789722000000,2026-09-18T09:00:00+00:00,106.21,107.6,105.83,106.32,88.38526912181293,102.87100000000001,98.70673343792699,100.63485,0.9935714285714293,0.009345103729979584,88.48314606741566,1.499999999999993,False,PLANNED_REWARD_TOO_LOW|RSI_NOT_BELOW_34|CLOSE_NOT_NEAR_OR_BELOW_LOWER_BB|RSI_RECOVERY_NOT_CONFIRMED
2026-09-18T12:56:01.367183+00:00,SIE_OLD_MR_1R_EXHAUSTION_CONFIRM_V1,SOL,SOLUSDT,strategy-lab-v1.0.0:SIE_OLD_MR_1R_EXHAUSTION_CONFIRM_V1,1789725600000,2026-09-18T10:00:00+00:00,106.33,106.57,106.16,106.19,86.17176128093155,103.13250000000001,98.82664874850519,100.65655000000001,0.9878571428571428,0.009302732299247978,88.38526912181293,1.5,False,RSI_NOT_BELOW_34|CLOSE_NOT_NEAR_OR_BELOW_LOWER_BB|RSI_RECOVERY_NOT_CONFIRMED
2026-09-18T12:56:01.367183+00:00,SIE_OLD_MR_1R_EXHAUSTION_CONFIRM_V1,SOL,SOLUSDT,strategy-lab-v1.0.0:SIE_OLD_MR_1R_EXHAUSTION_CONFIRM_V1,1789729200000,2026-09-18T11:00:00+00:00,106.17,106.3,105.33,105.64,81.54269972451787,103.3545,99.01240154418403,100.67565,1.03,0.009750094661113215,86.17176128093155,1.5,False,RSI_NOT_BELOW_34|CLOSE_NOT_NEAR_OR_BELOW_LOWER_BB|RSI_RECOVERY_NOT_CONFIRMED
2026-09-18T12:56:01.367183+00:00,SIE_OLD_MR_1R_EXHAUSTION_CONFIRM_V1,SOL,SOLUSDT,strategy-lab-v1.0.0:SIE_OLD_MR_1R_EXHAUSTION_CONFIRM_V1,1789732800000,2026-09-18T12:00:00+00:00,105.65,106.05,105.28,105.76,81.04667609618102,103.577,99.2207304950222,100.6947,1.0292857142857141,0.009732277933866435,81.54269972451787,1.5,False,RSI_NOT_BELOW_34|CLOSE_NOT_NEAR_OR_BELOW_LOWER_BB|RSI_RECOVERY_NOT_CONFIRMED
2026-09-18T12:56:01.367183+00:00,SIE_OLD_MR_1R_EXHAUSTION_CONFIRM_V1,XRP,XRPUSDT,strategy-lab-v1.0.0:SIE_OLD_MR_1R_EXHAUSTION_CONFIRM_V1,1789718400000,2026-09-18T08:00:00+00:00,1.3279,1.3367,1.322,1.336,78.94736842105257,1.30707,1.2809841340952448,1.3495585000000003,0.010242857142857205,0.007666809238665572,70.3012912482065,1.5000000000000109,False,RSI_NOT_BELOW_34|CLOSE_NOT_NEAR_OR_BELOW_LOWER_BB|CLOSE_NOT_ABOVE_MA200
2026-09-18T12:56:01.367183+00:00,SIE_OLD_MR_1R_EXHAUSTION_CONFIRM_V1,XRP,XRPUSDT,strategy-lab-v1.0.0:SIE_OLD_MR_1R_EXHAUSTION_CONFIRM_V1,1789722000000,2026-09-18T09:00:00+00:00,1.3356,1.3394,1.3297,1.3343,77.03804347826079,1.308655,1.28011166627738,1.349315,0.010450000000000039,0.00783182192910143,78.94736842105257,1.5,False,RSI_NOT_BELOW_34|CLOSE_NOT_NEAR_OR_BELOW_LOWER_BB|CLOSE_NOT_ABOVE_MA200|RSI_RECOVERY_NOT_CONFIRMED
2026-09-18T12:56:01.367183+00:00,SIE_OLD_MR_1R_EXHAUSTION_CONFIRM_V1,XRP,XRPUSDT,strategy-lab-v1.0.0:SIE_OLD_MR_1R_EXHAUSTION_CONFIRM_V1,1789725600000,2026-09-18T10:00:00+00:00,1.334,1.3378,1.3299,1.3306,72.1997300944668,1.3101999999999998,1.280443454501558,1.3490095,0.010542857142857172,0.007923385798028837,77.03804347826079,1.5,False,RSI_NOT_BELOW_34|CLOSE_NOT_NEAR_OR_BELOW_LOWER_BB|CLOSE_NOT_ABOVE_MA200|RSI_RECOVERY_NOT_CONFIRMED
2026-09-18T12:56:01.367183+00:00,SIE_OLD_MR_1R_EXHAUSTION_CONFIRM_V1,XRP,XRPUSDT,strategy-lab-v1.0.0:SIE_OLD_MR_1R_EXHAUSTION_CONFIRM_V1,1789729200000,2026-09-18T11:00:00+00:00,1.3306,1.3319,1.3149,1.3224,70.8609271523179,1.310985,1.2808137371825303,1.3486699999999998,0.011114285714285743,0.008404632270331022,72.1997300944668,1.50000000000001,False,RSI_NOT_BELOW_34|CLOSE_NOT_NEAR_OR_BELOW_LOWER_BB|CLOSE_NOT_ABOVE_MA200|RSI_RECOVERY_NOT_CONFIRMED
2026-09-18T12:56:01.367183+00:00,SIE_OLD_MR_1R_EXHAUSTION_CONFIRM_V1,XRP,XRPUSDT,strategy-lab-v1.0.0:SIE_OLD_MR_1R_EXHAUSTION_CONFIRM_V1,1789732800000,2026-09-18T12:00:00+00:00,1.3225,1.3267,1.3184,1.3254,70.39030955585463,1.312065,1.2814566171612936,1.348355,0.011064285714285733,0.008347884196684573,70.8609271523179,1.5,False,RSI_NOT_BELOW_34|CLOSE_NOT_NEAR_OR_BELOW_LOWER_BB|CLOSE_NOT_ABOVE_MA200|RSI_RECOVERY_NOT_CONFIRMED
2026-09-18T12:56:01.367183+00:00,SIE_OLD_MR_1R_EXHAUSTION_CONFIRM_V1,DOGE,DOGEUSDT,strategy-lab-v1.0.0:SIE_OLD_MR_1R_EXHAUSTION_CONFIRM_V1,1789718400000,2026-09-18T08:00:00+00:00,0.08439,0.08485,0.08413,0.08481,83.794466403162,0.0825495,0.08004684960491969,0.08313550000000001,0.0006285714285714287,0.00741152492125255,77.12550607287459,1.5,False,RSI_NOT_BELOW_34|CLOSE_NOT_NEAR_OR_BELOW_LOWER_BB
2026-09-18T12:56:01.367183+00:00,SIE_OLD_MR_1R_EXHAUSTION_CONFIRM_V1,DOGE,DOGEUSDT,strategy-lab-v1.0.0:SIE_OLD_MR_1R_EXHAUSTION_CONFIRM_V1,1789722000000,2026-09-18T09:00:00+00:00,0.08481,0.08592,0.08473,0.08568,85.58875219683657,0.0827635,0.0799749858795416,0.08313645000000001,0.0006807142857142864,0.007944844604508478,83.794466403162,1.5,False,RSI_NOT_BELOW_34|CLOSE_NOT_NEAR_OR_BELOW_LOWER_BB
2026-09-18T12:56:01.367183+00:00,SIE_OLD_MR_1R_EXHAUSTION_CONFIRM_V1,DOGE,DOGEUSDT,strategy-lab-v1.0.0:SIE_OLD_MR_1R_EXHAUSTION_CONFIRM_V1,1789725600000,2026-09-18T10:00:00+00:00,0.08567,0.08688,0.08565,0.0857,85.33094812164576,0.0829695,0.07996108862520496,0.083135,0.0007457142857142861,0.008701450241706956,85.58875219683657,1.4999999999999907,False,PLANNED_REWARD_TOO_LOW|RSI_NOT_BELOW_34|CLOSE_NOT_NEAR_OR_BELOW_LOWER_BB|RSI_RECOVERY_NOT_CONFIRMED
2026-09-18T12:56:01.367183+00:00,SIE_OLD_MR_1R_EXHAUSTION_CONFIRM_V1,DOGE,DOGEUSDT,strategy-lab-v1.0.0:SIE_OLD_MR_1R_EXHAUSTION_CONFIRM_V1,1789729200000,2026-09-18T11:00:00+00:00,0.08568,0.08576,0.0849,0.08527,85.63734290843813,0.0831365,0.08000898804958376,0.08313170000000002,0.000768571428571429,0.009013386051031183,85.33094812164576,1.5,False,RSI_NOT_BELOW_34|CLOSE_NOT_NEAR_OR_BELOW_LOWER_BB|RSI_RECOVERY_NOT_CONFIRMED
2026-09-18T12:56:01.367183+00:00,SIE_OLD_MR_1R_EXHAUSTION_CONFIRM_V1,DOGE,DOGEUSDT,strategy-lab-v1.0.0:SIE_OLD_MR_1R_EXHAUSTION_CONFIRM_V1,1789732800000,2026-09-18T12:00:00+00:00,0.08525,0.08561,0.08499,0.08552,85.9649122807018,0.0833105,0.0800615033856594,0.08313055,0.000785000000000001,0.009179139382600572,85.63734290843813,1.5,False,RSI_NOT_BELOW_34|CLOSE_NOT_NEAR_OR_BELOW_LOWER_BB
2026-09-18T12:56:01.367183+00:00,SIE_OLD_MR_1R_EXHAUSTION_CONFIRM_V1,BNB,BNBUSDT,strategy-lab-v1.0.0:SIE_OLD_MR_1R_EXHAUSTION_CONFIRM_V1,1789718400000,2026-09-18T08:00:00+00:00,753.07,754.21,750.72,754.21,91.94104735026671,738.9165,718.0958532521175,722.6175999999999,4.749285714285723,0.006297033603751904,88.2765211850909,1.500000000000012,False,RSI_NOT_BELOW_34|CLOSE_NOT_NEAR_OR_BELOW_LOWER_BB
2026-09-18T12:56:01.367183+00:00,SIE_OLD_MR_1R_EXHAUSTION_CONFIRM_V1,BNB,BNBUSDT,strategy-lab-v1.0.0:SIE_OLD_MR_1R_EXHAUSTION_CONFIRM_V1,1789722000000,2026-09-18T09:00:00+00:00,754.17,755.34,749.6,751.02,81.17647058823528,740.129,719.4550996422997,722.7707,4.718571428571441,0.006282883849393414,91.94104735026671,1.499999999999988,False,PLANNED_REWARD_TOO_LOW|RSI_NOT_BELOW_34|CLOSE_NOT_NEAR_OR_BELOW_LOWER_BB|RSI_RECOVERY_NOT_CONFIRMED
2026-09-18T12:56:01.367183+00:00,SIE_OLD_MR_1R_EXHAUSTION_CONFIRM_V1,BNB,BNBUSDT,strategy-lab-v1.0.0:SIE_OLD_MR_1R_EXHAUSTION_CONFIRM_V1,1789725600000,2026-09-18T10:00:00+00:00,750.93,774.53,748.66,752.05,80.35470668485675,741.4784999999999,721.4003364634577,722.9064,6.188571428571444,0.00822893614596296,81.17647058823528,1.500000000000009,False,RSI_NOT_BELOW_34|CLOSE_NOT_NEAR_OR_BELOW_LOWER_BB|RSI_RECOVERY_NOT_CONFIRMED
2026-09-18T12:56:01.367183+00:00,SIE_OLD_MR_1R_EXHAUSTION_CONFIRM_V1,BNB,BNBUSDT,strategy-lab-v1.0.0:SIE_OLD_MR_1R_EXHAUSTION_CONFIRM_V1,1789729200000,2026-09-18T11:00:00+00:00,752.03,753.21,748.21,748.89,74.27490542244644,742.5635,723.3651258240407,723.0349500000001,6.40000000000001,0.008545981385784308,80.35470668485675,1.5000000000000089,False,RSI_NOT_BELOW_34|CLOSE_NOT_NEAR_OR_BELOW_LOWER_BB|RSI_RECOVERY_NOT_CONFIRMED
2026-09-18T12:56:01.367183+00:00,SIE_OLD_MR_1R_EXHAUSTION_CONFIRM_V1,BNB,BNBUSDT,strategy-lab-v1.0.0:SIE_OLD_MR_1R_EXHAUSTION_CONFIRM_V1,1789732800000,2026-09-18T12:00:00+00:00,748.39,749.02,744.51,745.58,65.90368608799062,743.4465,725.435607434662,723.1516499999999,6.555000000000007,0.008791813085114952,74.27490542244644,1.5,False,RSI_NOT_BELOW_34|CLOSE_NOT_NEAR_OR_BELOW_LOWER_BB|RSI_RECOVERY_NOT_CONFIRMED
2026-09-18T12:56:01.367183+00:00,SIE_OLD_MR_1R_EXHAUSTION_CONFIRM_V1,PAXG,PAXGUSDT,strategy-lab-v1.0.0:SIE_OLD_MR_1R_EXHAUSTION_CONFIRM_V1,1789718400000,2026-09-18T08:00:00+00:00,4387.27,4390.71,4378.45,4387.41,72.77273784601073,4356.942,4324.2937041179375,4336.30605,12.49142857142858,0.002847107649257439,67.77512998266954,1.4999999999999636,False,PLANNED_REWARD_TOO_LOW|RSI_NOT_BELOW_34|CLOSE_NOT_NEAR_OR_BELOW_LOWER_BB|RSI_RECOVERY_NOT_CONFIRMED
2026-09-18T12:56:01.367183+00:00,SIE_OLD_MR_1R_EXHAUSTION_CONFIRM_V1,PAXG,PAXGUSDT,strategy-lab-v1.0.0:SIE_OLD_MR_1R_EXHAUSTION_CONFIRM_V1,1789722000000,2026-09-18T09:00:00+00:00,4387.33,4389.28,4368.22,4370.13,65.23144286905782,4357.3105,4324.244159122867,4336.0986,13.14142857142854,0.0030071024366388503,72.77273784601073,1.4999999999999654,False,PLANNED_REWARD_TOO_LOW|RSI_NOT_BELOW_34|CLOSE_NOT_NEAR_OR_BELOW_LOWER_BB|RSI_RECOVERY_NOT_CONFIRMED
2026-09-18T12:56:01.367183+00:00,SIE_OLD_MR_1R_EXHAUSTION_CONFIRM_V1,PAXG,PAXGUSDT,strategy-lab-v1.0.0:SIE_OLD_MR_1R_EXHAUSTION_CONFIRM_V1,1789725600000,2026-09-18T10:00:00+00:00,4370.52,4374.91,4369.75,4374.91,68.63344542953226,4358.449,4324.614109191802,4335.87755,13.253571428571377,0.0030294500752178623,65.23144286905782,1.5,False,RSI_NOT_BELOW_34|CLOSE_NOT_NEAR_OR_BELOW_LOWER_BB
2026-09-18T12:56:01.367183+00:00,SIE_OLD_MR_1R_EXHAUSTION_CONFIRM_V1,PAXG,PAXGUSDT,strategy-lab-v1.0.0:SIE_OLD_MR_1R_EXHAUSTION_CONFIRM_V1,1789729200000,2026-09-18T11:00:00+00:00,4375.54,4379.64,4364.78,4371.64,66.23363744545861,4358.695,4324.552996836701,4335.67735,13.942142857142828,0.0031892248348772607,68.63344542953226,1.5000000000000326,False,RSI_NOT_BELOW_34|CLOSE_NOT_NEAR_OR_BELOW_LOWER_BB|RSI_RECOVERY_NOT_CONFIRMED
2026-09-18T12:56:01.367183+00:00,SIE_OLD_MR_1R_EXHAUSTION_CONFIRM_V1,PAXG,PAXGUSDT,strategy-lab-v1.0.0:SIE_OLD_MR_1R_EXHAUSTION_CONFIRM_V1,1789732800000,2026-09-18T12:00:00+00:00,4373.46,4373.46,4347.69,4358.91,58.276846236175366,4358.697,4324.554951379528,4335.42575,15.191428571428592,0.003485143894099349,66.23363744545861,1.5,False,RSI_NOT_BELOW_34|CLOSE_NOT_NEAR_OR_BELOW_LOWER_BB|RSI_RECOVERY_NOT_CONFIRMED
2026-09-18T17:38:59.275811+00:00,SIE_OLD_MR_1R_EXHAUSTION_CONFIRM_V1,BTC,BTCUSDT,strategy-lab-v1.0.0:SIE_OLD_MR_1R_EXHAUSTION_CONFIRM_V1,1789736400000,2026-09-18T13:00:00+00:00,77977.65,80462.52,77900.0,80022.05,91.70225761260227,77337.37299999999,75509.22877649762,77063.30644999999,529.4414285714271,0.006616194268597556,84.11684816992411,1.4999999999999862,False,PLANNED_REWARD_TOO_LOW|RSI_NOT_BELOW_34|CLOSE_NOT_NEAR_OR_BELOW_LOWER_BB
2026-09-18T17:38:59.275811+00:00,SIE_OLD_MR_1R_EXHAUSTION_CONFIRM_V1,BTC,BTCUSDT,strategy-lab-v1.0.0:SIE_OLD_MR_1R_EXHAUSTION_CONFIRM_V1,1789740000000,2026-09-18T14:00:00+00:00,80024.05,80950.0,80024.05,80908.96,92.85358103153244,77557.501,75199.23267965192,77075.8791,572.3492857142846,0.007073991381353618,91.70225761260227,1.5000000000000127,False,RSI_NOT_BELOW_34|CLOSE_NOT_NEAR_OR_BELOW_LOWER_BB
2026-09-18T17:38:59.275811+00:00,SIE_OLD_MR_1R_EXHAUSTION_CONFIRM_V1,BTC,BTCUSDT,strategy-lab-v1.0.0:SIE_OLD_MR_1R_EXHAUSTION_CONFIRM_V1,1789743600000,2026-09-18T15:00:00+00:00,80913.02,81127.8,80471.0,80700.62,88.93440172794472,77766.30350000001,75092.45128751469,77088.98465,601.0007142857139,0.0074472874469330465,92.85358103153244,1.5,False,RSI_NOT_BELOW_34|CLOSE_NOT_NEAR_OR_BELOW_LOWER_BB|RSI_RECOVERY_NOT_CONFIRMED
2026-09-18T17:38:59.275811+00:00,SIE_OLD_MR_1R_EXHAUSTION_CONFIRM_V1,BTC,BTCUSDT,strategy-lab-v1.0.0:SIE_OLD_MR_1R_EXHAUSTION_CONFIRM_V1,1789747200000,2026-09-18T16:00:00+00:00,80700.63,81253.15,80631.63,80824.06,88.66542875767897,77982.57949999999,75065.23232734796,77102.6777,616.7585714285711,0.007630878372462001,88.93440172794472,1.5,False,RSI_NOT_BELOW_34|CLOSE_NOT_NEAR_OR_BELOW_LOWER_BB|RSI_RECOVERY_NOT_CONFIRMED
2026-09-18T17:38:59.275811+00:00,SIE_OLD_MR_1R_EXHAUSTION_CONFIRM_V1,BTC,BTCUSDT,strategy-lab-v1.0.0:SIE_OLD_MR_1R_EXHAUSTION_CONFIRM_V1,1789750800000,2026-09-18T17:00:00+00:00,80825.32,80939.98,80552.76,80617.25,83.9591313353825,78195.995,75165.60361459413,77115.96495,599.5564285714281,0.007437073685488256,88.66542875767897,1.4999999999999878,False,PLANNED_REWARD_TOO_LOW|RSI_NOT_BELOW_34|CLOSE_NOT_NEAR_OR_BELOW_LOWER_BB|RSI_RECOVERY_NOT_CONFIRMED
2026-09-18T17:38:59.275811+00:00,SIE_OLD_MR_1R_EXHAUSTION_CONFIRM_V1,SOL,SOLUSDT,strategy-lab-v1.0.0:SIE_OLD_MR_1R_EXHAUSTION_CONFIRM_V1,1789736400000,2026-09-18T13:00:00+00:00,105.68,109.33,105.37,108.47,86.05619146722161,103.92549999999999,99.20167326736049,100.7263,1.2814285714285703,0.011813668031977231,80.88445078459341,1.5,False,RSI_NOT_BELOW_34|CLOSE_NOT_NEAR_OR_BELOW_LOWER_BB
2026-09-18T17:38:59.275811+00:00,SIE_OLD_MR_1R_EXHAUSTION_CONFIRM_V1,SOL,SOLUSDT,strategy-lab-v1.0.0:SIE_OLD_MR_1R_EXHAUSTION_CONFIRM_V1,1789740000000,2026-09-18T14:00:00+00:00,108.45,110.93,108.33,110.72,90.30042918454939,104.424,99.08201385250771,100.7703,1.4085714285714275,0.012721924029727489,86.05619146722161,1.5,False,RSI_NOT_BELOW_34|CLOSE_NOT_NEAR_OR_BELOW_LOWER_BB
2026-09-18T17:38:59.275811+00:00,SIE_OLD_MR_1R_EXHAUSTION_CONFIRM_V1,SOL,SOLUSDT,strategy-lab-v1.0.0:SIE_OLD_MR_1R_EXHAUSTION_CONFIRM_V1,1789743600000,2026-09-18T15:00:00+00:00,110.71,111.55,109.32,111.11,89.6991795806746,104.9345,99.1077359752604,100.81935,1.461428571428571,0.013152988672743867,90.30042918454939,1.5,False,RSI_NOT_BELOW_34|CLOSE_NOT_NEAR_OR_BELOW_LOWER_BB|RSI_RECOVERY_NOT_CONFIRMED
2026-09-18T17:38:59.275811+00:00,SIE_OLD_MR_1R_EXHAUSTION_CONFIRM_V1,SOL,SOLUSDT,strategy-lab-v1.0.0:SIE_OLD_MR_1R_EXHAUSTION_CONFIRM_V1,1789747200000,2026-09-18T16:00:00+00:00,111.11,112.28,110.97,111.68,89.9733806566105,105.45750000000001,99.1966761724195,100.87205,1.500714285714285,0.013437627916496104,89.6991795806746,1.5,False,RSI_NOT_BELOW_34|CLOSE_NOT_NEAR_OR_BELOW_LOWER_BB
2026-09-18T17:38:59.275811+00:00,SIE_OLD_MR_1R_EXHAUSTION_CONFIRM_V1,SOL,SOLUSDT,strategy-lab-v1.0.0:SIE_OLD_MR_1R_EXHAUSTION_CONFIRM_V1,1789750800000,2026-09-18T17:00:00+00:00,111.68,112.54,111.34,112.0,88.38643371017476,106.00450000000001,99.47040947415022,100.92655,1.412857142857142,0.012614795918367339,89.9733806566105,1.5,False,RSI_NOT_BELOW_34|CLOSE_NOT_NEAR_OR_BELOW_LOWER_BB|RSI_RECOVERY_NOT_CONFIRMED
2026-09-18T17:38:59.275811+00:00,SIE_OLD_MR_1R_EXHAUSTION_CONFIRM_V1,XRP,XRPUSDT,strategy-lab-v1.0.0:SIE_OLD_MR_1R_EXHAUSTION_CONFIRM_V1,1789736400000,2026-09-18T13:00:00+00:00,1.3224,1.3734,1.3183,1.3604,79.94505494505495,1.3149700000000002,1.2785381952135224,1.348187,0.014692857142857143,0.010800394841853236,69.3165969316597,1.4999999999999925,False,PLANNED_REWARD_TOO_LOW|RSI_NOT_BELOW_34|CLOSE_NOT_NEAR_OR_BELOW_LOWER_BB
2026-09-18T17:38:59.275811+00:00,SIE_OLD_MR_1R_EXHAUSTION_CONFIRM_V1,XRP,XRPUSDT,strategy-lab-v1.0.0:SIE_OLD_MR_1R_EXHAUSTION_CONFIRM_V1,1789740000000,2026-09-18T14:00:00+00:00,1.3604,1.402,1.3602,1.3997,84.79166666666663,1.3202450000000001,1.2695939397939193,1.3482429999999999,0.016992857142857126,0.012140356607028025,79.94505494505495,1.5000000000000064,False,RSI_NOT_BELOW_34|CLOSE_NOT_NEAR_OR_BELOW_LOWER_BB
2026-09-18T17:38:59.275811+00:00,SIE_OLD_MR_1R_EXHAUSTION_CONFIRM_V1,XRP,XRPUSDT,strategy-lab-v1.0.0:SIE_OLD_MR_1R_EXHAUSTION_CONFIRM_V1,1789743600000,2026-09-18T15:00:00+00:00,1.4,1.4014,1.3706,1.3845,76.00258732212164,1.3247449999999998,1.2683738203068267,1.3482525,0.018635714285714262,0.01346024867151626,84.79166666666663,1.5,False,RSI_NOT_BELOW_34|CLOSE_NOT_NEAR_OR_BELOW_LOWER_BB|RSI_RECOVERY_NOT_CONFIRMED
2026-09-18T17:38:59.275811+00:00,SIE_OLD_MR_1R_EXHAUSTION_CONFIRM_V1,XRP,XRPUSDT,strategy-lab-v1.0.0:SIE_OLD_MR_1R_EXHAUSTION_CONFIRM_V1,1789747200000,2026-09-18T16:00:00+00:00,1.3846,1.393,1.3766,1.3801,73.71754274857511,1.328865,1.2690623152776563,1.3482455,0.019064285714285693,0.013813698800293959,76.00258732212164,1.5,False,RSI_NOT_BELOW_34|CLOSE_NOT_NEAR_OR_BELOW_LOWER_BB|RSI_RECOVERY_NOT_CONFIRMED
2026-09-18T17:38:59.275811+00:00,SIE_OLD_MR_1R_EXHAUSTION_CONFIRM_V1,XRP,XRPUSDT,strategy-lab-v1.0.0:SIE_OLD_MR_1R_EXHAUSTION_CONFIRM_V1,1789750800000,2026-09-18T17:00:00+00:00,1.3799,1.3861,1.3739,1.3838,70.60906515580741,1.33351,1.2718224031915653,1.3482759999999998,0.01820714285714285,0.013157351392645506,73.71754274857511,1.5,False,RSI_NOT_BELOW_34|CLOSE_NOT_NEAR_OR_BELOW_LOWER_BB|RSI_RECOVERY_NOT_CONFIRMED
2026-09-18T17:38:59.275811+00:00,SIE_OLD_MR_1R_EXHAUSTION_CONFIRM_V1,DOGE,DOGEUSDT,strategy-lab-v1.0.0:SIE_OLD_MR_1R_EXHAUSTION_CONFIRM_V1,1789736400000,2026-09-18T13:00:00+00:00,0.08536,0.08768,0.08501,0.08723,88.84239888423994,0.0835785,0.08001788614842913,0.0831357,0.0009478571428571432,0.010866182997330541,85.5334538878843,1.5,False,RSI_NOT_BELOW_34|CLOSE_NOT_NEAR_OR_BELOW_LOWER_BB
2026-09-18T17:38:59.275811+00:00,SIE_OLD_MR_1R_EXHAUSTION_CONFIRM_V1,DOGE,DOGEUSDT,strategy-lab-v1.0.0:SIE_OLD_MR_1R_EXHAUSTION_CONFIRM_V1,1789740000000,2026-09-18T14:00:00+00:00,0.08724,0.08817,0.0867,0.08799,89.79591836734699,0.0839085,0.08001276759132527,0.08314694999999998,0.0010185714285714281,0.01157599077817284,88.84239888423994,1.5,False,RSI_NOT_BELOW_34|CLOSE_NOT_NEAR_OR_BELOW_LOWER_BB
2026-09-18T17:38:59.275811+00:00,SIE_OLD_MR_1R_EXHAUSTION_CONFIRM_V1,DOGE,DOGEUSDT,strategy-lab-v1.0.0:SIE_OLD_MR_1R_EXHAUSTION_CONFIRM_V1,1789743600000,2026-09-18T15:00:00+00:00,0.08797,0.08808,0.08683,0.08746,82.86082474226805,0.08420000000000001,0.08016005445581272,0.08315769999999999,0.0010571428571428568,0.01208715821110058,89.79591836734699,1.4999999999999933,False,PLANNED_REWARD_TOO_LOW|RSI_NOT_BELOW_34|CLOSE_NOT_NEAR_OR_BELOW_LOWER_BB|RSI_RECOVERY_NOT_CONFIRMED
2026-09-18T17:38:59.275811+00:00,SIE_OLD_MR_1R_EXHAUSTION_CONFIRM_V1,DOGE,DOGEUSDT,strategy-lab-v1.0.0:SIE_OLD_MR_1R_EXHAUSTION_CONFIRM_V1,1789747200000,2026-09-18T16:00:00+00:00,0.08745,0.08825,0.08729,0.08771,82.45382585751979,0.084498,0.08034716104865548,0.08317000000000001,0.0010699999999999985,0.01219929312507124,82.86082474226805,1.4999999999999936,False,PLANNED_REWARD_TOO_LOW|RSI_NOT_BELOW_34|CLOSE_NOT_NEAR_OR_BELOW_LOWER_BB|RSI_RECOVERY_NOT_CONFIRMED
2026-09-18T17:38:59.275811+00:00,SIE_OLD_MR_1R_EXHAUSTION_CONFIRM_V1,DOGE,DOGEUSDT,strategy-lab-v1.0.0:SIE_OLD_MR_1R_EXHAUSTION_CONFIRM_V1,1789750800000,2026-09-18T17:00:00+00:00,0.08772,0.08772,0.08718,0.08744,74.1518578352182,0.08480499999999999,0.08073829371604008,0.0831825,0.0009864285714285706,0.011281205071232508,82.45382585751979,1.500000000000007,False,RSI_NOT_BELOW_34|CLOSE_NOT_NEAR_OR_BELOW_LOWER_BB|RSI_RECOVERY_NOT_CONFIRMED
2026-09-18T17:38:59.275811+00:00,SIE_OLD_MR_1R_EXHAUSTION_CONFIRM_V1,BNB,BNBUSDT,strategy-lab-v1.0.0:SIE_OLD_MR_1R_EXHAUSTION_CONFIRM_V1,1789736400000,2026-09-18T13:00:00+00:00,745.9,761.6,745.17,757.9,73.87429643527207,744.9295,727.2259077374067,723.32745,7.445714285714295,0.00982413812602493,66.5565896127289,1.5,False,RSI_NOT_BELOW_34|CLOSE_NOT_NEAR_OR_BELOW_LOWER_BB
2026-09-18T17:38:59.275811+00:00,SIE_OLD_MR_1R_EXHAUSTION_CONFIRM_V1,BNB,BNBUSDT,strategy-lab-v1.0.0:SIE_OLD_MR_1R_EXHAUSTION_CONFIRM_V1,1789740000000,2026-09-18T14:00:00+00:00,757.96,761.2,755.1,760.0,75.03361721201259,746.5564999999999,729.6090526700872,723.5225999999999,7.555714285714292,0.00994172932330828,73.87429643527207,1.4999999999999925,False,PLANNED_REWARD_TOO_LOW|RSI_NOT_BELOW_34|CLOSE_NOT_NEAR_OR_BELOW_LOWER_BB
2026-09-18T17:38:59.275811+00:00,SIE_OLD_MR_1R_EXHAUSTION_CONFIRM_V1,BNB,BNBUSDT,strategy-lab-v1.0.0:SIE_OLD_MR_1R_EXHAUSTION_CONFIRM_V1,1789743600000,2026-09-18T15:00:00+00:00,760.15,760.89,753.38,756.86,66.40790402258298,747.8025,731.6931885621955,723.7127500000001,7.61071428571429,0.010055643429054633,75.03361721201259,1.5,False,RSI_NOT_BELOW_34|CLOSE_NOT_NEAR_OR_BELOW_LOWER_BB|RSI_RECOVERY_NOT_CONFIRMED
2026-09-18T17:38:59.275811+00:00,SIE_OLD_MR_1R_EXHAUSTION_CONFIRM_V1,BNB,BNBUSDT,strategy-lab-v1.0.0:SIE_OLD_MR_1R_EXHAUSTION_CONFIRM_V1,1789747200000,2026-09-18T16:00:00+00:00,756.63,761.0,755.88,758.3,63.42213114754091,749.0049999999999,733.5443615914415,723.9134999999999,7.3728571428571446,0.009722876358772444,66.40790402258298,1.5,False,RSI_NOT_BELOW_34|CLOSE_NOT_NEAR_OR_BELOW_LOWER_BB|RSI_RECOVERY_NOT_CONFIRMED
2026-09-18T17:38:59.275811+00:00,SIE_OLD_MR_1R_EXHAUSTION_CONFIRM_V1,BNB,BNBUSDT,strategy-lab-v1.0.0:SIE_OLD_MR_1R_EXHAUSTION_CONFIRM_V1,1789750800000,2026-09-18T17:00:00+00:00,758.12,759.24,756.36,758.01,60.22386022386027,750.231,736.0502385253753,724.1179000000001,7.120714285714281,0.009393958240279523,63.42213114754091,1.5,False,RSI_NOT_BELOW_34|CLOSE_NOT_NEAR_OR_BELOW_LOWER_BB|RSI_RECOVERY_NOT_CONFIRMED
2026-09-18T17:38:59.275811+00:00,SIE_OLD_MR_1R_EXHAUSTION_CONFIRM_V1,PAXG,PAXGUSDT,strategy-lab-v1.0.0:SIE_OLD_MR_1R_EXHAUSTION_CONFIRM_V1,1789736400000,2026-09-18T13:00:00+00:00,4365.31,4367.38,4344.6,4344.75,51.07578676942852,4358.486,4323.685885977165,4335.03675,16.313571428571386,0.003754777933959695,61.82231053079766,1.500000000000028,False,RSI_NOT_BELOW_34|CLOSE_NOT_NEAR_OR_BELOW_LOWER_BB|RSI_RECOVERY_NOT_CONFIRMED
2026-09-18T17:38:59.275811+00:00,SIE_OLD_MR_1R_EXHAUSTION_CONFIRM_V1,PAXG,PAXGUSDT,strategy-lab-v1.0.0:SIE_OLD_MR_1R_EXHAUSTION_CONFIRM_V1,1789740000000,2026-09-18T14:00:00+00:00,4344.63,4355.29,4340.37,4349.11,47.963453163692044,4358.529,4323.777492464322,4334.665849999999,16.215714285714252,0.0037285132557498555,51.07578676942852,1.5,False,RSI_NOT_BELOW_34|CLOSE_NOT_NEAR_OR_BELOW_LOWER_BB|RSI_RECOVERY_NOT_CONFIRMED
2026-09-18T17:38:59.275811+00:00,SIE_OLD_MR_1R_EXHAUSTION_CONFIRM_V1,PAXG,PAXGUSDT,strategy-lab-v1.0.0:SIE_OLD_MR_1R_EXHAUSTION_CONFIRM_V1,1789743600000,2026-09-18T15:00:00+00:00,4348.75,4352.35,4343.07,4350.99,53.34987593052112,4359.033,4325.033989955555,4334.37805,15.645714285714282,0.003595897551066374,47.963453163692044,1.5,False,RSI_NOT_BELOW_34|CLOSE_NOT_NEAR_OR_BELOW_LOWER_BB
2026-09-18T17:38:59.275811+00:00,SIE_OLD_MR_1R_EXHAUSTION_CONFIRM_V1,PAXG,PAXGUSDT,strategy-lab-v1.0.0:SIE_OLD_MR_1R_EXHAUSTION_CONFIRM_V1,1789747200000,2026-09-18T16:00:00+00:00,4352.07,4377.67,4350.81,4377.67,63.24550272449054,4360.9995,4327.469040727835,4334.293,16.714285714285715,0.00381807804477855,53.34987593052112,1.5000000000000273,False,RSI_NOT_BELOW_34|CLOSE_NOT_NEAR_OR_BELOW_LOWER_BB
2026-09-18T17:38:59.275811+00:00,SIE_OLD_MR_1R_EXHAUSTION_CONFIRM_V1,PAXG,PAXGUSDT,strategy-lab-v1.0.0:SIE_OLD_MR_1R_EXHAUSTION_CONFIRM_V1,1789750800000,2026-09-18T17:00:00+00:00,4377.61,4388.58,4375.59,4388.48,63.333085114304765,4363.4785,4329.521646037917,4334.2679,15.8742857142857,0.0036172628596429063,63.24550272449054,1.5,False,RSI_NOT_BELOW_34|CLOSE_NOT_NEAR_OR_BELOW_LOWER_BB
2026-09-18T20:50:42.625443+00:00,SIE_OLD_MR_1R_EXHAUSTION_CONFIRM_V1,BTC,BTCUSDT,strategy-lab-v1.0.0:SIE_OLD_MR_1R_EXHAUSTION_CONFIRM_V1,1789754400000,2026-09-18T18:00:00+00:00,80994.65,81132.82,80776.12,80926.37,86.35508735540783,78443.18950000001,75257.35246671947,77133.33155,603.471428571429,0.007457043094499716,88.12051121200602,1.500000000000012,False,RSI_NOT_BELOW_34|CLOSE_NOT_NEAR_OR_BELOW_LOWER_BB|RSI_RECOVERY_NOT_CONFIRMED
2026-09-18T20:50:42.625443+00:00,SIE_OLD_MR_1R_EXHAUSTION_CONFIRM_V1,BTC,BTCUSDT,strategy-lab-v1.0.0:SIE_OLD_MR_1R_EXHAUSTION_CONFIRM_V1,1789758000000,2026-09-18T19:00:00+00:00,80926.37,81388.47,80884.96,81193.47,88.48000555741662,78685.426,75437.30218169828,77150.24715,619.7435714285717,0.007632923822920386,86.35508735540783,1.4999999999999882,False,PLANNED_REWARD_TOO_LOW|RSI_NOT_BELOW_34|CLOSE_NOT_NEAR_OR_BELOW_LOWER_BB
2026-09-18T20:50:42.625443+00:00,SIE_OLD_MR_1R_EXHAUSTION_CONFIRM_V1,BTC,BTCUSDT,strategy-lab-v1.0.0:SIE_OLD_MR_1R_EXHAUSTION_CONFIRM_V1,1789761600000,2026-09-18T20:00:00+00:00,81199.62,81226.79,80918.68,81161.78,87.65874200072894,78917.2095,75656.94100114562,77171.71380000001,622.1578571428576,0.0076656507181441505,88.48000555741662,1.5,False,RSI_NOT_BELOW_34|CLOSE_NOT_NEAR_OR_BELOW_LOWER_BB|RSI_RECOVERY_NOT_CONFIRMED
2026-09-18T20:50:42.625443+00:00,SIE_OLD_MR_1R_EXHAUSTION_CONFIRM_V1,SOL,SOLUSDT,strategy-lab-v1.0.0:SIE_OLD_MR_1R_EXHAUSTION_CONFIRM_V1,1789754400000,2026-09-18T18:00:00+00:00,112.56,112.87,112.01,112.14,83.50730688935283,106.57250000000002,99.7812147755377,100.9851,1.3771428571428552,0.012280567657774704,89.05038759689926,1.500000000000005,False,RSI_NOT_BELOW_34|CLOSE_NOT_NEAR_OR_BELOW_LOWER_BB|RSI_RECOVERY_NOT_CONFIRMED
2026-09-18T20:50:42.625443+00:00,SIE_OLD_MR_1R_EXHAUSTION_CONFIRM_V1,SOL,SOLUSDT,strategy-lab-v1.0.0:SIE_OLD_MR_1R_EXHAUSTION_CONFIRM_V1,1789758000000,2026-09-18T19:00:00+00:00,112.16,114.34,112.16,114.22,89.9197145405888,107.2065,100.05490080821077,101.0513,1.4778571428571416,0.012938689746604287,83.50730688935283,1.5,False,RSI_NOT_BELOW_34|CLOSE_NOT_NEAR_OR_BELOW_LOWER_BB
2026-09-18T20:50:42.625443+00:00,SIE_OLD_MR_1R_EXHAUSTION_CONFIRM_V1,SOL,SOLUSDT,strategy-lab-v1.0.0:SIE_OLD_MR_1R_EXHAUSTION_CONFIRM_V1,1789761600000,2026-09-18T20:00:00+00:00,114.2,114.2,113.09,113.5,84.21501706484645,107.81499999999998,100.69606328164095,101.1243,1.5214285714285702,0.013404657016991808,89.9197145405888,1.5,False,RSI_NOT_BELOW_34|CLOSE_NOT_NEAR_OR_BELOW_LOWER_BB|RSI_RECOVERY_NOT_CONFIRMED
2026-09-18T20:50:42.625443+00:00,SIE_OLD_MR_1R_EXHAUSTION_CONFIRM_V1,XRP,XRPUSDT,strategy-lab-v1.0.0:SIE_OLD_MR_1R_EXHAUSTION_CONFIRM_V1,1789754400000,2026-09-18T18:00:00+00:00,1.3911,1.3934,1.3843,1.3859,69.98037933289729,1.338415,1.2742238393935736,1.348368,0.01823571428571426,0.013158030367064191,72.05387205387211,1.5,False,RSI_NOT_BELOW_34|CLOSE_NOT_NEAR_OR_BELOW_LOWER_BB|RSI_RECOVERY_NOT_CONFIRMED
2026-09-18T20:50:42.625443+00:00,SIE_OLD_MR_1R_EXHAUSTION_CONFIRM_V1,XRP,XRPUSDT,strategy-lab-v1.0.0:SIE_OLD_MR_1R_EXHAUSTION_CONFIRM_V1,1789758000000,2026-09-18T19:00:00+00:00,1.3864,1.4128,1.3858,1.4119,77.59626604434072,1.3442599999999998,1.275799167402083,1.348548,0.019442857142857126,0.013770704117045915,69.98037933289729,1.5000000000000058,False,RSI_NOT_BELOW_34|CLOSE_NOT_NEAR_OR_BELOW_LOWER_BB
2026-09-18T20:50:42.625443+00:00,SIE_OLD_MR_1R_EXHAUSTION_CONFIRM_V1,XRP,XRPUSDT,strategy-lab-v1.0.0:SIE_OLD_MR_1R_EXHAUSTION_CONFIRM_V1,1789761600000,2026-09-18T20:00:00+00:00,1.4114,1.4144,1.3981,1.406,74.4815668202765,1.349585,1.2793344690411526,1.348788,0.02014285714285713,0.01432635643161958,77.59626604434072,1.4999999999999944,False,PLANNED_REWARD_TOO_LOW|RSI_NOT_BELOW_34|CLOSE_NOT_NEAR_OR_BELOW_LOWER_BB|RSI_RECOVERY_NOT_CONFIRMED
2026-09-18T20:50:42.625443+00:00,SIE_OLD_MR_1R_EXHAUSTION_CONFIRM_V1,DOGE,DOGEUSDT,strategy-lab-v1.0.0:SIE_OLD_MR_1R_EXHAUSTION_CONFIRM_V1,1789754400000,2026-09-18T18:00:00+00:00,0.08757,0.08757,0.08711,0.08734,72.92993630573257,0.0851085,0.08119367548286015,0.08319485,0.0009578571428571422,0.010966992705027963,75.9933774834438,1.5,False,RSI_NOT_BELOW_34|CLOSE_NOT_NEAR_OR_BELOW_LOWER_BB|RSI_RECOVERY_NOT_CONFIRMED
2026-09-18T20:50:42.625443+00:00,SIE_OLD_MR_1R_EXHAUSTION_CONFIRM_V1,DOGE,DOGEUSDT,strategy-lab-v1.0.0:SIE_OLD_MR_1R_EXHAUSTION_CONFIRM_V1,1789758000000,2026-09-18T19:00:00+00:00,0.08735,0.0881,0.08731,0.08797,79.66360856269118,0.085424,0.08165745038529963,0.0832091,0.0009685714285714278,0.01101024699978888,72.92993630573257,1.5,False,RSI_NOT_BELOW_34|CLOSE_NOT_NEAR_OR_BELOW_LOWER_BB
2026-09-18T20:50:42.625443+00:00,SIE_OLD_MR_1R_EXHAUSTION_CONFIRM_V1,DOGE,DOGEUSDT,strategy-lab-v1.0.0:SIE_OLD_MR_1R_EXHAUSTION_CONFIRM_V1,1789761600000,2026-09-18T20:00:00+00:00,0.08796,0.08842,0.08765,0.08836,80.78034682080927,0.0857545,0.08218037926896703,0.08323234999999998,0.0009971428571428562,0.01128500291017266,79.66360856269118,1.5,False,RSI_NOT_BELOW_34|CLOSE_NOT_NEAR_OR_BELOW_LOWER_BB
2026-09-18T20:50:42.625443+00:00,SIE_OLD_MR_1R_EXHAUSTION_CONFIRM_V1,BNB,BNBUSDT,strategy-lab-v1.0.0:SIE_OLD_MR_1R_EXHAUSTION_CONFIRM_V1,1789754400000,2026-09-18T18:00:00+00:00,761.29,765.39,760.46,764.34,65.88628762541813,751.8675,737.8897635952665,724.3709,7.365714285714286,0.009636698701774454,63.682604272634805,1.5000000000000078,False,RSI_NOT_BELOW_34|CLOSE_NOT_NEAR_OR_BELOW_LOWER_BB
2026-09-18T20:50:42.625443+00:00,SIE_OLD_MR_1R_EXHAUSTION_CONFIRM_V1,BNB,BNBUSDT,strategy-lab-v1.0.0:SIE_OLD_MR_1R_EXHAUSTION_CONFIRM_V1,1789758000000,2026-09-18T19:00:00+00:00,764.12,768.18,763.98,766.07,66.4315937940762,753.2940000000001,739.6366116698608,724.61865,7.410714285714278,0.0096736777131519,65.88628762541813,1.4999999999999922,False,PLANNED_REWARD_TOO_LOW|RSI_NOT_BELOW_34|CLOSE_NOT_NEAR_OR_BELOW_LOWER_BB
2026-09-18T20:50:42.625443+00:00,SIE_OLD_MR_1R_EXHAUSTION_CONFIRM_V1,BNB,BNBUSDT,strategy-lab-v1.0.0:SIE_OLD_MR_1R_EXHAUSTION_CONFIRM_V1,1789761600000,2026-09-18T20:00:00+00:00,766.17,766.17,762.88,764.76,62.46087165904166,754.6490000000001,742.1354235328092,724.91545,7.395714285714275,0.00967063429796835,66.4315937940762,1.5000000000000078,False,RSI_NOT_BELOW_34|CLOSE_NOT_NEAR_OR_BELOW_LOWER_BB|RSI_RECOVERY_NOT_CONFIRMED
2026-09-18T20:50:42.625443+00:00,SIE_OLD_MR_1R_EXHAUSTION_CONFIRM_V1,PAXG,PAXGUSDT,strategy-lab-v1.0.0:SIE_OLD_MR_1R_EXHAUSTION_CONFIRM_V1,1789754400000,2026-09-18T18:00:00+00:00,4386.08,4386.08,4372.4,4374.35,53.88048411497741,4365.0585,4332.857796731243,4334.21835,15.75214285714284,0.00360102480531801,62.665857911896275,1.5000000000000289,False,RSI_NOT_BELOW_34|CLOSE_NOT_NEAR_OR_BELOW_LOWER_BB|RSI_RECOVERY_NOT_CONFIRMED
2026-09-18T20:50:42.625443+00:00,SIE_OLD_MR_1R_EXHAUSTION_CONFIRM_V1,PAXG,PAXGUSDT,strategy-lab-v1.0.0:SIE_OLD_MR_1R_EXHAUSTION_CONFIRM_V1,1789758000000,2026-09-18T19:00:00+00:00,4374.21,4378.64,4367.91,4370.11,48.958985597995934,4366.4605,4335.990314916832,4334.19115,15.439285714285754,0.003532928396375779,53.88048411497741,1.4999999999999705,False,PLANNED_REWARD_TOO_LOW|RSI_NOT_BELOW_34|CLOSE_NOT_NEAR_OR_BELOW_LOWER_BB|RSI_RECOVERY_NOT_CONFIRMED
2026-09-18T20:50:42.625443+00:00,SIE_OLD_MR_1R_EXHAUSTION_CONFIRM_V1,PAXG,PAXGUSDT,strategy-lab-v1.0.0:SIE_OLD_MR_1R_EXHAUSTION_CONFIRM_V1,1789761600000,2026-09-18T20:00:00+00:00,4370.42,4375.0,4368.3,4372.07,42.43467514124278,4367.37,4337.373951593543,4334.316750000001,14.60857142857146,0.003341339783802972,48.958985597995934,1.499999999999969,False,PLANNED_REWARD_TOO_LOW|RSI_NOT_BELOW_34|CLOSE_NOT_NEAR_OR_BELOW_LOWER_BB|RSI_RECOVERY_NOT_CONFIRMED
2026-09-19T00:12:58.646945+00:00,SIE_OLD_MR_1R_EXHAUSTION_CONFIRM_V1,BTC,BTCUSDT,strategy-lab-v1.0.0:SIE_OLD_MR_1R_EXHAUSTION_CONFIRM_V1,1789765200000,2026-09-18T21:00:00+00:00,81099.99,81294.85,81081.0,81223.78,86.31636141076898,79142.16649999999,75914.18864740955,77191.79860000001,616.5442857142864,0.007590686935701421,86.55045905349208,1.5000000000000118,False,RSI_NOT_BELOW_34|CLOSE_NOT_NEAR_OR_BELOW_LOWER_BB|RSI_RECOVERY_NOT_CONFIRMED
2026-09-19T00:12:58.646945+00:00,SIE_OLD_MR_1R_EXHAUSTION_CONFIRM_V1,BTC,BTCUSDT,strategy-lab-v1.0.0:SIE_OLD_MR_1R_EXHAUSTION_CONFIRM_V1,1789768800000,2026-09-18T22:00:00+00:00,81223.78,81364.5,81062.31,81133.49,83.1513091766315,79353.374,76185.19193371978,77210.51205,593.6514285714293,0.007316971432776148,86.31636141076898,1.5,False,RSI_NOT_BELOW_34|CLOSE_NOT_NEAR_OR_BELOW_LOWER_BB|RSI_RECOVERY_NOT_CONFIRMED
2026-09-19T00:12:58.646945+00:00,SIE_OLD_MR_1R_EXHAUSTION_CONFIRM_V1,BTC,BTCUSDT,strategy-lab-v1.0.0:SIE_OLD_MR_1R_EXHAUSTION_CONFIRM_V1,1789772400000,2026-09-18T23:00:00+00:00,81133.49,81196.49,80844.12,80875.04,79.30776539170844,79531.5195,76442.79931228101,77228.79355,583.9907142857161,0.007220901705714348,83.1513091766315,1.4999999999999876,False,PLANNED_REWARD_TOO_LOW|RSI_NOT_BELOW_34|CLOSE_NOT_NEAR_OR_BELOW_LOWER_BB|RSI_RECOVERY_NOT_CONFIRMED
2026-09-19T00:12:58.646945+00:00,SIE_OLD_MR_1R_EXHAUSTION_CONFIRM_V1,BTC,BTCUSDT,strategy-lab-v1.0.0:SIE_OLD_MR_1R_EXHAUSTION_CONFIRM_V1,1789776000000,2026-09-19T00:00:00+00:00,80875.04,80933.58,80822.48,80900.0,79.09040753113679,79701.2695,76704.91777381314,77247.49245,573.1121428571454,0.0070842044852551965,79.30776539170844,1.4999999999999873,False,PLANNED_REWARD_TOO_LOW|RSI_NOT_BELOW_34|CLOSE_NOT_NEAR_OR_BELOW_LOWER_BB|RSI_RECOVERY_NOT_CONFIRMED
2026-09-19T00:12:58.646945+00:00,SIE_OLD_MR_1R_EXHAUSTION_CONFIRM_V1,SOL,SOLUSDT,strategy-lab-v1.0.0:SIE_OLD_MR_1R_EXHAUSTION_CONFIRM_V1,1789765200000,2026-09-18T21:00:00+00:00,113.52,113.76,113.02,113.17,81.54106689246406,108.354,101.32472578426471,101.19165,1.5264285714285708,0.013487925876368037,84.28693424423577,1.5,False,RSI_NOT_BELOW_34|CLOSE_NOT_NEAR_OR_BELOW_LOWER_BB|RSI_RECOVERY_NOT_CONFIRMED
2026-09-19T00:12:58.646945+00:00,SIE_OLD_MR_1R_EXHAUSTION_CONFIRM_V1,SOL,SOLUSDT,strategy-lab-v1.0.0:SIE_OLD_MR_1R_EXHAUSTION_CONFIRM_V1,1789768800000,2026-09-18T22:00:00+00:00,113.18,113.59,112.77,113.17,80.70796460176994,108.87899999999999,102.0609800528305,101.25665000000001,1.508571428571429,0.013330135447304312,81.54106689246406,1.5,False,RSI_NOT_BELOW_34|CLOSE_NOT_NEAR_OR_BELOW_LOWER_BB|RSI_RECOVERY_NOT_CONFIRMED
2026-09-19T00:12:58.646945+00:00,SIE_OLD_MR_1R_EXHAUSTION_CONFIRM_V1,SOL,SOLUSDT,strategy-lab-v1.0.0:SIE_OLD_MR_1R_EXHAUSTION_CONFIRM_V1,1789772400000,2026-09-18T23:00:00+00:00,113.17,113.45,112.48,112.7,77.3116438356165,109.2875,102.58263944962303,101.32164999999999,1.451428571428572,0.012878691849410576,80.70796460176994,1.4999999999999951,False,PLANNED_REWARD_TOO_LOW|RSI_NOT_BELOW_34|CLOSE_NOT_NEAR_OR_BELOW_LOWER_BB|RSI_RECOVERY_NOT_CONFIRMED
2026-09-19T00:12:58.646945+00:00,SIE_OLD_MR_1R_EXHAUSTION_CONFIRM_V1,SOL,SOLUSDT,strategy-lab-v1.0.0:SIE_OLD_MR_1R_EXHAUSTION_CONFIRM_V1,1789776000000,2026-09-19T00:00:00+00:00,112.7,112.78,112.35,112.67,77.97927461139899,109.63499999999999,102.98556543757279,101.38685,1.4528571428571442,0.012894800238369968,77.3116438356165,1.5,False,RSI_NOT_BELOW_34|CLOSE_NOT_NEAR_OR_BELOW_LOWER_BB|RSI_RECOVERY_NOT_CONFIRMED
2026-09-19T00:12:58.646945+00:00,SIE_OLD_MR_1R_EXHAUSTION_CONFIRM_V1,XRP,XRPUSDT,strategy-lab-v1.0.0:SIE_OLD_MR_1R_EXHAUSTION_CONFIRM_V1,1789765200000,2026-09-18T21:00:00+00:00,1.4025,1.4087,1.3976,1.4008,71.18742724097791,1.35425,1.2843608449042339,1.348956,0.02021428571428571,0.014430529493350734,73.05084745762717,1.5,False,RSI_NOT_BELOW_34|CLOSE_NOT_NEAR_OR_BELOW_LOWER_BB|RSI_RECOVERY_NOT_CONFIRMED
2026-09-19T00:12:58.646945+00:00,SIE_OLD_MR_1R_EXHAUSTION_CONFIRM_V1,XRP,XRPUSDT,strategy-lab-v1.0.0:SIE_OLD_MR_1R_EXHAUSTION_CONFIRM_V1,1789768800000,2026-09-18T22:00:00+00:00,1.4008,1.4053,1.3924,1.398,68.60744297719084,1.3588900000000002,1.290333398567315,1.3491469999999999,0.02008571428571428,0.014367463723686896,71.18742724097791,1.5000000000000056,False,RSI_NOT_BELOW_34|CLOSE_NOT_NEAR_OR_BELOW_LOWER_BB|RSI_RECOVERY_NOT_CONFIRMED
2026-09-19T00:12:58.646945+00:00,SIE_OLD_MR_1R_EXHAUSTION_CONFIRM_V1,XRP,XRPUSDT,strategy-lab-v1.0.0:SIE_OLD_MR_1R_EXHAUSTION_CONFIRM_V1,1789772400000,2026-09-18T23:00:00+00:00,1.3982,1.4016,1.3934,1.396,68.48412222887956,1.36241,1.2938225988245653,1.3493455,0.019978571428571432,0.014311297584936556,68.60744297719084,1.5000000000000056,False,RSI_NOT_BELOW_34|CLOSE_NOT_NEAR_OR_BELOW_LOWER_BB|RSI_RECOVERY_NOT_CONFIRMED
2026-09-19T00:12:58.646945+00:00,SIE_OLD_MR_1R_EXHAUSTION_CONFIRM_V1,XRP,XRPUSDT,strategy-lab-v1.0.0:SIE_OLD_MR_1R_EXHAUSTION_CONFIRM_V1,1789776000000,2026-09-19T00:00:00+00:00,1.3961,1.398,1.3947,1.397,70.21924482338613,1.36602,1.2981341075038415,1.349561,0.019649999999999994,0.014065855404438077,68.48412222887956,1.5,False,RSI_NOT_BELOW_34|CLOSE_NOT_NEAR_OR_BELOW_LOWER_BB
2026-09-19T00:12:58.646945+00:00,SIE_OLD_MR_1R_EXHAUSTION_CONFIRM_V1,DOGE,DOGEUSDT,strategy-lab-v1.0.0:SIE_OLD_MR_1R_EXHAUSTION_CONFIRM_V1,1789765200000,2026-09-18T21:00:00+00:00,0.08826,0.08851,0.08792,0.08818,78.7009063444108,0.08604049999999999,0.08269131815960974,0.08325300000000001,0.001009999999999999,0.011453844409163064,80.49853372434023,1.4999999999999931,False,PLANNED_REWARD_TOO_LOW|RSI_NOT_BELOW_34|CLOSE_NOT_NEAR_OR_BELOW_LOWER_BB|RSI_RECOVERY_NOT_CONFIRMED
2026-09-19T00:12:58.646945+00:00,SIE_OLD_MR_1R_EXHAUSTION_CONFIRM_V1,DOGE,DOGEUSDT,strategy-lab-v1.0.0:SIE_OLD_MR_1R_EXHAUSTION_CONFIRM_V1,1789768800000,2026-09-18T22:00:00+00:00,0.08822,0.08866,0.08799,0.08809,76.11464968152868,0.0863055,0.08319695387680992,0.0832746,0.0010064285714285709,0.011425003648865601,78.7009063444108,1.5,False,RSI_NOT_BELOW_34|CLOSE_NOT_NEAR_OR_BELOW_LOWER_BB|RSI_RECOVERY_NOT_CONFIRMED
2026-09-19T00:12:58.646945+00:00,SIE_OLD_MR_1R_EXHAUSTION_CONFIRM_V1,DOGE,DOGEUSDT,strategy-lab-v1.0.0:SIE_OLD_MR_1R_EXHAUSTION_CONFIRM_V1,1789772400000,2026-09-18T23:00:00+00:00,0.08813,0.08819,0.08736,0.08747,64.84245439469322,0.0864565,0.08343086105921409,0.08329360000000001,0.0009807142857142861,0.011212007382122854,76.11464968152868,1.5,False,RSI_NOT_BELOW_34|CLOSE_NOT_NEAR_OR_BELOW_LOWER_BB|RSI_RECOVERY_NOT_CONFIRMED
2026-09-19T00:12:58.646945+00:00,SIE_OLD_MR_1R_EXHAUSTION_CONFIRM_V1,DOGE,DOGEUSDT,strategy-lab-v1.0.0:SIE_OLD_MR_1R_EXHAUSTION_CONFIRM_V1,1789776000000,2026-09-19T00:00:00+00:00,0.08746,0.0876,0.08729,0.08756,65.24590163934428,0.0866115,0.08369521280563792,0.08331419999999999,0.0009150000000000001,0.010449977158519873,64.84245439469322,1.5,False,RSI_NOT_BELOW_34|CLOSE_NOT_NEAR_OR_BELOW_LOWER_BB
2026-09-19T00:12:58.646945+00:00,SIE_OLD_MR_1R_EXHAUSTION_CONFIRM_V1,BNB,BNBUSDT,strategy-lab-v1.0.0:SIE_OLD_MR_1R_EXHAUSTION_CONFIRM_V1,1789765200000,2026-09-18T21:00:00+00:00,764.12,764.95,763.18,763.71,63.46666666666664,755.6245000000001,743.9301313124546,725.17645,7.089999999999999,0.009283628602479997,60.579168612797815,1.499999999999992,False,PLANNED_REWARD_TOO_LOW|RSI_NOT_BELOW_34|CLOSE_NOT_NEAR_OR_BELOW_LOWER_BB
2026-09-19T00:12:58.646945+00:00,SIE_OLD_MR_1R_EXHAUSTION_CONFIRM_V1,BNB,BNBUSDT,strategy-lab-v1.0.0:SIE_OLD_MR_1R_EXHAUSTION_CONFIRM_V1,1789768800000,2026-09-18T22:00:00+00:00,763.78,764.61,761.59,764.0,62.25895316804401,756.4334999999999,744.7721068156393,725.4492,7.056428571428569,0.009236163051608074,63.46666666666664,1.5,False,RSI_NOT_BELOW_34|CLOSE_NOT_NEAR_OR_BELOW_LOWER_BB|RSI_RECOVERY_NOT_CONFIRMED
2026-09-19T00:12:58.646945+00:00,SIE_OLD_MR_1R_EXHAUSTION_CONFIRM_V1,BNB,BNBUSDT,strategy-lab-v1.0.0:SIE_OLD_MR_1R_EXHAUSTION_CONFIRM_V1,1789772400000,2026-09-18T23:00:00+00:00,764.19,764.6,760.42,761.34,63.096446700507684,756.9745,745.4576332819967,725.7147500000001,6.945000000000001,0.009122074237528569,62.25895316804401,1.4999999999999918,False,PLANNED_REWARD_TOO_LOW|RSI_NOT_BELOW_34|CLOSE_NOT_NEAR_OR_BELOW_LOWER_BB|RSI_RECOVERY_NOT_CONFIRMED
2026-09-19T00:12:58.646945+00:00,SIE_OLD_MR_1R_EXHAUSTION_CONFIRM_V1,BNB,BNBUSDT,strategy-lab-v1.0.0:SIE_OLD_MR_1R_EXHAUSTION_CONFIRM_V1,1789776000000,2026-09-19T00:00:00+00:00,760.91,761.24,759.88,761.23,61.928274428274506,757.484,746.1624251978686,725.9810000000001,5.201428571428575,0.006832926410452261,63.096446700507684,1.5,False,RSI_NOT_BELOW_34|CLOSE_NOT_NEAR_OR_BELOW_LOWER_BB|RSI_RECOVERY_NOT_CONFIRMED
2026-09-19T00:12:58.646945+00:00,SIE_OLD_MR_1R_EXHAUSTION_CONFIRM_V1,PAXG,PAXGUSDT,strategy-lab-v1.0.0:SIE_OLD_MR_1R_EXHAUSTION_CONFIRM_V1,1789765200000,2026-09-18T21:00:00+00:00,4370.7,4373.94,4370.1,4373.44,43.498152384303765,4368.782,4340.768911202044,4334.3394,14.37785714285714,0.0032875395896267336,41.662193594560584,1.5,False,RSI_NOT_BELOW_34|CLOSE_NOT_NEAR_OR_BELOW_LOWER_BB
2026-09-19T00:12:58.646945+00:00,SIE_OLD_MR_1R_EXHAUSTION_CONFIRM_V1,PAXG,PAXGUSDT,strategy-lab-v1.0.0:SIE_OLD_MR_1R_EXHAUSTION_CONFIRM_V1,1789768800000,2026-09-18T22:00:00+00:00,4372.26,4374.47,4371.41,4374.47,44.31858096241676,4370.3965,4345.113223096044,4334.4215,13.720714285714296,0.0031365432351151785,43.498152384303765,1.499999999999967,False,PLANNED_REWARD_TOO_LOW|RSI_NOT_BELOW_34|CLOSE_NOT_NEAR_OR_BELOW_LOWER_BB
2026-09-19T00:12:58.646945+00:00,SIE_OLD_MR_1R_EXHAUSTION_CONFIRM_V1,PAXG,PAXGUSDT,strategy-lab-v1.0.0:SIE_OLD_MR_1R_EXHAUSTION_CONFIRM_V1,1789772400000,2026-09-18T23:00:00+00:00,4373.16,4374.68,4367.63,4369.03,49.46099568796533,4371.2145,4347.254214129373,4334.44175,12.72000000000006,0.0029114013865778124,44.31858096241676,1.5000000000000357,False,RSI_NOT_BELOW_34|CLOSE_NOT_NEAR_OR_BELOW_LOWER_BB|RSI_RECOVERY_NOT_CONFIRMED
2026-09-19T00:12:58.646945+00:00,SIE_OLD_MR_1R_EXHAUSTION_CONFIRM_V1,PAXG,PAXGUSDT,strategy-lab-v1.0.0:SIE_OLD_MR_1R_EXHAUSTION_CONFIRM_V1,1789776000000,2026-09-19T00:00:00+00:00,4369.02,4369.02,4366.76,4366.98,46.00745141476176,4371.359,4347.537869128395,4334.4524,12.513571428571465,0.002865497764718745,49.46099568796533,1.5,False,RSI_NOT_BELOW_34|CLOSE_NOT_NEAR_OR_BELOW_LOWER_BB|RSI_RECOVERY_NOT_CONFIRMED
2026-09-19T07:17:15.575218+00:00,SIE_OLD_MR_1R_EXHAUSTION_CONFIRM_V1,BTC,BTCUSDT,strategy-lab-v1.0.0:SIE_OLD_MR_1R_EXHAUSTION_CONFIRM_V1,1789779600000,2026-09-19T01:00:00+00:00,81659.0,81720.0,81029.99,81262.5,79.54013261510676,79930.937,76981.6957318146,77271.16285000001,642.192857142859,0.007902696288483113,82.04512220597414,1.5,False,RSI_NOT_BELOW_34|CLOSE_NOT_NEAR_OR_BELOW_LOWER_BB|RSI_RECOVERY_NOT_CONFIRMED
2026-09-19T07:17:15.575218+00:00,SIE_OLD_MR_1R_EXHAUSTION_CONFIRM_V1,BTC,BTCUSDT,strategy-lab-v1.0.0:SIE_OLD_MR_1R_EXHAUSTION_CONFIRM_V1,1789783200000,2026-09-19T02:00:00+00:00,81262.5,81426.93,81228.0,81276.05,79.8427519316721,80118.3705,77331.98442905021,77291.4501,641.3728571428583,0.007891289711333883,79.54013261510676,1.5000000000000113,False,RSI_NOT_BELOW_34|CLOSE_NOT_NEAR_OR_BELOW_LOWER_BB
2026-09-19T07:17:15.575218+00:00,SIE_OLD_MR_1R_EXHAUSTION_CONFIRM_V1,BTC,BTCUSDT,strategy-lab-v1.0.0:SIE_OLD_MR_1R_EXHAUSTION_CONFIRM_V1,1789786800000,2026-09-19T03:00:00+00:00,81276.05,81380.0,81092.99,81105.04,64.82366113591604,80286.88350000001,77696.7554302291,77311.35729999999,478.83642857142905,0.005903904721228534,79.8427519316721,1.5,False,RSI_NOT_BELOW_34|CLOSE_NOT_NEAR_OR_BELOW_LOWER_BB|RSI_RECOVERY_NOT_CONFIRMED
2026-09-19T07:17:15.575218+00:00,SIE_OLD_MR_1R_EXHAUSTION_CONFIRM_V1,BTC,BTCUSDT,strategy-lab-v1.0.0:SIE_OLD_MR_1R_EXHAUSTION_CONFIRM_V1,1789790400000,2026-09-19T04:00:00+00:00,81105.04,81208.2,80892.0,81002.41,51.62882630384533,80427.4265,78007.90894114341,77330.1743,435.14000000000044,0.005371938933668769,64.82366113591604,1.5000000000000167,False,RSI_NOT_BELOW_34|CLOSE_NOT_NEAR_OR_BELOW_LOWER_BB|RSI_RECOVERY_NOT_CONFIRMED
2026-09-19T07:17:15.575218+00:00,SIE_OLD_MR_1R_EXHAUSTION_CONFIRM_V1,BTC,BTCUSDT,strategy-lab-v1.0.0:SIE_OLD_MR_1R_EXHAUSTION_CONFIRM_V1,1789794000000,2026-09-19T05:00:00+00:00,81002.41,81126.01,80985.52,81022.5,56.00437251434506,80571.14450000001,78379.5152275674,77349.65694999999,398.26071428571385,0.004915433543592383,51.62882630384533,1.5,False,RSI_NOT_BELOW_34|CLOSE_NOT_NEAR_OR_BELOW_LOWER_BB
2026-09-19T07:17:15.575218+00:00,SIE_OLD_MR_1R_EXHAUSTION_CONFIRM_V1,BTC,BTCUSDT,strategy-lab-v1.0.0:SIE_OLD_MR_1R_EXHAUSTION_CONFIRM_V1,1789797600000,2026-09-19T06:00:00+00:00,81022.5,81077.04,80843.61,81023.15,53.89214064803188,80711.22899999999,78797.7498274662,77370.762,370.53999999999985,0.004573260851991065,56.00437251434506,1.5000000000000195,False,RSI_NOT_BELOW_34|CLOSE_NOT_NEAR_OR_BELOW_LOWER_BB|RSI_RECOVERY_NOT_CONFIRMED
2026-09-19T07:17:15.575218+00:00,SIE_OLD_MR_1R_EXHAUSTION_CONFIRM_V1,BTC,BTCUSDT,strategy-lab-v1.0.0:SIE_OLD_MR_1R_EXHAUSTION_CONFIRM_V1,1789801200000,2026-09-19T07:00:00+00:00,81023.15,81084.74,81023.15,81078.96,51.72587419457854,80865.41750000001,79410.09010818752,77393.47405,342.99357142857167,0.004230364713959968,53.89214064803188,1.5000000000000213,False,RSI_NOT_BELOW_34|CLOSE_NOT_NEAR_OR_BELOW_LOWER_BB|RSI_RECOVERY_NOT_CONFIRMED
2026-09-19T07:17:15.575218+00:00,SIE_OLD_MR_1R_EXHAUSTION_CONFIRM_V1,SOL,SOLUSDT,strategy-lab-v1.0.0:SIE_OLD_MR_1R_EXHAUSTION_CONFIRM_V1,1789779600000,2026-09-19T01:00:00+00:00,113.65,114.1,112.86,113.39,81.78835110746513,110.0895,103.47407718660392,101.45900000000002,1.6014285714285725,0.014123190505587552,79.82385908726984,1.4999999999999956,False,PLANNED_REWARD_TOO_LOW|RSI_NOT_BELOW_34|CLOSE_NOT_NEAR_OR_BELOW_LOWER_BB|RSI_RECOVERY_NOT_CONFIRMED
2026-09-19T07:17:15.575218+00:00,SIE_OLD_MR_1R_EXHAUSTION_CONFIRM_V1,SOL,SOLUSDT,strategy-lab-v1.0.0:SIE_OLD_MR_1R_EXHAUSTION_CONFIRM_V1,1789783200000,2026-09-19T02:00:00+00:00,113.39,113.82,113.31,113.58,81.98051948051948,110.49450000000002,104.0683861665855,101.52744999999999,1.5828571428571436,0.01393605514049255,81.78835110746513,1.5000000000000044,False,RSI_NOT_BELOW_34|CLOSE_NOT_NEAR_OR_BELOW_LOWER_BB
2026-09-19T07:17:15.575218+00:00,SIE_OLD_MR_1R_EXHAUSTION_CONFIRM_V1,SOL,SOLUSDT,strategy-lab-v1.0.0:SIE_OLD_MR_1R_EXHAUSTION_CONFIRM_V1,1789786800000,2026-09-19T03:00:00+00:00,113.59,113.8,113.11,113.21,73.89112903225804,110.869,104.73307659760964,101.59545,1.3492857142857153,0.011918432243491877,81.98051948051948,1.5,False,RSI_NOT_BELOW_34|CLOSE_NOT_NEAR_OR_BELOW_LOWER_BB|RSI_RECOVERY_NOT_CONFIRMED
2026-09-19T07:17:15.575218+00:00,SIE_OLD_MR_1R_EXHAUSTION_CONFIRM_V1,SOL,SOLUSDT,strategy-lab-v1.0.0:SIE_OLD_MR_1R_EXHAUSTION_CONFIRM_V1,1789790400000,2026-09-19T04:00:00+00:00,113.21,113.43,112.01,112.33,59.41520467836257,111.174,105.39470108058065,101.65695,1.2650000000000006,0.011261461764444054,73.89112903225804,1.5000000000000056,False,RSI_NOT_BELOW_34|CLOSE_NOT_NEAR_OR_BELOW_LOWER_BB|RSI_RECOVERY_NOT_CONFIRMED
2026-09-19T07:17:15.575218+00:00,SIE_OLD_MR_1R_EXHAUSTION_CONFIRM_V1,SOL,SOLUSDT,strategy-lab-v1.0.0:SIE_OLD_MR_1R_EXHAUSTION_CONFIRM_V1,1789794000000,2026-09-19T05:00:00+00:00,112.32,112.96,111.79,111.9,54.59837019790458,111.453,106.11613912491605,101.71755000000002,1.1892857142857136,0.010628111834546145,59.41520467836257,1.5,False,RSI_NOT_BELOW_34|CLOSE_NOT_NEAR_OR_BELOW_LOWER_BB|RSI_RECOVERY_NOT_CONFIRMED
2026-09-19T07:17:15.575218+00:00,SIE_OLD_MR_1R_EXHAUSTION_CONFIRM_V1,SOL,SOLUSDT,strategy-lab-v1.0.0:SIE_OLD_MR_1R_EXHAUSTION_CONFIRM_V1,1789797600000,2026-09-19T06:00:00+00:00,111.89,112.03,111.14,111.79,50.67650676506765,111.73300000000002,106.97365508709426,101.78029999999998,1.1592857142857136,0.010370209448839015,54.59837019790458,1.5,False,RSI_NOT_BELOW_34|CLOSE_NOT_NEAR_OR_BELOW_LOWER_BB|RSI_RECOVERY_NOT_CONFIRMED
2026-09-19T07:17:15.575218+00:00,SIE_OLD_MR_1R_EXHAUSTION_CONFIRM_V1,SOL,SOLUSDT,strategy-lab-v1.0.0:SIE_OLD_MR_1R_EXHAUSTION_CONFIRM_V1,1789801200000,2026-09-19T07:00:00+00:00,111.8,112.13,111.73,112.09,46.67553191489361,112.05549999999998,108.20376026320544,101.84764999999999,1.0914285714285705,0.009737073525100995,50.67650676506765,1.5,False,RSI_NOT_BELOW_34|CLOSE_NOT_NEAR_OR_BELOW_LOWER_BB|RSI_RECOVERY_NOT_CONFIRMED
2026-09-19T07:17:15.575218+00:00,SIE_OLD_MR_1R_EXHAUSTION_CONFIRM_V1,XRP,XRPUSDT,strategy-lab-v1.0.0:SIE_OLD_MR_1R_EXHAUSTION_CONFIRM_V1,1789779600000,2026-09-19T01:00:00+00:00,1.4088,1.414,1.3926,1.412,76.19883040935673,1.37133,1.3034126060570637,1.349879,0.02155714285714283,0.015267098340752714,72.16846898121801,1.499999999999995,False,PLANNED_REWARD_TOO_LOW|RSI_NOT_BELOW_34|CLOSE_NOT_NEAR_OR_BELOW_LOWER_BB
2026-09-19T07:17:15.575218+00:00,SIE_OLD_MR_1R_EXHAUSTION_CONFIRM_V1,XRP,XRPUSDT,strategy-lab-v1.0.0:SIE_OLD_MR_1R_EXHAUSTION_CONFIRM_V1,1789783200000,2026-09-19T02:00:00+00:00,1.4122,1.4271,1.4109,1.4129,76.26822157434404,1.375925,1.30983939264106,1.3501660000000002,0.022085714285714264,0.015631477306047324,76.19883040935673,1.5,False,RSI_NOT_BELOW_34|CLOSE_NOT_NEAR_OR_BELOW_LOWER_BB
2026-09-19T07:17:15.575218+00:00,SIE_OLD_MR_1R_EXHAUSTION_CONFIRM_V1,XRP,XRPUSDT,strategy-lab-v1.0.0:SIE_OLD_MR_1R_EXHAUSTION_CONFIRM_V1,1789786800000,2026-09-19T03:00:00+00:00,1.413,1.4206,1.4035,1.4177,70.6560922855083,1.38041,1.3157840330826687,1.350504,0.019371428571428564,0.013663982909944673,76.26822157434404,1.5,False,RSI_NOT_BELOW_34|CLOSE_NOT_NEAR_OR_BELOW_LOWER_BB|RSI_RECOVERY_NOT_CONFIRMED
2026-09-19T07:17:15.575218+00:00,SIE_OLD_MR_1R_EXHAUSTION_CONFIRM_V1,XRP,XRPUSDT,strategy-lab-v1.0.0:SIE_OLD_MR_1R_EXHAUSTION_CONFIRM_V1,1789790400000,2026-09-19T04:00:00+00:00,1.4177,1.4266,1.4075,1.4142,57.04567541302233,1.38432,1.3214768110293567,1.3508085,0.017750000000000012,0.012551265733276773,70.6560922855083,1.5,False,RSI_NOT_BELOW_34|CLOSE_NOT_NEAR_OR_BELOW_LOWER_BB|RSI_RECOVERY_NOT_CONFIRMED
2026-09-19T07:17:15.575218+00:00,SIE_OLD_MR_1R_EXHAUSTION_CONFIRM_V1,XRP,XRPUSDT,strategy-lab-v1.0.0:SIE_OLD_MR_1R_EXHAUSTION_CONFIRM_V1,1789794000000,2026-09-19T05:00:00+00:00,1.4144,1.4384,1.4133,1.4263,70.94188376753496,1.3889200000000002,1.327955334824179,1.3511825000000002,0.017342857142857153,0.012159333340010625,57.04567541302233,1.4999999999999936,False,PLANNED_REWARD_TOO_LOW|RSI_NOT_BELOW_34|CLOSE_NOT_NEAR_OR_BELOW_LOWER_BB
2026-09-19T07:17:15.575218+00:00,SIE_OLD_MR_1R_EXHAUSTION_CONFIRM_V1,XRP,XRPUSDT,strategy-lab-v1.0.0:SIE_OLD_MR_1R_EXHAUSTION_CONFIRM_V1,1789797600000,2026-09-19T06:00:00+00:00,1.4268,1.4294,1.4153,1.421,70.30784508440911,1.39344,1.3372212344496965,1.351576,0.01717857142857144,0.012089072082034791,70.94188376753496,1.5,False,RSI_NOT_BELOW_34|CLOSE_NOT_NEAR_OR_BELOW_LOWER_BB|RSI_RECOVERY_NOT_CONFIRMED
2026-09-19T07:17:15.575218+00:00,SIE_OLD_MR_1R_EXHAUSTION_CONFIRM_V1,XRP,XRPUSDT,strategy-lab-v1.0.0:SIE_OLD_MR_1R_EXHAUSTION_CONFIRM_V1,1789801200000,2026-09-19T07:00:00+00:00,1.4211,1.4225,1.4167,1.4203,66.150442477876,1.3983349999999999,1.3514344552270448,1.3520070000000002,0.016357142857142865,0.011516681586385177,70.30784508440911,1.4999999999999931,False,PLANNED_REWARD_TOO_LOW|RSI_NOT_BELOW_34|CLOSE_NOT_NEAR_OR_BELOW_LOWER_BB|RSI_RECOVERY_NOT_CONFIRMED
2026-09-19T07:17:15.575218+00:00,SIE_OLD_MR_1R_EXHAUSTION_CONFIRM_V1,DOGE,DOGEUSDT,strategy-lab-v1.0.0:SIE_OLD_MR_1R_EXHAUSTION_CONFIRM_V1,1789779600000,2026-09-19T01:00:00+00:00,0.0879,0.08821,0.08708,0.08801,72.38562091503273,0.0868245,0.08406860831127194,0.08333665,0.0009878571428571425,0.011224373853620526,67.08074534161496,1.500000000000007,False,RSI_NOT_BELOW_34|CLOSE_NOT_NEAR_OR_BELOW_LOWER_BB
2026-09-19T07:17:15.575218+00:00,SIE_OLD_MR_1R_EXHAUSTION_CONFIRM_V1,DOGE,DOGEUSDT,strategy-lab-v1.0.0:SIE_OLD_MR_1R_EXHAUSTION_CONFIRM_V1,1789783200000,2026-09-19T02:00:00+00:00,0.08803,0.08886,0.08797,0.08828,73.21711568938196,0.0870335,0.0845117285987821,0.08335825,0.0010071428571428553,0.011408505404880554,72.38562091503273,1.4999999999999931,False,PLANNED_REWARD_TOO_LOW|RSI_NOT_BELOW_34|CLOSE_NOT_NEAR_OR_BELOW_LOWER_BB
2026-09-19T07:17:15.575218+00:00,SIE_OLD_MR_1R_EXHAUSTION_CONFIRM_V1,DOGE,DOGEUSDT,strategy-lab-v1.0.0:SIE_OLD_MR_1R_EXHAUSTION_CONFIRM_V1,1789786800000,2026-09-19T03:00:00+00:00,0.08827,0.08844,0.08765,0.08802,58.42217484008531,0.0872155,0.08497646918288279,0.08337865000000001,0.0008728571428571415,0.009916577401239962,73.21711568938196,1.5,False,RSI_NOT_BELOW_34|CLOSE_NOT_NEAR_OR_BELOW_LOWER_BB|RSI_RECOVERY_NOT_CONFIRMED
2026-09-19T07:17:15.575218+00:00,SIE_OLD_MR_1R_EXHAUSTION_CONFIRM_V1,DOGE,DOGEUSDT,strategy-lab-v1.0.0:SIE_OLD_MR_1R_EXHAUSTION_CONFIRM_V1,1789790400000,2026-09-19T04:00:00+00:00,0.08804,0.08836,0.08715,0.08741,43.61233480176213,0.08734549999999999,0.0853971830340007,0.08339495000000001,0.0008542857142857122,0.009773317861637251,58.42217484008531,1.5000000000000082,False,RSI_NOT_BELOW_34|CLOSE_NOT_NEAR_OR_BELOW_LOWER_BB|RSI_RECOVERY_NOT_CONFIRMED
2026-09-19T07:17:15.575218+00:00,SIE_OLD_MR_1R_EXHAUSTION_CONFIRM_V1,DOGE,DOGEUSDT,strategy-lab-v1.0.0:SIE_OLD_MR_1R_EXHAUSTION_CONFIRM_V1,1789794000000,2026-09-19T05:00:00+00:00,0.08741,0.08793,0.08734,0.08747,50.122850122850245,0.08743500000000001,0.08564273327877776,0.08341190000000001,0.0008071428571428545,0.009227653562854172,43.61233480176213,1.5000000000000087,False,RSI_NOT_BELOW_34|CLOSE_NOT_NEAR_OR_BELOW_LOWER_BB
2026-09-19T07:17:15.575218+00:00,SIE_OLD_MR_1R_EXHAUSTION_CONFIRM_V1,DOGE,DOGEUSDT,strategy-lab-v1.0.0:SIE_OLD_MR_1R_EXHAUSTION_CONFIRM_V1,1789797600000,2026-09-19T06:00:00+00:00,0.0874,0.08748,0.08676,0.08709,42.61904761904766,0.0875045,0.08588750927646421,0.08342975000000001,0.0007899999999999981,0.009071075898495786,50.122850122850245,1.4999999999999911,False,PLANNED_REWARD_TOO_LOW|RSI_NOT_BELOW_34|CLOSE_NOT_NEAR_OR_BELOW_LOWER_BB|RSI_RECOVERY_NOT_CONFIRMED
2026-09-19T07:17:15.575218+00:00,SIE_OLD_MR_1R_EXHAUSTION_CONFIRM_V1,DOGE,DOGEUSDT,strategy-lab-v1.0.0:SIE_OLD_MR_1R_EXHAUSTION_CONFIRM_V1,1789801200000,2026-09-19T07:00:00+00:00,0.08709,0.08726,0.08702,0.08721,45.4761904761904,0.0876015,0.08633826170102356,0.0834516,0.000768571428571426,0.008812881877897328,42.61904761904766,1.5,False,RSI_NOT_BELOW_34|CLOSE_NOT_NEAR_OR_BELOW_LOWER_BB
2026-09-19T07:17:15.575218+00:00,SIE_OLD_MR_1R_EXHAUSTION_CONFIRM_V1,BNB,BNBUSDT,strategy-lab-v1.0.0:SIE_OLD_MR_1R_EXHAUSTION_CONFIRM_V1,1789779600000,2026-09-19T01:00:00+00:00,764.16,764.16,759.41,762.13,66.7679837892604,758.118,746.6979323994882,726.24235,5.398571428571431,0.007083530931168477,64.44987775061131,1.5000000000000104,False,RSI_NOT_BELOW_34|CLOSE_NOT_NEAR_OR_BELOW_LOWER_BB|RSI_RECOVERY_NOT_CONFIRMED
2026-09-19T07:17:15.575218+00:00,SIE_OLD_MR_1R_EXHAUSTION_CONFIRM_V1,BNB,BNBUSDT,strategy-lab-v1.0.0:SIE_OLD_MR_1R_EXHAUSTION_CONFIRM_V1,1789783200000,2026-09-19T02:00:00+00:00,762.19,764.36,761.26,761.66,71.30105490938598,758.4805,747.0940335156045,726.4819,5.297857142857148,0.006955672009633101,66.7679837892604,1.5000000000000107,False,RSI_NOT_BELOW_34|CLOSE_NOT_NEAR_OR_BELOW_LOWER_BB|RSI_RECOVERY_NOT_CONFIRMED
2026-09-19T07:17:15.575218+00:00,SIE_OLD_MR_1R_EXHAUSTION_CONFIRM_V1,BNB,BNBUSDT,strategy-lab-v1.0.0:SIE_OLD_MR_1R_EXHAUSTION_CONFIRM_V1,1789786800000,2026-09-19T03:00:00+00:00,761.34,762.48,758.54,759.54,53.025830258302555,758.8275,747.7605024396738,726.7091,4.40571428571429,0.005800503312155108,71.30105490938598,1.5,False,RSI_NOT_BELOW_34|CLOSE_NOT_NEAR_OR_BELOW_LOWER_BB|RSI_RECOVERY_NOT_CONFIRMED
2026-09-19T07:17:15.575218+00:00,SIE_OLD_MR_1R_EXHAUSTION_CONFIRM_V1,BNB,BNBUSDT,strategy-lab-v1.0.0:SIE_OLD_MR_1R_EXHAUSTION_CONFIRM_V1,1789790400000,2026-09-19T04:00:00+00:00,759.61,767.28,759.13,760.2,50.38971161340617,759.1270000000001,748.2535403849434,726.93625,4.552142857142859,0.005988085842071637,53.025830258302555,1.5,False,RSI_NOT_BELOW_34|CLOSE_NOT_NEAR_OR_BELOW_LOWER_BB|RSI_RECOVERY_NOT_CONFIRMED
2026-09-19T07:17:15.575218+00:00,SIE_OLD_MR_1R_EXHAUSTION_CONFIRM_V1,BNB,BNBUSDT,strategy-lab-v1.0.0:SIE_OLD_MR_1R_EXHAUSTION_CONFIRM_V1,1789794000000,2026-09-19T05:00:00+00:00,760.39,764.52,760.37,763.5,62.85824941905495,759.751,749.3897956298375,727.1832499999999,4.324285714285712,0.005663766488913834,50.38971161340617,1.5,False,RSI_NOT_BELOW_34|CLOSE_NOT_NEAR_OR_BELOW_LOWER_BB
2026-09-19T07:17:15.575218+00:00,SIE_OLD_MR_1R_EXHAUSTION_CONFIRM_V1,BNB,BNBUSDT,strategy-lab-v1.0.0:SIE_OLD_MR_1R_EXHAUSTION_CONFIRM_V1,1789797600000,2026-09-19T06:00:00+00:00,763.68,764.32,756.81,761.71,56.51509361864745,760.234,750.4704014830455,727.4331,4.4950000000000045,0.005901195993225774,62.85824941905495,1.4999999999999873,False,PLANNED_REWARD_TOO_LOW|RSI_NOT_BELOW_34|CLOSE_NOT_NEAR_OR_BELOW_LOWER_BB|RSI_RECOVERY_NOT_CONFIRMED
2026-09-19T07:17:15.575218+00:00,SIE_OLD_MR_1R_EXHAUSTION_CONFIRM_V1,BNB,BNBUSDT,strategy-lab-v1.0.0:SIE_OLD_MR_1R_EXHAUSTION_CONFIRM_V1,1789801200000,2026-09-19T07:00:00+00:00,761.79,762.35,761.13,762.28,52.10437710437711,760.9035,752.618882265893,727.70135,4.2071428571428635,0.005519156815268489,56.51509361864745,1.4999999999999865,False,PLANNED_REWARD_TOO_LOW|RSI_NOT_BELOW_34|CLOSE_NOT_NEAR_OR_BELOW_LOWER_BB|RSI_RECOVERY_NOT_CONFIRMED
2026-09-19T07:17:15.575218+00:00,SIE_OLD_MR_1R_EXHAUSTION_CONFIRM_V1,PAXG,PAXGUSDT,strategy-lab-v1.0.0:SIE_OLD_MR_1R_EXHAUSTION_CONFIRM_V1,1789779600000,2026-09-19T01:00:00+00:00,4366.12,4366.84,4361.9,4366.04,47.11280676428115,4370.978999999999,4347.024791267457,4334.50715,11.92642857142859,0.0027316352052268395,45.60790576961465,1.5,False,RSI_NOT_BELOW_34|CLOSE_NOT_NEAR_OR_BELOW_LOWER_BB|RSI_RECOVERY_NOT_CONFIRMED
2026-09-19T07:17:15.575218+00:00,SIE_OLD_MR_1R_EXHAUSTION_CONFIRM_V1,PAXG,PAXGUSDT,strategy-lab-v1.0.0:SIE_OLD_MR_1R_EXHAUSTION_CONFIRM_V1,1789783200000,2026-09-19T02:00:00+00:00,4365.46,4367.28,4363.9,4365.91,50.313842087875614,4369.814,4347.296444715241,4334.65885,10.327142857142851,0.0023654044304950977,47.11280676428115,1.5,False,RSI_NOT_BELOW_34|CLOSE_NOT_NEAR_OR_BELOW_LOWER_BB|RSI_RECOVERY_NOT_CONFIRMED
2026-09-19T07:17:15.575218+00:00,SIE_OLD_MR_1R_EXHAUSTION_CONFIRM_V1,PAXG,PAXGUSDT,strategy-lab-v1.0.0:SIE_OLD_MR_1R_EXHAUSTION_CONFIRM_V1,1789786800000,2026-09-19T03:00:00+00:00,4365.91,4368.42,4365.76,4368.03,66.0906828863695,4368.8045,4347.927615677808,4334.8728,8.890000000000002,0.002035242431943005,50.313842087875614,1.500000000000051,False,RSI_NOT_BELOW_34|CLOSE_NOT_NEAR_OR_BELOW_LOWER_BB
2026-09-19T07:17:15.575218+00:00,SIE_OLD_MR_1R_EXHAUSTION_CONFIRM_V1,PAXG,PAXGUSDT,strategy-lab-v1.0.0:SIE_OLD_MR_1R_EXHAUSTION_CONFIRM_V1,1789790400000,2026-09-19T04:00:00+00:00,4368.15,4369.18,4367.66,4369.05,64.44927536231883,4367.8865,4348.8273150488485,4335.09765,7.932857142857172,0.0018156938334093617,66.0906828863695,1.5000000000000573,False,RSI_NOT_BELOW_34|CLOSE_NOT_NEAR_OR_BELOW_LOWER_BB|RSI_RECOVERY_NOT_CONFIRMED
2026-09-19T07:17:15.575218+00:00,SIE_OLD_MR_1R_EXHAUSTION_CONFIRM_V1,PAXG,PAXGUSDT,strategy-lab-v1.0.0:SIE_OLD_MR_1R_EXHAUSTION_CONFIRM_V1,1789794000000,2026-09-19T05:00:00+00:00,4369.04,4369.04,4365.52,4366.18,60.85155022146032,4367.689,4348.645043583274,4335.3071,7.52214285714282,0.0017228201441861811,64.44927536231883,1.5000000000000604,False,RSI_NOT_BELOW_34|CLOSE_NOT_NEAR_OR_BELOW_LOWER_BB|RSI_RECOVERY_NOT_CONFIRMED
2026-09-19T07:17:15.575218+00:00,SIE_OLD_MR_1R_EXHAUSTION_CONFIRM_V1,PAXG,PAXGUSDT,strategy-lab-v1.0.0:SIE_OLD_MR_1R_EXHAUSTION_CONFIRM_V1,1789797600000,2026-09-19T06:00:00+00:00,4365.64,4366.74,4362.34,4363.47,34.57192524989199,4367.117,4348.288963352432,4335.5086,5.917857142857104,0.0013562273014039521,60.85155022146032,1.4999999999999232,False,PLANNED_REWARD_TOO_LOW|RSI_NOT_BELOW_34|CLOSE_NOT_NEAR_OR_BELOW_LOWER_BB|RSI_RECOVERY_NOT_CONFIRMED
2026-09-19T07:17:15.575218+00:00,SIE_OLD_MR_1R_EXHAUSTION_CONFIRM_V1,PAXG,PAXGUSDT,strategy-lab-v1.0.0:SIE_OLD_MR_1R_EXHAUSTION_CONFIRM_V1,1789801200000,2026-09-19T07:00:00+00:00,4363.47,4364.65,4363.28,4363.28,19.8412698412712,4366.6990000000005,4347.920046993984,4335.715200000001,5.059285714285709,0.0011595143365279582,34.57192524989199,1.5,False,CLOSE_NOT_NEAR_OR_BELOW_LOWER_BB|RSI_RECOVERY_NOT_CONFIRMED
2026-09-19T12:27:54.502896+00:00,SIE_OLD_MR_1R_EXHAUSTION_CONFIRM_V1,BTC,BTCUSDT,strategy-lab-v1.0.0:SIE_OLD_MR_1R_EXHAUSTION_CONFIRM_V1,1789804800000,2026-09-19T08:00:00+00:00,81073.15,81385.55,81039.0,81297.65,57.15861239221977,81031.12700000001,80416.9816570649,77415.53964999999,353.52214285714166,0.00434849153520602,51.61078534761849,1.5,False,RSI_NOT_BELOW_34|CLOSE_NOT_NEAR_OR_BELOW_LOWER_BB
2026-09-19T12:27:54.502896+00:00,SIE_OLD_MR_1R_EXHAUSTION_CONFIRM_V1,BTC,BTCUSDT,strategy-lab-v1.0.0:SIE_OLD_MR_1R_EXHAUSTION_CONFIRM_V1,1789808400000,2026-09-19T09:00:00+00:00,81297.66,81499.81,81219.01,81298.84,52.263752884206276,81094.96650000001,80680.76926812134,77437.28835,337.6142857142851,0.004152756493380288,57.15861239221977,1.5,False,RSI_NOT_BELOW_34|CLOSE_NOT_NEAR_OR_BELOW_LOWER_BB|RSI_RECOVERY_NOT_CONFIRMED
2026-09-19T12:27:54.502896+00:00,SIE_OLD_MR_1R_EXHAUSTION_CONFIRM_V1,BTC,BTCUSDT,strategy-lab-v1.0.0:SIE_OLD_MR_1R_EXHAUSTION_CONFIRM_V1,1789812000000,2026-09-19T10:00:00+00:00,81298.84,81308.96,81165.11,81189.6,51.9122184807242,81108.9985,80702.00565601382,77459.168,325.88142857142833,0.004013832172734295,52.263752884206276,1.4999999999999776,False,PLANNED_REWARD_TOO_LOW|RSI_NOT_BELOW_34|CLOSE_NOT_NEAR_OR_BELOW_LOWER_BB|RSI_RECOVERY_NOT_CONFIRMED
2026-09-19T12:27:54.502896+00:00,SIE_OLD_MR_1R_EXHAUSTION_CONFIRM_V1,BTC,BTCUSDT,strategy-lab-v1.0.0:SIE_OLD_MR_1R_EXHAUSTION_CONFIRM_V1,1789815600000,2026-09-19T11:00:00+00:00,81189.6,81350.0,81175.12,81280.0,51.2170411741785,81137.9675,80770.84345289876,77481.2363,323.0978571428568,0.003975121273903258,51.9122184807242,1.5,False,RSI_NOT_BELOW_34|CLOSE_NOT_NEAR_OR_BELOW_LOWER_BB|RSI_RECOVERY_NOT_CONFIRMED
2026-09-19T12:27:54.502896+00:00,SIE_OLD_MR_1R_EXHAUSTION_CONFIRM_V1,BTC,BTCUSDT,strategy-lab-v1.0.0:SIE_OLD_MR_1R_EXHAUSTION_CONFIRM_V1,1789819200000,2026-09-19T12:00:00+00:00,81280.0,81342.15,81188.01,81251.46,52.62394626215,81159.3375,80819.01135619084,77502.06360000001,312.5228571428566,0.003846366048596008,51.2170411741785,1.5000000000000233,False,RSI_NOT_BELOW_34|CLOSE_NOT_NEAR_OR_BELOW_LOWER_BB|RSI_RECOVERY_NOT_CONFIRMED
2026-09-19T12:27:54.502896+00:00,SIE_OLD_MR_1R_EXHAUSTION_CONFIRM_V1,SOL,SOLUSDT,strategy-lab-v1.0.0:SIE_OLD_MR_1R_EXHAUSTION_CONFIRM_V1,1789804800000,2026-09-19T08:00:00+00:00,111.56,112.42,111.46,112.2,50.392670157068075,112.354,109.8135165814353,101.9104,1.116428571428571,0.009950343773873183,43.08724832214763,1.5,False,RSI_NOT_BELOW_34|CLOSE_NOT_NEAR_OR_BELOW_LOWER_BB
2026-09-19T12:27:54.502896+00:00,SIE_OLD_MR_1R_EXHAUSTION_CONFIRM_V1,SOL,SOLUSDT,strategy-lab-v1.0.0:SIE_OLD_MR_1R_EXHAUSTION_CONFIRM_V1,1789808400000,2026-09-19T09:00:00+00:00,112.22,112.44,111.4,111.79,29.648241206030164,112.51999999999998,110.67870697606212,101.97229999999999,1.0335714285714275,0.009245651923887892,50.392670157068075,1.4999999999999931,False,PLANNED_REWARD_TOO_LOW|CLOSE_NOT_NEAR_OR_BELOW_LOWER_BB|RSI_RECOVERY_NOT_CONFIRMED
2026-09-19T12:27:54.502896+00:00,SIE_OLD_MR_1R_EXHAUSTION_CONFIRM_V1,SOL,SOLUSDT,strategy-lab-v1.0.0:SIE_OLD_MR_1R_EXHAUSTION_CONFIRM_V1,1789812000000,2026-09-19T10:00:00+00:00,111.79,112.1,111.57,111.58,32.35831809872022,112.56300000000002,110.85663427132334,102.03380000000001,0.990714285714285,0.008878959362917055,29.648241206030164,1.5,False,CLOSE_NOT_NEAR_OR_BELOW_LOWER_BB|RSI_RECOVERY_NOT_CONFIRMED
2026-09-19T12:27:54.502896+00:00,SIE_OLD_MR_1R_EXHAUSTION_CONFIRM_V1,SOL,SOLUSDT,strategy-lab-v1.0.0:SIE_OLD_MR_1R_EXHAUSTION_CONFIRM_V1,1789815600000,2026-09-19T11:00:00+00:00,111.58,112.03,111.55,111.85,37.77777777777769,112.6,110.99200746270317,102.09665000000001,0.9721428571428561,0.008691487323583873,32.35831809872022,1.5000000000000073,False,RSI_NOT_BELOW_34|CLOSE_NOT_NEAR_OR_BELOW_LOWER_BB
2026-09-19T12:27:54.502896+00:00,SIE_OLD_MR_1R_EXHAUSTION_CONFIRM_V1,SOL,SOLUSDT,strategy-lab-v1.0.0:SIE_OLD_MR_1R_EXHAUSTION_CONFIRM_V1,1789819200000,2026-09-19T12:00:00+00:00,111.85,112.0,111.58,111.67,36.559139784946204,112.5995,110.9903576818683,102.15679999999999,0.9435714285714271,0.008449641162097492,37.77777777777769,1.5,False,RSI_NOT_BELOW_34|CLOSE_NOT_NEAR_OR_BELOW_LOWER_BB|RSI_RECOVERY_NOT_CONFIRMED
2026-09-19T12:27:54.502896+00:00,SIE_OLD_MR_1R_EXHAUSTION_CONFIRM_V1,XRP,XRPUSDT,strategy-lab-v1.0.0:SIE_OLD_MR_1R_EXHAUSTION_CONFIRM_V1,1789804800000,2026-09-19T08:00:00+00:00,1.4102,1.4216,1.4081,1.4145,64.24302788844626,1.4023949999999998,1.371175168161888,1.3523190000000003,0.0172857142857143,0.012220370650911487,59.26660059464812,1.5,False,RSI_NOT_BELOW_34|CLOSE_NOT_NEAR_OR_BELOW_LOWER_BB
2026-09-19T12:27:54.502896+00:00,SIE_OLD_MR_1R_EXHAUSTION_CONFIRM_V1,XRP,XRPUSDT,strategy-lab-v1.0.0:SIE_OLD_MR_1R_EXHAUSTION_CONFIRM_V1,1789808400000,2026-09-19T09:00:00+00:00,1.4143,1.4175,1.4082,1.4129,50.657894736842174,1.40502,1.380191178038417,1.352655,0.016021428571428582,0.011339393142776263,64.24302788844626,1.5000000000000069,False,RSI_NOT_BELOW_34|CLOSE_NOT_NEAR_OR_BELOW_LOWER_BB|RSI_RECOVERY_NOT_CONFIRMED
2026-09-19T12:27:54.502896+00:00,SIE_OLD_MR_1R_EXHAUSTION_CONFIRM_V1,XRP,XRPUSDT,strategy-lab-v1.0.0:SIE_OLD_MR_1R_EXHAUSTION_CONFIRM_V1,1789812000000,2026-09-19T10:00:00+00:00,1.413,1.4235,1.4108,1.4176,60.50420168067215,1.405915,1.3806314658324834,1.3530315,0.015764285714285706,0.011120404708158654,50.657894736842174,1.500000000000007,False,RSI_NOT_BELOW_34|CLOSE_NOT_NEAR_OR_BELOW_LOWER_BB
2026-09-19T12:27:54.502896+00:00,SIE_OLD_MR_1R_EXHAUSTION_CONFIRM_V1,XRP,XRPUSDT,strategy-lab-v1.0.0:SIE_OLD_MR_1R_EXHAUSTION_CONFIRM_V1,1789815600000,2026-09-19T11:00:00+00:00,1.4175,1.4381,1.4175,1.4338,69.23076923076911,1.40838,1.3823272381502463,1.353488,0.016442857142857124,0.01146802702110275,60.50420168067215,1.5,False,RSI_NOT_BELOW_34|CLOSE_NOT_NEAR_OR_BELOW_LOWER_BB
2026-09-19T12:27:54.502896+00:00,SIE_OLD_MR_1R_EXHAUSTION_CONFIRM_V1,XRP,XRPUSDT,strategy-lab-v1.0.0:SIE_OLD_MR_1R_EXHAUSTION_CONFIRM_V1,1789819200000,2026-09-19T12:00:00+00:00,1.4337,1.438,1.4272,1.4279,66.81664791901011,1.4107699999999999,1.3868502926439308,1.3538879999999998,0.016292857142857126,0.011410362870549147,69.23076923076911,1.5,False,RSI_NOT_BELOW_34|CLOSE_NOT_NEAR_OR_BELOW_LOWER_BB|RSI_RECOVERY_NOT_CONFIRMED
2026-09-19T12:27:54.502896+00:00,SIE_OLD_MR_1R_EXHAUSTION_CONFIRM_V1,DOGE,DOGEUSDT,strategy-lab-v1.0.0:SIE_OLD_MR_1R_EXHAUSTION_CONFIRM_V1,1789804800000,2026-09-19T08:00:00+00:00,0.08671,0.08762,0.0865,0.0873,49.593495934959364,0.087671,0.08681590000584673,0.08346815000000002,0.0008557142857142841,0.009801996399934525,39.601769911504455,1.5000000000000082,False,RSI_NOT_BELOW_34|CLOSE_NOT_NEAR_OR_BELOW_LOWER_BB
2026-09-19T12:27:54.502896+00:00,SIE_OLD_MR_1R_EXHAUSTION_CONFIRM_V1,DOGE,DOGEUSDT,strategy-lab-v1.0.0:SIE_OLD_MR_1R_EXHAUSTION_CONFIRM_V1,1789808400000,2026-09-19T09:00:00+00:00,0.08724,0.08745,0.0868,0.08722,41.41876430205946,0.08767050000000001,0.08681435807251314,0.08348654999999999,0.000845714285714284,0.009696334392504974,49.593495934959364,1.5,False,RSI_NOT_BELOW_34|CLOSE_NOT_NEAR_OR_BELOW_LOWER_BB|RSI_RECOVERY_NOT_CONFIRMED
2026-09-19T12:27:54.502896+00:00,SIE_OLD_MR_1R_EXHAUSTION_CONFIRM_V1,DOGE,DOGEUSDT,strategy-lab-v1.0.0:SIE_OLD_MR_1R_EXHAUSTION_CONFIRM_V1,1789812000000,2026-09-19T10:00:00+00:00,0.08726,0.08804,0.08715,0.0876,42.600896860986424,0.087651,0.0868071777438341,0.08350735000000001,0.0008542857142857122,0.009752120026092605,41.41876430205946,1.4999999999999918,False,PLANNED_REWARD_TOO_LOW|RSI_NOT_BELOW_34|CLOSE_NOT_NEAR_OR_BELOW_LOWER_BB
2026-09-19T12:27:54.502896+00:00,SIE_OLD_MR_1R_EXHAUSTION_CONFIRM_V1,DOGE,DOGEUSDT,strategy-lab-v1.0.0:SIE_OLD_MR_1R_EXHAUSTION_CONFIRM_V1,1789815600000,2026-09-19T11:00:00+00:00,0.08764,0.08845,0.08764,0.08837,51.844660194174864,0.08769650000000001,0.08680215610641044,0.08353069999999999,0.0008728571428571405,0.009877301605263556,42.600896860986424,1.5,False,RSI_NOT_BELOW_34|CLOSE_NOT_NEAR_OR_BELOW_LOWER_BB
2026-09-19T12:27:54.502896+00:00,SIE_OLD_MR_1R_EXHAUSTION_CONFIRM_V1,DOGE,DOGEUSDT,strategy-lab-v1.0.0:SIE_OLD_MR_1R_EXHAUSTION_CONFIRM_V1,1789819200000,2026-09-19T12:00:00+00:00,0.08841,0.08862,0.08807,0.08828,51.84466019417473,0.087725,0.08679512904121003,0.0835519,0.0008642857142857123,0.009790277687876216,51.844660194174864,1.5,False,RSI_NOT_BELOW_34|CLOSE_NOT_NEAR_OR_BELOW_LOWER_BB|RSI_RECOVERY_NOT_CONFIRMED
2026-09-19T12:27:54.502896+00:00,SIE_OLD_MR_1R_EXHAUSTION_CONFIRM_V1,BNB,BNBUSDT,strategy-lab-v1.0.0:SIE_OLD_MR_1R_EXHAUSTION_CONFIRM_V1,1789804800000,2026-09-19T08:00:00+00:00,760.8,766.96,760.08,765.85,52.89382905327709,761.8265,756.8482542245976,727.9561500000001,4.472142857142866,0.00583945009746408,49.00414937759333,1.5,False,RSI_NOT_BELOW_34|CLOSE_NOT_NEAR_OR_BELOW_LOWER_BB
2026-09-19T12:27:54.502896+00:00,SIE_OLD_MR_1R_EXHAUSTION_CONFIRM_V1,BNB,BNBUSDT,strategy-lab-v1.0.0:SIE_OLD_MR_1R_EXHAUSTION_CONFIRM_V1,1789808400000,2026-09-19T09:00:00+00:00,765.98,769.68,764.33,766.56,50.977263661746896,762.2595,757.2166140206906,728.2241500000001,4.554285714285721,0.005941199272445369,52.89382905327709,1.5,False,RSI_NOT_BELOW_34|CLOSE_NOT_NEAR_OR_BELOW_LOWER_BB|RSI_RECOVERY_NOT_CONFIRMED
2026-09-19T12:27:54.502896+00:00,SIE_OLD_MR_1R_EXHAUSTION_CONFIRM_V1,BNB,BNBUSDT,strategy-lab-v1.0.0:SIE_OLD_MR_1R_EXHAUSTION_CONFIRM_V1,1789812000000,2026-09-19T10:00:00+00:00,766.32,767.48,764.89,764.98,53.13929313929313,762.5085,757.4447216675376,728.4957,4.500714285714301,0.005883440463429503,50.977263661746896,1.4999999999999873,False,PLANNED_REWARD_TOO_LOW|RSI_NOT_BELOW_34|CLOSE_NOT_NEAR_OR_BELOW_LOWER_BB|RSI_RECOVERY_NOT_CONFIRMED
2026-09-19T12:27:54.502896+00:00,SIE_OLD_MR_1R_EXHAUSTION_CONFIRM_V1,BNB,BNBUSDT,strategy-lab-v1.0.0:SIE_OLD_MR_1R_EXHAUSTION_CONFIRM_V1,1789815600000,2026-09-19T11:00:00+00:00,764.88,767.99,764.56,767.65,57.439577039274845,763.048,758.2123507157446,728.7740000000001,4.619285714285728,0.006017437262145155,53.13929313929313,1.5,False,RSI_NOT_BELOW_34|CLOSE_NOT_NEAR_OR_BELOW_LOWER_BB
2026-09-19T12:27:54.502896+00:00,SIE_OLD_MR_1R_EXHAUSTION_CONFIRM_V1,BNB,BNBUSDT,strategy-lab-v1.0.0:SIE_OLD_MR_1R_EXHAUSTION_CONFIRM_V1,1789819200000,2026-09-19T12:00:00+00:00,767.45,768.72,766.92,768.72,58.65737344093915,763.5690000000001,758.6472771308897,729.0357,4.532142857142877,0.005895700459390776,57.439577039274845,1.5,False,RSI_NOT_BELOW_34|CLOSE_NOT_NEAR_OR_BELOW_LOWER_BB
2026-09-19T12:27:54.502896+00:00,SIE_OLD_MR_1R_EXHAUSTION_CONFIRM_V1,PAXG,PAXGUSDT,strategy-lab-v1.0.0:SIE_OLD_MR_1R_EXHAUSTION_CONFIRM_V1,1789804800000,2026-09-19T08:00:00+00:00,4363.31,4364.25,4362.12,4362.61,28.04786836200526,4366.546,4347.677954632179,4335.83415,4.317142857142828,0.000989577995086159,19.669551534226414,1.5000000000001052,False,CLOSE_NOT_NEAR_OR_BELOW_LOWER_BB|RSI_RECOVERY_NOT_CONFIRMED
2026-09-19T12:27:54.502896+00:00,SIE_OLD_MR_1R_EXHAUSTION_CONFIRM_V1,PAXG,PAXGUSDT,strategy-lab-v1.0.0:SIE_OLD_MR_1R_EXHAUSTION_CONFIRM_V1,1789808400000,2026-09-19T09:00:00+00:00,4364.02,4365.77,4362.23,4364.22,37.78515138946737,4367.5195,4351.448368770301,4335.970899999999,3.8035714285714284,0.0008715352178788943,28.04786836200526,1.5000000000001195,False,RSI_NOT_BELOW_34|CLOSE_NOT_NEAR_OR_BELOW_LOWER_BB
2026-09-19T12:27:54.502896+00:00,SIE_OLD_MR_1R_EXHAUSTION_CONFIRM_V1,PAXG,PAXGUSDT,strategy-lab-v1.0.0:SIE_OLD_MR_1R_EXHAUSTION_CONFIRM_V1,1789812000000,2026-09-19T10:00:00+00:00,4362.88,4366.2,4362.88,4364.53,37.39565943238836,4368.2905,4354.509753322036,4336.14595,3.5621428571428493,0.0008161572625558421,37.78515138946737,1.5,False,RSI_NOT_BELOW_34|CLOSE_NOT_NEAR_OR_BELOW_LOWER_BB|RSI_RECOVERY_NOT_CONFIRMED
2026-09-19T12:27:54.502896+00:00,SIE_OLD_MR_1R_EXHAUSTION_CONFIRM_V1,PAXG,PAXGUSDT,strategy-lab-v1.0.0:SIE_OLD_MR_1R_EXHAUSTION_CONFIRM_V1,1789815600000,2026-09-19T11:00:00+00:00,4363.16,4366.32,4363.16,4364.78,29.709465791942222,4368.98,4357.551500535843,4336.4087,3.5135714285714648,0.0008049824798893564,37.39565943238836,1.5,False,CLOSE_NOT_NEAR_OR_BELOW_LOWER_BB|RSI_RECOVERY_NOT_CONFIRMED
2026-09-19T12:27:54.502896+00:00,SIE_OLD_MR_1R_EXHAUSTION_CONFIRM_V1,PAXG,PAXGUSDT,strategy-lab-v1.0.0:SIE_OLD_MR_1R_EXHAUSTION_CONFIRM_V1,1789819200000,2026-09-19T12:00:00+00:00,4366.03,4366.57,4364.87,4366.57,32.12669683257897,4368.425,4357.680843448544,4336.549849999999,3.422857142857148,0.0007838777674140454,29.709465791942222,1.5,False,CLOSE_NOT_NEAR_OR_BELOW_LOWER_BB
2026-09-19T17:12:43.192028+00:00,SIE_OLD_MR_1R_EXHAUSTION_CONFIRM_V1,BTC,BTCUSDT,strategy-lab-v1.0.0:SIE_OLD_MR_1R_EXHAUSTION_CONFIRM_V1,1789822800000,2026-09-19T13:00:00+00:00,81309.99,81335.99,81145.88,81323.5,61.1865539846146,81178.70700000001,80836.46744914558,77522.84735,301.4235714285699,0.0037064756365450323,53.92326842713613,1.5,False,RSI_NOT_BELOW_34|CLOSE_NOT_NEAR_OR_BELOW_LOWER_BB
2026-09-19T17:12:43.192028+00:00,SIE_OLD_MR_1R_EXHAUSTION_CONFIRM_V1,BTC,BTCUSDT,strategy-lab-v1.0.0:SIE_OLD_MR_1R_EXHAUSTION_CONFIRM_V1,1789826400000,2026-09-19T14:00:00+00:00,81324.88,81606.0,81305.92,81554.89,46.465556985281545,81210.133,80851.3218047328,77544.29625000001,263.0349999999983,0.003225251116150096,61.1865539846146,1.5,False,RSI_NOT_BELOW_34|CLOSE_NOT_NEAR_OR_BELOW_LOWER_BB|RSI_RECOVERY_NOT_CONFIRMED
2026-09-19T17:12:43.192028+00:00,SIE_OLD_MR_1R_EXHAUSTION_CONFIRM_V1,BTC,BTCUSDT,strategy-lab-v1.0.0:SIE_OLD_MR_1R_EXHAUSTION_CONFIRM_V1,1789830000000,2026-09-19T15:00:00+00:00,81554.89,81925.0,81531.4,81626.45,66.10811624222166,81231.78199999999,80829.93726029435,77566.43085,241.86285714285623,0.0029630451543936585,46.465556985281545,1.49999999999997,False,PLANNED_REWARD_TOO_LOW|RSI_NOT_BELOW_34|CLOSE_NOT_NEAR_OR_BELOW_LOWER_BB
2026-09-19T17:12:43.192028+00:00,SIE_OLD_MR_1R_EXHAUSTION_CONFIRM_V1,BTC,BTCUSDT,strategy-lab-v1.0.0:SIE_OLD_MR_1R_EXHAUSTION_CONFIRM_V1,1789833600000,2026-09-19T16:00:00+00:00,81626.45,81889.17,81441.37,81813.35,70.61685570887028,81267.45,80797.81097755283,77588.81225,259.6392857142855,0.003173556463759099,66.10811624222166,1.5,False,RSI_NOT_BELOW_34|CLOSE_NOT_NEAR_OR_BELOW_LOWER_BB
2026-09-19T17:12:43.192028+00:00,SIE_OLD_MR_1R_EXHAUSTION_CONFIRM_V1,BTC,BTCUSDT,strategy-lab-v1.0.0:SIE_OLD_MR_1R_EXHAUSTION_CONFIRM_V1,1789837200000,2026-09-19T17:00:00+00:00,81813.35,81829.76,81742.5,81742.5,76.49679940144722,81293.386,80780.91825102338,77612.49495000001,245.37142857142837,0.0030017607556831315,70.61685570887028,1.5000000000000298,False,RSI_NOT_BELOW_34|CLOSE_NOT_NEAR_OR_BELOW_LOWER_BB|RSI_RECOVERY_NOT_CONFIRMED
2026-09-19T17:12:43.192028+00:00,SIE_OLD_MR_1R_EXHAUSTION_CONFIRM_V1,SOL,SOLUSDT,strategy-lab-v1.0.0:SIE_OLD_MR_1R_EXHAUSTION_CONFIRM_V1,1789822800000,2026-09-19T13:00:00+00:00,111.74,111.8,111.25,111.58,39.23076923076916,112.55250000000001,110.89017782905893,102.2157,0.913571428571427,0.008187591222185223,37.0235934664246,1.5,False,RSI_NOT_BELOW_34|CLOSE_NOT_NEAR_OR_BELOW_LOWER_BB|RSI_RECOVERY_NOT_CONFIRMED
2026-09-19T17:12:43.192028+00:00,SIE_OLD_MR_1R_EXHAUSTION_CONFIRM_V1,SOL,SOLUSDT,strategy-lab-v1.0.0:SIE_OLD_MR_1R_EXHAUSTION_CONFIRM_V1,1789826400000,2026-09-19T14:00:00+00:00,111.58,112.16,111.42,111.76,28.828828828828875,112.5335,110.84428390961895,102.2756,0.8064285714285688,0.0072157173535126054,39.23076923076916,1.5,False,CLOSE_NOT_NEAR_OR_BELOW_LOWER_BB|RSI_RECOVERY_NOT_CONFIRMED
2026-09-19T17:12:43.192028+00:00,SIE_OLD_MR_1R_EXHAUSTION_CONFIRM_V1,SOL,SOLUSDT,strategy-lab-v1.0.0:SIE_OLD_MR_1R_EXHAUSTION_CONFIRM_V1,1789830000000,2026-09-19T15:00:00+00:00,111.76,112.1,111.46,111.61,29.493087557603687,112.40299999999999,110.85799385114419,102.33505,0.7635714285714263,0.006841424859523576,28.828828828828875,1.5,False,CLOSE_NOT_NEAR_OR_BELOW_LOWER_BB|RSI_RECOVERY_NOT_CONFIRMED
2026-09-19T17:12:43.192028+00:00,SIE_OLD_MR_1R_EXHAUSTION_CONFIRM_V1,SOL,SOLUSDT,strategy-lab-v1.0.0:SIE_OLD_MR_1R_EXHAUSTION_CONFIRM_V1,1789833600000,2026-09-19T16:00:00+00:00,111.61,111.99,111.19,111.96,31.999999999999943,112.3255,110.85676619157786,102.3954,0.7842857142857126,0.0070050528249885015,29.493087557603687,1.5,False,CLOSE_NOT_NEAR_OR_BELOW_LOWER_BB
2026-09-19T17:12:43.192028+00:00,SIE_OLD_MR_1R_EXHAUSTION_CONFIRM_V1,SOL,SOLUSDT,strategy-lab-v1.0.0:SIE_OLD_MR_1R_EXHAUSTION_CONFIRM_V1,1789837200000,2026-09-19T17:00:00+00:00,111.93,112.2,111.88,112.19,38.30275229357803,112.27650000000001,110.85924525931216,102.4595,0.7578571428571418,0.006755122050602922,31.999999999999943,1.5,False,RSI_NOT_BELOW_34|CLOSE_NOT_NEAR_OR_BELOW_LOWER_BB
2026-09-19T17:12:43.192028+00:00,SIE_OLD_MR_1R_EXHAUSTION_CONFIRM_V1,XRP,XRPUSDT,strategy-lab-v1.0.0:SIE_OLD_MR_1R_EXHAUSTION_CONFIRM_V1,1789822800000,2026-09-19T13:00:00+00:00,1.4336,1.4492,1.4309,1.4369,74.14403778040145,1.41334,1.3878537370334536,1.354356,0.0171142857142857,0.011910561426881272,71.30852340936376,1.5000000000000064,False,RSI_NOT_BELOW_34|CLOSE_NOT_NEAR_OR_BELOW_LOWER_BB
2026-09-19T17:12:43.192028+00:00,SIE_OLD_MR_1R_EXHAUSTION_CONFIRM_V1,XRP,XRPUSDT,strategy-lab-v1.0.0:SIE_OLD_MR_1R_EXHAUSTION_CONFIRM_V1,1789826400000,2026-09-19T14:00:00+00:00,1.4368,1.4535,1.4355,1.4379,70.0819672131147,1.41594,1.3915974939663156,1.354781,0.01657142857142857,0.01152474342543193,74.14403778040145,1.5000000000000067,False,RSI_NOT_BELOW_34|CLOSE_NOT_NEAR_OR_BELOW_LOWER_BB|RSI_RECOVERY_NOT_CONFIRMED
2026-09-19T17:12:43.192028+00:00,SIE_OLD_MR_1R_EXHAUSTION_CONFIRM_V1,XRP,XRPUSDT,strategy-lab-v1.0.0:SIE_OLD_MR_1R_EXHAUSTION_CONFIRM_V1,1789830000000,2026-09-19T15:00:00+00:00,1.4379,1.4414,1.4277,1.4304,61.91709844559581,1.416865,1.3918112757259533,1.3551784999999998,0.016021428571428582,0.011200663151166515,70.0819672131147,1.4999999999999931,False,PLANNED_REWARD_TOO_LOW|RSI_NOT_BELOW_34|CLOSE_NOT_NEAR_OR_BELOW_LOWER_BB|RSI_RECOVERY_NOT_CONFIRMED
2026-09-19T17:12:43.192028+00:00,SIE_OLD_MR_1R_EXHAUSTION_CONFIRM_V1,XRP,XRPUSDT,strategy-lab-v1.0.0:SIE_OLD_MR_1R_EXHAUSTION_CONFIRM_V1,1789833600000,2026-09-19T16:00:00+00:00,1.4305,1.4378,1.4244,1.4338,63.111668757841834,1.418425,1.393233424027069,1.3555825,0.015821428571428573,0.011034613315266128,61.91709844559581,1.499999999999993,False,PLANNED_REWARD_TOO_LOW|RSI_NOT_BELOW_34|CLOSE_NOT_NEAR_OR_BELOW_LOWER_BB
2026-09-19T17:12:43.192028+00:00,SIE_OLD_MR_1R_EXHAUSTION_CONFIRM_V1,XRP,XRPUSDT,strategy-lab-v1.0.0:SIE_OLD_MR_1R_EXHAUSTION_CONFIRM_V1,1789837200000,2026-09-19T17:00:00+00:00,1.4336,1.4407,1.4328,1.4396,63.56877323420073,1.4203649999999999,1.3949266608246536,1.3560755,0.01516428571428571,0.01053367999047354,63.111668757841834,1.5000000000000073,False,RSI_NOT_BELOW_34|CLOSE_NOT_NEAR_OR_BELOW_LOWER_BB
2026-09-19T17:12:43.192028+00:00,SIE_OLD_MR_1R_EXHAUSTION_CONFIRM_V1,DOGE,DOGEUSDT,strategy-lab-v1.0.0:SIE_OLD_MR_1R_EXHAUSTION_CONFIRM_V1,1789822800000,2026-09-19T13:00:00+00:00,0.08895,0.08985,0.0884,0.08883,63.17829457364349,0.08782100000000001,0.08667566336826196,0.08357909999999999,0.0009435714285714246,0.010622215789388996,57.69911504424778,1.5000000000000073,False,RSI_NOT_BELOW_34|CLOSE_NOT_NEAR_OR_BELOW_LOWER_BB|RSI_RECOVERY_NOT_CONFIRMED
2026-09-19T17:12:43.192028+00:00,SIE_OLD_MR_1R_EXHAUSTION_CONFIRM_V1,DOGE,DOGEUSDT,strategy-lab-v1.0.0:SIE_OLD_MR_1R_EXHAUSTION_CONFIRM_V1,1789826400000,2026-09-19T14:00:00+00:00,0.08877,0.08985,0.08872,0.089,61.22448979591836,0.08790400000000001,0.08667275022842597,0.0836043,0.0009485714285714256,0.010658105939004783,63.17829457364349,1.4999999999999927,False,PLANNED_REWARD_TOO_LOW|RSI_NOT_BELOW_34|CLOSE_NOT_NEAR_OR_BELOW_LOWER_BB|RSI_RECOVERY_NOT_CONFIRMED
2026-09-19T17:12:43.192028+00:00,SIE_OLD_MR_1R_EXHAUSTION_CONFIRM_V1,DOGE,DOGEUSDT,strategy-lab-v1.0.0:SIE_OLD_MR_1R_EXHAUSTION_CONFIRM_V1,1789830000000,2026-09-19T15:00:00+00:00,0.08901,0.08926,0.08842,0.08891,59.221311475409905,0.087951,0.08664383665902031,0.0836299,0.000927857142857141,0.010435914327490057,61.22448979591836,1.5,False,RSI_NOT_BELOW_34|CLOSE_NOT_NEAR_OR_BELOW_LOWER_BB|RSI_RECOVERY_NOT_CONFIRMED
2026-09-19T17:12:43.192028+00:00,SIE_OLD_MR_1R_EXHAUSTION_CONFIRM_V1,DOGE,DOGEUSDT,strategy-lab-v1.0.0:SIE_OLD_MR_1R_EXHAUSTION_CONFIRM_V1,1789833600000,2026-09-19T16:00:00+00:00,0.08892,0.08971,0.08856,0.08964,62.734082397003846,0.08802,0.08652297628609255,0.08365784999999999,0.0009464285714285703,0.010558105437623498,59.221311475409905,1.5,False,RSI_NOT_BELOW_34|CLOSE_NOT_NEAR_OR_BELOW_LOWER_BB
2026-09-19T17:12:43.192028+00:00,SIE_OLD_MR_1R_EXHAUSTION_CONFIRM_V1,DOGE,DOGEUSDT,strategy-lab-v1.0.0:SIE_OLD_MR_1R_EXHAUSTION_CONFIRM_V1,1789837200000,2026-09-19T17:00:00+00:00,0.08963,0.09047,0.08946,0.09047,70.72758037225051,0.0881345,0.08629492966973228,0.08369195,0.0009621428571428559,0.010634938179980721,62.734082397003846,1.5,False,RSI_NOT_BELOW_34|CLOSE_NOT_NEAR_OR_BELOW_LOWER_BB
2026-09-19T17:12:43.192028+00:00,SIE_OLD_MR_1R_EXHAUSTION_CONFIRM_V1,BNB,BNBUSDT,strategy-lab-v1.0.0:SIE_OLD_MR_1R_EXHAUSTION_CONFIRM_V1,1789822800000,2026-09-19T13:00:00+00:00,772.95,772.95,768.37,769.44,62.52319109461969,764.1885,757.7988105709024,729.3217999999999,4.897142857142869,0.0063645545554466484,64.21086059066377,1.5,False,RSI_NOT_BELOW_34|CLOSE_NOT_NEAR_OR_BELOW_LOWER_BB|RSI_RECOVERY_NOT_CONFIRMED
2026-09-19T17:12:43.192028+00:00,SIE_OLD_MR_1R_EXHAUSTION_CONFIRM_V1,BNB,BNBUSDT,strategy-lab-v1.0.0:SIE_OLD_MR_1R_EXHAUSTION_CONFIRM_V1,1789826400000,2026-09-19T14:00:00+00:00,769.3,772.8,769.04,769.78,59.800995024875576,764.4604999999999,757.6208670419879,729.59585,4.846428571428581,0.006295861897462368,62.52319109461969,1.5,False,RSI_NOT_BELOW_34|CLOSE_NOT_NEAR_OR_BELOW_LOWER_BB|RSI_RECOVERY_NOT_CONFIRMED
2026-09-19T17:12:43.192028+00:00,SIE_OLD_MR_1R_EXHAUSTION_CONFIRM_V1,BNB,BNBUSDT,strategy-lab-v1.0.0:SIE_OLD_MR_1R_EXHAUSTION_CONFIRM_V1,1789830000000,2026-09-19T15:00:00+00:00,770.11,771.26,766.48,766.81,57.45697896749514,764.4975000000001,757.615564589062,729.86175,4.848571428571437,0.006323041468644693,59.800995024875576,1.5,False,RSI_NOT_BELOW_34|CLOSE_NOT_NEAR_OR_BELOW_LOWER_BB|RSI_RECOVERY_NOT_CONFIRMED
2026-09-19T17:12:43.192028+00:00,SIE_OLD_MR_1R_EXHAUSTION_CONFIRM_V1,BNB,BNBUSDT,strategy-lab-v1.0.0:SIE_OLD_MR_1R_EXHAUSTION_CONFIRM_V1,1789833600000,2026-09-19T16:00:00+00:00,766.68,768.4,764.63,768.16,60.07439553626783,764.7320000000001,757.6883713896655,730.1311999999999,4.896428571428577,0.006374230071116144,57.45697896749514,1.5000000000000115,False,RSI_NOT_BELOW_34|CLOSE_NOT_NEAR_OR_BELOW_LOWER_BB
2026-09-19T17:12:43.192028+00:00,SIE_OLD_MR_1R_EXHAUSTION_CONFIRM_V1,BNB,BNBUSDT,strategy-lab-v1.0.0:SIE_OLD_MR_1R_EXHAUSTION_CONFIRM_V1,1789837200000,2026-09-19T17:00:00+00:00,767.96,768.74,767.87,768.65,64.87104146261836,764.979,757.7519732254318,730.4113000000001,4.677142857142859,0.0060848797985336095,60.07439553626783,1.5,False,RSI_NOT_BELOW_34|CLOSE_NOT_NEAR_OR_BELOW_LOWER_BB
2026-09-19T17:12:43.192028+00:00,SIE_OLD_MR_1R_EXHAUSTION_CONFIRM_V1,PAXG,PAXGUSDT,strategy-lab-v1.0.0:SIE_OLD_MR_1R_EXHAUSTION_CONFIRM_V1,1789822800000,2026-09-19T13:00:00+00:00,4366.54,4366.54,4364.71,4365.75,40.585533869117214,4367.407,4360.307326486222,4336.6274,3.0657142857142907,0.0007022193862942887,32.03443588581844,1.5,False,RSI_NOT_BELOW_34|CLOSE_NOT_NEAR_OR_BELOW_LOWER_BB|RSI_RECOVERY_NOT_CONFIRMED
2026-09-19T17:12:43.192028+00:00,SIE_OLD_MR_1R_EXHAUSTION_CONFIRM_V1,PAXG,PAXGUSDT,strategy-lab-v1.0.0:SIE_OLD_MR_1R_EXHAUSTION_CONFIRM_V1,1789826400000,2026-09-19T14:00:00+00:00,4365.8,4366.57,4363.77,4366.57,51.50130548302878,4367.018,4360.669839321328,4336.67705,2.982142857142857,0.0006829485974444146,40.585533869117214,1.5,False,RSI_NOT_BELOW_34|CLOSE_NOT_NEAR_OR_BELOW_LOWER_BB
2026-09-19T17:12:43.192028+00:00,SIE_OLD_MR_1R_EXHAUSTION_CONFIRM_V1,PAXG,PAXGUSDT,strategy-lab-v1.0.0:SIE_OLD_MR_1R_EXHAUSTION_CONFIRM_V1,1789830000000,2026-09-19T15:00:00+00:00,4366.58,4367.41,4365.03,4366.73,52.23880597014784,4366.849,4360.661157403244,4336.7628,2.7992857142856855,0.0006410484995146679,51.50130548302878,1.5,False,RSI_NOT_BELOW_34|CLOSE_NOT_NEAR_OR_BELOW_LOWER_BB
2026-09-19T17:12:43.192028+00:00,SIE_OLD_MR_1R_EXHAUSTION_CONFIRM_V1,PAXG,PAXGUSDT,strategy-lab-v1.0.0:SIE_OLD_MR_1R_EXHAUSTION_CONFIRM_V1,1789833600000,2026-09-19T16:00:00+00:00,4366.73,4367.53,4364.45,4367.53,55.03731343283521,4366.696999999999,4360.737086913197,4336.841100000001,2.7778571428571013,0.0006360247423273799,52.23880597014784,1.5,False,RSI_NOT_BELOW_34|CLOSE_NOT_NEAR_OR_BELOW_LOWER_BB
2026-09-19T17:12:43.192028+00:00,SIE_OLD_MR_1R_EXHAUSTION_CONFIRM_V1,PAXG,PAXGUSDT,strategy-lab-v1.0.0:SIE_OLD_MR_1R_EXHAUSTION_CONFIRM_V1,1789837200000,2026-09-19T17:00:00+00:00,4366.63,4366.63,4365.21,4366.49,44.86666666666709,4366.3495,4361.255140471833,4336.93725,2.7535714285713766,0.0006306143901786966,55.03731343283521,1.5,False,RSI_NOT_BELOW_34|CLOSE_NOT_NEAR_OR_BELOW_LOWER_BB|RSI_RECOVERY_NOT_CONFIRMED
2026-09-19T20:32:52.102821+00:00,SIE_OLD_MR_1R_EXHAUSTION_CONFIRM_V1,BTC,BTCUSDT,strategy-lab-v1.0.0:SIE_OLD_MR_1R_EXHAUSTION_CONFIRM_V1,1789840800000,2026-09-19T18:00:00+00:00,81437.1,81521.99,81308.01,81412.24,64.32441123220087,81292.05350000001,80818.64240404198,77633.19595,261.510000000001,0.00321217055322395,61.00775707750507,1.4999999999999722,False,PLANNED_REWARD_TOO_LOW|RSI_NOT_BELOW_34|CLOSE_NOT_NEAR_OR_BELOW_LOWER_BB|RSI_RECOVERY_NOT_CONFIRMED
2026-09-19T20:32:52.102821+00:00,SIE_OLD_MR_1R_EXHAUSTION_CONFIRM_V1,BTC,BTCUSDT,strategy-lab-v1.0.0:SIE_OLD_MR_1R_EXHAUSTION_CONFIRM_V1,1789844400000,2026-09-19T19:00:00+00:00,81412.24,81445.33,81281.2,81345.02,60.91320060095037,81315.5525,80882.32012360114,77654.9247,263.1985714285734,0.003235583093206854,64.32441123220087,1.5,False,RSI_NOT_BELOW_34|CLOSE_NOT_NEAR_OR_BELOW_LOWER_BB|RSI_RECOVERY_NOT_CONFIRMED
2026-09-19T20:32:52.102821+00:00,SIE_OLD_MR_1R_EXHAUSTION_CONFIRM_V1,BTC,BTCUSDT,strategy-lab-v1.0.0:SIE_OLD_MR_1R_EXHAUSTION_CONFIRM_V1,1789848000000,2026-09-19T20:00:00+00:00,81342.96,81414.01,81230.01,81239.75,56.8445534292289,81294.65900000001,80890.071175812,77671.16915,259.66785714285965,0.0031963153153826748,60.91320060095037,1.5,False,RSI_NOT_BELOW_34|CLOSE_NOT_NEAR_OR_BELOW_LOWER_BB|RSI_RECOVERY_NOT_CONFIRMED
2026-09-19T20:32:52.102821+00:00,SIE_OLD_MR_1R_EXHAUSTION_CONFIRM_V1,SOL,SOLUSDT,strategy-lab-v1.0.0:SIE_OLD_MR_1R_EXHAUSTION_CONFIRM_V1,1789840800000,2026-09-19T18:00:00+00:00,111.37,111.64,110.64,111.11,35.1219512195122,112.13250000000001,110.64892492606482,102.51520000000001,0.7849999999999986,0.0070650706507064944,30.50847457627124,1.5,False,RSI_NOT_BELOW_34|CLOSE_NOT_NEAR_OR_BELOW_LOWER_BB|RSI_RECOVERY_NOT_CONFIRMED
2026-09-19T20:32:52.102821+00:00,SIE_OLD_MR_1R_EXHAUSTION_CONFIRM_V1,SOL,SOLUSDT,strategy-lab-v1.0.0:SIE_OLD_MR_1R_EXHAUSTION_CONFIRM_V1,1789844400000,2026-09-19T19:00:00+00:00,111.11,111.57,110.73,111.14,39.72972972972967,112.0545,110.53487537529764,102.57355,0.7614285714285701,0.006851075863132716,35.1219512195122,1.5000000000000093,False,RSI_NOT_BELOW_34|CLOSE_NOT_NEAR_OR_BELOW_LOWER_BB
2026-09-19T20:32:52.102821+00:00,SIE_OLD_MR_1R_EXHAUSTION_CONFIRM_V1,SOL,SOLUSDT,strategy-lab-v1.0.0:SIE_OLD_MR_1R_EXHAUSTION_CONFIRM_V1,1789848000000,2026-09-19T20:00:00+00:00,111.12,111.32,110.9,111.03,39.72972972972967,111.924,110.52818625884336,102.62045,0.7278571428571406,0.006555499800568681,39.72972972972967,1.5,False,RSI_NOT_BELOW_34|CLOSE_NOT_NEAR_OR_BELOW_LOWER_BB|RSI_RECOVERY_NOT_CONFIRMED
2026-09-19T20:32:52.102821+00:00,SIE_OLD_MR_1R_EXHAUSTION_CONFIRM_V1,XRP,XRPUSDT,strategy-lab-v1.0.0:SIE_OLD_MR_1R_EXHAUSTION_CONFIRM_V1,1789840800000,2026-09-19T18:00:00+00:00,1.4272,1.4388,1.4207,1.43,59.801488833746916,1.42135,1.399048026993111,1.3565025,0.016149999999999998,0.011293706293706293,55.89680589680592,1.4999999999999931,False,PLANNED_REWARD_TOO_LOW|RSI_NOT_BELOW_34|CLOSE_NOT_NEAR_OR_BELOW_LOWER_BB
2026-09-19T20:32:52.102821+00:00,SIE_OLD_MR_1R_EXHAUSTION_CONFIRM_V1,XRP,XRPUSDT,strategy-lab-v1.0.0:SIE_OLD_MR_1R_EXHAUSTION_CONFIRM_V1,1789844400000,2026-09-19T19:00:00+00:00,1.4301,1.4327,1.425,1.4272,50.63113604488087,1.42291,1.403779824883185,1.3569954999999998,0.014907142857142865,0.010445027226137098,59.801488833746916,1.4999999999999925,False,PLANNED_REWARD_TOO_LOW|RSI_NOT_BELOW_34|CLOSE_NOT_NEAR_OR_BELOW_LOWER_BB|RSI_RECOVERY_NOT_CONFIRMED
2026-09-19T20:32:52.102821+00:00,SIE_OLD_MR_1R_EXHAUSTION_CONFIRM_V1,XRP,XRPUSDT,strategy-lab-v1.0.0:SIE_OLD_MR_1R_EXHAUSTION_CONFIRM_V1,1789848000000,2026-09-19T20:00:00+00:00,1.4272,1.4349,1.4254,1.4279,55.17241379310338,1.42388,1.405834213788255,1.3573034999999998,0.01457857142857144,0.01020979860534452,50.63113604488087,1.4999999999999925,False,PLANNED_REWARD_TOO_LOW|RSI_NOT_BELOW_34|CLOSE_NOT_NEAR_OR_BELOW_LOWER_BB
2026-09-19T20:32:52.102821+00:00,SIE_OLD_MR_1R_EXHAUSTION_CONFIRM_V1,DOGE,DOGEUSDT,strategy-lab-v1.0.0:SIE_OLD_MR_1R_EXHAUSTION_CONFIRM_V1,1789840800000,2026-09-19T18:00:00+00:00,0.08984,0.09044,0.08908,0.08977,75.21367521367543,0.0881855,0.08634736534769587,0.08372070000000001,0.0010321428571428576,0.011497636817899717,67.04761904761916,1.4999999999999933,False,PLANNED_REWARD_TOO_LOW|RSI_NOT_BELOW_34|CLOSE_NOT_NEAR_OR_BELOW_LOWER_BB|RSI_RECOVERY_NOT_CONFIRMED
2026-09-19T20:32:52.102821+00:00,SIE_OLD_MR_1R_EXHAUSTION_CONFIRM_V1,DOGE,DOGEUSDT,strategy-lab-v1.0.0:SIE_OLD_MR_1R_EXHAUSTION_CONFIRM_V1,1789844400000,2026-09-19T19:00:00+00:00,0.08977,0.09016,0.0891,0.08921,66.79536679536683,0.0882725,0.08641346933860647,0.08374834999999999,0.0010657142857142868,0.01194613031851011,75.21367521367543,1.5,False,RSI_NOT_BELOW_34|CLOSE_NOT_NEAR_OR_BELOW_LOWER_BB|RSI_RECOVERY_NOT_CONFIRMED
2026-09-19T20:32:52.102821+00:00,SIE_OLD_MR_1R_EXHAUSTION_CONFIRM_V1,DOGE,DOGEUSDT,strategy-lab-v1.0.0:SIE_OLD_MR_1R_EXHAUSTION_CONFIRM_V1,1789848000000,2026-09-19T20:00:00+00:00,0.08917,0.08936,0.08856,0.08894,68.24457593688385,0.0883245,0.08645192450085415,0.08376735,0.0010714285714285723,0.012046644607921883,66.79536679536683,1.5000000000000064,False,RSI_NOT_BELOW_34|CLOSE_NOT_NEAR_OR_BELOW_LOWER_BB|RSI_RECOVERY_NOT_CONFIRMED
2026-09-19T20:32:52.102821+00:00,SIE_OLD_MR_1R_EXHAUSTION_CONFIRM_V1,BNB,BNBUSDT,strategy-lab-v1.0.0:SIE_OLD_MR_1R_EXHAUSTION_CONFIRM_V1,1789840800000,2026-09-19T18:00:00+00:00,762.6,763.92,761.28,763.44,54.507512520868154,764.647,757.5381010697646,730.63605,4.714999999999999,0.0061759928743581665,54.240134340890144,1.500000000000012,False,RSI_NOT_BELOW_34|CLOSE_NOT_NEAR_OR_BELOW_LOWER_BB
2026-09-19T20:32:52.102821+00:00,SIE_OLD_MR_1R_EXHAUSTION_CONFIRM_V1,BNB,BNBUSDT,strategy-lab-v1.0.0:SIE_OLD_MR_1R_EXHAUSTION_CONFIRM_V1,1789844400000,2026-09-19T19:00:00+00:00,763.6,763.91,762.49,762.95,49.16993661334144,764.7275000000001,757.7347012040741,730.8860500000001,4.5078571428571435,0.005908456835778417,54.507512520868154,1.5,False,RSI_NOT_BELOW_34|CLOSE_NOT_NEAR_OR_BELOW_LOWER_BB|RSI_RECOVERY_NOT_CONFIRMED
2026-09-19T20:32:52.102821+00:00,SIE_OLD_MR_1R_EXHAUSTION_CONFIRM_V1,BNB,BNBUSDT,strategy-lab-v1.0.0:SIE_OLD_MR_1R_EXHAUSTION_CONFIRM_V1,1789848000000,2026-09-19T20:00:00+00:00,762.9,763.12,760.56,762.04,50.51162790697664,764.636,757.5534004772044,731.0794999999999,4.154285714285712,0.005451532353007339,49.16993661334144,1.5000000000000138,False,RSI_NOT_BELOW_34|CLOSE_NOT_NEAR_OR_BELOW_LOWER_BB|RSI_RECOVERY_NOT_CONFIRMED
2026-09-19T20:32:52.102821+00:00,SIE_OLD_MR_1R_EXHAUSTION_CONFIRM_V1,PAXG,PAXGUSDT,strategy-lab-v1.0.0:SIE_OLD_MR_1R_EXHAUSTION_CONFIRM_V1,1789840800000,2026-09-19T18:00:00+00:00,4364.21,4365.61,4364.21,4365.16,39.09141895681395,4365.7545,4362.173028374811,4337.044150000001,2.9349999999999454,0.0006723693976852957,38.26037521318971,1.5,False,RSI_NOT_BELOW_34|CLOSE_NOT_NEAR_OR_BELOW_LOWER_BB
2026-09-19T20:32:52.102821+00:00,SIE_OLD_MR_1R_EXHAUSTION_CONFIRM_V1,PAXG,PAXGUSDT,strategy-lab-v1.0.0:SIE_OLD_MR_1R_EXHAUSTION_CONFIRM_V1,1789844400000,2026-09-19T19:00:00+00:00,4364.82,4365.16,4362.78,4363.63,42.268041237113174,4365.4845000000005,4362.124104338471,4337.1787,2.8528571428571143,0.0006537807153349652,39.09141895681395,1.5000000000001594,False,RSI_NOT_BELOW_34|CLOSE_NOT_NEAR_OR_BELOW_LOWER_BB|RSI_RECOVERY_NOT_CONFIRMED
2026-09-19T20:32:52.102821+00:00,SIE_OLD_MR_1R_EXHAUSTION_CONFIRM_V1,PAXG,PAXGUSDT,strategy-lab-v1.0.0:SIE_OLD_MR_1R_EXHAUSTION_CONFIRM_V1,1789848000000,2026-09-19T20:00:00+00:00,4364.46,4364.6,4363.22,4364.4,53.19587628865762,4365.398999999999,4362.0196515417865,4337.028600000001,2.6371428571428623,0.0006042394961834072,42.268041237113174,1.5000000000001725,False,RSI_NOT_BELOW_34|CLOSE_NOT_NEAR_OR_BELOW_LOWER_BB
2026-09-20T00:05:48.912827+00:00,SIE_OLD_MR_1R_EXHAUSTION_CONFIRM_V1,BTC,BTCUSDT,strategy-lab-v1.0.0:SIE_OLD_MR_1R_EXHAUSTION_CONFIRM_V1,1789851600000,2026-09-19T21:00:00+00:00,81129.99,81200.0,80869.6,81063.73,49.72428730316694,81279.1505,80857.11165038517,77679.81195,281.2585714285732,0.00346959819673451,53.10566340749174,1.5,False,RSI_NOT_BELOW_34|CLOSE_NOT_NEAR_OR_BELOW_LOWER_BB|RSI_RECOVERY_NOT_CONFIRMED
2026-09-20T00:05:48.912827+00:00,SIE_OLD_MR_1R_EXHAUSTION_CONFIRM_V1,BTC,BTCUSDT,strategy-lab-v1.0.0:SIE_OLD_MR_1R_EXHAUSTION_CONFIRM_V1,1789855200000,2026-09-19T22:00:00+00:00,81063.73,81247.23,80916.67,81232.47,48.02788434773159,81276.9715,80854.44139501787,77692.08975,280.11642857142994,0.003448330803820565,49.72428730316694,1.5,False,RSI_NOT_BELOW_34|CLOSE_NOT_NEAR_OR_BELOW_LOWER_BB|RSI_RECOVERY_NOT_CONFIRMED
2026-09-20T00:05:48.912827+00:00,SIE_OLD_MR_1R_EXHAUSTION_CONFIRM_V1,BTC,BTCUSDT,strategy-lab-v1.0.0:SIE_OLD_MR_1R_EXHAUSTION_CONFIRM_V1,1789858800000,2026-09-19T23:00:00+00:00,81232.47,81340.8,81185.28,81233.91,48.03574561801582,81283.41500000001,80867.6934763027,77709.78755,271.1678571428586,0.0033381115982581487,48.02788434773159,1.5,False,RSI_NOT_BELOW_34|CLOSE_NOT_NEAR_OR_BELOW_LOWER_BB
2026-09-20T00:05:48.912827+00:00,SIE_OLD_MR_1R_EXHAUSTION_CONFIRM_V1,BTC,BTCUSDT,strategy-lab-v1.0.0:SIE_OLD_MR_1R_EXHAUSTION_CONFIRM_V1,1789862400000,2026-09-20T00:00:00+00:00,81233.91,81240.0,81196.5,81217.89,50.90698077034032,81294.189,80897.41953030604,77726.40980000001,264.000000000001,0.0032505153729061546,48.03574561801582,1.5,False,RSI_NOT_BELOW_34|CLOSE_NOT_NEAR_OR_BELOW_LOWER_BB|RSI_RECOVERY_NOT_CONFIRMED
2026-09-20T00:05:48.912827+00:00,SIE_OLD_MR_1R_EXHAUSTION_CONFIRM_V1,SOL,SOLUSDT,strategy-lab-v1.0.0:SIE_OLD_MR_1R_EXHAUSTION_CONFIRM_V1,1789851600000,2026-09-19T21:00:00+00:00,111.07,111.26,110.12,110.5,36.74999999999997,111.78150000000001,110.4291646126046,102.64885,0.7628571428571413,0.006903684550743361,40.16393442622936,1.5,False,RSI_NOT_BELOW_34|CLOSE_NOT_NEAR_OR_BELOW_LOWER_BB|RSI_RECOVERY_NOT_CONFIRMED
2026-09-20T00:05:48.912827+00:00,SIE_OLD_MR_1R_EXHAUSTION_CONFIRM_V1,SOL,SOLUSDT,strategy-lab-v1.0.0:SIE_OLD_MR_1R_EXHAUSTION_CONFIRM_V1,1789855200000,2026-09-19T22:00:00+00:00,110.48,110.73,109.93,110.62,27.298850574712688,111.6335,110.46555693631846,102.6856,0.7514285714285691,0.0067928816798822015,36.74999999999997,1.5,False,CLOSE_NOT_NEAR_OR_BELOW_LOWER_BB|RSI_RECOVERY_NOT_CONFIRMED
2026-09-20T00:05:48.912827+00:00,SIE_OLD_MR_1R_EXHAUSTION_CONFIRM_V1,SOL,SOLUSDT,strategy-lab-v1.0.0:SIE_OLD_MR_1R_EXHAUSTION_CONFIRM_V1,1789858800000,2026-09-19T23:00:00+00:00,110.62,111.16,110.56,111.03,39.080459770114885,111.52449999999999,110.57986303269362,102.73285,0.7199999999999979,0.006484733855714652,27.298850574712688,1.5,False,RSI_NOT_BELOW_34|CLOSE_NOT_NEAR_OR_BELOW_LOWER_BB
2026-09-20T00:05:48.912827+00:00,SIE_OLD_MR_1R_EXHAUSTION_CONFIRM_V1,SOL,SOLUSDT,strategy-lab-v1.0.0:SIE_OLD_MR_1R_EXHAUSTION_CONFIRM_V1,1789862400000,2026-09-20T00:00:00+00:00,111.03,111.05,110.97,110.98,40.96385542168682,111.457,110.5605380655032,102.77615000000002,0.6878571428571405,0.006198027958705537,39.080459770114885,1.5000000000000104,False,RSI_NOT_BELOW_34|CLOSE_NOT_NEAR_OR_BELOW_LOWER_BB|RSI_RECOVERY_NOT_CONFIRMED
2026-09-20T00:05:48.912827+00:00,SIE_OLD_MR_1R_EXHAUSTION_CONFIRM_V1,XRP,XRPUSDT,strategy-lab-v1.0.0:SIE_OLD_MR_1R_EXHAUSTION_CONFIRM_V1,1789851600000,2026-09-19T21:00:00+00:00,1.4287,1.432,1.4021,1.4093,49.66887417218547,1.42378,1.4053105008189202,1.3572765000000002,0.015685714285714303,0.011130145665021147,55.63798219584573,1.500000000000007,False,RSI_NOT_BELOW_34|CLOSE_NOT_NEAR_OR_BELOW_LOWER_BB|RSI_RECOVERY_NOT_CONFIRMED
2026-09-20T00:05:48.912827+00:00,SIE_OLD_MR_1R_EXHAUSTION_CONFIRM_V1,XRP,XRPUSDT,strategy-lab-v1.0.0:SIE_OLD_MR_1R_EXHAUSTION_CONFIRM_V1,1789855200000,2026-09-19T22:00:00+00:00,1.4088,1.4179,1.3968,1.4159,50.90439276485778,1.42393,1.4057702533057337,1.357382,0.016228571428571432,0.011461664968268545,49.66887417218547,1.5,False,RSI_NOT_BELOW_34|CLOSE_NOT_NEAR_OR_BELOW_LOWER_BB
2026-09-20T00:05:48.912827+00:00,SIE_OLD_MR_1R_EXHAUSTION_CONFIRM_V1,XRP,XRPUSDT,strategy-lab-v1.0.0:SIE_OLD_MR_1R_EXHAUSTION_CONFIRM_V1,1789858800000,2026-09-19T23:00:00+00:00,1.4159,1.4165,1.409,1.4099,48.16625916870408,1.42354,1.404545958829151,1.357561,0.016100000000000003,0.01141924959216966,50.90439276485778,1.5000000000000069,False,RSI_NOT_BELOW_34|CLOSE_NOT_NEAR_OR_BELOW_LOWER_BB|RSI_RECOVERY_NOT_CONFIRMED
2026-09-20T00:05:48.912827+00:00,SIE_OLD_MR_1R_EXHAUSTION_CONFIRM_V1,XRP,XRPUSDT,strategy-lab-v1.0.0:SIE_OLD_MR_1R_EXHAUSTION_CONFIRM_V1,1789862400000,2026-09-20T00:00:00+00:00,1.4101,1.4102,1.4095,1.4102,45.219638242894,1.42334,1.403878304287655,1.3577295,0.015242857142857145,0.01080900378872298,48.16625916870408,1.5000000000000073,False,RSI_NOT_BELOW_34|CLOSE_NOT_NEAR_OR_BELOW_LOWER_BB|RSI_RECOVERY_NOT_CONFIRMED
2026-09-20T00:05:48.912827+00:00,SIE_OLD_MR_1R_EXHAUSTION_CONFIRM_V1,DOGE,DOGEUSDT,strategy-lab-v1.0.0:SIE_OLD_MR_1R_EXHAUSTION_CONFIRM_V1,1789851600000,2026-09-19T21:00:00+00:00,0.08898,0.08908,0.08672,0.08735,55.62700964630223,0.08829450000000001,0.08637393263591159,0.08376745,0.0011814285714285724,0.013525226919617314,69.0618762475051,1.4999999999999942,False,PLANNED_REWARD_TOO_LOW|RSI_NOT_BELOW_34|CLOSE_NOT_NEAR_OR_BELOW_LOWER_BB|RSI_RECOVERY_NOT_CONFIRMED
2026-09-20T00:05:48.912827+00:00,SIE_OLD_MR_1R_EXHAUSTION_CONFIRM_V1,DOGE,DOGEUSDT,strategy-lab-v1.0.0:SIE_OLD_MR_1R_EXHAUSTION_CONFIRM_V1,1789855200000,2026-09-19T22:00:00+00:00,0.08732,0.08786,0.08666,0.08778,53.99999999999998,0.0882695,0.08633585603070226,0.08377409999999999,0.0011871428571428569,0.013524069915047357,55.62700964630223,1.5,False,RSI_NOT_BELOW_34|CLOSE_NOT_NEAR_OR_BELOW_LOWER_BB|RSI_RECOVERY_NOT_CONFIRMED
2026-09-20T00:05:48.912827+00:00,SIE_OLD_MR_1R_EXHAUSTION_CONFIRM_V1,DOGE,DOGEUSDT,strategy-lab-v1.0.0:SIE_OLD_MR_1R_EXHAUSTION_CONFIRM_V1,1789858800000,2026-09-19T23:00:00+00:00,0.08776,0.08811,0.08765,0.08768,53.82059800664444,0.0882525,0.08630445610932364,0.08378769999999999,0.0011735714285714277,0.01338471063607924,53.99999999999998,1.499999999999994,False,PLANNED_REWARD_TOO_LOW|RSI_NOT_BELOW_34|CLOSE_NOT_NEAR_OR_BELOW_LOWER_BB|RSI_RECOVERY_NOT_CONFIRMED
2026-09-20T00:05:48.912827+00:00,SIE_OLD_MR_1R_EXHAUSTION_CONFIRM_V1,DOGE,DOGEUSDT,strategy-lab-v1.0.0:SIE_OLD_MR_1R_EXHAUSTION_CONFIRM_V1,1789862400000,2026-09-20T00:00:00+00:00,0.08766,0.08771,0.08756,0.08758,49.82578397212551,0.088261,0.08632629692200548,0.08379645,0.0011207142857142854,0.012796463641405405,53.82059800664444,1.5,False,RSI_NOT_BELOW_34|CLOSE_NOT_NEAR_OR_BELOW_LOWER_BB|RSI_RECOVERY_NOT_CONFIRMED
2026-09-20T00:05:48.912827+00:00,SIE_OLD_MR_1R_EXHAUSTION_CONFIRM_V1,BNB,BNBUSDT,strategy-lab-v1.0.0:SIE_OLD_MR_1R_EXHAUSTION_CONFIRM_V1,1789851600000,2026-09-19T21:00:00+00:00,761.97,762.11,756.09,759.57,48.18101153504894,764.4939999999999,757.127463771872,731.19225,4.371428571428567,0.005755135894556876,50.07685213648933,1.500000000000013,False,RSI_NOT_BELOW_34|CLOSE_NOT_NEAR_OR_BELOW_LOWER_BB|RSI_RECOVERY_NOT_CONFIRMED
2026-09-20T00:05:48.912827+00:00,SIE_OLD_MR_1R_EXHAUSTION_CONFIRM_V1,BNB,BNBUSDT,strategy-lab-v1.0.0:SIE_OLD_MR_1R_EXHAUSTION_CONFIRM_V1,1789855200000,2026-09-19T22:00:00+00:00,759.26,761.52,757.54,761.41,42.74509803921552,764.4815,757.0949493164725,731.33375,4.164285714285711,0.005469176546519892,48.18101153504894,1.4999999999999865,False,PLANNED_REWARD_TOO_LOW|RSI_NOT_BELOW_34|CLOSE_NOT_NEAR_OR_BELOW_LOWER_BB|RSI_RECOVERY_NOT_CONFIRMED
2026-09-20T00:05:48.912827+00:00,SIE_OLD_MR_1R_EXHAUSTION_CONFIRM_V1,BNB,BNBUSDT,strategy-lab-v1.0.0:SIE_OLD_MR_1R_EXHAUSTION_CONFIRM_V1,1789858800000,2026-09-19T23:00:00+00:00,761.76,763.44,761.59,761.76,42.06349206349208,764.5925,757.4434108971617,731.4977500000001,3.9271428571428664,0.00515535451735831,42.74509803921552,1.5,False,RSI_NOT_BELOW_34|CLOSE_NOT_NEAR_OR_BELOW_LOWER_BB|RSI_RECOVERY_NOT_CONFIRMED
2026-09-20T00:05:48.912827+00:00,SIE_OLD_MR_1R_EXHAUSTION_CONFIRM_V1,BNB,BNBUSDT,strategy-lab-v1.0.0:SIE_OLD_MR_1R_EXHAUSTION_CONFIRM_V1,1789862400000,2026-09-20T00:00:00+00:00,761.79,761.79,761.52,761.52,44.01384083044973,764.6585,757.6498417118308,731.65355,3.7614285714285773,0.004939369381537684,42.06349206349208,1.500000000000015,False,RSI_NOT_BELOW_34|CLOSE_NOT_NEAR_OR_BELOW_LOWER_BB|RSI_RECOVERY_NOT_CONFIRMED
2026-09-20T00:05:48.912827+00:00,SIE_OLD_MR_1R_EXHAUSTION_CONFIRM_V1,PAXG,PAXGUSDT,strategy-lab-v1.0.0:SIE_OLD_MR_1R_EXHAUSTION_CONFIRM_V1,1789851600000,2026-09-19T21:00:00+00:00,4364.23,4365.43,4363.05,4363.92,53.25721961047762,4365.221,4361.665902813996,4336.83885,2.659285714285748,0.0006093800331549955,48.23529411764639,1.5,False,RSI_NOT_BELOW_34|CLOSE_NOT_NEAR_OR_BELOW_LOWER_BB
2026-09-20T00:05:48.912827+00:00,SIE_OLD_MR_1R_EXHAUSTION_CONFIRM_V1,PAXG,PAXGUSDT,strategy-lab-v1.0.0:SIE_OLD_MR_1R_EXHAUSTION_CONFIRM_V1,1789855200000,2026-09-19T22:00:00+00:00,4363.92,4366.19,4363.37,4366.19,60.64209274673004,4365.235,4361.666978138809,4336.8019,2.708571428571434,0.0006203512509926123,53.25721961047762,1.5,False,RSI_NOT_BELOW_34|CLOSE_NOT_NEAR_OR_BELOW_LOWER_BB
2026-09-20T00:05:48.912827+00:00,SIE_OLD_MR_1R_EXHAUSTION_CONFIRM_V1,PAXG,PAXGUSDT,strategy-lab-v1.0.0:SIE_OLD_MR_1R_EXHAUSTION_CONFIRM_V1,1789858800000,2026-09-19T23:00:00+00:00,4366.19,4366.21,4364.62,4365.73,54.818123803444124,4365.12,4361.778670922831,4336.77135,2.5692857142856673,0.0005885122795696637,60.64209274673004,1.5,False,RSI_NOT_BELOW_34|CLOSE_NOT_NEAR_OR_BELOW_LOWER_BB|RSI_RECOVERY_NOT_CONFIRMED
2026-09-20T00:05:48.912827+00:00,SIE_OLD_MR_1R_EXHAUSTION_CONFIRM_V1,PAXG,PAXGUSDT,strategy-lab-v1.0.0:SIE_OLD_MR_1R_EXHAUSTION_CONFIRM_V1,1789862400000,2026-09-20T00:00:00+00:00,4365.77,4365.77,4364.04,4364.04,48.56304985337301,4364.8695,4362.030877270237,4336.77075,2.4557142857142935,0.0005627158059308104,54.818123803444124,1.5000000000001852,False,RSI_NOT_BELOW_34|CLOSE_NOT_NEAR_OR_BELOW_LOWER_BB|RSI_RECOVERY_NOT_CONFIRMED
2026-09-20T04:48:56.433424+00:00,SIE_OLD_MR_1R_EXHAUSTION_CONFIRM_V1,BTC,BTCUSDT,strategy-lab-v1.0.0:SIE_OLD_MR_1R_EXHAUSTION_CONFIRM_V1,1789866000000,2026-09-20T01:00:00+00:00,81261.98,81281.78,81000.0,81071.71,43.78175695443737,81298.9375,80909.71463808129,77744.47125,277.9028571428581,0.003427864752610474,52.353348715112524,1.4999999999999738,False,PLANNED_REWARD_TOO_LOW|RSI_NOT_BELOW_34|CLOSE_NOT_NEAR_OR_BELOW_LOWER_BB|RSI_RECOVERY_NOT_CONFIRMED
2026-09-20T04:48:56.433424+00:00,SIE_OLD_MR_1R_EXHAUSTION_CONFIRM_V1,BTC,BTCUSDT,strategy-lab-v1.0.0:SIE_OLD_MR_1R_EXHAUSTION_CONFIRM_V1,1789869600000,2026-09-20T02:00:00+00:00,81071.71,81131.5,80220.45,80305.44,29.16830837249229,81263.052,80689.86872453816,77760.82854999999,331.47714285714443,0.004127704709134828,43.78175695443737,1.500000000000022,False,RSI_RECOVERY_NOT_CONFIRMED
2026-09-20T04:48:56.433424+00:00,SIE_OLD_MR_1R_EXHAUSTION_CONFIRM_V1,BTC,BTCUSDT,strategy-lab-v1.0.0:SIE_OLD_MR_1R_EXHAUSTION_CONFIRM_V1,1789873200000,2026-09-20T03:00:00+00:00,80303.45,80498.62,80085.0,80458.82,33.05200354373633,81232.33550000002,80563.8219834395,77776.83585,347.44214285714406,0.004318260482283285,29.16830837249229,1.4999999999999791,False,PLANNED_REWARD_TOO_LOW
2026-09-20T04:48:56.433424+00:00,SIE_OLD_MR_1R_EXHAUSTION_CONFIRM_V1,BTC,BTCUSDT,strategy-lab-v1.0.0:SIE_OLD_MR_1R_EXHAUSTION_CONFIRM_V1,1789876800000,2026-09-20T04:00:00+00:00,80459.85,80500.0,80304.0,80331.85,25.004904845988094,81184.0455,80410.1564538286,77791.9653,340.0078571428582,0.0042325411047157285,33.05200354373633,1.5,False,RSI_RECOVERY_NOT_CONFIRMED
2026-09-20T04:48:56.433424+00:00,SIE_OLD_MR_1R_EXHAUSTION_CONFIRM_V1,SOL,SOLUSDT,strategy-lab-v1.0.0:SIE_OLD_MR_1R_EXHAUSTION_CONFIRM_V1,1789866000000,2026-09-20T01:00:00+00:00,110.9,110.96,109.68,110.12,27.877237851662514,111.36449999999999,110.314729072606,102.8167,0.779285714285711,0.007076695552903296,40.117994100294965,1.500000000000009,False,RSI_RECOVERY_NOT_CONFIRMED
2026-09-20T04:48:56.433424+00:00,SIE_OLD_MR_1R_EXHAUSTION_CONFIRM_V1,SOL,SOLUSDT,strategy-lab-v1.0.0:SIE_OLD_MR_1R_EXHAUSTION_CONFIRM_V1,1789869600000,2026-09-20T02:00:00+00:00,110.12,110.47,107.34,107.62,17.30158730158736,111.15599999999999,109.23345585226201,102.8495,0.9728571428571391,0.00903974301112376,27.877237851662514,1.4999999999999927,False,PLANNED_REWARD_TOO_LOW|RSI_RECOVERY_NOT_CONFIRMED
2026-09-20T04:48:56.433424+00:00,SIE_OLD_MR_1R_EXHAUSTION_CONFIRM_V1,SOL,SOLUSDT,strategy-lab-v1.0.0:SIE_OLD_MR_1R_EXHAUSTION_CONFIRM_V1,1789873200000,2026-09-20T03:00:00+00:00,107.62,109.05,107.35,108.86,31.571815718157183,111.021,108.86578400154382,102.88385,1.0549999999999966,0.009691346683814042,17.30158730158736,1.5000000000000067,True,
2026-09-20T04:48:56.433424+00:00,SIE_OLD_MR_1R_EXHAUSTION_CONFIRM_V1,SOL,SOLUSDT,strategy-lab-v1.0.0:SIE_OLD_MR_1R_EXHAUSTION_CONFIRM_V1,1789876800000,2026-09-20T04:00:00+00:00,108.87,109.18,108.55,108.85,29.81969486823847,110.85350000000001,108.57372566906253,102.91584999999999,1.047142857142855,0.009620053809305053,31.571815718157183,1.5,False,OPEN_TRADE_EXISTS|CLOSE_NOT_NEAR_OR_BELOW_LOWER_BB|RSI_RECOVERY_NOT_CONFIRMED
2026-09-20T04:48:56.433424+00:00,SIE_OLD_MR_1R_EXHAUSTION_CONFIRM_V1,XRP,XRPUSDT,strategy-lab-v1.0.0:SIE_OLD_MR_1R_EXHAUSTION_CONFIRM_V1,1789866000000,2026-09-20T01:00:00+00:00,1.4059,1.4062,1.3952,1.3999,26.09308885754581,1.42178,1.3992634638543147,1.357868,0.015028571428571438,0.010735460696172183,42.52450980392157,1.5000000000000073,False,CLOSE_NOT_NEAR_OR_BELOW_LOWER_BB|RSI_RECOVERY_NOT_CONFIRMED
2026-09-20T04:48:56.433424+00:00,SIE_OLD_MR_1R_EXHAUSTION_CONFIRM_V1,XRP,XRPUSDT,strategy-lab-v1.0.0:SIE_OLD_MR_1R_EXHAUSTION_CONFIRM_V1,1789869600000,2026-09-20T02:00:00+00:00,1.3996,1.4059,1.3675,1.3703,18.463073852295395,1.419245,1.3874455361680431,1.3579605,0.01690000000000001,0.01233306575202511,26.09308885754581,1.5000000000000067,False,RSI_RECOVERY_NOT_CONFIRMED
2026-09-20T04:48:56.433424+00:00,SIE_OLD_MR_1R_EXHAUSTION_CONFIRM_V1,XRP,XRPUSDT,strategy-lab-v1.0.0:SIE_OLD_MR_1R_EXHAUSTION_CONFIRM_V1,1789873200000,2026-09-20T03:00:00+00:00,1.37,1.385,1.3656,1.382,24.70046082949291,1.4178549999999999,1.3823152490160673,1.3580655,0.016978571428571447,0.0122855075459996,18.463073852295395,1.5,True,
2026-09-20T04:48:56.433424+00:00,SIE_OLD_MR_1R_EXHAUSTION_CONFIRM_V1,XRP,XRPUSDT,strategy-lab-v1.0.0:SIE_OLD_MR_1R_EXHAUSTION_CONFIRM_V1,1789876800000,2026-09-20T04:00:00+00:00,1.3818,1.3848,1.3772,1.3791,23.369565217391226,1.416085,1.376731714241376,1.3581515,0.016235714285714305,0.011772688192092165,24.70046082949291,1.5000000000000069,False,OPEN_TRADE_EXISTS|CLOSE_NOT_NEAR_OR_BELOW_LOWER_BB|RSI_RECOVERY_NOT_CONFIRMED
2026-09-20T04:48:56.433424+00:00,SIE_OLD_MR_1R_EXHAUSTION_CONFIRM_V1,DOGE,DOGEUSDT,strategy-lab-v1.0.0:SIE_OLD_MR_1R_EXHAUSTION_CONFIRM_V1,1789866000000,2026-09-20T01:00:00+00:00,0.08754,0.08756,0.08673,0.08719,38.992537313432756,0.0882445,0.08627971527896944,0.08380744999999999,0.0011442857142857138,0.013124047646355243,49.39550949913644,1.5,False,RSI_NOT_BELOW_34|CLOSE_NOT_NEAR_OR_BELOW_LOWER_BB|RSI_RECOVERY_NOT_CONFIRMED
2026-09-20T04:48:56.433424+00:00,SIE_OLD_MR_1R_EXHAUSTION_CONFIRM_V1,DOGE,DOGEUSDT,strategy-lab-v1.0.0:SIE_OLD_MR_1R_EXHAUSTION_CONFIRM_V1,1789869600000,2026-09-20T02:00:00+00:00,0.0872,0.08749,0.0852,0.08543,22.970903522205134,0.0881615,0.08589202186615617,0.08381440000000001,0.001233571428571428,0.014439557866925296,38.992537313432756,1.4999999999999944,False,PLANNED_REWARD_TOO_LOW|RSI_RECOVERY_NOT_CONFIRMED
2026-09-20T04:48:56.433424+00:00,SIE_OLD_MR_1R_EXHAUSTION_CONFIRM_V1,DOGE,DOGEUSDT,strategy-lab-v1.0.0:SIE_OLD_MR_1R_EXHAUSTION_CONFIRM_V1,1789873200000,2026-09-20T03:00:00+00:00,0.0854,0.08611,0.08495,0.08576,27.191679049034065,0.088117,0.08570057205776889,0.08382079999999999,0.0012128571428571436,0.014142457356076766,22.970903522205134,1.5000000000000058,False,CLOSE_NOT_NEAR_OR_BELOW_LOWER_BB
2026-09-20T04:48:56.433424+00:00,SIE_OLD_MR_1R_EXHAUSTION_CONFIRM_V1,DOGE,DOGEUSDT,strategy-lab-v1.0.0:SIE_OLD_MR_1R_EXHAUSTION_CONFIRM_V1,1789876800000,2026-09-20T04:00:00+00:00,0.08572,0.08579,0.08529,0.08547,24.23357664233575,0.0880255,0.08536590247405827,0.08382629999999999,0.001167857142857143,0.013663942235370808,27.191679049034065,1.5,False,CLOSE_NOT_NEAR_OR_BELOW_LOWER_BB|RSI_RECOVERY_NOT_CONFIRMED
2026-09-20T04:48:56.433424+00:00,SIE_OLD_MR_1R_EXHAUSTION_CONFIRM_V1,BNB,BNBUSDT,strategy-lab-v1.0.0:SIE_OLD_MR_1R_EXHAUSTION_CONFIRM_V1,1789866000000,2026-09-20T01:00:00+00:00,763.2,763.98,759.32,760.44,38.05895992050359,764.5895,757.4586950664858,731.82665,4.001428571428578,0.00526199117803979,47.0431893687708,1.5000000000000142,False,RSI_NOT_BELOW_34|CLOSE_NOT_NEAR_OR_BELOW_LOWER_BB|RSI_RECOVERY_NOT_CONFIRMED
2026-09-20T04:48:56.433424+00:00,SIE_OLD_MR_1R_EXHAUSTION_CONFIRM_V1,BNB,BNBUSDT,strategy-lab-v1.0.0:SIE_OLD_MR_1R_EXHAUSTION_CONFIRM_V1,1789869600000,2026-09-20T02:00:00+00:00,761.04,762.74,746.57,748.11,16.63084363245555,763.9095,753.827076729782,731.9556,4.691428571428576,0.006271041118857622,38.05895992050359,1.5,False,RSI_RECOVERY_NOT_CONFIRMED
2026-09-20T04:48:56.433424+00:00,SIE_OLD_MR_1R_EXHAUSTION_CONFIRM_V1,BNB,BNBUSDT,strategy-lab-v1.0.0:SIE_OLD_MR_1R_EXHAUSTION_CONFIRM_V1,1789873200000,2026-09-20T03:00:00+00:00,747.74,752.62,745.92,750.05,22.8050490883588,763.3720000000001,751.6680269993548,732.0805499999999,4.842857142857148,0.006456712409648888,16.63084363245555,1.5,True,
2026-09-20T04:48:56.433424+00:00,SIE_OLD_MR_1R_EXHAUSTION_CONFIRM_V1,BNB,BNBUSDT,strategy-lab-v1.0.0:SIE_OLD_MR_1R_EXHAUSTION_CONFIRM_V1,1789876800000,2026-09-20T04:00:00+00:00,749.81,750.26,747.0,747.8,20.740149094781614,762.4694999999999,749.016087830597,732.1894,4.807142857142862,0.006428380392007037,22.8050490883588,1.5000000000000118,False,OPEN_TRADE_EXISTS|RSI_RECOVERY_NOT_CONFIRMED
2026-09-20T04:48:56.433424+00:00,SIE_OLD_MR_1R_EXHAUSTION_CONFIRM_V1,PAXG,PAXGUSDT,strategy-lab-v1.0.0:SIE_OLD_MR_1R_EXHAUSTION_CONFIRM_V1,1789866000000,2026-09-20T01:00:00+00:00,4364.25,4365.05,4362.84,4362.84,44.61111111111195,4364.6905,4361.774842440902,4336.7779,2.4621428571428754,0.0005643440642202958,47.888953152112194,1.5,False,RSI_NOT_BELOW_34|CLOSE_NOT_NEAR_OR_BELOW_LOWER_BB|RSI_RECOVERY_NOT_CONFIRMED
2026-09-20T04:48:56.433424+00:00,SIE_OLD_MR_1R_EXHAUSTION_CONFIRM_V1,PAXG,PAXGUSDT,strategy-lab-v1.0.0:SIE_OLD_MR_1R_EXHAUSTION_CONFIRM_V1,1789869600000,2026-09-20T02:00:00+00:00,4362.83,4362.85,4358.98,4359.37,31.811263318111642,4364.485500000001,4360.784611052474,4336.8214,2.5950000000000597,0.0005952694999506946,44.61111111111195,1.4999999999998248,False,PLANNED_REWARD_TOO_LOW|RSI_RECOVERY_NOT_CONFIRMED
2026-09-20T04:48:56.433424+00:00,SIE_OLD_MR_1R_EXHAUSTION_CONFIRM_V1,PAXG,PAXGUSDT,strategy-lab-v1.0.0:SIE_OLD_MR_1R_EXHAUSTION_CONFIRM_V1,1789873200000,2026-09-20T03:00:00+00:00,4359.04,4361.16,4358.13,4361.16,38.91839690970464,4364.396,4360.471108154112,4336.8592499999995,2.6807142857143327,0.0006146791875818207,31.811263318111642,1.5,False,RSI_NOT_BELOW_34|CLOSE_NOT_NEAR_OR_BELOW_LOWER_BB
2026-09-20T04:48:56.433424+00:00,SIE_OLD_MR_1R_EXHAUSTION_CONFIRM_V1,PAXG,PAXGUSDT,strategy-lab-v1.0.0:SIE_OLD_MR_1R_EXHAUSTION_CONFIRM_V1,1789876800000,2026-09-20T04:00:00+00:00,4360.58,4361.66,4358.71,4359.64,33.81597384399879,4364.2474999999995,4359.865432565339,4336.88435,2.691428571428657,0.0006173511050060685,38.91839690970464,1.5,False,RSI_RECOVERY_NOT_CONFIRMED
2026-09-20T11:14:44.391350+00:00,SIE_OLD_MR_1R_EXHAUSTION_CONFIRM_V1,BTC,BTCUSDT,strategy-lab-v1.0.0:SIE_OLD_MR_1R_EXHAUSTION_CONFIRM_V1,1789880400000,2026-09-20T05:00:00+00:00,80395.95,80613.94,80377.51,80456.01,25.31737931150839,81145.1085,80323.41141463567,77809.03465,330.29428571428645,0.004105277973818071,25.67755312763667,1.500000000000022,False,CLOSE_NOT_NEAR_OR_BELOW_LOWER_BB|RSI_RECOVERY_NOT_CONFIRMED
2026-09-20T11:14:44.391350+00:00,SIE_OLD_MR_1R_EXHAUSTION_CONFIRM_V1,BTC,BTCUSDT,strategy-lab-v1.0.0:SIE_OLD_MR_1R_EXHAUSTION_CONFIRM_V1,1789884000000,2026-09-20T06:00:00+00:00,80456.02,80573.62,80178.85,80272.5,17.459526353802644,81099.25349999999,80194.45042963816,77824.7891,326.50642857142833,0.004067475518657427,25.31737931150839,1.5000000000000222,False,CLOSE_NOT_NEAR_OR_BELOW_LOWER_BB|RSI_RECOVERY_NOT_CONFIRMED
2026-09-20T11:14:44.391350+00:00,SIE_OLD_MR_1R_EXHAUSTION_CONFIRM_V1,BTC,BTCUSDT,strategy-lab-v1.0.0:SIE_OLD_MR_1R_EXHAUSTION_CONFIRM_V1,1789887600000,2026-09-20T07:00:00+00:00,80272.5,80400.0,80254.83,80284.56,21.23539982030519,81049.4815,80082.54260403184,77840.16915,307.2028571428569,0.0038264251201333968,17.459526353802644,1.5000000000000238,False,CLOSE_NOT_NEAR_OR_BELOW_LOWER_BB
2026-09-20T11:14:44.391350+00:00,SIE_OLD_MR_1R_EXHAUSTION_CONFIRM_V1,BTC,BTCUSDT,strategy-lab-v1.0.0:SIE_OLD_MR_1R_EXHAUSTION_CONFIRM_V1,1789891200000,2026-09-20T08:00:00+00:00,80284.56,80429.01,80119.2,80228.2,20.906678460857748,80995.39199999999,79973.33727679332,77854.9546,314.047857142856,0.003914432296160901,21.23539982030519,1.500000000000023,False,CLOSE_NOT_NEAR_OR_BELOW_LOWER_BB|RSI_RECOVERY_NOT_CONFIRMED
2026-09-20T11:14:44.391350+00:00,SIE_OLD_MR_1R_EXHAUSTION_CONFIRM_V1,BTC,BTCUSDT,strategy-lab-v1.0.0:SIE_OLD_MR_1R_EXHAUSTION_CONFIRM_V1,1789894800000,2026-09-20T09:00:00+00:00,80228.2,80544.67,80219.99,80430.01,28.91186407865412,80950.7175,79911.9619933094,77870.85455,325.5157142857123,0.004047192264252017,20.906678460857748,1.5000000000000224,False,CLOSE_NOT_NEAR_OR_BELOW_LOWER_BB
2026-09-20T11:14:44.391350+00:00,SIE_OLD_MR_1R_EXHAUSTION_CONFIRM_V1,BTC,BTCUSDT,strategy-lab-v1.0.0:SIE_OLD_MR_1R_EXHAUSTION_CONFIRM_V1,1789898400000,2026-09-20T10:00:00+00:00,80430.01,80483.3,80283.0,80283.01,29.871131811297772,80887.1235,79848.37521745224,77885.91614999999,313.03642857142717,0.0038991615856384457,28.91186407865412,1.5000000000000233,False,CLOSE_NOT_NEAR_OR_BELOW_LOWER_BB|RSI_RECOVERY_NOT_CONFIRMED
2026-09-20T11:14:44.391350+00:00,SIE_OLD_MR_1R_EXHAUSTION_CONFIRM_V1,BTC,BTCUSDT,strategy-lab-v1.0.0:SIE_OLD_MR_1R_EXHAUSTION_CONFIRM_V1,1789902000000,2026-09-20T11:00:00+00:00,80283.01,80386.46,80241.84,80327.51,32.29985094003925,80822.1765,79814.48693350848,77901.25755000001,299.76642857142826,0.0037318028228614116,29.871131811297772,1.5,False,CLOSE_NOT_NEAR_OR_BELOW_LOWER_BB
2026-09-20T11:14:44.391350+00:00,SIE_OLD_MR_1R_EXHAUSTION_CONFIRM_V1,SOL,SOLUSDT,strategy-lab-v1.0.0:SIE_OLD_MR_1R_EXHAUSTION_CONFIRM_V1,1789880400000,2026-09-20T05:00:00+00:00,108.98,109.21,108.56,108.72,30.55181695827723,110.70649999999998,108.30960805416652,102.9498,1.04785714285714,0.009638126773888336,31.010928961748604,1.5,False,OPEN_TRADE_EXISTS|CLOSE_NOT_NEAR_OR_BELOW_LOWER_BB|RSI_RECOVERY_NOT_CONFIRMED
2026-09-20T11:14:44.391350+00:00,SIE_OLD_MR_1R_EXHAUSTION_CONFIRM_V1,SOL,SOLUSDT,strategy-lab-v1.0.0:SIE_OLD_MR_1R_EXHAUSTION_CONFIRM_V1,1789884000000,2026-09-20T06:00:00+00:00,108.71,108.88,108.07,108.41,25.981055480378913,110.548,107.98933159631787,102.98264999999999,1.048571428571426,0.009672275883879956,30.55181695827723,1.5,False,OPEN_TRADE_EXISTS|CLOSE_NOT_NEAR_OR_BELOW_LOWER_BB|RSI_RECOVERY_NOT_CONFIRMED
2026-09-20T11:14:44.391350+00:00,SIE_OLD_MR_1R_EXHAUSTION_CONFIRM_V1,SOL,SOLUSDT,strategy-lab-v1.0.0:SIE_OLD_MR_1R_EXHAUSTION_CONFIRM_V1,1789887600000,2026-09-20T07:00:00+00:00,108.41,108.78,108.41,108.43,28.445747800586602,110.377,107.73352425772407,103.01255,0.9949999999999974,0.009176427188047565,25.981055480378913,1.500000000000007,False,OPEN_TRADE_EXISTS|CLOSE_NOT_NEAR_OR_BELOW_LOWER_BB
2026-09-20T11:14:44.391350+00:00,SIE_OLD_MR_1R_EXHAUSTION_CONFIRM_V1,SOL,SOLUSDT,strategy-lab-v1.0.0:SIE_OLD_MR_1R_EXHAUSTION_CONFIRM_V1,1789891200000,2026-09-20T08:00:00+00:00,108.43,108.68,107.67,108.03,27.873563218390885,110.19150000000002,107.43823811634252,103.0432,0.9957142857142836,0.009217016437233024,28.445747800586602,1.5,False,CLOSE_NOT_NEAR_OR_BELOW_LOWER_BB|RSI_RECOVERY_NOT_CONFIRMED
2026-09-20T11:14:44.391350+00:00,SIE_OLD_MR_1R_EXHAUSTION_CONFIRM_V1,SOL,SOLUSDT,strategy-lab-v1.0.0:SIE_OLD_MR_1R_EXHAUSTION_CONFIRM_V1,1789894800000,2026-09-20T09:00:00+00:00,108.03,108.81,108.02,108.25,29.790209790209843,110.025,107.22538216893784,103.07455,0.9921428571428562,0.009165291982843937,27.873563218390885,1.5,False,CLOSE_NOT_NEAR_OR_BELOW_LOWER_BB
2026-09-20T11:14:44.391350+00:00,SIE_OLD_MR_1R_EXHAUSTION_CONFIRM_V1,SOL,SOLUSDT,strategy-lab-v1.0.0:SIE_OLD_MR_1R_EXHAUSTION_CONFIRM_V1,1789898400000,2026-09-20T10:00:00+00:00,108.27,108.37,107.86,107.96,28.900949796472233,109.83500000000001,107.01644363192766,103.10510000000001,0.9985714285714289,0.009249457471021016,29.790209790209843,1.500000000000007,False,CLOSE_NOT_NEAR_OR_BELOW_LOWER_BB|RSI_RECOVERY_NOT_CONFIRMED
2026-09-20T11:14:44.391350+00:00,SIE_OLD_MR_1R_EXHAUSTION_CONFIRM_V1,SOL,SOLUSDT,strategy-lab-v1.0.0:SIE_OLD_MR_1R_EXHAUSTION_CONFIRM_V1,1789902000000,2026-09-20T11:00:00+00:00,107.98,108.31,107.92,108.01,31.824817518248324,109.655,106.8530970752003,103.13695,0.9450000000000003,0.008749189889825018,28.900949796472233,1.4999999999999925,False,PLANNED_REWARD_TOO_LOW|CLOSE_NOT_NEAR_OR_BELOW_LOWER_BB
2026-09-20T11:14:44.391350+00:00,SIE_OLD_MR_1R_EXHAUSTION_CONFIRM_V1,XRP,XRPUSDT,strategy-lab-v1.0.0:SIE_OLD_MR_1R_EXHAUSTION_CONFIRM_V1,1789880400000,2026-09-20T05:00:00+00:00,1.3805,1.3852,1.3781,1.382,26.413255360623637,1.41462,1.3728196842117206,1.3583064999999999,0.015785714285714292,0.011422369237130458,23.71323529411758,1.5,False,OPEN_TRADE_EXISTS|CLOSE_NOT_NEAR_OR_BELOW_LOWER_BB
2026-09-20T11:14:44.391350+00:00,SIE_OLD_MR_1R_EXHAUSTION_CONFIRM_V1,XRP,XRPUSDT,strategy-lab-v1.0.0:SIE_OLD_MR_1R_EXHAUSTION_CONFIRM_V1,1789884000000,2026-09-20T06:00:00+00:00,1.3821,1.3845,1.3772,1.3804,23.511904761904574,1.41276,1.3684220523704596,1.3584595,0.015350000000000022,0.011119965227470314,26.413255360623637,1.4999999999999927,False,OPEN_TRADE_EXISTS|PLANNED_REWARD_TOO_LOW|CLOSE_NOT_NEAR_OR_BELOW_LOWER_BB|RSI_RECOVERY_NOT_CONFIRMED
2026-09-20T11:14:44.391350+00:00,SIE_OLD_MR_1R_EXHAUSTION_CONFIRM_V1,XRP,XRPUSDT,strategy-lab-v1.0.0:SIE_OLD_MR_1R_EXHAUSTION_CONFIRM_V1,1789887600000,2026-09-20T07:00:00+00:00,1.3806,1.3844,1.3785,1.3796,24.921135646687475,1.4100499999999998,1.3645762933114103,1.3585765,0.014150000000000012,0.010256596114815898,23.511904761904574,1.5000000000000078,False,OPEN_TRADE_EXISTS|CLOSE_NOT_NEAR_OR_BELOW_LOWER_BB|RSI_RECOVERY_NOT_CONFIRMED
2026-09-20T11:14:44.391350+00:00,SIE_OLD_MR_1R_EXHAUSTION_CONFIRM_V1,XRP,XRPUSDT,strategy-lab-v1.0.0:SIE_OLD_MR_1R_EXHAUSTION_CONFIRM_V1,1789891200000,2026-09-20T08:00:00+00:00,1.3798,1.3829,1.3733,1.3766,22.012578616352044,1.4072049999999998,1.3608446516406545,1.358675,0.013542857142857159,0.009837902907785238,24.921135646687475,1.5000000000000082,False,OPEN_TRADE_EXISTS|CLOSE_NOT_NEAR_OR_BELOW_LOWER_BB|RSI_RECOVERY_NOT_CONFIRMED
2026-09-20T11:14:44.391350+00:00,SIE_OLD_MR_1R_EXHAUSTION_CONFIRM_V1,XRP,XRPUSDT,strategy-lab-v1.0.0:SIE_OLD_MR_1R_EXHAUSTION_CONFIRM_V1,1789894800000,2026-09-20T09:00:00+00:00,1.3764,1.3897,1.3764,1.3824,27.235772357723462,1.40448,1.3590236649079597,1.3587829999999999,0.013942857142857146,0.010085978835978837,22.012578616352044,1.500000000000008,False,OPEN_TRADE_EXISTS|CLOSE_NOT_NEAR_OR_BELOW_LOWER_BB
2026-09-20T11:14:44.391350+00:00,SIE_OLD_MR_1R_EXHAUSTION_CONFIRM_V1,XRP,XRPUSDT,strategy-lab-v1.0.0:SIE_OLD_MR_1R_EXHAUSTION_CONFIRM_V1,1789898400000,2026-09-20T10:00:00+00:00,1.3823,1.3837,1.3735,1.3758,24.517374517374293,1.401375,1.3570033480136265,1.358845,0.01399285714285714,0.010170705875023361,27.235772357723462,1.5,False,OPEN_TRADE_EXISTS|CLOSE_NOT_NEAR_OR_BELOW_LOWER_BB|RSI_RECOVERY_NOT_CONFIRMED
2026-09-20T11:14:44.391350+00:00,SIE_OLD_MR_1R_EXHAUSTION_CONFIRM_V1,XRP,XRPUSDT,strategy-lab-v1.0.0:SIE_OLD_MR_1R_EXHAUSTION_CONFIRM_V1,1789902000000,2026-09-20T11:00:00+00:00,1.3758,1.3799,1.3741,1.3759,30.213270142179894,1.39865,1.3550558948939213,1.358904,0.012271428571428553,0.008918837540103608,24.517374517374293,1.499999999999991,False,OPEN_TRADE_EXISTS|PLANNED_REWARD_TOO_LOW|CLOSE_NOT_NEAR_OR_BELOW_LOWER_BB
2026-09-20T11:14:44.391350+00:00,SIE_OLD_MR_1R_EXHAUSTION_CONFIRM_V1,DOGE,DOGEUSDT,strategy-lab-v1.0.0:SIE_OLD_MR_1R_EXHAUSTION_CONFIRM_V1,1789880400000,2026-09-20T05:00:00+00:00,0.08545,0.08563,0.08511,0.08535,24.12790697674413,0.08792950000000001,0.08503293323916136,0.083833,0.0011485714285714283,0.013457193070549834,24.057971014492708,1.499999999999994,False,PLANNED_REWARD_TOO_LOW|CLOSE_NOT_NEAR_OR_BELOW_LOWER_BB|RSI_RECOVERY_NOT_CONFIRMED
2026-09-20T11:14:44.391350+00:00,SIE_OLD_MR_1R_EXHAUSTION_CONFIRM_V1,DOGE,DOGEUSDT,strategy-lab-v1.0.0:SIE_OLD_MR_1R_EXHAUSTION_CONFIRM_V1,1789884000000,2026-09-20T06:00:00+00:00,0.08537,0.08557,0.08486,0.08501,14.329738058551627,0.0878,0.08463677379879413,0.08383905,0.0011171428571428563,0.013141311106256395,24.12790697674413,1.5000000000000062,False,CLOSE_NOT_NEAR_OR_BELOW_LOWER_BB|RSI_RECOVERY_NOT_CONFIRMED
2026-09-20T11:14:44.391350+00:00,SIE_OLD_MR_1R_EXHAUSTION_CONFIRM_V1,DOGE,DOGEUSDT,strategy-lab-v1.0.0:SIE_OLD_MR_1R_EXHAUSTION_CONFIRM_V1,1789887600000,2026-09-20T07:00:00+00:00,0.08502,0.08531,0.08482,0.08488,11.782945736434073,0.0876255,0.08423072474970793,0.08384205,0.0010207142857142834,0.01202538036892417,14.329738058551627,1.4999999999999931,False,PLANNED_REWARD_TOO_LOW|CLOSE_NOT_NEAR_OR_BELOW_LOWER_BB|RSI_RECOVERY_NOT_CONFIRMED
2026-09-20T11:14:44.391350+00:00,SIE_OLD_MR_1R_EXHAUSTION_CONFIRM_V1,DOGE,DOGEUSDT,strategy-lab-v1.0.0:SIE_OLD_MR_1R_EXHAUSTION_CONFIRM_V1,1789891200000,2026-09-20T08:00:00+00:00,0.08486,0.08514,0.08448,0.08475,11.6207951070336,0.08741499999999999,0.08385905005659589,0.08384474999999998,0.0009707142857142831,0.011453855878634608,11.782945736434073,1.500000000000007,False,CLOSE_NOT_NEAR_OR_BELOW_LOWER_BB|RSI_RECOVERY_NOT_CONFIRMED
2026-09-20T11:14:44.391350+00:00,SIE_OLD_MR_1R_EXHAUSTION_CONFIRM_V1,DOGE,DOGEUSDT,strategy-lab-v1.0.0:SIE_OLD_MR_1R_EXHAUSTION_CONFIRM_V1,1789894800000,2026-09-20T09:00:00+00:00,0.08475,0.0854,0.08475,0.08494,15.397082658022612,0.0872205,0.083571097446157,0.0838474,0.0009414285714285682,0.011083453866594869,11.6207951070336,1.5,False,CLOSE_NOT_NEAR_OR_BELOW_LOWER_BB
2026-09-20T11:14:44.391350+00:00,SIE_OLD_MR_1R_EXHAUSTION_CONFIRM_V1,DOGE,DOGEUSDT,strategy-lab-v1.0.0:SIE_OLD_MR_1R_EXHAUSTION_CONFIRM_V1,1789898400000,2026-09-20T10:00:00+00:00,0.085,0.08504,0.08435,0.08466,15.224358974358893,0.0870035,0.08328762984618729,0.08384835,0.0009335714285714265,0.01102730248725994,15.397082658022612,1.5,False,CLOSE_NOT_NEAR_OR_BELOW_LOWER_BB|RSI_RECOVERY_NOT_CONFIRMED
2026-09-20T11:14:44.391350+00:00,SIE_OLD_MR_1R_EXHAUSTION_CONFIRM_V1,DOGE,DOGEUSDT,strategy-lab-v1.0.0:SIE_OLD_MR_1R_EXHAUSTION_CONFIRM_V1,1789902000000,2026-09-20T11:00:00+00:00,0.08466,0.08498,0.08462,0.08466,20.697167755991202,0.086791,0.0830495409263235,0.0838495,0.0007907142857142835,0.009339880530525436,15.224358974358893,1.5,False,CLOSE_NOT_NEAR_OR_BELOW_LOWER_BB
2026-09-20T11:14:44.391350+00:00,SIE_OLD_MR_1R_EXHAUSTION_CONFIRM_V1,BNB,BNBUSDT,strategy-lab-v1.0.0:SIE_OLD_MR_1R_EXHAUSTION_CONFIRM_V1,1789880400000,2026-09-20T05:00:00+00:00,748.98,751.22,748.69,751.07,27.905670971364557,761.751,747.7777557095593,732.3335000000001,4.646428571428577,0.006186412147241371,21.377607025246917,1.5000000000000122,False,OPEN_TRADE_EXISTS|CLOSE_NOT_NEAR_OR_BELOW_LOWER_BB
2026-09-20T11:14:44.391350+00:00,SIE_OLD_MR_1R_EXHAUSTION_CONFIRM_V1,BNB,BNBUSDT,strategy-lab-v1.0.0:SIE_OLD_MR_1R_EXHAUSTION_CONFIRM_V1,1789884000000,2026-09-20T06:00:00+00:00,751.14,753.23,749.89,751.63,26.27045650301463,761.0835,746.5277117698721,732.47085,4.6157142857142945,0.006140939405976736,27.905670971364557,1.4999999999999878,False,OPEN_TRADE_EXISTS|PLANNED_REWARD_TOO_LOW|CLOSE_NOT_NEAR_OR_BELOW_LOWER_BB|RSI_RECOVERY_NOT_CONFIRMED
2026-09-20T11:14:44.391350+00:00,SIE_OLD_MR_1R_EXHAUSTION_CONFIRM_V1,BNB,BNBUSDT,strategy-lab-v1.0.0:SIE_OLD_MR_1R_EXHAUSTION_CONFIRM_V1,1789887600000,2026-09-20T07:00:00+00:00,751.99,751.99,747.54,747.54,27.452745274527345,760.0780000000001,744.7193430274546,732.57505,4.440000000000014,0.005939481499317781,26.27045650301463,1.5,False,OPEN_TRADE_EXISTS|CLOSE_NOT_NEAR_OR_BELOW_LOWER_BB|RSI_RECOVERY_NOT_CONFIRMED
2026-09-20T11:14:44.391350+00:00,SIE_OLD_MR_1R_EXHAUSTION_CONFIRM_V1,BNB,BNBUSDT,strategy-lab-v1.0.0:SIE_OLD_MR_1R_EXHAUSTION_CONFIRM_V1,1789891200000,2026-09-20T08:00:00+00:00,747.62,750.68,747.62,749.17,29.070108536227508,758.889,744.0265413877678,732.6872999999999,4.475714285714299,0.0059742305294049405,27.452745274527345,1.5,False,OPEN_TRADE_EXISTS|CLOSE_NOT_NEAR_OR_BELOW_LOWER_BB
2026-09-20T11:14:44.391350+00:00,SIE_OLD_MR_1R_EXHAUSTION_CONFIRM_V1,BNB,BNBUSDT,strategy-lab-v1.0.0:SIE_OLD_MR_1R_EXHAUSTION_CONFIRM_V1,1789894800000,2026-09-20T09:00:00+00:00,749.28,752.85,749.28,750.47,32.120343839541576,757.9404999999999,743.4765704163664,732.7902499999999,4.637142857142878,0.006178984978937037,29.070108536227508,1.5,False,OPEN_TRADE_EXISTS|CLOSE_NOT_NEAR_OR_BELOW_LOWER_BB
2026-09-20T11:14:44.391350+00:00,SIE_OLD_MR_1R_EXHAUSTION_CONFIRM_V1,BNB,BNBUSDT,strategy-lab-v1.0.0:SIE_OLD_MR_1R_EXHAUSTION_CONFIRM_V1,1789898400000,2026-09-20T10:00:00+00:00,750.47,751.24,747.89,748.72,31.613085166384735,756.8875,742.9684915942154,732.87555,4.693571428571447,0.006268793979820823,32.120343839541576,1.5,False,OPEN_TRADE_EXISTS|CLOSE_NOT_NEAR_OR_BELOW_LOWER_BB|RSI_RECOVERY_NOT_CONFIRMED
2026-09-20T11:14:44.391350+00:00,SIE_OLD_MR_1R_EXHAUSTION_CONFIRM_V1,BNB,BNBUSDT,strategy-lab-v1.0.0:SIE_OLD_MR_1R_EXHAUSTION_CONFIRM_V1,1789902000000,2026-09-20T11:00:00+00:00,748.72,750.11,748.17,749.0,34.24739195230994,755.997,742.4574961686072,732.9528999999999,4.402142857142882,0.005877360289910389,31.613085166384735,1.4999999999999871,False,OPEN_TRADE_EXISTS|PLANNED_REWARD_TOO_LOW|RSI_NOT_BELOW_34|CLOSE_NOT_NEAR_OR_BELOW_LOWER_BB
2026-09-20T11:14:44.391350+00:00,SIE_OLD_MR_1R_EXHAUSTION_CONFIRM_V1,PAXG,PAXGUSDT,strategy-lab-v1.0.0:SIE_OLD_MR_1R_EXHAUSTION_CONFIRM_V1,1789880400000,2026-09-20T05:00:00+00:00,4360.61,4361.51,4360.25,4361.39,38.320209973754785,4364.1095000000005,4359.567339830813,4336.9222,2.650000000000091,0.0006076044563774601,33.92689784442382,1.5,False,RSI_NOT_BELOW_34|CLOSE_NOT_NEAR_OR_BELOW_LOWER_BB
2026-09-20T11:14:44.391350+00:00,SIE_OLD_MR_1R_EXHAUSTION_CONFIRM_V1,PAXG,PAXGUSDT,strategy-lab-v1.0.0:SIE_OLD_MR_1R_EXHAUSTION_CONFIRM_V1,1789884000000,2026-09-20T06:00:00+00:00,4360.41,4361.92,4360.12,4361.1,35.61521252796524,4363.938,4359.216811166395,4336.968349999999,2.5585714285715375,0.0005866802936349859,38.320209973754785,1.5,False,RSI_NOT_BELOW_34|CLOSE_NOT_NEAR_OR_BELOW_LOWER_BB|RSI_RECOVERY_NOT_CONFIRMED
2026-09-20T11:14:44.391350+00:00,SIE_OLD_MR_1R_EXHAUSTION_CONFIRM_V1,PAXG,PAXGUSDT,strategy-lab-v1.0.0:SIE_OLD_MR_1R_EXHAUSTION_CONFIRM_V1,1789887600000,2026-09-20T07:00:00+00:00,4361.01,4361.25,4359.86,4359.86,39.87975951903819,4363.692,4358.668875075957,4336.990099999999,2.3242857142858417,0.0005331101719518154,35.61521252796524,1.4999999999998044,False,PLANNED_REWARD_TOO_LOW|RSI_NOT_BELOW_34|CLOSE_NOT_NEAR_OR_BELOW_LOWER_BB|RSI_RECOVERY_NOT_CONFIRMED
2026-09-20T11:14:44.391350+00:00,SIE_OLD_MR_1R_EXHAUSTION_CONFIRM_V1,PAXG,PAXGUSDT,strategy-lab-v1.0.0:SIE_OLD_MR_1R_EXHAUSTION_CONFIRM_V1,1789891200000,2026-09-20T08:00:00+00:00,4359.86,4362.06,4359.67,4361.17,40.029985007496904,4363.4235,4358.464337671285,4337.012650000001,2.372857142857291,0.0005440872845720967,39.87975951903819,1.5000000000001916,False,RSI_NOT_BELOW_34|CLOSE_NOT_NEAR_OR_BELOW_LOWER_BB
2026-09-20T11:14:44.391350+00:00,SIE_OLD_MR_1R_EXHAUSTION_CONFIRM_V1,PAXG,PAXGUSDT,strategy-lab-v1.0.0:SIE_OLD_MR_1R_EXHAUSTION_CONFIRM_V1,1789894800000,2026-09-20T09:00:00+00:00,4361.28,4362.63,4360.69,4361.92,45.553822152886134,4363.232,4358.351817216278,4337.0428,2.341428571428748,0.0005367885177694107,40.029985007496904,1.5000000000001943,False,RSI_NOT_BELOW_34|CLOSE_NOT_NEAR_OR_BELOW_LOWER_BB
2026-09-20T11:14:44.391350+00:00,SIE_OLD_MR_1R_EXHAUSTION_CONFIRM_V1,PAXG,PAXGUSDT,strategy-lab-v1.0.0:SIE_OLD_MR_1R_EXHAUSTION_CONFIRM_V1,1789898400000,2026-09-20T10:00:00+00:00,4362.39,4362.39,4359.89,4360.4,43.6254980079674,4362.9235,4358.147404209238,4337.0653,2.3950000000001768,0.0005492615356389728,45.553822152886134,1.5,False,RSI_NOT_BELOW_34|CLOSE_NOT_NEAR_OR_BELOW_LOWER_BB|RSI_RECOVERY_NOT_CONFIRMED
2026-09-20T11:14:44.391350+00:00,SIE_OLD_MR_1R_EXHAUSTION_CONFIRM_V1,PAXG,PAXGUSDT,strategy-lab-v1.0.0:SIE_OLD_MR_1R_EXHAUSTION_CONFIRM_V1,1789902000000,2026-09-20T11:00:00+00:00,4359.26,4360.29,4359.26,4359.87,39.69465648854944,4362.580499999999,4357.964508340287,4337.094150000001,2.300000000000117,0.0005275386651437124,43.6254980079674,1.4999999999998024,False,PLANNED_REWARD_TOO_LOW|RSI_NOT_BELOW_34|CLOSE_NOT_NEAR_OR_BELOW_LOWER_BB|RSI_RECOVERY_NOT_CONFIRMED
2026-09-20T15:58:48.128540+00:00,SIE_OLD_MR_1R_EXHAUSTION_CONFIRM_V1,BTC,BTCUSDT,strategy-lab-v1.0.0:SIE_OLD_MR_1R_EXHAUSTION_CONFIRM_V1,1789905600000,2026-09-20T12:00:00+00:00,80437.36,80494.15,80285.78,80451.14,30.79883416314813,80759.8395,79859.41609989115,77918.05685,299.0199999999989,0.003716790091476627,35.86100393135828,1.4999999999999756,False,PLANNED_REWARD_TOO_LOW|CLOSE_NOT_NEAR_OR_BELOW_LOWER_BB|RSI_RECOVERY_NOT_CONFIRMED
2026-09-20T15:58:48.128540+00:00,SIE_OLD_MR_1R_EXHAUSTION_CONFIRM_V1,BTC,BTCUSDT,strategy-lab-v1.0.0:SIE_OLD_MR_1R_EXHAUSTION_CONFIRM_V1,1789909200000,2026-09-20T13:00:00+00:00,80451.15,80614.9,80388.0,80522.05,33.0836573101526,80714.087,79864.40379625373,77934.6671,304.1185714285696,0.0037768359279050845,30.79883416314813,1.500000000000024,False,CLOSE_NOT_NEAR_OR_BELOW_LOWER_BB
2026-09-20T15:58:48.128540+00:00,SIE_OLD_MR_1R_EXHAUSTION_CONFIRM_V1,BTC,BTCUSDT,strategy-lab-v1.0.0:SIE_OLD_MR_1R_EXHAUSTION_CONFIRM_V1,1789912800000,2026-09-20T14:00:00+00:00,80522.05,80746.18,80377.5,80639.59,35.764145520243034,80675.4545,79888.29625363307,77951.46974999999,321.07857142856875,0.003981649353978223,33.0836573101526,1.5,False,RSI_NOT_BELOW_34|CLOSE_NOT_NEAR_OR_BELOW_LOWER_BB
2026-09-20T15:58:48.128540+00:00,SIE_OLD_MR_1R_EXHAUSTION_CONFIRM_V1,BTC,BTCUSDT,strategy-lab-v1.0.0:SIE_OLD_MR_1R_EXHAUSTION_CONFIRM_V1,1789916400000,2026-09-20T15:00:00+00:00,80639.59,80918.95,80628.06,80916.02,46.58027104794952,80654.00450000001,79919.36958725529,77969.76484999999,321.72928571428304,0.003976088859959783,35.764145520243034,1.4999999999999774,False,PLANNED_REWARD_TOO_LOW|RSI_NOT_BELOW_34|CLOSE_NOT_NEAR_OR_BELOW_LOWER_BB
2026-09-20T15:58:48.128540+00:00,SIE_OLD_MR_1R_EXHAUSTION_CONFIRM_V1,SOL,SOLUSDT,strategy-lab-v1.0.0:SIE_OLD_MR_1R_EXHAUSTION_CONFIRM_V1,1789905600000,2026-09-20T12:00:00+00:00,108.42,108.81,108.08,108.35,34.257975034674075,109.495,106.88921796767242,103.1728,0.9657142857142864,0.00891291449667085,35.67493112947666,1.5,False,RSI_NOT_BELOW_34|CLOSE_NOT_NEAR_OR_BELOW_LOWER_BB|RSI_RECOVERY_NOT_CONFIRMED
2026-09-20T15:58:48.128540+00:00,SIE_OLD_MR_1R_EXHAUSTION_CONFIRM_V1,SOL,SOLUSDT,strategy-lab-v1.0.0:SIE_OLD_MR_1R_EXHAUSTION_CONFIRM_V1,1789909200000,2026-09-20T13:00:00+00:00,108.34,108.54,107.9,108.2,29.64028776978428,109.3365,106.82216291042724,103.20559999999999,0.9685714285714297,0.008951676789015062,34.257975034674075,1.4999999999999927,False,PLANNED_REWARD_TOO_LOW|CLOSE_NOT_NEAR_OR_BELOW_LOWER_BB|RSI_RECOVERY_NOT_CONFIRMED
2026-09-20T15:58:48.128540+00:00,SIE_OLD_MR_1R_EXHAUSTION_CONFIRM_V1,SOL,SOLUSDT,strategy-lab-v1.0.0:SIE_OLD_MR_1R_EXHAUSTION_CONFIRM_V1,1789912800000,2026-09-20T14:00:00+00:00,108.19,108.61,107.89,108.11,29.768786127167743,109.1865,106.75674877816654,103.23774999999999,0.980000000000001,0.009064841365276117,29.64028776978428,1.4999999999999927,False,PLANNED_REWARD_TOO_LOW|CLOSE_NOT_NEAR_OR_BELOW_LOWER_BB|RSI_RECOVERY_NOT_CONFIRMED
2026-09-20T15:58:48.128540+00:00,SIE_OLD_MR_1R_EXHAUSTION_CONFIRM_V1,SOL,SOLUSDT,strategy-lab-v1.0.0:SIE_OLD_MR_1R_EXHAUSTION_CONFIRM_V1,1789916400000,2026-09-20T15:00:00+00:00,108.11,108.61,108.0,108.6,38.519637462235636,109.0595,106.79129828939287,103.2725,0.9321428571428589,0.008583267561168131,29.768786127167743,1.5000000000000075,False,RSI_NOT_BELOW_34|CLOSE_NOT_NEAR_OR_BELOW_LOWER_BB
2026-09-20T15:58:48.128540+00:00,SIE_OLD_MR_1R_EXHAUSTION_CONFIRM_V1,XRP,XRPUSDT,strategy-lab-v1.0.0:SIE_OLD_MR_1R_EXHAUSTION_CONFIRM_V1,1789905600000,2026-09-20T12:00:00+00:00,1.38,1.3835,1.373,1.3794,27.87878787878772,1.396135,1.3552913334163075,1.3590055,0.01161428571428572,0.008419809855216558,33.446327683615635,1.5,False,OPEN_TRADE_EXISTS|CLOSE_NOT_NEAR_OR_BELOW_LOWER_BB|RSI_RECOVERY_NOT_CONFIRMED
2026-09-20T15:58:48.128540+00:00,SIE_OLD_MR_1R_EXHAUSTION_CONFIRM_V1,XRP,XRPUSDT,strategy-lab-v1.0.0:SIE_OLD_MR_1R_EXHAUSTION_CONFIRM_V1,1789909200000,2026-09-20T13:00:00+00:00,1.3793,1.3831,1.374,1.377,29.150823827629765,1.3936199999999999,1.3546086888197817,1.3590720000000003,0.011728571428571422,0.00851748106650067,27.87878787878772,1.5000000000000095,False,OPEN_TRADE_EXISTS|CLOSE_NOT_NEAR_OR_BELOW_LOWER_BB|RSI_RECOVERY_NOT_CONFIRMED
2026-09-20T15:58:48.128540+00:00,SIE_OLD_MR_1R_EXHAUSTION_CONFIRM_V1,XRP,XRPUSDT,strategy-lab-v1.0.0:SIE_OLD_MR_1R_EXHAUSTION_CONFIRM_V1,1789912800000,2026-09-20T14:00:00+00:00,1.377,1.3836,1.3736,1.3787,32.45729303547952,1.391055,1.3553424545852606,1.3591505000000002,0.011921428571428559,0.008646861950698888,29.150823827629765,1.5,False,OPEN_TRADE_EXISTS|CLOSE_NOT_NEAR_OR_BELOW_LOWER_BB
2026-09-20T15:58:48.128540+00:00,SIE_OLD_MR_1R_EXHAUSTION_CONFIRM_V1,XRP,XRPUSDT,strategy-lab-v1.0.0:SIE_OLD_MR_1R_EXHAUSTION_CONFIRM_V1,1789916400000,2026-09-20T15:00:00+00:00,1.379,1.3905,1.379,1.3901,44.02439024390235,1.3892,1.357569129003459,1.3592555000000002,0.011978571428571425,0.008617057354558252,32.45729303547952,1.4999999999999907,False,OPEN_TRADE_EXISTS|PLANNED_REWARD_TOO_LOW|RSI_NOT_BELOW_34|CLOSE_NOT_NEAR_OR_BELOW_LOWER_BB
2026-09-20T15:58:48.128540+00:00,SIE_OLD_MR_1R_EXHAUSTION_CONFIRM_V1,DOGE,DOGEUSDT,strategy-lab-v1.0.0:SIE_OLD_MR_1R_EXHAUSTION_CONFIRM_V1,1789905600000,2026-09-20T12:00:00+00:00,0.08508,0.08542,0.08477,0.08511,21.041214750542323,0.086587,0.08306127113918323,0.08385545,0.0007699999999999979,0.009047115497591327,27.777777777777814,1.5,False,CLOSE_NOT_NEAR_OR_BELOW_LOWER_BB|RSI_RECOVERY_NOT_CONFIRMED
2026-09-20T15:58:48.128540+00:00,SIE_OLD_MR_1R_EXHAUSTION_CONFIRM_V1,DOGE,DOGEUSDT,strategy-lab-v1.0.0:SIE_OLD_MR_1R_EXHAUSTION_CONFIRM_V1,1789909200000,2026-09-20T13:00:00+00:00,0.08514,0.0852,0.08473,0.08491,20.59447983014863,0.086342,0.08307464877921021,0.0838581,0.0007707142857142843,0.00907683766004339,21.041214750542323,1.500000000000009,False,CLOSE_NOT_NEAR_OR_BELOW_LOWER_BB|RSI_RECOVERY_NOT_CONFIRMED
2026-09-20T15:58:48.128540+00:00,SIE_OLD_MR_1R_EXHAUSTION_CONFIRM_V1,DOGE,DOGEUSDT,strategy-lab-v1.0.0:SIE_OLD_MR_1R_EXHAUSTION_CONFIRM_V1,1789912800000,2026-09-20T14:00:00+00:00,0.08492,0.08537,0.08477,0.08508,24.10147991543346,0.0861075,0.08320510185363952,0.08386144999999999,0.0007778571428571417,0.00914265565182348,20.59447983014863,1.5,False,CLOSE_NOT_NEAR_OR_BELOW_LOWER_BB
2026-09-20T15:58:48.128540+00:00,SIE_OLD_MR_1R_EXHAUSTION_CONFIRM_V1,DOGE,DOGEUSDT,strategy-lab-v1.0.0:SIE_OLD_MR_1R_EXHAUSTION_CONFIRM_V1,1789916400000,2026-09-20T15:00:00+00:00,0.08515,0.08579,0.08515,0.08579,36.274509803921596,0.0859365,0.08340628044430985,0.08386664999999999,0.0007692857142857135,0.008967079080145861,24.10147991543346,1.499999999999991,False,PLANNED_REWARD_TOO_LOW|RSI_NOT_BELOW_34|CLOSE_NOT_NEAR_OR_BELOW_LOWER_BB
2026-09-20T15:58:48.128540+00:00,SIE_OLD_MR_1R_EXHAUSTION_CONFIRM_V1,BNB,BNBUSDT,strategy-lab-v1.0.0:SIE_OLD_MR_1R_EXHAUSTION_CONFIRM_V1,1789905600000,2026-09-20T12:00:00+00:00,752.08,753.67,751.01,752.25,37.054833239118274,755.3745,743.2213564148904,733.0654499999999,4.504285714285735,0.005987751032616464,40.394487976222656,1.5,False,OPEN_TRADE_EXISTS|RSI_NOT_BELOW_34|CLOSE_NOT_NEAR_OR_BELOW_LOWER_BB|RSI_RECOVERY_NOT_CONFIRMED
2026-09-20T15:58:48.128540+00:00,SIE_OLD_MR_1R_EXHAUSTION_CONFIRM_V1,BNB,BNBUSDT,strategy-lab-v1.0.0:SIE_OLD_MR_1R_EXHAUSTION_CONFIRM_V1,1789909200000,2026-09-20T13:00:00+00:00,752.61,753.68,749.54,751.77,35.933539847930234,754.8345,743.0541800128228,733.1602500000001,4.655000000000014,0.0061920534205940824,37.054833239118274,1.5,False,OPEN_TRADE_EXISTS|RSI_NOT_BELOW_34|CLOSE_NOT_NEAR_OR_BELOW_LOWER_BB|RSI_RECOVERY_NOT_CONFIRMED
2026-09-20T15:58:48.128540+00:00,SIE_OLD_MR_1R_EXHAUSTION_CONFIRM_V1,BNB,BNBUSDT,strategy-lab-v1.0.0:SIE_OLD_MR_1R_EXHAUSTION_CONFIRM_V1,1789912800000,2026-09-20T14:00:00+00:00,751.78,754.79,751.57,753.1,35.73446327683621,754.3174999999999,743.2045546208358,733.2678500000001,4.713571428571429,0.006258891818578447,35.933539847930234,1.5,False,OPEN_TRADE_EXISTS|RSI_NOT_BELOW_34|CLOSE_NOT_NEAR_OR_BELOW_LOWER_BB|RSI_RECOVERY_NOT_CONFIRMED
2026-09-20T15:58:48.128540+00:00,SIE_OLD_MR_1R_EXHAUSTION_CONFIRM_V1,BNB,BNBUSDT,strategy-lab-v1.0.0:SIE_OLD_MR_1R_EXHAUSTION_CONFIRM_V1,1789916400000,2026-09-20T15:00:00+00:00,753.54,756.6,753.54,756.49,44.51845684152092,753.9945,743.5484395463992,733.38305,4.630714285714289,0.0061213159271296235,35.73446327683621,1.5,False,OPEN_TRADE_EXISTS|RSI_NOT_BELOW_34|CLOSE_NOT_NEAR_OR_BELOW_LOWER_BB
2026-09-20T15:58:48.128540+00:00,SIE_OLD_MR_1R_EXHAUSTION_CONFIRM_V1,PAXG,PAXGUSDT,strategy-lab-v1.0.0:SIE_OLD_MR_1R_EXHAUSTION_CONFIRM_V1,1789905600000,2026-09-20T12:00:00+00:00,4358.82,4359.92,4358.38,4359.71,33.22981366459872,4362.137,4357.820987488207,4337.108450000001,2.25000000000013,0.0005160893729170358,37.68115942028941,1.5,False,CLOSE_NOT_NEAR_OR_BELOW_LOWER_BB|RSI_RECOVERY_NOT_CONFIRMED
2026-09-20T15:58:48.128540+00:00,SIE_OLD_MR_1R_EXHAUSTION_CONFIRM_V1,PAXG,PAXGUSDT,strategy-lab-v1.0.0:SIE_OLD_MR_1R_EXHAUSTION_CONFIRM_V1,1789909200000,2026-09-20T13:00:00+00:00,4360.2,4360.2,4358.49,4358.93,32.68839103869948,4361.8885,4357.436950718912,4337.13,2.2585714285715506,0.000518148130062091,33.22981366459872,1.5000000000002014,False,CLOSE_NOT_NEAR_OR_BELOW_LOWER_BB|RSI_RECOVERY_NOT_CONFIRMED
2026-09-20T15:58:48.128540+00:00,SIE_OLD_MR_1R_EXHAUSTION_CONFIRM_V1,PAXG,PAXGUSDT,strategy-lab-v1.0.0:SIE_OLD_MR_1R_EXHAUSTION_CONFIRM_V1,1789912800000,2026-09-20T14:00:00+00:00,4359.73,4360.07,4358.68,4359.79,39.20301561658619,4361.62,4357.345877867684,4337.15535,2.1600000000000494,0.0004954367068138717,32.68839103869948,1.5,False,RSI_NOT_BELOW_34|CLOSE_NOT_NEAR_OR_BELOW_LOWER_BB
2026-09-20T15:58:48.128540+00:00,SIE_OLD_MR_1R_EXHAUSTION_CONFIRM_V1,PAXG,PAXGUSDT,strategy-lab-v1.0.0:SIE_OLD_MR_1R_EXHAUSTION_CONFIRM_V1,1789916400000,2026-09-20T15:00:00+00:00,4358.86,4360.88,4358.86,4360.18,42.61111111111226,4361.4475,4357.233737429334,4337.1789499999995,2.1464285714286495,0.0004922798075833221,39.20301561658619,1.5,False,RSI_NOT_BELOW_34|CLOSE_NOT_NEAR_OR_BELOW_LOWER_BB
2026-09-20T18:43:10.679381+00:00,SIE_OLD_MR_1R_EXHAUSTION_CONFIRM_V1,BTC,BTCUSDT,strategy-lab-v1.0.0:SIE_OLD_MR_1R_EXHAUSTION_CONFIRM_V1,1789920000000,2026-09-20T16:00:00+00:00,80874.2,81472.04,80776.51,81311.99,76.40408173972355,80661.0955,79901.46245302037,77989.41205,307.92071428571114,0.003786904173489188,45.58050238752647,1.4999999999999765,False,PLANNED_REWARD_TOO_LOW|RSI_NOT_BELOW_34|CLOSE_NOT_NEAR_OR_BELOW_LOWER_BB
2026-09-20T18:43:10.679381+00:00,SIE_OLD_MR_1R_EXHAUSTION_CONFIRM_V1,BTC,BTCUSDT,strategy-lab-v1.0.0:SIE_OLD_MR_1R_EXHAUSTION_CONFIRM_V1,1789923600000,2026-09-20T17:00:00+00:00,81317.7,81437.99,81039.0,81129.33,67.32288550273066,80664.3755,79897.28676084164,78008.3786,306.8757142857118,0.003782549594403304,76.40408173972355,1.5,False,RSI_NOT_BELOW_34|CLOSE_NOT_NEAR_OR_BELOW_LOWER_BB|RSI_RECOVERY_NOT_CONFIRMED
2026-09-20T18:43:10.679381+00:00,SIE_OLD_MR_1R_EXHAUSTION_CONFIRM_V1,BTC,BTCUSDT,strategy-lab-v1.0.0:SIE_OLD_MR_1R_EXHAUSTION_CONFIRM_V1,1789927200000,2026-09-20T18:00:00+00:00,81129.33,81299.55,80987.7,81205.57,70.77369925437098,80663.0305,79899.8464312305,78027.8479,313.6378571428556,0.0038622702499699906,67.32288550273066,1.500000000000023,False,RSI_NOT_BELOW_34|CLOSE_NOT_NEAR_OR_BELOW_LOWER_BB
2026-09-20T18:43:10.679381+00:00,SIE_OLD_MR_1R_EXHAUSTION_CONFIRM_V1,SOL,SOLUSDT,strategy-lab-v1.0.0:SIE_OLD_MR_1R_EXHAUSTION_CONFIRM_V1,1789920000000,2026-09-20T16:00:00+00:00,108.77,110.69,108.48,110.31,73.0703259005144,109.0305,106.8812910757674,103.31585000000001,0.8807142857142877,0.007983993162127528,40.14705882352945,1.500000000000008,False,RSI_NOT_BELOW_34|CLOSE_NOT_NEAR_OR_BELOW_LOWER_BB
2026-09-20T18:43:10.679381+00:00,SIE_OLD_MR_1R_EXHAUSTION_CONFIRM_V1,SOL,SOLUSDT,strategy-lab-v1.0.0:SIE_OLD_MR_1R_EXHAUSTION_CONFIRM_V1,1789923600000,2026-09-20T17:00:00+00:00,110.3,110.5,109.47,109.89,60.279441117764385,109.0,106.91883686367429,103.3553,0.8328571428571446,0.007579007579007595,73.0703259005144,1.4999999999999916,False,PLANNED_REWARD_TOO_LOW|RSI_NOT_BELOW_34|CLOSE_NOT_NEAR_OR_BELOW_LOWER_BB|RSI_RECOVERY_NOT_CONFIRMED
2026-09-20T18:43:10.679381+00:00,SIE_OLD_MR_1R_EXHAUSTION_CONFIRM_V1,SOL,SOLUSDT,strategy-lab-v1.0.0:SIE_OLD_MR_1R_EXHAUSTION_CONFIRM_V1,1789927200000,2026-09-20T18:00:00+00:00,109.87,110.34,109.58,109.9,59.38775510204074,108.96399999999998,106.97322728570006,103.3942,0.8421428571428586,0.007662810347068777,60.279441117764385,1.4999999999999916,False,PLANNED_REWARD_TOO_LOW|RSI_NOT_BELOW_34|CLOSE_NOT_NEAR_OR_BELOW_LOWER_BB|RSI_RECOVERY_NOT_CONFIRMED
2026-09-20T18:43:10.679381+00:00,SIE_OLD_MR_1R_EXHAUSTION_CONFIRM_V1,XRP,XRPUSDT,strategy-lab-v1.0.0:SIE_OLD_MR_1R_EXHAUSTION_CONFIRM_V1,1789920000000,2026-09-20T16:00:00+00:00,1.3908,1.4174,1.3871,1.4102,77.51724137931048,1.3883249999999998,1.3604742639235543,1.359478,0.011464285714285705,0.008129545961059215,44.63208685162848,1.5,False,RSI_NOT_BELOW_34|CLOSE_NOT_NEAR_OR_BELOW_LOWER_BB
2026-09-20T18:43:10.679381+00:00,SIE_OLD_MR_1R_EXHAUSTION_CONFIRM_V1,XRP,XRPUSDT,strategy-lab-v1.0.0:SIE_OLD_MR_1R_EXHAUSTION_CONFIRM_V1,1789923600000,2026-09-20T17:00:00+00:00,1.4102,1.414,1.398,1.4026,65.05847953216401,1.3879899999999998,1.361008902913339,1.3596439999999999,0.011221428571428558,0.008000448147318236,77.51724137931048,1.5,False,RSI_NOT_BELOW_34|CLOSE_NOT_NEAR_OR_BELOW_LOWER_BB|RSI_RECOVERY_NOT_CONFIRMED
2026-09-20T18:43:10.679381+00:00,SIE_OLD_MR_1R_EXHAUSTION_CONFIRM_V1,XRP,XRPUSDT,strategy-lab-v1.0.0:SIE_OLD_MR_1R_EXHAUSTION_CONFIRM_V1,1789927200000,2026-09-20T18:00:00+00:00,1.4024,1.4124,1.3978,1.4071,68.43575418994426,1.3875499999999998,1.3621639802253322,1.359814,0.011699999999999997,0.008314974060123657,65.05847953216401,1.5000000000000095,False,RSI_NOT_BELOW_34|CLOSE_NOT_NEAR_OR_BELOW_LOWER_BB
2026-09-20T18:43:10.679381+00:00,SIE_OLD_MR_1R_EXHAUSTION_CONFIRM_V1,DOGE,DOGEUSDT,strategy-lab-v1.0.0:SIE_OLD_MR_1R_EXHAUSTION_CONFIRM_V1,1789920000000,2026-09-20T16:00:00+00:00,0.08581,0.08756,0.0856,0.08745,70.19999999999992,0.0858595,0.08363265043166436,0.08388010000000001,0.0007492857142857133,0.008568161398350066,36.39921722113502,1.5000000000000093,False,RSI_NOT_BELOW_34|CLOSE_NOT_NEAR_OR_BELOW_LOWER_BB
2026-09-20T18:43:10.679381+00:00,SIE_OLD_MR_1R_EXHAUSTION_CONFIRM_V1,DOGE,DOGEUSDT,strategy-lab-v1.0.0:SIE_OLD_MR_1R_EXHAUSTION_CONFIRM_V1,1789923600000,2026-09-20T17:00:00+00:00,0.08741,0.08781,0.08668,0.087,62.109374999999886,0.085842,0.0836571741488172,0.08389039999999999,0.0007471428571428559,0.008587848932676506,70.19999999999992,1.5,False,RSI_NOT_BELOW_34|CLOSE_NOT_NEAR_OR_BELOW_LOWER_BB|RSI_RECOVERY_NOT_CONFIRMED
2026-09-20T18:43:10.679381+00:00,SIE_OLD_MR_1R_EXHAUSTION_CONFIRM_V1,DOGE,DOGEUSDT,strategy-lab-v1.0.0:SIE_OLD_MR_1R_EXHAUSTION_CONFIRM_V1,1789927200000,2026-09-20T18:00:00+00:00,0.08699,0.08726,0.08659,0.08683,64.24242424242433,0.08579450000000001,0.08374303735105981,0.08389955,0.0007557142857142841,0.008703377700268158,62.109374999999886,1.499999999999991,False,PLANNED_REWARD_TOO_LOW|RSI_NOT_BELOW_34|CLOSE_NOT_NEAR_OR_BELOW_LOWER_BB|RSI_RECOVERY_NOT_CONFIRMED
2026-09-20T18:43:10.679381+00:00,SIE_OLD_MR_1R_EXHAUSTION_CONFIRM_V1,BNB,BNBUSDT,strategy-lab-v1.0.0:SIE_OLD_MR_1R_EXHAUSTION_CONFIRM_V1,1789920000000,2026-09-20T16:00:00+00:00,756.53,764.67,756.18,763.73,75.24240465416923,754.1324999999999,743.3226528687874,733.5322,4.1328571428571435,0.005411411287833585,45.708853883758735,1.5,False,RSI_NOT_BELOW_34|CLOSE_NOT_NEAR_OR_BELOW_LOWER_BB
2026-09-20T18:43:10.679381+00:00,SIE_OLD_MR_1R_EXHAUSTION_CONFIRM_V1,BNB,BNBUSDT,strategy-lab-v1.0.0:SIE_OLD_MR_1R_EXHAUSTION_CONFIRM_V1,1789923600000,2026-09-20T17:00:00+00:00,763.73,768.39,760.2,763.87,73.71310912834582,754.3475,742.9581016401135,733.6760500000001,4.239285714285708,0.005549747619733342,75.24240465416923,1.4999999999999867,False,PLANNED_REWARD_TOO_LOW|RSI_NOT_BELOW_34|CLOSE_NOT_NEAR_OR_BELOW_LOWER_BB|RSI_RECOVERY_NOT_CONFIRMED
2026-09-20T18:43:10.679381+00:00,SIE_OLD_MR_1R_EXHAUSTION_CONFIRM_V1,BNB,BNBUSDT,strategy-lab-v1.0.0:SIE_OLD_MR_1R_EXHAUSTION_CONFIRM_V1,1789927200000,2026-09-20T18:00:00+00:00,763.93,771.96,763.76,769.43,80.5481084301458,754.7484999999999,741.9190116625724,733.8339,4.592142857142854,0.005968239940141214,73.71310912834582,1.5000000000000124,False,RSI_NOT_BELOW_34|CLOSE_NOT_NEAR_OR_BELOW_LOWER_BB
2026-09-20T18:43:10.679381+00:00,SIE_OLD_MR_1R_EXHAUSTION_CONFIRM_V1,PAXG,PAXGUSDT,strategy-lab-v1.0.0:SIE_OLD_MR_1R_EXHAUSTION_CONFIRM_V1,1789920000000,2026-09-20T16:00:00+00:00,4359.23,4367.63,4358.73,4362.6,59.52802359882054,4361.4205,4357.218269758609,4337.2118,2.5057142857143453,0.0005743626015940826,42.031425364758974,1.5000000000001814,False,RSI_NOT_BELOW_34|CLOSE_NOT_NEAR_OR_BELOW_LOWER_BB
2026-09-20T18:43:10.679381+00:00,SIE_OLD_MR_1R_EXHAUSTION_CONFIRM_V1,PAXG,PAXGUSDT,strategy-lab-v1.0.0:SIE_OLD_MR_1R_EXHAUSTION_CONFIRM_V1,1789923600000,2026-09-20T17:00:00+00:00,4362.42,4366.71,4359.69,4359.81,46.239554317550606,4361.215,4357.121216908327,4337.2337,2.7907142857143947,0.0006400999781445509,59.52802359882054,1.5,False,RSI_NOT_BELOW_34|CLOSE_NOT_NEAR_OR_BELOW_LOWER_BB|RSI_RECOVERY_NOT_CONFIRMED
2026-09-20T18:43:10.679381+00:00,SIE_OLD_MR_1R_EXHAUSTION_CONFIRM_V1,PAXG,PAXGUSDT,strategy-lab-v1.0.0:SIE_OLD_MR_1R_EXHAUSTION_CONFIRM_V1,1789927200000,2026-09-20T18:00:00+00:00,4359.46,4360.69,4357.83,4359.75,50.12077294685978,4360.893,4357.454476479408,4337.25965,2.784285714285813,0.0006386342598281582,46.239554317550606,1.5,False,RSI_NOT_BELOW_34|CLOSE_NOT_NEAR_OR_BELOW_LOWER_BB|RSI_RECOVERY_NOT_CONFIRMED
2026-09-20T22:23:12.210755+00:00,SIE_OLD_MR_1R_EXHAUSTION_CONFIRM_V1,BTC,BTCUSDT,strategy-lab-v1.0.0:SIE_OLD_MR_1R_EXHAUSTION_CONFIRM_V1,1789930800000,2026-09-20T19:00:00+00:00,81020.32,81280.0,81020.32,81162.44,67.11719351977963,80650.1945,79920.02089336693,78046.03485,315.29857142856883,0.003884784284806726,65.75555398544526,1.5,False,RSI_NOT_BELOW_34|CLOSE_NOT_NEAR_OR_BELOW_LOWER_BB
2026-09-20T22:23:12.210755+00:00,SIE_OLD_MR_1R_EXHAUSTION_CONFIRM_V1,BTC,BTCUSDT,strategy-lab-v1.0.0:SIE_OLD_MR_1R_EXHAUSTION_CONFIRM_V1,1789934400000,2026-09-20T20:00:00+00:00,81162.45,81213.43,81043.25,81073.47,70.33982234366194,80640.68549999999,79938.29051768339,78064.80485,299.2564285714262,0.003691175776384386,67.11719351977963,1.5000000000000242,False,RSI_NOT_BELOW_34|CLOSE_NOT_NEAR_OR_BELOW_LOWER_BB|RSI_RECOVERY_NOT_CONFIRMED
2026-09-20T22:23:12.210755+00:00,SIE_OLD_MR_1R_EXHAUSTION_CONFIRM_V1,BTC,BTCUSDT,strategy-lab-v1.0.0:SIE_OLD_MR_1R_EXHAUSTION_CONFIRM_V1,1789938000000,2026-09-20T21:00:00+00:00,81073.48,81075.1,80570.77,80920.28,65.06374105492628,80633.114,79946.37708261423,78082.64825,324.91071428571223,0.004015195131377601,70.33982234366194,1.5,False,RSI_NOT_BELOW_34|CLOSE_NOT_NEAR_OR_BELOW_LOWER_BB|RSI_RECOVERY_NOT_CONFIRMED
2026-09-20T22:23:12.210755+00:00,SIE_OLD_MR_1R_EXHAUSTION_CONFIRM_V1,BTC,BTCUSDT,strategy-lab-v1.0.0:SIE_OLD_MR_1R_EXHAUSTION_CONFIRM_V1,1789941600000,2026-09-20T22:00:00+00:00,80920.28,81280.0,80756.44,81114.26,69.71019522004514,80673.555,79973.63218969548,78100.9995,340.17857142856934,0.004193819575356656,65.06374105492628,1.4999999999999787,False,PLANNED_REWARD_TOO_LOW|RSI_NOT_BELOW_34|CLOSE_NOT_NEAR_OR_BELOW_LOWER_BB
2026-09-20T22:23:12.210755+00:00,SIE_OLD_MR_1R_EXHAUSTION_CONFIRM_V1,SOL,SOLUSDT,strategy-lab-v1.0.0:SIE_OLD_MR_1R_EXHAUSTION_CONFIRM_V1,1789930800000,2026-09-20T19:00:00+00:00,109.39,110.83,109.3,110.41,63.65105008077537,108.90650000000001,107.07014191945007,103.43305000000001,0.9342857142857162,0.008461966436787576,53.604436229205156,1.5,False,RSI_NOT_BELOW_34|CLOSE_NOT_NEAR_OR_BELOW_LOWER_BB
2026-09-20T22:23:12.210755+00:00,SIE_OLD_MR_1R_EXHAUSTION_CONFIRM_V1,SOL,SOLUSDT,strategy-lab-v1.0.0:SIE_OLD_MR_1R_EXHAUSTION_CONFIRM_V1,1789934400000,2026-09-20T20:00:00+00:00,110.44,110.61,110.05,110.1,63.65105008077537,108.86599999999999,107.17847637053548,103.4733,0.9164285714285734,0.008323601920332184,63.65105008077537,1.4999999999999922,False,PLANNED_REWARD_TOO_LOW|RSI_NOT_BELOW_34|CLOSE_NOT_NEAR_OR_BELOW_LOWER_BB|RSI_RECOVERY_NOT_CONFIRMED
2026-09-20T22:23:12.210755+00:00,SIE_OLD_MR_1R_EXHAUSTION_CONFIRM_V1,SOL,SOLUSDT,strategy-lab-v1.0.0:SIE_OLD_MR_1R_EXHAUSTION_CONFIRM_V1,1789938000000,2026-09-20T21:00:00+00:00,110.11,110.11,109.05,109.88,61.34585289514856,108.854,107.19922025634799,103.51295,0.9657142857142874,0.008788808570388492,63.65105008077537,1.5,False,RSI_NOT_BELOW_34|CLOSE_NOT_NEAR_OR_BELOW_LOWER_BB|RSI_RECOVERY_NOT_CONFIRMED
2026-09-20T22:23:12.210755+00:00,SIE_OLD_MR_1R_EXHAUSTION_CONFIRM_V1,SOL,SOLUSDT,strategy-lab-v1.0.0:SIE_OLD_MR_1R_EXHAUSTION_CONFIRM_V1,1789941600000,2026-09-20T22:00:00+00:00,109.88,110.57,109.55,110.26,67.50392464678177,108.98600000000002,107.32485100006019,103.5543,0.9664285714285725,0.008764997020030587,61.34585289514856,1.5000000000000073,False,RSI_NOT_BELOW_34|CLOSE_NOT_NEAR_OR_BELOW_LOWER_BB
2026-09-20T22:23:12.210755+00:00,SIE_OLD_MR_1R_EXHAUSTION_CONFIRM_V1,XRP,XRPUSDT,strategy-lab-v1.0.0:SIE_OLD_MR_1R_EXHAUSTION_CONFIRM_V1,1789930800000,2026-09-20T19:00:00+00:00,1.4038,1.4138,1.4003,1.4089,68.65464632454945,1.3873250000000001,1.362614931202042,1.3599810000000003,0.01215714285714285,0.008628818835362944,66.81350954478717,1.5,False,RSI_NOT_BELOW_34|CLOSE_NOT_NEAR_OR_BELOW_LOWER_BB
2026-09-20T22:23:12.210755+00:00,SIE_OLD_MR_1R_EXHAUSTION_CONFIRM_V1,XRP,XRPUSDT,strategy-lab-v1.0.0:SIE_OLD_MR_1R_EXHAUSTION_CONFIRM_V1,1789934400000,2026-09-20T20:00:00+00:00,1.4088,1.4123,1.4054,1.4058,67.25543478260863,1.387345,1.362575868000678,1.3601590000000001,0.012128571428571424,0.008627522712029751,68.65464632454945,1.499999999999991,False,PLANNED_REWARD_TOO_LOW|RSI_NOT_BELOW_34|CLOSE_NOT_NEAR_OR_BELOW_LOWER_BB|RSI_RECOVERY_NOT_CONFIRMED
2026-09-20T22:23:12.210755+00:00,SIE_OLD_MR_1R_EXHAUSTION_CONFIRM_V1,XRP,XRPUSDT,strategy-lab-v1.0.0:SIE_OLD_MR_1R_EXHAUSTION_CONFIRM_V1,1789938000000,2026-09-20T21:00:00+00:00,1.4057,1.4059,1.391,1.4018,64.45312500000004,1.38744,1.3624652607621255,1.360328,0.01277142857142856,0.009110735177221116,67.25543478260863,1.4999999999999913,False,PLANNED_REWARD_TOO_LOW|RSI_NOT_BELOW_34|CLOSE_NOT_NEAR_OR_BELOW_LOWER_BB|RSI_RECOVERY_NOT_CONFIRMED
2026-09-20T22:23:12.210755+00:00,SIE_OLD_MR_1R_EXHAUSTION_CONFIRM_V1,XRP,XRPUSDT,strategy-lab-v1.0.0:SIE_OLD_MR_1R_EXHAUSTION_CONFIRM_V1,1789941600000,2026-09-20T22:00:00+00:00,1.402,1.4123,1.3972,1.4058,68.76606683804624,1.3892149999999999,1.3643192754674656,1.3605090000000002,0.013164285714285708,0.009364266406519923,64.45312500000004,1.5,False,RSI_NOT_BELOW_34|CLOSE_NOT_NEAR_OR_BELOW_LOWER_BB
2026-09-20T22:23:12.210755+00:00,SIE_OLD_MR_1R_EXHAUSTION_CONFIRM_V1,DOGE,DOGEUSDT,strategy-lab-v1.0.0:SIE_OLD_MR_1R_EXHAUSTION_CONFIRM_V1,1789930800000,2026-09-20T19:00:00+00:00,0.08668,0.0876,0.08655,0.08737,67.53472222222229,0.0857705,0.08378883933278251,0.08391015000000002,0.00080142857142857,0.009172811851076686,62.10937500000005,1.5,False,RSI_NOT_BELOW_34|CLOSE_NOT_NEAR_OR_BELOW_LOWER_BB
2026-09-20T22:23:12.210755+00:00,SIE_OLD_MR_1R_EXHAUSTION_CONFIRM_V1,DOGE,DOGEUSDT,strategy-lab-v1.0.0:SIE_OLD_MR_1R_EXHAUSTION_CONFIRM_V1,1789934400000,2026-09-20T20:00:00+00:00,0.08735,0.08768,0.08719,0.08731,70.98540145985393,0.0857595,0.08381493346732571,0.08392165,0.0007857142857142844,0.008999132810838214,67.53472222222229,1.5,False,RSI_NOT_BELOW_34|CLOSE_NOT_NEAR_OR_BELOW_LOWER_BB|RSI_RECOVERY_NOT_CONFIRMED
2026-09-20T22:23:12.210755+00:00,SIE_OLD_MR_1R_EXHAUSTION_CONFIRM_V1,DOGE,DOGEUSDT,strategy-lab-v1.0.0:SIE_OLD_MR_1R_EXHAUSTION_CONFIRM_V1,1789938000000,2026-09-20T21:00:00+00:00,0.08734,0.08736,0.0861,0.08692,67.77003484320555,0.085746,0.0838379392043237,0.0839315,0.0008407142857142849,0.009672276641903876,70.98540145985393,1.5000000000000082,False,RSI_NOT_BELOW_34|CLOSE_NOT_NEAR_OR_BELOW_LOWER_BB|RSI_RECOVERY_NOT_CONFIRMED
2026-09-20T22:23:12.210755+00:00,SIE_OLD_MR_1R_EXHAUSTION_CONFIRM_V1,DOGE,DOGEUSDT,strategy-lab-v1.0.0:SIE_OLD_MR_1R_EXHAUSTION_CONFIRM_V1,1789941600000,2026-09-20T22:00:00+00:00,0.08696,0.0875,0.08667,0.08726,71.09243697478982,0.0858375,0.08382611366217307,0.08394215000000001,0.0008528571428571423,0.009773746766641557,67.77003484320555,1.4999999999999918,False,PLANNED_REWARD_TOO_LOW|RSI_NOT_BELOW_34|CLOSE_NOT_NEAR_OR_BELOW_LOWER_BB
2026-09-20T22:23:12.210755+00:00,SIE_OLD_MR_1R_EXHAUSTION_CONFIRM_V1,BNB,BNBUSDT,strategy-lab-v1.0.0:SIE_OLD_MR_1R_EXHAUSTION_CONFIRM_V1,1789930800000,2026-09-20T19:00:00+00:00,766.46,770.77,766.43,769.5,79.26325817719892,754.967,741.5291934825549,733.9808,4.7478571428571446,0.006170054766545997,78.37748344370844,1.5,False,RSI_NOT_BELOW_34|CLOSE_NOT_NEAR_OR_BELOW_LOWER_BB
2026-09-20T22:23:12.210755+00:00,SIE_OLD_MR_1R_EXHAUSTION_CONFIRM_V1,BNB,BNBUSDT,strategy-lab-v1.0.0:SIE_OLD_MR_1R_EXHAUSTION_CONFIRM_V1,1789934400000,2026-09-20T20:00:00+00:00,769.27,771.4,765.31,768.0,75.23897625655243,755.207,741.0380337709383,734.13905,4.944285714285717,0.006437872023809527,79.26325817719892,1.5000000000000115,False,RSI_NOT_BELOW_34|CLOSE_NOT_NEAR_OR_BELOW_LOWER_BB|RSI_RECOVERY_NOT_CONFIRMED
2026-09-20T22:23:12.210755+00:00,SIE_OLD_MR_1R_EXHAUSTION_CONFIRM_V1,BNB,BNBUSDT,strategy-lab-v1.0.0:SIE_OLD_MR_1R_EXHAUSTION_CONFIRM_V1,1789938000000,2026-09-20T21:00:00+00:00,768.01,768.24,762.72,765.8,79.89521938441368,755.475,740.7292284026813,734.285,5.020714285714283,0.006556169085550122,75.23897625655243,1.5000000000000113,False,RSI_NOT_BELOW_34|CLOSE_NOT_NEAR_OR_BELOW_LOWER_BB|RSI_RECOVERY_NOT_CONFIRMED
2026-09-20T22:23:12.210755+00:00,SIE_OLD_MR_1R_EXHAUSTION_CONFIRM_V1,BNB,BNBUSDT,strategy-lab-v1.0.0:SIE_OLD_MR_1R_EXHAUSTION_CONFIRM_V1,1789941600000,2026-09-20T22:00:00+00:00,766.07,770.52,764.96,769.3,81.0552298673247,756.5345,741.0320776408879,734.4547,5.193571428571423,0.006751035263969093,79.89521938441368,1.5,False,RSI_NOT_BELOW_34|CLOSE_NOT_NEAR_OR_BELOW_LOWER_BB
2026-09-20T22:23:12.210755+00:00,SIE_OLD_MR_1R_EXHAUSTION_CONFIRM_V1,PAXG,PAXGUSDT,strategy-lab-v1.0.0:SIE_OLD_MR_1R_EXHAUSTION_CONFIRM_V1,1789930800000,2026-09-20T19:00:00+00:00,4360.68,4364.79,4359.43,4364.33,57.60082730092927,4360.826,4357.749954486398,4337.316449999999,3.038571428571491,0.0006962286143741401,50.30303030303137,1.5,False,RSI_NOT_BELOW_34|CLOSE_NOT_NEAR_OR_BELOW_LOWER_BB
2026-09-20T22:23:12.210755+00:00,SIE_OLD_MR_1R_EXHAUSTION_CONFIRM_V1,PAXG,PAXGUSDT,strategy-lab-v1.0.0:SIE_OLD_MR_1R_EXHAUSTION_CONFIRM_V1,1789934400000,2026-09-20T20:00:00+00:00,4364.34,4364.34,4360.67,4362.94,54.50097847357903,4360.782999999999,4357.8539175495125,4337.3693,3.1721428571429118,0.0007270654322871532,57.60082730092927,1.5000000000001434,False,RSI_NOT_BELOW_34|CLOSE_NOT_NEAR_OR_BELOW_LOWER_BB|RSI_RECOVERY_NOT_CONFIRMED
2026-09-20T22:23:12.210755+00:00,SIE_OLD_MR_1R_EXHAUSTION_CONFIRM_V1,PAXG,PAXGUSDT,strategy-lab-v1.0.0:SIE_OLD_MR_1R_EXHAUSTION_CONFIRM_V1,1789938000000,2026-09-20T21:00:00+00:00,4363.2,4363.45,4359.26,4363.45,59.107052257737124,4360.8135,4357.788251084332,4337.41375,3.3721428571428596,0.0007728157437676288,54.50097847357903,1.5,False,RSI_NOT_BELOW_34|CLOSE_NOT_NEAR_OR_BELOW_LOWER_BB
2026-09-20T22:23:12.210755+00:00,SIE_OLD_MR_1R_EXHAUSTION_CONFIRM_V1,PAXG,PAXGUSDT,strategy-lab-v1.0.0:SIE_OLD_MR_1R_EXHAUSTION_CONFIRM_V1,1789941600000,2026-09-20T22:00:00+00:00,4367.37,4372.3,4366.97,4366.97,63.229927007299096,4361.193499999999,4357.226348502798,4337.472400000001,3.833571428571434,0.0008778561402005129,59.107052257737124,1.5,False,RSI_NOT_BELOW_34|CLOSE_NOT_NEAR_OR_BELOW_LOWER_BB
2026-09-21T04:47:15.265837+00:00,SIE_OLD_MR_1R_EXHAUSTION_CONFIRM_V1,BTC,BTCUSDT,strategy-lab-v1.0.0:SIE_OLD_MR_1R_EXHAUSTION_CONFIRM_V1,1789945200000,2026-09-20T23:00:00+00:00,81196.49,81320.0,81100.53,81159.64,66.85049953579895,80712.708,79979.46607038293,78120.38905,332.6635714285699,0.0040988793374215305,70.7793266837199,1.5,False,RSI_NOT_BELOW_34|CLOSE_NOT_NEAR_OR_BELOW_LOWER_BB|RSI_RECOVERY_NOT_CONFIRMED
2026-09-21T04:47:15.265837+00:00,SIE_OLD_MR_1R_EXHAUSTION_CONFIRM_V1,BTC,BTCUSDT,strategy-lab-v1.0.0:SIE_OLD_MR_1R_EXHAUSTION_CONFIRM_V1,1789948800000,2026-09-21T00:00:00+00:00,81160.33,81837.0,81147.06,81590.55,76.69625794227662,80772.4385,79961.6205678749,78141.652,367.6378571428556,0.004505887717914091,66.85049953579895,1.4999999999999802,False,PLANNED_REWARD_TOO_LOW|RSI_NOT_BELOW_34|CLOSE_NOT_NEAR_OR_BELOW_LOWER_BB
2026-09-21T04:47:15.265837+00:00,SIE_OLD_MR_1R_EXHAUSTION_CONFIRM_V1,BTC,BTCUSDT,strategy-lab-v1.0.0:SIE_OLD_MR_1R_EXHAUSTION_CONFIRM_V1,1789952400000,2026-09-21T01:00:00+00:00,81588.5,82087.11,80837.42,80973.46,59.127197148009124,80798.311,79996.55997655154,78160.5622,438.5899999999986,0.005416466086542412,76.69625794227662,1.5,False,RSI_NOT_BELOW_34|CLOSE_NOT_NEAR_OR_BELOW_LOWER_BB|RSI_RECOVERY_NOT_CONFIRMED
2026-09-21T04:47:15.265837+00:00,SIE_OLD_MR_1R_EXHAUSTION_CONFIRM_V1,BTC,BTCUSDT,strategy-lab-v1.0.0:SIE_OLD_MR_1R_EXHAUSTION_CONFIRM_V1,1789956000000,2026-09-21T02:00:00+00:00,80973.46,81509.8,80934.0,81299.86,63.16138796878685,80849.679,80057.67845944419,78181.4301,464.8349999999991,0.00571753752097481,59.127197148009124,1.5000000000000155,False,RSI_NOT_BELOW_34|CLOSE_NOT_NEAR_OR_BELOW_LOWER_BB
2026-09-21T04:47:15.265837+00:00,SIE_OLD_MR_1R_EXHAUSTION_CONFIRM_V1,BTC,BTCUSDT,strategy-lab-v1.0.0:SIE_OLD_MR_1R_EXHAUSTION_CONFIRM_V1,1789959600000,2026-09-21T03:00:00+00:00,81299.86,81556.69,81218.56,81411.5,63.62093837384876,80906.026,80122.55833060911,78202.9604,472.77999999999986,0.005807287668204122,63.16138796878685,1.5,False,RSI_NOT_BELOW_34|CLOSE_NOT_NEAR_OR_BELOW_LOWER_BB
2026-09-21T04:47:15.265837+00:00,SIE_OLD_MR_1R_EXHAUSTION_CONFIRM_V1,BTC,BTCUSDT,strategy-lab-v1.0.0:SIE_OLD_MR_1R_EXHAUSTION_CONFIRM_V1,1789963200000,2026-09-21T04:00:00+00:00,81411.5,81451.04,81210.0,81380.83,61.66153788064726,80963.6575,80219.5243262738,78224.1011,463.66285714285704,0.00569744566555609,63.62093837384876,1.5,False,RSI_NOT_BELOW_34|CLOSE_NOT_NEAR_OR_BELOW_LOWER_BB|RSI_RECOVERY_NOT_CONFIRMED
2026-09-21T04:47:15.265837+00:00,SIE_OLD_MR_1R_EXHAUSTION_CONFIRM_V1,SOL,SOLUSDT,strategy-lab-v1.0.0:SIE_OLD_MR_1R_EXHAUSTION_CONFIRM_V1,1789945200000,2026-09-20T23:00:00+00:00,111.02,111.43,110.55,111.15,70.59659090909089,109.1385,107.11300968898857,103.60365,1.0071428571428587,0.009061114324272233,70.96774193548382,1.500000000000007,False,RSI_NOT_BELOW_34|CLOSE_NOT_NEAR_OR_BELOW_LOWER_BB|RSI_RECOVERY_NOT_CONFIRMED
2026-09-21T04:47:15.265837+00:00,SIE_OLD_MR_1R_EXHAUSTION_CONFIRM_V1,SOL,SOLUSDT,strategy-lab-v1.0.0:SIE_OLD_MR_1R_EXHAUSTION_CONFIRM_V1,1789948800000,2026-09-21T00:00:00+00:00,111.15,112.91,111.13,112.28,77.41116751269037,109.30350000000001,106.86167875347085,103.65474999999998,1.0978571428571442,0.009777851290142003,70.59659090909089,1.5000000000000064,False,RSI_NOT_BELOW_34|CLOSE_NOT_NEAR_OR_BELOW_LOWER_BB
2026-09-21T04:47:15.265837+00:00,SIE_OLD_MR_1R_EXHAUSTION_CONFIRM_V1,SOL,SOLUSDT,strategy-lab-v1.0.0:SIE_OLD_MR_1R_EXHAUSTION_CONFIRM_V1,1789952400000,2026-09-21T01:00:00+00:00,112.26,113.37,110.71,110.93,64.3101482326112,109.41400000000002,106.8891918884792,103.69969999999999,1.2342857142857164,0.011126707962550404,77.41116751269037,1.4999999999999942,False,PLANNED_REWARD_TOO_LOW|RSI_NOT_BELOW_34|CLOSE_NOT_NEAR_OR_BELOW_LOWER_BB|RSI_RECOVERY_NOT_CONFIRMED
2026-09-21T04:47:15.265837+00:00,SIE_OLD_MR_1R_EXHAUSTION_CONFIRM_V1,SOL,SOLUSDT,strategy-lab-v1.0.0:SIE_OLD_MR_1R_EXHAUSTION_CONFIRM_V1,1789956000000,2026-09-21T02:00:00+00:00,110.93,111.96,110.65,111.19,65.84821428571433,109.553,106.95943025927558,103.7475,1.2757142857142867,0.011473282540824595,64.3101482326112,1.5,False,RSI_NOT_BELOW_34|CLOSE_NOT_NEAR_OR_BELOW_LOWER_BB
2026-09-21T04:47:15.265837+00:00,SIE_OLD_MR_1R_EXHAUSTION_CONFIRM_V1,SOL,SOLUSDT,strategy-lab-v1.0.0:SIE_OLD_MR_1R_EXHAUSTION_CONFIRM_V1,1789959600000,2026-09-21T03:00:00+00:00,111.18,111.9,111.14,111.54,68.23144104803495,109.7085,107.03132032728445,103.79889999999999,1.2842857142857156,0.011514126898742294,65.84821428571433,1.5,False,RSI_NOT_BELOW_34|CLOSE_NOT_NEAR_OR_BELOW_LOWER_BB
2026-09-21T04:47:15.265837+00:00,SIE_OLD_MR_1R_EXHAUSTION_CONFIRM_V1,SOL,SOLUSDT,strategy-lab-v1.0.0:SIE_OLD_MR_1R_EXHAUSTION_CONFIRM_V1,1789963200000,2026-09-21T04:00:00+00:00,111.54,111.6,111.01,111.45,68.23144104803495,109.87949999999998,107.21615267004066,103.84944999999999,1.2750000000000006,0.01144010767160162,68.23144104803495,1.5,False,RSI_NOT_BELOW_34|CLOSE_NOT_NEAR_OR_BELOW_LOWER_BB|RSI_RECOVERY_NOT_CONFIRMED
2026-09-21T04:47:15.265837+00:00,SIE_OLD_MR_1R_EXHAUSTION_CONFIRM_V1,XRP,XRPUSDT,strategy-lab-v1.0.0:SIE_OLD_MR_1R_EXHAUSTION_CONFIRM_V1,1789945200000,2026-09-20T23:00:00+00:00,1.4096,1.4159,1.4071,1.41,68.11023622047239,1.390805,1.3640884526931374,1.3607155,0.01284285714285714,0.009108409321175277,70.22058823529409,1.5,False,RSI_NOT_BELOW_34|CLOSE_NOT_NEAR_OR_BELOW_LOWER_BB|RSI_RECOVERY_NOT_CONFIRMED
2026-09-21T04:47:15.265837+00:00,SIE_OLD_MR_1R_EXHAUSTION_CONFIRM_V1,XRP,XRPUSDT,strategy-lab-v1.0.0:SIE_OLD_MR_1R_EXHAUSTION_CONFIRM_V1,1789948800000,2026-09-21T00:00:00+00:00,1.4099,1.4326,1.4096,1.4254,79.17647058823543,1.39304,1.362828518738734,1.3609944999999999,0.013757142857142865,0.009651426166088722,68.11023622047239,1.499999999999992,False,PLANNED_REWARD_TOO_LOW|RSI_NOT_BELOW_34|CLOSE_NOT_NEAR_OR_BELOW_LOWER_BB
2026-09-21T04:47:15.265837+00:00,SIE_OLD_MR_1R_EXHAUSTION_CONFIRM_V1,XRP,XRPUSDT,strategy-lab-v1.0.0:SIE_OLD_MR_1R_EXHAUSTION_CONFIRM_V1,1789952400000,2026-09-21T01:00:00+00:00,1.4252,1.4383,1.4032,1.4076,63.99594320486822,1.39432,1.3639193026395802,1.361201,0.015749999999999993,0.011189258312020455,79.17647058823543,1.499999999999993,False,PLANNED_REWARD_TOO_LOW|RSI_NOT_BELOW_34|CLOSE_NOT_NEAR_OR_BELOW_LOWER_BB|RSI_RECOVERY_NOT_CONFIRMED
2026-09-21T04:47:15.265837+00:00,SIE_OLD_MR_1R_EXHAUSTION_CONFIRM_V1,XRP,XRPUSDT,strategy-lab-v1.0.0:SIE_OLD_MR_1R_EXHAUSTION_CONFIRM_V1,1789956000000,2026-09-21T02:00:00+00:00,1.4076,1.4209,1.4045,1.4154,67.01323251417773,1.3960700000000001,1.3650527080485768,1.3614624999999998,0.016171428571428566,0.011425341650013117,63.99594320486822,1.5,False,RSI_NOT_BELOW_34|CLOSE_NOT_NEAR_OR_BELOW_LOWER_BB
2026-09-21T04:47:15.265837+00:00,SIE_OLD_MR_1R_EXHAUSTION_CONFIRM_V1,XRP,XRPUSDT,strategy-lab-v1.0.0:SIE_OLD_MR_1R_EXHAUSTION_CONFIRM_V1,1789959600000,2026-09-21T03:00:00+00:00,1.415,1.4254,1.4149,1.4227,70.6413730803975,1.398225,1.3661146356296006,1.361764,0.016271428571428572,0.011437006095050658,67.01323251417773,1.5000000000000069,False,RSI_NOT_BELOW_34|CLOSE_NOT_NEAR_OR_BELOW_LOWER_BB
2026-09-21T04:47:15.265837+00:00,SIE_OLD_MR_1R_EXHAUSTION_CONFIRM_V1,XRP,XRPUSDT,strategy-lab-v1.0.0:SIE_OLD_MR_1R_EXHAUSTION_CONFIRM_V1,1789963200000,2026-09-21T04:00:00+00:00,1.4227,1.4231,1.4139,1.4195,68.18181818181814,1.4003700000000001,1.3685947203002111,1.3620399999999997,0.01621428571428572,0.011422533085090327,70.6413730803975,1.5,False,RSI_NOT_BELOW_34|CLOSE_NOT_NEAR_OR_BELOW_LOWER_BB|RSI_RECOVERY_NOT_CONFIRMED
2026-09-21T04:47:15.265837+00:00,SIE_OLD_MR_1R_EXHAUSTION_CONFIRM_V1,DOGE,DOGEUSDT,strategy-lab-v1.0.0:SIE_OLD_MR_1R_EXHAUSTION_CONFIRM_V1,1789945200000,2026-09-20T23:00:00+00:00,0.08745,0.08755,0.08711,0.0873,69.3442622950819,0.085924,0.08378913325942816,0.08395415,0.0008449999999999995,0.009679266895761734,71.98697068403897,1.4999999999999918,False,PLANNED_REWARD_TOO_LOW|RSI_NOT_BELOW_34|CLOSE_NOT_NEAR_OR_BELOW_LOWER_BB|RSI_RECOVERY_NOT_CONFIRMED
2026-09-21T04:47:15.265837+00:00,SIE_OLD_MR_1R_EXHAUSTION_CONFIRM_V1,DOGE,DOGEUSDT,strategy-lab-v1.0.0:SIE_OLD_MR_1R_EXHAUSTION_CONFIRM_V1,1789948800000,2026-09-21T00:00:00+00:00,0.08729,0.08898,0.08728,0.08877,78.18930041152258,0.0860915,0.0836390377678749,0.08397285,0.0009171428571428565,0.010331675759185045,69.3442622950819,1.5000000000000075,False,RSI_NOT_BELOW_34|CLOSE_NOT_NEAR_OR_BELOW_LOWER_BB
2026-09-21T04:47:15.265837+00:00,SIE_OLD_MR_1R_EXHAUSTION_CONFIRM_V1,DOGE,DOGEUSDT,strategy-lab-v1.0.0:SIE_OLD_MR_1R_EXHAUSTION_CONFIRM_V1,1789952400000,2026-09-21T01:00:00+00:00,0.08871,0.08982,0.08728,0.08747,64.49631449631448,0.08619750000000001,0.08369955784694678,0.08398535000000001,0.001054285714285714,0.012053112087409557,78.18930041152258,1.4999999999999933,False,PLANNED_REWARD_TOO_LOW|RSI_NOT_BELOW_34|CLOSE_NOT_NEAR_OR_BELOW_LOWER_BB|RSI_RECOVERY_NOT_CONFIRMED
2026-09-21T04:47:15.265837+00:00,SIE_OLD_MR_1R_EXHAUSTION_CONFIRM_V1,DOGE,DOGEUSDT,strategy-lab-v1.0.0:SIE_OLD_MR_1R_EXHAUSTION_CONFIRM_V1,1789956000000,2026-09-21T02:00:00+00:00,0.08752,0.08845,0.0872,0.08811,67.08428246013662,0.0863525,0.08378479382522058,0.08400215000000001,0.001097142857142857,0.012451967508147284,64.49631449631448,1.5,False,RSI_NOT_BELOW_34|CLOSE_NOT_NEAR_OR_BELOW_LOWER_BB
2026-09-21T04:47:15.265837+00:00,SIE_OLD_MR_1R_EXHAUSTION_CONFIRM_V1,DOGE,DOGEUSDT,strategy-lab-v1.0.0:SIE_OLD_MR_1R_EXHAUSTION_CONFIRM_V1,1789959600000,2026-09-21T03:00:00+00:00,0.08812,0.0888,0.08806,0.08843,69.7752808988764,0.08653000000000001,0.08390385453563581,0.0840204,0.0011164285714285718,0.012624997980646521,67.08428246013662,1.5,False,RSI_NOT_BELOW_34|CLOSE_NOT_NEAR_OR_BELOW_LOWER_BB
2026-09-21T04:47:15.265837+00:00,SIE_OLD_MR_1R_EXHAUSTION_CONFIRM_V1,DOGE,DOGEUSDT,strategy-lab-v1.0.0:SIE_OLD_MR_1R_EXHAUSTION_CONFIRM_V1,1789963200000,2026-09-21T04:00:00+00:00,0.08845,0.08848,0.08778,0.08828,68.01801801801803,0.08670649999999999,0.08410826001878177,0.084038,0.001123571428571429,0.012727360994239115,69.7752808988764,1.4999999999999938,False,PLANNED_REWARD_TOO_LOW|RSI_NOT_BELOW_34|CLOSE_NOT_NEAR_OR_BELOW_LOWER_BB|RSI_RECOVERY_NOT_CONFIRMED
2026-09-21T04:47:15.265837+00:00,SIE_OLD_MR_1R_EXHAUSTION_CONFIRM_V1,BNB,BNBUSDT,strategy-lab-v1.0.0:SIE_OLD_MR_1R_EXHAUSTION_CONFIRM_V1,1789945200000,2026-09-20T23:00:00+00:00,774.54,775.8,771.41,772.36,78.97802488747674,757.893,740.4527418597028,734.6653,5.741428571428563,0.007433617188135795,83.52562382613344,1.5,False,RSI_NOT_BELOW_34|CLOSE_NOT_NEAR_OR_BELOW_LOWER_BB|RSI_RECOVERY_NOT_CONFIRMED
2026-09-21T04:47:15.265837+00:00,SIE_OLD_MR_1R_EXHAUSTION_CONFIRM_V1,BNB,BNBUSDT,strategy-lab-v1.0.0:SIE_OLD_MR_1R_EXHAUSTION_CONFIRM_V1,1789948800000,2026-09-21T00:00:00+00:00,772.64,782.69,772.64,779.43,85.63471803202587,759.4185,740.1436580810578,734.9020999999999,6.239999999999993,0.008005850429159762,78.97802488747674,1.5,False,RSI_NOT_BELOW_34|CLOSE_NOT_NEAR_OR_BELOW_LOWER_BB
2026-09-21T04:47:15.265837+00:00,SIE_OLD_MR_1R_EXHAUSTION_CONFIRM_V1,BNB,BNBUSDT,strategy-lab-v1.0.0:SIE_OLD_MR_1R_EXHAUSTION_CONFIRM_V1,1789952400000,2026-09-21T01:00:00+00:00,779.43,784.89,773.93,774.29,74.53360305686662,760.5795,740.6691846082184,735.1193499999999,6.687857142857134,0.008637406066018075,85.63471803202587,1.5,False,RSI_NOT_BELOW_34|CLOSE_NOT_NEAR_OR_BELOW_LOWER_BB|RSI_RECOVERY_NOT_CONFIRMED
2026-09-21T04:47:15.265837+00:00,SIE_OLD_MR_1R_EXHAUSTION_CONFIRM_V1,BNB,BNBUSDT,strategy-lab-v1.0.0:SIE_OLD_MR_1R_EXHAUSTION_CONFIRM_V1,1789956000000,2026-09-21T02:00:00+00:00,774.32,783.2,773.64,777.72,76.69251729197234,761.8839999999999,741.0908661332586,735.3613499999999,7.180714285714283,0.009233032821213655,74.53360305686662,1.500000000000008,False,RSI_NOT_BELOW_34|CLOSE_NOT_NEAR_OR_BELOW_LOWER_BB
2026-09-21T04:47:15.265837+00:00,SIE_OLD_MR_1R_EXHAUSTION_CONFIRM_V1,BNB,BNBUSDT,strategy-lab-v1.0.0:SIE_OLD_MR_1R_EXHAUSTION_CONFIRM_V1,1789959600000,2026-09-21T03:00:00+00:00,777.93,779.39,775.71,776.98,76.27683969147385,763.356,742.665058600435,735.6149500000001,7.147857142857139,0.009199538138506961,76.69251729197234,1.499999999999992,False,PLANNED_REWARD_TOO_LOW|RSI_NOT_BELOW_34|CLOSE_NOT_NEAR_OR_BELOW_LOWER_BB|RSI_RECOVERY_NOT_CONFIRMED
2026-09-21T04:47:15.265837+00:00,SIE_OLD_MR_1R_EXHAUSTION_CONFIRM_V1,BNB,BNBUSDT,strategy-lab-v1.0.0:SIE_OLD_MR_1R_EXHAUSTION_CONFIRM_V1,1789963200000,2026-09-21T04:00:00+00:00,777.0,777.24,771.72,774.44,71.69581130540875,764.6195,744.4687724945168,735.85645,7.312142857142858,0.009441845536313798,76.27683969147385,1.5,False,RSI_NOT_BELOW_34|CLOSE_NOT_NEAR_OR_BELOW_LOWER_BB|RSI_RECOVERY_NOT_CONFIRMED
2026-09-21T04:47:15.265837+00:00,SIE_OLD_MR_1R_EXHAUSTION_CONFIRM_V1,PAXG,PAXGUSDT,strategy-lab-v1.0.0:SIE_OLD_MR_1R_EXHAUSTION_CONFIRM_V1,1789945200000,2026-09-20T23:00:00+00:00,4366.3,4367.84,4361.34,4362.9,52.137870855147206,4361.2225,4357.493431081128,4337.50855,4.159285714285683,0.0009533305173819439,61.17533718689806,1.5,False,RSI_NOT_BELOW_34|CLOSE_NOT_NEAR_OR_BELOW_LOWER_BB|RSI_RECOVERY_NOT_CONFIRMED
2026-09-21T04:47:15.265837+00:00,SIE_OLD_MR_1R_EXHAUSTION_CONFIRM_V1,PAXG,PAXGUSDT,strategy-lab-v1.0.0:SIE_OLD_MR_1R_EXHAUSTION_CONFIRM_V1,1789948800000,2026-09-21T00:00:00+00:00,4362.52,4363.38,4350.31,4359.28,47.76179056754629,4361.200999999999,4357.432547266887,4337.5256,4.914285714285662,0.0011273159132438528,52.137870855147206,1.5000000000000926,False,RSI_NOT_BELOW_34|CLOSE_NOT_NEAR_OR_BELOW_LOWER_BB|RSI_RECOVERY_NOT_CONFIRMED
2026-09-21T04:47:15.265837+00:00,SIE_OLD_MR_1R_EXHAUSTION_CONFIRM_V1,PAXG,PAXGUSDT,strategy-lab-v1.0.0:SIE_OLD_MR_1R_EXHAUSTION_CONFIRM_V1,1789952400000,2026-09-21T01:00:00+00:00,4365.16,4374.42,4362.78,4365.55,61.326152810501604,4361.409,4357.18954553269,4337.57335,5.872857142857161,0.001345273136914515,47.76179056754629,1.4999999999999225,False,PLANNED_REWARD_TOO_LOW|RSI_NOT_BELOW_34|CLOSE_NOT_NEAR_OR_BELOW_LOWER_BB
2026-09-21T04:47:15.265837+00:00,SIE_OLD_MR_1R_EXHAUSTION_CONFIRM_V1,PAXG,PAXGUSDT,strategy-lab-v1.0.0:SIE_OLD_MR_1R_EXHAUSTION_CONFIRM_V1,1789956000000,2026-09-21T02:00:00+00:00,4367.7,4367.7,4356.0,4356.55,45.822316234796766,4361.181500000001,4356.459249371148,4337.57855,6.598571428571437,0.0015146323188237106,61.326152810501604,1.5000000000000688,False,RSI_NOT_BELOW_34|CLOSE_NOT_NEAR_OR_BELOW_LOWER_BB|RSI_RECOVERY_NOT_CONFIRMED
2026-09-21T04:47:15.265837+00:00,SIE_OLD_MR_1R_EXHAUSTION_CONFIRM_V1,PAXG,PAXGUSDT,strategy-lab-v1.0.0:SIE_OLD_MR_1R_EXHAUSTION_CONFIRM_V1,1789959600000,2026-09-21T03:00:00+00:00,4356.12,4359.93,4350.96,4352.54,42.21680876979291,4360.8155,4354.786432161461,4337.56815,7.1171428571428805,0.0016351700058225497,45.822316234796766,1.500000000000064,False,RSI_NOT_BELOW_34|RSI_RECOVERY_NOT_CONFIRMED
2026-09-21T04:47:15.265837+00:00,SIE_OLD_MR_1R_EXHAUSTION_CONFIRM_V1,PAXG,PAXGUSDT,strategy-lab-v1.0.0:SIE_OLD_MR_1R_EXHAUSTION_CONFIRM_V1,1789963200000,2026-09-21T04:00:00+00:00,4352.19,4357.99,4349.78,4354.37,43.55069014754905,4360.4755000000005,4353.829371878928,4337.5710500000005,7.604285714285782,0.0017463572719557093,42.21680876979291,1.5,False,RSI_NOT_BELOW_34|CLOSE_NOT_NEAR_OR_BELOW_LOWER_BB
2026-09-21T12:40:47.965035+00:00,SIE_OLD_MR_1R_EXHAUSTION_CONFIRM_V1,BTC,BTCUSDT,strategy-lab-v1.0.0:SIE_OLD_MR_1R_EXHAUSTION_CONFIRM_V1,1789966800000,2026-09-21T05:00:00+00:00,81370.65,81796.36,81285.35,81541.94,60.68377162386168,81018.7445,80277.23088503555,78245.55589999999,480.5821428571435,0.0058936805140660554,61.46446572343519,1.5,False,RSI_NOT_BELOW_34|CLOSE_NOT_NEAR_OR_BELOW_LOWER_BB|RSI_RECOVERY_NOT_CONFIRMED
2026-09-21T12:40:47.965035+00:00,SIE_OLD_MR_1R_EXHAUSTION_CONFIRM_V1,BTC,BTCUSDT,strategy-lab-v1.0.0:SIE_OLD_MR_1R_EXHAUSTION_CONFIRM_V1,1789970400000,2026-09-21T06:00:00+00:00,81541.94,81870.79,81385.5,81621.54,55.59394686337776,81085.671,80381.15893648754,78267.56439999999,465.5650000000002,0.005703947756927893,60.68377162386168,1.5,False,RSI_NOT_BELOW_34|CLOSE_NOT_NEAR_OR_BELOW_LOWER_BB|RSI_RECOVERY_NOT_CONFIRMED
2026-09-21T12:40:47.965035+00:00,SIE_OLD_MR_1R_EXHAUSTION_CONFIRM_V1,BTC,BTCUSDT,strategy-lab-v1.0.0:SIE_OLD_MR_1R_EXHAUSTION_CONFIRM_V1,1789974000000,2026-09-21T07:00:00+00:00,81621.55,81711.0,81450.43,81704.88,60.78815074732623,81148.766,80459.93587262857,78289.77455,455.67785714285753,0.005577119226450825,55.59394686337776,1.500000000000016,False,RSI_NOT_BELOW_34|CLOSE_NOT_NEAR_OR_BELOW_LOWER_BB
2026-09-21T12:40:47.965035+00:00,SIE_OLD_MR_1R_EXHAUSTION_CONFIRM_V1,BTC,BTCUSDT,strategy-lab-v1.0.0:SIE_OLD_MR_1R_EXHAUSTION_CONFIRM_V1,1789977600000,2026-09-21T08:00:00+00:00,81707.14,84190.0,81698.83,83727.0,79.54490876780868,81312.55900000001,80047.92622264747,78322.14475,611.3435714285713,0.007301629957224925,60.78815074732623,1.499999999999988,False,PLANNED_REWARD_TOO_LOW|RSI_NOT_BELOW_34|CLOSE_NOT_NEAR_OR_BELOW_LOWER_BB
2026-09-21T12:40:47.965035+00:00,SIE_OLD_MR_1R_EXHAUSTION_CONFIRM_V1,BTC,BTCUSDT,strategy-lab-v1.0.0:SIE_OLD_MR_1R_EXHAUSTION_CONFIRM_V1,1789981200000,2026-09-21T09:00:00+00:00,83727.0,85257.0,83667.04,84635.49,82.47668314322637,81518.231,79643.80165602508,78358.82455,706.3635714285722,0.008345950043280568,79.54490876780868,1.5,False,RSI_NOT_BELOW_34|CLOSE_NOT_NEAR_OR_BELOW_LOWER_BB
2026-09-21T12:40:47.965035+00:00,SIE_OLD_MR_1R_EXHAUSTION_CONFIRM_V1,BTC,BTCUSDT,strategy-lab-v1.0.0:SIE_OLD_MR_1R_EXHAUSTION_CONFIRM_V1,1789984800000,2026-09-21T10:00:00+00:00,84635.5,84801.33,84109.8,84413.8,80.47907644747622,81706.9415,79494.81566278164,78394.55344999999,743.6028571428584,0.00880902005528549,82.47668314322637,1.5,False,RSI_NOT_BELOW_34|CLOSE_NOT_NEAR_OR_BELOW_LOWER_BB|RSI_RECOVERY_NOT_CONFIRMED
2026-09-21T12:40:47.965035+00:00,SIE_OLD_MR_1R_EXHAUSTION_CONFIRM_V1,BTC,BTCUSDT,strategy-lab-v1.0.0:SIE_OLD_MR_1R_EXHAUSTION_CONFIRM_V1,1789988400000,2026-09-21T11:00:00+00:00,84413.81,84899.99,84367.51,84878.78,84.17508417508418,81907.17050000001,79336.8486674707,78433.067,745.6135714285732,0.008784452031810226,80.47907644747622,1.5,False,RSI_NOT_BELOW_34|CLOSE_NOT_NEAR_OR_BELOW_LOWER_BB
2026-09-21T12:40:47.965035+00:00,SIE_OLD_MR_1R_EXHAUSTION_CONFIRM_V1,BTC,BTCUSDT,strategy-lab-v1.0.0:SIE_OLD_MR_1R_EXHAUSTION_CONFIRM_V1,1789992000000,2026-09-21T12:00:00+00:00,84878.78,85457.35,84798.33,85293.45,84.54455771127918,82106.24350000001,79161.66137508505,78473.5921,755.289285714288,0.008855185078271403,84.17508417508418,1.4999999999999905,False,PLANNED_REWARD_TOO_LOW|RSI_NOT_BELOW_34|CLOSE_NOT_NEAR_OR_BELOW_LOWER_BB
2026-09-21T12:40:47.965035+00:00,SIE_OLD_MR_1R_EXHAUSTION_CONFIRM_V1,SOL,SOLUSDT,strategy-lab-v1.0.0:SIE_OLD_MR_1R_EXHAUSTION_CONFIRM_V1,1789966800000,2026-09-21T05:00:00+00:00,111.44,112.2,111.25,111.74,66.85649202733484,110.054,107.38325927877648,103.9008,1.29857142857143,0.0116213659260017,68.23144104803495,1.5000000000000056,False,RSI_NOT_BELOW_34|CLOSE_NOT_NEAR_OR_BELOW_LOWER_BB|RSI_RECOVERY_NOT_CONFIRMED
2026-09-21T12:40:47.965035+00:00,SIE_OLD_MR_1R_EXHAUSTION_CONFIRM_V1,SOL,SOLUSDT,strategy-lab-v1.0.0:SIE_OLD_MR_1R_EXHAUSTION_CONFIRM_V1,1789970400000,2026-09-21T06:00:00+00:00,111.74,112.54,111.49,112.17,62.10937500000001,110.2645,107.62364048082796,103.9534,1.2157142857142884,0.010838141086870718,66.85649202733484,1.5,False,RSI_NOT_BELOW_34|CLOSE_NOT_NEAR_OR_BELOW_LOWER_BB|RSI_RECOVERY_NOT_CONFIRMED
2026-09-21T12:40:47.965035+00:00,SIE_OLD_MR_1R_EXHAUSTION_CONFIRM_V1,SOL,SOLUSDT,strategy-lab-v1.0.0:SIE_OLD_MR_1R_EXHAUSTION_CONFIRM_V1,1789974000000,2026-09-21T07:00:00+00:00,112.15,112.36,111.35,112.11,65.16393442622952,110.44899999999998,107.83390612023167,104.00524999999999,1.2142857142857173,0.010831198950010858,62.10937500000001,1.5,False,RSI_NOT_BELOW_34|CLOSE_NOT_NEAR_OR_BELOW_LOWER_BB|RSI_RECOVERY_NOT_CONFIRMED
2026-09-21T12:40:47.965035+00:00,SIE_OLD_MR_1R_EXHAUSTION_CONFIRM_V1,SOL,SOLUSDT,strategy-lab-v1.0.0:SIE_OLD_MR_1R_EXHAUSTION_CONFIRM_V1,1789977600000,2026-09-21T08:00:00+00:00,112.07,116.34,112.05,115.32,79.72027972027969,110.79749999999999,107.60108403833263,104.0733,1.4371428571428606,0.01246221693672269,65.16393442622952,1.5000000000000049,False,RSI_NOT_BELOW_34|CLOSE_NOT_NEAR_OR_BELOW_LOWER_BB
2026-09-21T12:40:47.965035+00:00,SIE_OLD_MR_1R_EXHAUSTION_CONFIRM_V1,SOL,SOLUSDT,strategy-lab-v1.0.0:SIE_OLD_MR_1R_EXHAUSTION_CONFIRM_V1,1789981200000,2026-09-21T09:00:00+00:00,115.29,116.84,114.93,115.91,78.76569037656904,111.18299999999999,107.50866142006454,104.1416,1.4642857142857173,0.012632954139295292,79.72027972027969,1.5,False,RSI_NOT_BELOW_34|CLOSE_NOT_NEAR_OR_BELOW_LOWER_BB|RSI_RECOVERY_NOT_CONFIRMED
2026-09-21T12:40:47.965035+00:00,SIE_OLD_MR_1R_EXHAUSTION_CONFIRM_V1,SOL,SOLUSDT,strategy-lab-v1.0.0:SIE_OLD_MR_1R_EXHAUSTION_CONFIRM_V1,1789984800000,2026-09-21T10:00:00+00:00,115.91,116.1,115.46,115.99,81.56484458735264,111.577,107.6257212196553,104.21214999999998,1.4700000000000029,0.012673506336753194,78.76569037656904,1.5,False,RSI_NOT_BELOW_34|CLOSE_NOT_NEAR_OR_BELOW_LOWER_BB
2026-09-21T12:40:47.965035+00:00,SIE_OLD_MR_1R_EXHAUSTION_CONFIRM_V1,SOL,SOLUSDT,strategy-lab-v1.0.0:SIE_OLD_MR_1R_EXHAUSTION_CONFIRM_V1,1789988400000,2026-09-21T11:00:00+00:00,115.99,117.14,115.81,116.78,84.84848484848486,111.977,107.63854359247411,104.28805,1.489285714285717,0.012752917573948596,81.56484458735264,1.4999999999999953,False,PLANNED_REWARD_TOO_LOW|RSI_NOT_BELOW_34|CLOSE_NOT_NEAR_OR_BELOW_LOWER_BB
2026-09-21T12:40:47.965035+00:00,SIE_OLD_MR_1R_EXHAUSTION_CONFIRM_V1,SOL,SOLUSDT,strategy-lab-v1.0.0:SIE_OLD_MR_1R_EXHAUSTION_CONFIRM_V1,1789992000000,2026-09-21T12:00:00+00:00,116.77,118.31,116.15,116.68,81.94130925507906,112.29549999999999,107.57487514729218,104.36295,1.536428571428574,0.013167882854204439,84.84848484848486,1.4999999999999953,False,PLANNED_REWARD_TOO_LOW|RSI_NOT_BELOW_34|CLOSE_NOT_NEAR_OR_BELOW_LOWER_BB|RSI_RECOVERY_NOT_CONFIRMED
2026-09-21T12:40:47.965035+00:00,SIE_OLD_MR_1R_EXHAUSTION_CONFIRM_V1,XRP,XRPUSDT,strategy-lab-v1.0.0:SIE_OLD_MR_1R_EXHAUSTION_CONFIRM_V1,1789966800000,2026-09-21T05:00:00+00:00,1.4184,1.4364,1.4151,1.4298,67.22912966252214,1.40268,1.369694087855577,1.3623684999999996,0.016857142857142855,0.011789860719780988,67.46031746031737,1.5,False,RSI_NOT_BELOW_34|CLOSE_NOT_NEAR_OR_BELOW_LOWER_BB|RSI_RECOVERY_NOT_CONFIRMED
2026-09-21T12:40:47.965035+00:00,SIE_OLD_MR_1R_EXHAUSTION_CONFIRM_V1,XRP,XRPUSDT,strategy-lab-v1.0.0:SIE_OLD_MR_1R_EXHAUSTION_CONFIRM_V1,1789970400000,2026-09-21T06:00:00+00:00,1.4298,1.4414,1.4243,1.436,62.95180722891564,1.40569,1.3720839350711878,1.362733,0.01591428571428572,0.01108237166732989,67.22912966252214,1.4999999999999931,False,PLANNED_REWARD_TOO_LOW|RSI_NOT_BELOW_34|CLOSE_NOT_NEAR_OR_BELOW_LOWER_BB|RSI_RECOVERY_NOT_CONFIRMED
2026-09-21T12:40:47.965035+00:00,SIE_OLD_MR_1R_EXHAUSTION_CONFIRM_V1,XRP,XRPUSDT,strategy-lab-v1.0.0:SIE_OLD_MR_1R_EXHAUSTION_CONFIRM_V1,1789974000000,2026-09-21T07:00:00+00:00,1.4358,1.4449,1.4304,1.4383,68.92895015906663,1.408605,1.374311182772991,1.3630929999999999,0.015807142857142877,0.010990157030621483,62.95180722891564,1.499999999999993,False,PLANNED_REWARD_TOO_LOW|RSI_NOT_BELOW_34|CLOSE_NOT_NEAR_OR_BELOW_LOWER_BB
2026-09-21T12:40:47.965035+00:00,SIE_OLD_MR_1R_EXHAUSTION_CONFIRM_V1,XRP,XRPUSDT,strategy-lab-v1.0.0:SIE_OLD_MR_1R_EXHAUSTION_CONFIRM_V1,1789977600000,2026-09-21T08:00:00+00:00,1.438,1.4863,1.4378,1.4755,77.54789272030638,1.41341,1.3708880574291409,1.363635,0.018228571428571434,0.01235416565813042,68.92895015906663,1.499999999999994,False,PLANNED_REWARD_TOO_LOW|RSI_NOT_BELOW_34|CLOSE_NOT_NEAR_OR_BELOW_LOWER_BB
2026-09-21T12:40:47.965035+00:00,SIE_OLD_MR_1R_EXHAUSTION_CONFIRM_V1,XRP,XRPUSDT,strategy-lab-v1.0.0:SIE_OLD_MR_1R_EXHAUSTION_CONFIRM_V1,1789981200000,2026-09-21T09:00:00+00:00,1.4758,1.4871,1.4694,1.4741,75.75039494470757,1.4182649999999999,1.3715172824086632,1.3641665,0.01852857142857145,0.012569412813629638,77.54789272030638,1.5,False,RSI_NOT_BELOW_34|CLOSE_NOT_NEAR_OR_BELOW_LOWER_BB|RSI_RECOVERY_NOT_CONFIRMED
2026-09-21T12:40:47.965035+00:00,SIE_OLD_MR_1R_EXHAUSTION_CONFIRM_V1,XRP,XRPUSDT,strategy-lab-v1.0.0:SIE_OLD_MR_1R_EXHAUSTION_CONFIRM_V1,1789984800000,2026-09-21T10:00:00+00:00,1.4743,1.4944,1.469,1.4901,80.21505376344074,1.423835,1.3711071601049378,1.364779,0.019850000000000003,0.013321253607140463,75.75039494470757,1.5,False,RSI_NOT_BELOW_34|CLOSE_NOT_NEAR_OR_BELOW_LOWER_BB
2026-09-21T12:40:47.965035+00:00,SIE_OLD_MR_1R_EXHAUSTION_CONFIRM_V1,XRP,XRPUSDT,strategy-lab-v1.0.0:SIE_OLD_MR_1R_EXHAUSTION_CONFIRM_V1,1789988400000,2026-09-21T11:00:00+00:00,1.4901,1.4975,1.4835,1.4855,79.87152034261234,1.42856,1.3716758229381911,1.3653895,0.019785714285714295,0.013319228734913695,80.21505376344074,1.5,False,RSI_NOT_BELOW_34|CLOSE_NOT_NEAR_OR_BELOW_LOWER_BB|RSI_RECOVERY_NOT_CONFIRMED
2026-09-21T12:40:47.965035+00:00,SIE_OLD_MR_1R_EXHAUSTION_CONFIRM_V1,XRP,XRPUSDT,strategy-lab-v1.0.0:SIE_OLD_MR_1R_EXHAUSTION_CONFIRM_V1,1789992000000,2026-09-21T12:00:00+00:00,1.4854,1.4958,1.4825,1.4954,80.16877637130793,1.43282,1.3696589487104658,1.3660474999999999,0.019657142857142866,0.013145073463382952,79.87152034261234,1.5000000000000056,False,RSI_NOT_BELOW_34|CLOSE_NOT_NEAR_OR_BELOW_LOWER_BB
2026-09-21T12:40:47.965035+00:00,SIE_OLD_MR_1R_EXHAUSTION_CONFIRM_V1,DOGE,DOGEUSDT,strategy-lab-v1.0.0:SIE_OLD_MR_1R_EXHAUSTION_CONFIRM_V1,1789966800000,2026-09-21T05:00:00+00:00,0.08825,0.08906,0.08803,0.08838,65.57971014492756,0.086878,0.08431617565005013,0.0840571,0.0011535714285714294,0.013052403581935159,67.9415073115861,1.499999999999994,False,PLANNED_REWARD_TOO_LOW|RSI_NOT_BELOW_34|CLOSE_NOT_NEAR_OR_BELOW_LOWER_BB|RSI_RECOVERY_NOT_CONFIRMED
2026-09-21T12:40:47.965035+00:00,SIE_OLD_MR_1R_EXHAUSTION_CONFIRM_V1,DOGE,DOGEUSDT,strategy-lab-v1.0.0:SIE_OLD_MR_1R_EXHAUSTION_CONFIRM_V1,1789970400000,2026-09-21T06:00:00+00:00,0.08835,0.08944,0.08832,0.08898,60.58091286307059,0.08709399999999999,0.08458878623666644,0.08407880000000001,0.0010935714285714299,0.012290081238159473,65.57971014492756,1.4999999999999936,False,PLANNED_REWARD_TOO_LOW|RSI_NOT_BELOW_34|CLOSE_NOT_NEAR_OR_BELOW_LOWER_BB|RSI_RECOVERY_NOT_CONFIRMED
2026-09-21T12:40:47.965035+00:00,SIE_OLD_MR_1R_EXHAUSTION_CONFIRM_V1,DOGE,DOGEUSDT,strategy-lab-v1.0.0:SIE_OLD_MR_1R_EXHAUSTION_CONFIRM_V1,1789974000000,2026-09-21T07:00:00+00:00,0.08902,0.0898,0.08878,0.08971,68.04260985352872,0.087324,0.08474602870458266,0.08410335,0.001085714285714287,0.012102488972403156,60.58091286307059,1.5000000000000064,False,RSI_NOT_BELOW_34|CLOSE_NOT_NEAR_OR_BELOW_LOWER_BB
2026-09-21T12:40:47.965035+00:00,SIE_OLD_MR_1R_EXHAUSTION_CONFIRM_V1,DOGE,DOGEUSDT,strategy-lab-v1.0.0:SIE_OLD_MR_1R_EXHAUSTION_CONFIRM_V1,1789977600000,2026-09-21T08:00:00+00:00,0.08971,0.09263,0.08968,0.09183,77.82561894510229,0.08765999999999999,0.0846145443690647,0.08413829999999999,0.0012407142857142875,0.013510990805992459,68.04260985352872,1.5,False,RSI_NOT_BELOW_34|CLOSE_NOT_NEAR_OR_BELOW_LOWER_BB
2026-09-21T12:40:47.965035+00:00,SIE_OLD_MR_1R_EXHAUSTION_CONFIRM_V1,DOGE,DOGEUSDT,strategy-lab-v1.0.0:SIE_OLD_MR_1R_EXHAUSTION_CONFIRM_V1,1789981200000,2026-09-21T09:00:00+00:00,0.09181,0.09484,0.09129,0.09211,76.74943566591425,0.08802000000000001,0.0846727025826803,0.08417390000000001,0.0014192857142857162,0.015408595313057391,77.82561894510229,1.5000000000000049,False,RSI_NOT_BELOW_34|CLOSE_NOT_NEAR_OR_BELOW_LOWER_BB|RSI_RECOVERY_NOT_CONFIRMED
2026-09-21T12:40:47.965035+00:00,SIE_OLD_MR_1R_EXHAUSTION_CONFIRM_V1,DOGE,DOGEUSDT,strategy-lab-v1.0.0:SIE_OLD_MR_1R_EXHAUSTION_CONFIRM_V1,1789984800000,2026-09-21T10:00:00+00:00,0.09212,0.09293,0.09174,0.09286,79.05759162303673,0.088409,0.0847272183660631,0.08421355,0.0014692857142857166,0.01582259007415159,76.74943566591425,1.4999999999999953,False,PLANNED_REWARD_TOO_LOW|RSI_NOT_BELOW_34|CLOSE_NOT_NEAR_OR_BELOW_LOWER_BB
2026-09-21T12:40:47.965035+00:00,SIE_OLD_MR_1R_EXHAUSTION_CONFIRM_V1,DOGE,DOGEUSDT,strategy-lab-v1.0.0:SIE_OLD_MR_1R_EXHAUSTION_CONFIRM_V1,1789988400000,2026-09-21T11:00:00+00:00,0.09287,0.09376,0.09245,0.09337,83.35056876938995,0.08878749999999999,0.0847201427498934,0.08425695,0.001472857142857145,0.01577441515323064,79.05759162303673,1.5000000000000047,False,RSI_NOT_BELOW_34|CLOSE_NOT_NEAR_OR_BELOW_LOWER_BB
2026-09-21T12:40:47.965035+00:00,SIE_OLD_MR_1R_EXHAUSTION_CONFIRM_V1,DOGE,DOGEUSDT,strategy-lab-v1.0.0:SIE_OLD_MR_1R_EXHAUSTION_CONFIRM_V1,1789992000000,2026-09-21T12:00:00+00:00,0.09339,0.09393,0.09293,0.09363,82.87234042553202,0.0890965,0.0845695086149856,0.0843016,0.001477857142857145,0.01578401306052702,83.35056876938995,1.5,False,RSI_NOT_BELOW_34|CLOSE_NOT_NEAR_OR_BELOW_LOWER_BB|RSI_RECOVERY_NOT_CONFIRMED
2026-09-21T12:40:47.965035+00:00,SIE_OLD_MR_1R_EXHAUSTION_CONFIRM_V1,BNB,BNBUSDT,strategy-lab-v1.0.0:SIE_OLD_MR_1R_EXHAUSTION_CONFIRM_V1,1789966800000,2026-09-21T05:00:00+00:00,773.43,775.3,770.63,773.11,67.08396287502701,765.693,746.4187673563838,736.0839,7.345000000000003,0.009500588532032962,70.02979145978148,1.5,False,RSI_NOT_BELOW_34|CLOSE_NOT_NEAR_OR_BELOW_LOWER_BB|RSI_RECOVERY_NOT_CONFIRMED
2026-09-21T12:40:47.965035+00:00,SIE_OLD_MR_1R_EXHAUSTION_CONFIRM_V1,BNB,BNBUSDT,strategy-lab-v1.0.0:SIE_OLD_MR_1R_EXHAUSTION_CONFIRM_V1,1789970400000,2026-09-21T06:00:00+00:00,773.36,774.44,770.73,771.88,59.91243006567741,766.851,749.0697898049585,736.3140999999999,7.003571428571433,0.009073394087904122,67.08396287502701,1.4999999999999918,False,PLANNED_REWARD_TOO_LOW|RSI_NOT_BELOW_34|CLOSE_NOT_NEAR_OR_BELOW_LOWER_BB|RSI_RECOVERY_NOT_CONFIRMED
2026-09-21T12:40:47.965035+00:00,SIE_OLD_MR_1R_EXHAUSTION_CONFIRM_V1,BNB,BNBUSDT,strategy-lab-v1.0.0:SIE_OLD_MR_1R_EXHAUSTION_CONFIRM_V1,1789974000000,2026-09-21T07:00:00+00:00,772.55,773.88,766.23,768.71,55.48255550521073,767.6634999999999,751.1467869189946,736.5219999999999,6.965000000000008,0.009060634049251353,59.91243006567741,1.4999999999999918,False,PLANNED_REWARD_TOO_LOW|RSI_NOT_BELOW_34|CLOSE_NOT_NEAR_OR_BELOW_LOWER_BB|RSI_RECOVERY_NOT_CONFIRMED
2026-09-21T12:40:47.965035+00:00,SIE_OLD_MR_1R_EXHAUSTION_CONFIRM_V1,BNB,BNBUSDT,strategy-lab-v1.0.0:SIE_OLD_MR_1R_EXHAUSTION_CONFIRM_V1,1789977600000,2026-09-21T08:00:00+00:00,768.72,782.96,768.72,781.49,64.0964735976613,769.1254999999999,753.1576805182967,736.7899000000001,7.397142857142861,0.009465435075487673,55.48255550521073,1.5,False,RSI_NOT_BELOW_34|CLOSE_NOT_NEAR_OR_BELOW_LOWER_BB
2026-09-21T12:40:47.965035+00:00,SIE_OLD_MR_1R_EXHAUSTION_CONFIRM_V1,BNB,BNBUSDT,strategy-lab-v1.0.0:SIE_OLD_MR_1R_EXHAUSTION_CONFIRM_V1,1789981200000,2026-09-21T09:00:00+00:00,781.48,786.51,779.72,783.67,63.25042079670842,770.7205,755.6585951071829,737.0677000000001,7.5457142857142845,0.009628688460339537,64.0964735976613,1.4999999999999925,False,PLANNED_REWARD_TOO_LOW|RSI_NOT_BELOW_34|CLOSE_NOT_NEAR_OR_BELOW_LOWER_BB|RSI_RECOVERY_NOT_CONFIRMED
2026-09-21T12:40:47.965035+00:00,SIE_OLD_MR_1R_EXHAUSTION_CONFIRM_V1,BNB,BNBUSDT,strategy-lab-v1.0.0:SIE_OLD_MR_1R_EXHAUSTION_CONFIRM_V1,1789984800000,2026-09-21T10:00:00+00:00,783.72,786.57,781.86,784.53,65.64452015900056,772.292,758.398599264389,737.3515000000001,7.447142857142857,0.009492489588853016,63.25042079670842,1.5,False,RSI_NOT_BELOW_34|CLOSE_NOT_NEAR_OR_BELOW_LOWER_BB
2026-09-21T12:40:47.965035+00:00,SIE_OLD_MR_1R_EXHAUSTION_CONFIRM_V1,BNB,BNBUSDT,strategy-lab-v1.0.0:SIE_OLD_MR_1R_EXHAUSTION_CONFIRM_V1,1789988400000,2026-09-21T11:00:00+00:00,784.37,793.81,784.28,790.54,71.83968926553678,773.9549999999999,759.690001577277,737.6697,7.733571428571428,0.009782644051624748,65.64452015900056,1.5,False,RSI_NOT_BELOW_34|CLOSE_NOT_NEAR_OR_BELOW_LOWER_BB
2026-09-21T12:40:47.965035+00:00,SIE_OLD_MR_1R_EXHAUSTION_CONFIRM_V1,BNB,BNBUSDT,strategy-lab-v1.0.0:SIE_OLD_MR_1R_EXHAUSTION_CONFIRM_V1,1789992000000,2026-09-21T12:00:00+00:00,789.64,814.41,787.74,788.92,64.78957915831666,775.2144999999999,760.3475924869933,737.98295,8.744285714285711,0.011083868724694154,71.83968926553678,1.5,False,RSI_NOT_BELOW_34|CLOSE_NOT_NEAR_OR_BELOW_LOWER_BB|RSI_RECOVERY_NOT_CONFIRMED
2026-09-21T12:40:47.965035+00:00,SIE_OLD_MR_1R_EXHAUSTION_CONFIRM_V1,PAXG,PAXGUSDT,strategy-lab-v1.0.0:SIE_OLD_MR_1R_EXHAUSTION_CONFIRM_V1,1789966800000,2026-09-21T05:00:00+00:00,4348.99,4355.76,4345.0,4346.88,35.62664329535575,4359.467,4349.7487283428845,4337.50735,8.275000000000025,0.0019036642373380505,37.870774890779984,1.5,False,RSI_NOT_BELOW_34|RSI_RECOVERY_NOT_CONFIRMED
2026-09-21T12:40:47.965035+00:00,SIE_OLD_MR_1R_EXHAUSTION_CONFIRM_V1,PAXG,PAXGUSDT,strategy-lab-v1.0.0:SIE_OLD_MR_1R_EXHAUSTION_CONFIRM_V1,1789970400000,2026-09-21T06:00:00+00:00,4345.69,4348.8,4340.68,4344.69,30.201193897855575,4358.6815,4347.042143875132,4337.4627,8.219285714285693,0.001891800269820331,35.62664329535575,1.5,False,RSI_RECOVERY_NOT_CONFIRMED
2026-09-21T12:40:47.965035+00:00,SIE_OLD_MR_1R_EXHAUSTION_CONFIRM_V1,PAXG,PAXGUSDT,strategy-lab-v1.0.0:SIE_OLD_MR_1R_EXHAUSTION_CONFIRM_V1,1789974000000,2026-09-21T07:00:00+00:00,4344.32,4350.14,4338.0,4341.62,30.015381234893766,4357.8215,4344.010948562729,4337.40125,8.58499999999997,0.001977372501508647,30.201193897855575,1.500000000000053,False,RSI_RECOVERY_NOT_CONFIRMED
2026-09-21T12:40:47.965035+00:00,SIE_OLD_MR_1R_EXHAUSTION_CONFIRM_V1,PAXG,PAXGUSDT,strategy-lab-v1.0.0:SIE_OLD_MR_1R_EXHAUSTION_CONFIRM_V1,1789977600000,2026-09-21T08:00:00+00:00,4342.2,4352.85,4342.19,4348.05,38.67924528301917,4357.2384999999995,4342.824793641067,4337.3668,9.182857142857172,0.0021119483775157073,30.015381234893766,1.4999999999999505,False,PLANNED_REWARD_TOO_LOW|RSI_NOT_BELOW_34|CLOSE_NOT_NEAR_OR_BELOW_LOWER_BB
2026-09-21T12:40:47.965035+00:00,SIE_OLD_MR_1R_EXHAUSTION_CONFIRM_V1,PAXG,PAXGUSDT,strategy-lab-v1.0.0:SIE_OLD_MR_1R_EXHAUSTION_CONFIRM_V1,1789981200000,2026-09-21T09:00:00+00:00,4346.17,4349.38,4337.78,4341.77,28.994413407822705,4356.3805,4340.50306510007,4337.30995,9.628571428571506,0.002217660407753406,38.67924528301917,1.5,False,CLOSE_NOT_NEAR_OR_BELOW_LOWER_BB|RSI_RECOVERY_NOT_CONFIRMED
2026-09-21T12:40:47.965035+00:00,SIE_OLD_MR_1R_EXHAUSTION_CONFIRM_V1,PAXG,PAXGUSDT,strategy-lab-v1.0.0:SIE_OLD_MR_1R_EXHAUSTION_CONFIRM_V1,1789984800000,2026-09-21T10:00:00+00:00,4342.32,4350.93,4339.71,4339.71,28.637116056650314,4355.3765,4338.018013574003,4337.22695,10.167857142857233,0.0023429807850886887,28.994413407822705,1.5000000000000446,False,CLOSE_NOT_NEAR_OR_BELOW_LOWER_BB|RSI_RECOVERY_NOT_CONFIRMED
2026-09-21T12:40:47.965035+00:00,SIE_OLD_MR_1R_EXHAUSTION_CONFIRM_V1,PAXG,PAXGUSDT,strategy-lab-v1.0.0:SIE_OLD_MR_1R_EXHAUSTION_CONFIRM_V1,1789988400000,2026-09-21T11:00:00+00:00,4337.93,4365.25,4337.93,4364.35,50.57324840764363,4355.593999999999,4337.903403175654,4337.27025,11.820000000000098,0.002708307078946486,28.637116056650314,1.5,False,RSI_NOT_BELOW_34|CLOSE_NOT_NEAR_OR_BELOW_LOWER_BB
2026-09-21T12:40:47.965035+00:00,SIE_OLD_MR_1R_EXHAUSTION_CONFIRM_V1,PAXG,PAXGUSDT,strategy-lab-v1.0.0:SIE_OLD_MR_1R_EXHAUSTION_CONFIRM_V1,1789992000000,2026-09-21T12:00:00+00:00,4362.38,4368.52,4348.07,4353.92,43.13272496245813,4355.16,4337.754614626457,4337.25735,12.648571428571554,0.0029050996409147514,50.57324840764363,1.5,False,RSI_NOT_BELOW_34|CLOSE_NOT_NEAR_OR_BELOW_LOWER_BB|RSI_RECOVERY_NOT_CONFIRMED
2026-09-21T19:20:12.056654+00:00,SIE_OLD_MR_1R_EXHAUSTION_CONFIRM_V1,BTC,BTCUSDT,strategy-lab-v1.0.0:SIE_OLD_MR_1R_EXHAUSTION_CONFIRM_V1,1789995600000,2026-09-21T13:00:00+00:00,85300.0,85829.95,84753.25,85443.42,85.4437983405758,82322.2755,79077.47642256171,78514.3848,816.520000000002,0.009556265421023667,84.56161037648447,1.4999999999999911,False,PLANNED_REWARD_TOO_LOW|RSI_NOT_BELOW_34|CLOSE_NOT_NEAR_OR_BELOW_LOWER_BB
2026-09-21T19:20:12.056654+00:00,SIE_OLD_MR_1R_EXHAUSTION_CONFIRM_V1,BTC,BTCUSDT,strategy-lab-v1.0.0:SIE_OLD_MR_1R_EXHAUSTION_CONFIRM_V1,1789999200000,2026-09-21T14:00:00+00:00,85444.68,86150.0,85006.89,85832.71,85.34285104908156,82562.895,79038.3038848796,78558.04965,848.8892857142876,0.009890044083593393,85.4437983405758,1.5000000000000087,False,RSI_NOT_BELOW_34|CLOSE_NOT_NEAR_OR_BELOW_LOWER_BB|RSI_RECOVERY_NOT_CONFIRMED
2026-09-21T19:20:12.056654+00:00,SIE_OLD_MR_1R_EXHAUSTION_CONFIRM_V1,BTC,BTCUSDT,strategy-lab-v1.0.0:SIE_OLD_MR_1R_EXHAUSTION_CONFIRM_V1,1790002800000,2026-09-21T15:00:00+00:00,85832.38,86354.94,85777.23,85933.17,95.21314320824234,82801.43149999999,79049.81321515584,78602.2146,800.8907142857164,0.009319925173081785,85.34285104908156,1.5,False,RSI_NOT_BELOW_34|CLOSE_NOT_NEAR_OR_BELOW_LOWER_BB
2026-09-21T19:20:12.056654+00:00,SIE_OLD_MR_1R_EXHAUSTION_CONFIRM_V1,BTC,BTCUSDT,strategy-lab-v1.0.0:SIE_OLD_MR_1R_EXHAUSTION_CONFIRM_V1,1790006400000,2026-09-21T16:00:00+00:00,85933.17,86149.99,85606.51,85967.88,94.94427242197364,83046.152,79141.89838448906,78648.16554999999,798.5821428571455,0.009289308319073885,95.21314320824234,1.499999999999991,False,PLANNED_REWARD_TOO_LOW|RSI_NOT_BELOW_34|CLOSE_NOT_NEAR_OR_BELOW_LOWER_BB|RSI_RECOVERY_NOT_CONFIRMED
2026-09-21T19:20:12.056654+00:00,SIE_OLD_MR_1R_EXHAUSTION_CONFIRM_V1,BTC,BTCUSDT,strategy-lab-v1.0.0:SIE_OLD_MR_1R_EXHAUSTION_CONFIRM_V1,1790010000000,2026-09-21T17:00:00+00:00,85967.89,86137.43,85682.08,85902.12,93.62163023290131,83295.244,79330.08911176393,78693.84569999999,806.9550000000017,0.009393889231138904,94.94427242197364,1.499999999999991,False,PLANNED_REWARD_TOO_LOW|RSI_NOT_BELOW_34|CLOSE_NOT_NEAR_OR_BELOW_LOWER_BB|RSI_RECOVERY_NOT_CONFIRMED
2026-09-21T19:20:12.056654+00:00,SIE_OLD_MR_1R_EXHAUSTION_CONFIRM_V1,BTC,BTCUSDT,strategy-lab-v1.0.0:SIE_OLD_MR_1R_EXHAUSTION_CONFIRM_V1,1790013600000,2026-09-21T18:00:00+00:00,85907.4,86090.24,85799.7,86071.78,94.5517850509092,83539.008,79520.84238702798,78740.99245,807.7085714285734,0.009384127659827336,93.62163023290131,1.5,False,RSI_NOT_BELOW_34|CLOSE_NOT_NEAR_OR_BELOW_LOWER_BB
2026-09-21T19:20:12.056654+00:00,SIE_OLD_MR_1R_EXHAUSTION_CONFIRM_V1,BTC,BTCUSDT,strategy-lab-v1.0.0:SIE_OLD_MR_1R_EXHAUSTION_CONFIRM_V1,1790017200000,2026-09-21T19:00:00+00:00,86071.79,86266.97,85971.79,86261.16,94.57039130204811,83794.084,79764.798242387,78788.5026,792.2921428571457,0.009184807425000378,94.5517850509092,1.499999999999991,False,PLANNED_REWARD_TOO_LOW|RSI_NOT_BELOW_34|CLOSE_NOT_NEAR_OR_BELOW_LOWER_BB
2026-09-21T19:20:12.056654+00:00,SIE_OLD_MR_1R_EXHAUSTION_CONFIRM_V1,SOL,SOLUSDT,strategy-lab-v1.0.0:SIE_OLD_MR_1R_EXHAUSTION_CONFIRM_V1,1789995600000,2026-09-21T13:00:00+00:00,116.79,118.38,116.68,118.02,84.80243161094224,112.708,107.49132443025223,104.4447,1.5950000000000009,0.013514658532452135,82.91571753986332,1.5,False,RSI_NOT_BELOW_34|CLOSE_NOT_NEAR_OR_BELOW_LOWER_BB
2026-09-21T19:20:12.056654+00:00,SIE_OLD_MR_1R_EXHAUSTION_CONFIRM_V1,SOL,SOLUSDT,strategy-lab-v1.0.0:SIE_OLD_MR_1R_EXHAUSTION_CONFIRM_V1,1789999200000,2026-09-21T14:00:00+00:00,118.01,118.86,117.31,118.04,82.87671232876713,113.1415,107.67161782576594,104.52879999999999,1.5785714285714292,0.01337319068596602,84.80243161094224,1.4999999999999956,False,PLANNED_REWARD_TOO_LOW|RSI_NOT_BELOW_34|CLOSE_NOT_NEAR_OR_BELOW_LOWER_BB|RSI_RECOVERY_NOT_CONFIRMED
2026-09-21T19:20:12.056654+00:00,SIE_OLD_MR_1R_EXHAUSTION_CONFIRM_V1,SOL,SOLUSDT,strategy-lab-v1.0.0:SIE_OLD_MR_1R_EXHAUSTION_CONFIRM_V1,1790002800000,2026-09-21T15:00:00+00:00,118.0,119.14,117.36,117.94,96.67110519307572,113.518,107.82014917710163,104.61505000000001,1.5157142857142856,0.012851571016739746,82.87671232876713,1.5000000000000047,False,RSI_NOT_BELOW_34|CLOSE_NOT_NEAR_OR_BELOW_LOWER_BB|RSI_RECOVERY_NOT_CONFIRMED
2026-09-21T19:20:12.056654+00:00,SIE_OLD_MR_1R_EXHAUSTION_CONFIRM_V1,SOL,SOLUSDT,strategy-lab-v1.0.0:SIE_OLD_MR_1R_EXHAUSTION_CONFIRM_V1,1790006400000,2026-09-21T16:00:00+00:00,117.93,118.34,116.77,117.52,91.2646675358538,113.88900000000001,108.16347853903211,104.70279999999998,1.5342857142857156,0.013055528542254217,96.67110519307572,1.5,False,RSI_NOT_BELOW_34|CLOSE_NOT_NEAR_OR_BELOW_LOWER_BB|RSI_RECOVERY_NOT_CONFIRMED
2026-09-21T19:20:12.056654+00:00,SIE_OLD_MR_1R_EXHAUSTION_CONFIRM_V1,SOL,SOLUSDT,strategy-lab-v1.0.0:SIE_OLD_MR_1R_EXHAUSTION_CONFIRM_V1,1790010000000,2026-09-21T17:00:00+00:00,117.53,117.94,116.63,117.19,86.92810457516325,114.25450000000001,108.66771747335696,104.78960000000001,1.5735714285714297,0.013427523069984041,91.2646675358538,1.5,False,RSI_NOT_BELOW_34|CLOSE_NOT_NEAR_OR_BELOW_LOWER_BB|RSI_RECOVERY_NOT_CONFIRMED
2026-09-21T19:20:12.056654+00:00,SIE_OLD_MR_1R_EXHAUSTION_CONFIRM_V1,SOL,SOLUSDT,strategy-lab-v1.0.0:SIE_OLD_MR_1R_EXHAUSTION_CONFIRM_V1,1790013600000,2026-09-21T18:00:00+00:00,117.18,117.86,116.85,117.74,88.77928483353872,114.59049999999999,109.0139509775306,104.88064999999999,1.5900000000000014,0.01350433157805335,86.92810457516325,1.5,False,RSI_NOT_BELOW_34|CLOSE_NOT_NEAR_OR_BELOW_LOWER_BB
2026-09-21T19:20:12.056654+00:00,SIE_OLD_MR_1R_EXHAUSTION_CONFIRM_V1,SOL,SOLUSDT,strategy-lab-v1.0.0:SIE_OLD_MR_1R_EXHAUSTION_CONFIRM_V1,1790017200000,2026-09-21T19:00:00+00:00,117.74,117.75,117.25,117.64,87.24747474747471,114.91499999999999,109.42235218678599,104.96990000000001,1.557857142857144,0.01324258026910187,88.77928483353872,1.4999999999999953,False,PLANNED_REWARD_TOO_LOW|RSI_NOT_BELOW_34|CLOSE_NOT_NEAR_OR_BELOW_LOWER_BB|RSI_RECOVERY_NOT_CONFIRMED
2026-09-21T19:20:12.056654+00:00,SIE_OLD_MR_1R_EXHAUSTION_CONFIRM_V1,XRP,XRPUSDT,strategy-lab-v1.0.0:SIE_OLD_MR_1R_EXHAUSTION_CONFIRM_V1,1789995600000,2026-09-21T13:00:00+00:00,1.4872,1.4971,1.4711,1.4897,79.27994121969132,1.43676,1.3719706984140145,1.3666155,0.020900000000000012,0.014029670403436941,78.93950709484682,1.5000000000000053,False,RSI_NOT_BELOW_34|CLOSE_NOT_NEAR_OR_BELOW_LOWER_BB
2026-09-21T19:20:12.056654+00:00,SIE_OLD_MR_1R_EXHAUSTION_CONFIRM_V1,XRP,XRPUSDT,strategy-lab-v1.0.0:SIE_OLD_MR_1R_EXHAUSTION_CONFIRM_V1,1789999200000,2026-09-21T14:00:00+00:00,1.4899,1.507,1.475,1.497,77.96874999999991,1.44143,1.3734868443476478,1.3672980000000001,0.021542857142857134,0.014390686134173101,79.27994121969132,1.499999999999995,False,PLANNED_REWARD_TOO_LOW|RSI_NOT_BELOW_34|CLOSE_NOT_NEAR_OR_BELOW_LOWER_BB|RSI_RECOVERY_NOT_CONFIRMED
2026-09-21T19:20:12.056654+00:00,SIE_OLD_MR_1R_EXHAUSTION_CONFIRM_V1,XRP,XRPUSDT,strategy-lab-v1.0.0:SIE_OLD_MR_1R_EXHAUSTION_CONFIRM_V1,1790002800000,2026-09-21T15:00:00+00:00,1.4968,1.509,1.4847,1.495,88.9483065953653,1.445735,1.37570322792475,1.3679850000000002,0.02077142857142857,0.013893932154801718,77.96874999999991,1.4999999999999947,False,PLANNED_REWARD_TOO_LOW|RSI_NOT_BELOW_34|CLOSE_NOT_NEAR_OR_BELOW_LOWER_BB|RSI_RECOVERY_NOT_CONFIRMED
2026-09-21T19:20:12.056654+00:00,SIE_OLD_MR_1R_EXHAUSTION_CONFIRM_V1,XRP,XRPUSDT,strategy-lab-v1.0.0:SIE_OLD_MR_1R_EXHAUSTION_CONFIRM_V1,1790006400000,2026-09-21T16:00:00+00:00,1.4948,1.5038,1.4804,1.4892,83.48457350272221,1.449905,1.3799494862787802,1.368694,0.021271428571428577,0.01428379571006485,88.9483065953653,1.5,False,RSI_NOT_BELOW_34|CLOSE_NOT_NEAR_OR_BELOW_LOWER_BB|RSI_RECOVERY_NOT_CONFIRMED
2026-09-21T19:20:12.056654+00:00,SIE_OLD_MR_1R_EXHAUSTION_CONFIRM_V1,XRP,XRPUSDT,strategy-lab-v1.0.0:SIE_OLD_MR_1R_EXHAUSTION_CONFIRM_V1,1790010000000,2026-09-21T17:00:00+00:00,1.4892,1.5,1.4874,1.4955,83.3333333333332,1.45459,1.385604932050481,1.369452,0.021421428571428574,0.01432392415341262,83.48457350272221,1.499999999999995,False,PLANNED_REWARD_TOO_LOW|RSI_NOT_BELOW_34|CLOSE_NOT_NEAR_OR_BELOW_LOWER_BB|RSI_RECOVERY_NOT_CONFIRMED
2026-09-21T19:20:12.056654+00:00,SIE_OLD_MR_1R_EXHAUSTION_CONFIRM_V1,XRP,XRPUSDT,strategy-lab-v1.0.0:SIE_OLD_MR_1R_EXHAUSTION_CONFIRM_V1,1790013600000,2026-09-21T18:00:00+00:00,1.4958,1.5148,1.4918,1.5094,88.37405223251895,1.45958,1.3898996842716702,1.3702985,0.02237857142857142,0.014826137159514655,83.3333333333332,1.5,False,RSI_NOT_BELOW_34|CLOSE_NOT_NEAR_OR_BELOW_LOWER_BB
2026-09-21T19:20:12.056654+00:00,SIE_OLD_MR_1R_EXHAUSTION_CONFIRM_V1,XRP,XRPUSDT,strategy-lab-v1.0.0:SIE_OLD_MR_1R_EXHAUSTION_CONFIRM_V1,1790017200000,2026-09-21T19:00:00+00:00,1.5094,1.51,1.5008,1.5052,83.84201077199283,1.46434,1.3958614077247515,1.3711105000000001,0.021514285714285725,0.014293307011882623,88.37405223251895,1.5,False,RSI_NOT_BELOW_34|CLOSE_NOT_NEAR_OR_BELOW_LOWER_BB|RSI_RECOVERY_NOT_CONFIRMED
2026-09-21T19:20:12.056654+00:00,SIE_OLD_MR_1R_EXHAUSTION_CONFIRM_V1,DOGE,DOGEUSDT,strategy-lab-v1.0.0:SIE_OLD_MR_1R_EXHAUSTION_CONFIRM_V1,1789995600000,2026-09-21T13:00:00+00:00,0.09344,0.0944,0.09244,0.09322,81.75965665236055,0.089399,0.0846717686750071,0.08434265,0.001586428571428574,0.017018113832102274,82.55687973997843,1.5,False,RSI_NOT_BELOW_34|CLOSE_NOT_NEAR_OR_BELOW_LOWER_BB|RSI_RECOVERY_NOT_CONFIRMED
2026-09-21T19:20:12.056654+00:00,SIE_OLD_MR_1R_EXHAUSTION_CONFIRM_V1,DOGE,DOGEUSDT,strategy-lab-v1.0.0:SIE_OLD_MR_1R_EXHAUSTION_CONFIRM_V1,1789999200000,2026-09-21T14:00:00+00:00,0.09327,0.09528,0.09212,0.09498,82.3100936524454,0.08981499999999999,0.08467850508615127,0.08439554999999999,0.0016907142857142884,0.017800740005414702,81.75965665236055,1.499999999999996,False,PLANNED_REWARD_TOO_LOW|RSI_NOT_BELOW_34|CLOSE_NOT_NEAR_OR_BELOW_LOWER_BB
2026-09-21T19:20:12.056654+00:00,SIE_OLD_MR_1R_EXHAUSTION_CONFIRM_V1,DOGE,DOGEUSDT,strategy-lab-v1.0.0:SIE_OLD_MR_1R_EXHAUSTION_CONFIRM_V1,1790002800000,2026-09-21T15:00:00+00:00,0.09493,0.09813,0.09483,0.09733,96.24765478424017,0.090313,0.0843555673314763,0.08446145,0.0017450000000000024,0.017928696188225648,82.3100936524454,1.5,False,RSI_NOT_BELOW_34|CLOSE_NOT_NEAR_OR_BELOW_LOWER_BB
2026-09-21T19:20:12.056654+00:00,SIE_OLD_MR_1R_EXHAUSTION_CONFIRM_V1,DOGE,DOGEUSDT,strategy-lab-v1.0.0:SIE_OLD_MR_1R_EXHAUSTION_CONFIRM_V1,1790006400000,2026-09-21T16:00:00+00:00,0.09729,0.098,0.0952,0.09667,90.07490636704128,0.090781,0.0843861899168159,0.08452715000000001,0.001855714285714288,0.01919638239075502,96.24765478424017,1.5,False,RSI_NOT_BELOW_34|CLOSE_NOT_NEAR_OR_BELOW_LOWER_BB|RSI_RECOVERY_NOT_CONFIRMED
2026-09-21T19:20:12.056654+00:00,SIE_OLD_MR_1R_EXHAUSTION_CONFIRM_V1,DOGE,DOGEUSDT,strategy-lab-v1.0.0:SIE_OLD_MR_1R_EXHAUSTION_CONFIRM_V1,1790010000000,2026-09-21T17:00:00+00:00,0.09665,0.09908,0.09648,0.09738,90.42457091237586,0.09130400000000001,0.08455660227939744,0.0845961,0.0019885714285714307,0.020420737611125804,90.07490636704128,1.5000000000000036,False,RSI_NOT_BELOW_34|CLOSE_NOT_NEAR_OR_BELOW_LOWER_BB
2026-09-21T19:20:12.056654+00:00,SIE_OLD_MR_1R_EXHAUSTION_CONFIRM_V1,DOGE,DOGEUSDT,strategy-lab-v1.0.0:SIE_OLD_MR_1R_EXHAUSTION_CONFIRM_V1,1790013600000,2026-09-21T18:00:00+00:00,0.09736,0.09995,0.09691,0.09964,93.16628701594534,0.09191350000000001,0.08449942345602016,0.0846778,0.002145000000000002,0.02152749899638701,90.42457091237586,1.5,False,RSI_NOT_BELOW_34|CLOSE_NOT_NEAR_OR_BELOW_LOWER_BB
2026-09-21T19:20:12.056654+00:00,SIE_OLD_MR_1R_EXHAUSTION_CONFIRM_V1,DOGE,DOGEUSDT,strategy-lab-v1.0.0:SIE_OLD_MR_1R_EXHAUSTION_CONFIRM_V1,1790017200000,2026-09-21T19:00:00+00:00,0.09963,0.09999,0.09827,0.09867,86.671418389166,0.09248200000000001,0.08483027182918841,0.08475349999999998,0.002194285714285716,0.022238630934283125,93.16628701594534,1.499999999999997,False,PLANNED_REWARD_TOO_LOW|RSI_NOT_BELOW_34|CLOSE_NOT_NEAR_OR_BELOW_LOWER_BB|RSI_RECOVERY_NOT_CONFIRMED
2026-09-21T19:20:12.056654+00:00,SIE_OLD_MR_1R_EXHAUSTION_CONFIRM_V1,BNB,BNBUSDT,strategy-lab-v1.0.0:SIE_OLD_MR_1R_EXHAUSTION_CONFIRM_V1,1789995600000,2026-09-21T13:00:00+00:00,790.14,796.17,785.93,794.11,71.41169521559364,776.789,760.5426946969378,738.3295999999999,9.162142857142856,0.011537624330562334,66.45426515930117,1.4999999999999938,False,PLANNED_REWARD_TOO_LOW|RSI_NOT_BELOW_34|CLOSE_NOT_NEAR_OR_BELOW_LOWER_BB
2026-09-21T19:20:12.056654+00:00,SIE_OLD_MR_1R_EXHAUSTION_CONFIRM_V1,BNB,BNBUSDT,strategy-lab-v1.0.0:SIE_OLD_MR_1R_EXHAUSTION_CONFIRM_V1,1789999200000,2026-09-21T14:00:00+00:00,794.38,799.17,791.46,797.36,69.08665105386423,778.354,760.584462695942,738.7089500000001,8.97499999999999,0.011255894451690568,71.41169521559364,1.5000000000000064,False,RSI_NOT_BELOW_34|CLOSE_NOT_NEAR_OR_BELOW_LOWER_BB|RSI_RECOVERY_NOT_CONFIRMED
2026-09-21T19:20:12.056654+00:00,SIE_OLD_MR_1R_EXHAUSTION_CONFIRM_V1,BNB,BNBUSDT,strategy-lab-v1.0.0:SIE_OLD_MR_1R_EXHAUSTION_CONFIRM_V1,1790002800000,2026-09-21T15:00:00+00:00,797.39,807.12,797.39,803.39,80.40117007939827,780.0485,759.7026716560785,739.1151999999998,8.889285714285702,0.01106472039020364,69.08665105386423,1.5,False,RSI_NOT_BELOW_34|CLOSE_NOT_NEAR_OR_BELOW_LOWER_BB
2026-09-21T19:20:12.056654+00:00,SIE_OLD_MR_1R_EXHAUSTION_CONFIRM_V1,BNB,BNBUSDT,strategy-lab-v1.0.0:SIE_OLD_MR_1R_EXHAUSTION_CONFIRM_V1,1790006400000,2026-09-21T16:00:00+00:00,802.9,803.15,794.59,797.78,70.04396482813745,781.5375,760.5867913007619,739.5161499999999,8.83499999999998,0.011074481686680513,80.40117007939827,1.5000000000000064,False,RSI_NOT_BELOW_34|CLOSE_NOT_NEAR_OR_BELOW_LOWER_BB|RSI_RECOVERY_NOT_CONFIRMED
2026-09-21T19:20:12.056654+00:00,SIE_OLD_MR_1R_EXHAUSTION_CONFIRM_V1,BNB,BNBUSDT,strategy-lab-v1.0.0:SIE_OLD_MR_1R_EXHAUSTION_CONFIRM_V1,1790010000000,2026-09-21T17:00:00+00:00,797.89,799.39,793.5,795.91,68.49716630838378,783.043,762.5089783773285,739.91535,8.992857142857124,0.011298836731360486,70.04396482813745,1.4999999999999938,False,PLANNED_REWARD_TOO_LOW|RSI_NOT_BELOW_34|CLOSE_NOT_NEAR_OR_BELOW_LOWER_BB|RSI_RECOVERY_NOT_CONFIRMED
2026-09-21T19:20:12.056654+00:00,SIE_OLD_MR_1R_EXHAUSTION_CONFIRM_V1,BNB,BNBUSDT,strategy-lab-v1.0.0:SIE_OLD_MR_1R_EXHAUSTION_CONFIRM_V1,1790013600000,2026-09-21T18:00:00+00:00,796.0,801.36,794.99,801.02,76.39338025489826,784.3860000000001,762.8619572570499,740.34715,9.053571428571413,0.011302553529963563,68.49716630838378,1.4999999999999938,False,PLANNED_REWARD_TOO_LOW|RSI_NOT_BELOW_34|CLOSE_NOT_NEAR_OR_BELOW_LOWER_BB
2026-09-21T19:20:12.056654+00:00,SIE_OLD_MR_1R_EXHAUSTION_CONFIRM_V1,BNB,BNBUSDT,strategy-lab-v1.0.0:SIE_OLD_MR_1R_EXHAUSTION_CONFIRM_V1,1790017200000,2026-09-21T19:00:00+00:00,800.81,801.7,799.83,800.87,76.40791476407917,785.8115,763.8894624350208,740.77185,8.853571428571415,0.011054942036249847,76.39338025489826,1.5000000000000064,False,RSI_NOT_BELOW_34|CLOSE_NOT_NEAR_OR_BELOW_LOWER_BB|RSI_RECOVERY_NOT_CONFIRMED
2026-09-21T19:20:12.056654+00:00,SIE_OLD_MR_1R_EXHAUSTION_CONFIRM_V1,PAXG,PAXGUSDT,strategy-lab-v1.0.0:SIE_OLD_MR_1R_EXHAUSTION_CONFIRM_V1,1789995600000,2026-09-21T13:00:00+00:00,4357.21,4362.5,4343.86,4344.33,40.042895442359594,4354.5235,4336.617950832172,4337.20985,13.515714285714434,0.003111115934036879,44.547840610832694,1.4999999999999662,False,PLANNED_REWARD_TOO_LOW|RSI_NOT_BELOW_34|CLOSE_NOT_NEAR_OR_BELOW_LOWER_BB|RSI_RECOVERY_NOT_CONFIRMED
2026-09-21T19:20:12.056654+00:00,SIE_OLD_MR_1R_EXHAUSTION_CONFIRM_V1,PAXG,PAXGUSDT,strategy-lab-v1.0.0:SIE_OLD_MR_1R_EXHAUSTION_CONFIRM_V1,1789999200000,2026-09-21T14:00:00+00:00,4343.63,4343.63,4321.46,4338.55,39.13635887223603,4353.4605,4334.446559351058,4337.1268,14.215714285714446,0.003276604922316084,40.042895442359594,1.5,False,RSI_NOT_BELOW_34|CLOSE_NOT_NEAR_OR_BELOW_LOWER_BB|RSI_RECOVERY_NOT_CONFIRMED
2026-09-21T19:20:12.056654+00:00,SIE_OLD_MR_1R_EXHAUSTION_CONFIRM_V1,PAXG,PAXGUSDT,strategy-lab-v1.0.0:SIE_OLD_MR_1R_EXHAUSTION_CONFIRM_V1,1790002800000,2026-09-21T15:00:00+00:00,4340.21,4351.37,4339.84,4345.26,39.41575378195113,4352.507,4333.859916474646,4337.0765,14.050000000000116,0.0032334083576126896,39.13635887223603,1.5000000000000324,False,RSI_NOT_BELOW_34|CLOSE_NOT_NEAR_OR_BELOW_LOWER_BB
2026-09-21T19:20:12.056654+00:00,SIE_OLD_MR_1R_EXHAUSTION_CONFIRM_V1,PAXG,PAXGUSDT,strategy-lab-v1.0.0:SIE_OLD_MR_1R_EXHAUSTION_CONFIRM_V1,1790006400000,2026-09-21T16:00:00+00:00,4344.29,4354.24,4340.0,4340.72,41.3393150235257,4351.396,4332.719982865676,4337.0043,14.231428571428685,0.0032785870941753176,39.41575378195113,1.499999999999968,False,PLANNED_REWARD_TOO_LOW|RSI_NOT_BELOW_34|CLOSE_NOT_NEAR_OR_BELOW_LOWER_BB|RSI_RECOVERY_NOT_CONFIRMED
2026-09-21T19:20:12.056654+00:00,SIE_OLD_MR_1R_EXHAUSTION_CONFIRM_V1,PAXG,PAXGUSDT,strategy-lab-v1.0.0:SIE_OLD_MR_1R_EXHAUSTION_CONFIRM_V1,1790010000000,2026-09-21T17:00:00+00:00,4340.0,4343.73,4336.45,4343.36,44.9011330815373,4350.3915,4332.263808172258,4336.96185,14.110714285714364,0.0032488014545684367,41.3393150235257,1.5,False,RSI_NOT_BELOW_34|CLOSE_NOT_NEAR_OR_BELOW_LOWER_BB
2026-09-21T19:20:12.056654+00:00,SIE_OLD_MR_1R_EXHAUSTION_CONFIRM_V1,PAXG,PAXGUSDT,strategy-lab-v1.0.0:SIE_OLD_MR_1R_EXHAUSTION_CONFIRM_V1,1790013600000,2026-09-21T18:00:00+00:00,4342.1,4350.16,4342.1,4342.55,46.17845310179389,4349.228499999999,4332.259271054594,4336.92295,14.053571428571493,0.0032362486162672835,44.9011330815373,1.5000000000000324,False,RSI_NOT_BELOW_34|CLOSE_NOT_NEAR_OR_BELOW_LOWER_BB|RSI_RECOVERY_NOT_CONFIRMED
2026-09-21T19:20:12.056654+00:00,SIE_OLD_MR_1R_EXHAUSTION_CONFIRM_V1,PAXG,PAXGUSDT,strategy-lab-v1.0.0:SIE_OLD_MR_1R_EXHAUSTION_CONFIRM_V1,1790017200000,2026-09-21T19:00:00+00:00,4341.92,4343.79,4340.73,4343.52,48.04968655676825,4348.2595,4332.343021149401,4336.8774,13.503571428571506,0.003108900483610414,46.17845310179389,1.5,False,RSI_NOT_BELOW_34|CLOSE_NOT_NEAR_OR_BELOW_LOWER_BB
2026-09-21T23:13:29.477776+00:00,SIE_OLD_MR_1R_EXHAUSTION_CONFIRM_V1,BTC,BTCUSDT,strategy-lab-v1.0.0:SIE_OLD_MR_1R_EXHAUSTION_CONFIRM_V1,1790020800000,2026-09-21T20:00:00+00:00,86490.34,87397.0,86490.34,86980.02,95.15537518244221,84075.24799999999,79925.60700380047,78840.92085,867.2492857142892,0.009970672410908725,94.8000426922915,1.5,False,RSI_NOT_BELOW_34|CLOSE_NOT_NEAR_OR_BELOW_LOWER_BB
2026-09-21T23:13:29.477776+00:00,SIE_OLD_MR_1R_EXHAUSTION_CONFIRM_V1,BTC,BTCUSDT,strategy-lab-v1.0.0:SIE_OLD_MR_1R_EXHAUSTION_CONFIRM_V1,1790024400000,2026-09-21T21:00:00+00:00,86980.03,86986.72,86528.34,86557.3,88.67850834401428,84354.44,80327.57690664365,78889.61695,881.3785714285748,0.010182602408214845,95.15537518244221,1.5000000000000082,False,RSI_NOT_BELOW_34|CLOSE_NOT_NEAR_OR_BELOW_LOWER_BB|RSI_RECOVERY_NOT_CONFIRMED
2026-09-21T23:13:29.477776+00:00,SIE_OLD_MR_1R_EXHAUSTION_CONFIRM_V1,BTC,BTCUSDT,strategy-lab-v1.0.0:SIE_OLD_MR_1R_EXHAUSTION_CONFIRM_V1,1790028000000,2026-09-21T22:00:00+00:00,86557.31,86733.99,86266.36,86423.13,80.74397750415626,84610.6035,80744.99212718375,78935.84245,736.8400000000038,0.008525958270662076,88.67850834401428,1.5000000000000098,False,RSI_NOT_BELOW_34|CLOSE_NOT_NEAR_OR_BELOW_LOWER_BB|RSI_RECOVERY_NOT_CONFIRMED
2026-09-21T23:13:29.477776+00:00,SIE_OLD_MR_1R_EXHAUSTION_CONFIRM_V1,BTC,BTCUSDT,strategy-lab-v1.0.0:SIE_OLD_MR_1R_EXHAUSTION_CONFIRM_V1,1790031600000,2026-09-21T23:00:00+00:00,86423.13,86600.0,86399.38,86549.77,76.56537957679225,84867.517,81209.08102243814,78983.06495,637.6014285714316,0.007366876059536976,80.74397750415626,1.5000000000000113,False,RSI_NOT_BELOW_34|CLOSE_NOT_NEAR_OR_BELOW_LOWER_BB|RSI_RECOVERY_NOT_CONFIRMED
2026-09-21T23:13:29.477776+00:00,SIE_OLD_MR_1R_EXHAUSTION_CONFIRM_V1,SOL,SOLUSDT,strategy-lab-v1.0.0:SIE_OLD_MR_1R_EXHAUSTION_CONFIRM_V1,1790020800000,2026-09-21T20:00:00+00:00,118.36,119.51,118.2,119.21,89.72911963882608,115.29850000000002,109.5715661781365,105.07119999999999,1.6285714285714294,0.013661365896916614,89.24349881796681,1.5,False,RSI_NOT_BELOW_34|CLOSE_NOT_NEAR_OR_BELOW_LOWER_BB
2026-09-21T23:13:29.477776+00:00,SIE_OLD_MR_1R_EXHAUSTION_CONFIRM_V1,SOL,SOLUSDT,strategy-lab-v1.0.0:SIE_OLD_MR_1R_EXHAUSTION_CONFIRM_V1,1790024400000,2026-09-21T21:00:00+00:00,119.18,119.99,118.65,119.11,89.3258426966292,115.70749999999998,110.12024709718588,105.1664,1.652142857142857,0.013870731736570035,89.72911963882608,1.4999999999999958,False,PLANNED_REWARD_TOO_LOW|RSI_NOT_BELOW_34|CLOSE_NOT_NEAR_OR_BELOW_LOWER_BB|RSI_RECOVERY_NOT_CONFIRMED
2026-09-21T23:13:29.477776+00:00,SIE_OLD_MR_1R_EXHAUSTION_CONFIRM_V1,SOL,SOLUSDT,strategy-lab-v1.0.0:SIE_OLD_MR_1R_EXHAUSTION_CONFIRM_V1,1790028000000,2026-09-21T22:00:00+00:00,119.11,119.82,118.79,119.45,84.24543946932006,116.12049999999999,110.7117275884444,105.2605,1.4192857142857125,0.01188183938288583,89.3258426966292,1.5,False,RSI_NOT_BELOW_34|CLOSE_NOT_NEAR_OR_BELOW_LOWER_BB|RSI_RECOVERY_NOT_CONFIRMED
2026-09-21T23:13:29.477776+00:00,SIE_OLD_MR_1R_EXHAUSTION_CONFIRM_V1,SOL,SOLUSDT,strategy-lab-v1.0.0:SIE_OLD_MR_1R_EXHAUSTION_CONFIRM_V1,1790031600000,2026-09-21T23:00:00+00:00,119.45,119.91,119.35,119.54,82.82097649186257,116.5205,111.34776194361197,105.35715,1.3228571428571416,0.011066230072420458,84.24543946932006,1.5,False,RSI_NOT_BELOW_34|CLOSE_NOT_NEAR_OR_BELOW_LOWER_BB|RSI_RECOVERY_NOT_CONFIRMED
2026-09-21T23:13:29.477776+00:00,SIE_OLD_MR_1R_EXHAUSTION_CONFIRM_V1,XRP,XRPUSDT,strategy-lab-v1.0.0:SIE_OLD_MR_1R_EXHAUSTION_CONFIRM_V1,1790020800000,2026-09-21T20:00:00+00:00,1.5075,1.5382,1.5031,1.5334,87.98751950078,1.46987,1.3973342681156407,1.37209,0.023092857142857137,0.01505990422776649,85.84558823529407,1.5000000000000049,False,RSI_NOT_BELOW_34|CLOSE_NOT_NEAR_OR_BELOW_LOWER_BB
2026-09-21T23:13:29.477776+00:00,SIE_OLD_MR_1R_EXHAUSTION_CONFIRM_V1,XRP,XRPUSDT,strategy-lab-v1.0.0:SIE_OLD_MR_1R_EXHAUSTION_CONFIRM_V1,1790024400000,2026-09-21T21:00:00+00:00,1.5332,1.555,1.5174,1.549,89.11660777385154,1.4769400000000001,1.4025202875576663,1.373125,0.024742857142857115,0.015973439085124025,87.98751950078,1.4999999999999956,False,PLANNED_REWARD_TOO_LOW|RSI_NOT_BELOW_34|CLOSE_NOT_NEAR_OR_BELOW_LOWER_BB
2026-09-21T23:13:29.477776+00:00,SIE_OLD_MR_1R_EXHAUSTION_CONFIRM_V1,XRP,XRPUSDT,strategy-lab-v1.0.0:SIE_OLD_MR_1R_EXHAUSTION_CONFIRM_V1,1790028000000,2026-09-21T22:00:00+00:00,1.5495,1.5746,1.544,1.5556,86.11361587015324,1.4839499999999999,1.4076494233311463,1.374152,0.023464285714285684,0.01508375270910625,89.11660777385154,1.5,False,RSI_NOT_BELOW_34|CLOSE_NOT_NEAR_OR_BELOW_LOWER_BB|RSI_RECOVERY_NOT_CONFIRMED
2026-09-21T23:13:29.477776+00:00,SIE_OLD_MR_1R_EXHAUSTION_CONFIRM_V1,XRP,XRPUSDT,strategy-lab-v1.0.0:SIE_OLD_MR_1R_EXHAUSTION_CONFIRM_V1,1790031600000,2026-09-21T23:00:00+00:00,1.5554,1.5689,1.5544,1.5629,88.01369863013697,1.49096,1.412719821063602,1.37525,0.02323571428571425,0.014867051177755613,86.11361587015324,1.5,False,RSI_NOT_BELOW_34|CLOSE_NOT_NEAR_OR_BELOW_LOWER_BB
2026-09-21T23:13:29.477776+00:00,SIE_OLD_MR_1R_EXHAUSTION_CONFIRM_V1,DOGE,DOGEUSDT,strategy-lab-v1.0.0:SIE_OLD_MR_1R_EXHAUSTION_CONFIRM_V1,1790020800000,2026-09-21T20:00:00+00:00,0.09855,0.10114,0.0984,0.10013,86.79867986798678,0.0930435,0.08492487875005914,0.0848364,0.002361428571428572,0.02358362699918678,85.87570621468926,1.5,False,RSI_NOT_BELOW_34|CLOSE_NOT_NEAR_OR_BELOW_LOWER_BB
2026-09-21T23:13:29.477776+00:00,SIE_OLD_MR_1R_EXHAUSTION_CONFIRM_V1,DOGE,DOGEUSDT,strategy-lab-v1.0.0:SIE_OLD_MR_1R_EXHAUSTION_CONFIRM_V1,1790024400000,2026-09-21T21:00:00+00:00,0.10015,0.10016,0.09805,0.09922,81.01761252446187,0.09363099999999999,0.08551013576027827,0.0849155,0.002439285714285714,0.02458461715667924,86.79867986798678,1.5000000000000029,False,RSI_NOT_BELOW_34|CLOSE_NOT_NEAR_OR_BELOW_LOWER_BB|RSI_RECOVERY_NOT_CONFIRMED
2026-09-21T23:13:29.477776+00:00,SIE_OLD_MR_1R_EXHAUSTION_CONFIRM_V1,DOGE,DOGEUSDT,strategy-lab-v1.0.0:SIE_OLD_MR_1R_EXHAUSTION_CONFIRM_V1,1790028000000,2026-09-21T22:00:00+00:00,0.09926,0.10188,0.09926,0.10032,79.66457023060799,0.0942415,0.08603724189825852,0.08499825,0.0024185714285714275,0.024108566871724753,81.01761252446187,1.4999999999999971,False,PLANNED_REWARD_TOO_LOW|RSI_NOT_BELOW_34|CLOSE_NOT_NEAR_OR_BELOW_LOWER_BB|RSI_RECOVERY_NOT_CONFIRMED
2026-09-21T23:13:29.477776+00:00,SIE_OLD_MR_1R_EXHAUSTION_CONFIRM_V1,DOGE,DOGEUSDT,strategy-lab-v1.0.0:SIE_OLD_MR_1R_EXHAUSTION_CONFIRM_V1,1790031600000,2026-09-21T23:00:00+00:00,0.10028,0.10153,0.1002,0.10128,80.58705803869248,0.094884,0.08658869916157405,0.08508725,0.002259999999999999,0.02231437598736176,79.66457023060799,1.499999999999997,False,PLANNED_REWARD_TOO_LOW|RSI_NOT_BELOW_34|CLOSE_NOT_NEAR_OR_BELOW_LOWER_BB
2026-09-21T23:13:29.477776+00:00,SIE_OLD_MR_1R_EXHAUSTION_CONFIRM_V1,BNB,BNBUSDT,strategy-lab-v1.0.0:SIE_OLD_MR_1R_EXHAUSTION_CONFIRM_V1,1790020800000,2026-09-21T20:00:00+00:00,800.24,806.55,799.92,804.82,78.9353478566409,787.0400000000001,763.9347174871099,741.2153500000001,9.144285714285697,0.011361901685203768,75.23417010116142,1.5000000000000062,False,RSI_NOT_BELOW_34|CLOSE_NOT_NEAR_OR_BELOW_LOWER_BB
2026-09-21T23:13:29.477776+00:00,SIE_OLD_MR_1R_EXHAUSTION_CONFIRM_V1,BNB,BNBUSDT,strategy-lab-v1.0.0:SIE_OLD_MR_1R_EXHAUSTION_CONFIRM_V1,1790024400000,2026-09-21T21:00:00+00:00,804.85,806.96,802.2,804.67,83.35807050092745,788.559,765.0159433590181,741.6503,8.937857142857126,0.011107481505284312,78.9353478566409,1.4999999999999936,False,PLANNED_REWARD_TOO_LOW|RSI_NOT_BELOW_34|CLOSE_NOT_NEAR_OR_BELOW_LOWER_BB|RSI_RECOVERY_NOT_CONFIRMED
2026-09-21T23:13:29.477776+00:00,SIE_OLD_MR_1R_EXHAUSTION_CONFIRM_V1,BNB,BNBUSDT,strategy-lab-v1.0.0:SIE_OLD_MR_1R_EXHAUSTION_CONFIRM_V1,1790028000000,2026-09-21T22:00:00+00:00,804.72,806.96,798.81,800.82,71.49210584834333,789.714,766.144760385611,742.0631999999999,8.502142857142847,0.010616796355164514,83.35807050092745,1.5,False,RSI_NOT_BELOW_34|CLOSE_NOT_NEAR_OR_BELOW_LOWER_BB|RSI_RECOVERY_NOT_CONFIRMED
2026-09-21T23:13:29.477776+00:00,SIE_OLD_MR_1R_EXHAUSTION_CONFIRM_V1,BNB,BNBUSDT,strategy-lab-v1.0.0:SIE_OLD_MR_1R_EXHAUSTION_CONFIRM_V1,1790031600000,2026-09-21T23:00:00+00:00,800.44,803.08,800.44,802.99,71.48576512455514,791.0145,767.5291143527406,742.4856499999999,8.205714285714278,0.01021894953326228,71.49210584834333,1.5,False,RSI_NOT_BELOW_34|CLOSE_NOT_NEAR_OR_BELOW_LOWER_BB|RSI_RECOVERY_NOT_CONFIRMED
2026-09-21T23:13:29.477776+00:00,SIE_OLD_MR_1R_EXHAUSTION_CONFIRM_V1,PAXG,PAXGUSDT,strategy-lab-v1.0.0:SIE_OLD_MR_1R_EXHAUSTION_CONFIRM_V1,1790020800000,2026-09-21T20:00:00+00:00,4340.43,4341.23,4335.24,4339.86,47.18104353916194,4347.187,4331.591296617284,4336.815,13.986428571428664,0.0032227833550917922,46.874637597123794,1.5,False,RSI_NOT_BELOW_34|CLOSE_NOT_NEAR_OR_BELOW_LOWER_BB|RSI_RECOVERY_NOT_CONFIRMED
2026-09-21T23:13:29.477776+00:00,SIE_OLD_MR_1R_EXHAUSTION_CONFIRM_V1,PAXG,PAXGUSDT,strategy-lab-v1.0.0:SIE_OLD_MR_1R_EXHAUSTION_CONFIRM_V1,1790024400000,2026-09-21T21:00:00+00:00,4339.99,4340.76,4324.81,4340.75,49.47897951850528,4345.947,4332.608236788904,4336.7651000000005,14.258571428571486,0.003284817469002243,47.18104353916194,1.500000000000032,False,RSI_NOT_BELOW_34|CLOSE_NOT_NEAR_OR_BELOW_LOWER_BB
2026-09-21T23:13:29.477776+00:00,SIE_OLD_MR_1R_EXHAUSTION_CONFIRM_V1,PAXG,PAXGUSDT,strategy-lab-v1.0.0:SIE_OLD_MR_1R_EXHAUSTION_CONFIRM_V1,1790028000000,2026-09-21T22:00:00+00:00,4342.35,4359.7,4342.3,4358.37,55.449936628643684,4346.038,4332.3898886287625,4336.81635,14.810000000000011,0.003398059366230956,49.47897951850528,1.5000000000000306,False,RSI_NOT_BELOW_34|CLOSE_NOT_NEAR_OR_BELOW_LOWER_BB
2026-09-21T23:13:29.477776+00:00,SIE_OLD_MR_1R_EXHAUSTION_CONFIRM_V1,PAXG,PAXGUSDT,strategy-lab-v1.0.0:SIE_OLD_MR_1R_EXHAUSTION_CONFIRM_V1,1790031600000,2026-09-21T23:00:00+00:00,4358.73,4359.95,4357.53,4358.8,59.58572554317212,4346.351000000001,4331.859706199871,4336.883400000001,14.154285714285704,0.0032472895554477616,55.449936628643684,1.4999999999999678,False,PLANNED_REWARD_TOO_LOW|RSI_NOT_BELOW_34|CLOSE_NOT_NEAR_OR_BELOW_LOWER_BB
2026-09-22T04:44:34.958866+00:00,SIE_OLD_MR_1R_EXHAUSTION_CONFIRM_V1,BTC,BTCUSDT,strategy-lab-v1.0.0:SIE_OLD_MR_1R_EXHAUSTION_CONFIRM_V1,1790035200000,2026-09-22T00:00:00+00:00,86594.94,86610.96,85832.35,85876.06,67.63748033927402,85095.04650000001,81783.59966102376,79026.38905,654.6721428571462,0.007623453414806714,76.85553968745613,1.499999999999989,False,PLANNED_REWARD_TOO_LOW|RSI_NOT_BELOW_34|CLOSE_NOT_NEAR_OR_BELOW_LOWER_BB|RSI_RECOVERY_NOT_CONFIRMED
2026-09-22T04:44:34.958866+00:00,SIE_OLD_MR_1R_EXHAUSTION_CONFIRM_V1,BTC,BTCUSDT,strategy-lab-v1.0.0:SIE_OLD_MR_1R_EXHAUSTION_CONFIRM_V1,1790038800000,2026-09-22T01:00:00+00:00,85876.06,85965.31,85347.61,85598.67,59.09473359728929,85297.883,82412.24203994995,79067.88945,660.7592857142881,0.007719270471308586,67.63748033927402,1.499999999999989,False,PLANNED_REWARD_TOO_LOW|RSI_NOT_BELOW_34|CLOSE_NOT_NEAR_OR_BELOW_LOWER_BB|RSI_RECOVERY_NOT_CONFIRMED
2026-09-22T04:44:34.958866+00:00,SIE_OLD_MR_1R_EXHAUSTION_CONFIRM_V1,BTC,BTCUSDT,strategy-lab-v1.0.0:SIE_OLD_MR_1R_EXHAUSTION_CONFIRM_V1,1790042400000,2026-09-22T02:00:00+00:00,85598.67,85858.49,85361.89,85700.0,55.49776790623003,85501.80600000001,83158.76834852909,79109.82775,649.1578571428597,0.0075747707951325524,59.09473359728929,1.5,False,RSI_NOT_BELOW_34|CLOSE_NOT_NEAR_OR_BELOW_LOWER_BB|RSI_RECOVERY_NOT_CONFIRMED
2026-09-22T04:44:34.958866+00:00,SIE_OLD_MR_1R_EXHAUSTION_CONFIRM_V1,BTC,BTCUSDT,strategy-lab-v1.0.0:SIE_OLD_MR_1R_EXHAUSTION_CONFIRM_V1,1790046000000,2026-09-22T03:00:00+00:00,85700.0,85741.14,85265.26,85667.84,53.18183622659908,85699.954,84133.12313340009,79151.89835,606.242142857146,0.0070766596059518485,55.49776790623003,1.5,False,RSI_NOT_BELOW_34|CLOSE_NOT_NEAR_OR_BELOW_LOWER_BB|RSI_RECOVERY_NOT_CONFIRMED
2026-09-22T04:44:34.958866+00:00,SIE_OLD_MR_1R_EXHAUSTION_CONFIRM_V1,BTC,BTCUSDT,strategy-lab-v1.0.0:SIE_OLD_MR_1R_EXHAUSTION_CONFIRM_V1,1790049600000,2026-09-22T04:00:00+00:00,85667.84,85721.91,85438.5,85502.51,45.00093864870907,85788.72949999999,84503.14716645106,79192.798,544.8350000000033,0.006372152115768337,53.18183622659908,1.4999999999999867,False,PLANNED_REWARD_TOO_LOW|RSI_NOT_BELOW_34|CLOSE_NOT_NEAR_OR_BELOW_LOWER_BB|RSI_RECOVERY_NOT_CONFIRMED
2026-09-22T04:44:34.958866+00:00,SIE_OLD_MR_1R_EXHAUSTION_CONFIRM_V1,SOL,SOLUSDT,strategy-lab-v1.0.0:SIE_OLD_MR_1R_EXHAUSTION_CONFIRM_V1,1790035200000,2026-09-22T00:00:00+00:00,118.9,119.46,118.05,118.32,67.95069337442212,116.832,112.22942854482352,105.4416,1.4485714285714266,0.012242828165749042,74.95826377295496,1.5,False,RSI_NOT_BELOW_34|CLOSE_NOT_NEAR_OR_BELOW_LOWER_BB|RSI_RECOVERY_NOT_CONFIRMED
2026-09-22T04:44:34.958866+00:00,SIE_OLD_MR_1R_EXHAUSTION_CONFIRM_V1,SOL,SOLUSDT,strategy-lab-v1.0.0:SIE_OLD_MR_1R_EXHAUSTION_CONFIRM_V1,1790038800000,2026-09-22T01:00:00+00:00,118.31,118.43,117.02,117.56,56.03715170278638,117.123,113.15245293441757,105.52455,1.4542857142857133,0.012370582802702562,67.95069337442212,1.5000000000000049,False,RSI_NOT_BELOW_34|CLOSE_NOT_NEAR_OR_BELOW_LOWER_BB|RSI_RECOVERY_NOT_CONFIRMED
2026-09-22T04:44:34.958866+00:00,SIE_OLD_MR_1R_EXHAUSTION_CONFIRM_V1,SOL,SOLUSDT,strategy-lab-v1.0.0:SIE_OLD_MR_1R_EXHAUSTION_CONFIRM_V1,1790042400000,2026-09-22T02:00:00+00:00,117.57,118.07,116.48,116.89,50.632911392405084,117.359,114.09604489764179,105.6032,1.413571428571427,0.012093176735147804,56.03715170278638,1.5,False,RSI_NOT_BELOW_34|CLOSE_NOT_NEAR_OR_BELOW_LOWER_BB|RSI_RECOVERY_NOT_CONFIRMED
2026-09-22T04:44:34.958866+00:00,SIE_OLD_MR_1R_EXHAUSTION_CONFIRM_V1,SOL,SOLUSDT,strategy-lab-v1.0.0:SIE_OLD_MR_1R_EXHAUSTION_CONFIRM_V1,1790046000000,2026-09-22T03:00:00+00:00,116.86,117.03,116.28,116.78,39.66666666666673,117.5925,115.35969123075765,105.6825,1.345714285714285,0.011523499620776546,50.632911392405084,1.5,False,RSI_NOT_BELOW_34|CLOSE_NOT_NEAR_OR_BELOW_LOWER_BB|RSI_RECOVERY_NOT_CONFIRMED
2026-09-22T04:44:34.958866+00:00,SIE_OLD_MR_1R_EXHAUSTION_CONFIRM_V1,SOL,SOLUSDT,strategy-lab-v1.0.0:SIE_OLD_MR_1R_EXHAUSTION_CONFIRM_V1,1790049600000,2026-09-22T04:00:00+00:00,116.79,117.09,116.33,116.59,38.249594813614245,117.65599999999999,115.62192625502279,105.75824999999999,1.2892857142857141,0.011058287282663299,39.66666666666673,1.5,False,RSI_NOT_BELOW_34|CLOSE_NOT_NEAR_OR_BELOW_LOWER_BB|RSI_RECOVERY_NOT_CONFIRMED
2026-09-22T04:44:34.958866+00:00,SIE_OLD_MR_1R_EXHAUSTION_CONFIRM_V1,XRP,XRPUSDT,strategy-lab-v1.0.0:SIE_OLD_MR_1R_EXHAUSTION_CONFIRM_V1,1790035200000,2026-09-22T00:00:00+00:00,1.536,1.5403,1.5182,1.5213,62.206572769953084,1.49476,1.4272261447864674,1.3759675000000002,0.02506428571428568,0.016475570705505607,73.91640866873064,1.5000000000000044,False,RSI_NOT_BELOW_34|CLOSE_NOT_NEAR_OR_BELOW_LOWER_BB|RSI_RECOVERY_NOT_CONFIRMED
2026-09-22T04:44:34.958866+00:00,SIE_OLD_MR_1R_EXHAUSTION_CONFIRM_V1,XRP,XRPUSDT,strategy-lab-v1.0.0:SIE_OLD_MR_1R_EXHAUSTION_CONFIRM_V1,1790038800000,2026-09-22T01:00:00+00:00,1.5211,1.5225,1.5025,1.5117,59.86445783132528,1.498855,1.4379684013102845,1.3767500000000001,0.025492857142857112,0.016863701225677787,62.206572769953084,1.5000000000000044,False,RSI_NOT_BELOW_34|CLOSE_NOT_NEAR_OR_BELOW_LOWER_BB|RSI_RECOVERY_NOT_CONFIRMED
2026-09-22T04:44:34.958866+00:00,SIE_OLD_MR_1R_EXHAUSTION_CONFIRM_V1,XRP,XRPUSDT,strategy-lab-v1.0.0:SIE_OLD_MR_1R_EXHAUSTION_CONFIRM_V1,1790042400000,2026-09-22T02:00:00+00:00,1.5112,1.5265,1.5072,1.515,60.37174721189583,1.502805,1.4488907171057377,1.377534,0.025907142857142813,0.01710042432814707,59.86445783132528,1.4999999999999958,False,PLANNED_REWARD_TOO_LOW|RSI_NOT_BELOW_34|CLOSE_NOT_NEAR_OR_BELOW_LOWER_BB
2026-09-22T04:44:34.958866+00:00,SIE_OLD_MR_1R_EXHAUSTION_CONFIRM_V1,XRP,XRPUSDT,strategy-lab-v1.0.0:SIE_OLD_MR_1R_EXHAUSTION_CONFIRM_V1,1790046000000,2026-09-22T03:00:00+00:00,1.5144,1.5218,1.5096,1.5155,59.74320241691843,1.506665,1.4614189493435878,1.378337,0.02492142857142852,0.016444360654192358,60.37174721189583,1.5,False,RSI_NOT_BELOW_34|CLOSE_NOT_NEAR_OR_BELOW_LOWER_BB|RSI_RECOVERY_NOT_CONFIRMED
2026-09-22T04:44:34.958866+00:00,SIE_OLD_MR_1R_EXHAUSTION_CONFIRM_V1,XRP,XRPUSDT,strategy-lab-v1.0.0:SIE_OLD_MR_1R_EXHAUSTION_CONFIRM_V1,1790049600000,2026-09-22T04:00:00+00:00,1.5154,1.526,1.5121,1.5163,57.66481334392369,1.508705,1.4656367529959409,1.3791154999999997,0.023628571428571395,0.015583045194599614,59.74320241691843,1.5000000000000047,False,RSI_NOT_BELOW_34|CLOSE_NOT_NEAR_OR_BELOW_LOWER_BB|RSI_RECOVERY_NOT_CONFIRMED
2026-09-22T04:44:34.958866+00:00,SIE_OLD_MR_1R_EXHAUSTION_CONFIRM_V1,DOGE,DOGEUSDT,strategy-lab-v1.0.0:SIE_OLD_MR_1R_EXHAUSTION_CONFIRM_V1,1790035200000,2026-09-22T00:00:00+00:00,0.09985,0.10164,0.09917,0.09942,73.13117066290548,0.09536750000000001,0.0876283375776178,0.08515715,0.0024857142857142855,0.025002155358220535,76.42611683848797,1.5,False,RSI_NOT_BELOW_34|CLOSE_NOT_NEAR_OR_BELOW_LOWER_BB|RSI_RECOVERY_NOT_CONFIRMED
2026-09-22T04:44:34.958866+00:00,SIE_OLD_MR_1R_EXHAUSTION_CONFIRM_V1,DOGE,DOGEUSDT,strategy-lab-v1.0.0:SIE_OLD_MR_1R_EXHAUSTION_CONFIRM_V1,1790038800000,2026-09-22T01:00:00+00:00,0.09944,0.10049,0.09778,0.09979,72.86324786324786,0.095938,0.0886758085951957,0.08523395,0.0025857142857142854,0.025911557127109783,73.13117066290548,1.4999999999999973,False,PLANNED_REWARD_TOO_LOW|RSI_NOT_BELOW_34|CLOSE_NOT_NEAR_OR_BELOW_LOWER_BB|RSI_RECOVERY_NOT_CONFIRMED
2026-09-22T04:44:34.958866+00:00,SIE_OLD_MR_1R_EXHAUSTION_CONFIRM_V1,DOGE,DOGEUSDT,strategy-lab-v1.0.0:SIE_OLD_MR_1R_EXHAUSTION_CONFIRM_V1,1790042400000,2026-09-22T02:00:00+00:00,0.09971,0.10072,0.09875,0.09887,68.1909885675857,0.0964325,0.08981450370202475,0.0853056,0.002655,0.026853443916253664,72.86324786324786,1.5000000000000027,False,RSI_NOT_BELOW_34|CLOSE_NOT_NEAR_OR_BELOW_LOWER_BB|RSI_RECOVERY_NOT_CONFIRMED
2026-09-22T04:44:34.958866+00:00,SIE_OLD_MR_1R_EXHAUSTION_CONFIRM_V1,DOGE,DOGEUSDT,strategy-lab-v1.0.0:SIE_OLD_MR_1R_EXHAUSTION_CONFIRM_V1,1790046000000,2026-09-22T03:00:00+00:00,0.09884,0.10222,0.09845,0.10188,74.54648526077095,0.097041,0.09077893676173619,0.08539429999999999,0.0027842857142857144,0.027329070615289698,68.1909885675857,1.5,False,RSI_NOT_BELOW_34|CLOSE_NOT_NEAR_OR_BELOW_LOWER_BB
2026-09-22T04:44:34.958866+00:00,SIE_OLD_MR_1R_EXHAUSTION_CONFIRM_V1,DOGE,DOGEUSDT,strategy-lab-v1.0.0:SIE_OLD_MR_1R_EXHAUSTION_CONFIRM_V1,1790049600000,2026-09-22T04:00:00+00:00,0.10192,0.10589,0.10178,0.1021,72.111801242236,0.0975545,0.09140254917119653,0.08548270000000001,0.0028521428571428565,0.02793479781726598,74.54648526077095,1.5,False,RSI_NOT_BELOW_34|CLOSE_NOT_NEAR_OR_BELOW_LOWER_BB|RSI_RECOVERY_NOT_CONFIRMED
2026-09-22T04:44:34.958866+00:00,SIE_OLD_MR_1R_EXHAUSTION_CONFIRM_V1,BNB,BNBUSDT,strategy-lab-v1.0.0:SIE_OLD_MR_1R_EXHAUSTION_CONFIRM_V1,1790035200000,2026-09-22T00:00:00+00:00,798.66,801.21,793.76,794.29,60.07016095749065,791.8774999999999,770.1387568210619,742.8344500000001,8.636428571428569,0.010873142770812385,67.53041910770615,1.5000000000000067,False,RSI_NOT_BELOW_34|CLOSE_NOT_NEAR_OR_BELOW_LOWER_BB|RSI_RECOVERY_NOT_CONFIRMED
2026-09-22T04:44:34.958866+00:00,SIE_OLD_MR_1R_EXHAUSTION_CONFIRM_V1,BNB,BNBUSDT,strategy-lab-v1.0.0:SIE_OLD_MR_1R_EXHAUSTION_CONFIRM_V1,1790038800000,2026-09-22T01:00:00+00:00,794.39,795.75,785.05,789.14,48.52941176470591,792.679,772.6525595774029,743.1762,8.720000000000002,0.011050003801606817,60.07016095749065,1.5,False,RSI_NOT_BELOW_34|CLOSE_NOT_NEAR_OR_BELOW_LOWER_BB|RSI_RECOVERY_NOT_CONFIRMED
2026-09-22T04:44:34.958866+00:00,SIE_OLD_MR_1R_EXHAUSTION_CONFIRM_V1,BNB,BNBUSDT,strategy-lab-v1.0.0:SIE_OLD_MR_1R_EXHAUSTION_CONFIRM_V1,1790042400000,2026-09-22T02:00:00+00:00,789.12,792.87,787.08,790.66,50.502564102564115,793.6179999999999,775.959375365,743.5196,7.228571428571432,0.00914245241769083,48.52941176470591,1.4999999999999922,False,PLANNED_REWARD_TOO_LOW|RSI_NOT_BELOW_34|CLOSE_NOT_NEAR_OR_BELOW_LOWER_BB
2026-09-22T04:44:34.958866+00:00,SIE_OLD_MR_1R_EXHAUSTION_CONFIRM_V1,BNB,BNBUSDT,strategy-lab-v1.0.0:SIE_OLD_MR_1R_EXHAUSTION_CONFIRM_V1,1790046000000,2026-09-22T03:00:00+00:00,790.73,792.0,787.66,789.5,44.98586034370241,794.6575,780.989483501626,743.86315,6.807142857142862,0.00862209354926265,50.502564102564115,1.4999999999999916,False,PLANNED_REWARD_TOO_LOW|RSI_NOT_BELOW_34|CLOSE_NOT_NEAR_OR_BELOW_LOWER_BB|RSI_RECOVERY_NOT_CONFIRMED
2026-09-22T04:44:34.958866+00:00,SIE_OLD_MR_1R_EXHAUSTION_CONFIRM_V1,BNB,BNBUSDT,strategy-lab-v1.0.0:SIE_OLD_MR_1R_EXHAUSTION_CONFIRM_V1,1790049600000,2026-09-22T04:00:00+00:00,788.65,789.97,786.98,787.26,38.76779359430606,794.946,782.1886595248138,744.1894500000001,6.470000000000011,0.008218377664304057,44.98586034370241,1.5,False,RSI_NOT_BELOW_34|CLOSE_NOT_NEAR_OR_BELOW_LOWER_BB|RSI_RECOVERY_NOT_CONFIRMED
2026-09-22T04:44:34.958866+00:00,SIE_OLD_MR_1R_EXHAUSTION_CONFIRM_V1,PAXG,PAXGUSDT,strategy-lab-v1.0.0:SIE_OLD_MR_1R_EXHAUSTION_CONFIRM_V1,1790035200000,2026-09-22T00:00:00+00:00,4363.76,4369.63,4346.94,4355.83,57.991275034701545,4346.9585,4330.87460460735,4336.9118,15.652857142857167,0.0035935417917726743,61.96630999046465,1.5,False,RSI_NOT_BELOW_34|CLOSE_NOT_NEAR_OR_BELOW_LOWER_BB|RSI_RECOVERY_NOT_CONFIRMED
2026-09-22T04:44:34.958866+00:00,SIE_OLD_MR_1R_EXHAUSTION_CONFIRM_V1,PAXG,PAXGUSDT,strategy-lab-v1.0.0:SIE_OLD_MR_1R_EXHAUSTION_CONFIRM_V1,1790038800000,2026-09-22T01:00:00+00:00,4354.71,4357.73,4339.78,4345.46,39.0922739346342,4346.8875,4330.790314065754,4336.87805,14.98357142857146,0.003448097883439604,57.991275034701545,1.4999999999999696,False,PLANNED_REWARD_TOO_LOW|RSI_NOT_BELOW_34|CLOSE_NOT_NEAR_OR_BELOW_LOWER_BB|RSI_RECOVERY_NOT_CONFIRMED
2026-09-22T04:44:34.958866+00:00,SIE_OLD_MR_1R_EXHAUSTION_CONFIRM_V1,PAXG,PAXGUSDT,strategy-lab-v1.0.0:SIE_OLD_MR_1R_EXHAUSTION_CONFIRM_V1,1790042400000,2026-09-22T02:00:00+00:00,4346.37,4351.13,4337.97,4339.28,39.78140792102451,4346.617,4330.2025026271995,4336.8082,14.462857142857112,0.0033330085043733323,39.0922739346342,1.4999999999999685,False,PLANNED_REWARD_TOO_LOW|RSI_NOT_BELOW_34|CLOSE_NOT_NEAR_OR_BELOW_LOWER_BB|RSI_RECOVERY_NOT_CONFIRMED
2026-09-22T04:44:34.958866+00:00,SIE_OLD_MR_1R_EXHAUSTION_CONFIRM_V1,PAXG,PAXGUSDT,strategy-lab-v1.0.0:SIE_OLD_MR_1R_EXHAUSTION_CONFIRM_V1,1790046000000,2026-09-22T03:00:00+00:00,4340.48,4345.81,4337.52,4340.56,47.45373497230883,4346.564,4330.078614472155,4336.76485,13.723571428571372,0.00316170527041934,39.78140792102451,1.499999999999967,False,PLANNED_REWARD_TOO_LOW|RSI_NOT_BELOW_34|CLOSE_NOT_NEAR_OR_BELOW_LOWER_BB
2026-09-22T04:44:34.958866+00:00,SIE_OLD_MR_1R_EXHAUSTION_CONFIRM_V1,PAXG,PAXGUSDT,strategy-lab-v1.0.0:SIE_OLD_MR_1R_EXHAUSTION_CONFIRM_V1,1790049600000,2026-09-22T04:00:00+00:00,4337.52,4338.49,4334.07,4338.49,49.95733788395876,4346.086,4329.25001900685,4336.7173999999995,12.553571428571429,0.002893534715666379,47.45373497230883,1.4999999999999638,False,PLANNED_REWARD_TOO_LOW|RSI_NOT_BELOW_34|CLOSE_NOT_NEAR_OR_BELOW_LOWER_BB|RSI_RECOVERY_NOT_CONFIRMED
2026-09-22T11:28:47.609018+00:00,SIE_OLD_MR_1R_EXHAUSTION_CONFIRM_V1,BTC,BTCUSDT,strategy-lab-v1.0.0:SIE_OLD_MR_1R_EXHAUSTION_CONFIRM_V1,1790053200000,2026-09-22T05:00:00+00:00,85439.57,85588.01,85059.28,85398.69,41.916466524298514,85823.742,84631.9987908068,79233.0739,544.030000000003,0.006370472427621583,44.15923602836954,1.5,False,RSI_NOT_BELOW_34|CLOSE_NOT_NEAR_OR_BELOW_LOWER_BB|RSI_RECOVERY_NOT_CONFIRMED
2026-09-22T11:28:47.609018+00:00,SIE_OLD_MR_1R_EXHAUSTION_CONFIRM_V1,BTC,BTCUSDT,strategy-lab-v1.0.0:SIE_OLD_MR_1R_EXHAUSTION_CONFIRM_V1,1790056800000,2026-09-22T06:00:00+00:00,85398.69,85564.49,85230.01,85359.23,40.807918495316684,85871.0135,84842.96657073798,79276.48655,529.1014285714316,0.006198526258629929,41.916466524298514,1.4999999999999862,False,PLANNED_REWARD_TOO_LOW|RSI_NOT_BELOW_34|CLOSE_NOT_NEAR_OR_BELOW_LOWER_BB|RSI_RECOVERY_NOT_CONFIRMED
2026-09-22T11:28:47.609018+00:00,SIE_OLD_MR_1R_EXHAUSTION_CONFIRM_V1,BTC,BTCUSDT,strategy-lab-v1.0.0:SIE_OLD_MR_1R_EXHAUSTION_CONFIRM_V1,1790060400000,2026-09-22T07:00:00+00:00,85359.23,85505.43,85149.27,85339.85,41.38771884142343,85894.06700000001,84937.88913874299,79319.18655,522.0164285714314,0.006116912890887802,40.807918495316684,1.5,False,RSI_NOT_BELOW_34|CLOSE_NOT_NEAR_OR_BELOW_LOWER_BB|RSI_RECOVERY_NOT_CONFIRMED
2026-09-22T11:28:47.609018+00:00,SIE_OLD_MR_1R_EXHAUSTION_CONFIRM_V1,BTC,BTCUSDT,strategy-lab-v1.0.0:SIE_OLD_MR_1R_EXHAUSTION_CONFIRM_V1,1790064000000,2026-09-22T08:00:00+00:00,85341.44,86384.73,85307.72,86198.8,51.60636780283491,85939.00700000001,85014.78461977001,79366.3436,578.192857142859,0.0067076671269537275,41.38771884142343,1.5,False,RSI_NOT_BELOW_34|CLOSE_NOT_NEAR_OR_BELOW_LOWER_BB
2026-09-22T11:28:47.609018+00:00,SIE_OLD_MR_1R_EXHAUSTION_CONFIRM_V1,BTC,BTCUSDT,strategy-lab-v1.0.0:SIE_OLD_MR_1R_EXHAUSTION_CONFIRM_V1,1790067600000,2026-09-22T09:00:00+00:00,86198.79,86259.99,85649.86,86238.82,46.41293723235325,85978.777,85075.05322107307,79412.15354999999,555.8300000000017,0.006445241249822316,51.60636780283491,1.499999999999987,False,PLANNED_REWARD_TOO_LOW|RSI_NOT_BELOW_34|CLOSE_NOT_NEAR_OR_BELOW_LOWER_BB|RSI_RECOVERY_NOT_CONFIRMED
2026-09-22T11:28:47.609018+00:00,SIE_OLD_MR_1R_EXHAUSTION_CONFIRM_V1,BTC,BTCUSDT,strategy-lab-v1.0.0:SIE_OLD_MR_1R_EXHAUSTION_CONFIRM_V1,1790071200000,2026-09-22T10:00:00+00:00,86238.82,86251.19,85727.74,85864.54,33.87894904182434,85980.36850000001,85077.56761284661,79453.63190000001,528.4578571428584,0.006154552940513726,46.41293723235325,1.5000000000000138,False,CLOSE_NOT_NEAR_OR_BELOW_LOWER_BB|RSI_RECOVERY_NOT_CONFIRMED
2026-09-22T11:28:47.609018+00:00,SIE_OLD_MR_1R_EXHAUSTION_CONFIRM_V1,BTC,BTCUSDT,strategy-lab-v1.0.0:SIE_OLD_MR_1R_EXHAUSTION_CONFIRM_V1,1790074800000,2026-09-22T11:00:00+00:00,85867.85,86076.7,85744.37,86032.17,41.806647298735236,85985.31850000001,85082.5214180126,79495.96025,519.4542857142868,0.006037907514297115,33.87894904182434,1.5,False,RSI_NOT_BELOW_34|CLOSE_NOT_NEAR_OR_BELOW_LOWER_BB
2026-09-22T11:28:47.609018+00:00,SIE_OLD_MR_1R_EXHAUSTION_CONFIRM_V1,SOL,SOLUSDT,strategy-lab-v1.0.0:SIE_OLD_MR_1R_EXHAUSTION_CONFIRM_V1,1790053200000,2026-09-22T05:00:00+00:00,116.38,117.15,115.54,116.81,41.57973174366621,117.69050000000001,115.75026831280245,105.83475,1.2849999999999997,0.01100077048197928,36.9905956112852,1.5,False,RSI_NOT_BELOW_34|CLOSE_NOT_NEAR_OR_BELOW_LOWER_BB
2026-09-22T11:28:47.609018+00:00,SIE_OLD_MR_1R_EXHAUSTION_CONFIRM_V1,SOL,SOLUSDT,strategy-lab-v1.0.0:SIE_OLD_MR_1R_EXHAUSTION_CONFIRM_V1,1790056800000,2026-09-22T06:00:00+00:00,116.81,117.02,116.36,116.51,42.3368740515934,117.7165,115.85580899932161,105.91885,1.2199999999999989,0.010471204188481666,41.57973174366621,1.5,False,RSI_NOT_BELOW_34|CLOSE_NOT_NEAR_OR_BELOW_LOWER_BB|RSI_RECOVERY_NOT_CONFIRMED
2026-09-22T11:28:47.609018+00:00,SIE_OLD_MR_1R_EXHAUSTION_CONFIRM_V1,SOL,SOLUSDT,strategy-lab-v1.0.0:SIE_OLD_MR_1R_EXHAUSTION_CONFIRM_V1,1790060400000,2026-09-22T07:00:00+00:00,116.51,116.8,115.99,116.29,43.05555555555563,117.69200000000001,115.77071293139065,106.00399999999999,1.184285714285713,0.010183899856270643,42.3368740515934,1.499999999999994,False,PLANNED_REWARD_TOO_LOW|RSI_NOT_BELOW_34|CLOSE_NOT_NEAR_OR_BELOW_LOWER_BB|RSI_RECOVERY_NOT_CONFIRMED
2026-09-22T11:28:47.609018+00:00,SIE_OLD_MR_1R_EXHAUSTION_CONFIRM_V1,SOL,SOLUSDT,strategy-lab-v1.0.0:SIE_OLD_MR_1R_EXHAUSTION_CONFIRM_V1,1790064000000,2026-09-22T08:00:00+00:00,116.29,118.02,115.76,117.49,48.2468443197756,117.72650000000002,115.84617795311402,106.0933,1.2735714285714264,0.010839828313655856,43.05555555555563,1.5000000000000056,False,RSI_NOT_BELOW_34|CLOSE_NOT_NEAR_OR_BELOW_LOWER_BB
2026-09-22T11:28:47.609018+00:00,SIE_OLD_MR_1R_EXHAUSTION_CONFIRM_V1,SOL,SOLUSDT,strategy-lab-v1.0.0:SIE_OLD_MR_1R_EXHAUSTION_CONFIRM_V1,1790067600000,2026-09-22T09:00:00+00:00,117.48,117.54,116.66,117.43,42.7480916030535,117.697,115.81750964354548,106.17985,1.2485714285714269,0.010632474057493202,48.2468443197756,1.4999999999999942,False,PLANNED_REWARD_TOO_LOW|RSI_NOT_BELOW_34|CLOSE_NOT_NEAR_OR_BELOW_LOWER_BB|RSI_RECOVERY_NOT_CONFIRMED
2026-09-22T11:28:47.609018+00:00,SIE_OLD_MR_1R_EXHAUSTION_CONFIRM_V1,SOL,SOLUSDT,strategy-lab-v1.0.0:SIE_OLD_MR_1R_EXHAUSTION_CONFIRM_V1,1790071200000,2026-09-22T10:00:00+00:00,117.45,117.46,116.37,116.84,31.220285261489735,117.63700000000001,115.72874320386236,106.25925000000001,1.2328571428571402,0.010551670171663302,42.7480916030535,1.5,False,CLOSE_NOT_NEAR_OR_BELOW_LOWER_BB|RSI_RECOVERY_NOT_CONFIRMED
2026-09-22T11:28:47.609018+00:00,SIE_OLD_MR_1R_EXHAUSTION_CONFIRM_V1,SOL,SOLUSDT,strategy-lab-v1.0.0:SIE_OLD_MR_1R_EXHAUSTION_CONFIRM_V1,1790074800000,2026-09-22T11:00:00+00:00,116.81,117.29,116.39,117.16,35.068912710566565,117.598,115.6842330340385,106.34035,1.20142857142857,0.010254596888260243,31.220285261489735,1.499999999999994,False,PLANNED_REWARD_TOO_LOW|RSI_NOT_BELOW_34|CLOSE_NOT_NEAR_OR_BELOW_LOWER_BB
2026-09-22T11:28:47.609018+00:00,SIE_OLD_MR_1R_EXHAUSTION_CONFIRM_V1,XRP,XRPUSDT,strategy-lab-v1.0.0:SIE_OLD_MR_1R_EXHAUSTION_CONFIRM_V1,1790053200000,2026-09-22T05:00:00+00:00,1.512,1.5181,1.4929,1.5133,57.154026583268156,1.51045,1.4704743824312936,1.3798759999999999,0.023949999999999978,0.015826339787219968,55.832037325038826,1.4999999999999953,False,PLANNED_REWARD_TOO_LOW|RSI_NOT_BELOW_34|CLOSE_NOT_NEAR_OR_BELOW_LOWER_BB
2026-09-22T11:28:47.609018+00:00,SIE_OLD_MR_1R_EXHAUSTION_CONFIRM_V1,XRP,XRPUSDT,strategy-lab-v1.0.0:SIE_OLD_MR_1R_EXHAUSTION_CONFIRM_V1,1790056800000,2026-09-22T06:00:00+00:00,1.5133,1.5256,1.5116,1.5192,61.71874999999998,1.511905,1.4728912857446324,1.380787,0.023278571428571402,0.015322914315805292,57.154026583268156,1.5,False,RSI_NOT_BELOW_34|CLOSE_NOT_NEAR_OR_BELOW_LOWER_BB
2026-09-22T11:28:47.609018+00:00,SIE_OLD_MR_1R_EXHAUSTION_CONFIRM_V1,XRP,XRPUSDT,strategy-lab-v1.0.0:SIE_OLD_MR_1R_EXHAUSTION_CONFIRM_V1,1790060400000,2026-09-22T07:00:00+00:00,1.5192,1.5255,1.51,1.5187,59.492635024549834,1.513565,1.4764053834788429,1.3816765000000002,0.02348571428571427,0.015464353911710194,61.71874999999998,1.4999999999999953,False,PLANNED_REWARD_TOO_LOW|RSI_NOT_BELOW_34|CLOSE_NOT_NEAR_OR_BELOW_LOWER_BB|RSI_RECOVERY_NOT_CONFIRMED
2026-09-22T11:28:47.609018+00:00,SIE_OLD_MR_1R_EXHAUSTION_CONFIRM_V1,XRP,XRPUSDT,strategy-lab-v1.0.0:SIE_OLD_MR_1R_EXHAUSTION_CONFIRM_V1,1790064000000,2026-09-22T08:00:00+00:00,1.5184,1.5543,1.5139,1.5465,63.6296840558412,1.516535,1.4788200546865111,1.382675,0.024728571428571416,0.015990023555493966,59.492635024549834,1.4999999999999956,False,PLANNED_REWARD_TOO_LOW|RSI_NOT_BELOW_34|CLOSE_NOT_NEAR_OR_BELOW_LOWER_BB
2026-09-22T11:28:47.609018+00:00,SIE_OLD_MR_1R_EXHAUSTION_CONFIRM_V1,XRP,XRPUSDT,strategy-lab-v1.0.0:SIE_OLD_MR_1R_EXHAUSTION_CONFIRM_V1,1790067600000,2026-09-22T09:00:00+00:00,1.546,1.5476,1.5267,1.5414,62.03438395415472,1.51912,1.4820347145083197,1.3836260000000002,0.025271428571428563,0.016395113903872167,63.6296840558412,1.5,False,RSI_NOT_BELOW_34|CLOSE_NOT_NEAR_OR_BELOW_LOWER_BB|RSI_RECOVERY_NOT_CONFIRMED
2026-09-22T11:28:47.609018+00:00,SIE_OLD_MR_1R_EXHAUSTION_CONFIRM_V1,XRP,XRPUSDT,strategy-lab-v1.0.0:SIE_OLD_MR_1R_EXHAUSTION_CONFIRM_V1,1790071200000,2026-09-22T10:00:00+00:00,1.5414,1.5415,1.5198,1.5315,49.23325262308313,1.520845,1.4848420848402601,1.3844345000000002,0.024314285714285715,0.01587612518072851,62.03438395415472,1.5000000000000047,False,RSI_NOT_BELOW_34|CLOSE_NOT_NEAR_OR_BELOW_LOWER_BB|RSI_RECOVERY_NOT_CONFIRMED
2026-09-22T11:28:47.609018+00:00,SIE_OLD_MR_1R_EXHAUSTION_CONFIRM_V1,XRP,XRPUSDT,strategy-lab-v1.0.0:SIE_OLD_MR_1R_EXHAUSTION_CONFIRM_V1,1790074800000,2026-09-22T11:00:00+00:00,1.5315,1.537,1.5216,1.5362,44.33628318584076,1.522905,1.488368093653319,1.385257,0.02272857142857143,0.014795320549779606,49.23325262308313,1.5,False,RSI_NOT_BELOW_34|CLOSE_NOT_NEAR_OR_BELOW_LOWER_BB|RSI_RECOVERY_NOT_CONFIRMED
2026-09-22T11:28:47.609018+00:00,SIE_OLD_MR_1R_EXHAUSTION_CONFIRM_V1,DOGE,DOGEUSDT,strategy-lab-v1.0.0:SIE_OLD_MR_1R_EXHAUSTION_CONFIRM_V1,1790053200000,2026-09-22T05:00:00+00:00,0.0999,0.10026,0.09835,0.10004,58.71382636655949,0.0978435,0.09238137486412219,0.08555235,0.0029142857142857134,0.029131204660992737,63.952835485682186,1.5000000000000024,False,RSI_NOT_BELOW_34|CLOSE_NOT_NEAR_OR_BELOW_LOWER_BB|RSI_RECOVERY_NOT_CONFIRMED
2026-09-22T11:28:47.609018+00:00,SIE_OLD_MR_1R_EXHAUSTION_CONFIRM_V1,DOGE,DOGEUSDT,strategy-lab-v1.0.0:SIE_OLD_MR_1R_EXHAUSTION_CONFIRM_V1,1790056800000,2026-09-22T06:00:00+00:00,0.10009,0.1005,0.09941,0.09973,60.06578947368416,0.098187,0.09317625514519168,0.08563979999999999,0.002792142857142857,0.02799702052685107,58.71382636655949,1.5,False,RSI_NOT_BELOW_34|CLOSE_NOT_NEAR_OR_BELOW_LOWER_BB|RSI_RECOVERY_NOT_CONFIRMED
2026-09-22T11:28:47.609018+00:00,SIE_OLD_MR_1R_EXHAUSTION_CONFIRM_V1,DOGE,DOGEUSDT,strategy-lab-v1.0.0:SIE_OLD_MR_1R_EXHAUSTION_CONFIRM_V1,1790060400000,2026-09-22T07:00:00+00:00,0.09972,0.09996,0.0987,0.09877,54.498381877022645,0.098457,0.09395775072928962,0.0857213,0.002696428571428571,0.027300076657168888,60.06578947368416,1.5,False,RSI_NOT_BELOW_34|CLOSE_NOT_NEAR_OR_BELOW_LOWER_BB|RSI_RECOVERY_NOT_CONFIRMED
2026-09-22T11:28:47.609018+00:00,SIE_OLD_MR_1R_EXHAUSTION_CONFIRM_V1,DOGE,DOGEUSDT,strategy-lab-v1.0.0:SIE_OLD_MR_1R_EXHAUSTION_CONFIRM_V1,1790064000000,2026-09-22T08:00:00+00:00,0.0988,0.09975,0.09765,0.09947,49.38804895608351,0.0987575,0.09487249356500048,0.08580545,0.0026292857142857138,0.026432951787329986,54.498381877022645,1.4999999999999973,False,PLANNED_REWARD_TOO_LOW|RSI_NOT_BELOW_34|CLOSE_NOT_NEAR_OR_BELOW_LOWER_BB|RSI_RECOVERY_NOT_CONFIRMED
2026-09-22T11:28:47.609018+00:00,SIE_OLD_MR_1R_EXHAUSTION_CONFIRM_V1,DOGE,DOGEUSDT,strategy-lab-v1.0.0:SIE_OLD_MR_1R_EXHAUSTION_CONFIRM_V1,1790067600000,2026-09-22T09:00:00+00:00,0.09948,0.0996,0.0982,0.09876,50.81481481481482,0.0990345,0.0960928033807023,0.0858838,0.0025549999999999995,0.02587079789388416,49.38804895608351,1.5,False,RSI_NOT_BELOW_34|CLOSE_NOT_NEAR_OR_BELOW_LOWER_BB|RSI_RECOVERY_NOT_CONFIRMED
2026-09-22T11:28:47.609018+00:00,SIE_OLD_MR_1R_EXHAUSTION_CONFIRM_V1,DOGE,DOGEUSDT,strategy-lab-v1.0.0:SIE_OLD_MR_1R_EXHAUSTION_CONFIRM_V1,1790071200000,2026-09-22T10:00:00+00:00,0.09872,0.09872,0.0974,0.09777,40.8527131782946,0.099174,0.09680593412254061,0.08595245,0.0024564285714285716,0.025124563479887202,50.81481481481482,1.5000000000000029,False,RSI_NOT_BELOW_34|CLOSE_NOT_NEAR_OR_BELOW_LOWER_BB|RSI_RECOVERY_NOT_CONFIRMED
2026-09-22T11:28:47.609018+00:00,SIE_OLD_MR_1R_EXHAUSTION_CONFIRM_V1,DOGE,DOGEUSDT,strategy-lab-v1.0.0:SIE_OLD_MR_1R_EXHAUSTION_CONFIRM_V1,1790074800000,2026-09-22T11:00:00+00:00,0.09776,0.09824,0.09714,0.09802,45.09803921568626,0.0992085,0.09693050724321006,0.0860231,0.002384285714285714,0.024324481884163578,40.8527131782946,1.5000000000000029,False,RSI_NOT_BELOW_34|CLOSE_NOT_NEAR_OR_BELOW_LOWER_BB
2026-09-22T11:28:47.609018+00:00,SIE_OLD_MR_1R_EXHAUSTION_CONFIRM_V1,BNB,BNBUSDT,strategy-lab-v1.0.0:SIE_OLD_MR_1R_EXHAUSTION_CONFIRM_V1,1790053200000,2026-09-22T05:00:00+00:00,786.72,788.87,783.17,787.08,29.1485553566864,795.1175000000001,782.8898332151869,744.5189,6.2928571428571605,0.007995193808580018,38.785046728971956,1.5,False,CLOSE_NOT_NEAR_OR_BELOW_LOWER_BB|RSI_RECOVERY_NOT_CONFIRMED
2026-09-22T11:28:47.609018+00:00,SIE_OLD_MR_1R_EXHAUSTION_CONFIRM_V1,BNB,BNBUSDT,strategy-lab-v1.0.0:SIE_OLD_MR_1R_EXHAUSTION_CONFIRM_V1,1790056800000,2026-09-22T06:00:00+00:00,787.19,788.15,785.43,786.36,33.313851548802006,795.209,783.2757659035605,744.8727,5.858571428571452,0.007450240892938923,29.1485553566864,1.5,False,CLOSE_NOT_NEAR_OR_BELOW_LOWER_BB|RSI_RECOVERY_NOT_CONFIRMED
2026-09-22T11:28:47.609018+00:00,SIE_OLD_MR_1R_EXHAUSTION_CONFIRM_V1,BNB,BNBUSDT,strategy-lab-v1.0.0:SIE_OLD_MR_1R_EXHAUSTION_CONFIRM_V1,1790060400000,2026-09-22T07:00:00+00:00,786.61,787.72,783.0,784.62,33.44089175711365,794.913,782.259262054222,745.2152000000001,5.775000000000026,0.007360250822054021,33.313851548802006,1.4999999999999902,False,PLANNED_REWARD_TOO_LOW|CLOSE_NOT_NEAR_OR_BELOW_LOWER_BB|RSI_RECOVERY_NOT_CONFIRMED
2026-09-22T11:28:47.609018+00:00,SIE_OLD_MR_1R_EXHAUSTION_CONFIRM_V1,BNB,BNBUSDT,strategy-lab-v1.0.0:SIE_OLD_MR_1R_EXHAUSTION_CONFIRM_V1,1790064000000,2026-09-22T08:00:00+00:00,785.05,789.36,783.53,787.48,28.737437185929807,794.7785,781.8713155277604,745.56065,5.7364285714286,0.007284538745655254,33.44089175711365,1.5,False,CLOSE_NOT_NEAR_OR_BELOW_LOWER_BB|RSI_RECOVERY_NOT_CONFIRMED
2026-09-22T11:28:47.609018+00:00,SIE_OLD_MR_1R_EXHAUSTION_CONFIRM_V1,BNB,BNBUSDT,strategy-lab-v1.0.0:SIE_OLD_MR_1R_EXHAUSTION_CONFIRM_V1,1790067600000,2026-09-22T09:00:00+00:00,787.52,788.23,783.12,787.66,30.048309178744034,794.4559999999999,781.181038003805,745.90295,5.885714285714316,0.007472404699634762,28.737437185929807,1.5,False,CLOSE_NOT_NEAR_OR_BELOW_LOWER_BB
2026-09-22T11:28:47.609018+00:00,SIE_OLD_MR_1R_EXHAUSTION_CONFIRM_V1,BNB,BNBUSDT,strategy-lab-v1.0.0:SIE_OLD_MR_1R_EXHAUSTION_CONFIRM_V1,1790071200000,2026-09-22T10:00:00+00:00,787.28,788.67,785.54,786.62,16.69106881405547,793.9190000000001,780.2931027451249,746.2197,5.635714285714316,0.007164468594383968,30.048309178744034,1.5,False,CLOSE_NOT_NEAR_OR_BELOW_LOWER_BB|RSI_RECOVERY_NOT_CONFIRMED
2026-09-22T11:28:47.609018+00:00,SIE_OLD_MR_1R_EXHAUSTION_CONFIRM_V1,BNB,BNBUSDT,strategy-lab-v1.0.0:SIE_OLD_MR_1R_EXHAUSTION_CONFIRM_V1,1790074800000,2026-09-22T11:00:00+00:00,786.78,787.32,784.94,786.62,16.783216783216673,793.0804999999999,779.8302977751126,746.54035,5.465714285714317,0.006948354079116113,16.69106881405547,1.5,False,CLOSE_NOT_NEAR_OR_BELOW_LOWER_BB
2026-09-22T11:28:47.609018+00:00,SIE_OLD_MR_1R_EXHAUSTION_CONFIRM_V1,PAXG,PAXGUSDT,strategy-lab-v1.0.0:SIE_OLD_MR_1R_EXHAUSTION_CONFIRM_V1,1790053200000,2026-09-22T05:00:00+00:00,4340.16,4344.63,4316.69,4322.97,35.915581953747036,4345.2294999999995,4325.757883246334,4336.67885,13.737857142857203,0.003177874734929274,51.17261471230857,1.500000000000033,False,RSI_NOT_BELOW_34|CLOSE_NOT_ABOVE_MA200|RSI_RECOVERY_NOT_CONFIRMED
2026-09-22T11:28:47.609018+00:00,SIE_OLD_MR_1R_EXHAUSTION_CONFIRM_V1,PAXG,PAXGUSDT,strategy-lab-v1.0.0:SIE_OLD_MR_1R_EXHAUSTION_CONFIRM_V1,1790056800000,2026-09-22T06:00:00+00:00,4323.06,4323.06,4315.45,4317.82,35.64083270629524,4344.135,4321.364068969371,4336.54745,13.264285714285831,0.0030719867234590215,35.915581953747036,1.5,False,RSI_NOT_BELOW_34|CLOSE_NOT_ABOVE_MA200|RSI_RECOVERY_NOT_CONFIRMED
2026-09-22T11:28:47.609018+00:00,SIE_OLD_MR_1R_EXHAUSTION_CONFIRM_V1,PAXG,PAXGUSDT,strategy-lab-v1.0.0:SIE_OLD_MR_1R_EXHAUSTION_CONFIRM_V1,1790060400000,2026-09-22T07:00:00+00:00,4318.79,4324.14,4302.07,4303.01,28.049178544228525,4341.068,4313.9126464946285,4336.39515,14.320714285714464,0.0033280690227804406,35.64083270629524,1.4999999999999682,False,PLANNED_REWARD_TOO_LOW|CLOSE_NOT_ABOVE_MA200|RSI_RECOVERY_NOT_CONFIRMED
2026-09-22T11:28:47.609018+00:00,SIE_OLD_MR_1R_EXHAUSTION_CONFIRM_V1,PAXG,PAXGUSDT,strategy-lab-v1.0.0:SIE_OLD_MR_1R_EXHAUSTION_CONFIRM_V1,1790064000000,2026-09-22T08:00:00+00:00,4302.78,4332.46,4295.0,4329.91,44.644067796610074,4339.7300000000005,4313.150534994065,4336.3511499999995,16.420714285714503,0.0037923915937547207,28.049178544228525,1.5000000000000278,False,RSI_NOT_BELOW_34|CLOSE_NOT_NEAR_OR_BELOW_LOWER_BB|CLOSE_NOT_ABOVE_MA200
2026-09-22T11:28:47.609018+00:00,SIE_OLD_MR_1R_EXHAUSTION_CONFIRM_V1,PAXG,PAXGUSDT,strategy-lab-v1.0.0:SIE_OLD_MR_1R_EXHAUSTION_CONFIRM_V1,1790067600000,2026-09-22T09:00:00+00:00,4324.87,4335.79,4314.93,4335.79,47.67953102100643,4339.303,4312.758483353398,4336.26925,17.075714285714444,0.003938316727912202,44.644067796610074,1.5,False,RSI_NOT_BELOW_34|CLOSE_NOT_NEAR_OR_BELOW_LOWER_BB|CLOSE_NOT_ABOVE_MA200
2026-09-22T11:28:47.609018+00:00,SIE_OLD_MR_1R_EXHAUSTION_CONFIRM_V1,PAXG,PAXGUSDT,strategy-lab-v1.0.0:SIE_OLD_MR_1R_EXHAUSTION_CONFIRM_V1,1790071200000,2026-09-22T10:00:00+00:00,4334.11,4335.79,4319.04,4319.04,42.453240539365076,4338.3275,4310.348768881493,4336.2045,17.825714285714444,0.00412723991574851,47.67953102100643,1.5,False,RSI_NOT_BELOW_34|CLOSE_NOT_NEAR_OR_BELOW_LOWER_BB|CLOSE_NOT_ABOVE_MA200|RSI_RECOVERY_NOT_CONFIRMED
2026-09-22T11:28:47.609018+00:00,SIE_OLD_MR_1R_EXHAUSTION_CONFIRM_V1,PAXG,PAXGUSDT,strategy-lab-v1.0.0:SIE_OLD_MR_1R_EXHAUSTION_CONFIRM_V1,1790074800000,2026-09-22T11:00:00+00:00,4319.07,4319.86,4312.01,4317.37,41.57295271049594,4336.932999999999,4307.722345710823,4336.123250000001,17.24714285714299,0.003994826215298432,42.453240539365076,1.5000000000000264,False,RSI_NOT_BELOW_34|CLOSE_NOT_NEAR_OR_BELOW_LOWER_BB|CLOSE_NOT_ABOVE_MA200|RSI_RECOVERY_NOT_CONFIRMED
2026-09-22T16:50:38.293235+00:00,SIE_OLD_MR_1R_EXHAUSTION_CONFIRM_V1,BTC,BTCUSDT,strategy-lab-v1.0.0:SIE_OLD_MR_1R_EXHAUSTION_CONFIRM_V1,1790078400000,2026-09-22T12:00:00+00:00,85969.07,86172.95,85765.82,86015.87,43.33265665621079,85984.563,85081.91138567808,79537.4918,518.7042857142858,0.006030332376040442,40.637782467666966,1.5,False,RSI_NOT_BELOW_34|CLOSE_NOT_NEAR_OR_BELOW_LOWER_BB
2026-09-22T16:50:38.293235+00:00,SIE_OLD_MR_1R_EXHAUSTION_CONFIRM_V1,BTC,BTCUSDT,strategy-lab-v1.0.0:SIE_OLD_MR_1R_EXHAUSTION_CONFIRM_V1,1790082000000,2026-09-22T13:00:00+00:00,86016.24,86358.3,85560.12,86329.14,45.841156590311655,86005.914,85091.94257365783,79581.2543,550.5364285714293,0.006377179577735041,43.33265665621079,1.5000000000000133,False,RSI_NOT_BELOW_34|CLOSE_NOT_NEAR_OR_BELOW_LOWER_BB
2026-09-22T16:50:38.293235+00:00,SIE_OLD_MR_1R_EXHAUSTION_CONFIRM_V1,BTC,BTCUSDT,strategy-lab-v1.0.0:SIE_OLD_MR_1R_EXHAUSTION_CONFIRM_V1,1790085600000,2026-09-22T14:00:00+00:00,86333.37,86465.4,85450.0,86242.89,57.156345958009645,86014.46949999999,85095.00506851124,79624.68095,567.4500000000002,0.006579672828681879,45.841156590311655,1.5000000000000129,False,RSI_NOT_BELOW_34|CLOSE_NOT_NEAR_OR_BELOW_LOWER_BB|RSI_RECOVERY_NOT_CONFIRMED
2026-09-22T16:50:38.293235+00:00,SIE_OLD_MR_1R_EXHAUSTION_CONFIRM_V1,BTC,BTCUSDT,strategy-lab-v1.0.0:SIE_OLD_MR_1R_EXHAUSTION_CONFIRM_V1,1790089200000,2026-09-22T15:00:00+00:00,86242.88,86734.0,86112.39,86417.8,66.64566813927303,86010.611,85098.62731537076,79667.49245,567.7292857142862,0.006569587350225141,57.156345958009645,1.5000000000000129,False,RSI_NOT_BELOW_34|CLOSE_NOT_NEAR_OR_BELOW_LOWER_BB
2026-09-22T16:50:38.293235+00:00,SIE_OLD_MR_1R_EXHAUSTION_CONFIRM_V1,BTC,BTCUSDT,strategy-lab-v1.0.0:SIE_OLD_MR_1R_EXHAUSTION_CONFIRM_V1,1790092800000,2026-09-22T16:00:00+00:00,86416.54,86527.4,86050.0,86393.24,64.54113738190728,85981.272,85162.98026607012,79710.9335,566.3578571428568,0.006555580704495592,66.64566813927303,1.4999999999999871,False,PLANNED_REWARD_TOO_LOW|RSI_NOT_BELOW_34|CLOSE_NOT_NEAR_OR_BELOW_LOWER_BB|RSI_RECOVERY_NOT_CONFIRMED
2026-09-22T16:50:38.293235+00:00,SIE_OLD_MR_1R_EXHAUSTION_CONFIRM_V1,SOL,SOLUSDT,strategy-lab-v1.0.0:SIE_OLD_MR_1R_EXHAUSTION_CONFIRM_V1,1790078400000,2026-09-22T12:00:00+00:00,117.31,117.72,116.82,117.45,34.567901234567884,117.602,115.69311969992734,106.4227,1.2049999999999994,0.010259684972328645,36.52694610778444,1.500000000000006,False,RSI_NOT_BELOW_34|CLOSE_NOT_NEAR_OR_BELOW_LOWER_BB|RSI_RECOVERY_NOT_CONFIRMED
2026-09-22T16:50:38.293235+00:00,SIE_OLD_MR_1R_EXHAUSTION_CONFIRM_V1,SOL,SOLUSDT,strategy-lab-v1.0.0:SIE_OLD_MR_1R_EXHAUSTION_CONFIRM_V1,1790082000000,2026-09-22T13:00:00+00:00,117.45,117.97,116.77,117.97,42.79069767441853,117.641,115.73551423516062,106.50720000000001,1.1799999999999997,0.010002543019411713,34.567901234567884,1.5,False,RSI_NOT_BELOW_34|CLOSE_NOT_NEAR_OR_BELOW_LOWER_BB
2026-09-22T16:50:38.293235+00:00,SIE_OLD_MR_1R_EXHAUSTION_CONFIRM_V1,SOL,SOLUSDT,strategy-lab-v1.0.0:SIE_OLD_MR_1R_EXHAUSTION_CONFIRM_V1,1790085600000,2026-09-22T14:00:00+00:00,117.97,117.97,115.89,116.89,39.712230215827354,117.59850000000002,115.66601688234918,106.58415000000001,1.2278571428571428,0.01050438140865038,42.79069767441853,1.5,False,RSI_NOT_BELOW_34|CLOSE_NOT_NEAR_OR_BELOW_LOWER_BB|RSI_RECOVERY_NOT_CONFIRMED
2026-09-22T16:50:38.293235+00:00,SIE_OLD_MR_1R_EXHAUSTION_CONFIRM_V1,SOL,SOLUSDT,strategy-lab-v1.0.0:SIE_OLD_MR_1R_EXHAUSTION_CONFIRM_V1,1790089200000,2026-09-22T15:00:00+00:00,116.89,117.95,116.77,117.37,48.57571214392805,117.548,115.64732012163924,106.6632,1.211428571428571,0.010321449871590449,39.712230215827354,1.5,False,RSI_NOT_BELOW_34|CLOSE_NOT_NEAR_OR_BELOW_LOWER_BB
2026-09-22T16:50:38.293235+00:00,SIE_OLD_MR_1R_EXHAUSTION_CONFIRM_V1,SOL,SOLUSDT,strategy-lab-v1.0.0:SIE_OLD_MR_1R_EXHAUSTION_CONFIRM_V1,1790092800000,2026-09-22T16:00:00+00:00,117.36,117.55,116.65,117.2,52.512155591572146,117.44750000000002,115.70280661719448,106.7419,1.162142857142857,0.009915894685519257,48.57571214392805,1.4999999999999938,False,PLANNED_REWARD_TOO_LOW|RSI_NOT_BELOW_34|CLOSE_NOT_NEAR_OR_BELOW_LOWER_BB|RSI_RECOVERY_NOT_CONFIRMED
2026-09-22T16:50:38.293235+00:00,SIE_OLD_MR_1R_EXHAUSTION_CONFIRM_V1,XRP,XRPUSDT,strategy-lab-v1.0.0:SIE_OLD_MR_1R_EXHAUSTION_CONFIRM_V1,1790078400000,2026-09-22T12:00:00+00:00,1.5374,1.5463,1.5294,1.5427,44.286979627989325,1.52565,1.4936866146973922,1.3860945,0.022350000000000012,0.01448758669864524,45.017482517482605,1.5000000000000049,False,RSI_NOT_BELOW_34|CLOSE_NOT_NEAR_OR_BELOW_LOWER_BB|RSI_RECOVERY_NOT_CONFIRMED
2026-09-22T16:50:38.293235+00:00,SIE_OLD_MR_1R_EXHAUSTION_CONFIRM_V1,XRP,XRPUSDT,strategy-lab-v1.0.0:SIE_OLD_MR_1R_EXHAUSTION_CONFIRM_V1,1790082000000,2026-09-22T13:00:00+00:00,1.5427,1.5962,1.538,1.5887,68.96551724137926,1.53031,1.4909647131157613,1.3871394999999997,0.02340714285714288,0.014733519769083452,44.286979627989325,1.5000000000000047,False,RSI_NOT_BELOW_34|CLOSE_NOT_NEAR_OR_BELOW_LOWER_BB
2026-09-22T16:50:38.293235+00:00,SIE_OLD_MR_1R_EXHAUSTION_CONFIRM_V1,XRP,XRPUSDT,strategy-lab-v1.0.0:SIE_OLD_MR_1R_EXHAUSTION_CONFIRM_V1,1790085600000,2026-09-22T14:00:00+00:00,1.5888,1.5901,1.5323,1.5646,64.55951580363141,1.53307,1.4922619566751465,1.3880335,0.025957142857142883,0.016590274100180803,68.96551724137926,1.5000000000000042,False,RSI_NOT_BELOW_34|CLOSE_NOT_NEAR_OR_BELOW_LOWER_BB|RSI_RECOVERY_NOT_CONFIRMED
2026-09-22T16:50:38.293235+00:00,SIE_OLD_MR_1R_EXHAUSTION_CONFIRM_V1,XRP,XRPUSDT,strategy-lab-v1.0.0:SIE_OLD_MR_1R_EXHAUSTION_CONFIRM_V1,1790089200000,2026-09-22T15:00:00+00:00,1.5647,1.5865,1.5636,1.572,70.58020477815697,1.53628,1.4938597878364197,1.3889429999999998,0.026164285714285734,0.016643947655398048,64.55951580363141,1.5,False,RSI_NOT_BELOW_34|CLOSE_NOT_NEAR_OR_BELOW_LOWER_BB
2026-09-22T16:50:38.293235+00:00,SIE_OLD_MR_1R_EXHAUSTION_CONFIRM_V1,XRP,XRPUSDT,strategy-lab-v1.0.0:SIE_OLD_MR_1R_EXHAUSTION_CONFIRM_V1,1790092800000,2026-09-22T16:00:00+00:00,1.5723,1.5777,1.5473,1.5638,66.11624834874506,1.5378,1.4937540694274352,1.3898385,0.0269571428571429,0.01723822922185887,70.58020477815697,1.5,False,RSI_NOT_BELOW_34|CLOSE_NOT_NEAR_OR_BELOW_LOWER_BB|RSI_RECOVERY_NOT_CONFIRMED
2026-09-22T16:50:38.293235+00:00,SIE_OLD_MR_1R_EXHAUSTION_CONFIRM_V1,DOGE,DOGEUSDT,strategy-lab-v1.0.0:SIE_OLD_MR_1R_EXHAUSTION_CONFIRM_V1,1790078400000,2026-09-22T12:00:00+00:00,0.09784,0.09996,0.09749,0.09986,48.228043143297384,0.0993595,0.09736432106065963,0.0861015,0.0023728571428571427,0.023761838001773908,44.324772162386125,1.5,False,RSI_NOT_BELOW_34|CLOSE_NOT_NEAR_OR_BELOW_LOWER_BB
2026-09-22T16:50:38.293235+00:00,SIE_OLD_MR_1R_EXHAUSTION_CONFIRM_V1,DOGE,DOGEUSDT,strategy-lab-v1.0.0:SIE_OLD_MR_1R_EXHAUSTION_CONFIRM_V1,1790082000000,2026-09-22T13:00:00+00:00,0.09987,0.10107,0.09943,0.10094,54.20974889217134,0.0995375,0.09764807813075342,0.08618525,0.0022607142857142847,0.022396614679158756,48.228043143297384,1.5,False,RSI_NOT_BELOW_34|CLOSE_NOT_NEAR_OR_BELOW_LOWER_BB
2026-09-22T16:50:38.293235+00:00,SIE_OLD_MR_1R_EXHAUSTION_CONFIRM_V1,DOGE,DOGEUSDT,strategy-lab-v1.0.0:SIE_OLD_MR_1R_EXHAUSTION_CONFIRM_V1,1790085600000,2026-09-22T14:00:00+00:00,0.10093,0.10111,0.09844,0.1,52.05673758865252,0.09955549999999999,0.09765568448264383,0.08626385,0.0022749999999999992,0.022749999999999992,54.20974889217134,1.5,False,RSI_NOT_BELOW_34|CLOSE_NOT_NEAR_OR_BELOW_LOWER_BB|RSI_RECOVERY_NOT_CONFIRMED
2026-09-22T16:50:38.293235+00:00,SIE_OLD_MR_1R_EXHAUSTION_CONFIRM_V1,DOGE,DOGEUSDT,strategy-lab-v1.0.0:SIE_OLD_MR_1R_EXHAUSTION_CONFIRM_V1,1790089200000,2026-09-22T15:00:00+00:00,0.09999,0.10056,0.09931,0.1,50.764748725418805,0.0996285,0.09777883759837445,0.0863422,0.002170714285714286,0.021707142857142855,52.05673758865252,1.499999999999997,False,PLANNED_REWARD_TOO_LOW|RSI_NOT_BELOW_34|CLOSE_NOT_NEAR_OR_BELOW_LOWER_BB|RSI_RECOVERY_NOT_CONFIRMED
2026-09-22T16:50:38.293235+00:00,SIE_OLD_MR_1R_EXHAUSTION_CONFIRM_V1,DOGE,DOGEUSDT,strategy-lab-v1.0.0:SIE_OLD_MR_1R_EXHAUSTION_CONFIRM_V1,1790092800000,2026-09-22T16:00:00+00:00,0.09996,0.10022,0.09868,0.09903,50.580551523947776,0.09957350000000001,0.09772134152946159,0.08641674999999999,0.00214,0.021609613248510552,50.764748725418805,1.5,False,RSI_NOT_BELOW_34|CLOSE_NOT_NEAR_OR_BELOW_LOWER_BB|RSI_RECOVERY_NOT_CONFIRMED
2026-09-22T16:50:38.293235+00:00,SIE_OLD_MR_1R_EXHAUSTION_CONFIRM_V1,BNB,BNBUSDT,strategy-lab-v1.0.0:SIE_OLD_MR_1R_EXHAUSTION_CONFIRM_V1,1790078400000,2026-09-22T12:00:00+00:00,786.72,791.27,784.73,791.27,32.928137289953355,792.7655,779.6935598608917,746.8756999999999,5.397142857142877,0.00682086121948624,17.421475529583645,1.5,False,CLOSE_NOT_NEAR_OR_BELOW_LOWER_BB
2026-09-22T16:50:38.293235+00:00,SIE_OLD_MR_1R_EXHAUSTION_CONFIRM_V1,BNB,BNBUSDT,strategy-lab-v1.0.0:SIE_OLD_MR_1R_EXHAUSTION_CONFIRM_V1,1790082000000,2026-09-22T13:00:00+00:00,791.09,793.29,786.6,791.26,34.89958317544513,792.533,779.5278039614765,747.20885,5.4514285714285835,0.0068895540927490125,32.928137289953355,1.5,False,RSI_NOT_BELOW_34|CLOSE_NOT_NEAR_OR_BELOW_LOWER_BB|RSI_RECOVERY_NOT_CONFIRMED
2026-09-22T16:50:38.293235+00:00,SIE_OLD_MR_1R_EXHAUSTION_CONFIRM_V1,BNB,BNBUSDT,strategy-lab-v1.0.0:SIE_OLD_MR_1R_EXHAUSTION_CONFIRM_V1,1790085600000,2026-09-22T14:00:00+00:00,791.25,791.52,780.03,786.8,35.546121188730126,791.822,779.2013556424237,747.52545,5.740000000000009,0.007295373665480439,34.89958317544513,1.5,False,RSI_NOT_BELOW_34|CLOSE_NOT_NEAR_OR_BELOW_LOWER_BB|RSI_RECOVERY_NOT_CONFIRMED
2026-09-22T16:50:38.293235+00:00,SIE_OLD_MR_1R_EXHAUSTION_CONFIRM_V1,BNB,BNBUSDT,strategy-lab-v1.0.0:SIE_OLD_MR_1R_EXHAUSTION_CONFIRM_V1,1790089200000,2026-09-22T15:00:00+00:00,786.84,790.44,786.24,787.65,46.552521980564514,791.202,779.0494618288844,747.8411,5.275714285714295,0.006698043910003548,35.546121188730126,1.5000000000000109,False,RSI_NOT_BELOW_34|CLOSE_NOT_NEAR_OR_BELOW_LOWER_BB
2026-09-22T16:50:38.293235+00:00,SIE_OLD_MR_1R_EXHAUSTION_CONFIRM_V1,BNB,BNBUSDT,strategy-lab-v1.0.0:SIE_OLD_MR_1R_EXHAUSTION_CONFIRM_V1,1790092800000,2026-09-22T16:00:00+00:00,787.72,788.61,785.04,788.49,44.816053511705775,790.3855,779.9261262615578,748.1658500000001,5.1171428571428725,0.006489800577233538,46.552521980564514,1.5,False,RSI_NOT_BELOW_34|CLOSE_NOT_NEAR_OR_BELOW_LOWER_BB|RSI_RECOVERY_NOT_CONFIRMED
2026-09-22T16:50:38.293235+00:00,SIE_OLD_MR_1R_EXHAUSTION_CONFIRM_V1,PAXG,PAXGUSDT,strategy-lab-v1.0.0:SIE_OLD_MR_1R_EXHAUSTION_CONFIRM_V1,1790078400000,2026-09-22T12:00:00+00:00,4326.62,4343.16,4323.59,4334.27,41.05153720481238,4336.956,4308.543190635177,4336.159100000001,17.658571428571577,0.004074174296610865,44.21252371916499,1.5,False,RSI_NOT_BELOW_34|CLOSE_NOT_NEAR_OR_BELOW_LOWER_BB|CLOSE_NOT_ABOVE_MA200|RSI_RECOVERY_NOT_CONFIRMED
2026-09-22T16:50:38.293235+00:00,SIE_OLD_MR_1R_EXHAUSTION_CONFIRM_V1,PAXG,PAXGUSDT,strategy-lab-v1.0.0:SIE_OLD_MR_1R_EXHAUSTION_CONFIRM_V1,1790082000000,2026-09-22T13:00:00+00:00,4333.55,4342.32,4328.93,4334.6,38.465116279070116,4336.518,4308.243837519004,4336.12865,17.76285714285723,0.0040979230246982945,41.05153720481238,1.5000000000000255,False,RSI_NOT_BELOW_34|CLOSE_NOT_NEAR_OR_BELOW_LOWER_BB|CLOSE_NOT_ABOVE_MA200|RSI_RECOVERY_NOT_CONFIRMED
2026-09-22T16:50:38.293235+00:00,SIE_OLD_MR_1R_EXHAUSTION_CONFIRM_V1,PAXG,PAXGUSDT,strategy-lab-v1.0.0:SIE_OLD_MR_1R_EXHAUSTION_CONFIRM_V1,1790085600000,2026-09-22T14:00:00+00:00,4331.15,4335.78,4316.77,4327.17,38.79593432369057,4335.749,4307.336628821202,4336.1392,17.5,0.004044213654651885,38.465116279070116,1.5,False,RSI_NOT_BELOW_34|CLOSE_NOT_NEAR_OR_BELOW_LOWER_BB|CLOSE_NOT_ABOVE_MA200|RSI_RECOVERY_NOT_CONFIRMED
2026-09-22T16:50:38.293235+00:00,SIE_OLD_MR_1R_EXHAUSTION_CONFIRM_V1,PAXG,PAXGUSDT,strategy-lab-v1.0.0:SIE_OLD_MR_1R_EXHAUSTION_CONFIRM_V1,1790089200000,2026-09-22T15:00:00+00:00,4327.59,4339.65,4326.21,4331.38,44.217184162970376,4335.2435000000005,4306.89801480391,4336.2194500000005,17.17785714285713,0.003965908588684698,38.79593432369057,1.5,False,RSI_NOT_BELOW_34|CLOSE_NOT_NEAR_OR_BELOW_LOWER_BB|CLOSE_NOT_ABOVE_MA200
2026-09-22T16:50:38.293235+00:00,SIE_OLD_MR_1R_EXHAUSTION_CONFIRM_V1,PAXG,PAXGUSDT,strategy-lab-v1.0.0:SIE_OLD_MR_1R_EXHAUSTION_CONFIRM_V1,1790092800000,2026-09-22T16:00:00+00:00,4331.94,4339.59,4323.25,4339.59,50.125232285691354,4335.2300000000005,4306.893066503205,4336.34795,17.405000000000005,0.004010747559101207,44.217184162970376,1.5000000000000262,False,RSI_NOT_BELOW_34|CLOSE_NOT_NEAR_OR_BELOW_LOWER_BB
2026-09-22T21:13:37.559684+00:00,SIE_OLD_MR_1R_EXHAUSTION_CONFIRM_V1,BTC,BTCUSDT,strategy-lab-v1.0.0:SIE_OLD_MR_1R_EXHAUSTION_CONFIRM_V1,1790096400000,2026-09-22T17:00:00+00:00,86426.3,86675.1,86258.91,86587.58,68.41852305769832,85984.4385,85158.37182036393,79753.43455,566.845714285714,0.006546501406849736,65.33778218909026,1.5,False,RSI_NOT_BELOW_34|CLOSE_NOT_NEAR_OR_BELOW_LOWER_BB
2026-09-22T21:13:37.559684+00:00,SIE_OLD_MR_1R_EXHAUSTION_CONFIRM_V1,BTC,BTCUSDT,strategy-lab-v1.0.0:SIE_OLD_MR_1R_EXHAUSTION_CONFIRM_V1,1790100000000,2026-09-22T18:00:00+00:00,86587.58,86666.65,86251.2,86469.53,71.57863862060283,85986.75850000001,85155.53209531537,79796.43920000001,573.5835714285703,0.006633360577171754,68.41852305769832,1.4999999999999873,False,PLANNED_REWARD_TOO_LOW|RSI_NOT_BELOW_34|CLOSE_NOT_NEAR_OR_BELOW_LOWER_BB|RSI_RECOVERY_NOT_CONFIRMED
2026-09-22T21:13:37.559684+00:00,SIE_OLD_MR_1R_EXHAUSTION_CONFIRM_V1,BTC,BTCUSDT,strategy-lab-v1.0.0:SIE_OLD_MR_1R_EXHAUSTION_CONFIRM_V1,1790103600000,2026-09-22T19:00:00+00:00,86469.53,86613.63,86153.62,86211.14,65.59961905785924,85967.5685,85176.64702756106,79838.76775,568.6749999999998,0.00659630530346774,71.57863862060283,1.5000000000000129,False,RSI_NOT_BELOW_34|CLOSE_NOT_NEAR_OR_BELOW_LOWER_BB|RSI_RECOVERY_NOT_CONFIRMED
2026-09-22T21:13:37.559684+00:00,SIE_OLD_MR_1R_EXHAUSTION_CONFIRM_V1,BTC,BTCUSDT,strategy-lab-v1.0.0:SIE_OLD_MR_1R_EXHAUSTION_CONFIRM_V1,1790107200000,2026-09-22T20:00:00+00:00,86213.28,86400.0,86143.83,86281.15,67.49626132041803,85987.823,85186.63157044153,79881.87730000001,563.0814285714275,0.00652612336033337,65.59961905785924,1.5,False,RSI_NOT_BELOW_34|CLOSE_NOT_NEAR_OR_BELOW_LOWER_BB
2026-09-22T21:13:37.559684+00:00,SIE_OLD_MR_1R_EXHAUSTION_CONFIRM_V1,BTC,BTCUSDT,strategy-lab-v1.0.0:SIE_OLD_MR_1R_EXHAUSTION_CONFIRM_V1,1790110800000,2026-09-22T21:00:00+00:00,86286.98,86360.58,86239.05,86244.69,67.06150771203365,86020.124,85232.3153886927,79922.357,546.3221428571425,0.006334559760805476,67.49626132041803,1.5000000000000133,False,RSI_NOT_BELOW_34|CLOSE_NOT_NEAR_OR_BELOW_LOWER_BB|RSI_RECOVERY_NOT_CONFIRMED
2026-09-22T21:13:37.559684+00:00,SIE_OLD_MR_1R_EXHAUSTION_CONFIRM_V1,SOL,SOLUSDT,strategy-lab-v1.0.0:SIE_OLD_MR_1R_EXHAUSTION_CONFIRM_V1,1790096400000,2026-09-22T17:00:00+00:00,117.46,118.21,117.34,117.99,59.29339477726573,117.40450000000001,115.81377092187091,106.82365,1.192142857142856,0.01010376182000895,54.67980295566498,1.500000000000006,False,RSI_NOT_BELOW_34|CLOSE_NOT_NEAR_OR_BELOW_LOWER_BB
2026-09-22T21:13:37.559684+00:00,SIE_OLD_MR_1R_EXHAUSTION_CONFIRM_V1,SOL,SOLUSDT,strategy-lab-v1.0.0:SIE_OLD_MR_1R_EXHAUSTION_CONFIRM_V1,1790100000000,2026-09-22T18:00:00+00:00,117.97,118.47,117.63,118.16,64.17197452229306,117.34,116.00167268577324,106.9058,1.1899999999999988,0.010071090047393356,59.29339477726573,1.5,False,RSI_NOT_BELOW_34|CLOSE_NOT_NEAR_OR_BELOW_LOWER_BB
2026-09-22T21:13:37.559684+00:00,SIE_OLD_MR_1R_EXHAUSTION_CONFIRM_V1,SOL,SOLUSDT,strategy-lab-v1.0.0:SIE_OLD_MR_1R_EXHAUSTION_CONFIRM_V1,1790103600000,2026-09-22T19:00:00+00:00,118.14,118.73,117.79,118.28,62.311557788944775,117.309,116.09356756666386,106.99055,1.1421428571428558,0.009656263587612917,64.17197452229306,1.5,False,RSI_NOT_BELOW_34|CLOSE_NOT_NEAR_OR_BELOW_LOWER_BB|RSI_RECOVERY_NOT_CONFIRMED
2026-09-22T21:13:37.559684+00:00,SIE_OLD_MR_1R_EXHAUSTION_CONFIRM_V1,SOL,SOLUSDT,strategy-lab-v1.0.0:SIE_OLD_MR_1R_EXHAUSTION_CONFIRM_V1,1790107200000,2026-09-22T20:00:00+00:00,118.28,118.4,117.81,118.02,62.73187183811127,117.29399999999998,116.1222252776214,107.074,1.1371428571428563,0.00963517079429636,62.311557788944775,1.5,False,RSI_NOT_BELOW_34|CLOSE_NOT_NEAR_OR_BELOW_LOWER_BB|RSI_RECOVERY_NOT_CONFIRMED
2026-09-22T21:13:37.559684+00:00,SIE_OLD_MR_1R_EXHAUSTION_CONFIRM_V1,SOL,SOLUSDT,strategy-lab-v1.0.0:SIE_OLD_MR_1R_EXHAUSTION_CONFIRM_V1,1790110800000,2026-09-22T21:00:00+00:00,117.98,118.2,117.83,117.87,63.48122866894203,117.3095,116.11606001407469,107.1567,1.105714285714285,0.009380794822383007,62.73187183811127,1.5000000000000064,False,RSI_NOT_BELOW_34|CLOSE_NOT_NEAR_OR_BELOW_LOWER_BB|RSI_RECOVERY_NOT_CONFIRMED
2026-09-22T21:13:37.559684+00:00,SIE_OLD_MR_1R_EXHAUSTION_CONFIRM_V1,XRP,XRPUSDT,strategy-lab-v1.0.0:SIE_OLD_MR_1R_EXHAUSTION_CONFIRM_V1,1790096400000,2026-09-22T17:00:00+00:00,1.564,1.5762,1.562,1.5721,67.79874213836474,1.5389599999999999,1.492635993264796,1.3906885,0.027100000000000044,0.01723808918007763,66.1599471249174,1.499999999999996,False,PLANNED_REWARD_TOO_LOW|RSI_NOT_BELOW_34|CLOSE_NOT_NEAR_OR_BELOW_LOWER_BB
2026-09-22T21:13:37.559684+00:00,SIE_OLD_MR_1R_EXHAUSTION_CONFIRM_V1,XRP,XRPUSDT,strategy-lab-v1.0.0:SIE_OLD_MR_1R_EXHAUSTION_CONFIRM_V1,1790100000000,2026-09-22T18:00:00+00:00,1.572,1.5874,1.5679,1.5819,71.14337568058076,1.540275,1.4907534137975846,1.3916160000000002,0.027242857142857173,0.01722160512223097,67.79874213836474,1.500000000000004,False,RSI_NOT_BELOW_34|CLOSE_NOT_NEAR_OR_BELOW_LOWER_BB
2026-09-22T21:13:37.559684+00:00,SIE_OLD_MR_1R_EXHAUSTION_CONFIRM_V1,XRP,XRPUSDT,strategy-lab-v1.0.0:SIE_OLD_MR_1R_EXHAUSTION_CONFIRM_V1,1790103600000,2026-09-22T19:00:00+00:00,1.5817,1.6099,1.5719,1.5878,71.92466156562682,1.54287,1.4892663769880867,1.392564,0.02815714285714288,0.017733431702445446,71.14337568058076,1.5,False,RSI_NOT_BELOW_34|CLOSE_NOT_NEAR_OR_BELOW_LOWER_BB
2026-09-22T21:13:37.559684+00:00,SIE_OLD_MR_1R_EXHAUSTION_CONFIRM_V1,XRP,XRPUSDT,strategy-lab-v1.0.0:SIE_OLD_MR_1R_EXHAUSTION_CONFIRM_V1,1790107200000,2026-09-22T20:00:00+00:00,1.5881,1.5919,1.5676,1.5724,64.82720178372348,1.545425,1.4913085745821717,1.3934549999999999,0.028892857142857165,0.018375004542646376,71.92466156562682,1.4999999999999962,False,PLANNED_REWARD_TOO_LOW|RSI_NOT_BELOW_34|CLOSE_NOT_NEAR_OR_BELOW_LOWER_BB|RSI_RECOVERY_NOT_CONFIRMED
2026-09-22T21:13:37.559684+00:00,SIE_OLD_MR_1R_EXHAUSTION_CONFIRM_V1,XRP,XRPUSDT,strategy-lab-v1.0.0:SIE_OLD_MR_1R_EXHAUSTION_CONFIRM_V1,1790110800000,2026-09-22T21:00:00+00:00,1.5722,1.5833,1.5721,1.5777,66.0152008686211,1.548725,1.4951910154667762,1.394372,0.028585714285714294,0.018118599407817893,64.82720178372348,1.5,False,RSI_NOT_BELOW_34|CLOSE_NOT_NEAR_OR_BELOW_LOWER_BB
2026-09-22T21:13:37.559684+00:00,SIE_OLD_MR_1R_EXHAUSTION_CONFIRM_V1,DOGE,DOGEUSDT,strategy-lab-v1.0.0:SIE_OLD_MR_1R_EXHAUSTION_CONFIRM_V1,1790096400000,2026-09-22T17:00:00+00:00,0.09948,0.10004,0.09928,0.09969,39.581351094196066,0.09962,0.09779191903899567,0.08649565,0.001925,0.019309860567760056,52.3273273273273,1.4999999999999964,False,PLANNED_REWARD_TOO_LOW|RSI_NOT_BELOW_34|CLOSE_NOT_NEAR_OR_BELOW_LOWER_BB|RSI_RECOVERY_NOT_CONFIRMED
2026-09-22T21:13:37.559684+00:00,SIE_OLD_MR_1R_EXHAUSTION_CONFIRM_V1,DOGE,DOGEUSDT,strategy-lab-v1.0.0:SIE_OLD_MR_1R_EXHAUSTION_CONFIRM_V1,1790100000000,2026-09-22T18:00:00+00:00,0.0997,0.10012,0.09922,0.09992,49.82973893303063,0.0996,0.09779437545431324,0.08657355000000001,0.0015342857142857142,0.015355141255861833,39.581351094196066,1.5,False,RSI_NOT_BELOW_34|CLOSE_NOT_NEAR_OR_BELOW_LOWER_BB
2026-09-22T21:13:37.559684+00:00,SIE_OLD_MR_1R_EXHAUSTION_CONFIRM_V1,DOGE,DOGEUSDT,strategy-lab-v1.0.0:SIE_OLD_MR_1R_EXHAUSTION_CONFIRM_V1,1790103600000,2026-09-22T19:00:00+00:00,0.09993,0.10056,0.09957,0.10003,49.94337485843709,0.09961149999999999,0.09779801413019386,0.0866533,0.0014685714285714282,0.01468130989274646,49.82973893303063,1.5,False,RSI_NOT_BELOW_34|CLOSE_NOT_NEAR_OR_BELOW_LOWER_BB
2026-09-22T21:13:37.559684+00:00,SIE_OLD_MR_1R_EXHAUSTION_CONFIRM_V1,DOGE,DOGEUSDT,strategy-lab-v1.0.0:SIE_OLD_MR_1R_EXHAUSTION_CONFIRM_V1,1790107200000,2026-09-22T20:00:00+00:00,0.10005,0.10059,0.09948,0.10008,52.042007001166866,0.0996445,0.09782215563079134,0.08673539999999999,0.001469999999999999,0.014688249400479607,49.94337485843709,1.5,False,RSI_NOT_BELOW_34|CLOSE_NOT_NEAR_OR_BELOW_LOWER_BB
2026-09-22T21:13:37.559684+00:00,SIE_OLD_MR_1R_EXHAUSTION_CONFIRM_V1,DOGE,DOGEUSDT,strategy-lab-v1.0.0:SIE_OLD_MR_1R_EXHAUSTION_CONFIRM_V1,1790110800000,2026-09-22T21:00:00+00:00,0.10012,0.10046,0.09982,0.09984,56.81528662420379,0.09964700000000001,0.09782372711861706,0.08681620000000001,0.001425714285714284,0.014279990842490826,52.042007001166866,1.5,False,RSI_NOT_BELOW_34|CLOSE_NOT_NEAR_OR_BELOW_LOWER_BB|RSI_RECOVERY_NOT_CONFIRMED
2026-09-22T21:13:37.559684+00:00,SIE_OLD_MR_1R_EXHAUSTION_CONFIRM_V1,BNB,BNBUSDT,strategy-lab-v1.0.0:SIE_OLD_MR_1R_EXHAUSTION_CONFIRM_V1,1790096400000,2026-09-22T17:00:00+00:00,789.3,790.09,786.84,788.65,48.03876326718961,789.636,781.4888694622069,748.4910500000001,5.212142857142867,0.0066089429495249695,47.404371584699476,1.5,False,RSI_NOT_BELOW_34|CLOSE_NOT_NEAR_OR_BELOW_LOWER_BB|RSI_RECOVERY_NOT_CONFIRMED
2026-09-22T21:13:37.559684+00:00,SIE_OLD_MR_1R_EXHAUSTION_CONFIRM_V1,BNB,BNBUSDT,strategy-lab-v1.0.0:SIE_OLD_MR_1R_EXHAUSTION_CONFIRM_V1,1790100000000,2026-09-22T18:00:00+00:00,788.26,788.74,785.2,787.75,51.154791154791226,788.9825,782.6293499939131,748.8161500000001,5.138571428571432,0.006523099242870749,48.03876326718961,1.500000000000011,False,RSI_NOT_BELOW_34|CLOSE_NOT_NEAR_OR_BELOW_LOWER_BB|RSI_RECOVERY_NOT_CONFIRMED
2026-09-22T21:13:37.559684+00:00,SIE_OLD_MR_1R_EXHAUSTION_CONFIRM_V1,BNB,BNBUSDT,strategy-lab-v1.0.0:SIE_OLD_MR_1R_EXHAUSTION_CONFIRM_V1,1790103600000,2026-09-22T19:00:00+00:00,787.78,789.95,785.34,786.21,47.99446749654217,788.3315,783.9494444321366,749.13875,5.060714285714288,0.006436848024973337,51.154791154791226,1.5,False,RSI_NOT_BELOW_34|CLOSE_NOT_NEAR_OR_BELOW_LOWER_BB|RSI_RECOVERY_NOT_CONFIRMED
2026-09-22T21:13:37.559684+00:00,SIE_OLD_MR_1R_EXHAUSTION_CONFIRM_V1,BNB,BNBUSDT,strategy-lab-v1.0.0:SIE_OLD_MR_1R_EXHAUSTION_CONFIRM_V1,1790107200000,2026-09-22T20:00:00+00:00,786.48,787.38,784.08,784.8,46.51474530831086,787.857,784.1562752061461,749.4631999999999,5.102142857142853,0.006501201397990384,47.99446749654217,1.499999999999989,False,PLANNED_REWARD_TOO_LOW|RSI_NOT_BELOW_34|CLOSE_NOT_NEAR_OR_BELOW_LOWER_BB|RSI_RECOVERY_NOT_CONFIRMED
2026-09-22T21:13:37.559684+00:00,SIE_OLD_MR_1R_EXHAUSTION_CONFIRM_V1,BNB,BNBUSDT,strategy-lab-v1.0.0:SIE_OLD_MR_1R_EXHAUSTION_CONFIRM_V1,1790110800000,2026-09-22T21:00:00+00:00,785.04,785.9,784.82,785.21,51.40142517814734,787.6605,783.8378021307138,749.7841000000001,4.843571428571424,0.006168504512896454,46.51474530831086,1.5000000000000118,False,RSI_NOT_BELOW_34|CLOSE_NOT_NEAR_OR_BELOW_LOWER_BB
2026-09-22T21:13:37.559684+00:00,SIE_OLD_MR_1R_EXHAUSTION_CONFIRM_V1,PAXG,PAXGUSDT,strategy-lab-v1.0.0:SIE_OLD_MR_1R_EXHAUSTION_CONFIRM_V1,1790096400000,2026-09-22T17:00:00+00:00,4336.39,4350.82,4335.83,4350.3,53.65615615615605,4335.5599999999995,4306.603674266202,4336.62495,17.992142857142817,0.004135839564430687,48.90746565138247,1.4999999999999747,False,PLANNED_REWARD_TOO_LOW|RSI_NOT_BELOW_34|CLOSE_NOT_NEAR_OR_BELOW_LOWER_BB
2026-09-22T21:13:37.559684+00:00,SIE_OLD_MR_1R_EXHAUSTION_CONFIRM_V1,PAXG,PAXGUSDT,strategy-lab-v1.0.0:SIE_OLD_MR_1R_EXHAUSTION_CONFIRM_V1,1790100000000,2026-09-22T18:00:00+00:00,4350.29,4358.68,4348.23,4352.53,54.5804636006813,4335.268,4307.131463183935,4336.877799999999,18.170714285714244,0.004174747626257428,53.65615615615605,1.5,False,RSI_NOT_BELOW_34|CLOSE_NOT_NEAR_OR_BELOW_LOWER_BB
2026-09-22T21:13:37.559684+00:00,SIE_OLD_MR_1R_EXHAUSTION_CONFIRM_V1,PAXG,PAXGUSDT,strategy-lab-v1.0.0:SIE_OLD_MR_1R_EXHAUSTION_CONFIRM_V1,1790103600000,2026-09-22T19:00:00+00:00,4354.02,4366.59,4353.16,4361.8,65.27417197702766,4335.14,4307.515379097591,4337.2194,17.179285714285665,0.003938577127398245,54.5804636006813,1.4999999999999736,False,PLANNED_REWARD_TOO_LOW|RSI_NOT_BELOW_34|CLOSE_NOT_NEAR_OR_BELOW_LOWER_BB
2026-09-22T21:13:37.559684+00:00,SIE_OLD_MR_1R_EXHAUSTION_CONFIRM_V1,PAXG,PAXGUSDT,strategy-lab-v1.0.0:SIE_OLD_MR_1R_EXHAUSTION_CONFIRM_V1,1790107200000,2026-09-22T20:00:00+00:00,4360.46,4363.02,4352.65,4355.69,64.78488326696326,4335.133,4307.529290756462,4337.60225,17.376428571428537,0.003989363010551379,65.27417197702766,1.5000000000000262,False,RSI_NOT_BELOW_34|CLOSE_NOT_NEAR_OR_BELOW_LOWER_BB|RSI_RECOVERY_NOT_CONFIRMED
2026-09-22T21:13:37.559684+00:00,SIE_OLD_MR_1R_EXHAUSTION_CONFIRM_V1,PAXG,PAXGUSDT,strategy-lab-v1.0.0:SIE_OLD_MR_1R_EXHAUSTION_CONFIRM_V1,1790110800000,2026-09-22T21:00:00+00:00,4355.89,4357.11,4355.87,4357.11,73.58737356121333,4335.7155,4306.803982243199,4337.99,15.901428571428498,0.0036495357178103144,64.78488326696326,1.5000000000000286,False,RSI_NOT_BELOW_34|CLOSE_NOT_NEAR_OR_BELOW_LOWER_BB
2026-09-23T00:22:44.379726+00:00,SIE_OLD_MR_1R_EXHAUSTION_CONFIRM_V1,BTC,BTCUSDT,strategy-lab-v1.0.0:SIE_OLD_MR_1R_EXHAUSTION_CONFIRM_V1,1790114400000,2026-09-22T22:00:00+00:00,86187.02,86312.34,86001.0,86121.88,47.99223203658466,86038.33499999999,85266.08091455018,79960.1867,496.33071428571463,0.005763119828384083,65.63431954409876,1.4999999999999853,False,PLANNED_REWARD_TOO_LOW|RSI_NOT_BELOW_34|CLOSE_NOT_NEAR_OR_BELOW_LOWER_BB|RSI_RECOVERY_NOT_CONFIRMED
2026-09-23T00:22:44.379726+00:00,SIE_OLD_MR_1R_EXHAUSTION_CONFIRM_V1,BTC,BTCUSDT,strategy-lab-v1.0.0:SIE_OLD_MR_1R_EXHAUSTION_CONFIRM_V1,1790118000000,2026-09-22T23:00:00+00:00,86121.88,86518.64,86086.51,86198.05,48.95553130331852,86064.8455,85309.05874879772,79998.41470000001,483.6164285714289,0.005610526323639907,47.99223203658466,1.5,False,RSI_NOT_BELOW_34|CLOSE_NOT_NEAR_OR_BELOW_LOWER_BB
2026-09-23T00:22:44.379726+00:00,SIE_OLD_MR_1R_EXHAUSTION_CONFIRM_V1,BTC,BTCUSDT,strategy-lab-v1.0.0:SIE_OLD_MR_1R_EXHAUSTION_CONFIRM_V1,1790121600000,2026-09-23T00:00:00+00:00,86198.05,86521.81,86130.0,86477.14,66.49861030314807,86116.7245,85398.21990685335,80037.03625,474.2135714285718,0.005483687034846109,48.95553130331852,1.5000000000000153,False,RSI_NOT_BELOW_34|CLOSE_NOT_NEAR_OR_BELOW_LOWER_BB
2026-09-23T00:22:44.379726+00:00,SIE_OLD_MR_1R_EXHAUSTION_CONFIRM_V1,SOL,SOLUSDT,strategy-lab-v1.0.0:SIE_OLD_MR_1R_EXHAUSTION_CONFIRM_V1,1790114400000,2026-09-22T22:00:00+00:00,118.09,118.91,117.62,118.47,59.87903225806457,117.4,116.10083103485135,107.24214999999998,1.0542857142857136,0.00889917881561335,65.63039723661481,1.4999999999999933,False,PLANNED_REWARD_TOO_LOW|RSI_NOT_BELOW_34|CLOSE_NOT_NEAR_OR_BELOW_LOWER_BB|RSI_RECOVERY_NOT_CONFIRMED
2026-09-23T00:22:44.379726+00:00,SIE_OLD_MR_1R_EXHAUSTION_CONFIRM_V1,SOL,SOLUSDT,strategy-lab-v1.0.0:SIE_OLD_MR_1R_EXHAUSTION_CONFIRM_V1,1790118000000,2026-09-22T23:00:00+00:00,118.48,119.3,118.18,118.56,61.32264529058109,117.489,116.12944271911572,107.32520000000001,1.0714285714285694,0.009037015615962967,59.87903225806457,1.4999999999999933,False,PLANNED_REWARD_TOO_LOW|RSI_NOT_BELOW_34|CLOSE_NOT_NEAR_OR_BELOW_LOWER_BB
2026-09-23T00:22:44.379726+00:00,SIE_OLD_MR_1R_EXHAUSTION_CONFIRM_V1,SOL,SOLUSDT,strategy-lab-v1.0.0:SIE_OLD_MR_1R_EXHAUSTION_CONFIRM_V1,1790121600000,2026-09-23T00:00:00+00:00,118.57,118.92,118.28,118.92,71.84873949579827,117.61600000000001,116.2204871910278,107.40685000000002,1.039285714285713,0.008739368603142558,61.32264529058109,1.5,False,RSI_NOT_BELOW_34|CLOSE_NOT_NEAR_OR_BELOW_LOWER_BB
2026-09-23T00:22:44.379726+00:00,SIE_OLD_MR_1R_EXHAUSTION_CONFIRM_V1,XRP,XRPUSDT,strategy-lab-v1.0.0:SIE_OLD_MR_1R_EXHAUSTION_CONFIRM_V1,1790114400000,2026-09-22T22:00:00+00:00,1.5687,1.5803,1.5551,1.5721,58.09102402022757,1.5511300000000001,1.4997836817288792,1.3951894999999999,0.02781428571428573,0.017692440502694314,63.69112814895948,1.5,False,RSI_NOT_BELOW_34|CLOSE_NOT_NEAR_OR_BELOW_LOWER_BB|RSI_RECOVERY_NOT_CONFIRMED
2026-09-23T00:22:44.379726+00:00,SIE_OLD_MR_1R_EXHAUSTION_CONFIRM_V1,XRP,XRPUSDT,strategy-lab-v1.0.0:SIE_OLD_MR_1R_EXHAUSTION_CONFIRM_V1,1790118000000,2026-09-22T23:00:00+00:00,1.5721,1.5848,1.5685,1.5726,60.15624999999996,1.5539850000000002,1.504567056902384,1.396037,0.027485714285714287,0.01747788012572446,58.09102402022757,1.499999999999996,False,PLANNED_REWARD_TOO_LOW|RSI_NOT_BELOW_34|CLOSE_NOT_NEAR_OR_BELOW_LOWER_BB
2026-09-23T00:22:44.379726+00:00,SIE_OLD_MR_1R_EXHAUSTION_CONFIRM_V1,XRP,XRPUSDT,strategy-lab-v1.0.0:SIE_OLD_MR_1R_EXHAUSTION_CONFIRM_V1,1790121600000,2026-09-23T00:00:00+00:00,1.5728,1.59,1.5693,1.5888,67.91744840525323,1.557825,1.5101488057307504,1.3968855,0.027414285714285724,0.01725471155229464,60.15624999999996,1.499999999999996,False,PLANNED_REWARD_TOO_LOW|RSI_NOT_BELOW_34|CLOSE_NOT_NEAR_OR_BELOW_LOWER_BB
2026-09-23T00:22:44.379726+00:00,SIE_OLD_MR_1R_EXHAUSTION_CONFIRM_V1,DOGE,DOGEUSDT,strategy-lab-v1.0.0:SIE_OLD_MR_1R_EXHAUSTION_CONFIRM_V1,1790114400000,2026-09-22T22:00:00+00:00,0.10002,0.10108,0.09929,0.10032,55.78231292517007,0.0997265,0.0979144263260048,0.08689949999999999,0.0014092857142857132,0.014047903850535417,57.84695201037612,1.4999999999999951,False,PLANNED_REWARD_TOO_LOW|RSI_NOT_BELOW_34|CLOSE_NOT_NEAR_OR_BELOW_LOWER_BB|RSI_RECOVERY_NOT_CONFIRMED
2026-09-23T00:22:44.379726+00:00,SIE_OLD_MR_1R_EXHAUSTION_CONFIRM_V1,DOGE,DOGEUSDT,strategy-lab-v1.0.0:SIE_OLD_MR_1R_EXHAUSTION_CONFIRM_V1,1790118000000,2026-09-22T23:00:00+00:00,0.10031,0.10131,0.09994,0.10042,62.3145400593471,0.09965349999999999,0.09809434285590371,0.08698130000000001,0.0014071428571428557,0.014012575753264846,55.78231292517007,1.5,False,RSI_NOT_BELOW_34|CLOSE_NOT_NEAR_OR_BELOW_LOWER_BB
2026-09-23T00:22:44.379726+00:00,SIE_OLD_MR_1R_EXHAUSTION_CONFIRM_V1,DOGE,DOGEUSDT,strategy-lab-v1.0.0:SIE_OLD_MR_1R_EXHAUSTION_CONFIRM_V1,1790121600000,2026-09-23T00:00:00+00:00,0.10042,0.10116,0.1002,0.10115,76.0802469135802,0.0997135,0.0980262267559798,0.08706475000000001,0.0013785714285714274,0.01362898100416636,62.3145400593471,1.5,False,RSI_NOT_BELOW_34|CLOSE_NOT_NEAR_OR_BELOW_LOWER_BB
2026-09-23T00:22:44.379726+00:00,SIE_OLD_MR_1R_EXHAUSTION_CONFIRM_V1,BNB,BNBUSDT,strategy-lab-v1.0.0:SIE_OLD_MR_1R_EXHAUSTION_CONFIRM_V1,1790114400000,2026-09-22T22:00:00+00:00,784.62,788.09,782.64,787.25,49.468331021729036,787.4345,783.6958559945004,750.1064,4.869285714285711,0.0061851835049675594,48.781630740393666,1.5,False,RSI_NOT_BELOW_34|CLOSE_NOT_NEAR_OR_BELOW_LOWER_BB
2026-09-23T00:22:44.379726+00:00,SIE_OLD_MR_1R_EXHAUSTION_CONFIRM_V1,BNB,BNBUSDT,strategy-lab-v1.0.0:SIE_OLD_MR_1R_EXHAUSTION_CONFIRM_V1,1790118000000,2026-09-22T23:00:00+00:00,787.59,791.23,786.91,788.3,51.422222222222196,787.3745,783.7331240238259,750.436,4.812857142857142,0.006105362352983816,49.468331021729036,1.5,False,RSI_NOT_BELOW_34|CLOSE_NOT_NEAR_OR_BELOW_LOWER_BB
2026-09-23T00:22:44.379726+00:00,SIE_OLD_MR_1R_EXHAUSTION_CONFIRM_V1,BNB,BNBUSDT,strategy-lab-v1.0.0:SIE_OLD_MR_1R_EXHAUSTION_CONFIRM_V1,1790121600000,2026-09-23T00:00:00+00:00,787.92,791.28,787.57,791.09,59.216494845360884,787.565,783.5808237990951,750.7682,4.854285714285709,0.006136199059886623,51.422222222222196,1.4999999999999882,False,PLANNED_REWARD_TOO_LOW|RSI_NOT_BELOW_34|CLOSE_NOT_NEAR_OR_BELOW_LOWER_BB
2026-09-23T00:22:44.379726+00:00,SIE_OLD_MR_1R_EXHAUSTION_CONFIRM_V1,PAXG,PAXGUSDT,strategy-lab-v1.0.0:SIE_OLD_MR_1R_EXHAUSTION_CONFIRM_V1,1790114400000,2026-09-22T22:00:00+00:00,4357.96,4363.57,4357.79,4360.99,66.9539602880206,4336.7505,4305.954874677542,4338.36245,13.847857142857006,0.003175393005454497,73.35268760446876,1.5,False,RSI_NOT_BELOW_34|CLOSE_NOT_NEAR_OR_BELOW_LOWER_BB|RSI_RECOVERY_NOT_CONFIRMED
2026-09-23T00:22:44.379726+00:00,SIE_OLD_MR_1R_EXHAUSTION_CONFIRM_V1,PAXG,PAXGUSDT,strategy-lab-v1.0.0:SIE_OLD_MR_1R_EXHAUSTION_CONFIRM_V1,1790118000000,2026-09-22T23:00:00+00:00,4360.56,4361.44,4352.58,4359.59,63.64991970635458,4337.701999999999,4305.357367926018,4338.685399999999,12.990714285714148,0.0029798018358868947,66.9539602880206,1.500000000000035,False,RSI_NOT_BELOW_34|CLOSE_NOT_NEAR_OR_BELOW_LOWER_BB|RSI_RECOVERY_NOT_CONFIRMED
2026-09-23T00:22:44.379726+00:00,SIE_OLD_MR_1R_EXHAUSTION_CONFIRM_V1,PAXG,PAXGUSDT,strategy-lab-v1.0.0:SIE_OLD_MR_1R_EXHAUSTION_CONFIRM_V1,1790121600000,2026-09-23T00:00:00+00:00,4360.81,4364.95,4359.12,4360.71,79.11949685534552,4338.7294999999995,4304.86775965782,4338.8868999999995,12.210714285714143,0.002800166552170207,63.64991970635458,1.4999999999999627,False,PLANNED_REWARD_TOO_LOW|RSI_NOT_BELOW_34|CLOSE_NOT_NEAR_OR_BELOW_LOWER_BB
2026-09-23T07:41:38.232637+00:00,SIE_OLD_MR_1R_EXHAUSTION_CONFIRM_V1,BTC,BTCUSDT,strategy-lab-v1.0.0:SIE_OLD_MR_1R_EXHAUSTION_CONFIRM_V1,1790125200000,2026-09-23T01:00:00+00:00,86461.53,86838.78,86162.53,86360.01,60.635623653339444,86164.0095,85520.71707460325,80074.0492,499.721428571429,0.005786491092016189,66.21435167581109,1.4999999999999853,False,PLANNED_REWARD_TOO_LOW|RSI_NOT_BELOW_34|CLOSE_NOT_NEAR_OR_BELOW_LOWER_BB|RSI_RECOVERY_NOT_CONFIRMED
2026-09-23T07:41:38.232637+00:00,SIE_OLD_MR_1R_EXHAUSTION_CONFIRM_V1,BTC,BTCUSDT,strategy-lab-v1.0.0:SIE_OLD_MR_1R_EXHAUSTION_CONFIRM_V1,1790128800000,2026-09-23T02:00:00+00:00,86354.0,86633.41,86253.0,86538.14,63.260901579821414,86222.955,85676.70636231403,80110.64095,497.8128571428585,0.0057525255008122255,60.635623653339444,1.5,False,RSI_NOT_BELOW_34|CLOSE_NOT_NEAR_OR_BELOW_LOWER_BB
2026-09-23T07:41:38.232637+00:00,SIE_OLD_MR_1R_EXHAUSTION_CONFIRM_V1,BTC,BTCUSDT,strategy-lab-v1.0.0:SIE_OLD_MR_1R_EXHAUSTION_CONFIRM_V1,1790132400000,2026-09-23T03:00:00+00:00,86535.62,86959.3,86413.78,86696.41,60.122036588928594,86290.783,85879.87904158911,80149.20915,479.76571428571543,0.005533859063895672,63.260901579821414,1.5,False,RSI_NOT_BELOW_34|CLOSE_NOT_NEAR_OR_BELOW_LOWER_BB|RSI_RECOVERY_NOT_CONFIRMED
2026-09-23T07:41:38.232637+00:00,SIE_OLD_MR_1R_EXHAUSTION_CONFIRM_V1,BTC,BTCUSDT,strategy-lab-v1.0.0:SIE_OLD_MR_1R_EXHAUSTION_CONFIRM_V1,1790136000000,2026-09-23T04:00:00+00:00,86696.41,87282.81,86621.19,87164.81,70.98745196598003,86339.0835,85781.76601891342,80189.585,454.4957142857155,0.005214211036377129,60.122036588928594,1.500000000000016,False,RSI_NOT_BELOW_34|CLOSE_NOT_NEAR_OR_BELOW_LOWER_BB
2026-09-23T07:41:38.232637+00:00,SIE_OLD_MR_1R_EXHAUSTION_CONFIRM_V1,BTC,BTCUSDT,strategy-lab-v1.0.0:SIE_OLD_MR_1R_EXHAUSTION_CONFIRM_V1,1790139600000,2026-09-23T05:00:00+00:00,87164.81,87172.39,86415.0,86487.46,51.29057358826152,86351.51550000001,85792.6084240986,80228.3088,464.1942857142868,0.005367186014183869,70.98745196598003,1.4999999999999842,False,PLANNED_REWARD_TOO_LOW|RSI_NOT_BELOW_34|CLOSE_NOT_NEAR_OR_BELOW_LOWER_BB|RSI_RECOVERY_NOT_CONFIRMED
2026-09-23T07:41:38.232637+00:00,SIE_OLD_MR_1R_EXHAUSTION_CONFIRM_V1,BTC,BTCUSDT,strategy-lab-v1.0.0:SIE_OLD_MR_1R_EXHAUSTION_CONFIRM_V1,1790143200000,2026-09-23T06:00:00+00:00,86487.46,86608.19,86341.64,86456.51,50.555257491015205,86381.114,85867.64678958667,80267.8849,444.3821428571443,0.005139950049535244,51.29057358826152,1.4999999999999836,False,PLANNED_REWARD_TOO_LOW|RSI_NOT_BELOW_34|CLOSE_NOT_NEAR_OR_BELOW_LOWER_BB|RSI_RECOVERY_NOT_CONFIRMED
2026-09-23T07:41:38.232637+00:00,SIE_OLD_MR_1R_EXHAUSTION_CONFIRM_V1,BTC,BTCUSDT,strategy-lab-v1.0.0:SIE_OLD_MR_1R_EXHAUSTION_CONFIRM_V1,1790146800000,2026-09-23T07:00:00+00:00,86456.51,86462.0,86139.67,86234.99,43.661850303254774,86394.41,85911.44433373206,80308.1848,437.67785714285856,0.005075409148222299,50.555257491015205,1.4999999999999833,False,PLANNED_REWARD_TOO_LOW|RSI_NOT_BELOW_34|CLOSE_NOT_NEAR_OR_BELOW_LOWER_BB|RSI_RECOVERY_NOT_CONFIRMED
2026-09-23T07:41:38.232637+00:00,SIE_OLD_MR_1R_EXHAUSTION_CONFIRM_V1,SOL,SOLUSDT,strategy-lab-v1.0.0:SIE_OLD_MR_1R_EXHAUSTION_CONFIRM_V1,1790125200000,2026-09-23T01:00:00+00:00,118.82,119.4,117.83,118.35,61.158798283261724,117.68800000000002,116.32624231230163,107.48285,1.0949999999999989,0.009252217997465137,71.24463519313295,1.5,False,RSI_NOT_BELOW_34|CLOSE_NOT_NEAR_OR_BELOW_LOWER_BB|RSI_RECOVERY_NOT_CONFIRMED
2026-09-23T07:41:38.232637+00:00,SIE_OLD_MR_1R_EXHAUSTION_CONFIRM_V1,SOL,SOLUSDT,strategy-lab-v1.0.0:SIE_OLD_MR_1R_EXHAUSTION_CONFIRM_V1,1790128800000,2026-09-23T02:00:00+00:00,118.34,118.53,117.89,118.47,60.99137931034478,117.78599999999999,116.49730453558426,107.55715000000001,1.07642857142857,0.009086085687756984,61.158798283261724,1.4999999999999933,False,PLANNED_REWARD_TOO_LOW|RSI_NOT_BELOW_34|CLOSE_NOT_NEAR_OR_BELOW_LOWER_BB|RSI_RECOVERY_NOT_CONFIRMED
2026-09-23T07:41:38.232637+00:00,SIE_OLD_MR_1R_EXHAUSTION_CONFIRM_V1,SOL,SOLUSDT,strategy-lab-v1.0.0:SIE_OLD_MR_1R_EXHAUSTION_CONFIRM_V1,1790132400000,2026-09-23T03:00:00+00:00,118.46,119.63,118.24,119.13,62.13389121338908,117.928,116.70581179845094,107.6365,1.0899999999999983,0.00914966842944681,60.99137931034478,1.5,False,RSI_NOT_BELOW_34|CLOSE_NOT_NEAR_OR_BELOW_LOWER_BB
2026-09-23T07:41:38.232637+00:00,SIE_OLD_MR_1R_EXHAUSTION_CONFIRM_V1,SOL,SOLUSDT,strategy-lab-v1.0.0:SIE_OLD_MR_1R_EXHAUSTION_CONFIRM_V1,1790136000000,2026-09-23T04:00:00+00:00,119.12,119.75,118.74,119.49,82.01970443349745,118.02799999999999,116.64838266174792,107.71405,1.0135714285714275,0.008482479107636016,62.13389121338908,1.5,False,RSI_NOT_BELOW_34|CLOSE_NOT_NEAR_OR_BELOW_LOWER_BB
2026-09-23T07:41:38.232637+00:00,SIE_OLD_MR_1R_EXHAUSTION_CONFIRM_V1,SOL,SOLUSDT,strategy-lab-v1.0.0:SIE_OLD_MR_1R_EXHAUSTION_CONFIRM_V1,1790139600000,2026-09-23T05:00:00+00:00,119.5,119.51,118.25,118.41,61.158798283261724,118.077,116.71633692634592,107.7902,1.019285714285713,0.008608105010435884,82.01970443349745,1.5000000000000069,False,RSI_NOT_BELOW_34|CLOSE_NOT_NEAR_OR_BELOW_LOWER_BB|RSI_RECOVERY_NOT_CONFIRMED
2026-09-23T07:41:38.232637+00:00,SIE_OLD_MR_1R_EXHAUSTION_CONFIRM_V1,SOL,SOLUSDT,strategy-lab-v1.0.0:SIE_OLD_MR_1R_EXHAUSTION_CONFIRM_V1,1790143200000,2026-09-23T06:00:00+00:00,118.4,119.26,118.36,118.93,64.44007858546176,118.1815,116.89806281805232,107.87060000000001,0.9978571428571428,0.008390289606130856,61.158798283261724,1.500000000000007,False,RSI_NOT_BELOW_34|CLOSE_NOT_NEAR_OR_BELOW_LOWER_BB
2026-09-23T07:41:38.232637+00:00,SIE_OLD_MR_1R_EXHAUSTION_CONFIRM_V1,SOL,SOLUSDT,strategy-lab-v1.0.0:SIE_OLD_MR_1R_EXHAUSTION_CONFIRM_V1,1790146800000,2026-09-23T07:00:00+00:00,118.92,119.08,118.0,118.12,51.210428305400455,118.22199999999998,117.0015476248514,107.9486,1.0128571428571433,0.00857481495815394,64.44007858546176,1.5,False,RSI_NOT_BELOW_34|CLOSE_NOT_NEAR_OR_BELOW_LOWER_BB|RSI_RECOVERY_NOT_CONFIRMED
2026-09-23T07:41:38.232637+00:00,SIE_OLD_MR_1R_EXHAUSTION_CONFIRM_V1,XRP,XRPUSDT,strategy-lab-v1.0.0:SIE_OLD_MR_1R_EXHAUSTION_CONFIRM_V1,1790125200000,2026-09-23T01:00:00+00:00,1.5862,1.601,1.576,1.5865,66.13861386138609,1.56135,1.517086267667545,1.3976334999999998,0.027607142857142847,0.017401287650263376,67.36641221374043,1.499999999999996,False,PLANNED_REWARD_TOO_LOW|RSI_NOT_BELOW_34|CLOSE_NOT_NEAR_OR_BELOW_LOWER_BB|RSI_RECOVERY_NOT_CONFIRMED
2026-09-23T07:41:38.232637+00:00,SIE_OLD_MR_1R_EXHAUSTION_CONFIRM_V1,XRP,XRPUSDT,strategy-lab-v1.0.0:SIE_OLD_MR_1R_EXHAUSTION_CONFIRM_V1,1790128800000,2026-09-23T02:00:00+00:00,1.5863,1.6013,1.5742,1.5988,67.67485822306236,1.5653299999999999,1.522655740779725,1.3982415000000001,0.028335714285714273,0.017723113763894342,66.13861386138609,1.5,False,RSI_NOT_BELOW_34|CLOSE_NOT_NEAR_OR_BELOW_LOWER_BB
2026-09-23T07:41:38.232637+00:00,SIE_OLD_MR_1R_EXHAUSTION_CONFIRM_V1,XRP,XRPUSDT,strategy-lab-v1.0.0:SIE_OLD_MR_1R_EXHAUSTION_CONFIRM_V1,1790132400000,2026-09-23T03:00:00+00:00,1.5994,1.625,1.5867,1.6182,61.165783497350496,1.570305,1.5273368036217578,1.3990120000000001,0.0269142857142857,0.01663223687695322,67.67485822306236,1.5,False,RSI_NOT_BELOW_34|CLOSE_NOT_NEAR_OR_BELOW_LOWER_BB|RSI_RECOVERY_NOT_CONFIRMED
2026-09-23T07:41:38.232637+00:00,SIE_OLD_MR_1R_EXHAUSTION_CONFIRM_V1,XRP,XRPUSDT,strategy-lab-v1.0.0:SIE_OLD_MR_1R_EXHAUSTION_CONFIRM_V1,1790136000000,2026-09-23T04:00:00+00:00,1.6182,1.6581,1.6097,1.638,78.71674491392795,1.5748799999999998,1.5242269606045287,1.3998865,0.026242857142857123,0.01602128030699458,61.165783497350496,1.5,False,RSI_NOT_BELOW_34|CLOSE_NOT_NEAR_OR_BELOW_LOWER_BB
2026-09-23T07:41:38.232637+00:00,SIE_OLD_MR_1R_EXHAUSTION_CONFIRM_V1,XRP,XRPUSDT,strategy-lab-v1.0.0:SIE_OLD_MR_1R_EXHAUSTION_CONFIRM_V1,1790139600000,2026-09-23T05:00:00+00:00,1.6388,1.64,1.5976,1.6088,62.299465240641695,1.5782500000000002,1.5279883446353075,1.4007175,0.02763571428571427,0.017177843290473813,78.71674491392795,1.5,False,RSI_NOT_BELOW_34|CLOSE_NOT_NEAR_OR_BELOW_LOWER_BB|RSI_RECOVERY_NOT_CONFIRMED
2026-09-23T07:41:38.232637+00:00,SIE_OLD_MR_1R_EXHAUSTION_CONFIRM_V1,XRP,XRPUSDT,strategy-lab-v1.0.0:SIE_OLD_MR_1R_EXHAUSTION_CONFIRM_V1,1790143200000,2026-09-23T06:00:00+00:00,1.6087,1.6369,1.6075,1.6266,69.67984934086628,1.5830050000000002,1.5333438894606746,1.4016750000000002,0.02756428571428569,0.016945952117475526,62.299465240641695,1.500000000000004,False,RSI_NOT_BELOW_34|CLOSE_NOT_NEAR_OR_BELOW_LOWER_BB
2026-09-23T07:41:38.232637+00:00,SIE_OLD_MR_1R_EXHAUSTION_CONFIRM_V1,XRP,XRPUSDT,strategy-lab-v1.0.0:SIE_OLD_MR_1R_EXHAUSTION_CONFIRM_V1,1790146800000,2026-09-23T07:00:00+00:00,1.626,1.6282,1.6159,1.6165,63.77171215880893,1.58695,1.5398752296872404,1.4026435000000002,0.02742857142857142,0.01696787592240731,69.67984934086628,1.499999999999996,False,PLANNED_REWARD_TOO_LOW|RSI_NOT_BELOW_34|CLOSE_NOT_NEAR_OR_BELOW_LOWER_BB|RSI_RECOVERY_NOT_CONFIRMED
2026-09-23T07:41:38.232637+00:00,SIE_OLD_MR_1R_EXHAUSTION_CONFIRM_V1,DOGE,DOGEUSDT,strategy-lab-v1.0.0:SIE_OLD_MR_1R_EXHAUSTION_CONFIRM_V1,1790125200000,2026-09-23T01:00:00+00:00,0.10068,0.10269,0.10068,0.10143,76.79640718562867,0.0997615,0.09797389517790242,0.0871457,0.0014557142857142854,0.014351910536471314,74.38016528925615,1.5,False,RSI_NOT_BELOW_34|CLOSE_NOT_NEAR_OR_BELOW_LOWER_BB
2026-09-23T07:41:38.232637+00:00,SIE_OLD_MR_1R_EXHAUSTION_CONFIRM_V1,DOGE,DOGEUSDT,strategy-lab-v1.0.0:SIE_OLD_MR_1R_EXHAUSTION_CONFIRM_V1,1790128800000,2026-09-23T02:00:00+00:00,0.1014,0.10372,0.10042,0.10336,76.5151515151514,0.099943,0.09756531120623696,0.0872374,0.0015150000000000005,0.014657507739938087,76.79640718562867,1.4999999999999953,False,PLANNED_REWARD_TOO_LOW|RSI_NOT_BELOW_34|CLOSE_NOT_NEAR_OR_BELOW_LOWER_BB|RSI_RECOVERY_NOT_CONFIRMED
2026-09-23T07:41:38.232637+00:00,SIE_OLD_MR_1R_EXHAUSTION_CONFIRM_V1,DOGE,DOGEUSDT,strategy-lab-v1.0.0:SIE_OLD_MR_1R_EXHAUSTION_CONFIRM_V1,1790132400000,2026-09-23T03:00:00+00:00,0.10348,0.10434,0.10252,0.10392,74.50657894736833,0.1002005,0.09732364425109874,0.08733344999999999,0.0015278571428571444,0.014702243483998696,76.5151515151514,1.4999999999999956,False,PLANNED_REWARD_TOO_LOW|RSI_NOT_BELOW_34|CLOSE_NOT_NEAR_OR_BELOW_LOWER_BB|RSI_RECOVERY_NOT_CONFIRMED
2026-09-23T07:41:38.232637+00:00,SIE_OLD_MR_1R_EXHAUSTION_CONFIRM_V1,DOGE,DOGEUSDT,strategy-lab-v1.0.0:SIE_OLD_MR_1R_EXHAUSTION_CONFIRM_V1,1790136000000,2026-09-23T04:00:00+00:00,0.10391,0.10432,0.10327,0.10353,81.91681735985514,0.1004035,0.09720633703887556,0.08742535,0.001412142857142858,0.013639938734114343,74.50657894736833,1.5,False,RSI_NOT_BELOW_34|CLOSE_NOT_NEAR_OR_BELOW_LOWER_BB|RSI_RECOVERY_NOT_CONFIRMED
2026-09-23T07:41:38.232637+00:00,SIE_OLD_MR_1R_EXHAUSTION_CONFIRM_V1,DOGE,DOGEUSDT,strategy-lab-v1.0.0:SIE_OLD_MR_1R_EXHAUSTION_CONFIRM_V1,1790139600000,2026-09-23T05:00:00+00:00,0.10352,0.10352,0.10106,0.10139,59.061277705345404,0.100535,0.09740337103091921,0.08751055,0.001499285714285715,0.014787313485409952,81.91681735985514,1.5000000000000047,False,RSI_NOT_BELOW_34|CLOSE_NOT_NEAR_OR_BELOW_LOWER_BB|RSI_RECOVERY_NOT_CONFIRMED
2026-09-23T07:41:38.232637+00:00,SIE_OLD_MR_1R_EXHAUSTION_CONFIRM_V1,DOGE,DOGEUSDT,strategy-lab-v1.0.0:SIE_OLD_MR_1R_EXHAUSTION_CONFIRM_V1,1790143200000,2026-09-23T06:00:00+00:00,0.10137,0.10281,0.10117,0.1022,67.00125470514428,0.1007565,0.09781775009570635,0.08760115,0.0015064285714285722,0.014740005591277614,59.061277705345404,1.5,False,RSI_NOT_BELOW_34|CLOSE_NOT_NEAR_OR_BELOW_LOWER_BB
2026-09-23T07:41:38.232637+00:00,SIE_OLD_MR_1R_EXHAUSTION_CONFIRM_V1,DOGE,DOGEUSDT,strategy-lab-v1.0.0:SIE_OLD_MR_1R_EXHAUSTION_CONFIRM_V1,1790146800000,2026-09-23T07:00:00+00:00,0.10219,0.10227,0.10096,0.10103,57.494407158836644,0.1009155,0.09829623693570391,0.08768815,0.0015457142857142861,0.015299557415760529,67.00125470514428,1.5,False,RSI_NOT_BELOW_34|CLOSE_NOT_NEAR_OR_BELOW_LOWER_BB|RSI_RECOVERY_NOT_CONFIRMED
2026-09-23T07:41:38.232637+00:00,SIE_OLD_MR_1R_EXHAUSTION_CONFIRM_V1,BNB,BNBUSDT,strategy-lab-v1.0.0:SIE_OLD_MR_1R_EXHAUSTION_CONFIRM_V1,1790125200000,2026-09-23T01:00:00+00:00,790.72,792.63,787.25,788.75,53.905614320585755,787.6034999999999,783.7312227630442,751.07705,5.148571428571423,0.006527507357935243,57.644539614561126,1.499999999999989,False,PLANNED_REWARD_TOO_LOW|RSI_NOT_BELOW_34|CLOSE_NOT_NEAR_OR_BELOW_LOWER_BB|RSI_RECOVERY_NOT_CONFIRMED
2026-09-23T07:41:38.232637+00:00,SIE_OLD_MR_1R_EXHAUSTION_CONFIRM_V1,BNB,BNBUSDT,strategy-lab-v1.0.0:SIE_OLD_MR_1R_EXHAUSTION_CONFIRM_V1,1790128800000,2026-09-23T02:00:00+00:00,788.7,792.92,787.09,792.92,53.39366515837099,787.9314999999999,783.4696650635814,751.40515,5.097857142857135,0.006429220025799747,53.905614320585755,1.500000000000011,False,RSI_NOT_BELOW_34|CLOSE_NOT_NEAR_OR_BELOW_LOWER_BB|RSI_RECOVERY_NOT_CONFIRMED
2026-09-23T07:41:38.232637+00:00,SIE_OLD_MR_1R_EXHAUSTION_CONFIRM_V1,BNB,BNBUSDT,strategy-lab-v1.0.0:SIE_OLD_MR_1R_EXHAUSTION_CONFIRM_V1,1790132400000,2026-09-23T03:00:00+00:00,792.96,797.25,792.26,796.33,59.148321905449336,788.5169999999999,782.998804280397,751.7593500000002,4.976428571428569,0.006249203937348296,53.39366515837099,1.4999999999999887,False,PLANNED_REWARD_TOO_LOW|RSI_NOT_BELOW_34|CLOSE_NOT_NEAR_OR_BELOW_LOWER_BB
2026-09-23T07:41:38.232637+00:00,SIE_OLD_MR_1R_EXHAUSTION_CONFIRM_V1,BNB,BNBUSDT,strategy-lab-v1.0.0:SIE_OLD_MR_1R_EXHAUSTION_CONFIRM_V1,1790136000000,2026-09-23T04:00:00+00:00,796.04,799.67,794.22,794.79,66.11536910044362,788.8824999999999,782.7529686149883,752.09965,4.544999999999992,0.005718491677046757,59.148321905449336,1.4999999999999876,False,PLANNED_REWARD_TOO_LOW|RSI_NOT_BELOW_34|CLOSE_NOT_NEAR_OR_BELOW_LOWER_BB|RSI_RECOVERY_NOT_CONFIRMED
2026-09-23T07:41:38.232637+00:00,SIE_OLD_MR_1R_EXHAUSTION_CONFIRM_V1,BNB,BNBUSDT,strategy-lab-v1.0.0:SIE_OLD_MR_1R_EXHAUSTION_CONFIRM_V1,1790139600000,2026-09-23T05:00:00+00:00,794.08,794.39,789.71,790.44,54.93107104984106,789.0215000000001,782.8830856282065,752.4341499999999,4.607857142857126,0.0058294837594974015,66.11536910044362,1.4999999999999876,False,PLANNED_REWARD_TOO_LOW|RSI_NOT_BELOW_34|CLOSE_NOT_NEAR_OR_BELOW_LOWER_BB|RSI_RECOVERY_NOT_CONFIRMED
2026-09-23T07:41:38.232637+00:00,SIE_OLD_MR_1R_EXHAUSTION_CONFIRM_V1,BNB,BNBUSDT,strategy-lab-v1.0.0:SIE_OLD_MR_1R_EXHAUSTION_CONFIRM_V1,1790143200000,2026-09-23T06:00:00+00:00,790.7,792.58,790.16,791.59,53.754080522306936,789.2700000000001,783.1381878698185,752.78,4.352857142857131,0.005498878387621282,54.93107104984106,1.5,False,RSI_NOT_BELOW_34|CLOSE_NOT_NEAR_OR_BELOW_LOWER_BB|RSI_RECOVERY_NOT_CONFIRMED
2026-09-23T07:41:38.232637+00:00,SIE_OLD_MR_1R_EXHAUSTION_CONFIRM_V1,BNB,BNBUSDT,strategy-lab-v1.0.0:SIE_OLD_MR_1R_EXHAUSTION_CONFIRM_V1,1790146800000,2026-09-23T07:00:00+00:00,791.48,791.48,787.09,788.22,49.28500166278691,789.3394999999999,783.288914986975,753.1184999999999,4.442142857142845,0.005635663719701155,53.754080522306936,1.4999999999999871,False,PLANNED_REWARD_TOO_LOW|RSI_NOT_BELOW_34|CLOSE_NOT_NEAR_OR_BELOW_LOWER_BB|RSI_RECOVERY_NOT_CONFIRMED
2026-09-23T07:41:38.232637+00:00,SIE_OLD_MR_1R_EXHAUSTION_CONFIRM_V1,PAXG,PAXGUSDT,strategy-lab-v1.0.0:SIE_OLD_MR_1R_EXHAUSTION_CONFIRM_V1,1790125200000,2026-09-23T01:00:00+00:00,4353.78,4354.65,4337.01,4338.7,58.37592936802961,4339.168,4306.846633320956,4338.9572499999995,12.96785714285696,0.002988880803663992,72.75468729513533,1.499999999999965,False,PLANNED_REWARD_TOO_LOW|RSI_NOT_BELOW_34|CLOSE_NOT_NEAR_OR_BELOW_LOWER_BB|CLOSE_NOT_ABOVE_MA200|RSI_RECOVERY_NOT_CONFIRMED
2026-09-23T07:41:38.232637+00:00,SIE_OLD_MR_1R_EXHAUSTION_CONFIRM_V1,PAXG,PAXGUSDT,strategy-lab-v1.0.0:SIE_OLD_MR_1R_EXHAUSTION_CONFIRM_V1,1790128800000,2026-09-23T02:00:00+00:00,4337.57,4338.58,4331.0,4331.56,48.37198125675837,4339.8550000000005,4308.819346631638,4339.0498,12.119999999999825,0.0027980681324972583,58.37592936802961,1.4999999999999625,False,PLANNED_REWARD_TOO_LOW|RSI_NOT_BELOW_34|CLOSE_NOT_NEAR_OR_BELOW_LOWER_BB|CLOSE_NOT_ABOVE_MA200|RSI_RECOVERY_NOT_CONFIRMED
2026-09-23T07:41:38.232637+00:00,SIE_OLD_MR_1R_EXHAUSTION_CONFIRM_V1,PAXG,PAXGUSDT,strategy-lab-v1.0.0:SIE_OLD_MR_1R_EXHAUSTION_CONFIRM_V1,1790132400000,2026-09-23T03:00:00+00:00,4331.54,4342.93,4331.01,4341.8,53.86514923770656,4341.7945,4315.767380701062,4339.3099,12.014999999999873,0.0027672854576442653,48.37198125675837,1.5,False,RSI_NOT_BELOW_34|CLOSE_NOT_NEAR_OR_BELOW_LOWER_BB
2026-09-23T07:41:38.232637+00:00,SIE_OLD_MR_1R_EXHAUSTION_CONFIRM_V1,PAXG,PAXGUSDT,strategy-lab-v1.0.0:SIE_OLD_MR_1R_EXHAUSTION_CONFIRM_V1,1790136000000,2026-09-23T04:00:00+00:00,4341.48,4345.06,4340.99,4342.17,58.71282527881041,4342.407499999999,4316.957788901421,4339.48695,10.947857142857108,0.0025212870852263057,53.86514923770656,1.5,False,RSI_NOT_BELOW_34|CLOSE_NOT_NEAR_OR_BELOW_LOWER_BB
2026-09-23T07:41:38.232637+00:00,SIE_OLD_MR_1R_EXHAUSTION_CONFIRM_V1,PAXG,PAXGUSDT,strategy-lab-v1.0.0:SIE_OLD_MR_1R_EXHAUSTION_CONFIRM_V1,1790139600000,2026-09-23T05:00:00+00:00,4340.84,4342.68,4327.71,4333.16,50.979313380281546,4342.276,4316.664213338365,4339.6375,11.05714285714287,0.002551750421665221,58.71282527881041,1.499999999999959,False,PLANNED_REWARD_TOO_LOW|RSI_NOT_BELOW_34|CLOSE_NOT_NEAR_OR_BELOW_LOWER_BB|CLOSE_NOT_ABOVE_MA200|RSI_RECOVERY_NOT_CONFIRMED
2026-09-23T07:41:38.232637+00:00,SIE_OLD_MR_1R_EXHAUSTION_CONFIRM_V1,PAXG,PAXGUSDT,strategy-lab-v1.0.0:SIE_OLD_MR_1R_EXHAUSTION_CONFIRM_V1,1790143200000,2026-09-23T06:00:00+00:00,4332.12,4333.53,4325.87,4329.0,45.74515482290023,4342.773999999999,4318.644356488312,4339.76745,10.328571428571454,0.0023859023859023917,50.979313380281546,1.500000000000044,False,RSI_NOT_BELOW_34|CLOSE_NOT_NEAR_OR_BELOW_LOWER_BB|CLOSE_NOT_ABOVE_MA200|RSI_RECOVERY_NOT_CONFIRMED
2026-09-23T07:41:38.232637+00:00,SIE_OLD_MR_1R_EXHAUSTION_CONFIRM_V1,PAXG,PAXGUSDT,strategy-lab-v1.0.0:SIE_OLD_MR_1R_EXHAUSTION_CONFIRM_V1,1790146800000,2026-09-23T07:00:00+00:00,4329.0,4329.0,4320.0,4320.04,32.2167371885283,4342.562,4317.722087278714,4339.89735,9.900714285714328,0.0022918107901117417,45.74515482290023,1.499999999999954,False,PLANNED_REWARD_TOO_LOW|CLOSE_NOT_NEAR_OR_BELOW_LOWER_BB|CLOSE_NOT_ABOVE_MA200|RSI_RECOVERY_NOT_CONFIRMED
2026-09-23T13:35:41.257085+00:00,SIE_OLD_MR_1R_EXHAUSTION_CONFIRM_V1,BTC,BTCUSDT,strategy-lab-v1.0.0:SIE_OLD_MR_1R_EXHAUSTION_CONFIRM_V1,1790150400000,2026-09-23T08:00:00+00:00,86128.2,86273.82,85666.56,85901.81,40.527327455599945,86383.36750000001,85871.77084363304,80347.46955,462.64071428571646,0.005385692272208426,42.04751616879242,1.5,False,RSI_NOT_BELOW_34|CLOSE_NOT_NEAR_OR_BELOW_LOWER_BB|RSI_RECOVERY_NOT_CONFIRMED
2026-09-23T13:35:41.257085+00:00,SIE_OLD_MR_1R_EXHAUSTION_CONFIRM_V1,BTC,BTCUSDT,strategy-lab-v1.0.0:SIE_OLD_MR_1R_EXHAUSTION_CONFIRM_V1,1790154000000,2026-09-23T09:00:00+00:00,85901.81,86039.49,85720.0,85848.87,43.51042752680768,86359.35399999999,85797.2384093722,80387.24449999999,452.6035714285733,0.005272097016868985,40.527327455599945,1.5,False,RSI_NOT_BELOW_34|CLOSE_NOT_NEAR_OR_BELOW_LOWER_BB|RSI_RECOVERY_NOT_CONFIRMED
2026-09-23T13:35:41.257085+00:00,SIE_OLD_MR_1R_EXHAUSTION_CONFIRM_V1,BTC,BTCUSDT,strategy-lab-v1.0.0:SIE_OLD_MR_1R_EXHAUSTION_CONFIRM_V1,1790157600000,2026-09-23T10:00:00+00:00,85848.88,85919.8,85636.4,85906.66,43.262023426114375,86342.54250000001,85748.30598987479,80427.3438,454.54857142857406,0.005291191293301055,43.51042752680768,1.5,False,RSI_NOT_BELOW_34|CLOSE_NOT_NEAR_OR_BELOW_LOWER_BB|RSI_RECOVERY_NOT_CONFIRMED
2026-09-23T13:35:41.257085+00:00,SIE_OLD_MR_1R_EXHAUSTION_CONFIRM_V1,BTC,BTCUSDT,strategy-lab-v1.0.0:SIE_OLD_MR_1R_EXHAUSTION_CONFIRM_V1,1790161200000,2026-09-23T11:00:00+00:00,85906.67,85957.96,85431.08,85637.71,40.70140633357951,86303.538,85636.26245104383,80467.23075,478.8028571428596,0.005591028264801331,43.262023426114375,1.500000000000015,False,RSI_NOT_BELOW_34|CLOSE_NOT_NEAR_OR_BELOW_LOWER_BB|RSI_RECOVERY_NOT_CONFIRMED
2026-09-23T13:35:41.257085+00:00,SIE_OLD_MR_1R_EXHAUSTION_CONFIRM_V1,BTC,BTCUSDT,strategy-lab-v1.0.0:SIE_OLD_MR_1R_EXHAUSTION_CONFIRM_V1,1790164800000,2026-09-23T12:00:00+00:00,85637.71,85673.17,85216.15,85482.1,39.49195858408018,86256.32849999999,85502.48489716073,80506.9025,489.20857142857443,0.005722935812627139,40.70140633357951,1.5,False,RSI_NOT_BELOW_34|RSI_RECOVERY_NOT_CONFIRMED
2026-09-23T13:35:41.257085+00:00,SIE_OLD_MR_1R_EXHAUSTION_CONFIRM_V1,BTC,BTCUSDT,strategy-lab-v1.0.0:SIE_OLD_MR_1R_EXHAUSTION_CONFIRM_V1,1790168400000,2026-09-23T13:00:00+00:00,85482.1,85600.0,85261.15,85556.47,39.45616018721818,86204.773,85408.74336991415,80546.6348,482.54571428571734,0.005640084429450132,39.49195858408018,1.5,False,RSI_NOT_BELOW_34|CLOSE_NOT_NEAR_OR_BELOW_LOWER_BB|RSI_RECOVERY_NOT_CONFIRMED
2026-09-23T13:35:41.257085+00:00,SIE_OLD_MR_1R_EXHAUSTION_CONFIRM_V1,SOL,SOLUSDT,strategy-lab-v1.0.0:SIE_OLD_MR_1R_EXHAUSTION_CONFIRM_V1,1790150400000,2026-09-23T08:00:00+00:00,117.89,118.32,116.95,117.37,43.361344537815214,118.2065,116.96775426337534,108.02195,1.0842857142857139,0.00923818449591645,49.10714285714291,1.4999999999999933,False,PLANNED_REWARD_TOO_LOW|RSI_NOT_BELOW_34|CLOSE_NOT_NEAR_OR_BELOW_LOWER_BB|RSI_RECOVERY_NOT_CONFIRMED
2026-09-23T13:35:41.257085+00:00,SIE_OLD_MR_1R_EXHAUSTION_CONFIRM_V1,SOL,SOLUSDT,strategy-lab-v1.0.0:SIE_OLD_MR_1R_EXHAUSTION_CONFIRM_V1,1790154000000,2026-09-23T09:00:00+00:00,117.38,117.74,117.08,117.38,42.294520547945154,118.17699999999999,116.88997086279844,108.09764999999999,1.0642857142857136,0.009067010685685072,43.361344537815214,1.5,False,RSI_NOT_BELOW_34|CLOSE_NOT_NEAR_OR_BELOW_LOWER_BB|RSI_RECOVERY_NOT_CONFIRMED
2026-09-23T13:35:41.257085+00:00,SIE_OLD_MR_1R_EXHAUSTION_CONFIRM_V1,SOL,SOLUSDT,strategy-lab-v1.0.0:SIE_OLD_MR_1R_EXHAUSTION_CONFIRM_V1,1790157600000,2026-09-23T10:00:00+00:00,117.38,117.63,116.85,117.62,46.56357388316159,118.2135,117.0379614000358,108.17605000000002,1.0778571428571422,0.009163893409769955,42.294520547945154,1.5,False,RSI_NOT_BELOW_34|CLOSE_NOT_NEAR_OR_BELOW_LOWER_BB
2026-09-23T13:35:41.257085+00:00,SIE_OLD_MR_1R_EXHAUSTION_CONFIRM_V1,SOL,SOLUSDT,strategy-lab-v1.0.0:SIE_OLD_MR_1R_EXHAUSTION_CONFIRM_V1,1790161200000,2026-09-23T11:00:00+00:00,117.63,117.69,116.47,117.08,41.8789808917198,118.199,116.97600531480886,108.25375,1.1207142857142844,0.009572209478256615,46.56357388316159,1.5,False,RSI_NOT_BELOW_34|CLOSE_NOT_NEAR_OR_BELOW_LOWER_BB|RSI_RECOVERY_NOT_CONFIRMED
2026-09-23T13:35:41.257085+00:00,SIE_OLD_MR_1R_EXHAUSTION_CONFIRM_V1,SOL,SOLUSDT,strategy-lab-v1.0.0:SIE_OLD_MR_1R_EXHAUSTION_CONFIRM_V1,1790164800000,2026-09-23T12:00:00+00:00,117.07,117.25,116.51,116.89,37.04918032786888,118.17049999999999,116.85675002378466,108.33194999999999,1.0814285714285705,0.009251677401219698,41.8789808917198,1.5,False,RSI_NOT_BELOW_34|CLOSE_NOT_NEAR_OR_BELOW_LOWER_BB|RSI_RECOVERY_NOT_CONFIRMED
2026-09-23T13:35:41.257085+00:00,SIE_OLD_MR_1R_EXHAUSTION_CONFIRM_V1,SOL,SOLUSDT,strategy-lab-v1.0.0:SIE_OLD_MR_1R_EXHAUSTION_CONFIRM_V1,1790168400000,2026-09-23T13:00:00+00:00,116.87,116.93,115.92,116.68,34.88745980707398,118.10499999999999,116.63987884459823,108.40879999999999,1.0735714285714286,0.009200989274695136,37.04918032786888,1.5,False,RSI_NOT_BELOW_34|CLOSE_NOT_NEAR_OR_BELOW_LOWER_BB|RSI_RECOVERY_NOT_CONFIRMED
2026-09-23T13:35:41.257085+00:00,SIE_OLD_MR_1R_EXHAUSTION_CONFIRM_V1,XRP,XRPUSDT,strategy-lab-v1.0.0:SIE_OLD_MR_1R_EXHAUSTION_CONFIRM_V1,1790150400000,2026-09-23T08:00:00+00:00,1.6169,1.6217,1.5849,1.5973,54.513481828839346,1.589695,1.547042099746921,1.4035354999999998,0.02892142857142856,0.018106447487277633,63.89061528899936,1.5,False,RSI_NOT_BELOW_34|CLOSE_NOT_NEAR_OR_BELOW_LOWER_BB|RSI_RECOVERY_NOT_CONFIRMED
2026-09-23T13:35:41.257085+00:00,SIE_OLD_MR_1R_EXHAUSTION_CONFIRM_V1,XRP,XRPUSDT,strategy-lab-v1.0.0:SIE_OLD_MR_1R_EXHAUSTION_CONFIRM_V1,1790154000000,2026-09-23T09:00:00+00:00,1.5972,1.6037,1.5904,1.594,51.845238095238095,1.58996,1.5472692796968814,1.4043949999999998,0.02715714285714283,0.01703710342355259,54.513481828839346,1.5,False,RSI_NOT_BELOW_34|CLOSE_NOT_NEAR_OR_BELOW_LOWER_BB|RSI_RECOVERY_NOT_CONFIRMED
2026-09-23T13:35:41.257085+00:00,SIE_OLD_MR_1R_EXHAUSTION_CONFIRM_V1,XRP,XRPUSDT,strategy-lab-v1.0.0:SIE_OLD_MR_1R_EXHAUSTION_CONFIRM_V1,1790157600000,2026-09-23T10:00:00+00:00,1.594,1.5989,1.5773,1.5944,57.18954248366015,1.59145,1.550353357801408,1.4052514999999999,0.026964285714285694,0.01691187011683749,51.845238095238095,1.4999999999999958,False,PLANNED_REWARD_TOO_LOW|RSI_NOT_BELOW_34|CLOSE_NOT_NEAR_OR_BELOW_LOWER_BB
2026-09-23T13:35:41.257085+00:00,SIE_OLD_MR_1R_EXHAUSTION_CONFIRM_V1,XRP,XRPUSDT,strategy-lab-v1.0.0:SIE_OLD_MR_1R_EXHAUSTION_CONFIRM_V1,1790161200000,2026-09-23T11:00:00+00:00,1.5942,1.5969,1.5324,1.5728,51.199531889994155,1.59149,1.5504676694957602,1.406035,0.03045714285714285,0.019364917889841588,57.18954248366015,1.5,False,RSI_NOT_BELOW_34|CLOSE_NOT_NEAR_OR_BELOW_LOWER_BB|RSI_RECOVERY_NOT_CONFIRMED
2026-09-23T13:35:41.257085+00:00,SIE_OLD_MR_1R_EXHAUSTION_CONFIRM_V1,XRP,XRPUSDT,strategy-lab-v1.0.0:SIE_OLD_MR_1R_EXHAUSTION_CONFIRM_V1,1790164800000,2026-09-23T12:00:00+00:00,1.5727,1.574,1.5589,1.5667,48.444700460829466,1.5916299999999999,1.550967727559824,1.4068015,0.02973571428571428,0.018979839334725395,51.199531889994155,1.5,False,RSI_NOT_BELOW_34|CLOSE_NOT_NEAR_OR_BELOW_LOWER_BB|RSI_RECOVERY_NOT_CONFIRMED
2026-09-23T13:35:41.257085+00:00,SIE_OLD_MR_1R_EXHAUSTION_CONFIRM_V1,XRP,XRPUSDT,strategy-lab-v1.0.0:SIE_OLD_MR_1R_EXHAUSTION_CONFIRM_V1,1790168400000,2026-09-23T13:00:00+00:00,1.5666,1.578,1.5538,1.5734,50.22246941045604,1.591695,1.5511538369678535,1.4076280000000003,0.030299999999999994,0.019257658573789242,48.444700460829466,1.5,False,RSI_NOT_BELOW_34|CLOSE_NOT_NEAR_OR_BELOW_LOWER_BB
2026-09-23T13:35:41.257085+00:00,SIE_OLD_MR_1R_EXHAUSTION_CONFIRM_V1,DOGE,DOGEUSDT,strategy-lab-v1.0.0:SIE_OLD_MR_1R_EXHAUSTION_CONFIRM_V1,1790150400000,2026-09-23T08:00:00+00:00,0.10088,0.10164,0.0989,0.09974,49.10000000000001,0.10090099999999999,0.09827207702661499,0.0877674,0.0016985714285714282,0.017029992265604855,56.42151481888037,1.499999999999996,False,PLANNED_REWARD_TOO_LOW|RSI_NOT_BELOW_34|CLOSE_NOT_NEAR_OR_BELOW_LOWER_BB|RSI_RECOVERY_NOT_CONFIRMED
2026-09-23T13:35:41.257085+00:00,SIE_OLD_MR_1R_EXHAUSTION_CONFIRM_V1,DOGE,DOGEUSDT,strategy-lab-v1.0.0:SIE_OLD_MR_1R_EXHAUSTION_CONFIRM_V1,1790154000000,2026-09-23T09:00:00+00:00,0.09973,0.10034,0.09958,0.09989,49.30278884462158,0.10084850000000001,0.0981831049073371,0.08784799999999998,0.0016821428571428573,0.016839952519199692,49.10000000000001,1.5,False,RSI_NOT_BELOW_34|CLOSE_NOT_NEAR_OR_BELOW_LOWER_BB
2026-09-23T13:35:41.257085+00:00,SIE_OLD_MR_1R_EXHAUSTION_CONFIRM_V1,DOGE,DOGEUSDT,strategy-lab-v1.0.0:SIE_OLD_MR_1R_EXHAUSTION_CONFIRM_V1,1790157600000,2026-09-23T10:00:00+00:00,0.09989,0.1002,0.0992,0.10007,49.950835791543774,0.10085200000000001,0.09819089045697262,0.08792939999999999,0.0016742857142857145,0.016731145341118362,49.30278884462158,1.5,False,RSI_NOT_BELOW_34|CLOSE_NOT_NEAR_OR_BELOW_LOWER_BB
2026-09-23T13:35:41.257085+00:00,SIE_OLD_MR_1R_EXHAUSTION_CONFIRM_V1,DOGE,DOGEUSDT,strategy-lab-v1.0.0:SIE_OLD_MR_1R_EXHAUSTION_CONFIRM_V1,1790161200000,2026-09-23T11:00:00+00:00,0.10004,0.10024,0.09884,0.09934,47.037037037037045,0.10081899999999999,0.0981006924383007,0.0880096,0.001722857142857143,0.017343035462624754,49.950835791543774,1.5,False,RSI_NOT_BELOW_34|CLOSE_NOT_NEAR_OR_BELOW_LOWER_BB|RSI_RECOVERY_NOT_CONFIRMED
2026-09-23T13:35:41.257085+00:00,SIE_OLD_MR_1R_EXHAUSTION_CONFIRM_V1,DOGE,DOGEUSDT,strategy-lab-v1.0.0:SIE_OLD_MR_1R_EXHAUSTION_CONFIRM_V1,1790164800000,2026-09-23T12:00:00+00:00,0.09938,0.09975,0.09867,0.09945,45.88457899716174,0.100817,0.09809472815464887,0.08809105,0.0016721428571428582,0.016813905049199177,47.037037037037045,1.4999999999999958,False,PLANNED_REWARD_TOO_LOW|RSI_NOT_BELOW_34|CLOSE_NOT_NEAR_OR_BELOW_LOWER_BB|RSI_RECOVERY_NOT_CONFIRMED
2026-09-23T13:35:41.257085+00:00,SIE_OLD_MR_1R_EXHAUSTION_CONFIRM_V1,DOGE,DOGEUSDT,strategy-lab-v1.0.0:SIE_OLD_MR_1R_EXHAUSTION_CONFIRM_V1,1790168400000,2026-09-23T13:00:00+00:00,0.09945,0.09972,0.09857,0.09972,46.741154562383656,0.10081849999999999,0.09809868180754824,0.08817365,0.0016564285714285726,0.01661079594292592,45.88457899716174,1.5000000000000042,False,RSI_NOT_BELOW_34|CLOSE_NOT_NEAR_OR_BELOW_LOWER_BB
2026-09-23T13:35:41.257085+00:00,SIE_OLD_MR_1R_EXHAUSTION_CONFIRM_V1,BNB,BNBUSDT,strategy-lab-v1.0.0:SIE_OLD_MR_1R_EXHAUSTION_CONFIRM_V1,1790150400000,2026-09-23T08:00:00+00:00,788.74,790.96,784.0,786.26,47.606810150979754,789.1020000000001,782.9838022261586,753.4572999999999,4.704999999999992,0.005984025640373403,49.71486078497155,1.500000000000012,False,RSI_NOT_BELOW_34|CLOSE_NOT_NEAR_OR_BELOW_LOWER_BB|RSI_RECOVERY_NOT_CONFIRMED
2026-09-23T13:35:41.257085+00:00,SIE_OLD_MR_1R_EXHAUSTION_CONFIRM_V1,BNB,BNBUSDT,strategy-lab-v1.0.0:SIE_OLD_MR_1R_EXHAUSTION_CONFIRM_V1,1790154000000,2026-09-23T09:00:00+00:00,786.03,788.41,781.62,782.26,44.12027389103895,788.652,781.9398063198504,753.7655500000001,4.860714285714274,0.0062136812386089976,47.606810150979754,1.5,False,RSI_NOT_BELOW_34|CLOSE_NOT_NEAR_OR_BELOW_LOWER_BB|RSI_RECOVERY_NOT_CONFIRMED
2026-09-23T13:35:41.257085+00:00,SIE_OLD_MR_1R_EXHAUSTION_CONFIRM_V1,BNB,BNBUSDT,strategy-lab-v1.0.0:SIE_OLD_MR_1R_EXHAUSTION_CONFIRM_V1,1790157600000,2026-09-23T10:00:00+00:00,782.69,785.51,781.23,785.28,50.68181818181821,788.576,781.7482232022538,754.08515,4.930714285714275,0.00627892507858888,44.12027389103895,1.5000000000000115,False,RSI_NOT_BELOW_34|CLOSE_NOT_NEAR_OR_BELOW_LOWER_BB
2026-09-23T13:35:41.257085+00:00,SIE_OLD_MR_1R_EXHAUSTION_CONFIRM_V1,BNB,BNBUSDT,strategy-lab-v1.0.0:SIE_OLD_MR_1R_EXHAUSTION_CONFIRM_V1,1790161200000,2026-09-23T11:00:00+00:00,785.13,786.16,780.89,782.94,48.42562432138984,788.3405,781.0894242867115,754.3941,5.175714285714272,0.00661061420506587,50.68181818181821,1.5,False,RSI_NOT_BELOW_34|CLOSE_NOT_NEAR_OR_BELOW_LOWER_BB|RSI_RECOVERY_NOT_CONFIRMED
2026-09-23T13:35:41.257085+00:00,SIE_OLD_MR_1R_EXHAUSTION_CONFIRM_V1,BNB,BNBUSDT,strategy-lab-v1.0.0:SIE_OLD_MR_1R_EXHAUSTION_CONFIRM_V1,1790164800000,2026-09-23T12:00:00+00:00,782.35,782.35,776.28,779.38,39.436241610738286,787.8335,779.6280279843361,754.68845,5.262142857142846,0.006751703735203426,48.42562432138984,1.5,False,RSI_NOT_BELOW_34|RSI_RECOVERY_NOT_CONFIRMED
2026-09-23T13:35:41.257085+00:00,SIE_OLD_MR_1R_EXHAUSTION_CONFIRM_V1,BNB,BNBUSDT,strategy-lab-v1.0.0:SIE_OLD_MR_1R_EXHAUSTION_CONFIRM_V1,1790168400000,2026-09-23T13:00:00+00:00,778.68,781.81,776.74,780.48,39.517426273458575,787.4250000000001,778.6304710188753,754.9806,5.315714285714266,0.006810827036841772,39.436241610738286,1.4999999999999893,False,PLANNED_REWARD_TOO_LOW|RSI_NOT_BELOW_34|CLOSE_NOT_NEAR_OR_BELOW_LOWER_BB
2026-09-23T13:35:41.257085+00:00,SIE_OLD_MR_1R_EXHAUSTION_CONFIRM_V1,PAXG,PAXGUSDT,strategy-lab-v1.0.0:SIE_OLD_MR_1R_EXHAUSTION_CONFIRM_V1,1790150400000,2026-09-23T08:00:00+00:00,4319.89,4321.62,4314.93,4318.22,29.738986654069052,4341.790999999999,4315.073917898833,4340.013000000001,9.727857142857115,0.0022527469982671364,32.457075192421456,1.4999999999999531,False,PLANNED_REWARD_TOO_LOW|CLOSE_NOT_NEAR_OR_BELOW_LOWER_BB|CLOSE_NOT_ABOVE_MA200|RSI_RECOVERY_NOT_CONFIRMED
2026-09-23T13:35:41.257085+00:00,SIE_OLD_MR_1R_EXHAUSTION_CONFIRM_V1,PAXG,PAXGUSDT,strategy-lab-v1.0.0:SIE_OLD_MR_1R_EXHAUSTION_CONFIRM_V1,1790154000000,2026-09-23T09:00:00+00:00,4317.37,4320.05,4310.41,4313.28,19.803335822753084,4340.725,4311.373843634358,4340.03255,9.412142857142824,0.002182131198796003,29.738986654069052,1.5000000000000484,False,CLOSE_NOT_NEAR_OR_BELOW_LOWER_BB|CLOSE_NOT_ABOVE_MA200|RSI_RECOVERY_NOT_CONFIRMED
2026-09-23T13:35:41.257085+00:00,SIE_OLD_MR_1R_EXHAUSTION_CONFIRM_V1,PAXG,PAXGUSDT,strategy-lab-v1.0.0:SIE_OLD_MR_1R_EXHAUSTION_CONFIRM_V1,1790157600000,2026-09-23T10:00:00+00:00,4318.74,4318.74,4312.71,4316.99,25.17321016166281,4340.215999999999,4309.615730458697,4340.0465,9.102142857142749,0.0021084465929137545,19.803335822753084,1.49999999999995,False,PLANNED_REWARD_TOO_LOW|CLOSE_NOT_NEAR_OR_BELOW_LOWER_BB|CLOSE_NOT_ABOVE_MA200
2026-09-23T13:35:41.257085+00:00,SIE_OLD_MR_1R_EXHAUSTION_CONFIRM_V1,PAXG,PAXGUSDT,strategy-lab-v1.0.0:SIE_OLD_MR_1R_EXHAUSTION_CONFIRM_V1,1790161200000,2026-09-23T11:00:00+00:00,4315.05,4315.33,4296.0,4313.56,23.727766798418415,4339.325,4306.772051439227,4340.08485,10.411428571428457,0.002413651037989145,25.17321016166281,1.4999999999999563,False,PLANNED_REWARD_TOO_LOW|CLOSE_NOT_NEAR_OR_BELOW_LOWER_BB|CLOSE_NOT_ABOVE_MA200|RSI_RECOVERY_NOT_CONFIRMED
2026-09-23T13:35:41.257085+00:00,SIE_OLD_MR_1R_EXHAUSTION_CONFIRM_V1,PAXG,PAXGUSDT,strategy-lab-v1.0.0:SIE_OLD_MR_1R_EXHAUSTION_CONFIRM_V1,1790164800000,2026-09-23T12:00:00+00:00,4314.29,4317.49,4301.91,4309.77,17.931379914850893,4337.9815,4302.971040834198,4340.1055,10.990714285714214,0.0025501858070649274,23.727766798418415,1.4999999999999587,False,PLANNED_REWARD_TOO_LOW|CLOSE_NOT_NEAR_OR_BELOW_LOWER_BB|CLOSE_NOT_ABOVE_MA200|RSI_RECOVERY_NOT_CONFIRMED
2026-09-23T13:35:41.257085+00:00,SIE_OLD_MR_1R_EXHAUSTION_CONFIRM_V1,PAXG,PAXGUSDT,strategy-lab-v1.0.0:SIE_OLD_MR_1R_EXHAUSTION_CONFIRM_V1,1790168400000,2026-09-23T13:00:00+00:00,4307.49,4312.28,4300.28,4302.77,16.75637725251562,4335.6050000000005,4297.912001976492,4340.15595,11.21499999999995,0.0026064604894056502,17.931379914850893,1.5,False,CLOSE_NOT_NEAR_OR_BELOW_LOWER_BB|CLOSE_NOT_ABOVE_MA200|RSI_RECOVERY_NOT_CONFIRMED
2026-09-23T18:22:15.990445+00:00,SIE_OLD_MR_1R_EXHAUSTION_CONFIRM_V1,BTC,BTCUSDT,strategy-lab-v1.0.0:SIE_OLD_MR_1R_EXHAUSTION_CONFIRM_V1,1790172000000,2026-09-23T14:00:00+00:00,85783.0,85932.51,83799.24,84521.36,27.26627202294749,86118.691,85065.93344114492,80584.0492,622.317857142859,0.007362847180202247,43.651670097920736,1.5,False,RSI_RECOVERY_NOT_CONFIRMED
2026-09-23T18:22:15.990445+00:00,SIE_OLD_MR_1R_EXHAUSTION_CONFIRM_V1,BTC,BTCUSDT,strategy-lab-v1.0.0:SIE_OLD_MR_1R_EXHAUSTION_CONFIRM_V1,1790175600000,2026-09-23T15:00:00+00:00,84521.35,84790.47,83950.0,83998.33,24.814979119833907,86008.0505,84609.19025418937,80619.64775,634.0478571428591,0.007548338843675334,27.26627202294749,1.4999999999999885,False,PLANNED_REWARD_TOO_LOW|RSI_RECOVERY_NOT_CONFIRMED
2026-09-23T18:22:15.990445+00:00,SIE_OLD_MR_1R_EXHAUSTION_CONFIRM_V1,BTC,BTCUSDT,strategy-lab-v1.0.0:SIE_OLD_MR_1R_EXHAUSTION_CONFIRM_V1,1790179200000,2026-09-23T16:00:00+00:00,84000.01,84353.75,83513.0,84030.09,22.392229470157048,85895.4975,84260.3564795968,80655.0229,666.9292857142874,0.007936791281721672,24.814979119833907,1.5,False,RSI_RECOVERY_NOT_CONFIRMED
2026-09-23T18:22:15.990445+00:00,SIE_OLD_MR_1R_EXHAUSTION_CONFIRM_V1,BTC,BTCUSDT,strategy-lab-v1.0.0:SIE_OLD_MR_1R_EXHAUSTION_CONFIRM_V1,1790182800000,2026-09-23T17:00:00+00:00,84030.1,84386.91,83691.84,84314.47,24.488689915174305,85801.8695,84035.07786018813,80691.86165,677.6114285714305,0.008036715744894446,22.392229470157048,1.5,False,CLOSE_NOT_NEAR_OR_BELOW_LOWER_BB
2026-09-23T18:22:15.990445+00:00,SIE_OLD_MR_1R_EXHAUSTION_CONFIRM_V1,BTC,BTCUSDT,strategy-lab-v1.0.0:SIE_OLD_MR_1R_EXHAUSTION_CONFIRM_V1,1790186400000,2026-09-23T18:00:00+00:00,84314.48,84331.09,84145.04,84161.52,15.502819926716413,85703.85149999999,83806.27659037955,80727.59634999999,643.6421428571454,0.007647701026040705,24.488689915174305,1.5000000000000113,False,CLOSE_NOT_NEAR_OR_BELOW_LOWER_BB|RSI_RECOVERY_NOT_CONFIRMED
2026-09-23T18:22:15.990445+00:00,SIE_OLD_MR_1R_EXHAUSTION_CONFIRM_V1,SOL,SOLUSDT,strategy-lab-v1.0.0:SIE_OLD_MR_1R_EXHAUSTION_CONFIRM_V1,1790172000000,2026-09-23T14:00:00+00:00,116.78,117.03,112.95,115.15,25.500667556742442,117.96,116.0240247935457,108.48084999999999,1.3149999999999997,0.011419887103777678,35.51554828150576,1.5,False,RSI_RECOVERY_NOT_CONFIRMED
2026-09-23T18:22:15.990445+00:00,SIE_OLD_MR_1R_EXHAUSTION_CONFIRM_V1,SOL,SOLUSDT,strategy-lab-v1.0.0:SIE_OLD_MR_1R_EXHAUSTION_CONFIRM_V1,1790175600000,2026-09-23T15:00:00+00:00,115.12,115.92,113.76,113.87,23.012048192771175,117.73949999999999,115.11678022846401,108.54815,1.357142857142856,0.011918353009070484,25.500667556742442,1.5,False,RSI_RECOVERY_NOT_CONFIRMED
2026-09-23T18:22:15.990445+00:00,SIE_OLD_MR_1R_EXHAUSTION_CONFIRM_V1,SOL,SOLUSDT,strategy-lab-v1.0.0:SIE_OLD_MR_1R_EXHAUSTION_CONFIRM_V1,1790179200000,2026-09-23T16:00:00+00:00,113.86,115.31,113.16,114.38,26.46720368239353,117.5575,114.55955487041444,108.61695,1.4649999999999994,0.012808183248819719,23.012048192771175,1.5,True,
2026-09-23T18:22:15.990445+00:00,SIE_OLD_MR_1R_EXHAUSTION_CONFIRM_V1,SOL,SOLUSDT,strategy-lab-v1.0.0:SIE_OLD_MR_1R_EXHAUSTION_CONFIRM_V1,1790182800000,2026-09-23T17:00:00+00:00,114.39,114.83,113.54,114.54,21.978021978022085,117.37949999999998,114.1201842742677,108.6857,1.4578571428571416,0.012727930354960202,26.46720368239353,1.5,False,OPEN_TRADE_EXISTS|CLOSE_NOT_NEAR_OR_BELOW_LOWER_BB|RSI_RECOVERY_NOT_CONFIRMED
2026-09-23T18:22:15.990445+00:00,SIE_OLD_MR_1R_EXHAUSTION_CONFIRM_V1,SOL,SOLUSDT,strategy-lab-v1.0.0:SIE_OLD_MR_1R_EXHAUSTION_CONFIRM_V1,1790186400000,2026-09-23T18:00:00+00:00,114.55,114.56,113.95,114.01,17.22488038277524,117.15650000000001,113.62703955964857,108.75110000000001,1.4292857142857127,0.012536494292480596,21.978021978022085,1.5000000000000049,False,OPEN_TRADE_EXISTS|CLOSE_NOT_NEAR_OR_BELOW_LOWER_BB|RSI_RECOVERY_NOT_CONFIRMED
2026-09-23T18:22:15.990445+00:00,SIE_OLD_MR_1R_EXHAUSTION_CONFIRM_V1,XRP,XRPUSDT,strategy-lab-v1.0.0:SIE_OLD_MR_1R_EXHAUSTION_CONFIRM_V1,1790172000000,2026-09-23T14:00:00+00:00,1.5752,1.5824,1.5079,1.5282,36.56612529002316,1.58911,1.540220782374852,1.4082815,0.03434285714285713,0.022472750387944728,50.77007700770074,1.5,False,RSI_NOT_BELOW_34|RSI_RECOVERY_NOT_CONFIRMED
2026-09-23T18:22:15.990445+00:00,SIE_OLD_MR_1R_EXHAUSTION_CONFIRM_V1,XRP,XRPUSDT,strategy-lab-v1.0.0:SIE_OLD_MR_1R_EXHAUSTION_CONFIRM_V1,1790175600000,2026-09-23T15:00:00+00:00,1.5281,1.5354,1.503,1.5062,33.06621678616614,1.5850300000000002,1.524218484643128,1.4088455000000002,0.03487142857142859,0.02315192442665555,36.56612529002316,1.499999999999997,False,PLANNED_REWARD_TOO_LOW|RSI_RECOVERY_NOT_CONFIRMED
2026-09-23T18:22:15.990445+00:00,SIE_OLD_MR_1R_EXHAUSTION_CONFIRM_V1,XRP,XRPUSDT,strategy-lab-v1.0.0:SIE_OLD_MR_1R_EXHAUSTION_CONFIRM_V1,1790179200000,2026-09-23T16:00:00+00:00,1.5056,1.5185,1.4834,1.5003,28.651928912006895,1.5814249999999999,1.5103617359319939,1.4093594999999999,0.03544285714285716,0.02362384665923959,33.06621678616614,1.500000000000003,False,RSI_RECOVERY_NOT_CONFIRMED
2026-09-23T18:22:15.990445+00:00,SIE_OLD_MR_1R_EXHAUSTION_CONFIRM_V1,XRP,XRPUSDT,strategy-lab-v1.0.0:SIE_OLD_MR_1R_EXHAUSTION_CONFIRM_V1,1790182800000,2026-09-23T17:00:00+00:00,1.5004,1.5086,1.4851,1.5032,23.15592903828194,1.57815,1.4994192563225828,1.4098669999999998,0.03438571428571429,0.022875009503535316,28.651928912006895,1.5000000000000033,False,CLOSE_NOT_NEAR_OR_BELOW_LOWER_BB|RSI_RECOVERY_NOT_CONFIRMED
2026-09-23T18:22:15.990445+00:00,SIE_OLD_MR_1R_EXHAUSTION_CONFIRM_V1,XRP,XRPUSDT,strategy-lab-v1.0.0:SIE_OLD_MR_1R_EXHAUSTION_CONFIRM_V1,1790186400000,2026-09-23T18:00:00+00:00,1.5033,1.5035,1.4881,1.4883,14.237935977066442,1.57396,1.486007799345331,1.410299,0.03202857142857144,0.021520238815139047,23.15592903828194,1.5,False,CLOSE_NOT_NEAR_OR_BELOW_LOWER_BB|RSI_RECOVERY_NOT_CONFIRMED
2026-09-23T18:22:15.990445+00:00,SIE_OLD_MR_1R_EXHAUSTION_CONFIRM_V1,DOGE,DOGEUSDT,strategy-lab-v1.0.0:SIE_OLD_MR_1R_EXHAUSTION_CONFIRM_V1,1790172000000,2026-09-23T14:00:00+00:00,0.09939,0.0999,0.093,0.0949,30.230978260869577,0.10055149999999999,0.09679415905193764,0.08823320000000001,0.0020871428571428577,0.02199307541773296,45.1520912547529,1.4999999999999967,False,PLANNED_REWARD_TOO_LOW|RSI_RECOVERY_NOT_CONFIRMED
2026-09-23T18:22:15.990445+00:00,SIE_OLD_MR_1R_EXHAUSTION_CONFIRM_V1,DOGE,DOGEUSDT,strategy-lab-v1.0.0:SIE_OLD_MR_1R_EXHAUSTION_CONFIRM_V1,1790175600000,2026-09-23T15:00:00+00:00,0.09484,0.09524,0.09251,0.09276,23.15789473684211,0.10018799999999999,0.09512083274402883,0.08828455,0.00213857142857143,0.02305488819072262,30.230978260869577,1.5,False,RSI_RECOVERY_NOT_CONFIRMED
2026-09-23T18:22:15.990445+00:00,SIE_OLD_MR_1R_EXHAUSTION_CONFIRM_V1,DOGE,DOGEUSDT,strategy-lab-v1.0.0:SIE_OLD_MR_1R_EXHAUSTION_CONFIRM_V1,1790179200000,2026-09-23T16:00:00+00:00,0.09278,0.0933,0.09119,0.09248,12.482758620689765,0.099808,0.09372697179746825,0.08833415,0.0020535714285714293,0.02220557340583293,23.15789473684211,1.5,False,RSI_RECOVERY_NOT_CONFIRMED
2026-09-23T18:22:15.990445+00:00,SIE_OLD_MR_1R_EXHAUSTION_CONFIRM_V1,DOGE,DOGEUSDT,strategy-lab-v1.0.0:SIE_OLD_MR_1R_EXHAUSTION_CONFIRM_V1,1790182800000,2026-09-23T17:00:00+00:00,0.09245,0.09276,0.0915,0.09241,8.922198429693168,0.0994295,0.09254865564774303,0.08838310000000002,0.0020135714285714292,0.02178954040224466,12.482758620689765,1.4999999999999964,False,PLANNED_REWARD_TOO_LOW|RSI_RECOVERY_NOT_CONFIRMED
2026-09-23T18:22:15.990445+00:00,SIE_OLD_MR_1R_EXHAUSTION_CONFIRM_V1,DOGE,DOGEUSDT,strategy-lab-v1.0.0:SIE_OLD_MR_1R_EXHAUSTION_CONFIRM_V1,1790186400000,2026-09-23T18:00:00+00:00,0.09239,0.0925,0.09179,0.09196,8.884150675195542,0.0990115,0.09141892395494211,0.08842915,0.001989285714285715,0.02163207605791339,8.922198429693168,1.5,False,CLOSE_NOT_NEAR_OR_BELOW_LOWER_BB|RSI_RECOVERY_NOT_CONFIRMED
2026-09-23T18:22:15.990445+00:00,SIE_OLD_MR_1R_EXHAUSTION_CONFIRM_V1,BNB,BNBUSDT,strategy-lab-v1.0.0:SIE_OLD_MR_1R_EXHAUSTION_CONFIRM_V1,1790172000000,2026-09-23T14:00:00+00:00,780.92,782.3,758.4,766.42,26.47931921630709,786.385,773.7429250120937,755.22375,6.742142857142848,0.008796929695392667,40.364789849326016,1.5,False,RSI_RECOVERY_NOT_CONFIRMED
2026-09-23T18:22:15.990445+00:00,SIE_OLD_MR_1R_EXHAUSTION_CONFIRM_V1,BNB,BNBUSDT,strategy-lab-v1.0.0:SIE_OLD_MR_1R_EXHAUSTION_CONFIRM_V1,1790175600000,2026-09-23T15:00:00+00:00,766.85,768.84,760.99,761.12,24.60011031439602,785.1305,768.3619312179051,755.4571999999998,6.918571428571421,0.009089987687317927,26.47931921630709,1.4999999999999918,False,PLANNED_REWARD_TOO_LOW|RSI_RECOVERY_NOT_CONFIRMED
2026-09-23T18:22:15.990445+00:00,SIE_OLD_MR_1R_EXHAUSTION_CONFIRM_V1,BNB,BNBUSDT,strategy-lab-v1.0.0:SIE_OLD_MR_1R_EXHAUSTION_CONFIRM_V1,1790179200000,2026-09-23T16:00:00+00:00,761.4,766.2,756.84,765.23,24.516841524019952,784.152,765.2697547945206,755.6977,7.1707142857142845,0.009370665402185336,24.60011031439602,1.500000000000008,False,RSI_RECOVERY_NOT_CONFIRMED
2026-09-23T18:22:15.990445+00:00,SIE_OLD_MR_1R_EXHAUSTION_CONFIRM_V1,BNB,BNBUSDT,strategy-lab-v1.0.0:SIE_OLD_MR_1R_EXHAUSTION_CONFIRM_V1,1790182800000,2026-09-23T17:00:00+00:00,765.15,767.84,762.23,766.73,21.766501335368133,783.2835,762.9309401855724,755.94345,7.214999999999999,0.009410092209773974,24.516841524019952,1.5000000000000078,False,CLOSE_NOT_NEAR_OR_BELOW_LOWER_BB|RSI_RECOVERY_NOT_CONFIRMED
2026-09-23T18:22:15.990445+00:00,SIE_OLD_MR_1R_EXHAUSTION_CONFIRM_V1,BNB,BNBUSDT,strategy-lab-v1.0.0:SIE_OLD_MR_1R_EXHAUSTION_CONFIRM_V1,1790186400000,2026-09-23T18:00:00+00:00,767.0,767.0,765.1,765.66,21.963426371511034,782.204,760.5582998265278,756.1733,6.961428571428574,0.009092062496968072,21.766501335368133,1.5,False,CLOSE_NOT_NEAR_OR_BELOW_LOWER_BB|RSI_RECOVERY_NOT_CONFIRMED
2026-09-23T18:22:15.990445+00:00,SIE_OLD_MR_1R_EXHAUSTION_CONFIRM_V1,PAXG,PAXGUSDT,strategy-lab-v1.0.0:SIE_OLD_MR_1R_EXHAUSTION_CONFIRM_V1,1790172000000,2026-09-23T14:00:00+00:00,4290.31,4296.98,4277.23,4292.35,18.278569952469923,4331.9065,4288.293370658006,4340.08505,13.014285714285636,0.0030319721631007802,14.428211586901469,1.5,False,CLOSE_NOT_NEAR_OR_BELOW_LOWER_BB|CLOSE_NOT_ABOVE_MA200
2026-09-23T18:22:15.990445+00:00,SIE_OLD_MR_1R_EXHAUSTION_CONFIRM_V1,PAXG,PAXGUSDT,strategy-lab-v1.0.0:SIE_OLD_MR_1R_EXHAUSTION_CONFIRM_V1,1790175600000,2026-09-23T15:00:00+00:00,4293.6,4295.55,4277.27,4280.34,18.871346276936606,4327.8335,4281.048414224705,4340.091,13.059999999999945,0.003051159487330433,18.278569952469923,1.5000000000000349,False,CLOSE_NOT_ABOVE_MA200|RSI_RECOVERY_NOT_CONFIRMED
2026-09-23T18:22:15.990445+00:00,SIE_OLD_MR_1R_EXHAUSTION_CONFIRM_V1,PAXG,PAXGUSDT,strategy-lab-v1.0.0:SIE_OLD_MR_1R_EXHAUSTION_CONFIRM_V1,1790179200000,2026-09-23T16:00:00+00:00,4277.57,4288.45,4276.66,4283.86,23.53528628495323,4324.242,4275.571828601064,4340.185399999999,13.352142857142812,0.003116848556475425,18.871346276936606,1.499999999999966,False,PLANNED_REWARD_TOO_LOW|CLOSE_NOT_NEAR_OR_BELOW_LOWER_BB|CLOSE_NOT_ABOVE_MA200
2026-09-23T18:22:15.990445+00:00,SIE_OLD_MR_1R_EXHAUSTION_CONFIRM_V1,PAXG,PAXGUSDT,strategy-lab-v1.0.0:SIE_OLD_MR_1R_EXHAUSTION_CONFIRM_V1,1790182800000,2026-09-23T17:00:00+00:00,4282.61,4291.24,4275.0,4291.24,21.029108411643506,4320.999000000001,4272.609359001107,4340.28245,13.66071428571422,0.003183395542014481,23.53528628495323,1.4999999999999667,False,PLANNED_REWARD_TOO_LOW|CLOSE_NOT_NEAR_OR_BELOW_LOWER_BB|CLOSE_NOT_ABOVE_MA200|RSI_RECOVERY_NOT_CONFIRMED
2026-09-23T18:22:15.990445+00:00,SIE_OLD_MR_1R_EXHAUSTION_CONFIRM_V1,PAXG,PAXGUSDT,strategy-lab-v1.0.0:SIE_OLD_MR_1R_EXHAUSTION_CONFIRM_V1,1790186400000,2026-09-23T18:00:00+00:00,4293.18,4293.18,4287.5,4289.42,20.268289933491474,4317.4205,4270.83804258305,4340.31435,13.775714285714198,0.0032115564075595763,21.029108411643506,1.500000000000033,False,CLOSE_NOT_NEAR_OR_BELOW_LOWER_BB|CLOSE_NOT_ABOVE_MA200|RSI_RECOVERY_NOT_CONFIRMED
2026-09-23T22:55:04.893226+00:00,SIE_OLD_MR_1R_EXHAUSTION_CONFIRM_V1,BTC,BTCUSDT,strategy-lab-v1.0.0:SIE_OLD_MR_1R_EXHAUSTION_CONFIRM_V1,1790190000000,2026-09-23T19:00:00+00:00,84313.0,84572.01,84205.55,84515.87,23.549835121639603,85627.31649999999,83698.09127262478,80766.45715,623.5028571428587,0.0073773464929469314,16.06175933661318,1.5,False,CLOSE_NOT_NEAR_OR_BELOW_LOWER_BB
2026-09-23T22:55:04.893226+00:00,SIE_OLD_MR_1R_EXHAUSTION_CONFIRM_V1,BTC,BTCUSDT,strategy-lab-v1.0.0:SIE_OLD_MR_1R_EXHAUSTION_CONFIRM_V1,1790193600000,2026-09-23T20:00:00+00:00,84520.66,84583.44,84204.0,84235.46,22.072451558550995,85516.0135,83535.95533061688,80803.06085,631.5664285714302,0.007497631384353218,23.549835121639603,1.5000000000000115,False,CLOSE_NOT_NEAR_OR_BELOW_LOWER_BB|RSI_RECOVERY_NOT_CONFIRMED
2026-09-23T22:55:04.893226+00:00,SIE_OLD_MR_1R_EXHAUSTION_CONFIRM_V1,BTC,BTCUSDT,strategy-lab-v1.0.0:SIE_OLD_MR_1R_EXHAUSTION_CONFIRM_V1,1790197200000,2026-09-23T21:00:00+00:00,84235.47,84500.0,84200.0,84399.36,27.323952529354287,85417.981,83420.7063921091,80842.20085000001,618.7092857142873,0.007330734329197369,22.072451558550995,1.5,False,CLOSE_NOT_NEAR_OR_BELOW_LOWER_BB
2026-09-23T22:55:04.893226+00:00,SIE_OLD_MR_1R_EXHAUSTION_CONFIRM_V1,BTC,BTCUSDT,strategy-lab-v1.0.0:SIE_OLD_MR_1R_EXHAUSTION_CONFIRM_V1,1790200800000,2026-09-23T22:00:00+00:00,84399.36,84665.24,84325.41,84596.5,32.746729265965016,85320.899,83362.47586644444,80885.83705,599.6071428571439,0.007087848112595012,27.323952529354287,1.5000000000000122,False,CLOSE_NOT_NEAR_OR_BELOW_LOWER_BB
2026-09-23T22:55:04.893226+00:00,SIE_OLD_MR_1R_EXHAUSTION_CONFIRM_V1,SOL,SOLUSDT,strategy-lab-v1.0.0:SIE_OLD_MR_1R_EXHAUSTION_CONFIRM_V1,1790190000000,2026-09-23T19:00:00+00:00,114.25,114.91,113.98,114.51,23.066298342541586,116.9675,113.36253190027904,108.8209,1.4078571428571405,0.012294621804708238,17.799752781211467,1.499999999999995,False,OPEN_TRADE_EXISTS|PLANNED_REWARD_TOO_LOW|CLOSE_NOT_NEAR_OR_BELOW_LOWER_BB
2026-09-23T22:55:04.893226+00:00,SIE_OLD_MR_1R_EXHAUSTION_CONFIRM_V1,SOL,SOLUSDT,strategy-lab-v1.0.0:SIE_OLD_MR_1R_EXHAUSTION_CONFIRM_V1,1790193600000,2026-09-23T20:00:00+00:00,114.51,114.69,113.98,114.03,15.972222222222257,116.728,113.01238645712368,108.88625,1.394285714285711,0.012227358715125064,23.066298342541586,1.499999999999995,False,OPEN_TRADE_EXISTS|PLANNED_REWARD_TOO_LOW|CLOSE_NOT_NEAR_OR_BELOW_LOWER_BB|RSI_RECOVERY_NOT_CONFIRMED
2026-09-23T22:55:04.893226+00:00,SIE_OLD_MR_1R_EXHAUSTION_CONFIRM_V1,SOL,SOLUSDT,strategy-lab-v1.0.0:SIE_OLD_MR_1R_EXHAUSTION_CONFIRM_V1,1790197200000,2026-09-23T21:00:00+00:00,114.02,114.75,113.9,114.7,26.647144948755553,116.54549999999999,112.80799561873087,108.95714999999998,1.3442857142857108,0.011720014945821366,15.972222222222257,1.5,False,OPEN_TRADE_EXISTS|CLOSE_NOT_NEAR_OR_BELOW_LOWER_BB
2026-09-23T22:55:04.893226+00:00,SIE_OLD_MR_1R_EXHAUSTION_CONFIRM_V1,SOL,SOLUSDT,strategy-lab-v1.0.0:SIE_OLD_MR_1R_EXHAUSTION_CONFIRM_V1,1790200800000,2026-09-23T22:00:00+00:00,114.7,115.64,114.6,115.12,33.2838038632987,116.37800000000001,112.70072057085598,109.03875,1.3207142857142833,0.011472500744564657,26.647144948755553,1.4999999999999947,False,OPEN_TRADE_EXISTS|PLANNED_REWARD_TOO_LOW|CLOSE_NOT_NEAR_OR_BELOW_LOWER_BB
2026-09-23T22:55:04.893226+00:00,SIE_OLD_MR_1R_EXHAUSTION_CONFIRM_V1,XRP,XRPUSDT,strategy-lab-v1.0.0:SIE_OLD_MR_1R_EXHAUSTION_CONFIRM_V1,1790190000000,2026-09-23T19:00:00+00:00,1.4959,1.5038,1.49,1.4936,17.048054919908495,1.570395,1.4769928913514303,1.410803,0.030121428571428584,0.02016699824011019,14.781746031746053,1.4999999999999962,False,PLANNED_REWARD_TOO_LOW|CLOSE_NOT_NEAR_OR_BELOW_LOWER_BB|RSI_RECOVERY_NOT_CONFIRMED
2026-09-23T22:55:04.893226+00:00,SIE_OLD_MR_1R_EXHAUSTION_CONFIRM_V1,XRP,XRPUSDT,strategy-lab-v1.0.0:SIE_OLD_MR_1R_EXHAUSTION_CONFIRM_V1,1790193600000,2026-09-23T20:00:00+00:00,1.4936,1.4993,1.4796,1.4832,7.16845878136202,1.56525,1.4648043231393244,1.4111369999999999,0.02942857142857144,0.019841269841269847,17.048054919908495,1.5,False,CLOSE_NOT_NEAR_OR_BELOW_LOWER_BB|RSI_RECOVERY_NOT_CONFIRMED
2026-09-23T22:55:04.893226+00:00,SIE_OLD_MR_1R_EXHAUSTION_CONFIRM_V1,XRP,XRPUSDT,strategy-lab-v1.0.0:SIE_OLD_MR_1R_EXHAUSTION_CONFIRM_V1,1790197200000,2026-09-23T21:00:00+00:00,1.4832,1.5038,1.4806,1.4992,16.129032258064527,1.560885,1.4569844268543275,1.4115605,0.029950000000000015,0.019977321237993607,7.16845878136202,1.5,False,CLOSE_NOT_NEAR_OR_BELOW_LOWER_BB
2026-09-23T22:55:04.893226+00:00,SIE_OLD_MR_1R_EXHAUSTION_CONFIRM_V1,XRP,XRPUSDT,strategy-lab-v1.0.0:SIE_OLD_MR_1R_EXHAUSTION_CONFIRM_V1,1790200800000,2026-09-23T22:00:00+00:00,1.4992,1.5119,1.4969,1.5025,19.885641677255364,1.5560699999999998,1.4507284393508462,1.4121529999999998,0.02839285714285717,0.018897076301402443,16.129032258064527,1.500000000000004,False,CLOSE_NOT_NEAR_OR_BELOW_LOWER_BB
2026-09-23T22:55:04.893226+00:00,SIE_OLD_MR_1R_EXHAUSTION_CONFIRM_V1,DOGE,DOGEUSDT,strategy-lab-v1.0.0:SIE_OLD_MR_1R_EXHAUSTION_CONFIRM_V1,1790190000000,2026-09-23T19:00:00+00:00,0.09207,0.09278,0.09198,0.09231,12.354892205638606,0.09861149999999999,0.09053161070620473,0.08847895,0.0018778571428571434,0.0203429438073572,8.954154727793792,1.4999999999999962,False,PLANNED_REWARD_TOO_LOW|CLOSE_NOT_NEAR_OR_BELOW_LOWER_BB
2026-09-23T22:55:04.893226+00:00,SIE_OLD_MR_1R_EXHAUSTION_CONFIRM_V1,DOGE,DOGEUSDT,strategy-lab-v1.0.0:SIE_OLD_MR_1R_EXHAUSTION_CONFIRM_V1,1790193600000,2026-09-23T20:00:00+00:00,0.09233,0.09245,0.09177,0.09188,5.821917808219297,0.0981695,0.08964444170107985,0.0885243,0.0018092857142857147,0.019691834069282918,12.354892205638606,1.5,False,CLOSE_NOT_NEAR_OR_BELOW_LOWER_BB|RSI_RECOVERY_NOT_CONFIRMED
2026-09-23T22:55:04.893226+00:00,SIE_OLD_MR_1R_EXHAUSTION_CONFIRM_V1,DOGE,DOGEUSDT,strategy-lab-v1.0.0:SIE_OLD_MR_1R_EXHAUSTION_CONFIRM_V1,1790197200000,2026-09-23T21:00:00+00:00,0.09187,0.09275,0.09164,0.09251,11.941659070191463,0.09772349999999999,0.08899648613499508,0.08857274999999999,0.0017735714285714288,0.019171672560495394,5.821917808219297,1.5,False,CLOSE_NOT_NEAR_OR_BELOW_LOWER_BB
2026-09-23T22:55:04.893226+00:00,SIE_OLD_MR_1R_EXHAUSTION_CONFIRM_V1,DOGE,DOGEUSDT,strategy-lab-v1.0.0:SIE_OLD_MR_1R_EXHAUSTION_CONFIRM_V1,1790200800000,2026-09-23T22:00:00+00:00,0.09248,0.09328,0.09235,0.09275,15.361744301288468,0.097193,0.08861231447960081,0.08863045,0.001644285714285715,0.01772814786291876,11.941659070191463,1.5,False,CLOSE_NOT_NEAR_OR_BELOW_LOWER_BB
2026-09-23T22:55:04.893226+00:00,SIE_OLD_MR_1R_EXHAUSTION_CONFIRM_V1,BNB,BNBUSDT,strategy-lab-v1.0.0:SIE_OLD_MR_1R_EXHAUSTION_CONFIRM_V1,1790190000000,2026-09-23T19:00:00+00:00,766.21,768.31,765.34,767.76,26.45348837209299,781.2155,758.9906396179896,756.4222500000001,6.930714285714292,0.009027188555947552,22.29386479093391,1.5000000000000082,False,CLOSE_NOT_NEAR_OR_BELOW_LOWER_BB
2026-09-23T22:55:04.893226+00:00,SIE_OLD_MR_1R_EXHAUSTION_CONFIRM_V1,BNB,BNBUSDT,strategy-lab-v1.0.0:SIE_OLD_MR_1R_EXHAUSTION_CONFIRM_V1,1790193600000,2026-09-23T20:00:00+00:00,768.17,768.48,764.56,765.39,23.471040907249915,779.9755,757.1331056640321,756.6468000000001,7.037857142857149,0.009195125547573327,26.45348837209299,1.5,False,CLOSE_NOT_NEAR_OR_BELOW_LOWER_BB|RSI_RECOVERY_NOT_CONFIRMED
2026-09-23T22:55:04.893226+00:00,SIE_OLD_MR_1R_EXHAUSTION_CONFIRM_V1,BNB,BNBUSDT,strategy-lab-v1.0.0:SIE_OLD_MR_1R_EXHAUSTION_CONFIRM_V1,1790197200000,2026-09-23T21:00:00+00:00,765.31,766.58,764.64,766.51,26.82000422029965,778.8635,755.6752622273735,756.8792,6.836428571428582,0.008918903303842849,23.471040907249915,1.5,False,CLOSE_NOT_NEAR_OR_BELOW_LOWER_BB
2026-09-23T22:55:04.893226+00:00,SIE_OLD_MR_1R_EXHAUSTION_CONFIRM_V1,BNB,BNBUSDT,strategy-lab-v1.0.0:SIE_OLD_MR_1R_EXHAUSTION_CONFIRM_V1,1790200800000,2026-09-23T22:00:00+00:00,766.5,768.85,765.81,768.18,30.70025619128947,777.6265000000001,754.9354424882871,757.1435,6.556428571428585,0.008535015974678572,26.82000422029965,1.5,False,CLOSE_NOT_NEAR_OR_BELOW_LOWER_BB
2026-09-23T22:55:04.893226+00:00,SIE_OLD_MR_1R_EXHAUSTION_CONFIRM_V1,PAXG,PAXGUSDT,strategy-lab-v1.0.0:SIE_OLD_MR_1R_EXHAUSTION_CONFIRM_V1,1790190000000,2026-09-23T19:00:00+00:00,4285.95,4291.26,4280.54,4281.83,20.598006644518605,4313.468500000001,4268.526321025216,4340.2842,13.79928571428562,0.003222754222910676,19.97999777753121,1.5,False,CLOSE_NOT_NEAR_OR_BELOW_LOWER_BB|CLOSE_NOT_ABOVE_MA200|RSI_RECOVERY_NOT_CONFIRMED
2026-09-23T22:55:04.893226+00:00,SIE_OLD_MR_1R_EXHAUSTION_CONFIRM_V1,PAXG,PAXGUSDT,strategy-lab-v1.0.0:SIE_OLD_MR_1R_EXHAUSTION_CONFIRM_V1,1790193600000,2026-09-23T20:00:00+00:00,4283.62,4288.0,4281.12,4281.54,21.553584272357057,4309.858,4266.880999360105,4340.21865,13.743571428571354,0.003209959834211838,20.598006644518605,1.5,False,CLOSE_NOT_NEAR_OR_BELOW_LOWER_BB|CLOSE_NOT_ABOVE_MA200|RSI_RECOVERY_NOT_CONFIRMED
2026-09-23T22:55:04.893226+00:00,SIE_OLD_MR_1R_EXHAUSTION_CONFIRM_V1,PAXG,PAXGUSDT,strategy-lab-v1.0.0:SIE_OLD_MR_1R_EXHAUSTION_CONFIRM_V1,1790197200000,2026-09-23T21:00:00+00:00,4281.1,4287.68,4279.88,4284.9,27.20203951561497,4307.168,4265.021987804283,4340.15725,13.562142857142785,0.003165101369260143,21.553584272357057,1.5,False,CLOSE_NOT_NEAR_OR_BELOW_LOWER_BB|CLOSE_NOT_ABOVE_MA200
2026-09-23T22:55:04.893226+00:00,SIE_OLD_MR_1R_EXHAUSTION_CONFIRM_V1,PAXG,PAXGUSDT,strategy-lab-v1.0.0:SIE_OLD_MR_1R_EXHAUSTION_CONFIRM_V1,1790200800000,2026-09-23T22:00:00+00:00,4287.11,4291.31,4284.13,4285.79,28.91143191572391,4304.8795,4263.313320731255,4340.197700000001,13.597142857142833,0.0031726106172124237,27.20203951561497,1.5,False,CLOSE_NOT_NEAR_OR_BELOW_LOWER_BB|CLOSE_NOT_ABOVE_MA200
2026-09-24T04:37:20.042690+00:00,SIE_OLD_MR_1R_EXHAUSTION_CONFIRM_V1,BTC,BTCUSDT,strategy-lab-v1.0.0:SIE_OLD_MR_1R_EXHAUSTION_CONFIRM_V1,1790204400000,2026-09-23T23:00:00+00:00,84553.71,84565.3,84329.77,84378.31,30.92866665629161,85202.6785,83307.24894018889,80925.1666,593.6100000000006,0.007035101793340026,31.913191024707714,1.4999999999999878,False,PLANNED_REWARD_TOO_LOW|CLOSE_NOT_NEAR_OR_BELOW_LOWER_BB|RSI_RECOVERY_NOT_CONFIRMED
2026-09-24T04:37:20.042690+00:00,SIE_OLD_MR_1R_EXHAUSTION_CONFIRM_V1,BTC,BTCUSDT,strategy-lab-v1.0.0:SIE_OLD_MR_1R_EXHAUSTION_CONFIRM_V1,1790208000000,2026-09-24T00:00:00+00:00,84378.31,84479.92,84196.56,84301.26,29.28345050429948,85059.501,83355.63096741216,80965.0199,593.6071428571429,0.007041497871528171,30.92866665629161,1.4999999999999878,False,PLANNED_REWARD_TOO_LOW|CLOSE_NOT_NEAR_OR_BELOW_LOWER_BB|RSI_RECOVERY_NOT_CONFIRMED
2026-09-24T04:37:20.042690+00:00,SIE_OLD_MR_1R_EXHAUSTION_CONFIRM_V1,BTC,BTCUSDT,strategy-lab-v1.0.0:SIE_OLD_MR_1R_EXHAUSTION_CONFIRM_V1,1790211600000,2026-09-24T01:00:00+00:00,84302.31,84475.69,84050.0,84100.39,29.80717700835369,84940.14749999999,83320.7780372059,81000.96655,586.3792857142855,0.006972372966573466,29.28345050429948,1.4999999999999876,False,PLANNED_REWARD_TOO_LOW|CLOSE_NOT_NEAR_OR_BELOW_LOWER_BB|RSI_RECOVERY_NOT_CONFIRMED
2026-09-24T04:37:20.042690+00:00,SIE_OLD_MR_1R_EXHAUSTION_CONFIRM_V1,BTC,BTCUSDT,strategy-lab-v1.0.0:SIE_OLD_MR_1R_EXHAUSTION_CONFIRM_V1,1790215200000,2026-09-24T02:00:00+00:00,84107.85,84376.4,83725.37,84349.88,35.48614529493797,84834.81599999999,83355.69779799884,81043.0609,600.2371428571423,0.007116040270088615,29.80717700835369,1.5000000000000122,False,RSI_NOT_BELOW_34|CLOSE_NOT_NEAR_OR_BELOW_LOWER_BB
2026-09-24T04:37:20.042690+00:00,SIE_OLD_MR_1R_EXHAUSTION_CONFIRM_V1,BTC,BTCUSDT,strategy-lab-v1.0.0:SIE_OLD_MR_1R_EXHAUSTION_CONFIRM_V1,1790218800000,2026-09-24T03:00:00+00:00,84349.88,84475.0,83827.43,83928.16,26.93730883047769,84724.814,83321.5230531001,81082.07005,602.3928571428571,0.007177481993443644,35.48614529493797,1.499999999999988,False,PLANNED_REWARD_TOO_LOW|CLOSE_NOT_NEAR_OR_BELOW_LOWER_BB|RSI_RECOVERY_NOT_CONFIRMED
2026-09-24T04:37:20.042690+00:00,SIE_OLD_MR_1R_EXHAUSTION_CONFIRM_V1,BTC,BTCUSDT,strategy-lab-v1.0.0:SIE_OLD_MR_1R_EXHAUSTION_CONFIRM_V1,1790222400000,2026-09-24T04:00:00+00:00,83928.17,83954.16,83736.4,83911.12,39.01141642957457,84625.2795,83289.25828639061,81122.25425,465.5707142857157,0.005548379217030064,26.93730883047769,1.5,False,RSI_NOT_BELOW_34|CLOSE_NOT_NEAR_OR_BELOW_LOWER_BB|RSI_RECOVERY_NOT_CONFIRMED
2026-09-24T04:37:20.042690+00:00,SIE_OLD_MR_1R_EXHAUSTION_CONFIRM_V1,SOL,SOLUSDT,strategy-lab-v1.0.0:SIE_OLD_MR_1R_EXHAUSTION_CONFIRM_V1,1790204400000,2026-09-23T23:00:00+00:00,115.12,115.2,114.7,114.99,32.605531295487665,116.17150000000001,112.67615867188827,109.11715,1.3092857142857122,0.011386083261898532,33.382789317507374,1.4999999999999947,False,OPEN_TRADE_EXISTS|PLANNED_REWARD_TOO_LOW|CLOSE_NOT_NEAR_OR_BELOW_LOWER_BB|RSI_RECOVERY_NOT_CONFIRMED
2026-09-24T04:37:20.042690+00:00,SIE_OLD_MR_1R_EXHAUSTION_CONFIRM_V1,SOL,SOLUSDT,strategy-lab-v1.0.0:SIE_OLD_MR_1R_EXHAUSTION_CONFIRM_V1,1790208000000,2026-09-24T00:00:00+00:00,114.97,115.66,114.84,115.13,31.61004431314619,115.95349999999999,112.78462464744888,109.19760000000001,1.3121428571428544,0.011397054261642095,32.605531295487665,1.5000000000000053,False,OPEN_TRADE_EXISTS|CLOSE_NOT_NEAR_OR_BELOW_LOWER_BB|RSI_RECOVERY_NOT_CONFIRMED
2026-09-24T04:37:20.042690+00:00,SIE_OLD_MR_1R_EXHAUSTION_CONFIRM_V1,SOL,SOLUSDT,strategy-lab-v1.0.0:SIE_OLD_MR_1R_EXHAUSTION_CONFIRM_V1,1790211600000,2026-09-24T01:00:00+00:00,115.13,115.51,114.56,114.7,32.132132132132156,115.768,112.76608327896892,109.27035,1.2928571428571405,0.011271640303898347,31.61004431314619,1.5,False,OPEN_TRADE_EXISTS|CLOSE_NOT_NEAR_OR_BELOW_LOWER_BB|RSI_RECOVERY_NOT_CONFIRMED
2026-09-24T04:37:20.042690+00:00,SIE_OLD_MR_1R_EXHAUSTION_CONFIRM_V1,SOL,SOLUSDT,strategy-lab-v1.0.0:SIE_OLD_MR_1R_EXHAUSTION_CONFIRM_V1,1790215200000,2026-09-24T02:00:00+00:00,114.7,115.44,114.04,115.28,38.58156028368794,115.5855,112.95372132389404,109.35615,1.3399999999999974,0.011623872310895188,32.132132132132156,1.5,False,OPEN_TRADE_EXISTS|RSI_NOT_BELOW_34|CLOSE_NOT_NEAR_OR_BELOW_LOWER_BB
2026-09-24T04:37:20.042690+00:00,SIE_OLD_MR_1R_EXHAUSTION_CONFIRM_V1,SOL,SOLUSDT,strategy-lab-v1.0.0:SIE_OLD_MR_1R_EXHAUSTION_CONFIRM_V1,1790218800000,2026-09-24T03:00:00+00:00,115.27,115.68,114.53,114.69,36.07427055702913,115.42549999999999,112.99196368426398,109.44055,1.3335714285714266,0.011627617303787833,38.58156028368794,1.4999999999999947,False,OPEN_TRADE_EXISTS|PLANNED_REWARD_TOO_LOW|RSI_NOT_BELOW_34|CLOSE_NOT_NEAR_OR_BELOW_LOWER_BB|RSI_RECOVERY_NOT_CONFIRMED
2026-09-24T04:37:20.042690+00:00,SIE_OLD_MR_1R_EXHAUSTION_CONFIRM_V1,SOL,SOLUSDT,strategy-lab-v1.0.0:SIE_OLD_MR_1R_EXHAUSTION_CONFIRM_V1,1790222400000,2026-09-24T04:00:00+00:00,114.68,114.91,114.37,114.91,48.03921568627444,115.30249999999998,113.03126355259826,109.52824999999999,1.0807142857142833,0.009404875865584226,36.07427055702913,1.5000000000000067,False,OPEN_TRADE_EXISTS|RSI_NOT_BELOW_34|CLOSE_NOT_NEAR_OR_BELOW_LOWER_BB
2026-09-24T04:37:20.042690+00:00,SIE_OLD_MR_1R_EXHAUSTION_CONFIRM_V1,XRP,XRPUSDT,strategy-lab-v1.0.0:SIE_OLD_MR_1R_EXHAUSTION_CONFIRM_V1,1790204400000,2026-09-23T23:00:00+00:00,1.5016,1.5036,1.4952,1.5009,19.831497083603324,1.55017,1.4462016375044826,1.41271,0.02804285714285718,0.018684027678630942,19.527760051052965,1.5,False,CLOSE_NOT_NEAR_OR_BELOW_LOWER_BB|RSI_RECOVERY_NOT_CONFIRMED
2026-09-24T04:37:20.042690+00:00,SIE_OLD_MR_1R_EXHAUSTION_CONFIRM_V1,XRP,XRPUSDT,strategy-lab-v1.0.0:SIE_OLD_MR_1R_EXHAUSTION_CONFIRM_V1,1790208000000,2026-09-24T00:00:00+00:00,1.5007,1.5088,1.4974,1.5013,19.831497083603438,1.5433350000000001,1.4455731204149627,1.4132829999999998,0.027314285714285735,0.018193755887754435,19.831497083603324,1.5,False,CLOSE_NOT_NEAR_OR_BELOW_LOWER_BB
2026-09-24T04:37:20.042690+00:00,SIE_OLD_MR_1R_EXHAUSTION_CONFIRM_V1,XRP,XRPUSDT,strategy-lab-v1.0.0:SIE_OLD_MR_1R_EXHAUSTION_CONFIRM_V1,1790211600000,2026-09-24T01:00:00+00:00,1.5014,1.5045,1.4872,1.4897,21.205821205821294,1.53738,1.4418093643423913,1.4137104999999999,0.023942857142857155,0.0160722676665484,19.831497083603438,1.4999999999999953,False,PLANNED_REWARD_TOO_LOW|CLOSE_NOT_NEAR_OR_BELOW_LOWER_BB|RSI_RECOVERY_NOT_CONFIRMED
2026-09-24T04:37:20.042690+00:00,SIE_OLD_MR_1R_EXHAUSTION_CONFIRM_V1,XRP,XRPUSDT,strategy-lab-v1.0.0:SIE_OLD_MR_1R_EXHAUSTION_CONFIRM_V1,1790215200000,2026-09-24T02:00:00+00:00,1.4897,1.5077,1.4826,1.5039,29.396325459317637,1.531245,1.4439791194967961,1.4146095,0.02465714285714287,0.01639546702383328,21.205821205821294,1.5,False,CLOSE_NOT_NEAR_OR_BELOW_LOWER_BB
2026-09-24T04:37:20.042690+00:00,SIE_OLD_MR_1R_EXHAUSTION_CONFIRM_V1,XRP,XRPUSDT,strategy-lab-v1.0.0:SIE_OLD_MR_1R_EXHAUSTION_CONFIRM_V1,1790218800000,2026-09-24T03:00:00+00:00,1.5039,1.5104,1.4911,1.4942,23.533246414602445,1.525115,1.4458965608586014,1.415607,0.024000000000000004,0.016062106813010308,29.396325459317637,1.5,False,CLOSE_NOT_NEAR_OR_BELOW_LOWER_BB|RSI_RECOVERY_NOT_CONFIRMED
2026-09-24T04:37:20.042690+00:00,SIE_OLD_MR_1R_EXHAUSTION_CONFIRM_V1,XRP,XRPUSDT,strategy-lab-v1.0.0:SIE_OLD_MR_1R_EXHAUSTION_CONFIRM_V1,1790222400000,2026-09-24T04:00:00+00:00,1.4942,1.4959,1.4875,1.4954,34.72998137802618,1.5200200000000001,1.4471764251289143,1.4166195,0.01927857142857143,0.012891916161944248,23.533246414602445,1.5,False,RSI_NOT_BELOW_34|CLOSE_NOT_NEAR_OR_BELOW_LOWER_BB
2026-09-24T04:37:20.042690+00:00,SIE_OLD_MR_1R_EXHAUSTION_CONFIRM_V1,DOGE,DOGEUSDT,strategy-lab-v1.0.0:SIE_OLD_MR_1R_EXHAUSTION_CONFIRM_V1,1790204400000,2026-09-23T23:00:00+00:00,0.09261,0.09283,0.09233,0.0927,13.650151668351896,0.0966255,0.08840593437887412,0.08868495,0.001625714285714287,0.0175373709354292,14.25702811244983,1.5,False,CLOSE_NOT_NEAR_OR_BELOW_LOWER_BB|RSI_RECOVERY_NOT_CONFIRMED
2026-09-24T04:37:20.042690+00:00,SIE_OLD_MR_1R_EXHAUSTION_CONFIRM_V1,DOGE,DOGEUSDT,strategy-lab-v1.0.0:SIE_OLD_MR_1R_EXHAUSTION_CONFIRM_V1,1790208000000,2026-09-24T00:00:00+00:00,0.09271,0.09342,0.09251,0.09294,14.170854271356717,0.096096,0.08837447579813448,0.0887419,0.001619285714285716,0.017422914937440456,13.650151668351896,1.5,False,CLOSE_NOT_NEAR_OR_BELOW_LOWER_BB
2026-09-24T04:37:20.042690+00:00,SIE_OLD_MR_1R_EXHAUSTION_CONFIRM_V1,DOGE,DOGEUSDT,strategy-lab-v1.0.0:SIE_OLD_MR_1R_EXHAUSTION_CONFIRM_V1,1790211600000,2026-09-24T01:00:00+00:00,0.0929,0.09336,0.0925,0.09256,14.687499999999972,0.0956545,0.0881887368775861,0.08879424999999999,0.0015807142857142875,0.017077725645141394,14.170854271356717,1.5000000000000044,False,CLOSE_NOT_NEAR_OR_BELOW_LOWER_BB|RSI_RECOVERY_NOT_CONFIRMED
2026-09-24T04:37:20.042690+00:00,SIE_OLD_MR_1R_EXHAUSTION_CONFIRM_V1,DOGE,DOGEUSDT,strategy-lab-v1.0.0:SIE_OLD_MR_1R_EXHAUSTION_CONFIRM_V1,1790215200000,2026-09-24T02:00:00+00:00,0.09259,0.0942,0.09202,0.09378,23.52941176470587,0.0952335,0.08836599018930474,0.08885935,0.0016592857142857154,0.017693385735612233,14.687499999999972,1.4999999999999958,False,PLANNED_REWARD_TOO_LOW|CLOSE_NOT_NEAR_OR_BELOW_LOWER_BB
2026-09-24T04:37:20.042690+00:00,SIE_OLD_MR_1R_EXHAUSTION_CONFIRM_V1,DOGE,DOGEUSDT,strategy-lab-v1.0.0:SIE_OLD_MR_1R_EXHAUSTION_CONFIRM_V1,1790218800000,2026-09-24T03:00:00+00:00,0.0938,0.09427,0.09302,0.09316,22.34042553191489,0.0948485,0.08843771447870888,0.08892115,0.001645714285714287,0.017665460344721842,23.52941176470587,1.4999999999999958,False,PLANNED_REWARD_TOO_LOW|CLOSE_NOT_NEAR_OR_BELOW_LOWER_BB|RSI_RECOVERY_NOT_CONFIRMED
2026-09-24T04:37:20.042690+00:00,SIE_OLD_MR_1R_EXHAUSTION_CONFIRM_V1,DOGE,DOGEUSDT,strategy-lab-v1.0.0:SIE_OLD_MR_1R_EXHAUSTION_CONFIRM_V1,1790222400000,2026-09-24T04:00:00+00:00,0.09318,0.0936,0.09289,0.0935,40.16853932584267,0.0945365,0.0885126199381133,0.08898645,0.00120357142857143,0.012872421695951122,22.34042553191489,1.4999999999999942,False,PLANNED_REWARD_TOO_LOW|RSI_NOT_BELOW_34|CLOSE_NOT_NEAR_OR_BELOW_LOWER_BB
2026-09-24T04:37:20.042690+00:00,SIE_OLD_MR_1R_EXHAUSTION_CONFIRM_V1,BNB,BNBUSDT,strategy-lab-v1.0.0:SIE_OLD_MR_1R_EXHAUSTION_CONFIRM_V1,1790204400000,2026-09-23T23:00:00+00:00,767.76,767.76,765.38,767.27,32.54134637782438,776.153,754.7224292189792,757.38825,6.2421428571428725,0.008135523162827783,30.08830497523155,1.5,False,CLOSE_NOT_NEAR_OR_BELOW_LOWER_BB|RSI_RECOVERY_NOT_CONFIRMED
2026-09-24T04:37:20.042690+00:00,SIE_OLD_MR_1R_EXHAUSTION_CONFIRM_V1,BNB,BNBUSDT,strategy-lab-v1.0.0:SIE_OLD_MR_1R_EXHAUSTION_CONFIRM_V1,1790208000000,2026-09-24T00:00:00+00:00,767.46,769.0,766.07,767.34,27.56378189094562,774.7805000000001,754.835561318712,757.6298000000002,6.145714285714299,0.008009114976039695,32.54134637782438,1.5,False,CLOSE_NOT_NEAR_OR_BELOW_LOWER_BB|RSI_RECOVERY_NOT_CONFIRMED
2026-09-24T04:37:20.042690+00:00,SIE_OLD_MR_1R_EXHAUSTION_CONFIRM_V1,BNB,BNBUSDT,strategy-lab-v1.0.0:SIE_OLD_MR_1R_EXHAUSTION_CONFIRM_V1,1790211600000,2026-09-24T01:00:00+00:00,767.59,768.23,765.82,766.31,28.497543315231468,773.574,754.6720451804493,757.8499,5.941428571428584,0.007753296409323361,27.56378189094562,1.5,False,CLOSE_NOT_NEAR_OR_BELOW_LOWER_BB|RSI_RECOVERY_NOT_CONFIRMED
2026-09-24T04:37:20.042690+00:00,SIE_OLD_MR_1R_EXHAUSTION_CONFIRM_V1,BNB,BNBUSDT,strategy-lab-v1.0.0:SIE_OLD_MR_1R_EXHAUSTION_CONFIRM_V1,1790215200000,2026-09-24T02:00:00+00:00,766.28,775.98,763.18,772.35,41.4580801944108,772.612,755.612985205009,758.1213499999999,6.380000000000011,0.00826050365766817,28.497543315231468,1.5000000000000089,False,RSI_NOT_BELOW_34|CLOSE_NOT_NEAR_OR_BELOW_LOWER_BB
2026-09-24T04:37:20.042690+00:00,SIE_OLD_MR_1R_EXHAUSTION_CONFIRM_V1,BNB,BNBUSDT,strategy-lab-v1.0.0:SIE_OLD_MR_1R_EXHAUSTION_CONFIRM_V1,1790218800000,2026-09-24T03:00:00+00:00,772.4,774.06,766.18,766.53,34.03176003528904,771.5145,755.9842733757579,758.3600499999999,6.470000000000011,0.008440635069729837,41.4580801944108,1.5,False,RSI_NOT_BELOW_34|CLOSE_NOT_NEAR_OR_BELOW_LOWER_BB|RSI_RECOVERY_NOT_CONFIRMED
2026-09-24T04:37:20.042690+00:00,SIE_OLD_MR_1R_EXHAUSTION_CONFIRM_V1,BNB,BNBUSDT,strategy-lab-v1.0.0:SIE_OLD_MR_1R_EXHAUSTION_CONFIRM_V1,1790222400000,2026-09-24T04:00:00+00:00,766.19,767.16,765.11,766.25,49.72607154366749,770.5139999999999,756.3987254365948,758.6173999999999,4.909285714285724,0.006406898158937323,34.03176003528904,1.5,False,RSI_NOT_BELOW_34|CLOSE_NOT_NEAR_OR_BELOW_LOWER_BB|RSI_RECOVERY_NOT_CONFIRMED
2026-09-24T04:37:20.042690+00:00,SIE_OLD_MR_1R_EXHAUSTION_CONFIRM_V1,PAXG,PAXGUSDT,strategy-lab-v1.0.0:SIE_OLD_MR_1R_EXHAUSTION_CONFIRM_V1,1790204400000,2026-09-23T23:00:00+00:00,4286.84,4290.28,4283.43,4287.49,32.49151391717598,4302.229,4263.785373792273,4340.19115,13.397857142857058,0.003124871928064452,30.093362322547932,1.499999999999966,False,PLANNED_REWARD_TOO_LOW|CLOSE_NOT_NEAR_OR_BELOW_LOWER_BB|CLOSE_NOT_ABOVE_MA200
2026-09-24T04:37:20.042690+00:00,SIE_OLD_MR_1R_EXHAUSTION_CONFIRM_V1,PAXG,PAXGUSDT,strategy-lab-v1.0.0:SIE_OLD_MR_1R_EXHAUSTION_CONFIRM_V1,1790208000000,2026-09-24T00:00:00+00:00,4288.57,4297.57,4284.04,4295.85,36.50063856960465,4299.913,4266.067193701443,4340.1887,13.933571428571343,0.0032434957991017708,32.49151391717598,1.5,False,RSI_NOT_BELOW_34|CLOSE_NOT_NEAR_OR_BELOW_LOWER_BB|CLOSE_NOT_ABOVE_MA200
2026-09-24T04:37:20.042690+00:00,SIE_OLD_MR_1R_EXHAUSTION_CONFIRM_V1,PAXG,PAXGUSDT,strategy-lab-v1.0.0:SIE_OLD_MR_1R_EXHAUSTION_CONFIRM_V1,1790211600000,2026-09-24T01:00:00+00:00,4295.03,4300.46,4276.2,4277.23,30.570114450743475,4297.1165,4265.555637353372,4340.10545,14.167142857142803,0.003312223765648049,36.50063856960465,1.5,False,CLOSE_NOT_NEAR_OR_BELOW_LOWER_BB|CLOSE_NOT_ABOVE_MA200|RSI_RECOVERY_NOT_CONFIRMED
2026-09-24T04:37:20.042690+00:00,SIE_OLD_MR_1R_EXHAUSTION_CONFIRM_V1,PAXG,PAXGUSDT,strategy-lab-v1.0.0:SIE_OLD_MR_1R_EXHAUSTION_CONFIRM_V1,1790215200000,2026-09-24T02:00:00+00:00,4277.48,4293.55,4271.87,4289.77,40.21909233176872,4295.155,4267.080441766622,4340.01675,14.602857142857115,0.0034041119087636663,30.570114450743475,1.500000000000031,False,RSI_NOT_BELOW_34|CLOSE_NOT_NEAR_OR_BELOW_LOWER_BB|CLOSE_NOT_ABOVE_MA200
2026-09-24T04:37:20.042690+00:00,SIE_OLD_MR_1R_EXHAUSTION_CONFIRM_V1,PAXG,PAXGUSDT,strategy-lab-v1.0.0:SIE_OLD_MR_1R_EXHAUSTION_CONFIRM_V1,1790218800000,2026-09-24T03:00:00+00:00,4290.87,4290.88,4279.9,4283.07,46.64775950085103,4293.275,4267.331800120277,4339.95155,13.300000000000052,0.0031052492721342527,40.21909233176872,1.5000000000000342,False,RSI_NOT_BELOW_34|CLOSE_NOT_NEAR_OR_BELOW_LOWER_BB|CLOSE_NOT_ABOVE_MA200|RSI_RECOVERY_NOT_CONFIRMED
2026-09-24T04:37:20.042690+00:00,SIE_OLD_MR_1R_EXHAUSTION_CONFIRM_V1,PAXG,PAXGUSDT,strategy-lab-v1.0.0:SIE_OLD_MR_1R_EXHAUSTION_CONFIRM_V1,1790222400000,2026-09-24T04:00:00+00:00,4283.08,4283.97,4280.25,4282.45,44.20374707259938,4291.4865,4267.838239789168,4339.89545,12.15500000000007,0.002838328526894668,46.64775950085103,1.4999999999999627,False,PLANNED_REWARD_TOO_LOW|RSI_NOT_BELOW_34|CLOSE_NOT_NEAR_OR_BELOW_LOWER_BB|CLOSE_NOT_ABOVE_MA200|RSI_RECOVERY_NOT_CONFIRMED
2026-09-24T11:37:53.002794+00:00,SIE_OLD_MR_1R_EXHAUSTION_CONFIRM_V1,BTC,BTCUSDT,strategy-lab-v1.0.0:SIE_OLD_MR_1R_EXHAUSTION_CONFIRM_V1,1790226000000,2026-09-24T05:00:00+00:00,84024.37,84397.07,83933.64,83965.41,49.31181536917805,84536.769,83307.34606829396,81165.6971,445.30214285714464,0.005303399850690238,41.29879861478274,1.5000000000000164,False,RSI_NOT_BELOW_34|CLOSE_NOT_NEAR_OR_BELOW_LOWER_BB|RSI_RECOVERY_NOT_CONFIRMED
2026-09-24T11:37:53.002794+00:00,SIE_OLD_MR_1R_EXHAUSTION_CONFIRM_V1,BTC,BTCUSDT,strategy-lab-v1.0.0:SIE_OLD_MR_1R_EXHAUSTION_CONFIRM_V1,1790229600000,2026-09-24T06:00:00+00:00,83959.95,84218.38,83895.29,84095.61,51.31553585196617,84446.21650000001,83377.43883076304,81208.12015,408.32642857143117,0.004855502309471698,49.31181536917805,1.5,False,RSI_NOT_BELOW_34|CLOSE_NOT_NEAR_OR_BELOW_LOWER_BB
2026-09-24T11:37:53.002794+00:00,SIE_OLD_MR_1R_EXHAUSTION_CONFIRM_V1,BTC,BTCUSDT,strategy-lab-v1.0.0:SIE_OLD_MR_1R_EXHAUSTION_CONFIRM_V1,1790233200000,2026-09-24T07:00:00+00:00,84095.61,84595.84,83931.81,84503.45,53.61518154340587,84389.5035,83469.64262389996,81252.71655,406.1092857142877,0.004805830835478169,51.31553585196617,1.500000000000018,False,RSI_NOT_BELOW_34|CLOSE_NOT_NEAR_OR_BELOW_LOWER_BB
2026-09-24T11:37:53.002794+00:00,SIE_OLD_MR_1R_EXHAUSTION_CONFIRM_V1,BTC,BTCUSDT,strategy-lab-v1.0.0:SIE_OLD_MR_1R_EXHAUSTION_CONFIRM_V1,1790236800000,2026-09-24T08:00:00+00:00,84503.45,84610.6,83300.0,83634.15,40.25069437862073,84297.106,83468.03833148045,81292.32625,478.6500000000025,0.005723140607036749,53.61518154340587,1.499999999999985,False,PLANNED_REWARD_TOO_LOW|RSI_NOT_BELOW_34|CLOSE_NOT_NEAR_OR_BELOW_LOWER_BB|RSI_RECOVERY_NOT_CONFIRMED
2026-09-24T11:37:53.002794+00:00,SIE_OLD_MR_1R_EXHAUSTION_CONFIRM_V1,BTC,BTCUSDT,strategy-lab-v1.0.0:SIE_OLD_MR_1R_EXHAUSTION_CONFIRM_V1,1790240400000,2026-09-24T09:00:00+00:00,83636.54,83719.99,82708.96,83244.97,32.67508942592909,84170.2045,83535.57147783105,81331.37814999999,524.6907142857173,0.0063029719908087815,40.25069437862073,1.4999999999999862,False,PLANNED_REWARD_TOO_LOW|RSI_RECOVERY_NOT_CONFIRMED
2026-09-24T11:37:53.002794+00:00,SIE_OLD_MR_1R_EXHAUSTION_CONFIRM_V1,BTC,BTCUSDT,strategy-lab-v1.0.0:SIE_OLD_MR_1R_EXHAUSTION_CONFIRM_V1,1790244000000,2026-09-24T10:00:00+00:00,83244.98,83552.55,83120.76,83496.96,39.85415258475247,84118.98449999999,83442.03936666403,81369.7387,528.4300000000034,0.0063287334053839005,32.67508942592909,1.5000000000000138,False,RSI_NOT_BELOW_34|CLOSE_NOT_NEAR_OR_BELOW_LOWER_BB
2026-09-24T11:37:53.002794+00:00,SIE_OLD_MR_1R_EXHAUSTION_CONFIRM_V1,BTC,BTCUSDT,strategy-lab-v1.0.0:SIE_OLD_MR_1R_EXHAUSTION_CONFIRM_V1,1790247600000,2026-09-24T11:00:00+00:00,83496.95,83589.96,83426.0,83444.24,36.46463959367846,84091.28,83354.17140376182,81408.18285,518.712857142861,0.006216281161442192,39.85415258475247,1.500000000000014,False,RSI_NOT_BELOW_34|CLOSE_NOT_NEAR_OR_BELOW_LOWER_BB|RSI_RECOVERY_NOT_CONFIRMED
2026-09-24T11:37:53.002794+00:00,SIE_OLD_MR_1R_EXHAUSTION_CONFIRM_V1,SOL,SOLUSDT,strategy-lab-v1.0.0:SIE_OLD_MR_1R_EXHAUSTION_CONFIRM_V1,1790226000000,2026-09-24T05:00:00+00:00,115.38,116.1,114.81,114.82,58.03722504230105,115.199,113.13257410004472,109.62245000000001,1.05785714285714,0.009213178391021948,51.8910741301059,1.5000000000000067,False,OPEN_TRADE_EXISTS|RSI_NOT_BELOW_34|CLOSE_NOT_NEAR_OR_BELOW_LOWER_BB|RSI_RECOVERY_NOT_CONFIRMED
2026-09-24T11:37:53.002794+00:00,SIE_OLD_MR_1R_EXHAUSTION_CONFIRM_V1,SOL,SOLUSDT,strategy-lab-v1.0.0:SIE_OLD_MR_1R_EXHAUSTION_CONFIRM_V1,1790229600000,2026-09-24T06:00:00+00:00,114.83,115.26,114.71,114.81,53.97412199630319,115.05850000000001,113.31231243848035,109.7111,0.9435714285714261,0.008218547413739449,58.03722504230105,1.5,False,OPEN_TRADE_EXISTS|RSI_NOT_BELOW_34|CLOSE_NOT_NEAR_OR_BELOW_LOWER_BB|RSI_RECOVERY_NOT_CONFIRMED
2026-09-24T11:37:53.002794+00:00,SIE_OLD_MR_1R_EXHAUSTION_CONFIRM_V1,SOL,SOLUSDT,strategy-lab-v1.0.0:SIE_OLD_MR_1R_EXHAUSTION_CONFIRM_V1,1790233200000,2026-09-24T07:00:00+00:00,114.81,115.66,114.48,115.51,58.15126050420165,114.97999999999999,113.48066681487869,109.80455,0.9357142857142833,0.008100721026008858,53.97412199630319,1.5,False,OPEN_TRADE_EXISTS|RSI_NOT_BELOW_34|CLOSE_NOT_NEAR_OR_BELOW_LOWER_BB
2026-09-24T11:37:53.002794+00:00,SIE_OLD_MR_1R_EXHAUSTION_CONFIRM_V1,SOL,SOLUSDT,strategy-lab-v1.0.0:SIE_OLD_MR_1R_EXHAUSTION_CONFIRM_V1,1790236800000,2026-09-24T08:00:00+00:00,115.5,115.64,113.3,114.11,48.80112834978843,114.84100000000001,113.5790665627673,109.8901,1.057142857142855,0.009264243774803742,58.15126050420165,1.5,False,OPEN_TRADE_EXISTS|RSI_NOT_BELOW_34|CLOSE_NOT_NEAR_OR_BELOW_LOWER_BB|RSI_RECOVERY_NOT_CONFIRMED
2026-09-24T11:37:53.002794+00:00,SIE_OLD_MR_1R_EXHAUSTION_CONFIRM_V1,SOL,SOLUSDT,strategy-lab-v1.0.0:SIE_OLD_MR_1R_EXHAUSTION_CONFIRM_V1,1790240400000,2026-09-24T09:00:00+00:00,114.12,114.27,112.41,113.11,41.09414758269718,114.65700000000001,113.5183147932787,109.97355000000002,1.1235714285714269,0.009933440266744115,48.80112834978843,1.4999999999999938,False,PLANNED_REWARD_TOO_LOW|RSI_NOT_BELOW_34|RSI_RECOVERY_NOT_CONFIRMED
2026-09-24T11:37:53.002794+00:00,SIE_OLD_MR_1R_EXHAUSTION_CONFIRM_V1,SOL,SOLUSDT,strategy-lab-v1.0.0:SIE_OLD_MR_1R_EXHAUSTION_CONFIRM_V1,1790244000000,2026-09-24T10:00:00+00:00,113.11,113.55,112.7,113.35,45.53805774278211,114.56700000000001,113.3191041710119,110.0544,1.133571428571427,0.010000630159430321,41.09414758269718,1.5,False,RSI_NOT_BELOW_34|CLOSE_NOT_NEAR_OR_BELOW_LOWER_BB
2026-09-24T11:37:53.002794+00:00,SIE_OLD_MR_1R_EXHAUSTION_CONFIRM_V1,SOL,SOLUSDT,strategy-lab-v1.0.0:SIE_OLD_MR_1R_EXHAUSTION_CONFIRM_V1,1790247600000,2026-09-24T11:00:00+00:00,113.33,113.57,113.14,113.17,39.27068723702663,114.53200000000001,113.17350671698169,110.1343,1.1035714285714266,0.009751448516138787,45.53805774278211,1.5,False,RSI_NOT_BELOW_34|RSI_RECOVERY_NOT_CONFIRMED
2026-09-24T11:37:53.002794+00:00,SIE_OLD_MR_1R_EXHAUSTION_CONFIRM_V1,XRP,XRPUSDT,strategy-lab-v1.0.0:SIE_OLD_MR_1R_EXHAUSTION_CONFIRM_V1,1790226000000,2026-09-24T05:00:00+00:00,1.5005,1.5197,1.5004,1.5044,49.046610169491515,1.5158,1.4514312187469758,1.4177849999999999,0.018714285714285715,0.012439700687507122,37.74422735346361,1.5,False,RSI_NOT_BELOW_34|CLOSE_NOT_NEAR_OR_BELOW_LOWER_BB
2026-09-24T11:37:53.002794+00:00,SIE_OLD_MR_1R_EXHAUSTION_CONFIRM_V1,XRP,XRPUSDT,strategy-lab-v1.0.0:SIE_OLD_MR_1R_EXHAUSTION_CONFIRM_V1,1790229600000,2026-09-24T06:00:00+00:00,1.5044,1.5098,1.4995,1.5021,50.99118942731278,1.511185,1.457705161742955,1.4188545000000001,0.01694285714285715,0.011279446869620631,49.046610169491515,1.4999999999999933,False,PLANNED_REWARD_TOO_LOW|RSI_NOT_BELOW_34|CLOSE_NOT_NEAR_OR_BELOW_LOWER_BB|RSI_RECOVERY_NOT_CONFIRMED
2026-09-24T11:37:53.002794+00:00,SIE_OLD_MR_1R_EXHAUSTION_CONFIRM_V1,XRP,XRPUSDT,strategy-lab-v1.0.0:SIE_OLD_MR_1R_EXHAUSTION_CONFIRM_V1,1790233200000,2026-09-24T07:00:00+00:00,1.502,1.5105,1.4946,1.5061,51.57780195865064,1.50785,1.462446321734911,1.4199735000000002,0.01640000000000002,0.010889051191819944,50.99118942731278,1.5,False,RSI_NOT_BELOW_34|CLOSE_NOT_NEAR_OR_BELOW_LOWER_BB
2026-09-24T11:37:53.002794+00:00,SIE_OLD_MR_1R_EXHAUSTION_CONFIRM_V1,XRP,XRPUSDT,strategy-lab-v1.0.0:SIE_OLD_MR_1R_EXHAUSTION_CONFIRM_V1,1790236800000,2026-09-24T08:00:00+00:00,1.5065,1.5082,1.4721,1.4832,44.052044609665465,1.503675,1.4659837344335627,1.4209595,0.017742857142857154,0.011962552011095707,51.57780195865064,1.5000000000000062,False,RSI_NOT_BELOW_34|CLOSE_NOT_NEAR_OR_BELOW_LOWER_BB|RSI_RECOVERY_NOT_CONFIRMED
2026-09-24T11:37:53.002794+00:00,SIE_OLD_MR_1R_EXHAUSTION_CONFIRM_V1,XRP,XRPUSDT,strategy-lab-v1.0.0:SIE_OLD_MR_1R_EXHAUSTION_CONFIRM_V1,1790240400000,2026-09-24T09:00:00+00:00,1.4834,1.4856,1.4541,1.4578,36.29402756508424,1.497795,1.4718269061153935,1.4218760000000001,0.019007142857142872,0.013038237657527008,44.052044609665465,1.5,False,RSI_NOT_BELOW_34|RSI_RECOVERY_NOT_CONFIRMED
2026-09-24T11:37:53.002794+00:00,SIE_OLD_MR_1R_EXHAUSTION_CONFIRM_V1,XRP,XRPUSDT,strategy-lab-v1.0.0:SIE_OLD_MR_1R_EXHAUSTION_CONFIRM_V1,1790244000000,2026-09-24T10:00:00+00:00,1.4574,1.4699,1.4513,1.4671,43.7837837837838,1.49474,1.4694308396030262,1.4227695,0.018928571428571437,0.012902032191787496,36.29402756508424,1.5,False,RSI_NOT_BELOW_34
2026-09-24T11:37:53.002794+00:00,SIE_OLD_MR_1R_EXHAUSTION_CONFIRM_V1,XRP,XRPUSDT,strategy-lab-v1.0.0:SIE_OLD_MR_1R_EXHAUSTION_CONFIRM_V1,1790247600000,2026-09-24T11:00:00+00:00,1.4671,1.474,1.4668,1.471,37.989778534923374,1.49298,1.4662477273693435,1.4236435,0.017785714285714276,0.012090900262212288,43.7837837837838,1.5000000000000062,False,RSI_NOT_BELOW_34|CLOSE_NOT_NEAR_OR_BELOW_LOWER_BB|RSI_RECOVERY_NOT_CONFIRMED
2026-09-24T11:37:53.002794+00:00,SIE_OLD_MR_1R_EXHAUSTION_CONFIRM_V1,DOGE,DOGEUSDT,strategy-lab-v1.0.0:SIE_OLD_MR_1R_EXHAUSTION_CONFIRM_V1,1790226000000,2026-09-24T05:00:00+00:00,0.09409,0.09516,0.09402,0.09409,61.85383244206777,0.094277,0.08878635668614357,0.08906234999999998,0.0011328571428571427,0.012040143935138088,44.89003880983182,1.5000000000000062,False,RSI_NOT_BELOW_34|CLOSE_NOT_NEAR_OR_BELOW_LOWER_BB|RSI_RECOVERY_NOT_CONFIRMED
2026-09-24T11:37:53.002794+00:00,SIE_OLD_MR_1R_EXHAUSTION_CONFIRM_V1,DOGE,DOGEUSDT,strategy-lab-v1.0.0:SIE_OLD_MR_1R_EXHAUSTION_CONFIRM_V1,1790229600000,2026-09-24T06:00:00+00:00,0.09415,0.09468,0.09392,0.0944,67.02127659574464,0.0939935,0.08918549303245134,0.08913365000000001,0.0010364285714285712,0.010979116222760288,61.85383244206777,1.5,False,RSI_NOT_BELOW_34|CLOSE_NOT_NEAR_OR_BELOW_LOWER_BB
2026-09-24T11:37:53.002794+00:00,SIE_OLD_MR_1R_EXHAUSTION_CONFIRM_V1,DOGE,DOGEUSDT,strategy-lab-v1.0.0:SIE_OLD_MR_1R_EXHAUSTION_CONFIRM_V1,1790233200000,2026-09-24T07:00:00+00:00,0.09436,0.09494,0.09383,0.09456,68.76090750436299,0.09375449999999999,0.08960291969847665,0.08920630000000002,0.0010257142857142856,0.0108472322939328,67.02127659574464,1.5000000000000067,False,RSI_NOT_BELOW_34|CLOSE_NOT_NEAR_OR_BELOW_LOWER_BB
2026-09-24T11:37:53.002794+00:00,SIE_OLD_MR_1R_EXHAUSTION_CONFIRM_V1,DOGE,DOGEUSDT,strategy-lab-v1.0.0:SIE_OLD_MR_1R_EXHAUSTION_CONFIRM_V1,1790236800000,2026-09-24T08:00:00+00:00,0.09456,0.09474,0.09253,0.09328,59.07046476761622,0.093446,0.09021920344614093,0.08927240000000002,0.001125,0.012060463121783875,68.76090750436299,1.4999999999999938,False,PLANNED_REWARD_TOO_LOW|RSI_NOT_BELOW_34|CLOSE_NOT_NEAR_OR_BELOW_LOWER_BB|RSI_RECOVERY_NOT_CONFIRMED
2026-09-24T11:37:53.002794+00:00,SIE_OLD_MR_1R_EXHAUSTION_CONFIRM_V1,DOGE,DOGEUSDT,strategy-lab-v1.0.0:SIE_OLD_MR_1R_EXHAUSTION_CONFIRM_V1,1790240400000,2026-09-24T09:00:00+00:00,0.0933,0.09354,0.09138,0.09205,48.302872062663205,0.0930785,0.09129756457163743,0.08933545000000001,0.0012221428571428572,0.01327694575929231,59.07046476761622,1.4999999999999942,False,PLANNED_REWARD_TOO_LOW|RSI_NOT_BELOW_34|CLOSE_NOT_NEAR_OR_BELOW_LOWER_BB|RSI_RECOVERY_NOT_CONFIRMED
2026-09-24T11:37:53.002794+00:00,SIE_OLD_MR_1R_EXHAUSTION_CONFIRM_V1,DOGE,DOGEUSDT,strategy-lab-v1.0.0:SIE_OLD_MR_1R_EXHAUSTION_CONFIRM_V1,1790244000000,2026-09-24T10:00:00+00:00,0.09203,0.09276,0.09181,0.09273,55.37294563843239,0.09297,0.09139349754202633,0.0893989,0.0012414285714285708,0.01338756143026605,48.302872062663205,1.4999999999999944,False,PLANNED_REWARD_TOO_LOW|RSI_NOT_BELOW_34|CLOSE_NOT_NEAR_OR_BELOW_LOWER_BB
2026-09-24T11:37:53.002794+00:00,SIE_OLD_MR_1R_EXHAUSTION_CONFIRM_V1,DOGE,DOGEUSDT,strategy-lab-v1.0.0:SIE_OLD_MR_1R_EXHAUSTION_CONFIRM_V1,1790247600000,2026-09-24T11:00:00+00:00,0.09276,0.09299,0.09252,0.09256,50.33557046979872,0.09296000000000001,0.09137577779336453,0.08946175,0.001195714285714285,0.012918261513767123,55.37294563843239,1.4999999999999942,False,PLANNED_REWARD_TOO_LOW|RSI_NOT_BELOW_34|CLOSE_NOT_NEAR_OR_BELOW_LOWER_BB|RSI_RECOVERY_NOT_CONFIRMED
2026-09-24T11:37:53.002794+00:00,SIE_OLD_MR_1R_EXHAUSTION_CONFIRM_V1,BNB,BNBUSDT,strategy-lab-v1.0.0:SIE_OLD_MR_1R_EXHAUSTION_CONFIRM_V1,1790226000000,2026-09-24T05:00:00+00:00,770.99,775.4,770.99,772.72,68.33122629582785,770.272,757.2801570206512,758.9502,4.93785714285715,0.006390228210551235,56.440147853284095,1.5,False,RSI_NOT_BELOW_34|CLOSE_NOT_NEAR_OR_BELOW_LOWER_BB
2026-09-24T11:37:53.002794+00:00,SIE_OLD_MR_1R_EXHAUSTION_CONFIRM_V1,BNB,BNBUSDT,strategy-lab-v1.0.0:SIE_OLD_MR_1R_EXHAUSTION_CONFIRM_V1,1790229600000,2026-09-24T06:00:00+00:00,773.05,773.52,771.0,772.21,62.446504992867176,769.6184999999999,758.5377558462865,759.2470499999998,4.44928571428572,0.00576175614701405,68.33122629582785,1.5,False,RSI_NOT_BELOW_34|CLOSE_NOT_NEAR_OR_BELOW_LOWER_BB|RSI_RECOVERY_NOT_CONFIRMED
2026-09-24T11:37:53.002794+00:00,SIE_OLD_MR_1R_EXHAUSTION_CONFIRM_V1,BNB,BNBUSDT,strategy-lab-v1.0.0:SIE_OLD_MR_1R_EXHAUSTION_CONFIRM_V1,1790233200000,2026-09-24T07:00:00+00:00,772.2,777.47,770.7,776.01,65.29334212261018,769.2719999999999,759.5262099345381,759.56875,4.53214285714286,0.005840315018031804,62.446504992867176,1.5,False,RSI_NOT_BELOW_34|CLOSE_NOT_NEAR_OR_BELOW_LOWER_BB
2026-09-24T11:37:53.002794+00:00,SIE_OLD_MR_1R_EXHAUSTION_CONFIRM_V1,BNB,BNBUSDT,strategy-lab-v1.0.0:SIE_OLD_MR_1R_EXHAUSTION_CONFIRM_V1,1790236800000,2026-09-24T08:00:00+00:00,775.71,775.97,766.76,769.64,54.40812963471574,768.7850000000001,760.2045279850083,759.84865,4.937142857142858,0.006414873001848732,65.29334212261018,1.5,False,RSI_NOT_BELOW_34|CLOSE_NOT_NEAR_OR_BELOW_LOWER_BB|RSI_RECOVERY_NOT_CONFIRMED
2026-09-24T11:37:53.002794+00:00,SIE_OLD_MR_1R_EXHAUSTION_CONFIRM_V1,BNB,BNBUSDT,strategy-lab-v1.0.0:SIE_OLD_MR_1R_EXHAUSTION_CONFIRM_V1,1790240400000,2026-09-24T09:00:00+00:00,769.8,770.81,762.9,766.25,48.037431765011725,768.047,761.501692978931,760.138,5.2900000000000045,0.006903752039151718,54.40812963471574,1.5,False,RSI_NOT_BELOW_34|CLOSE_NOT_NEAR_OR_BELOW_LOWER_BB|RSI_RECOVERY_NOT_CONFIRMED
2026-09-24T11:37:53.002794+00:00,SIE_OLD_MR_1R_EXHAUSTION_CONFIRM_V1,BNB,BNBUSDT,strategy-lab-v1.0.0:SIE_OLD_MR_1R_EXHAUSTION_CONFIRM_V1,1790244000000,2026-09-24T10:00:00+00:00,766.47,769.22,765.19,768.46,54.00678673975466,768.149,761.6448385628848,760.41755,5.29785714285714,0.006894122196154828,48.037431765011725,1.4999999999999893,False,PLANNED_REWARD_TOO_LOW|RSI_NOT_BELOW_34|CLOSE_NOT_NEAR_OR_BELOW_LOWER_BB
2026-09-24T11:37:53.002794+00:00,SIE_OLD_MR_1R_EXHAUSTION_CONFIRM_V1,BNB,BNBUSDT,strategy-lab-v1.0.0:SIE_OLD_MR_1R_EXHAUSTION_CONFIRM_V1,1790247600000,2026-09-24T11:00:00+00:00,768.6,770.77,768.28,769.4,53.78966692892731,768.563,762.9017135737489,760.69525,5.337142857142851,0.00693675962716773,54.00678673975466,1.5,False,RSI_NOT_BELOW_34|CLOSE_NOT_NEAR_OR_BELOW_LOWER_BB|RSI_RECOVERY_NOT_CONFIRMED
2026-09-24T11:37:53.002794+00:00,SIE_OLD_MR_1R_EXHAUSTION_CONFIRM_V1,PAXG,PAXGUSDT,strategy-lab-v1.0.0:SIE_OLD_MR_1R_EXHAUSTION_CONFIRM_V1,1790226000000,2026-09-24T05:00:00+00:00,4289.0,4292.6,4276.23,4278.02,48.7065120428191,4290.051,4268.206539924288,4339.84,12.37785714285727,0.0028933612145004626,48.15345606879051,1.5,False,RSI_NOT_BELOW_34|CLOSE_NOT_NEAR_OR_BELOW_LOWER_BB|CLOSE_NOT_ABOVE_MA200|RSI_RECOVERY_NOT_CONFIRMED
2026-09-24T11:37:53.002794+00:00,SIE_OLD_MR_1R_EXHAUSTION_CONFIRM_V1,PAXG,PAXGUSDT,strategy-lab-v1.0.0:SIE_OLD_MR_1R_EXHAUSTION_CONFIRM_V1,1790229600000,2026-09-24T06:00:00+00:00,4279.49,4282.68,4271.93,4273.82,44.44444444444467,4287.8925,4268.758993395111,4339.7627,12.303571428571558,0.002878823026840522,48.7065120428191,1.4999999999999631,False,PLANNED_REWARD_TOO_LOW|RSI_NOT_BELOW_34|CLOSE_NOT_NEAR_OR_BELOW_LOWER_BB|CLOSE_NOT_ABOVE_MA200|RSI_RECOVERY_NOT_CONFIRMED
2026-09-24T11:37:53.002794+00:00,SIE_OLD_MR_1R_EXHAUSTION_CONFIRM_V1,PAXG,PAXGUSDT,strategy-lab-v1.0.0:SIE_OLD_MR_1R_EXHAUSTION_CONFIRM_V1,1790233200000,2026-09-24T07:00:00+00:00,4273.81,4283.48,4272.32,4273.99,39.62717979555062,4285.914,4269.872646690529,4339.720850000001,11.94071428571442,0.002793809598458214,44.44444444444467,1.5,False,RSI_NOT_BELOW_34|CLOSE_NOT_NEAR_OR_BELOW_LOWER_BB|CLOSE_NOT_ABOVE_MA200|RSI_RECOVERY_NOT_CONFIRMED
2026-09-24T11:37:53.002794+00:00,SIE_OLD_MR_1R_EXHAUSTION_CONFIRM_V1,PAXG,PAXGUSDT,strategy-lab-v1.0.0:SIE_OLD_MR_1R_EXHAUSTION_CONFIRM_V1,1790236800000,2026-09-24T08:00:00+00:00,4277.66,4279.58,4257.08,4257.43,34.10620018631664,4283.2970000000005,4266.612391404076,4339.61015,12.81500000000012,0.0030100318736890844,39.62717979555062,1.5,False,RSI_NOT_BELOW_34|CLOSE_NOT_ABOVE_MA200|RSI_RECOVERY_NOT_CONFIRMED
2026-09-24T11:37:53.002794+00:00,SIE_OLD_MR_1R_EXHAUSTION_CONFIRM_V1,PAXG,PAXGUSDT,strategy-lab-v1.0.0:SIE_OLD_MR_1R_EXHAUSTION_CONFIRM_V1,1790240400000,2026-09-24T09:00:00+00:00,4258.69,4260.19,4248.14,4252.99,34.77939624234794,4281.4974999999995,4260.45784898105,4339.463949999999,12.91000000000005,0.0030355114872125375,34.10620018631664,1.5,False,RSI_NOT_BELOW_34|CLOSE_NOT_ABOVE_MA200|RSI_RECOVERY_NOT_CONFIRMED
2026-09-24T11:37:53.002794+00:00,SIE_OLD_MR_1R_EXHAUSTION_CONFIRM_V1,PAXG,PAXGUSDT,strategy-lab-v1.0.0:SIE_OLD_MR_1R_EXHAUSTION_CONFIRM_V1,1790244000000,2026-09-24T10:00:00+00:00,4253.82,4259.39,4242.59,4255.56,36.611008039580256,4279.658,4256.417360938238,4339.120400000001,13.618571428571483,0.0032001831553477057,34.77939624234794,1.5,False,RSI_NOT_BELOW_34|CLOSE_NOT_ABOVE_MA200
2026-09-24T11:37:53.002794+00:00,SIE_OLD_MR_1R_EXHAUSTION_CONFIRM_V1,PAXG,PAXGUSDT,strategy-lab-v1.0.0:SIE_OLD_MR_1R_EXHAUSTION_CONFIRM_V1,1790247600000,2026-09-24T11:00:00+00:00,4256.53,4262.02,4249.99,4258.52,36.348582074105785,4278.567,4253.57427777934,4338.7737,13.920714285714373,0.003268908983805259,36.611008039580256,1.5,False,RSI_NOT_BELOW_34|CLOSE_NOT_NEAR_OR_BELOW_LOWER_BB|CLOSE_NOT_ABOVE_MA200|RSI_RECOVERY_NOT_CONFIRMED
2026-09-24T17:04:05.226582+00:00,SIE_OLD_MR_1R_EXHAUSTION_CONFIRM_V1,BTC,BTCUSDT,strategy-lab-v1.0.0:SIE_OLD_MR_1R_EXHAUSTION_CONFIRM_V1,1790251199999,2026-09-24T11:59:59.999000+00:00,84524.02,84622.01,82874.93,83494.58,35.50760467554048,85241.29000000001,82727.81474248803,79131.09694999999,993.8000000000009,0.011902569005077945,35.99295898891728,1.4999999999999927,False,PLANNED_REWARD_TOO_LOW|RSI_NOT_BELOW_34|CLOSE_NOT_NEAR_OR_BELOW_LOWER_BB|RSI_RECOVERY_NOT_CONFIRMED
2026-09-24T17:04:05.226582+00:00,SIE_OLD_MR_1R_EXHAUSTION_CONFIRM_V1,BTC,BTCUSDT,strategy-lab-v1.0.0:SIE_OLD_MR_1R_EXHAUSTION_CONFIRM_V1,1790265599999,2026-09-24T15:59:59.999000+00:00,83494.59,84942.45,83346.66,84418.0,44.32510412146975,85376.18950000001,83401.2350481546,79166.74105,1063.7685714285722,0.012601205565502288,35.50760467554048,1.5,False,RSI_NOT_BELOW_34|CLOSE_NOT_NEAR_OR_BELOW_LOWER_BB
2026-09-24T17:04:05.226582+00:00,SIE_OLD_MR_1R_EXHAUSTION_CONFIRM_V1,SOL,SOLUSDT,strategy-lab-v1.0.0:SIE_OLD_MR_1R_EXHAUSTION_CONFIRM_V1,1790251199999,2026-09-24T11:59:59.999000+00:00,115.52,115.64,112.52,113.35,36.679536679536675,116.49199999999999,112.59029985775531,103.64035,2.1578571428571416,0.019037116390446772,36.878881987577614,1.5000000000000033,False,RSI_NOT_BELOW_34|CLOSE_NOT_NEAR_OR_BELOW_LOWER_BB|RSI_RECOVERY_NOT_CONFIRMED
2026-09-24T17:04:05.226582+00:00,SIE_OLD_MR_1R_EXHAUSTION_CONFIRM_V1,SOL,SOLUSDT,strategy-lab-v1.0.0:SIE_OLD_MR_1R_EXHAUSTION_CONFIRM_V1,1790265599999,2026-09-24T15:59:59.999000+00:00,113.34,116.63,113.11,116.33,50.03236245954694,116.70300000000002,113.35485962062641,103.74969999999999,2.2921428571428555,0.019703798307769756,36.679536679536675,1.500000000000003,False,RSI_NOT_BELOW_34|CLOSE_NOT_NEAR_OR_BELOW_LOWER_BB
2026-09-24T17:04:05.226582+00:00,SIE_OLD_MR_1R_EXHAUSTION_CONFIRM_V1,XRP,XRPUSDT,strategy-lab-v1.0.0:SIE_OLD_MR_1R_EXHAUSTION_CONFIRM_V1,1790251199999,2026-09-24T11:59:59.999000+00:00,1.5066,1.5085,1.4517,1.4696,42.81698938163647,1.52736,1.4328475796521982,1.410219,0.047971428571428554,0.03264250719340538,45.0986842105263,1.5,False,RSI_NOT_BELOW_34|CLOSE_NOT_NEAR_OR_BELOW_LOWER_BB|RSI_RECOVERY_NOT_CONFIRMED
2026-09-24T17:04:05.226582+00:00,SIE_OLD_MR_1R_EXHAUSTION_CONFIRM_V1,XRP,XRPUSDT,strategy-lab-v1.0.0:SIE_OLD_MR_1R_EXHAUSTION_CONFIRM_V1,1790265599999,2026-09-24T15:59:59.999000+00:00,1.4697,1.5273,1.4663,1.515,49.50358521787093,1.531175,1.4455431396908862,1.409975,0.04997857142857143,0.03298915605846299,42.81698938163647,1.5,False,RSI_NOT_BELOW_34|CLOSE_NOT_NEAR_OR_BELOW_LOWER_BB
2026-09-24T17:04:05.226582+00:00,SIE_OLD_MR_1R_EXHAUSTION_CONFIRM_V1,DOGE,DOGEUSDT,strategy-lab-v1.0.0:SIE_OLD_MR_1R_EXHAUSTION_CONFIRM_V1,1790251199999,2026-09-24T11:59:59.999000+00:00,0.09462,0.09476,0.09141,0.0927,32.13317847464191,0.097027,0.0892733528581722,0.08721925000000001,0.003407857142857143,0.03676221297580521,39.93068925683483,1.499999999999998,False,PLANNED_REWARD_TOO_LOW|CLOSE_NOT_NEAR_OR_BELOW_LOWER_BB|RSI_RECOVERY_NOT_CONFIRMED
2026-09-24T17:04:05.226582+00:00,SIE_OLD_MR_1R_EXHAUSTION_CONFIRM_V1,DOGE,DOGEUSDT,strategy-lab-v1.0.0:SIE_OLD_MR_1R_EXHAUSTION_CONFIRM_V1,1790265599999,2026-09-24T15:59:59.999000+00:00,0.0927,0.09622,0.09218,0.09567,43.83508362504864,0.0973235,0.09028676702226282,0.08723234999999999,0.003161428571428572,0.03304514028879034,32.13317847464191,1.5,False,RSI_NOT_BELOW_34|CLOSE_NOT_NEAR_OR_BELOW_LOWER_BB
2026-09-24T17:04:05.226582+00:00,SIE_OLD_MR_1R_EXHAUSTION_CONFIRM_V1,BNB,BNBUSDT,strategy-lab-v1.0.0:SIE_OLD_MR_1R_EXHAUSTION_CONFIRM_V1,1790251199999,2026-09-24T11:59:59.999000+00:00,775.8,776.42,763.04,769.98,37.63856664088687,783.125,758.6857393728811,726.0359,11.151428571428571,0.014482750943438233,35.60541397390563,1.5,False,RSI_NOT_BELOW_34|CLOSE_NOT_NEAR_OR_BELOW_LOWER_BB|RSI_RECOVERY_NOT_CONFIRMED
2026-09-24T17:04:05.226582+00:00,SIE_OLD_MR_1R_EXHAUSTION_CONFIRM_V1,BNB,BNBUSDT,strategy-lab-v1.0.0:SIE_OLD_MR_1R_EXHAUSTION_CONFIRM_V1,1790265599999,2026-09-24T15:59:59.999000+00:00,769.97,783.76,768.85,780.54,47.355883754168616,783.7165,760.1441439234377,726.4083,11.693571428571422,0.014981386512634103,37.63856664088687,1.5,False,RSI_NOT_BELOW_34|CLOSE_NOT_NEAR_OR_BELOW_LOWER_BB
2026-09-24T17:04:05.226582+00:00,SIE_OLD_MR_1R_EXHAUSTION_CONFIRM_V1,PAXG,PAXGUSDT,strategy-lab-v1.0.0:SIE_OLD_MR_1R_EXHAUSTION_CONFIRM_V1,1790251199999,2026-09-24T11:59:59.999000+00:00,4274.88,4282.11,4243.22,4263.17,31.248175892596635,4321.593,4256.78070730802,4423.6357499999995,30.97571428571421,0.00726588765770875,29.372228064560574,1.5,False,CLOSE_NOT_NEAR_OR_BELOW_LOWER_BB|CLOSE_NOT_ABOVE_MA200|RSI_RECOVERY_NOT_CONFIRMED
2026-09-24T17:04:05.226582+00:00,SIE_OLD_MR_1R_EXHAUSTION_CONFIRM_V1,PAXG,PAXGUSDT,strategy-lab-v1.0.0:SIE_OLD_MR_1R_EXHAUSTION_CONFIRM_V1,1790265599999,2026-09-24T15:59:59.999000+00:00,4263.45,4281.25,4243.71,4254.37,36.00291430813218,4317.2654999999995,4246.875131205748,4421.94165,30.502857142857074,0.0071697706459139835,31.248175892596635,1.5,False,RSI_NOT_BELOW_34|CLOSE_NOT_NEAR_OR_BELOW_LOWER_BB|CLOSE_NOT_ABOVE_MA200|RSI_RECOVERY_NOT_CONFIRMED
2026-09-24T21:27:36.654637+00:00,SIE_OLD_MR_1R_EXHAUSTION_CONFIRM_V1,BTC,BTCUSDT,strategy-lab-v1.0.0:SIE_OLD_MR_1R_EXHAUSTION_CONFIRM_V1,1790265600000,2026-09-24T16:00:00+00:00,84406.43,84917.51,84010.92,84467.79,51.21925494226856,84038.52849999999,83257.9233466355,81614.79165,713.9350000000039,0.008452156733353672,52.998670888472205,1.5,False,RSI_NOT_BELOW_34|CLOSE_NOT_NEAR_OR_BELOW_LOWER_BB|RSI_RECOVERY_NOT_CONFIRMED
2026-09-24T21:27:36.654637+00:00,SIE_OLD_MR_1R_EXHAUSTION_CONFIRM_V1,BTC,BTCUSDT,strategy-lab-v1.0.0:SIE_OLD_MR_1R_EXHAUSTION_CONFIRM_V1,1790269200000,2026-09-24T17:00:00+00:00,84466.5,84547.71,83974.6,84091.6,51.70612551672307,84023.14050000001,83259.64807316975,81655.6294,708.616428571432,0.008426720725630527,51.21925494226856,1.5,False,RSI_NOT_BELOW_34|CLOSE_NOT_NEAR_OR_BELOW_LOWER_BB|RSI_RECOVERY_NOT_CONFIRMED
2026-09-24T21:27:36.654637+00:00,SIE_OLD_MR_1R_EXHAUSTION_CONFIRM_V1,BTC,BTCUSDT,strategy-lab-v1.0.0:SIE_OLD_MR_1R_EXHAUSTION_CONFIRM_V1,1790272800000,2026-09-24T18:00:00+00:00,84090.54,84535.56,83850.38,84453.28,54.242206647716195,84018.29500000001,83267.11290945995,81698.2958,735.3407142857167,0.008707071108259107,51.70612551672307,1.49999999999999,False,PLANNED_REWARD_TOO_LOW|RSI_NOT_BELOW_34|CLOSE_NOT_NEAR_OR_BELOW_LOWER_BB
2026-09-24T21:27:36.654637+00:00,SIE_OLD_MR_1R_EXHAUSTION_CONFIRM_V1,BTC,BTCUSDT,strategy-lab-v1.0.0:SIE_OLD_MR_1R_EXHAUSTION_CONFIRM_V1,1790276400000,2026-09-24T19:00:00+00:00,84453.28,84638.59,84266.16,84395.47,54.254548764176526,84019.153,83266.29071208,81739.36245,728.8407142857156,0.008636017007615642,54.242206647716195,1.49999999999999,False,PLANNED_REWARD_TOO_LOW|RSI_NOT_BELOW_34|CLOSE_NOT_NEAR_OR_BELOW_LOWER_BB|RSI_RECOVERY_NOT_CONFIRMED
2026-09-24T21:27:36.654637+00:00,SIE_OLD_MR_1R_EXHAUSTION_CONFIRM_V1,BTC,BTCUSDT,strategy-lab-v1.0.0:SIE_OLD_MR_1R_EXHAUSTION_CONFIRM_V1,1790280000000,2026-09-24T20:00:00+00:00,84388.0,84471.9,84145.07,84354.08,52.60275793454992,84021.79400000001,83264.63346733592,81781.62680000001,729.1078571428568,0.008643421363173621,54.254548764176526,1.49999999999999,False,PLANNED_REWARD_TOO_LOW|RSI_NOT_BELOW_34|CLOSE_NOT_NEAR_OR_BELOW_LOWER_BB|RSI_RECOVERY_NOT_CONFIRMED
2026-09-24T21:27:36.654637+00:00,SIE_OLD_MR_1R_EXHAUSTION_CONFIRM_V1,BTC,BTCUSDT,strategy-lab-v1.0.0:SIE_OLD_MR_1R_EXHAUSTION_CONFIRM_V1,1790283600000,2026-09-24T21:00:00+00:00,84359.99,84437.62,84274.6,84408.52,48.970816863295326,84037.2005,83261.9466287893,81825.7589,693.3214285714275,0.008213879695692183,52.60275793454992,1.4999999999999896,False,PLANNED_REWARD_TOO_LOW|RSI_NOT_BELOW_34|CLOSE_NOT_NEAR_OR_BELOW_LOWER_BB|RSI_RECOVERY_NOT_CONFIRMED
2026-09-24T21:27:36.654637+00:00,SIE_OLD_MR_1R_EXHAUSTION_CONFIRM_V1,SOL,SOLUSDT,strategy-lab-v1.0.0:SIE_OLD_MR_1R_EXHAUSTION_CONFIRM_V1,1790265600000,2026-09-24T16:00:00+00:00,116.3,117.76,115.87,117.06,59.13757700205336,114.7865,112.91828935876973,110.5908,1.412857142857142,0.012069512582070237,58.36820083682002,1.500000000000005,False,RSI_NOT_BELOW_34|CLOSE_NOT_NEAR_OR_BELOW_LOWER_BB
2026-09-24T21:27:36.654637+00:00,SIE_OLD_MR_1R_EXHAUSTION_CONFIRM_V1,SOL,SOLUSDT,strategy-lab-v1.0.0:SIE_OLD_MR_1R_EXHAUSTION_CONFIRM_V1,1790269200000,2026-09-24T17:00:00+00:00,117.06,117.34,116.46,116.74,60.82365364308336,114.8885,112.83659088895095,110.68844999999999,1.393571428571428,0.011937394454098237,59.13757700205336,1.499999999999995,False,PLANNED_REWARD_TOO_LOW|RSI_NOT_BELOW_34|CLOSE_NOT_NEAR_OR_BELOW_LOWER_BB|RSI_RECOVERY_NOT_CONFIRMED
2026-09-24T21:27:36.654637+00:00,SIE_OLD_MR_1R_EXHAUSTION_CONFIRM_V1,SOL,SOLUSDT,strategy-lab-v1.0.0:SIE_OLD_MR_1R_EXHAUSTION_CONFIRM_V1,1790272800000,2026-09-24T18:00:00+00:00,116.73,117.54,116.24,117.37,60.48988285410005,115.00050000000002,112.68100458073184,110.7893,1.4085714285714295,0.012001119779938906,60.82365364308336,1.5,False,RSI_NOT_BELOW_34|CLOSE_NOT_NEAR_OR_BELOW_LOWER_BB|RSI_RECOVERY_NOT_CONFIRMED
2026-09-24T21:27:36.654637+00:00,SIE_OLD_MR_1R_EXHAUSTION_CONFIRM_V1,SOL,SOLUSDT,strategy-lab-v1.0.0:SIE_OLD_MR_1R_EXHAUSTION_CONFIRM_V1,1790276400000,2026-09-24T19:00:00+00:00,117.37,117.68,117.06,117.28,63.82022471910111,115.11499999999998,112.59174416675475,110.88600000000001,1.3607142857142875,0.011602270512570664,60.48988285410005,1.4999999999999947,False,PLANNED_REWARD_TOO_LOW|RSI_NOT_BELOW_34|CLOSE_NOT_NEAR_OR_BELOW_LOWER_BB|RSI_RECOVERY_NOT_CONFIRMED
2026-09-24T21:27:36.654637+00:00,SIE_OLD_MR_1R_EXHAUSTION_CONFIRM_V1,SOL,SOLUSDT,strategy-lab-v1.0.0:SIE_OLD_MR_1R_EXHAUSTION_CONFIRM_V1,1790280000000,2026-09-24T20:00:00+00:00,117.24,117.43,116.61,116.82,60.748663101604166,115.19950000000001,112.56898313063648,110.98264999999999,1.3800000000000014,0.01181304571135081,63.82022471910111,1.5,False,RSI_NOT_BELOW_34|CLOSE_NOT_NEAR_OR_BELOW_LOWER_BB|RSI_RECOVERY_NOT_CONFIRMED
2026-09-24T21:27:36.654637+00:00,SIE_OLD_MR_1R_EXHAUSTION_CONFIRM_V1,SOL,SOLUSDT,strategy-lab-v1.0.0:SIE_OLD_MR_1R_EXHAUSTION_CONFIRM_V1,1790283600000,2026-09-24T21:00:00+00:00,116.82,116.95,116.62,116.91,58.00915331807771,115.30999999999999,112.58859595061553,111.0817,1.3192857142857162,0.011284626758067883,60.748663101604166,1.5,False,RSI_NOT_BELOW_34|CLOSE_NOT_NEAR_OR_BELOW_LOWER_BB|RSI_RECOVERY_NOT_CONFIRMED
2026-09-24T21:27:36.654637+00:00,SIE_OLD_MR_1R_EXHAUSTION_CONFIRM_V1,XRP,XRPUSDT,strategy-lab-v1.0.0:SIE_OLD_MR_1R_EXHAUSTION_CONFIRM_V1,1790265600000,2026-09-24T16:00:00+00:00,1.5146,1.5366,1.5033,1.5326,59.204618345092975,1.495455,1.4619794283095904,1.4289685,0.02268571428571429,0.014802110326056566,58.15789473684208,1.5,False,RSI_NOT_BELOW_34|CLOSE_NOT_NEAR_OR_BELOW_LOWER_BB
2026-09-24T21:27:36.654637+00:00,SIE_OLD_MR_1R_EXHAUSTION_CONFIRM_V1,XRP,XRPUSDT,strategy-lab-v1.0.0:SIE_OLD_MR_1R_EXHAUSTION_CONFIRM_V1,1790269200000,2026-09-24T17:00:00+00:00,1.5323,1.5433,1.5227,1.5275,61.00462656972905,1.49687,1.460604639116648,1.430154,0.022778571428571443,0.014912321720832369,59.204618345092975,1.5000000000000049,False,RSI_NOT_BELOW_34|CLOSE_NOT_NEAR_OR_BELOW_LOWER_BB|RSI_RECOVERY_NOT_CONFIRMED
2026-09-24T21:27:36.654637+00:00,SIE_OLD_MR_1R_EXHAUSTION_CONFIRM_V1,XRP,XRPUSDT,strategy-lab-v1.0.0:SIE_OLD_MR_1R_EXHAUSTION_CONFIRM_V1,1790272800000,2026-09-24T18:00:00+00:00,1.5273,1.541,1.5151,1.5367,61.713173264114225,1.498615,1.4584226984983475,1.4313965,0.02365714285714287,0.015394769868642461,61.00462656972905,1.5000000000000047,False,RSI_NOT_BELOW_34|CLOSE_NOT_NEAR_OR_BELOW_LOWER_BB
2026-09-24T21:27:36.654637+00:00,SIE_OLD_MR_1R_EXHAUSTION_CONFIRM_V1,XRP,XRPUSDT,strategy-lab-v1.0.0:SIE_OLD_MR_1R_EXHAUSTION_CONFIRM_V1,1790276400000,2026-09-24T19:00:00+00:00,1.5368,1.5374,1.5241,1.528,57.42138364779878,1.49997,1.4577831726720325,1.432563,0.02322857142857144,0.015201944652206438,61.713173264114225,1.4999999999999951,False,PLANNED_REWARD_TOO_LOW|RSI_NOT_BELOW_34|CLOSE_NOT_NEAR_OR_BELOW_LOWER_BB|RSI_RECOVERY_NOT_CONFIRMED
2026-09-24T21:27:36.654637+00:00,SIE_OLD_MR_1R_EXHAUSTION_CONFIRM_V1,XRP,XRPUSDT,strategy-lab-v1.0.0:SIE_OLD_MR_1R_EXHAUSTION_CONFIRM_V1,1790280000000,2026-09-24T20:00:00+00:00,1.528,1.5341,1.5221,1.5303,58.8679245283019,1.50142,1.457205224189195,1.4338055,0.023350000000000013,0.015258446056328832,57.42138364779878,1.4999999999999953,False,PLANNED_REWARD_TOO_LOW|RSI_NOT_BELOW_34|CLOSE_NOT_NEAR_OR_BELOW_LOWER_BB
2026-09-24T21:27:36.654637+00:00,SIE_OLD_MR_1R_EXHAUSTION_CONFIRM_V1,XRP,XRPUSDT,strategy-lab-v1.0.0:SIE_OLD_MR_1R_EXHAUSTION_CONFIRM_V1,1790283600000,2026-09-24T21:00:00+00:00,1.5306,1.5362,1.5292,1.5356,59.2014971927636,1.5037150000000001,1.4574542055839967,1.4351124999999998,0.022714285714285735,0.014791798459420248,58.8679245283019,1.5,False,RSI_NOT_BELOW_34|CLOSE_NOT_NEAR_OR_BELOW_LOWER_BB
2026-09-24T21:27:36.654637+00:00,SIE_OLD_MR_1R_EXHAUSTION_CONFIRM_V1,DOGE,DOGEUSDT,strategy-lab-v1.0.0:SIE_OLD_MR_1R_EXHAUSTION_CONFIRM_V1,1790265600000,2026-09-24T16:00:00+00:00,0.09565,0.09753,0.09502,0.09639,64.45182724252491,0.0935715,0.09136888995734671,0.0898311,0.0015428571428571425,0.016006402561024407,66.21052631578945,1.4999999999999956,False,PLANNED_REWARD_TOO_LOW|RSI_NOT_BELOW_34|CLOSE_NOT_NEAR_OR_BELOW_LOWER_BB|RSI_RECOVERY_NOT_CONFIRMED
2026-09-24T21:27:36.654637+00:00,SIE_OLD_MR_1R_EXHAUSTION_CONFIRM_V1,DOGE,DOGEUSDT,strategy-lab-v1.0.0:SIE_OLD_MR_1R_EXHAUSTION_CONFIRM_V1,1790269200000,2026-09-24T17:00:00+00:00,0.09636,0.09636,0.09544,0.0959,65.39325842696621,0.093741,0.09137549878461308,0.0899114,0.0015214285714285714,0.015864740056606583,64.45182724252491,1.5000000000000047,False,RSI_NOT_BELOW_34|CLOSE_NOT_NEAR_OR_BELOW_LOWER_BB|RSI_RECOVERY_NOT_CONFIRMED
2026-09-24T21:27:36.654637+00:00,SIE_OLD_MR_1R_EXHAUSTION_CONFIRM_V1,DOGE,DOGEUSDT,strategy-lab-v1.0.0:SIE_OLD_MR_1R_EXHAUSTION_CONFIRM_V1,1790272800000,2026-09-24T18:00:00+00:00,0.09584,0.09689,0.09511,0.09667,64.67889908256879,0.0939435,0.09131746667957222,0.0899949,0.0015549999999999997,0.016085652218889,65.39325842696621,1.5,False,RSI_NOT_BELOW_34|CLOSE_NOT_NEAR_OR_BELOW_LOWER_BB|RSI_RECOVERY_NOT_CONFIRMED
2026-09-24T21:27:36.654637+00:00,SIE_OLD_MR_1R_EXHAUSTION_CONFIRM_V1,DOGE,DOGEUSDT,strategy-lab-v1.0.0:SIE_OLD_MR_1R_EXHAUSTION_CONFIRM_V1,1790276400000,2026-09-24T19:00:00+00:00,0.09666,0.09667,0.09599,0.09622,61.639344262295076,0.09411950000000001,0.09138100059339119,0.09007535000000001,0.0015221428571428578,0.015819401965733296,64.67889908256879,1.5,False,RSI_NOT_BELOW_34|CLOSE_NOT_NEAR_OR_BELOW_LOWER_BB|RSI_RECOVERY_NOT_CONFIRMED
2026-09-24T21:27:36.654637+00:00,SIE_OLD_MR_1R_EXHAUSTION_CONFIRM_V1,DOGE,DOGEUSDT,strategy-lab-v1.0.0:SIE_OLD_MR_1R_EXHAUSTION_CONFIRM_V1,1790280000000,2026-09-24T20:00:00+00:00,0.09618,0.09635,0.09562,0.09574,57.18884120171676,0.09425950000000001,0.09149039563215888,0.09015745000000001,0.0015200000000000016,0.01587633173177357,61.639344262295076,1.5000000000000047,False,RSI_NOT_BELOW_34|CLOSE_NOT_NEAR_OR_BELOW_LOWER_BB|RSI_RECOVERY_NOT_CONFIRMED
2026-09-24T21:27:36.654637+00:00,SIE_OLD_MR_1R_EXHAUSTION_CONFIRM_V1,DOGE,DOGEUSDT,strategy-lab-v1.0.0:SIE_OLD_MR_1R_EXHAUSTION_CONFIRM_V1,1790283600000,2026-09-24T21:00:00+00:00,0.09579,0.0962,0.0956,0.09614,58.26359832635981,0.0944385,0.09166913707687187,0.09024205,0.0014835714285714294,0.015431364973699077,57.18884120171676,1.4999999999999953,False,PLANNED_REWARD_TOO_LOW|RSI_NOT_BELOW_34|CLOSE_NOT_NEAR_OR_BELOW_LOWER_BB
2026-09-24T21:27:36.654637+00:00,SIE_OLD_MR_1R_EXHAUSTION_CONFIRM_V1,BNB,BNBUSDT,strategy-lab-v1.0.0:SIE_OLD_MR_1R_EXHAUSTION_CONFIRM_V1,1790265600000,2026-09-24T16:00:00+00:00,779.58,785.88,778.23,780.54,59.66942148760323,771.2515000000001,762.2646979547753,762.32375,6.023571428571431,0.007717184806123237,64.63768115942034,1.4999999999999907,False,PLANNED_REWARD_TOO_LOW|RSI_NOT_BELOW_34|CLOSE_NOT_NEAR_OR_BELOW_LOWER_BB|RSI_RECOVERY_NOT_CONFIRMED
2026-09-24T21:27:36.654637+00:00,SIE_OLD_MR_1R_EXHAUSTION_CONFIRM_V1,BNB,BNBUSDT,strategy-lab-v1.0.0:SIE_OLD_MR_1R_EXHAUSTION_CONFIRM_V1,1790269200000,2026-09-24T17:00:00+00:00,780.26,781.23,777.68,778.21,65.02830674215144,771.8365,762.6396803866742,762.66325,5.714285714285722,0.00734285824428589,59.66942148760323,1.5,False,RSI_NOT_BELOW_34|CLOSE_NOT_NEAR_OR_BELOW_LOWER_BB|RSI_RECOVERY_NOT_CONFIRMED
2026-09-24T21:27:36.654637+00:00,SIE_OLD_MR_1R_EXHAUSTION_CONFIRM_V1,BNB,BNBUSDT,strategy-lab-v1.0.0:SIE_OLD_MR_1R_EXHAUSTION_CONFIRM_V1,1790272800000,2026-09-24T18:00:00+00:00,777.88,781.81,776.22,781.49,63.97136797454934,772.5225,762.6214982829991,763.01625,5.695714285714287,0.007288275327533668,65.02830674215144,1.5,False,RSI_NOT_BELOW_34|CLOSE_NOT_NEAR_OR_BELOW_LOWER_BB|RSI_RECOVERY_NOT_CONFIRMED
2026-09-24T21:27:36.654637+00:00,SIE_OLD_MR_1R_EXHAUSTION_CONFIRM_V1,BNB,BNBUSDT,strategy-lab-v1.0.0:SIE_OLD_MR_1R_EXHAUSTION_CONFIRM_V1,1790276400000,2026-09-24T19:00:00+00:00,781.38,781.6,778.68,779.54,58.99736147757251,773.136,763.0933103204344,763.34545,5.586428571428582,0.0071663141999494355,63.97136797454934,1.5,False,RSI_NOT_BELOW_34|CLOSE_NOT_NEAR_OR_BELOW_LOWER_BB|RSI_RECOVERY_NOT_CONFIRMED
2026-09-24T21:27:36.654637+00:00,SIE_OLD_MR_1R_EXHAUSTION_CONFIRM_V1,BNB,BNBUSDT,strategy-lab-v1.0.0:SIE_OLD_MR_1R_EXHAUSTION_CONFIRM_V1,1790280000000,2026-09-24T20:00:00+00:00,778.77,780.08,776.81,779.52,59.7701149425287,773.7450000000001,763.7048575707289,763.68125,5.640000000000019,0.007235221674876872,58.99736147757251,1.50000000000001,False,RSI_NOT_BELOW_34|CLOSE_NOT_NEAR_OR_BELOW_LOWER_BB|RSI_RECOVERY_NOT_CONFIRMED
2026-09-24T21:27:36.654637+00:00,SIE_OLD_MR_1R_EXHAUSTION_CONFIRM_V1,BNB,BNBUSDT,strategy-lab-v1.0.0:SIE_OLD_MR_1R_EXHAUSTION_CONFIRM_V1,1790283600000,2026-09-24T21:00:00+00:00,779.51,780.08,778.68,779.58,55.30145530145538,774.4085,764.672118177164,764.02485,5.256428571428598,0.006742641642202979,59.7701149425287,1.5,False,RSI_NOT_BELOW_34|CLOSE_NOT_NEAR_OR_BELOW_LOWER_BB|RSI_RECOVERY_NOT_CONFIRMED
2026-09-24T21:27:36.654637+00:00,SIE_OLD_MR_1R_EXHAUSTION_CONFIRM_V1,PAXG,PAXGUSDT,strategy-lab-v1.0.0:SIE_OLD_MR_1R_EXHAUSTION_CONFIRM_V1,1790265600000,2026-09-24T16:00:00+00:00,4253.89,4279.66,4250.1,4267.9,41.30417495029801,4272.9220000000005,4244.51824419203,4337.11665,16.276428571428564,0.003813685552948421,40.08928571428633,1.500000000000028,False,RSI_NOT_BELOW_34|CLOSE_NOT_NEAR_OR_BELOW_LOWER_BB|CLOSE_NOT_ABOVE_MA200
2026-09-24T21:27:36.654637+00:00,SIE_OLD_MR_1R_EXHAUSTION_CONFIRM_V1,PAXG,PAXGUSDT,strategy-lab-v1.0.0:SIE_OLD_MR_1R_EXHAUSTION_CONFIRM_V1,1790269200000,2026-09-24T17:00:00+00:00,4267.85,4272.25,4255.01,4261.5,41.40294938222416,4271.752,4243.490795779394,4336.7257,16.723571428571372,0.003924339183050891,41.30417495029801,1.499999999999973,False,PLANNED_REWARD_TOO_LOW|RSI_NOT_BELOW_34|CLOSE_NOT_NEAR_OR_BELOW_LOWER_BB|CLOSE_NOT_ABOVE_MA200|RSI_RECOVERY_NOT_CONFIRMED
2026-09-24T21:27:36.654637+00:00,SIE_OLD_MR_1R_EXHAUSTION_CONFIRM_V1,PAXG,PAXGUSDT,strategy-lab-v1.0.0:SIE_OLD_MR_1R_EXHAUSTION_CONFIRM_V1,1790272800000,2026-09-24T18:00:00+00:00,4257.43,4275.48,4253.75,4267.83,41.58919348430671,4270.789,4243.384406297505,4336.31915,17.650714285714198,0.004135758520305214,41.40294938222416,1.4999999999999742,False,PLANNED_REWARD_TOO_LOW|RSI_NOT_BELOW_34|CLOSE_NOT_NEAR_OR_BELOW_LOWER_BB|CLOSE_NOT_ABOVE_MA200
2026-09-24T21:27:36.654637+00:00,SIE_OLD_MR_1R_EXHAUSTION_CONFIRM_V1,PAXG,PAXGUSDT,strategy-lab-v1.0.0:SIE_OLD_MR_1R_EXHAUSTION_CONFIRM_V1,1790276400000,2026-09-24T19:00:00+00:00,4266.46,4271.58,4263.68,4265.0,44.468988954970115,4269.664500000001,4243.266174693293,4335.93875,17.045714285714116,0.003996650477306944,41.58919348430671,1.5,False,RSI_NOT_BELOW_34|CLOSE_NOT_NEAR_OR_BELOW_LOWER_BB|CLOSE_NOT_ABOVE_MA200|RSI_RECOVERY_NOT_CONFIRMED
2026-09-24T21:27:36.654637+00:00,SIE_OLD_MR_1R_EXHAUSTION_CONFIRM_V1,PAXG,PAXGUSDT,strategy-lab-v1.0.0:SIE_OLD_MR_1R_EXHAUSTION_CONFIRM_V1,1790280000000,2026-09-24T20:00:00+00:00,4265.0,4267.95,4258.34,4267.95,47.47960498067844,4268.2695,4244.763345508064,4335.52695,16.96428571428552,0.003974808916291316,44.468988954970115,1.4999999999999731,False,PLANNED_REWARD_TOO_LOW|RSI_NOT_BELOW_34|CLOSE_NOT_NEAR_OR_BELOW_LOWER_BB|CLOSE_NOT_ABOVE_MA200
2026-09-24T21:27:36.654637+00:00,SIE_OLD_MR_1R_EXHAUSTION_CONFIRM_V1,PAXG,PAXGUSDT,strategy-lab-v1.0.0:SIE_OLD_MR_1R_EXHAUSTION_CONFIRM_V1,1790283600000,2026-09-24T21:00:00+00:00,4267.51,4267.51,4262.28,4262.58,45.31031648170987,4267.537,4244.281698582931,4335.16775,16.572142857142676,0.003887819784530185,47.47960498067844,1.4999999999999725,False,PLANNED_REWARD_TOO_LOW|RSI_NOT_BELOW_34|CLOSE_NOT_NEAR_OR_BELOW_LOWER_BB|CLOSE_NOT_ABOVE_MA200|RSI_RECOVERY_NOT_CONFIRMED
2026-09-25T00:30:04.062349+00:00,SIE_OLD_MR_1R_EXHAUSTION_CONFIRM_V1,BTC,BTCUSDT,strategy-lab-v1.0.0:SIE_OLD_MR_1R_EXHAUSTION_CONFIRM_V1,1790287200000,2026-09-24T22:00:00+00:00,84320.1,84365.28,83927.66,84263.42,58.32625442266527,84028.4565,83266.99416713048,81868.4691,634.5999999999985,0.007531144593941221,48.003354060264286,1.5,False,RSI_NOT_BELOW_34|CLOSE_NOT_NEAR_OR_BELOW_LOWER_BB|RSI_RECOVERY_NOT_CONFIRMED
2026-09-25T00:30:04.062349+00:00,SIE_OLD_MR_1R_EXHAUSTION_CONFIRM_V1,BTC,BTCUSDT,strategy-lab-v1.0.0:SIE_OLD_MR_1R_EXHAUSTION_CONFIRM_V1,1790290800000,2026-09-24T23:00:00+00:00,84263.42,84463.0,84237.84,84385.46,66.2384777699626,84051.32149999999,83275.94283528248,81911.7419,578.4664285714274,0.0068550485897858155,58.32625442266527,1.4999999999999873,False,PLANNED_REWARD_TOO_LOW|RSI_NOT_BELOW_34|CLOSE_NOT_NEAR_OR_BELOW_LOWER_BB
2026-09-25T00:30:04.062349+00:00,SIE_OLD_MR_1R_EXHAUSTION_CONFIRM_V1,BTC,BTCUSDT,strategy-lab-v1.0.0:SIE_OLD_MR_1R_EXHAUSTION_CONFIRM_V1,1790294400000,2026-09-25T00:00:00+00:00,84385.47,84719.5,84385.47,84644.29,66.30410995500944,84082.3175,83265.28254520116,81956.4556,571.4842857142836,0.006751598787281265,66.2384777699626,1.5,False,RSI_NOT_BELOW_34|CLOSE_NOT_NEAR_OR_BELOW_LOWER_BB
2026-09-25T00:30:04.062349+00:00,SIE_OLD_MR_1R_EXHAUSTION_CONFIRM_V1,SOL,SOLUSDT,strategy-lab-v1.0.0:SIE_OLD_MR_1R_EXHAUSTION_CONFIRM_V1,1790287200000,2026-09-24T22:00:00+00:00,116.82,116.94,116.11,116.58,66.40106241699854,115.37150000000001,112.6021154113222,111.1794,1.2335714285714303,0.01058132980418108,57.67012687427906,1.5000000000000058,False,RSI_NOT_BELOW_34|CLOSE_NOT_NEAR_OR_BELOW_LOWER_BB|RSI_RECOVERY_NOT_CONFIRMED
2026-09-25T00:30:04.062349+00:00,SIE_OLD_MR_1R_EXHAUSTION_CONFIRM_V1,SOL,SOLUSDT,strategy-lab-v1.0.0:SIE_OLD_MR_1R_EXHAUSTION_CONFIRM_V1,1790290800000,2026-09-24T23:00:00+00:00,116.57,117.22,116.53,117.02,78.04878048780463,115.48800000000001,112.64796056365302,111.27924999999999,1.1500000000000017,0.009827379935053851,66.40106241699854,1.5,False,RSI_NOT_BELOW_34|CLOSE_NOT_NEAR_OR_BELOW_LOWER_BB
2026-09-25T00:30:04.062349+00:00,SIE_OLD_MR_1R_EXHAUSTION_CONFIRM_V1,SOL,SOLUSDT,strategy-lab-v1.0.0:SIE_OLD_MR_1R_EXHAUSTION_CONFIRM_V1,1790294400000,2026-09-25T00:00:00+00:00,117.0,117.67,117.0,117.46,78.66108786610855,115.59099999999998,112.62458870012833,111.3808,1.1371428571428592,0.00968110724623582,78.04878048780463,1.5,False,RSI_NOT_BELOW_34|CLOSE_NOT_NEAR_OR_BELOW_LOWER_BB
2026-09-25T00:30:04.062349+00:00,SIE_OLD_MR_1R_EXHAUSTION_CONFIRM_V1,XRP,XRPUSDT,strategy-lab-v1.0.0:SIE_OLD_MR_1R_EXHAUSTION_CONFIRM_V1,1790287200000,2026-09-24T22:00:00+00:00,1.5376,1.5427,1.5274,1.5326,67.08160442600271,1.505255,1.4570356895528416,1.4364590000000002,0.022014285714285715,0.014364012602300481,59.729064039408904,1.499999999999995,False,PLANNED_REWARD_TOO_LOW|RSI_NOT_BELOW_34|CLOSE_NOT_NEAR_OR_BELOW_LOWER_BB|RSI_RECOVERY_NOT_CONFIRMED
2026-09-25T00:30:04.062349+00:00,SIE_OLD_MR_1R_EXHAUSTION_CONFIRM_V1,XRP,XRPUSDT,strategy-lab-v1.0.0:SIE_OLD_MR_1R_EXHAUSTION_CONFIRM_V1,1790290800000,2026-09-24T23:00:00+00:00,1.5326,1.5395,1.5297,1.5344,81.65289256198348,1.507265,1.4577232489207392,1.437804,0.020464285714285713,0.013336995382094442,67.08160442600271,1.5,False,RSI_NOT_BELOW_34|CLOSE_NOT_NEAR_OR_BELOW_LOWER_BB
2026-09-25T00:30:04.062349+00:00,SIE_OLD_MR_1R_EXHAUSTION_CONFIRM_V1,XRP,XRPUSDT,strategy-lab-v1.0.0:SIE_OLD_MR_1R_EXHAUSTION_CONFIRM_V1,1790294400000,2026-09-25T00:00:00+00:00,1.534,1.5608,1.5338,1.5526,82.90993071593533,1.509865,1.4566718322056356,1.4392304999999999,0.02106428571428571,0.013567104028265947,81.65289256198348,1.5000000000000053,False,RSI_NOT_BELOW_34|CLOSE_NOT_NEAR_OR_BELOW_LOWER_BB
2026-09-25T00:30:04.062349+00:00,SIE_OLD_MR_1R_EXHAUSTION_CONFIRM_V1,DOGE,DOGEUSDT,strategy-lab-v1.0.0:SIE_OLD_MR_1R_EXHAUSTION_CONFIRM_V1,1790287200000,2026-09-24T22:00:00+00:00,0.09587,0.09587,0.09492,0.09546,62.91469194312794,0.0945095,0.09175128699154747,0.09032325000000001,0.0014050000000000015,0.01471820657867171,57.096774193548384,1.4999999999999951,False,PLANNED_REWARD_TOO_LOW|RSI_NOT_BELOW_34|CLOSE_NOT_NEAR_OR_BELOW_LOWER_BB|RSI_RECOVERY_NOT_CONFIRMED
2026-09-25T00:30:04.062349+00:00,SIE_OLD_MR_1R_EXHAUSTION_CONFIRM_V1,DOGE,DOGEUSDT,strategy-lab-v1.0.0:SIE_OLD_MR_1R_EXHAUSTION_CONFIRM_V1,1790290800000,2026-09-24T23:00:00+00:00,0.09544,0.09605,0.09544,0.09575,74.66666666666657,0.094639,0.09190327413654134,0.09040720000000001,0.0012942857142857161,0.01351734427452445,62.91469194312794,1.5,False,RSI_NOT_BELOW_34|CLOSE_NOT_NEAR_OR_BELOW_LOWER_BB
2026-09-25T00:30:04.062349+00:00,SIE_OLD_MR_1R_EXHAUSTION_CONFIRM_V1,DOGE,DOGEUSDT,strategy-lab-v1.0.0:SIE_OLD_MR_1R_EXHAUSTION_CONFIRM_V1,1790294400000,2026-09-25T00:00:00+00:00,0.09575,0.09645,0.09573,0.096,73.12588401697303,0.0947335,0.09194728913217312,0.09049099999999999,0.001277857142857145,0.013311011904761928,74.66666666666657,1.4999999999999947,False,PLANNED_REWARD_TOO_LOW|RSI_NOT_BELOW_34|CLOSE_NOT_NEAR_OR_BELOW_LOWER_BB|RSI_RECOVERY_NOT_CONFIRMED
2026-09-25T00:30:04.062349+00:00,SIE_OLD_MR_1R_EXHAUSTION_CONFIRM_V1,BNB,BNBUSDT,strategy-lab-v1.0.0:SIE_OLD_MR_1R_EXHAUSTION_CONFIRM_V1,1790287200000,2026-09-24T22:00:00+00:00,778.4,778.47,775.32,776.51,61.3553719008265,774.558,764.9352652535757,764.3555499999999,4.887857142857164,0.006294648031393239,53.45622119815667,1.5000000000000115,False,RSI_NOT_BELOW_34|CLOSE_NOT_NEAR_OR_BELOW_LOWER_BB|RSI_RECOVERY_NOT_CONFIRMED
2026-09-25T00:30:04.062349+00:00,SIE_OLD_MR_1R_EXHAUSTION_CONFIRM_V1,BNB,BNBUSDT,strategy-lab-v1.0.0:SIE_OLD_MR_1R_EXHAUSTION_CONFIRM_V1,1790290800000,2026-09-24T23:00:00+00:00,776.72,777.71,775.98,776.36,68.71529063309896,775.0495,766.1393698662679,764.6803500000001,4.446428571428596,0.005727276742012206,61.3553719008265,1.4999999999999871,False,PLANNED_REWARD_TOO_LOW|RSI_NOT_BELOW_34|CLOSE_NOT_NEAR_OR_BELOW_LOWER_BB|RSI_RECOVERY_NOT_CONFIRMED
2026-09-25T00:30:04.062349+00:00,SIE_OLD_MR_1R_EXHAUSTION_CONFIRM_V1,BNB,BNBUSDT,strategy-lab-v1.0.0:SIE_OLD_MR_1R_EXHAUSTION_CONFIRM_V1,1790294400000,2026-09-25T00:00:00+00:00,776.72,779.68,776.72,777.73,67.71111960259847,775.3885,766.6131612031193,765.0042500000001,4.395714285714307,0.005651979846108941,68.71529063309896,1.5,False,RSI_NOT_BELOW_34|CLOSE_NOT_NEAR_OR_BELOW_LOWER_BB|RSI_RECOVERY_NOT_CONFIRMED
2026-09-25T00:30:04.062349+00:00,SIE_OLD_MR_1R_EXHAUSTION_CONFIRM_V1,PAXG,PAXGUSDT,strategy-lab-v1.0.0:SIE_OLD_MR_1R_EXHAUSTION_CONFIRM_V1,1790287200000,2026-09-24T22:00:00+00:00,4264.81,4267.32,4261.11,4266.34,54.34252851155075,4266.522,4245.69253375627,4334.73745,15.657142857142649,0.0036699238356864778,46.5069186635168,1.5,False,RSI_NOT_BELOW_34|CLOSE_NOT_NEAR_OR_BELOW_LOWER_BB|CLOSE_NOT_ABOVE_MA200
2026-09-25T00:30:04.062349+00:00,SIE_OLD_MR_1R_EXHAUSTION_CONFIRM_V1,PAXG,PAXGUSDT,strategy-lab-v1.0.0:SIE_OLD_MR_1R_EXHAUSTION_CONFIRM_V1,1790290800000,2026-09-24T23:00:00+00:00,4266.6,4267.28,4258.81,4258.81,52.7535957607876,4265.309,4245.6848078892735,4334.27005,15.401428571428369,0.003616369025955224,54.34252851155075,1.5000000000000295,False,RSI_NOT_BELOW_34|CLOSE_NOT_NEAR_OR_BELOW_LOWER_BB|CLOSE_NOT_ABOVE_MA200|RSI_RECOVERY_NOT_CONFIRMED
2026-09-25T00:30:04.062349+00:00,SIE_OLD_MR_1R_EXHAUSTION_CONFIRM_V1,PAXG,PAXGUSDT,strategy-lab-v1.0.0:SIE_OLD_MR_1R_EXHAUSTION_CONFIRM_V1,1790294400000,2026-09-25T00:00:00+00:00,4259.63,4263.23,4258.8,4262.99,53.46257805946478,4264.0085,4247.663269166553,4333.848349999999,14.517857142856883,0.003405557400523314,52.7535957607876,1.5,False,RSI_NOT_BELOW_34|CLOSE_NOT_NEAR_OR_BELOW_LOWER_BB|CLOSE_NOT_ABOVE_MA200
2026-09-25T07:40:45.167157+00:00,SIE_OLD_MR_1R_EXHAUSTION_CONFIRM_V1,BTC,BTCUSDT,strategy-lab-v1.0.0:SIE_OLD_MR_1R_EXHAUSTION_CONFIRM_V1,1790298000000,2026-09-25T01:00:00+00:00,84577.63,84799.79,84333.45,84596.07,66.37527563035482,84110.5175,83273.6636971866,82000.6964,588.4142857142828,0.006955574717765053,65.65339946174096,1.5000000000000124,False,RSI_NOT_BELOW_34|CLOSE_NOT_NEAR_OR_BELOW_LOWER_BB
2026-09-25T07:40:45.167157+00:00,SIE_OLD_MR_1R_EXHAUSTION_CONFIRM_V1,BTC,BTCUSDT,strategy-lab-v1.0.0:SIE_OLD_MR_1R_EXHAUSTION_CONFIRM_V1,1790301600000,2026-09-25T02:00:00+00:00,84596.11,84882.18,84152.88,84220.94,58.659153075483,84116.784,83278.59464777446,82044.02115,616.4249999999956,0.007319141771630614,66.37527563035482,1.4999999999999882,False,PLANNED_REWARD_TOO_LOW|RSI_NOT_BELOW_34|CLOSE_NOT_NEAR_OR_BELOW_LOWER_BB|RSI_RECOVERY_NOT_CONFIRMED
2026-09-25T07:40:45.167157+00:00,SIE_OLD_MR_1R_EXHAUSTION_CONFIRM_V1,BTC,BTCUSDT,strategy-lab-v1.0.0:SIE_OLD_MR_1R_EXHAUSTION_CONFIRM_V1,1790305200000,2026-09-25T03:00:00+00:00,84216.09,84385.24,84037.7,84216.0,49.6677186182332,84102.4115,83281.55721391797,82085.10115,586.5028571428536,0.006964268751102565,58.659153075483,1.5,False,RSI_NOT_BELOW_34|CLOSE_NOT_NEAR_OR_BELOW_LOWER_BB|RSI_RECOVERY_NOT_CONFIRMED
2026-09-25T07:40:45.167157+00:00,SIE_OLD_MR_1R_EXHAUSTION_CONFIRM_V1,BTC,BTCUSDT,strategy-lab-v1.0.0:SIE_OLD_MR_1R_EXHAUSTION_CONFIRM_V1,1790308800000,2026-09-25T04:00:00+00:00,84216.01,84285.9,84046.0,84189.81,60.94324919260251,84130.19450000001,83337.4851511796,82125.54030000001,491.0257142857102,0.005832365155423325,49.6677186182332,1.5000000000000149,False,RSI_NOT_BELOW_34|CLOSE_NOT_NEAR_OR_BELOW_LOWER_BB|RSI_RECOVERY_NOT_CONFIRMED
2026-09-25T07:40:45.167157+00:00,SIE_OLD_MR_1R_EXHAUSTION_CONFIRM_V1,BTC,BTCUSDT,strategy-lab-v1.0.0:SIE_OLD_MR_1R_EXHAUSTION_CONFIRM_V1,1790312400000,2026-09-25T05:00:00+00:00,84188.02,84340.54,84077.99,84181.75,43.69346344040934,84177.03349999999,83496.28416664789,82166.91175000001,437.1778571428523,0.005193261688463976,60.94324919260251,1.4999999999999833,False,PLANNED_REWARD_TOO_LOW|RSI_NOT_BELOW_34|CLOSE_NOT_NEAR_OR_BELOW_LOWER_BB|RSI_RECOVERY_NOT_CONFIRMED
2026-09-25T07:40:45.167157+00:00,SIE_OLD_MR_1R_EXHAUSTION_CONFIRM_V1,BTC,BTCUSDT,strategy-lab-v1.0.0:SIE_OLD_MR_1R_EXHAUSTION_CONFIRM_V1,1790316000000,2026-09-25T06:00:00+00:00,84181.75,84280.31,83913.43,84022.58,37.86146237192405,84203.31450000001,83592.636127477,82208.92425000001,398.6271428571386,0.00474428591525205,43.69346344040934,1.4999999999999818,False,PLANNED_REWARD_TOO_LOW|RSI_NOT_BELOW_34|CLOSE_NOT_NEAR_OR_BELOW_LOWER_BB|RSI_RECOVERY_NOT_CONFIRMED
2026-09-25T07:40:45.167157+00:00,SIE_OLD_MR_1R_EXHAUSTION_CONFIRM_V1,BTC,BTCUSDT,strategy-lab-v1.0.0:SIE_OLD_MR_1R_EXHAUSTION_CONFIRM_V1,1790319600000,2026-09-25T07:00:00+00:00,84022.59,84096.13,83720.0,83820.12,41.823581143758716,84220.88249999999,83679.45191493542,82247.2999,384.5571428571389,0.0045878858543406875,37.86146237192405,1.5,False,RSI_NOT_BELOW_34|CLOSE_NOT_NEAR_OR_BELOW_LOWER_BB|RSI_RECOVERY_NOT_CONFIRMED
2026-09-25T07:40:45.167157+00:00,SIE_OLD_MR_1R_EXHAUSTION_CONFIRM_V1,SOL,SOLUSDT,strategy-lab-v1.0.0:SIE_OLD_MR_1R_EXHAUSTION_CONFIRM_V1,1790298000000,2026-09-25T01:00:00+00:00,117.4,117.9,117.12,117.46,78.99159663865524,115.72,112.67555587996654,111.4832,1.152857142857146,0.009814891391598381,78.48101265822766,1.5000000000000062,False,RSI_NOT_BELOW_34|CLOSE_NOT_NEAR_OR_BELOW_LOWER_BB
2026-09-25T07:40:45.167157+00:00,SIE_OLD_MR_1R_EXHAUSTION_CONFIRM_V1,SOL,SOLUSDT,strategy-lab-v1.0.0:SIE_OLD_MR_1R_EXHAUSTION_CONFIRM_V1,1790301600000,2026-09-25T02:00:00+00:00,117.48,118.45,116.76,116.9,71.5076071922544,115.82449999999999,112.7687154853448,111.579,1.2157142857142884,0.01039960894537458,78.99159663865524,1.5,False,RSI_NOT_BELOW_34|CLOSE_NOT_NEAR_OR_BELOW_LOWER_BB|RSI_RECOVERY_NOT_CONFIRMED
2026-09-25T07:40:45.167157+00:00,SIE_OLD_MR_1R_EXHAUSTION_CONFIRM_V1,SOL,SOLUSDT,strategy-lab-v1.0.0:SIE_OLD_MR_1R_EXHAUSTION_CONFIRM_V1,1790305200000,2026-09-25T03:00:00+00:00,116.9,117.29,116.46,116.85,65.52287581699328,115.8915,112.80760457375635,111.6734,1.1600000000000037,0.009927257167308547,71.5076071922544,1.5,False,RSI_NOT_BELOW_34|CLOSE_NOT_NEAR_OR_BELOW_LOWER_BB|RSI_RECOVERY_NOT_CONFIRMED
2026-09-25T07:40:45.167157+00:00,SIE_OLD_MR_1R_EXHAUSTION_CONFIRM_V1,SOL,SOLUSDT,strategy-lab-v1.0.0:SIE_OLD_MR_1R_EXHAUSTION_CONFIRM_V1,1790308800000,2026-09-25T04:00:00+00:00,116.85,117.37,116.22,116.36,64.26282051282044,116.00399999999999,113.02592411110689,111.76205,1.0757142857142898,0.009244708539999053,65.52287581699328,1.5000000000000067,False,RSI_NOT_BELOW_34|CLOSE_NOT_NEAR_OR_BELOW_LOWER_BB|RSI_RECOVERY_NOT_CONFIRMED
2026-09-25T07:40:45.167157+00:00,SIE_OLD_MR_1R_EXHAUSTION_CONFIRM_V1,SOL,SOLUSDT,strategy-lab-v1.0.0:SIE_OLD_MR_1R_EXHAUSTION_CONFIRM_V1,1790312400000,2026-09-25T05:00:00+00:00,116.35,116.64,116.12,116.4,51.096491228070256,116.1685,113.50072733352211,111.8525,0.950714285714289,0.008167648502700077,64.26282051282044,1.4999999999999925,False,PLANNED_REWARD_TOO_LOW|RSI_NOT_BELOW_34|CLOSE_NOT_NEAR_OR_BELOW_LOWER_BB|RSI_RECOVERY_NOT_CONFIRMED
2026-09-25T07:40:45.167157+00:00,SIE_OLD_MR_1R_EXHAUSTION_CONFIRM_V1,SOL,SOLUSDT,strategy-lab-v1.0.0:SIE_OLD_MR_1R_EXHAUSTION_CONFIRM_V1,1790316000000,2026-09-25T06:00:00+00:00,116.41,116.73,116.07,116.25,39.746835443038066,116.3135,113.97995098615722,111.9467,0.8628571428571468,0.007422427035330295,51.096491228070256,1.4999999999999918,False,PLANNED_REWARD_TOO_LOW|RSI_NOT_BELOW_34|CLOSE_NOT_NEAR_OR_BELOW_LOWER_BB|RSI_RECOVERY_NOT_CONFIRMED
2026-09-25T07:40:45.167157+00:00,SIE_OLD_MR_1R_EXHAUSTION_CONFIRM_V1,SOL,SOLUSDT,strategy-lab-v1.0.0:SIE_OLD_MR_1R_EXHAUSTION_CONFIRM_V1,1790319600000,2026-09-25T07:00:00+00:00,116.23,116.6,115.82,116.07,41.20734908136491,116.451,114.55640875120602,112.0342,0.8557142857142891,0.007372398429519162,39.746835443038066,1.5000000000000082,False,RSI_NOT_BELOW_34|CLOSE_NOT_NEAR_OR_BELOW_LOWER_BB|RSI_RECOVERY_NOT_CONFIRMED
2026-09-25T07:40:45.167157+00:00,SIE_OLD_MR_1R_EXHAUSTION_CONFIRM_V1,XRP,XRPUSDT,strategy-lab-v1.0.0:SIE_OLD_MR_1R_EXHAUSTION_CONFIRM_V1,1790298000000,2026-09-25T01:00:00+00:00,1.5441,1.5553,1.5348,1.5413,79.34693877551013,1.5112999999999999,1.4575765228228899,1.440597,0.021778571428571425,0.014130001575664327,81.75842235004107,1.5,False,RSI_NOT_BELOW_34|CLOSE_NOT_NEAR_OR_BELOW_LOWER_BB|RSI_RECOVERY_NOT_CONFIRMED
2026-09-25T07:40:45.167157+00:00,SIE_OLD_MR_1R_EXHAUSTION_CONFIRM_V1,XRP,XRPUSDT,strategy-lab-v1.0.0:SIE_OLD_MR_1R_EXHAUSTION_CONFIRM_V1,1790301600000,2026-09-25T02:00:00+00:00,1.5412,1.5545,1.5258,1.5284,69.58598726114647,1.5126149999999998,1.4585701195764162,1.4418520000000001,0.02272142857142856,0.014866153213444491,79.34693877551013,1.4999999999999951,False,PLANNED_REWARD_TOO_LOW|RSI_NOT_BELOW_34|CLOSE_NOT_NEAR_OR_BELOW_LOWER_BB|RSI_RECOVERY_NOT_CONFIRMED
2026-09-25T07:40:45.167157+00:00,SIE_OLD_MR_1R_EXHAUSTION_CONFIRM_V1,XRP,XRPUSDT,strategy-lab-v1.0.0:SIE_OLD_MR_1R_EXHAUSTION_CONFIRM_V1,1790305200000,2026-09-25T03:00:00+00:00,1.5286,1.5342,1.5235,1.5303,63.44497607655502,1.513825,1.4593359598175977,1.443006,0.021335714285714267,0.013942177537550981,69.58598726114647,1.5,False,RSI_NOT_BELOW_34|CLOSE_NOT_NEAR_OR_BELOW_LOWER_BB|RSI_RECOVERY_NOT_CONFIRMED
2026-09-25T07:40:45.167157+00:00,SIE_OLD_MR_1R_EXHAUSTION_CONFIRM_V1,XRP,XRPUSDT,strategy-lab-v1.0.0:SIE_OLD_MR_1R_EXHAUSTION_CONFIRM_V1,1790308800000,2026-09-25T04:00:00+00:00,1.5303,1.5415,1.5266,1.5321,66.116504854369,1.51627,1.4631252881276091,1.4441585000000001,0.019607142857142854,0.012797560770930654,63.44497607655502,1.5000000000000058,False,RSI_NOT_BELOW_34|CLOSE_NOT_NEAR_OR_BELOW_LOWER_BB
2026-09-25T07:40:45.167157+00:00,SIE_OLD_MR_1R_EXHAUSTION_CONFIRM_V1,XRP,XRPUSDT,strategy-lab-v1.0.0:SIE_OLD_MR_1R_EXHAUSTION_CONFIRM_V1,1790312400000,2026-09-25T05:00:00+00:00,1.532,1.5371,1.5263,1.528,57.37704918032791,1.51978,1.4737490278182241,1.4453400000000003,0.018628571428571408,0.012191473448017937,66.116504854369,1.499999999999994,False,PLANNED_REWARD_TOO_LOW|RSI_NOT_BELOW_34|CLOSE_NOT_NEAR_OR_BELOW_LOWER_BB|RSI_RECOVERY_NOT_CONFIRMED
2026-09-25T07:40:45.167157+00:00,SIE_OLD_MR_1R_EXHAUSTION_CONFIRM_V1,XRP,XRPUSDT,strategy-lab-v1.0.0:SIE_OLD_MR_1R_EXHAUSTION_CONFIRM_V1,1790316000000,2026-09-25T06:00:00+00:00,1.528,1.5358,1.5203,1.5299,48.20717131474108,1.52292,1.483615313256567,1.446561,0.01735714285714285,0.011345279336651316,57.37704918032791,1.4999999999999936,False,PLANNED_REWARD_TOO_LOW|RSI_NOT_BELOW_34|CLOSE_NOT_NEAR_OR_BELOW_LOWER_BB|RSI_RECOVERY_NOT_CONFIRMED
2026-09-25T07:40:45.167157+00:00,SIE_OLD_MR_1R_EXHAUSTION_CONFIRM_V1,XRP,XRPUSDT,strategy-lab-v1.0.0:SIE_OLD_MR_1R_EXHAUSTION_CONFIRM_V1,1790319600000,2026-09-25T07:00:00+00:00,1.5297,1.5398,1.5253,1.5254,48.594377510040175,1.5257200000000002,1.495030418706027,1.447695,0.016921428571428563,0.011093109067410884,48.20717131474108,1.5,False,RSI_NOT_BELOW_34|CLOSE_NOT_NEAR_OR_BELOW_LOWER_BB|RSI_RECOVERY_NOT_CONFIRMED
2026-09-25T07:40:45.167157+00:00,SIE_OLD_MR_1R_EXHAUSTION_CONFIRM_V1,DOGE,DOGEUSDT,strategy-lab-v1.0.0:SIE_OLD_MR_1R_EXHAUSTION_CONFIRM_V1,1790298000000,2026-09-25T01:00:00+00:00,0.09646,0.09696,0.09566,0.09592,70.2871410736579,0.09484800000000002,0.0919871218131496,0.09057889999999999,0.001338571428571432,0.013955081615632109,74.76759628154042,1.499999999999995,False,PLANNED_REWARD_TOO_LOW|RSI_NOT_BELOW_34|CLOSE_NOT_NEAR_OR_BELOW_LOWER_BB|RSI_RECOVERY_NOT_CONFIRMED
2026-09-25T07:40:45.167157+00:00,SIE_OLD_MR_1R_EXHAUSTION_CONFIRM_V1,DOGE,DOGEUSDT,strategy-lab-v1.0.0:SIE_OLD_MR_1R_EXHAUSTION_CONFIRM_V1,1790301600000,2026-09-25T02:00:00+00:00,0.09595,0.09662,0.09496,0.09505,62.89954337899538,0.0948805,0.09202595642877946,0.09065675,0.001394285714285717,0.014668971218155887,70.2871410736579,1.5000000000000049,False,RSI_NOT_BELOW_34|CLOSE_NOT_NEAR_OR_BELOW_LOWER_BB|RSI_RECOVERY_NOT_CONFIRMED
2026-09-25T07:40:45.167157+00:00,SIE_OLD_MR_1R_EXHAUSTION_CONFIRM_V1,DOGE,DOGEUSDT,strategy-lab-v1.0.0:SIE_OLD_MR_1R_EXHAUSTION_CONFIRM_V1,1790305200000,2026-09-25T03:00:00+00:00,0.09506,0.09537,0.09462,0.0952,56.60881174899866,0.09491250000000001,0.0920586963977883,0.09073105,0.0013192857142857173,0.013858043217286946,62.89954337899538,1.5,False,RSI_NOT_BELOW_34|CLOSE_NOT_NEAR_OR_BELOW_LOWER_BB|RSI_RECOVERY_NOT_CONFIRMED
2026-09-25T07:40:45.167157+00:00,SIE_OLD_MR_1R_EXHAUSTION_CONFIRM_V1,DOGE,DOGEUSDT,strategy-lab-v1.0.0:SIE_OLD_MR_1R_EXHAUSTION_CONFIRM_V1,1790308800000,2026-09-25T04:00:00+00:00,0.09518,0.0958,0.09489,0.09508,55.540897097625255,0.0950025,0.09224852196813474,0.0908033,0.0011721428571428597,0.012327964420938786,56.60881174899866,1.499999999999994,False,PLANNED_REWARD_TOO_LOW|RSI_NOT_BELOW_34|CLOSE_NOT_NEAR_OR_BELOW_LOWER_BB|RSI_RECOVERY_NOT_CONFIRMED
2026-09-25T07:40:45.167157+00:00,SIE_OLD_MR_1R_EXHAUSTION_CONFIRM_V1,DOGE,DOGEUSDT,strategy-lab-v1.0.0:SIE_OLD_MR_1R_EXHAUSTION_CONFIRM_V1,1790312400000,2026-09-25T05:00:00+00:00,0.09508,0.09535,0.0948,0.09509,45.557350565428074,0.0951545,0.09275657193602552,0.09087635000000001,0.0010692857142857181,0.011244985953157201,55.540897097625255,1.5,False,RSI_NOT_BELOW_34|CLOSE_NOT_NEAR_OR_BELOW_LOWER_BB|RSI_RECOVERY_NOT_CONFIRMED
2026-09-25T07:40:45.167157+00:00,SIE_OLD_MR_1R_EXHAUSTION_CONFIRM_V1,DOGE,DOGEUSDT,strategy-lab-v1.0.0:SIE_OLD_MR_1R_EXHAUSTION_CONFIRM_V1,1790316000000,2026-09-25T06:00:00+00:00,0.09511,0.09544,0.0945,0.09497,37.23021582733818,0.0952665,0.09313787344750274,0.0909516,0.0009571428571428597,0.0100783706132764,45.557350565428074,1.4999999999999927,False,PLANNED_REWARD_TOO_LOW|RSI_NOT_BELOW_34|CLOSE_NOT_NEAR_OR_BELOW_LOWER_BB|RSI_RECOVERY_NOT_CONFIRMED
2026-09-25T07:40:45.167157+00:00,SIE_OLD_MR_1R_EXHAUSTION_CONFIRM_V1,DOGE,DOGEUSDT,strategy-lab-v1.0.0:SIE_OLD_MR_1R_EXHAUSTION_CONFIRM_V1,1790319600000,2026-09-25T07:00:00+00:00,0.095,0.09542,0.09462,0.09496,40.748031496063085,0.09538100000000001,0.09360644766208594,0.09102215,0.0009464285714285743,0.009966602479239408,37.23021582733818,1.5,False,RSI_NOT_BELOW_34|CLOSE_NOT_NEAR_OR_BELOW_LOWER_BB|RSI_RECOVERY_NOT_CONFIRMED
2026-09-25T07:40:45.167157+00:00,SIE_OLD_MR_1R_EXHAUSTION_CONFIRM_V1,BNB,BNBUSDT,strategy-lab-v1.0.0:SIE_OLD_MR_1R_EXHAUSTION_CONFIRM_V1,1790298000000,2026-09-25T01:00:00+00:00,777.01,778.68,775.82,778.12,66.77152968934335,775.63,766.8908673199205,765.3294500000001,4.405000000000014,0.00566108055312807,66.9921875,1.5,False,RSI_NOT_BELOW_34|CLOSE_NOT_NEAR_OR_BELOW_LOWER_BB|RSI_RECOVERY_NOT_CONFIRMED
2026-09-25T07:40:45.167157+00:00,SIE_OLD_MR_1R_EXHAUSTION_CONFIRM_V1,BNB,BNBUSDT,strategy-lab-v1.0.0:SIE_OLD_MR_1R_EXHAUSTION_CONFIRM_V1,1790301600000,2026-09-25T02:00:00+00:00,778.12,779.8,773.31,773.9,54.878917378917414,775.7144999999999,767.0771868182267,765.62545,4.682857142857155,0.006050984807930165,66.77152968934335,1.4999999999999878,False,PLANNED_REWARD_TOO_LOW|RSI_NOT_BELOW_34|CLOSE_NOT_NEAR_OR_BELOW_LOWER_BB|RSI_RECOVERY_NOT_CONFIRMED
2026-09-25T07:40:45.167157+00:00,SIE_OLD_MR_1R_EXHAUSTION_CONFIRM_V1,BNB,BNBUSDT,strategy-lab-v1.0.0:SIE_OLD_MR_1R_EXHAUSTION_CONFIRM_V1,1790305200000,2026-09-25T03:00:00+00:00,773.23,774.75,770.73,772.81,41.07066381156298,775.5545,766.8269265113357,765.8965,4.492857142857149,0.0058136633103313224,54.878917378917414,1.4999999999999873,False,PLANNED_REWARD_TOO_LOW|RSI_NOT_BELOW_34|CLOSE_NOT_NEAR_OR_BELOW_LOWER_BB|RSI_RECOVERY_NOT_CONFIRMED
2026-09-25T07:40:45.167157+00:00,SIE_OLD_MR_1R_EXHAUSTION_CONFIRM_V1,BNB,BNBUSDT,strategy-lab-v1.0.0:SIE_OLD_MR_1R_EXHAUSTION_CONFIRM_V1,1790308800000,2026-09-25T04:00:00+00:00,772.8,774.05,771.01,773.38,44.30876580898382,775.7415,767.3760896095868,766.1634999999999,4.054285714285713,0.005242294492081142,41.07066381156298,1.5,False,RSI_NOT_BELOW_34|CLOSE_NOT_NEAR_OR_BELOW_LOWER_BB
2026-09-25T07:40:45.167157+00:00,SIE_OLD_MR_1R_EXHAUSTION_CONFIRM_V1,BNB,BNBUSDT,strategy-lab-v1.0.0:SIE_OLD_MR_1R_EXHAUSTION_CONFIRM_V1,1790312400000,2026-09-25T05:00:00+00:00,773.41,775.01,772.47,774.81,35.82914572864287,776.1695,768.9998989650726,766.4347499999999,3.7478571428571366,0.004837130577634694,44.30876580898382,1.5,False,RSI_NOT_BELOW_34|CLOSE_NOT_NEAR_OR_BELOW_LOWER_BB|RSI_RECOVERY_NOT_CONFIRMED
2026-09-25T07:40:45.167157+00:00,SIE_OLD_MR_1R_EXHAUSTION_CONFIRM_V1,BNB,BNBUSDT,strategy-lab-v1.0.0:SIE_OLD_MR_1R_EXHAUSTION_CONFIRM_V1,1790316000000,2026-09-25T06:00:00+00:00,774.39,775.96,772.75,773.16,32.805219012115515,776.4045,769.9930712200764,766.7086,3.430714285714284,0.004437263031861819,35.82914572864287,1.4999999999999833,False,PLANNED_REWARD_TOO_LOW|CLOSE_NOT_NEAR_OR_BELOW_LOWER_BB|RSI_RECOVERY_NOT_CONFIRMED
2026-09-25T07:40:45.167157+00:00,SIE_OLD_MR_1R_EXHAUSTION_CONFIRM_V1,BNB,BNBUSDT,strategy-lab-v1.0.0:SIE_OLD_MR_1R_EXHAUSTION_CONFIRM_V1,1790319600000,2026-09-25T07:00:00+00:00,773.07,774.21,771.76,772.14,34.93796526054575,776.5319999999999,770.5829577241346,766.9408,3.3521428571428538,0.004341366665556575,32.805219012115515,1.4999999999999831,False,PLANNED_REWARD_TOO_LOW|RSI_NOT_BELOW_34|CLOSE_NOT_NEAR_OR_BELOW_LOWER_BB|RSI_RECOVERY_NOT_CONFIRMED
2026-09-25T07:40:45.167157+00:00,SIE_OLD_MR_1R_EXHAUSTION_CONFIRM_V1,PAXG,PAXGUSDT,strategy-lab-v1.0.0:SIE_OLD_MR_1R_EXHAUSTION_CONFIRM_V1,1790298000000,2026-09-25T01:00:00+00:00,4274.09,4287.61,4274.09,4282.39,58.84437850313231,4264.753500000001,4247.114219657471,4333.4612,15.399999999999702,0.003596122725860956,57.621795959938986,1.5,False,RSI_NOT_BELOW_34|CLOSE_NOT_NEAR_OR_BELOW_LOWER_BB|CLOSE_NOT_ABOVE_MA200
2026-09-25T07:40:45.167157+00:00,SIE_OLD_MR_1R_EXHAUSTION_CONFIRM_V1,PAXG,PAXGUSDT,strategy-lab-v1.0.0:SIE_OLD_MR_1R_EXHAUSTION_CONFIRM_V1,1790301600000,2026-09-25T02:00:00+00:00,4281.01,4287.91,4273.18,4276.0,48.21625597646187,4264.862500000001,4246.9752655854145,4333.5067,14.797857142856824,0.00346067753574762,58.84437850313231,1.4999999999999694,False,PLANNED_REWARD_TOO_LOW|RSI_NOT_BELOW_34|CLOSE_NOT_NEAR_OR_BELOW_LOWER_BB|CLOSE_NOT_ABOVE_MA200|RSI_RECOVERY_NOT_CONFIRMED
2026-09-25T07:40:45.167157+00:00,SIE_OLD_MR_1R_EXHAUSTION_CONFIRM_V1,PAXG,PAXGUSDT,strategy-lab-v1.0.0:SIE_OLD_MR_1R_EXHAUSTION_CONFIRM_V1,1790305200000,2026-09-25T03:00:00+00:00,4277.69,4279.71,4264.56,4265.02,51.60401495768562,4264.414,4247.021724243148,4333.4592,14.446428571428246,0.0033871889396598948,48.21625597646187,1.4999999999999685,False,PLANNED_REWARD_TOO_LOW|RSI_NOT_BELOW_34|CLOSE_NOT_NEAR_OR_BELOW_LOWER_BB|CLOSE_NOT_ABOVE_MA200|RSI_RECOVERY_NOT_CONFIRMED
2026-09-25T07:40:45.167157+00:00,SIE_OLD_MR_1R_EXHAUSTION_CONFIRM_V1,PAXG,PAXGUSDT,strategy-lab-v1.0.0:SIE_OLD_MR_1R_EXHAUSTION_CONFIRM_V1,1790308800000,2026-09-25T04:00:00+00:00,4264.41,4267.33,4257.75,4257.75,54.579517069109215,4264.429999999999,4247.062882795283,4333.3989,13.762142857142537,0.0032322571445346808,51.60401495768562,1.500000000000033,False,RSI_NOT_BELOW_34|CLOSE_NOT_NEAR_OR_BELOW_LOWER_BB|CLOSE_NOT_ABOVE_MA200|RSI_RECOVERY_NOT_CONFIRMED
2026-09-25T07:40:45.167157+00:00,SIE_OLD_MR_1R_EXHAUSTION_CONFIRM_V1,PAXG,PAXGUSDT,strategy-lab-v1.0.0:SIE_OLD_MR_1R_EXHAUSTION_CONFIRM_V1,1790312400000,2026-09-25T05:00:00+00:00,4257.0,4272.04,4251.02,4262.69,55.08439687114008,4264.915,4248.328660439917,4333.36315,14.22571428571395,0.0033372622183911924,54.579517069109215,1.5,False,RSI_NOT_BELOW_34|CLOSE_NOT_NEAR_OR_BELOW_LOWER_BB|CLOSE_NOT_ABOVE_MA200
2026-09-25T07:40:45.167157+00:00,SIE_OLD_MR_1R_EXHAUSTION_CONFIRM_V1,PAXG,PAXGUSDT,strategy-lab-v1.0.0:SIE_OLD_MR_1R_EXHAUSTION_CONFIRM_V1,1790316000000,2026-09-25T06:00:00+00:00,4265.14,4276.7,4263.53,4274.34,53.435766111822744,4265.854,4249.366347165155,4333.39445,13.114999999999716,0.003068309961303901,55.08439687114008,1.5,False,RSI_NOT_BELOW_34|CLOSE_NOT_NEAR_OR_BELOW_LOWER_BB|CLOSE_NOT_ABOVE_MA200|RSI_RECOVERY_NOT_CONFIRMED
2026-09-25T07:40:45.167157+00:00,SIE_OLD_MR_1R_EXHAUSTION_CONFIRM_V1,PAXG,PAXGUSDT,strategy-lab-v1.0.0:SIE_OLD_MR_1R_EXHAUSTION_CONFIRM_V1,1790319600000,2026-09-25T07:00:00+00:00,4273.77,4274.15,4267.77,4274.15,57.22774540052543,4266.515,4249.811390210426,4333.39775,12.352857142856854,0.0028901318725025687,53.435766111822744,1.4999999999999631,False,PLANNED_REWARD_TOO_LOW|RSI_NOT_BELOW_34|CLOSE_NOT_NEAR_OR_BELOW_LOWER_BB|CLOSE_NOT_ABOVE_MA200|RSI_RECOVERY_NOT_CONFIRMED
