<<<<<<< HEAD,timestamp,candidate_id,asset,symbol,strategy_version,candle_close_time,candle_time,open,high,low,close,side,adx,adx_falling_3,ma20,bb_lower,bb_upper,bb_width_pct,band_distance_atr,atr,planned_reward_r,passed,rejection_reasons
timestamp,,,,,,,,,,,,,,,,,,,,,,,
2026-07-19T21:14:20.693242+00:00,,,,,,,,,,,,,,,,,,,,,,,
2026-07-19T21:14:20.693242+00:00,,,,,,,,,,,,,,,,,,,,,,,
2026-07-19T21:14:20.693242+00:00,,,,,,,,,,,,,,,,,,,,,,,
2026-07-19T21:14:20.693242+00:00,,,,,,,,,,,,,,,,,,,,,,,
2026-07-19T21:14:20.693242+00:00,,,,,,,,,,,,,,,,,,,,,,,
2026-07-19T21:14:20.693242+00:00,,,,,,,,,,,,,,,,,,,,,,,
2026-07-19T21:14:20.693242+00:00,,,,,,,,,,,,,,,,,,,,,,,
2026-07-19T21:14:20.693242+00:00,,,,,,,,,,,,,,,,,,,,,,,
2026-07-19T21:14:20.693242+00:00,,,,,,,,,,,,,,,,,,,,,,,
2026-07-19T21:14:20.693242+00:00,,,,,,,,,,,,,,,,,,,,,,,
2026-07-19T21:14:20.693242+00:00,,,,,,,,,,,,,,,,,,,,,,,
2026-07-19T21:14:20.693242+00:00,,,,,,,,,,,,,,,,,,,,,,,
2026-07-19T21:14:20.693242+00:00,,,,,,,,,,,,,,,,,,,,,,,
2026-07-19T21:14:20.693242+00:00,,,,,,,,,,,,,,,,,,,,,,,
2026-07-19T21:14:20.693242+00:00,,,,,,,,,,,,,,,,,,,,,,,
2026-07-19T21:14:20.693242+00:00,,,,,,,,,,,,,,,,,,,,,,,
2026-07-19T21:14:20.693242+00:00,,,,,,,,,,,,,,,,,,,,,,,
2026-07-19T21:14:20.693242+00:00,,,,,,,,,,,,,,,,,,,,,,,
2026-07-19T21:14:20.693242+00:00,,,,,,,,,,,,,,,,,,,,,,,
2026-07-19T21:14:20.693242+00:00,,,,,,,,,,,,,,,,,,,,,,,
2026-07-19T21:14:20.693242+00:00,,,,,,,,,,,,,,,,,,,,,,,
2026-07-19T21:14:20.693242+00:00,,,,,,,,,,,,,,,,,,,,,,,
2026-07-19T21:14:20.693242+00:00,,,,,,,,,,,,,,,,,,,,,,,
2026-07-19T21:14:20.693242+00:00,,,,,,,,,,,,,,,,,,,,,,,
2026-07-19T21:14:20.693242+00:00,,,,,,,,,,,,,,,,,,,,,,,
2026-07-19T21:14:20.693242+00:00,,,,,,,,,,,,,,,,,,,,,,,
2026-07-19T21:14:20.693242+00:00,,,,,,,,,,,,,,,,,,,,,,,
2026-07-19T21:14:20.693242+00:00,,,,,,,,,,,,,,,,,,,,,,,
2026-07-19T21:14:20.693242+00:00,,,,,,,,,,,,,,,,,,,,,,,
2026-07-19T21:14:20.693242+00:00,,,,,,,,,,,,,,,,,,,,,,,
2026-07-19T21:14:20.693242+00:00,,,,,,,,,,,,,,,,,,,,,,,
2026-07-19T21:14:20.693242+00:00,,,,,,,,,,,,,,,,,,,,,,,
2026-07-19T21:14:20.693242+00:00,,,,,,,,,,,,,,,,,,,,,,,
2026-07-19T21:14:20.693242+00:00,,,,,,,,,,,,,,,,,,,,,,,
2026-07-19T21:14:20.693242+00:00,,,,,,,,,,,,,,,,,,,,,,,
2026-07-19T21:14:20.693242+00:00,,,,,,,,,,,,,,,,,,,,,,,
2026-07-19T21:14:20.693242+00:00,,,,,,,,,,,,,,,,,,,,,,,
2026-07-19T21:14:20.693242+00:00,,,,,,,,,,,,,,,,,,,,,,,
2026-07-19T21:14:20.693242+00:00,,,,,,,,,,,,,,,,,,,,,,,
2026-07-19T21:14:20.693242+00:00,,,,,,,,,,,,,,,,,,,,,,,
2026-07-19T21:14:20.693242+00:00,,,,,,,,,,,,,,,,,,,,,,,
2026-07-19T21:14:20.693242+00:00,,,,,,,,,,,,,,,,,,,,,,,
2026-07-19T21:14:20.693242+00:00,,,,,,,,,,,,,,,,,,,,,,,
2026-07-19T21:14:20.693242+00:00,,,,,,,,,,,,,,,,,,,,,,,
2026-07-19T21:14:20.693242+00:00,,,,,,,,,,,,,,,,,,,,,,,
2026-07-19T21:14:20.693242+00:00,,,,,,,,,,,,,,,,,,,,,,,
2026-07-19T21:14:20.693242+00:00,,,,,,,,,,,,,,,,,,,,,,,
2026-07-19T21:14:20.693242+00:00,,,,,,,,,,,,,,,,,,,,,,,
2026-07-19T21:14:20.693242+00:00,,,,,,,,,,,,,,,,,,,,,,,
2026-07-19T21:14:20.693242+00:00,,,,,,,,,,,,,,,,,,,,,,,
2026-07-19T21:14:20.693242+00:00,,,,,,,,,,,,,,,,,,,,,,,
2026-07-19T21:14:20.693242+00:00,,,,,,,,,,,,,,,,,,,,,,,
2026-07-19T21:14:20.693242+00:00,,,,,,,,,,,,,,,,,,,,,,,
2026-07-19T21:14:20.693242+00:00,,,,,,,,,,,,,,,,,,,,,,,
2026-07-19T21:14:20.693242+00:00,,,,,,,,,,,,,,,,,,,,,,,
2026-07-19T21:14:20.693242+00:00,,,,,,,,,,,,,,,,,,,,,,,
2026-07-19T21:14:20.693242+00:00,,,,,,,,,,,,,,,,,,,,,,,
2026-07-19T21:14:20.693242+00:00,,,,,,,,,,,,,,,,,,,,,,,
2026-07-19T21:14:20.693242+00:00,,,,,,,,,,,,,,,,,,,,,,,
2026-07-19T21:14:20.693242+00:00,,,,,,,,,,,,,,,,,,,,,,,
2026-07-19T21:14:20.693242+00:00,,,,,,,,,,,,,,,,,,,,,,,
2026-07-19T21:14:20.693242+00:00,,,,,,,,,,,,,,,,,,,,,,,
2026-07-19T21:14:20.693242+00:00,,,,,,,,,,,,,,,,,,,,,,,
2026-07-19T21:14:20.693242+00:00,,,,,,,,,,,,,,,,,,,,,,,
2026-07-19T21:14:20.693242+00:00,,,,,,,,,,,,,,,,,,,,,,,
2026-07-19T21:14:20.693242+00:00,,,,,,,,,,,,,,,,,,,,,,,
2026-07-19T21:14:20.693242+00:00,,,,,,,,,,,,,,,,,,,,,,,
2026-07-19T21:14:20.693242+00:00,,,,,,,,,,,,,,,,,,,,,,,
2026-07-19T21:14:20.693242+00:00,,,,,,,,,,,,,,,,,,,,,,,
2026-07-19T21:14:20.693242+00:00,,,,,,,,,,,,,,,,,,,,,,,
2026-07-19T21:14:20.693242+00:00,,,,,,,,,,,,,,,,,,,,,,,
2026-07-19T21:14:20.693242+00:00,,,,,,,,,,,,,,,,,,,,,,,
2026-07-19T21:14:20.693242+00:00,,,,,,,,,,,,,,,,,,,,,,,
2026-07-19T21:14:20.693242+00:00,,,,,,,,,,,,,,,,,,,,,,,
2026-07-19T21:14:20.693242+00:00,,,,,,,,,,,,,,,,,,,,,,,
2026-07-19T21:14:20.693242+00:00,,,,,,,,,,,,,,,,,,,,,,,
2026-07-19T21:14:20.693242+00:00,,,,,,,,,,,,,,,,,,,,,,,
2026-07-19T21:14:20.693242+00:00,,,,,,,,,,,,,,,,,,,,,,,
2026-07-19T21:14:20.693242+00:00,,,,,,,,,,,,,,,,,,,,,,,
2026-07-19T21:14:20.693242+00:00,,,,,,,,,,,,,,,,,,,,,,,
2026-07-19T21:14:20.693242+00:00,,,,,,,,,,,,,,,,,,,,,,,
2026-07-19T21:14:20.693242+00:00,,,,,,,,,,,,,,,,,,,,,,,
2026-07-19T21:14:20.693242+00:00,,,,,,,,,,,,,,,,,,,,,,,
2026-07-19T21:14:20.693242+00:00,,,,,,,,,,,,,,,,,,,,,,,
2026-07-19T21:14:20.693242+00:00,,,,,,,,,,,,,,,,,,,,,,,
2026-07-19T21:14:20.693242+00:00,,,,,,,,,,,,,,,,,,,,,,,
2026-07-19T21:14:20.693242+00:00,,,,,,,,,,,,,,,,,,,,,,,
2026-07-19T21:14:20.693242+00:00,,,,,,,,,,,,,,,,,,,,,,,
2026-07-19T21:14:20.693242+00:00,,,,,,,,,,,,,,,,,,,,,,,
2026-07-19T21:14:20.693242+00:00,,,,,,,,,,,,,,,,,,,,,,,
2026-07-19T21:14:20.693242+00:00,,,,,,,,,,,,,,,,,,,,,,,
2026-07-19T21:14:20.693242+00:00,,,,,,,,,,,,,,,,,,,,,,,
2026-07-19T21:14:20.693242+00:00,,,,,,,,,,,,,,,,,,,,,,,
2026-07-19T21:14:20.693242+00:00,,,,,,,,,,,,,,,,,,,,,,,
2026-07-19T21:14:20.693242+00:00,,,,,,,,,,,,,,,,,,,,,,,
2026-07-19T21:14:20.693242+00:00,,,,,,,,,,,,,,,,,,,,,,,
2026-07-19T21:14:20.693242+00:00,,,,,,,,,,,,,,,,,,,,,,,
2026-07-19T21:14:20.693242+00:00,,,,,,,,,,,,,,,,,,,,,,,
2026-07-19T21:14:20.693242+00:00,,,,,,,,,,,,,,,,,,,,,,,
2026-07-19T21:14:20.693242+00:00,,,,,,,,,,,,,,,,,,,,,,,
2026-07-19T21:14:20.693242+00:00,,,,,,,,,,,,,,,,,,,,,,,
2026-07-19T21:14:20.693242+00:00,,,,,,,,,,,,,,,,,,,,,,,
2026-07-19T21:14:20.693242+00:00,,,,,,,,,,,,,,,,,,,,,,,
2026-07-19T21:14:20.693242+00:00,,,,,,,,,,,,,,,,,,,,,,,
2026-07-19T21:14:20.693242+00:00,,,,,,,,,,,,,,,,,,,,,,,
2026-07-19T21:14:20.693242+00:00,,,,,,,,,,,,,,,,,,,,,,,
2026-07-19T21:14:20.693242+00:00,,,,,,,,,,,,,,,,,,,,,,,
2026-07-19T21:14:20.693242+00:00,,,,,,,,,,,,,,,,,,,,,,,
2026-07-19T21:14:20.693242+00:00,,,,,,,,,,,,,,,,,,,,,,,
2026-07-19T21:14:20.693242+00:00,,,,,,,,,,,,,,,,,,,,,,,
2026-07-19T21:14:20.693242+00:00,,,,,,,,,,,,,,,,,,,,,,,
2026-07-19T21:14:20.693242+00:00,,,,,,,,,,,,,,,,,,,,,,,
2026-07-19T21:14:20.693242+00:00,,,,,,,,,,,,,,,,,,,,,,,
2026-07-19T21:14:20.693242+00:00,,,,,,,,,,,,,,,,,,,,,,,
2026-07-19T21:14:20.693242+00:00,,,,,,,,,,,,,,,,,,,,,,,
2026-07-19T21:14:20.693242+00:00,,,,,,,,,,,,,,,,,,,,,,,
2026-07-19T21:14:20.693242+00:00,,,,,,,,,,,,,,,,,,,,,,,
2026-07-19T21:14:20.693242+00:00,,,,,,,,,,,,,,,,,,,,,,,
2026-07-19T21:14:20.693242+00:00,,,,,,,,,,,,,,,,,,,,,,,
2026-07-19T21:14:20.693242+00:00,,,,,,,,,,,,,,,,,,,,,,,
2026-07-19T21:14:20.693242+00:00,,,,,,,,,,,,,,,,,,,,,,,
2026-07-19T21:14:20.693242+00:00,,,,,,,,,,,,,,,,,,,,,,,
2026-07-19T21:14:20.693242+00:00,,,,,,,,,,,,,,,,,,,,,,,
2026-07-19T21:14:20.693242+00:00,,,,,,,,,,,,,,,,,,,,,,,
2026-07-19T21:14:20.693242+00:00,,,,,,,,,,,,,,,,,,,,,,,
2026-07-19T21:14:20.693242+00:00,,,,,,,,,,,,,,,,,,,,,,,
2026-07-19T21:14:20.693242+00:00,,,,,,,,,,,,,,,,,,,,,,,
2026-07-19T21:14:20.693242+00:00,,,,,,,,,,,,,,,,,,,,,,,
2026-07-19T21:14:20.693242+00:00,,,,,,,,,,,,,,,,,,,,,,,
2026-07-19T21:14:20.693242+00:00,,,,,,,,,,,,,,,,,,,,,,,
2026-07-19T21:14:20.693242+00:00,,,,,,,,,,,,,,,,,,,,,,,
2026-07-19T21:14:20.693242+00:00,,,,,,,,,,,,,,,,,,,,,,,
2026-07-19T21:14:20.693242+00:00,,,,,,,,,,,,,,,,,,,,,,,
2026-07-19T21:14:20.693242+00:00,,,,,,,,,,,,,,,,,,,,,,,
2026-07-19T21:14:20.693242+00:00,,,,,,,,,,,,,,,,,,,,,,,
2026-07-19T21:14:20.693242+00:00,,,,,,,,,,,,,,,,,,,,,,,
2026-07-19T21:14:20.693242+00:00,,,,,,,,,,,,,,,,,,,,,,,
2026-07-19T21:14:20.693242+00:00,,,,,,,,,,,,,,,,,,,,,,,
2026-07-19T21:14:20.693242+00:00,,,,,,,,,,,,,,,,,,,,,,,
2026-07-19T21:14:20.693242+00:00,,,,,,,,,,,,,,,,,,,,,,,
2026-07-19T21:14:20.693242+00:00,,,,,,,,,,,,,,,,,,,,,,,
2026-07-19T21:14:20.693242+00:00,,,,,,,,,,,,,,,,,,,,,,,
2026-07-19T21:14:20.693242+00:00,,,,,,,,,,,,,,,,,,,,,,,
2026-07-19T21:14:20.693242+00:00,,,,,,,,,,,,,,,,,,,,,,,
2026-07-19T21:14:20.693242+00:00,,,,,,,,,,,,,,,,,,,,,,,
2026-07-19T21:14:20.693242+00:00,,,,,,,,,,,,,,,,,,,,,,,
2026-07-19T21:14:20.693242+00:00,,,,,,,,,,,,,,,,,,,,,,,
2026-07-19T21:14:20.693242+00:00,,,,,,,,,,,,,,,,,,,,,,,
2026-07-19T21:14:20.693242+00:00,,,,,,,,,,,,,,,,,,,,,,,
2026-07-19T21:14:20.693242+00:00,,,,,,,,,,,,,,,,,,,,,,,
2026-07-19T21:14:20.693242+00:00,,,,,,,,,,,,,,,,,,,,,,,
2026-07-19T21:14:20.693242+00:00,,,,,,,,,,,,,,,,,,,,,,,
2026-07-19T21:14:20.693242+00:00,,,,,,,,,,,,,,,,,,,,,,,
2026-07-19T21:14:20.693242+00:00,,,,,,,,,,,,,,,,,,,,,,,
2026-07-19T21:14:20.693242+00:00,,,,,,,,,,,,,,,,,,,,,,,
2026-07-19T21:14:20.693242+00:00,,,,,,,,,,,,,,,,,,,,,,,
2026-07-19T21:14:20.693242+00:00,,,,,,,,,,,,,,,,,,,,,,,
2026-07-19T21:14:20.693242+00:00,,,,,,,,,,,,,,,,,,,,,,,
2026-07-19T21:14:20.693242+00:00,,,,,,,,,,,,,,,,,,,,,,,
2026-07-19T21:14:20.693242+00:00,,,,,,,,,,,,,,,,,,,,,,,
2026-07-19T21:14:20.693242+00:00,,,,,,,,,,,,,,,,,,,,,,,
2026-07-19T21:14:20.693242+00:00,,,,,,,,,,,,,,,,,,,,,,,
2026-07-19T21:14:20.693242+00:00,,,,,,,,,,,,,,,,,,,,,,,
2026-07-19T21:14:20.693242+00:00,,,,,,,,,,,,,,,,,,,,,,,
2026-07-19T21:14:20.693242+00:00,,,,,,,,,,,,,,,,,,,,,,,
2026-07-19T21:14:20.693242+00:00,,,,,,,,,,,,,,,,,,,,,,,
2026-07-19T21:14:20.693242+00:00,,,,,,,,,,,,,,,,,,,,,,,
2026-07-19T21:14:20.693242+00:00,,,,,,,,,,,,,,,,,,,,,,,
2026-07-19T21:14:20.693242+00:00,,,,,,,,,,,,,,,,,,,,,,,
2026-07-19T21:14:20.693242+00:00,,,,,,,,,,,,,,,,,,,,,,,
2026-07-19T21:14:20.693242+00:00,,,,,,,,,,,,,,,,,,,,,,,
2026-07-19T21:14:20.693242+00:00,,,,,,,,,,,,,,,,,,,,,,,
2026-07-19T21:14:20.693242+00:00,,,,,,,,,,,,,,,,,,,,,,,
2026-07-19T21:14:20.693242+00:00,,,,,,,,,,,,,,,,,,,,,,,
2026-07-19T21:14:20.693242+00:00,,,,,,,,,,,,,,,,,,,,,,,
2026-07-19T21:14:20.693242+00:00,,,,,,,,,,,,,,,,,,,,,,,
2026-07-19T21:14:20.693242+00:00,,,,,,,,,,,,,,,,,,,,,,,
2026-07-19T21:14:20.693242+00:00,,,,,,,,,,,,,,,,,,,,,,,
2026-07-19T21:14:20.693242+00:00,,,,,,,,,,,,,,,,,,,,,,,
2026-07-19T21:14:20.693242+00:00,,,,,,,,,,,,,,,,,,,,,,,
2026-07-19T21:14:20.693242+00:00,,,,,,,,,,,,,,,,,,,,,,,
2026-07-19T21:14:20.693242+00:00,,,,,,,,,,,,,,,,,,,,,,,
2026-07-19T21:14:20.693242+00:00,,,,,,,,,,,,,,,,,,,,,,,
2026-07-19T21:14:20.693242+00:00,,,,,,,,,,,,,,,,,,,,,,,
2026-07-19T21:14:20.693242+00:00,,,,,,,,,,,,,,,,,,,,,,,
2026-07-19T21:14:20.693242+00:00,,,,,,,,,,,,,,,,,,,,,,,
2026-07-19T21:14:20.693242+00:00,,,,,,,,,,,,,,,,,,,,,,,
2026-07-19T21:14:20.693242+00:00,,,,,,,,,,,,,,,,,,,,,,,
2026-07-19T21:14:20.693242+00:00,,,,,,,,,,,,,,,,,,,,,,,
2026-07-19T21:14:20.693242+00:00,,,,,,,,,,,,,,,,,,,,,,,
2026-07-19T21:14:20.693242+00:00,,,,,,,,,,,,,,,,,,,,,,,
2026-07-19T21:14:20.693242+00:00,,,,,,,,,,,,,,,,,,,,,,,
2026-07-19T21:14:20.693242+00:00,,,,,,,,,,,,,,,,,,,,,,,
2026-07-19T21:14:20.693242+00:00,,,,,,,,,,,,,,,,,,,,,,,
2026-07-19T21:14:20.693242+00:00,,,,,,,,,,,,,,,,,,,,,,,
2026-07-19T21:14:20.693242+00:00,,,,,,,,,,,,,,,,,,,,,,,
2026-07-19T21:14:20.693242+00:00,,,,,,,,,,,,,,,,,,,,,,,
2026-07-19T21:14:20.693242+00:00,,,,,,,,,,,,,,,,,,,,,,,
2026-07-19T21:14:20.693242+00:00,,,,,,,,,,,,,,,,,,,,,,,
2026-07-19T21:14:20.693242+00:00,,,,,,,,,,,,,,,,,,,,,,,
2026-07-19T21:14:20.693242+00:00,,,,,,,,,,,,,,,,,,,,,,,
2026-07-19T21:14:20.693242+00:00,,,,,,,,,,,,,,,,,,,,,,,
2026-07-19T21:14:20.693242+00:00,,,,,,,,,,,,,,,,,,,,,,,
2026-07-19T21:14:20.693242+00:00,,,,,,,,,,,,,,,,,,,,,,,
2026-07-19T21:14:20.693242+00:00,,,,,,,,,,,,,,,,,,,,,,,
2026-07-19T21:14:20.693242+00:00,,,,,,,,,,,,,,,,,,,,,,,
2026-07-19T21:14:20.693242+00:00,,,,,,,,,,,,,,,,,,,,,,,
2026-07-19T21:14:20.693242+00:00,,,,,,,,,,,,,,,,,,,,,,,
2026-07-19T21:14:20.693242+00:00,,,,,,,,,,,,,,,,,,,,,,,
2026-07-19T21:14:20.693242+00:00,,,,,,,,,,,,,,,,,,,,,,,
2026-07-19T21:14:20.693242+00:00,,,,,,,,,,,,,,,,,,,,,,,
2026-07-19T21:14:20.693242+00:00,,,,,,,,,,,,,,,,,,,,,,,
2026-07-19T21:14:20.693242+00:00,,,,,,,,,,,,,,,,,,,,,,,
2026-07-19T21:14:20.693242+00:00,,,,,,,,,,,,,,,,,,,,,,,
2026-07-19T21:14:20.693242+00:00,,,,,,,,,,,,,,,,,,,,,,,
2026-07-19T21:14:20.693242+00:00,,,,,,,,,,,,,,,,,,,,,,,
2026-07-19T21:14:20.693242+00:00,,,,,,,,,,,,,,,,,,,,,,,
2026-07-19T21:14:20.693242+00:00,,,,,,,,,,,,,,,,,,,,,,,
2026-07-19T21:14:20.693242+00:00,,,,,,,,,,,,,,,,,,,,,,,
2026-07-19T21:14:20.693242+00:00,,,,,,,,,,,,,,,,,,,,,,,
2026-07-19T21:14:20.693242+00:00,,,,,,,,,,,,,,,,,,,,,,,
2026-07-19T21:14:20.693242+00:00,,,,,,,,,,,,,,,,,,,,,,,
2026-07-19T21:14:20.693242+00:00,,,,,,,,,,,,,,,,,,,,,,,
2026-07-19T21:14:20.693242+00:00,,,,,,,,,,,,,,,,,,,,,,,
2026-07-19T21:14:20.693242+00:00,,,,,,,,,,,,,,,,,,,,,,,
2026-07-19T21:14:20.693242+00:00,,,,,,,,,,,,,,,,,,,,,,,
2026-07-19T21:14:20.693242+00:00,,,,,,,,,,,,,,,,,,,,,,,
2026-07-19T21:14:20.693242+00:00,,,,,,,,,,,,,,,,,,,,,,,
2026-07-19T21:14:20.693242+00:00,,,,,,,,,,,,,,,,,,,,,,,
2026-07-19T21:14:20.693242+00:00,,,,,,,,,,,,,,,,,,,,,,,
2026-07-19T21:14:20.693242+00:00,,,,,,,,,,,,,,,,,,,,,,,
2026-07-19T21:14:20.693242+00:00,,,,,,,,,,,,,,,,,,,,,,,
2026-07-19T21:14:20.693242+00:00,,,,,,,,,,,,,,,,,,,,,,,
2026-07-19T21:14:20.693242+00:00,,,,,,,,,,,,,,,,,,,,,,,
2026-07-19T23:11:13.385241+00:00,,,,,,,,,,,,,,,,,,,,,,,
2026-07-20T00:11:48.386992+00:00,,,,,,,,,,,,,,,,,,,,,,,
2026-07-20T04:04:33.948188+00:00,,,,,,,,,,,,,,,,,,,,,,,
2026-07-20T10:23:53.063888+00:00,,,,,,,,,,,,,,,,,,,,,,,
2026-07-20T12:29:53.097866+00:00,,,,,,,,,,,,,,,,,,,,,,,
2026-07-20T16:14:53.327382+00:00,,,,,,,,,,,,,,,,,,,,,,,
=======,,,,,,,,,,,,,,,,,,,,,,,
timestamp,,,,,,,,,,,,,,,,,,,,,,,
2026-07-20T15:44:29.571863+00:00,,,,,,,,,,,,,,,,,,,,,,,
2026-07-20T15:44:29.571863+00:00,,,,,,,,,,,,,,,,,,,,,,,
2026-07-20T15:44:29.571863+00:00,,,,,,,,,,,,,,,,,,,,,,,
2026-07-20T15:44:29.571863+00:00,,,,,,,,,,,,,,,,,,,,,,,
2026-07-20T15:44:29.571863+00:00,,,,,,,,,,,,,,,,,,,,,,,
2026-07-20T15:44:29.571863+00:00,,,,,,,,,,,,,,,,,,,,,,,
2026-07-20T15:44:29.571863+00:00,,,,,,,,,,,,,,,,,,,,,,,
2026-07-20T15:44:29.571863+00:00,,,,,,,,,,,,,,,,,,,,,,,
2026-07-20T15:44:29.571863+00:00,,,,,,,,,,,,,,,,,,,,,,,
2026-07-20T15:44:29.571863+00:00,,,,,,,,,,,,,,,,,,,,,,,
2026-07-20T15:44:29.571863+00:00,,,,,,,,,,,,,,,,,,,,,,,
2026-07-20T15:44:29.571863+00:00,,,,,,,,,,,,,,,,,,,,,,,
2026-07-20T15:44:29.571863+00:00,,,,,,,,,,,,,,,,,,,,,,,
2026-07-20T15:44:29.571863+00:00,,,,,,,,,,,,,,,,,,,,,,,
2026-07-20T15:44:29.571863+00:00,,,,,,,,,,,,,,,,,,,,,,,
2026-07-20T15:44:29.571863+00:00,,,,,,,,,,,,,,,,,,,,,,,
2026-07-20T15:44:29.571863+00:00,,,,,,,,,,,,,,,,,,,,,,,
2026-07-20T15:44:29.571863+00:00,,,,,,,,,,,,,,,,,,,,,,,
2026-07-20T15:44:29.571863+00:00,,,,,,,,,,,,,,,,,,,,,,,
2026-07-20T15:44:29.571863+00:00,,,,,,,,,,,,,,,,,,,,,,,
2026-07-20T15:44:29.571863+00:00,,,,,,,,,,,,,,,,,,,,,,,
2026-07-20T15:44:29.571863+00:00,,,,,,,,,,,,,,,,,,,,,,,
2026-07-20T15:44:29.571863+00:00,,,,,,,,,,,,,,,,,,,,,,,
2026-07-20T15:44:29.571863+00:00,,,,,,,,,,,,,,,,,,,,,,,
2026-07-20T15:44:29.571863+00:00,,,,,,,,,,,,,,,,,,,,,,,
2026-07-20T15:44:29.571863+00:00,,,,,,,,,,,,,,,,,,,,,,,
2026-07-20T15:44:29.571863+00:00,,,,,,,,,,,,,,,,,,,,,,,
2026-07-20T15:44:29.571863+00:00,,,,,,,,,,,,,,,,,,,,,,,
2026-07-20T15:44:29.571863+00:00,,,,,,,,,,,,,,,,,,,,,,,
2026-07-20T15:44:29.571863+00:00,,,,,,,,,,,,,,,,,,,,,,,
2026-07-20T15:44:29.571863+00:00,,,,,,,,,,,,,,,,,,,,,,,
2026-07-20T15:44:29.571863+00:00,,,,,,,,,,,,,,,,,,,,,,,
2026-07-20T15:44:29.571863+00:00,,,,,,,,,,,,,,,,,,,,,,,
2026-07-20T15:44:29.571863+00:00,,,,,,,,,,,,,,,,,,,,,,,
2026-07-20T15:44:29.571863+00:00,,,,,,,,,,,,,,,,,,,,,,,
2026-07-20T15:44:29.571863+00:00,,,,,,,,,,,,,,,,,,,,,,,
2026-07-20T15:44:29.571863+00:00,,,,,,,,,,,,,,,,,,,,,,,
2026-07-20T15:44:29.571863+00:00,,,,,,,,,,,,,,,,,,,,,,,
2026-07-20T15:44:29.571863+00:00,,,,,,,,,,,,,,,,,,,,,,,
2026-07-20T15:44:29.571863+00:00,,,,,,,,,,,,,,,,,,,,,,,
2026-07-20T15:44:29.571863+00:00,,,,,,,,,,,,,,,,,,,,,,,
2026-07-20T15:44:29.571863+00:00,,,,,,,,,,,,,,,,,,,,,,,
2026-07-20T15:44:29.571863+00:00,,,,,,,,,,,,,,,,,,,,,,,
2026-07-20T15:44:29.571863+00:00,,,,,,,,,,,,,,,,,,,,,,,
2026-07-20T15:44:29.571863+00:00,,,,,,,,,,,,,,,,,,,,,,,
2026-07-20T15:44:29.571863+00:00,,,,,,,,,,,,,,,,,,,,,,,
2026-07-20T15:44:29.571863+00:00,,,,,,,,,,,,,,,,,,,,,,,
2026-07-20T15:44:29.571863+00:00,,,,,,,,,,,,,,,,,,,,,,,
2026-07-20T15:44:29.571863+00:00,,,,,,,,,,,,,,,,,,,,,,,
2026-07-20T15:44:29.571863+00:00,,,,,,,,,,,,,,,,,,,,,,,
2026-07-20T15:44:29.571863+00:00,,,,,,,,,,,,,,,,,,,,,,,
2026-07-20T15:44:29.571863+00:00,,,,,,,,,,,,,,,,,,,,,,,
2026-07-20T15:44:29.571863+00:00,,,,,,,,,,,,,,,,,,,,,,,
2026-07-20T15:44:29.571863+00:00,,,,,,,,,,,,,,,,,,,,,,,
2026-07-20T15:44:29.571863+00:00,,,,,,,,,,,,,,,,,,,,,,,
2026-07-20T15:44:29.571863+00:00,,,,,,,,,,,,,,,,,,,,,,,
2026-07-20T15:44:29.571863+00:00,,,,,,,,,,,,,,,,,,,,,,,
2026-07-20T15:44:29.571863+00:00,,,,,,,,,,,,,,,,,,,,,,,
2026-07-20T15:44:29.571863+00:00,,,,,,,,,,,,,,,,,,,,,,,
2026-07-20T15:44:29.571863+00:00,,,,,,,,,,,,,,,,,,,,,,,
2026-07-20T15:44:29.571863+00:00,,,,,,,,,,,,,,,,,,,,,,,
2026-07-20T15:44:29.571863+00:00,,,,,,,,,,,,,,,,,,,,,,,
2026-07-20T15:44:29.571863+00:00,,,,,,,,,,,,,,,,,,,,,,,
2026-07-20T15:44:29.571863+00:00,,,,,,,,,,,,,,,,,,,,,,,
2026-07-20T15:44:29.571863+00:00,,,,,,,,,,,,,,,,,,,,,,,
2026-07-20T15:44:29.571863+00:00,,,,,,,,,,,,,,,,,,,,,,,
2026-07-20T15:44:29.571863+00:00,,,,,,,,,,,,,,,,,,,,,,,
2026-07-20T15:44:29.571863+00:00,,,,,,,,,,,,,,,,,,,,,,,
2026-07-20T15:44:29.571863+00:00,,,,,,,,,,,,,,,,,,,,,,,
2026-07-20T15:44:29.571863+00:00,,,,,,,,,,,,,,,,,,,,,,,
2026-07-20T15:44:29.571863+00:00,,,,,,,,,,,,,,,,,,,,,,,
2026-07-20T15:44:29.571863+00:00,,,,,,,,,,,,,,,,,,,,,,,
2026-07-20T15:44:29.571863+00:00,,,,,,,,,,,,,,,,,,,,,,,
2026-07-20T15:44:29.571863+00:00,,,,,,,,,,,,,,,,,,,,,,,
2026-07-20T15:44:29.571863+00:00,,,,,,,,,,,,,,,,,,,,,,,
2026-07-20T15:44:29.571863+00:00,,,,,,,,,,,,,,,,,,,,,,,
2026-07-20T15:44:29.571863+00:00,,,,,,,,,,,,,,,,,,,,,,,
2026-07-20T15:44:29.571863+00:00,,,,,,,,,,,,,,,,,,,,,,,
2026-07-20T15:44:29.571863+00:00,,,,,,,,,,,,,,,,,,,,,,,
2026-07-20T15:44:29.571863+00:00,,,,,,,,,,,,,,,,,,,,,,,
2026-07-20T15:44:29.571863+00:00,,,,,,,,,,,,,,,,,,,,,,,
2026-07-20T15:44:29.571863+00:00,,,,,,,,,,,,,,,,,,,,,,,
2026-07-20T15:44:29.571863+00:00,,,,,,,,,,,,,,,,,,,,,,,
2026-07-20T15:44:29.571863+00:00,,,,,,,,,,,,,,,,,,,,,,,
2026-07-20T15:44:29.571863+00:00,,,,,,,,,,,,,,,,,,,,,,,
2026-07-20T15:44:29.571863+00:00,,,,,,,,,,,,,,,,,,,,,,,
2026-07-20T15:44:29.571863+00:00,,,,,,,,,,,,,,,,,,,,,,,
2026-07-20T15:44:29.571863+00:00,,,,,,,,,,,,,,,,,,,,,,,
2026-07-20T15:44:29.571863+00:00,,,,,,,,,,,,,,,,,,,,,,,
2026-07-20T15:44:29.571863+00:00,,,,,,,,,,,,,,,,,,,,,,,
2026-07-20T15:44:29.571863+00:00,,,,,,,,,,,,,,,,,,,,,,,
2026-07-20T15:44:29.571863+00:00,,,,,,,,,,,,,,,,,,,,,,,
2026-07-20T15:44:29.571863+00:00,,,,,,,,,,,,,,,,,,,,,,,
2026-07-20T15:44:29.571863+00:00,,,,,,,,,,,,,,,,,,,,,,,
2026-07-20T15:44:29.571863+00:00,,,,,,,,,,,,,,,,,,,,,,,
2026-07-20T15:44:29.571863+00:00,,,,,,,,,,,,,,,,,,,,,,,
2026-07-20T15:44:29.571863+00:00,,,,,,,,,,,,,,,,,,,,,,,
2026-07-20T15:44:29.571863+00:00,,,,,,,,,,,,,,,,,,,,,,,
2026-07-20T15:44:29.571863+00:00,,,,,,,,,,,,,,,,,,,,,,,
2026-07-20T15:44:29.571863+00:00,,,,,,,,,,,,,,,,,,,,,,,
2026-07-20T15:44:29.571863+00:00,,,,,,,,,,,,,,,,,,,,,,,
2026-07-20T15:44:29.571863+00:00,,,,,,,,,,,,,,,,,,,,,,,
2026-07-20T15:44:29.571863+00:00,,,,,,,,,,,,,,,,,,,,,,,
2026-07-20T15:44:29.571863+00:00,,,,,,,,,,,,,,,,,,,,,,,
2026-07-20T15:44:29.571863+00:00,,,,,,,,,,,,,,,,,,,,,,,
2026-07-20T15:44:29.571863+00:00,,,,,,,,,,,,,,,,,,,,,,,
2026-07-20T15:44:29.571863+00:00,,,,,,,,,,,,,,,,,,,,,,,
2026-07-20T15:44:29.571863+00:00,,,,,,,,,,,,,,,,,,,,,,,
2026-07-20T15:44:29.571863+00:00,,,,,,,,,,,,,,,,,,,,,,,
2026-07-20T15:44:29.571863+00:00,,,,,,,,,,,,,,,,,,,,,,,
2026-07-20T15:44:29.571863+00:00,,,,,,,,,,,,,,,,,,,,,,,
2026-07-20T15:44:29.571863+00:00,,,,,,,,,,,,,,,,,,,,,,,
2026-07-20T15:44:29.571863+00:00,,,,,,,,,,,,,,,,,,,,,,,
2026-07-20T15:44:29.571863+00:00,,,,,,,,,,,,,,,,,,,,,,,
2026-07-20T15:44:29.571863+00:00,,,,,,,,,,,,,,,,,,,,,,,
2026-07-20T15:44:29.571863+00:00,,,,,,,,,,,,,,,,,,,,,,,
2026-07-20T15:44:29.571863+00:00,,,,,,,,,,,,,,,,,,,,,,,
2026-07-20T15:44:29.571863+00:00,,,,,,,,,,,,,,,,,,,,,,,
2026-07-20T15:44:29.571863+00:00,,,,,,,,,,,,,,,,,,,,,,,
2026-07-20T15:44:29.571863+00:00,,,,,,,,,,,,,,,,,,,,,,,
2026-07-20T15:44:29.571863+00:00,,,,,,,,,,,,,,,,,,,,,,,
2026-07-20T15:44:29.571863+00:00,,,,,,,,,,,,,,,,,,,,,,,
2026-07-20T15:44:29.571863+00:00,,,,,,,,,,,,,,,,,,,,,,,
2026-07-20T15:44:29.571863+00:00,,,,,,,,,,,,,,,,,,,,,,,
2026-07-20T15:44:29.571863+00:00,,,,,,,,,,,,,,,,,,,,,,,
2026-07-20T15:44:29.571863+00:00,,,,,,,,,,,,,,,,,,,,,,,
2026-07-20T15:44:29.571863+00:00,,,,,,,,,,,,,,,,,,,,,,,
2026-07-20T15:44:29.571863+00:00,,,,,,,,,,,,,,,,,,,,,,,
2026-07-20T15:44:29.571863+00:00,,,,,,,,,,,,,,,,,,,,,,,
2026-07-20T15:44:29.571863+00:00,,,,,,,,,,,,,,,,,,,,,,,
2026-07-20T15:44:29.571863+00:00,,,,,,,,,,,,,,,,,,,,,,,
2026-07-20T15:44:29.571863+00:00,,,,,,,,,,,,,,,,,,,,,,,
2026-07-20T15:44:29.571863+00:00,,,,,,,,,,,,,,,,,,,,,,,
2026-07-20T15:44:29.571863+00:00,,,,,,,,,,,,,,,,,,,,,,,
2026-07-20T15:44:29.571863+00:00,,,,,,,,,,,,,,,,,,,,,,,
2026-07-20T15:44:29.571863+00:00,,,,,,,,,,,,,,,,,,,,,,,
2026-07-20T15:44:29.571863+00:00,,,,,,,,,,,,,,,,,,,,,,,
2026-07-20T15:44:29.571863+00:00,,,,,,,,,,,,,,,,,,,,,,,
2026-07-20T15:44:29.571863+00:00,,,,,,,,,,,,,,,,,,,,,,,
2026-07-20T15:44:29.571863+00:00,,,,,,,,,,,,,,,,,,,,,,,
2026-07-20T15:44:29.571863+00:00,,,,,,,,,,,,,,,,,,,,,,,
2026-07-20T15:44:29.571863+00:00,,,,,,,,,,,,,,,,,,,,,,,
2026-07-20T15:44:29.571863+00:00,,,,,,,,,,,,,,,,,,,,,,,
2026-07-20T15:44:29.571863+00:00,,,,,,,,,,,,,,,,,,,,,,,
2026-07-20T15:44:29.571863+00:00,,,,,,,,,,,,,,,,,,,,,,,
2026-07-20T15:44:29.571863+00:00,,,,,,,,,,,,,,,,,,,,,,,
2026-07-20T15:44:29.571863+00:00,,,,,,,,,,,,,,,,,,,,,,,
2026-07-20T15:44:29.571863+00:00,,,,,,,,,,,,,,,,,,,,,,,
2026-07-20T15:44:29.571863+00:00,,,,,,,,,,,,,,,,,,,,,,,
2026-07-20T15:44:29.571863+00:00,,,,,,,,,,,,,,,,,,,,,,,
2026-07-20T15:44:29.571863+00:00,,,,,,,,,,,,,,,,,,,,,,,
2026-07-20T15:44:29.571863+00:00,,,,,,,,,,,,,,,,,,,,,,,
2026-07-20T15:44:29.571863+00:00,,,,,,,,,,,,,,,,,,,,,,,
2026-07-20T15:44:29.571863+00:00,,,,,,,,,,,,,,,,,,,,,,,
2026-07-20T15:44:29.571863+00:00,,,,,,,,,,,,,,,,,,,,,,,
2026-07-20T15:44:29.571863+00:00,,,,,,,,,,,,,,,,,,,,,,,
2026-07-20T15:44:29.571863+00:00,,,,,,,,,,,,,,,,,,,,,,,
2026-07-20T15:44:29.571863+00:00,,,,,,,,,,,,,,,,,,,,,,,
2026-07-20T15:44:29.571863+00:00,,,,,,,,,,,,,,,,,,,,,,,
2026-07-20T15:44:29.571863+00:00,,,,,,,,,,,,,,,,,,,,,,,
2026-07-20T15:44:29.571863+00:00,,,,,,,,,,,,,,,,,,,,,,,
2026-07-20T15:44:29.571863+00:00,,,,,,,,,,,,,,,,,,,,,,,
2026-07-20T15:44:29.571863+00:00,,,,,,,,,,,,,,,,,,,,,,,
2026-07-20T15:44:29.571863+00:00,,,,,,,,,,,,,,,,,,,,,,,
2026-07-20T15:44:29.571863+00:00,,,,,,,,,,,,,,,,,,,,,,,
2026-07-20T15:44:29.571863+00:00,,,,,,,,,,,,,,,,,,,,,,,
2026-07-20T15:44:29.571863+00:00,,,,,,,,,,,,,,,,,,,,,,,
2026-07-20T15:44:29.571863+00:00,,,,,,,,,,,,,,,,,,,,,,,
2026-07-20T15:44:29.571863+00:00,,,,,,,,,,,,,,,,,,,,,,,
2026-07-20T15:44:29.571863+00:00,,,,,,,,,,,,,,,,,,,,,,,
2026-07-20T15:44:29.571863+00:00,,,,,,,,,,,,,,,,,,,,,,,
2026-07-20T15:44:29.571863+00:00,,,,,,,,,,,,,,,,,,,,,,,
2026-07-20T15:44:29.571863+00:00,,,,,,,,,,,,,,,,,,,,,,,
2026-07-20T15:44:29.571863+00:00,,,,,,,,,,,,,,,,,,,,,,,
2026-07-20T15:44:29.571863+00:00,,,,,,,,,,,,,,,,,,,,,,,
2026-07-20T15:44:29.571863+00:00,,,,,,,,,,,,,,,,,,,,,,,
2026-07-20T15:44:29.571863+00:00,,,,,,,,,,,,,,,,,,,,,,,
2026-07-20T15:44:29.571863+00:00,,,,,,,,,,,,,,,,,,,,,,,
2026-07-20T15:44:29.571863+00:00,,,,,,,,,,,,,,,,,,,,,,,
2026-07-20T15:44:29.571863+00:00,,,,,,,,,,,,,,,,,,,,,,,
2026-07-20T15:44:29.571863+00:00,,,,,,,,,,,,,,,,,,,,,,,
2026-07-20T15:44:29.571863+00:00,,,,,,,,,,,,,,,,,,,,,,,
2026-07-20T15:44:29.571863+00:00,,,,,,,,,,,,,,,,,,,,,,,
2026-07-20T15:44:29.571863+00:00,,,,,,,,,,,,,,,,,,,,,,,
2026-07-20T15:44:29.571863+00:00,,,,,,,,,,,,,,,,,,,,,,,
2026-07-20T15:44:29.571863+00:00,,,,,,,,,,,,,,,,,,,,,,,
2026-07-20T15:44:29.571863+00:00,,,,,,,,,,,,,,,,,,,,,,,
2026-07-20T15:44:29.571863+00:00,,,,,,,,,,,,,,,,,,,,,,,
2026-07-20T15:44:29.571863+00:00,,,,,,,,,,,,,,,,,,,,,,,
2026-07-20T15:44:29.571863+00:00,,,,,,,,,,,,,,,,,,,,,,,
2026-07-20T15:44:29.571863+00:00,,,,,,,,,,,,,,,,,,,,,,,
2026-07-20T15:44:29.571863+00:00,,,,,,,,,,,,,,,,,,,,,,,
2026-07-20T15:44:29.571863+00:00,,,,,,,,,,,,,,,,,,,,,,,
2026-07-20T15:44:29.571863+00:00,,,,,,,,,,,,,,,,,,,,,,,
2026-07-20T15:44:29.571863+00:00,,,,,,,,,,,,,,,,,,,,,,,
2026-07-20T15:44:29.571863+00:00,,,,,,,,,,,,,,,,,,,,,,,
2026-07-20T15:44:29.571863+00:00,,,,,,,,,,,,,,,,,,,,,,,
2026-07-20T15:44:29.571863+00:00,,,,,,,,,,,,,,,,,,,,,,,
2026-07-20T15:44:29.571863+00:00,,,,,,,,,,,,,,,,,,,,,,,
2026-07-20T15:44:29.571863+00:00,,,,,,,,,,,,,,,,,,,,,,,
2026-07-20T15:44:29.571863+00:00,,,,,,,,,,,,,,,,,,,,,,,
2026-07-20T15:44:29.571863+00:00,,,,,,,,,,,,,,,,,,,,,,,
2026-07-20T15:44:29.571863+00:00,,,,,,,,,,,,,,,,,,,,,,,
2026-07-20T15:44:29.571863+00:00,,,,,,,,,,,,,,,,,,,,,,,
2026-07-20T15:44:29.571863+00:00,,,,,,,,,,,,,,,,,,,,,,,
2026-07-20T15:44:29.571863+00:00,,,,,,,,,,,,,,,,,,,,,,,
2026-07-20T15:44:29.571863+00:00,,,,,,,,,,,,,,,,,,,,,,,
2026-07-20T15:44:29.571863+00:00,,,,,,,,,,,,,,,,,,,,,,,
2026-07-20T15:44:29.571863+00:00,,,,,,,,,,,,,,,,,,,,,,,
2026-07-20T15:44:29.571863+00:00,,,,,,,,,,,,,,,,,,,,,,,
2026-07-20T15:44:29.571863+00:00,,,,,,,,,,,,,,,,,,,,,,,
2026-07-20T15:44:29.571863+00:00,,,,,,,,,,,,,,,,,,,,,,,
2026-07-20T15:44:29.571863+00:00,,,,,,,,,,,,,,,,,,,,,,,
2026-07-20T15:44:29.571863+00:00,,,,,,,,,,,,,,,,,,,,,,,
2026-07-20T15:44:29.571863+00:00,,,,,,,,,,,,,,,,,,,,,,,
2026-07-20T15:44:29.571863+00:00,,,,,,,,,,,,,,,,,,,,,,,
2026-07-20T15:44:29.571863+00:00,,,,,,,,,,,,,,,,,,,,,,,
2026-07-20T15:44:29.571863+00:00,,,,,,,,,,,,,,,,,,,,,,,
2026-07-20T15:44:29.571863+00:00,,,,,,,,,,,,,,,,,,,,,,,
2026-07-20T15:44:29.571863+00:00,,,,,,,,,,,,,,,,,,,,,,,
2026-07-20T15:44:29.571863+00:00,,,,,,,,,,,,,,,,,,,,,,,
2026-07-20T15:44:29.571863+00:00,,,,,,,,,,,,,,,,,,,,,,,
2026-07-20T15:44:29.571863+00:00,,,,,,,,,,,,,,,,,,,,,,,
2026-07-20T15:44:29.571863+00:00,,,,,,,,,,,,,,,,,,,,,,,
2026-07-20T15:44:29.571863+00:00,,,,,,,,,,,,,,,,,,,,,,,
2026-07-20T15:44:29.571863+00:00,,,,,,,,,,,,,,,,,,,,,,,
2026-07-20T15:44:29.571863+00:00,,,,,,,,,,,,,,,,,,,,,,,
2026-07-20T15:44:29.571863+00:00,,,,,,,,,,,,,,,,,,,,,,,
2026-07-20T15:44:29.571863+00:00,,,,,,,,,,,,,,,,,,,,,,,
2026-07-20T15:44:29.571863+00:00,,,,,,,,,,,,,,,,,,,,,,,
2026-07-20T15:44:29.571863+00:00,,,,,,,,,,,,,,,,,,,,,,,
2026-07-20T15:44:29.571863+00:00,,,,,,,,,,,,,,,,,,,,,,,
2026-07-20T15:44:29.571863+00:00,,,,,,,,,,,,,,,,,,,,,,,
2026-07-20T15:44:29.571863+00:00,,,,,,,,,,,,,,,,,,,,,,,
>>>>>>> cb55a43 (Fix RMR and pair strategy lab reports),,,,,,,,,,,,,,,,,,,,,,,
,2026-07-20T18:51:44.362534+00:00,RMR_LONG_ONLY_EURUSD_4H,EURUSD,EURUSD=X,strategy-lab-v1.0.0:RMR_LONG_ONLY_EURUSD_4H,1779940800000,2026-05-28T04:00:00+00:00,1.159151554107666,1.1621150970458984,1.1590172052383423,1.161440134048462,,20.826575775891722,False,1.1635092496871948,1.1608759981544083,1.1661425012199813,0.45344593416239054,0.0,0.0018648675509861537,0.0,False,CLOSE_NOT_OUTSIDE_BAND|SHORT_DISABLED
,2026-07-20T18:51:44.362534+00:00,RMR_LONG_ONLY_EURUSD_4H,EURUSD,EURUSD=X,strategy-lab-v1.0.0:RMR_LONG_ONLY_EURUSD_4H,1779955200000,2026-05-28T08:00:00+00:00,1.1615750789642334,1.162520408630371,1.1607661247253418,1.1621150970458984,,20.40191230092711,False,1.1634145617485045,1.1607244016283802,1.166104721868629,0.46297653768766117,0.0,0.001922445637839181,0.0,False,CLOSE_NOT_OUTSIDE_BAND|SHORT_DISABLED
,2026-07-20T18:51:44.362534+00:00,RMR_LONG_ONLY_EURUSD_4H,EURUSD,EURUSD=X,strategy-lab-v1.0.0:RMR_LONG_ONLY_EURUSD_4H,1779969600000,2026-05-28T12:00:00+00:00,1.1621150970458984,1.16604483127594,1.1619800329208374,1.1652295589447021,,19.770855471886076,True,1.1634755969047545,1.1606809115581471,1.166270282251362,0.47967978930065136,0.0,0.0021257400512695312,0.0,False,CLOSE_NOT_OUTSIDE_BAND|SHORT_DISABLED
,2026-07-20T18:51:44.362534+00:00,RMR_LONG_ONLY_EURUSD_4H,EURUSD,EURUSD=X,strategy-lab-v1.0.0:RMR_LONG_ONLY_EURUSD_4H,1779984000000,2026-05-28T16:00:00+00:00,1.1652295589447021,1.1663167476654053,1.164958119392395,1.1650937795639038,,18.013370294331086,True,1.1634959518909453,1.160660644582537,1.1663312591993538,0.4867088569419156,0.0,0.002145324434552874,0.0,False,CLOSE_NOT_OUTSIDE_BAND|SHORT_DISABLED
,2026-07-20T18:51:44.362534+00:00,RMR_LONG_ONLY_EURUSD_4H,EURUSD,EURUSD=X,strategy-lab-v1.0.0:RMR_LONG_ONLY_EURUSD_4H,1779998400000,2026-05-28T20:00:00+00:00,1.164958119392395,1.1656370162963867,1.1648223400115967,1.1656370162963867,,17.99084959605324,True,1.1635502457618714,1.1605970570314295,1.1665034344923133,0.5067081242538402,0.0,0.0020682471139090402,0.0,False,CLOSE_NOT_OUTSIDE_BAND|SHORT_DISABLED
,2026-07-20T18:51:44.362534+00:00,RMR_LONG_ONLY_EURUSD_4H,EURUSD,EURUSD=X,strategy-lab-v1.0.0:RMR_LONG_ONLY_EURUSD_4H,1780012800000,2026-05-29T00:00:00+00:00,1.1656370162963867,1.16604483127594,1.1640088558197021,1.1640088558197021,,17.5953656512472,True,1.163523131608963,1.1605973684265511,1.1664488947913747,0.5027046259629078,0.0,0.002117063317980085,0.0,False,CLOSE_NOT_OUTSIDE_BAND|SHORT_DISABLED
,2026-07-20T18:51:44.362534+00:00,RMR_LONG_ONLY_EURUSD_4H,EURUSD,EURUSD=X,strategy-lab-v1.0.0:RMR_LONG_ONLY_EURUSD_4H,1780027200000,2026-05-29T04:00:00+00:00,1.1641442775726318,1.1657729148864746,1.163873314857483,1.1645511388778687,,16.022490538690114,True,1.1635502457618714,1.1605970570314295,1.1665034344923133,0.5071806006368327,0.0,0.0021366477012634277,0.0,False,CLOSE_NOT_OUTSIDE_BAND|SHORT_DISABLED
,2026-07-20T18:51:44.362534+00:00,RMR_LONG_ONLY_EURUSD_4H,EURUSD,EURUSD=X,strategy-lab-v1.0.0:RMR_LONG_ONLY_EURUSD_4H,1780041600000,2026-05-29T08:00:00+00:00,1.1640088558197021,1.1652295589447021,1.1629259586334229,1.1652295589447021,,13.829442535103686,True,1.1636112809181214,1.1605734566255408,1.166649105210702,0.5214121576750625,0.0,0.0022140656198774067,0.0,False,CLOSE_NOT_OUTSIDE_BAND|SHORT_DISABLED
,2026-07-20T18:51:44.362534+00:00,RMR_LONG_ONLY_EURUSD_4H,EURUSD,EURUSD=X,strategy-lab-v1.0.0:RMR_LONG_ONLY_EURUSD_4H,1780056000000,2026-05-29T12:00:00+00:00,1.1652295589447021,1.168770432472229,1.1644154787063599,1.1680878400802612,,15.140059033684091,False,1.1638084590435027,1.160199586798637,1.1674173312883684,0.6179111058322039,0.27613316905842283,0.0024282080786568777,0.0,False,SHORT_DISABLED
,2026-07-20T18:51:44.362534+00:00,RMR_LONG_ONLY_EURUSD_4H,EURUSD,EURUSD=X,strategy-lab-v1.0.0:RMR_LONG_ONLY_EURUSD_4H,1780070400000,2026-05-29T16:00:00+00:00,1.1680878400802612,1.1680878400802612,1.1665889024734497,1.1667250394821167,,16.54730065134887,False,1.163957816362381,1.1601322417878124,1.1677833909369495,0.6557799730203177,0.0,0.0024190289633614676,0.0,False,CLOSE_NOT_OUTSIDE_BAND|SHORT_DISABLED
,2026-07-20T18:51:44.362534+00:00,RMR_LONG_ONLY_EURUSD_4H,EURUSD,EURUSD=X,strategy-lab-v1.0.0:RMR_LONG_ONLY_EURUSD_4H,1780084800000,2026-05-29T20:00:00+00:00,1.1667250394821167,1.1667250394821167,1.1659088134765625,1.1659088134765625,,15.711565021933355,False,1.1641407549381255,1.1603094191393775,1.1679720907368736,0.6572273499371875,0.0,0.0022060956273760113,0.0,False,CLOSE_NOT_OUTSIDE_BAND|SHORT_DISABLED
,2026-07-20T18:51:44.362534+00:00,RMR_LONG_ONLY_EURUSD_4H,EURUSD,EURUSD=X,strategy-lab-v1.0.0:RMR_LONG_ONLY_EURUSD_4H,1780257600000,2026-05-31T20:00:00+00:00,1.1657729148864746,1.1659088134765625,1.1652295589447021,1.1652295589447021,,15.170960127198821,True,1.1642288744449616,1.1603825217582164,1.1680752271317068,0.6601879702105451,0.0,0.002157977649143764,0.0,False,CLOSE_NOT_OUTSIDE_BAND|SHORT_DISABLED
,2026-07-20T18:51:44.362534+00:00,RMR_LONG_ONLY_EURUSD_4H,EURUSD,EURUSD=X,strategy-lab-v1.0.0:RMR_LONG_ONLY_EURUSD_4H,1780272000000,2026-06-01T00:00:00+00:00,1.1652295589447021,1.1656370162963867,1.1645511388778687,1.164686679840088,,15.247234640347973,False,1.1642627656459807,1.1604128214835707,1.1681127098083908,0.6611124226025532,0.0,0.0020906244005475727,0.0,False,CLOSE_NOT_OUTSIDE_BAND|SHORT_DISABLED
,2026-07-20T18:51:44.362534+00:00,RMR_LONG_ONLY_EURUSD_4H,EURUSD,EURUSD=X,strategy-lab-v1.0.0:RMR_LONG_ONLY_EURUSD_4H,1780286400000,2026-06-01T04:00:00+00:00,1.164686679840088,1.1668611764907837,1.164686679840088,1.16604483127594,,16.155889128806486,False,1.1643374502658843,1.160410838667878,1.1682640618638906,0.6734923894323439,0.0,0.001995657171521868,0.0,False,CLOSE_NOT_OUTSIDE_BAND|SHORT_DISABLED
,2026-07-20T18:51:44.362534+00:00,RMR_LONG_ONLY_EURUSD_4H,EURUSD,EURUSD=X,strategy-lab-v1.0.0:RMR_LONG_ONLY_EURUSD_4H,1780300800000,2026-06-01T08:00:00+00:00,1.1659088134765625,1.1663167476654053,1.1645511388778687,1.164958119392395,,16.631608461048923,False,1.1643645823001862,1.1604287008998044,1.168300463700568,0.6757120852438272,0.0,0.00190049409866333,0.0,False,CLOSE_NOT_OUTSIDE_BAND|SHORT_DISABLED
,2026-07-20T18:51:44.362534+00:00,RMR_LONG_ONLY_EURUSD_4H,EURUSD,EURUSD=X,strategy-lab-v1.0.0:RMR_LONG_ONLY_EURUSD_4H,1780315200000,2026-06-01T12:00:00+00:00,1.1650937795639038,1.1653653383255005,1.1610356569290161,1.1626555919647217,,15.550192574261176,False,1.1642833650112152,1.1602774351492569,1.1682892948731736,0.6891000034135489,0.0,0.002084451062338693,0.0,False,CLOSE_NOT_OUTSIDE_BAND|SHORT_DISABLED
,2026-07-20T18:51:44.362534+00:00,RMR_LONG_ONLY_EURUSD_4H,EURUSD,EURUSD=X,strategy-lab-v1.0.0:RMR_LONG_ONLY_EURUSD_4H,1780329600000,2026-06-01T16:00:00+00:00,1.1627906560897827,1.1640088558197021,1.1619800329208374,1.1634671688079834,,16.078403889559535,False,1.1642765939235686,1.1602656295574323,1.168287558289705,0.6894847527576967,0.0,0.0019390242440359934,0.0,False,CLOSE_NOT_OUTSIDE_BAND|SHORT_DISABLED
,2026-07-20T18:51:44.362534+00:00,RMR_LONG_ONLY_EURUSD_4H,EURUSD,EURUSD=X,strategy-lab-v1.0.0:RMR_LONG_ONLY_EURUSD_4H,1780344000000,2026-06-01T20:00:00+00:00,1.163602590560913,1.1644154787063599,1.1633317470550537,1.163873314857483,,16.64606940194058,False,1.1643104374408721,1.1603251600524995,1.1682957148292448,0.6848300992038161,0.0,0.001919388771057129,0.0,False,CLOSE_NOT_OUTSIDE_BAND|SHORT_DISABLED
,2026-07-20T18:51:44.362534+00:00,RMR_LONG_ONLY_EURUSD_4H,EURUSD,EURUSD=X,strategy-lab-v1.0.0:RMR_LONG_ONLY_EURUSD_4H,1780358400000,2026-06-02T00:00:00+00:00,1.163873314857483,1.1641442775726318,1.1631964445114136,1.1637378931045532,,16.168727358186086,False,1.164391577243805,1.160524051069977,1.1682591034176328,0.6646730671475073,0.0,0.0019288999693734305,0.0,False,CLOSE_NOT_OUTSIDE_BAND|SHORT_DISABLED
,2026-07-20T18:51:44.362534+00:00,RMR_LONG_ONLY_EURUSD_4H,EURUSD,EURUSD=X,strategy-lab-v1.0.0:RMR_LONG_ONLY_EURUSD_4H,1780372800000,2026-06-02T04:00:00+00:00,1.1637378931045532,1.1655012369155884,1.1637378931045532,1.1652295589447021,,15.083540855505875,True,1.1646954774856568,1.1616561993723529,1.1677347555989608,0.5216616914621525,0.0,0.001909426280430385,0.0,False,CLOSE_NOT_OUTSIDE_BAND|SHORT_DISABLED
,2026-07-20T18:51:44.362534+00:00,RMR_LONG_ONLY_EURUSD_4H,EURUSD,EURUSD=X,strategy-lab-v1.0.0:RMR_LONG_ONLY_EURUSD_4H,1780387200000,2026-06-02T08:00:00+00:00,1.1652295589447021,1.1656370162963867,1.1642799377441406,1.1653653383255005,,14.5210077027013,True,1.1648917376995087,1.1622359083198275,1.16754756707919,0.4557934395916321,0.0,0.0018706747463771275,0.0,False,CLOSE_NOT_OUTSIDE_BAND|SHORT_DISABLED
,2026-07-20T18:51:44.362534+00:00,RMR_LONG_ONLY_EURUSD_4H,EURUSD,EURUSD=X,strategy-lab-v1.0.0:RMR_LONG_ONLY_EURUSD_4H,1780401600000,2026-06-02T12:00:00+00:00,1.1653653383255005,1.1659088134765625,1.1640088558197021,1.1644154787063599,,15.078990450604092,False,1.1650067567825317,1.1626607111738543,1.1673528023912092,0.40295678846245947,0.0,0.0018418431282043457,0.0,False,CLOSE_NOT_OUTSIDE_BAND|SHORT_DISABLED
,2026-07-20T18:51:44.362534+00:00,RMR_LONG_ONLY_EURUSD_4H,EURUSD,EURUSD=X,strategy-lab-v1.0.0:RMR_LONG_ONLY_EURUSD_4H,1780416000000,2026-06-02T16:00:00+00:00,1.1641442775726318,1.1642799377441406,1.1617100238800049,1.163602590560913,,16.691542048962777,False,1.1649254083633422,1.1625042788476678,1.1673465378790167,0.4161437135521177,0.0,0.0017240217753819057,0.0,False,CLOSE_NOT_OUTSIDE_BAND|SHORT_DISABLED
,2026-07-20T18:51:44.362534+00:00,RMR_LONG_ONLY_EURUSD_4H,EURUSD,EURUSD=X,strategy-lab-v1.0.0:RMR_LONG_ONLY_EURUSD_4H,1780430400000,2026-06-02T20:00:00+00:00,1.163602590560913,1.1637378931045532,1.16225004196167,1.162520408630371,,18.06694186238314,False,1.1647967398166656,1.1621610651927912,1.1674324144405401,0.45344143712362295,0.0,0.0017232298851013184,0.0,False,CLOSE_NOT_OUTSIDE_BAND|SHORT_DISABLED
,2026-07-20T18:51:44.362534+00:00,RMR_LONG_ONLY_EURUSD_4H,EURUSD,EURUSD=X,strategy-lab-v1.0.0:RMR_LONG_ONLY_EURUSD_4H,1780444800000,2026-06-03T00:00:00+00:00,1.162520408630371,1.163602590560913,1.162520408630371,1.163061261177063,,20.02899304999405,False,1.1646679520606995,1.161958413375274,1.167377490746125,0.4659322386308855,0.0,0.0017422267368861607,0.0,False,CLOSE_NOT_OUTSIDE_BAND|SHORT_DISABLED
,2026-07-20T18:51:44.362534+00:00,RMR_LONG_ONLY_EURUSD_4H,EURUSD,EURUSD=X,strategy-lab-v1.0.0:RMR_LONG_ONLY_EURUSD_4H,1780459200000,2026-06-03T04:00:00+00:00,1.163061261177063,1.163061261177063,1.1617100238800049,1.1619800329208374,,22.336268517624006,False,1.1645665109157561,1.1616239713741738,1.1675090504573384,0.506469897625645,0.0,0.0017902255058288574,0.0,False,CLOSE_NOT_OUTSIDE_BAND|SHORT_DISABLED
,2026-07-20T18:51:44.362534+00:00,RMR_LONG_ONLY_EURUSD_4H,EURUSD,EURUSD=X,strategy-lab-v1.0.0:RMR_LONG_ONLY_EURUSD_4H,1780473600000,2026-06-03T08:00:00+00:00,1.1618449687957764,1.162520408630371,1.1609008312225342,1.1621150970458984,,24.766239620598302,False,1.1644447088241576,1.1613140484005313,1.167575369247784,0.5387866368115276,0.0,0.0018283469336373465,0.0,False,CLOSE_NOT_OUTSIDE_BAND|SHORT_DISABLED
,2026-07-20T18:51:44.362534+00:00,RMR_LONG_ONLY_EURUSD_4H,EURUSD,EURUSD=X,strategy-lab-v1.0.0:RMR_LONG_ONLY_EURUSD_4H,1780488000000,2026-06-03T12:00:00+00:00,1.1619800329208374,1.1619800329208374,1.1598236560821533,1.1607661247253418,,26.4945835344969,False,1.1642215371131897,1.1607308336755109,1.1677122405508684,0.6014481924176982,0.0,0.0018367000988551549,0.0,False,ADX_NOT_RANGE|CLOSE_NOT_OUTSIDE_BAND|SHORT_DISABLED
,2026-07-20T18:51:44.362534+00:00,RMR_LONG_ONLY_EURUSD_4H,EURUSD,EURUSD=X,strategy-lab-v1.0.0:RMR_LONG_ONLY_EURUSD_4H,1780502400000,2026-06-03T16:00:00+00:00,1.1607661247253418,1.1607661247253418,1.1598236560821533,1.160092830657959,,28.18832626343613,False,1.1638217866420746,1.1603626838096555,1.1672808894744937,0.5963493163658736,0.15178158938326863,0.0017779043742588588,0.0,False,ADX_NOT_RANGE
,2026-07-20T18:51:44.362534+00:00,RMR_LONG_ONLY_EURUSD_4H,EURUSD,EURUSD=X,strategy-lab-v1.0.0:RMR_LONG_ONLY_EURUSD_4H,1780516800000,2026-06-03T20:00:00+00:00,1.1602274179458618,1.161440134048462,1.1598236560821533,1.16130530834198,,29.866588944710664,False,1.1635508000850678,1.160196338169162,1.1669052620009737,0.5777054305719247,0.0,0.001584104129246303,0.0,False,ADX_NOT_RANGE|CLOSE_NOT_OUTSIDE_BAND|SHORT_DISABLED
,2026-07-20T18:51:44.362534+00:00,RMR_LONG_ONLY_EURUSD_4H,EURUSD,EURUSD=X,strategy-lab-v1.0.0:RMR_LONG_ONLY_EURUSD_4H,1780531200000,2026-06-04T00:00:00+00:00,1.16130530834198,1.1615750789642334,1.1606314182281494,1.1609008312225342,,30.25793378144584,False,1.1633004009723664,1.1599397407029728,1.16666106124176,0.5789745650977876,0.0,0.0015065925461905344,0.0,False,ADX_NOT_RANGE|CLOSE_NOT_OUTSIDE_BAND|SHORT_DISABLED
,2026-07-20T18:51:44.362534+00:00,RMR_LONG_ONLY_EURUSD_4H,EURUSD,EURUSD=X,strategy-lab-v1.0.0:RMR_LONG_ONLY_EURUSD_4H,1780545600000,2026-06-04T04:00:00+00:00,1.1609008312225342,1.1618449687957764,1.1602274179458618,1.1607661247253418,,31.454319868616754,False,1.1630772292613982,1.1596662182501618,1.1664882402726346,0.5877171875675691,0.0,0.0015447224889482772,0.0,False,ADX_NOT_RANGE|CLOSE_NOT_OUTSIDE_BAND|SHORT_DISABLED
,2026-07-20T18:51:44.362534+00:00,RMR_LONG_ONLY_EURUSD_4H,EURUSD,EURUSD=X,strategy-lab-v1.0.0:RMR_LONG_ONLY_EURUSD_4H,1780560000000,2026-06-04T08:00:00+00:00,1.1607661247253418,1.1648223400115967,1.1607661247253418,1.1645511388778687,,30.14083075729082,False,1.1630704522132873,1.159671742445786,1.1664691619807885,0.5836943787245167,0.0,0.0017667497907366072,0.0,False,ADX_NOT_RANGE|CLOSE_NOT_OUTSIDE_BAND|SHORT_DISABLED
,2026-07-20T18:51:44.362534+00:00,RMR_LONG_ONLY_EURUSD_4H,EURUSD,EURUSD=X,strategy-lab-v1.0.0:RMR_LONG_ONLY_EURUSD_4H,1780574400000,2026-06-04T12:00:00+00:00,1.1648223400115967,1.1648223400115967,1.1626555919647217,1.1631964445114136,,30.837369718198804,False,1.162928032875061,1.159812927152574,1.1660431385975483,0.53561128684427,0.0,0.0017955643790108816,0.0,False,ADX_NOT_RANGE|CLOSE_NOT_OUTSIDE_BAND|SHORT_DISABLED
,2026-07-20T18:51:44.362534+00:00,RMR_LONG_ONLY_EURUSD_4H,EURUSD,EURUSD=X,strategy-lab-v1.0.0:RMR_LONG_ONLY_EURUSD_4H,1780588800000,2026-06-04T16:00:00+00:00,1.1631964445114136,1.1633317470550537,1.161440134048462,1.1615750789642334,,32.49163978054903,False,1.1627588808536529,1.1597370799600997,1.165780681747206,0.5202936854064929,0.0,0.0018337454114641463,0.0,False,ADX_NOT_RANGE|CLOSE_NOT_OUTSIDE_BAND|SHORT_DISABLED
,2026-07-20T18:51:44.362534+00:00,RMR_LONG_ONLY_EURUSD_4H,EURUSD,EURUSD=X,strategy-lab-v1.0.0:RMR_LONG_ONLY_EURUSD_4H,1780603200000,2026-06-04T20:00:00+00:00,1.1615750789642334,1.1621150970458984,1.161170482635498,1.1615750789642334,,33.94306871921644,False,1.1627048552036285,1.1596392803439,1.1657704300633571,0.5278306870120059,0.0,0.0017655066081455775,0.0,False,ADX_NOT_RANGE|CLOSE_NOT_OUTSIDE_BAND|SHORT_DISABLED
,2026-07-20T18:51:44.362534+00:00,RMR_LONG_ONLY_EURUSD_4H,EURUSD,EURUSD=X,strategy-lab-v1.0.0:RMR_LONG_ONLY_EURUSD_4H,1780617600000,2026-06-05T00:00:00+00:00,1.1615750789642334,1.1619800329208374,1.16130530834198,1.1618449687957764,,31.693456664409272,False,1.1626237452030181,1.1595572993103913,1.165690191095645,0.52785801462051,0.0,0.0016204544476100377,0.0,False,ADX_NOT_RANGE|CLOSE_NOT_OUTSIDE_BAND|SHORT_DISABLED
,2026-07-20T18:51:44.362534+00:00,RMR_LONG_ONLY_EURUSD_4H,EURUSD,EURUSD=X,strategy-lab-v1.0.0:RMR_LONG_ONLY_EURUSD_4H,1780632000000,2026-06-05T04:00:00+00:00,1.1618449687957764,1.1640088558197021,1.1617100238800049,1.163602590560913,,29.605915846679267,True,1.1626102089881898,1.1595636206867248,1.1656567972896548,0.5236475625232798,0.0,0.0016783816473824637,0.0,False,ADX_NOT_RANGE|CLOSE_NOT_OUTSIDE_BAND|SHORT_DISABLED
,2026-07-20T18:51:44.362534+00:00,RMR_LONG_ONLY_EURUSD_4H,EURUSD,EURUSD=X,strategy-lab-v1.0.0:RMR_LONG_ONLY_EURUSD_4H,1780646400000,2026-06-05T08:00:00+00:00,1.1637378931045532,1.164686679840088,1.1637378931045532,1.1644154787063599,,28.16798340013406,True,1.16264408826828,1.1595336904618967,1.1657544860746634,0.5342419202188758,0.0,0.0016785178865705217,0.0,False,ADX_NOT_RANGE|CLOSE_NOT_OUTSIDE_BAND|SHORT_DISABLED
,2026-07-20T18:51:44.362534+00:00,RMR_LONG_ONLY_EURUSD_4H,EURUSD,EURUSD=X,strategy-lab-v1.0.0:RMR_LONG_ONLY_EURUSD_4H,1780660800000,2026-06-05T12:00:00+00:00,1.1645511388778687,1.1645511388778687,1.1535356044769287,1.1535356044769287,,28.05864990944752,True,1.1620593905448913,1.1572052116776943,1.1669135694120882,0.8416175189318231,1.5491256110684468,0.0023688248225620817,0.0,False,ADX_NOT_RANGE
,2026-07-20T18:51:44.362534+00:00,RMR_LONG_ONLY_EURUSD_4H,EURUSD,EURUSD=X,strategy-lab-v1.0.0:RMR_LONG_ONLY_EURUSD_4H,1780675200000,2026-06-05T16:00:00+00:00,1.15340256690979,1.1535356044769287,1.1522064208984375,1.1528706550598145,,28.00946984247013,True,1.1614346563816071,1.1553763896993818,1.1674929230638325,1.0509880975174946,1.0671408435122158,0.0023480824061802457,0.0,False,ADX_NOT_RANGE
,2026-07-20T18:51:44.362534+00:00,RMR_LONG_ONLY_EURUSD_4H,EURUSD,EURUSD=X,strategy-lab-v1.0.0:RMR_LONG_ONLY_EURUSD_4H,1780689600000,2026-06-05T20:00:00+00:00,1.1528706550598145,1.1528706550598145,1.1522064208984375,1.1527377367019653,,26.183267752131332,True,1.1608507692813874,1.1538730102825236,1.1678285282802512,1.2106412025388278,0.5086685382505126,0.002231853348868234,0.0,False,ADX_NOT_RANGE
,2026-07-20T18:51:44.362534+00:00,RMR_LONG_ONLY_EURUSD_4H,EURUSD,EURUSD=X,strategy-lab-v1.0.0:RMR_LONG_ONLY_EURUSD_4H,1780862400000,2026-06-07T20:00:00+00:00,1.1518083810806274,1.1526048183441162,1.1518083810806274,1.1526048183441162,,24.483827783374256,True,1.1603008806705475,1.1525830929039667,1.1680186684371283,1.3391906130790865,0.0,0.0022309167044503348,0.0,False,CLOSE_NOT_OUTSIDE_BAND|SHORT_DISABLED
,2026-07-20T18:51:44.362534+00:00,RMR_LONG_ONLY_EURUSD_4H,EURUSD,EURUSD=X,strategy-lab-v1.0.0:RMR_LONG_ONLY_EURUSD_4H,1780876800000,2026-06-08T00:00:00+00:00,1.1526048183441162,1.1538017988204956,1.151543140411377,1.1535356044769287,,24.769089470920914,False,1.1598516404628754,1.1516708390060788,1.168032441919672,1.4183873345645277,0.0,0.0022767867360796246,0.0,False,CLOSE_NOT_OUTSIDE_BAND|SHORT_DISABLED
,2026-07-20T18:51:44.362534+00:00,RMR_LONG_ONLY_EURUSD_4H,EURUSD,EURUSD=X,strategy-lab-v1.0.0:RMR_LONG_ONLY_EURUSD_4H,1780891200000,2026-06-08T04:00:00+00:00,1.1535356044769287,1.154334545135498,1.1516757011413574,1.1520737409591675,,25.029723266107997,False,1.1593022644519806,1.1505984108466913,1.1680061180572698,1.510988975070778,0.0,0.0023992998259408133,0.0,False,ADX_NOT_RANGE|CLOSE_NOT_OUTSIDE_BAND|SHORT_DISABLED
,2026-07-20T18:51:44.362534+00:00,RMR_LONG_ONLY_EURUSD_4H,EURUSD,EURUSD=X,strategy-lab-v1.0.0:RMR_LONG_ONLY_EURUSD_4H,1780905600000,2026-06-08T08:00:00+00:00,1.1519410610198975,1.1546010971069336,1.15035080909729,1.1539349555969238,,24.78300163560662,False,1.158900010585785,1.1499872474359318,1.167812773735638,1.5447600588964912,0.0,0.0025873524802071707,0.0,False,CLOSE_NOT_OUTSIDE_BAND|SHORT_DISABLED
,2026-07-20T18:51:44.362534+00:00,RMR_LONG_ONLY_EURUSD_4H,EURUSD,EURUSD=X,strategy-lab-v1.0.0:RMR_LONG_ONLY_EURUSD_4H,1780920000000,2026-06-08T12:00:00+00:00,1.154068112373352,1.1558021306991577,1.1536686420440674,1.1548677682876587,,27.874947169084724,False,1.158537644147873,1.149587976633097,1.167487311662649,1.549903419340521,0.0,0.002450014863695417,0.0,False,ADX_NOT_RANGE|CLOSE_NOT_OUTSIDE_BAND|SHORT_DISABLED
,2026-07-20T18:51:44.362534+00:00,RMR_LONG_ONLY_EURUSD_4H,EURUSD,EURUSD=X,strategy-lab-v1.0.0:RMR_LONG_ONLY_EURUSD_4H,1780934400000,2026-06-08T16:00:00+00:00,1.1547343730926514,1.1548677682876587,1.1531364917755127,1.15340256690979,,30.268461465228796,False,1.1581694662570954,1.1490133258420847,1.167325606672106,1.5876747074600177,0.0,0.002418909754071917,0.0,False,ADX_NOT_RANGE|CLOSE_NOT_OUTSIDE_BAND|SHORT_DISABLED
,2026-07-20T18:51:44.362534+00:00,RMR_LONG_ONLY_EURUSD_4H,EURUSD,EURUSD=X,strategy-lab-v1.0.0:RMR_LONG_ONLY_EURUSD_4H,1780948800000,2026-06-08T20:00:00+00:00,1.15340256690979,1.154334545135498,1.1531364917755127,1.1531364917755127,,31.610771975065294,False,1.157821649312973,1.1484580334998553,1.1671852651260906,1.6240255823836136,0.0,0.0023693697793143137,0.0,False,ADX_NOT_RANGE|CLOSE_NOT_OUTSIDE_BAND|SHORT_DISABLED
,2026-07-20T18:51:44.362534+00:00,RMR_LONG_ONLY_EURUSD_4H,EURUSD,EURUSD=X,strategy-lab-v1.0.0:RMR_LONG_ONLY_EURUSD_4H,1780963200000,2026-06-09T00:00:00+00:00,1.1531364917755127,1.154334545135498,1.1531364917755127,1.154068112373352,,32.53353885568371,False,1.1574597895145415,1.1481032857387647,1.1668162932903183,1.6214820729315627,0.0,0.002387472561427525,0.0,False,ADX_NOT_RANGE|CLOSE_NOT_OUTSIDE_BAND|SHORT_DISABLED
,2026-07-20T18:51:44.362534+00:00,RMR_LONG_ONLY_EURUSD_4H,EURUSD,EURUSD=X,strategy-lab-v1.0.0:RMR_LONG_ONLY_EURUSD_4H,1780977600000,2026-06-09T04:00:00+00:00,1.1542012691497803,1.1555349826812744,1.154068112373352,1.154334545135498,,34.25795173182816,False,1.1571314752101898,1.1478202841663505,1.166442666254029,1.6132569337160914,0.0,0.002444054399217878,0.0,False,ADX_NOT_RANGE|CLOSE_NOT_OUTSIDE_BAND|SHORT_DISABLED
,2026-07-20T18:51:44.362534+00:00,RMR_LONG_ONLY_EURUSD_4H,EURUSD,EURUSD=X,strategy-lab-v1.0.0:RMR_LONG_ONLY_EURUSD_4H,1780992000000,2026-06-09T08:00:00+00:00,1.1542012691497803,1.1576753854751587,1.154068112373352,1.1575413942337036,,35.768908201401985,False,1.156970238685608,1.1478058641248972,1.1661346132463188,1.5834206200077516,0.0,0.0025375144822256906,0.0,False,ADX_NOT_RANGE|CLOSE_NOT_OUTSIDE_BAND|SHORT_DISABLED
,2026-07-20T18:51:44.362534+00:00,RMR_LONG_ONLY_EURUSD_4H,EURUSD,EURUSD=X,strategy-lab-v1.0.0:RMR_LONG_ONLY_EURUSD_4H,1781006400000,2026-06-09T12:00:00+00:00,1.1576753854751587,1.158077597618103,1.155001163482666,1.1559356451034546,,37.02244474903346,False,1.1565394639968871,1.1480563300836286,1.1650225979101456,1.4677519374358028,0.0,0.0026798248291015625,0.0,False,ADX_NOT_RANGE|CLOSE_NOT_OUTSIDE_BAND|SHORT_DISABLED
,2026-07-20T18:51:44.362534+00:00,RMR_LONG_ONLY_EURUSD_4H,EURUSD,EURUSD=X,strategy-lab-v1.0.0:RMR_LONG_ONLY_EURUSD_4H,1781020800000,2026-06-09T16:00:00+00:00,1.1559356451034546,1.1560693979263306,1.1532695293426514,1.1544678211212158,,35.21974989363283,False,1.1561030328273774,1.1481533828191002,1.1640526828356546,1.3771973307244734,0.0,0.002092991556440081,0.0,False,ADX_NOT_RANGE|CLOSE_NOT_OUTSIDE_BAND|SHORT_DISABLED
,2026-07-20T18:51:44.362534+00:00,RMR_LONG_ONLY_EURUSD_4H,EURUSD,EURUSD=X,strategy-lab-v1.0.0:RMR_LONG_ONLY_EURUSD_4H,1781035200000,2026-06-09T20:00:00+00:00,1.1544678211212158,1.1551345586776733,1.1538017988204956,1.1538017988204956,,34.29626254467322,True,1.1557143688201905,1.14812074160928,1.163307996031101,1.3162793156802648,0.0,0.00209324700491769,0.0,False,ADX_NOT_RANGE|CLOSE_NOT_OUTSIDE_BAND|SHORT_DISABLED
,2026-07-20T18:51:44.362534+00:00,RMR_LONG_ONLY_EURUSD_4H,EURUSD,EURUSD=X,strategy-lab-v1.0.0:RMR_LONG_ONLY_EURUSD_4H,1781049600000,2026-06-10T00:00:00+00:00,1.1538017988204956,1.155401587486267,1.1536686420440674,1.155401587486267,,33.7423559043509,True,1.155405694246292,1.1483041425847138,1.1625072459078702,1.2292785016902408,0.0,0.002169583524976458,0.0,False,ADX_NOT_RANGE|CLOSE_NOT_OUTSIDE_BAND|SHORT_DISABLED
,2026-07-20T18:51:44.362534+00:00,RMR_LONG_ONLY_EURUSD_4H,EURUSD,EURUSD=X,strategy-lab-v1.0.0:RMR_LONG_ONLY_EURUSD_4H,1781064000000,2026-06-10T04:00:00+00:00,1.155401587486267,1.156203031539917,1.1548677682876587,1.1556684970855713,,33.784557298478234,False,1.1550968706607818,1.1486337824132073,1.1615599589083563,1.1185021074596113,0.0,0.0021985769271850586,0.0,False,ADX_NOT_RANGE|CLOSE_NOT_OUTSIDE_BAND|SHORT_DISABLED
,2026-07-20T18:51:44.362534+00:00,RMR_LONG_ONLY_EURUSD_4H,EURUSD,EURUSD=X,strategy-lab-v1.0.0:RMR_LONG_ONLY_EURUSD_4H,1781078400000,2026-06-10T08:00:00+00:00,1.1556684970855713,1.156203031539917,1.1539349555969238,1.154068112373352,,32.75858298054347,False,1.154620146751404,1.1494621760776083,1.1597781174251995,0.8938763004530516,0.0,0.0021992496081760953,0.0,False,ADX_NOT_RANGE|CLOSE_NOT_OUTSIDE_BAND|SHORT_DISABLED
,2026-07-20T18:51:44.362534+00:00,RMR_LONG_ONLY_EURUSD_4H,EURUSD,EURUSD=X,strategy-lab-v1.0.0:RMR_LONG_ONLY_EURUSD_4H,1781092800000,2026-06-10T12:00:00+00:00,1.154068112373352,1.1575413942337036,1.1539349555969238,1.1551345586776733,,32.30618071210968,True,1.1541561007499694,1.151585784619536,1.1567264168804028,0.4450245404095064,0.0,0.002266934939793178,0.0,False,ADX_NOT_RANGE|CLOSE_NOT_OUTSIDE_BAND|SHORT_DISABLED
,2026-07-20T18:51:44.362534+00:00,RMR_LONG_ONLY_EURUSD_4H,EURUSD,EURUSD=X,strategy-lab-v1.0.0:RMR_LONG_ONLY_EURUSD_4H,1781107200000,2026-06-10T16:00:00+00:00,1.155401587486267,1.156203031539917,1.1544678211212158,1.1544678211212158,,32.75747819733725,False,1.1542027115821838,1.1516453172980254,1.1567601058663421,0.4430429739781955,0.0,0.002087286540440151,0.0,False,ADX_NOT_RANGE|CLOSE_NOT_OUTSIDE_BAND|SHORT_DISABLED
,2026-07-20T18:51:44.362534+00:00,RMR_LONG_ONLY_EURUSD_4H,EURUSD,EURUSD=X,strategy-lab-v1.0.0:RMR_LONG_ONLY_EURUSD_4H,1781121600000,2026-06-10T20:00:00+00:00,1.1544678211212158,1.1551345586776733,1.1530035734176636,1.1538017988204956,,30.550695820858937,False,1.154249268770218,1.1517575090445713,1.1567410284958646,0.43192162262078343,0.0,0.0020871077265058246,0.0,False,ADX_NOT_RANGE|CLOSE_NOT_OUTSIDE_BAND|SHORT_DISABLED
,2026-07-20T18:51:44.362534+00:00,RMR_LONG_ONLY_EURUSD_4H,EURUSD,EURUSD=X,strategy-lab-v1.0.0:RMR_LONG_ONLY_EURUSD_4H,1781136000000,2026-06-11T00:00:00+00:00,1.1539349555969238,1.1559356451034546,1.1539349555969238,1.1548677682876587,,29.078958627082923,True,1.1543557703495027,1.1519509712567013,1.156760569442304,0.4164631066579978,0.0,0.002115862710135324,0.0,False,ADX_NOT_RANGE|CLOSE_NOT_OUTSIDE_BAND|SHORT_DISABLED
,2026-07-20T18:51:44.362534+00:00,RMR_LONG_ONLY_EURUSD_4H,EURUSD,EURUSD=X,strategy-lab-v1.0.0:RMR_LONG_ONLY_EURUSD_4H,1781150400000,2026-06-11T04:00:00+00:00,1.1548677682876587,1.1558021306991577,1.1544678211212158,1.1548677682876587,,27.844938938132547,True,1.1544689178466796,1.1521949101411142,1.156742925552245,0.3938126542291702,0.0,0.0021255952971322195,0.0,False,ADX_NOT_RANGE|CLOSE_NOT_OUTSIDE_BAND|SHORT_DISABLED
,2026-07-20T18:51:44.362534+00:00,RMR_LONG_ONLY_EURUSD_4H,EURUSD,EURUSD=X,strategy-lab-v1.0.0:RMR_LONG_ONLY_EURUSD_4H,1781164800000,2026-06-11T08:00:00+00:00,1.1548677682876587,1.1548677682876587,1.1527377367019653,1.1542012691497803,,25.457238009043994,True,1.1545022010803223,1.1522646148035134,1.1567397873571312,0.3877289579584671,0.0,0.0021921651703970773,0.0,False,ADX_NOT_RANGE|CLOSE_NOT_OUTSIDE_BAND|SHORT_DISABLED
,2026-07-20T18:51:44.362534+00:00,RMR_LONG_ONLY_EURUSD_4H,EURUSD,EURUSD=X,strategy-lab-v1.0.0:RMR_LONG_ONLY_EURUSD_4H,1781179200000,2026-06-11T12:00:00+00:00,1.1542012691497803,1.1544678211212158,1.1518083810806274,1.1518083810806274,LONG,23.641772726342516,True,1.1544889330863952,1.152191556819073,1.1567863093537174,0.39891640051564514,0.16825518842199885,0.002277348722730364,0.5379479886185775,True,
,2026-07-20T18:51:44.362534+00:00,RMR_LONG_ONLY_EURUSD_4H,EURUSD,EURUSD=X,strategy-lab-v1.0.0:RMR_LONG_ONLY_EURUSD_4H,1781193600000,2026-06-11T16:00:00+00:00,1.1518083810806274,1.1588828563690186,1.1506155729293823,1.1582117080688477,,21.883096639440744,True,1.1547027707099915,1.151908944641887,1.157496596778096,0.4824378908693154,0.27396731341297165,0.0026102066040039062,0.0,False,SHORT_DISABLED
,2026-07-20T18:51:44.362534+00:00,RMR_LONG_ONLY_EURUSD_4H,EURUSD,EURUSD=X,strategy-lab-v1.0.0:RMR_LONG_ONLY_EURUSD_4H,1781208000000,2026-06-11T20:00:00+00:00,1.1582117080688477,1.1588828563690186,1.1576753854751587,1.1578094959259033,,19.81376871615307,True,1.1548498570919037,1.1517444054408306,1.1579553087429768,0.5364356851451946,0.0,0.0024767092296055387,0.0,False,CLOSE_NOT_OUTSIDE_BAND|SHORT_DISABLED
,2026-07-20T18:51:44.362534+00:00,RMR_LONG_ONLY_EURUSD_4H,EURUSD,EURUSD=X,strategy-lab-v1.0.0:RMR_LONG_ONLY_EURUSD_4H,1781222400000,2026-06-12T00:00:00+00:00,1.1579434871673584,1.1579434871673584,1.1564704179763794,1.1575413942337036,,19.70521324686095,True,1.1550567984580993,1.1518160461220097,1.1582975507941888,0.559937182762254,0.0,0.0023819378444126676,0.0,False,CLOSE_NOT_OUTSIDE_BAND|SHORT_DISABLED
,2026-07-20T18:51:44.362534+00:00,RMR_LONG_ONLY_EURUSD_4H,EURUSD,EURUSD=X,strategy-lab-v1.0.0:RMR_LONG_ONLY_EURUSD_4H,1781236800000,2026-06-12T04:00:00+00:00,1.1575413942337036,1.1578094959259033,1.1560693979263306,1.1570056676864624,,18.385025917249518,True,1.155250257253647,1.152029252257627,1.158471262249667,0.5567829244018574,0.0,0.0024110334260123117,0.0,False,CLOSE_NOT_OUTSIDE_BAND|SHORT_DISABLED
,2026-07-20T18:51:44.362534+00:00,RMR_LONG_ONLY_EURUSD_4H,EURUSD,EURUSD=X,strategy-lab-v1.0.0:RMR_LONG_ONLY_EURUSD_4H,1781251200000,2026-06-12T08:00:00+00:00,1.1570056676864624,1.1592857837677002,1.1570056676864624,1.1575413942337036,,17.454262444500475,True,1.1554239213466644,1.1521035893234706,1.1587442533698582,0.5736869609560509,0.0,0.0024501170430864605,0.0,False,CLOSE_NOT_OUTSIDE_BAND|SHORT_DISABLED
,2026-07-20T18:51:44.362534+00:00,RMR_LONG_ONLY_EURUSD_4H,EURUSD,EURUSD=X,strategy-lab-v1.0.0:RMR_LONG_ONLY_EURUSD_4H,1781265600000,2026-06-12T12:00:00+00:00,1.1574074029922485,1.1586142778396606,1.1564704179763794,1.1576753854751587,,15.226624372423666,True,1.1555909633636474,1.152171977747857,1.1590099489794379,0.5906639561809746,0.0,0.002507873943873814,0.0,False,CLOSE_NOT_OUTSIDE_BAND|SHORT_DISABLED
,2026-07-20T18:51:44.362534+00:00,RMR_LONG_ONLY_EURUSD_4H,EURUSD,EURUSD=X,strategy-lab-v1.0.0:RMR_LONG_ONLY_EURUSD_4H,1781280000000,2026-06-12T16:00:00+00:00,1.1576753854751587,1.1582117080688477,1.157273530960083,1.1574074029922485,,14.802696851409532,True,1.1555842638015748,1.1521800990620898,1.1589884285410597,0.5882396692269478,0.0,0.002412881170000349,0.0,False,CLOSE_NOT_OUTSIDE_BAND|SHORT_DISABLED
,2026-07-20T18:51:44.362534+00:00,RMR_LONG_ONLY_EURUSD_4H,EURUSD,EURUSD=X,strategy-lab-v1.0.0:RMR_LONG_ONLY_EURUSD_4H,1781294400000,2026-06-12T20:00:00+00:00,1.1574074029922485,1.1574074029922485,1.1570056676864624,1.157273530960083,,13.186621966588419,True,1.1556511580944062,1.152170286202107,1.1591320299867054,0.6015642454746921,0.0,0.002183973789215088,0.0,False,CLOSE_NOT_OUTSIDE_BAND|SHORT_DISABLED
,2026-07-20T18:51:44.362534+00:00,RMR_LONG_ONLY_EURUSD_4H,EURUSD,EURUSD=X,strategy-lab-v1.0.0:RMR_LONG_ONLY_EURUSD_4H,1781467200000,2026-06-14T20:00:00+00:00,1.161170482635498,1.161170482635498,1.1606314182281494,1.1606314182281494,,12.02261385019952,True,1.1559593379497528,1.1519075345538365,1.160011141345669,0.6982067402762291,0.26525879179034073,0.002338383878980364,0.0,False,SHORT_DISABLED
,2026-07-20T18:51:44.362534+00:00,RMR_LONG_ONLY_EURUSD_4H,EURUSD,EURUSD=X,strategy-lab-v1.0.0:RMR_LONG_ONLY_EURUSD_4H,1781481600000,2026-06-15T00:00:00+00:00,1.1609008312225342,1.161440134048462,1.1598236560821533,1.1607661247253418,,13.041523293161864,False,1.1563075542449952,1.1518778660834643,1.160737242406526,0.7632352576758786,0.012548618447544443,0.002301633358001709,0.0,False,SHORT_DISABLED
,2026-07-20T18:51:44.362534+00:00,RMR_LONG_ONLY_EURUSD_4H,EURUSD,EURUSD=X,strategy-lab-v1.0.0:RMR_LONG_ONLY_EURUSD_4H,1781496000000,2026-06-15T04:00:00+00:00,1.1607661247253418,1.1623852252960205,1.1603620052337646,1.1610356569290161,,13.269726966631808,False,1.1565892577171326,1.151730086422756,1.1614484290115092,0.8370408376999073,0.0,0.002293731485094343,0.0,False,CLOSE_NOT_OUTSIDE_BAND|SHORT_DISABLED
,2026-07-20T18:51:44.362534+00:00,RMR_LONG_ONLY_EURUSD_4H,EURUSD,EURUSD=X,strategy-lab-v1.0.0:RMR_LONG_ONLY_EURUSD_4H,1781510400000,2026-06-15T08:00:00+00:00,1.1609008312225342,1.1617100238800049,1.160092830657959,1.16130530834198,,13.350193292192259,False,1.156871098279953,1.1516201482775452,1.1621220482823609,0.9043186084983491,0.0,0.0023139374596732004,0.0,False,CLOSE_NOT_OUTSIDE_BAND|SHORT_DISABLED
,2026-07-20T18:51:44.362534+00:00,RMR_LONG_ONLY_EURUSD_4H,EURUSD,EURUSD=X,strategy-lab-v1.0.0:RMR_LONG_ONLY_EURUSD_4H,1781524800000,2026-06-15T12:00:00+00:00,1.16130530834198,1.1623852252960205,1.160092830657959,1.1602274179458618,,15.863846445352038,False,1.1571790635585786,1.1518994105569258,1.1624587165602314,0.9101065739336186,0.0,0.0023255348205566406,0.0,False,CLOSE_NOT_OUTSIDE_BAND|SHORT_DISABLED
,2026-07-20T18:51:44.362534+00:00,RMR_LONG_ONLY_EURUSD_4H,EURUSD,EURUSD=X,strategy-lab-v1.0.0:RMR_LONG_ONLY_EURUSD_4H,1781539200000,2026-06-15T16:00:00+00:00,1.160092830657959,1.1609008312225342,1.1588828563690186,1.1588828563690186,,18.21506139169538,False,1.1573664784431457,1.1521244539860678,1.1626085029002236,0.9046685656395094,0.0,0.0022797158786228727,0.0,False,CLOSE_NOT_OUTSIDE_BAND|SHORT_DISABLED
,2026-07-20T18:51:44.362534+00:00,RMR_LONG_ONLY_EURUSD_4H,EURUSD,EURUSD=X,strategy-lab-v1.0.0:RMR_LONG_ONLY_EURUSD_4H,1781553600000,2026-06-15T20:00:00+00:00,1.1587486267089844,1.1603620052337646,1.1587486267089844,1.1594202518463135,,18.858604884573065,False,1.1576140999794007,1.1524763272234246,1.1627518727353767,0.8862658294599257,0.0,0.0018044369561331613,0.0,False,CLOSE_NOT_OUTSIDE_BAND|SHORT_DISABLED
,2026-07-20T18:51:44.362534+00:00,RMR_LONG_ONLY_EURUSD_4H,EURUSD,EURUSD=X,strategy-lab-v1.0.0:RMR_LONG_ONLY_EURUSD_4H,1781568000000,2026-06-16T00:00:00+00:00,1.1595547199249268,1.1598236560821533,1.1586142778396606,1.1590172052383423,,19.58960926516644,False,1.157874870300293,1.153015681365984,1.162734059234602,0.8385016050404155,0.0,0.0018045731953212193,0.0,False,CLOSE_NOT_OUTSIDE_BAND|SHORT_DISABLED
,2026-07-20T18:51:44.362534+00:00,RMR_LONG_ONLY_EURUSD_4H,EURUSD,EURUSD=X,strategy-lab-v1.0.0:RMR_LONG_ONLY_EURUSD_4H,1781582400000,2026-06-16T04:00:00+00:00,1.1590172052383423,1.1598236560821533,1.1578094959259033,1.1598236560821533,,20.324290375435492,False,1.1581226646900178,1.153398563763616,1.1628467656164196,0.814623999368958,0.0,0.0018432225499834334,0.0,False,CLOSE_NOT_OUTSIDE_BAND|SHORT_DISABLED
,2026-07-20T18:51:44.362534+00:00,RMR_LONG_ONLY_EURUSD_4H,EURUSD,EURUSD=X,strategy-lab-v1.0.0:RMR_LONG_ONLY_EURUSD_4H,1781596800000,2026-06-16T08:00:00+00:00,1.1598236560821533,1.1615750789642334,1.15968918800354,1.1602274179458618,,22.330982130723694,False,1.158390647172928,1.1538302745726,1.162951019773256,0.7861170197825541,0.0,0.0018536363329206193,0.0,False,CLOSE_NOT_OUTSIDE_BAND|SHORT_DISABLED
,2026-07-20T18:51:44.362534+00:00,RMR_LONG_ONLY_EURUSD_4H,EURUSD,EURUSD=X,strategy-lab-v1.0.0:RMR_LONG_ONLY_EURUSD_4H,1781611200000,2026-06-16T12:00:00+00:00,1.1602274179458618,1.1621150970458984,1.159151554107666,1.1617100238800049,,23.449469416633693,False,1.158766084909439,1.1544156068922133,1.1631165629266647,0.7489783040169454,0.0,0.0019024525369916642,0.0,False,CLOSE_NOT_OUTSIDE_BAND|SHORT_DISABLED
,2026-07-20T18:51:44.362534+00:00,RMR_LONG_ONLY_EURUSD_4H,EURUSD,EURUSD=X,strategy-lab-v1.0.0:RMR_LONG_ONLY_EURUSD_4H,1781625600000,2026-06-16T16:00:00+00:00,1.1617100238800049,1.16225004196167,1.1610356569290161,1.161170482635498,,25.670123441393173,False,1.1592341899871825,1.1561480165159974,1.1623203634583676,0.5315625082340116,0.0,0.0018360614776611328,0.0,False,ADX_NOT_RANGE|CLOSE_NOT_OUTSIDE_BAND|SHORT_DISABLED
,2026-07-20T18:51:44.362534+00:00,RMR_LONG_ONLY_EURUSD_4H,EURUSD,EURUSD=X,strategy-lab-v1.0.0:RMR_LONG_ONLY_EURUSD_4H,1781640000000,2026-06-16T20:00:00+00:00,1.1610356569290161,1.1618449687957764,1.1610356569290161,1.16130530834198,,27.399201136942338,False,1.1593888700008392,1.1562143502795272,1.1625633897221512,0.5467157858503765,0.0,0.0018268568175179617,0.0,False,ADX_NOT_RANGE|CLOSE_NOT_OUTSIDE_BAND|SHORT_DISABLED
,2026-07-20T18:51:44.362534+00:00,RMR_LONG_ONLY_EURUSD_4H,EURUSD,EURUSD=X,strategy-lab-v1.0.0:RMR_LONG_ONLY_EURUSD_4H,1781654400000,2026-06-17T00:00:00+00:00,1.16130530834198,1.1619800329208374,1.16130530834198,1.161440134048462,,30.209631022556596,False,1.1595704019069673,1.1563628463775764,1.1627779574363581,0.5523410867868384,0.0,0.0018463560513087682,0.0,False,ADX_NOT_RANGE|CLOSE_NOT_OUTSIDE_BAND|SHORT_DISABLED
,2026-07-20T18:51:44.362534+00:00,RMR_LONG_ONLY_EURUSD_4H,EURUSD,EURUSD=X,strategy-lab-v1.0.0:RMR_LONG_ONLY_EURUSD_4H,1781668800000,2026-06-17T04:00:00+00:00,1.16130530834198,1.1618449687957764,1.1607661247253418,1.161170482635498,,28.809810099193193,False,1.1597518563270568,1.1566141203777178,1.1628895922763958,0.5404436292967558,0.0,0.0016450626509530203,0.0,False,ADX_NOT_RANGE|CLOSE_NOT_OUTSIDE_BAND|SHORT_DISABLED
,2026-07-20T18:51:44.362534+00:00,RMR_LONG_ONLY_EURUSD_4H,EURUSD,EURUSD=X,strategy-lab-v1.0.0:RMR_LONG_ONLY_EURUSD_4H,1781683200000,2026-06-17T08:00:00+00:00,1.1610356569290161,1.1610356569290161,1.1588828563690186,1.1594202518463135,,27.42582634782092,True,1.1598725855350493,1.156991480431533,1.1627536906385656,0.49699064664917547,0.0,0.0016930018152509416,0.0,False,ADX_NOT_RANGE|CLOSE_NOT_OUTSIDE_BAND|SHORT_DISABLED
,2026-07-20T18:51:44.362534+00:00,RMR_LONG_ONLY_EURUSD_4H,EURUSD,EURUSD=X,strategy-lab-v1.0.0:RMR_LONG_ONLY_EURUSD_4H,1781697600000,2026-06-17T12:00:00+00:00,1.1595547199249268,1.1606314182281494,1.1587486267089844,1.1595547199249268,,26.98077933554206,True,1.1599732518196106,1.1572911725988113,1.16265533104041,0.4626050284152133,0.0,0.0016829712050301687,0.0,False,ADX_NOT_RANGE|CLOSE_NOT_OUTSIDE_BAND|SHORT_DISABLED
,2026-07-20T18:51:44.362534+00:00,RMR_LONG_ONLY_EURUSD_4H,EURUSD,EURUSD=X,strategy-lab-v1.0.0:RMR_LONG_ONLY_EURUSD_4H,1781712000000,2026-06-17T16:00:00+00:00,1.1595547199249268,1.1599582433700562,1.1482374668121338,1.1496896743774414,,29.736163322010807,False,1.1595739662647246,1.1544115842385947,1.1647363482908546,0.8980479065231911,1.9636531766961183,0.002404655729021345,0.0,False,ADX_NOT_RANGE
,2026-07-20T18:51:44.362534+00:00,RMR_LONG_ONLY_EURUSD_4H,EURUSD,EURUSD=X,strategy-lab-v1.0.0:RMR_LONG_ONLY_EURUSD_4H,1781726400000,2026-06-17T20:00:00+00:00,1.1500862836837769,1.151145339012146,1.1490291357040405,1.151012897491455,,31.71353443498259,False,1.159254240989685,1.1529327797975937,1.1655757021817765,1.0984170908716262,0.8026026818900982,0.002392070634024484,0.0,False,ADX_NOT_RANGE
,2026-07-20T18:51:44.362534+00:00,RMR_LONG_ONLY_EURUSD_4H,EURUSD,EURUSD=X,strategy-lab-v1.0.0:RMR_LONG_ONLY_EURUSD_4H,1781740800000,2026-06-18T00:00:00+00:00,1.1512778997421265,1.1527377367019653,1.1512778997421265,1.1527377367019653,,32.67055474180427,False,1.159027451276779,1.1521380782654158,1.1659168242881424,1.195306233501834,0.0,0.0023711323738098145,0.0,False,ADX_NOT_RANGE|CLOSE_NOT_OUTSIDE_BAND|SHORT_DISABLED
,2026-07-20T18:51:44.362534+00:00,RMR_LONG_ONLY_EURUSD_4H,EURUSD,EURUSD=X,strategy-lab-v1.0.0:RMR_LONG_ONLY_EURUSD_4H,1781755200000,2026-06-18T04:00:00+00:00,1.1528706550598145,1.1531364917755127,1.151012897491455,1.151543140411377,,35.06914130634841,False,1.1585730373859406,1.1510016483203376,1.1661444264515437,1.3149987698938073,0.0,0.002407576356615339,0.0,False,ADX_NOT_RANGE|CLOSE_NOT_OUTSIDE_BAND|SHORT_DISABLED
,2026-07-20T18:51:44.362534+00:00,RMR_LONG_ONLY_EURUSD_4H,EURUSD,EURUSD=X,strategy-lab-v1.0.0:RMR_LONG_ONLY_EURUSD_4H,1781769600000,2026-06-18T08:00:00+00:00,1.151543140411377,1.1516757011413574,1.145737886428833,1.1461317539215088,,38.32305681130559,False,1.1578413188457488,1.1486120466790328,1.1670705910124648,1.6105080650872603,0.9034615689041193,0.0027453218187604633,0.0,False,ADX_NOT_RANGE
,2026-07-20T18:51:44.362534+00:00,RMR_LONG_ONLY_EURUSD_4H,EURUSD,EURUSD=X,strategy-lab-v1.0.0:RMR_LONG_ONLY_EURUSD_4H,1781784000000,2026-06-18T12:00:00+00:00,1.1458691358566284,1.1490291357040405,1.145737886428833,1.147315263748169,,41.19019787223449,False,1.1571552991867065,1.146985944199178,1.1673246541742348,1.7727219899970736,0.0,0.002836542470114572,0.0,False,ADX_NOT_RANGE|CLOSE_NOT_OUTSIDE_BAND|SHORT_DISABLED
,2026-07-20T18:51:44.362534+00:00,RMR_LONG_ONLY_EURUSD_4H,EURUSD,EURUSD=X,strategy-lab-v1.0.0:RMR_LONG_ONLY_EURUSD_4H,1781798400000,2026-06-18T16:00:00+00:00,1.147446870803833,1.1477103233337402,1.1454753875732422,1.1461317539215088,,43.97674361041738,False,1.156396621465683,1.1453525004879923,1.1674407424433735,1.927199196759525,0.0,0.002861474241529192,0.0,False,ADX_NOT_RANGE|CLOSE_NOT_OUTSIDE_BAND|SHORT_DISABLED
,2026-07-20T18:51:44.362534+00:00,RMR_LONG_ONLY_EURUSD_4H,EURUSD,EURUSD=X,strategy-lab-v1.0.0:RMR_LONG_ONLY_EURUSD_4H,1781812800000,2026-06-18T20:00:00+00:00,1.1460003852844238,1.1471836566925049,1.1454753875732422,1.1461317539215088,,47.452851470547294,False,1.1556918382644654,1.1439392116843188,1.167444464844612,2.0508334299149875,0.0,0.0027718118258884977,0.0,False,ADX_NOT_RANGE|CLOSE_NOT_OUTSIDE_BAND|SHORT_DISABLED
,2026-07-20T18:51:44.362534+00:00,RMR_LONG_ONLY_EURUSD_4H,EURUSD,EURUSD=X,strategy-lab-v1.0.0:RMR_LONG_ONLY_EURUSD_4H,1781827200000,2026-06-19T00:00:00+00:00,1.1465259790420532,1.1467890739440918,1.1445575952529907,1.1445575952529907,,50.58130198193404,False,1.154975575208664,1.1423728035035607,1.167578346913767,2.2022083916742456,0.0,0.002844461372920445,0.0,False,ADX_NOT_RANGE|CLOSE_NOT_OUTSIDE_BAND|SHORT_DISABLED
,2026-07-20T18:51:44.362534+00:00,RMR_LONG_ONLY_EURUSD_4H,EURUSD,EURUSD=X,strategy-lab-v1.0.0:RMR_LONG_ONLY_EURUSD_4H,1781841600000,2026-06-19T04:00:00+00:00,1.1445575952529907,1.145213007926941,1.1422044038772583,1.1449507474899292,,53.84730365933142,False,1.1542520999908448,1.141103541394437,1.1674006585872525,2.296790254992761,0.0,0.0030015536717006137,0.0,False,ADX_NOT_RANGE|CLOSE_NOT_OUTSIDE_BAND|SHORT_DISABLED
,2026-07-20T18:51:44.362534+00:00,RMR_LONG_ONLY_EURUSD_4H,EURUSD,EURUSD=X,strategy-lab-v1.0.0:RMR_LONG_ONLY_EURUSD_4H,1781856000000,2026-06-19T08:00:00+00:00,1.145213007926941,1.1470520496368408,1.145213007926941,1.1463946104049683,,55.96499251897345,False,1.153620970249176,1.1402382172784908,1.1670037232198611,2.334755039707947,0.0,0.003103452069418771,0.0,False,ADX_NOT_RANGE|CLOSE_NOT_OUTSIDE_BAND|SHORT_DISABLED
,2026-07-20T18:51:44.362534+00:00,RMR_LONG_ONLY_EURUSD_4H,EURUSD,EURUSD=X,strategy-lab-v1.0.0:RMR_LONG_ONLY_EURUSD_4H,1781870400000,2026-06-19T12:00:00+00:00,1.1465259790420532,1.1477103233337402,1.1461317539215088,1.1466574668884277,,60.37549604829707,False,1.1529626607894898,1.1395698266906873,1.1663554948882924,2.3359781775363775,0.0,0.003139146736689976,0.0,False,ADX_NOT_RANGE|CLOSE_NOT_OUTSIDE_BAND|SHORT_DISABLED
,2026-07-20T18:51:44.362534+00:00,RMR_LONG_ONLY_EURUSD_4H,EURUSD,EURUSD=X,strategy-lab-v1.0.0:RMR_LONG_ONLY_EURUSD_4H,1781884800000,2026-06-19T16:00:00+00:00,1.1466574668884277,1.1485011577606201,1.1465259790420532,1.1481056213378906,,63.850300186594914,False,1.1523565709590913,1.1392393512534271,1.1654737906647554,2.2850196814433534,0.0,0.003116829054696219,0.0,False,ADX_NOT_RANGE|CLOSE_NOT_OUTSIDE_BAND|SHORT_DISABLED
,2026-07-20T18:51:44.362534+00:00,RMR_LONG_ONLY_EURUSD_4H,EURUSD,EURUSD=X,strategy-lab-v1.0.0:RMR_LONG_ONLY_EURUSD_4H,1781899200000,2026-06-19T20:00:00+00:00,1.1478420495986938,1.1485011577606201,1.1469204425811768,1.1469204425811768,,66.32460193730876,False,1.1516170918941497,1.13903587503344,1.1641983087548595,2.1939127412177615,0.0,0.0030952521732875277,0.0,False,ADX_NOT_RANGE|CLOSE_NOT_OUTSIDE_BAND|SHORT_DISABLED
,2026-07-20T18:51:44.362534+00:00,RMR_LONG_ONLY_EURUSD_4H,EURUSD,EURUSD=X,strategy-lab-v1.0.0:RMR_LONG_ONLY_EURUSD_4H,1782072000000,2026-06-21T20:00:00+00:00,1.1466574668884277,1.1469204425811768,1.1461317539215088,1.1465259790420532,,63.742484745979546,False,1.1508848667144775,1.1389235610196793,1.1628461724092758,2.0865302511142705,0.0,0.0023143887519836426,0.0,False,ADX_NOT_RANGE|CLOSE_NOT_OUTSIDE_BAND|SHORT_DISABLED
,2026-07-20T18:51:44.362534+00:00,RMR_LONG_ONLY_EURUSD_4H,EURUSD,EURUSD=X,strategy-lab-v1.0.0:RMR_LONG_ONLY_EURUSD_4H,1782086400000,2026-06-22T00:00:00+00:00,1.1466574668884277,1.1475785970687866,1.1458691358566284,1.1460003852844238,,60.32518914389879,True,1.1501196205615998,1.138993752584129,1.1612454885390706,1.941686603309392,0.0,0.0022853357451302664,0.0,False,ADX_NOT_RANGE|CLOSE_NOT_OUTSIDE_BAND|SHORT_DISABLED
,2026-07-20T18:51:44.362534+00:00,RMR_LONG_ONLY_EURUSD_4H,EURUSD,EURUSD=X,strategy-lab-v1.0.0:RMR_LONG_ONLY_EURUSD_4H,1782100800000,2026-06-22T04:00:00+00:00,1.1460003852844238,1.1466574668884277,1.144819736480713,1.1449507474899292,,59.42826760401944,True,1.149295151233673,1.1392562975039728,1.1593340049633734,1.753586999564548,0.0,0.0022933994020734516,0.0,False,ADX_NOT_RANGE|CLOSE_NOT_OUTSIDE_BAND|SHORT_DISABLED
,2026-07-20T18:51:44.362534+00:00,RMR_LONG_ONLY_EURUSD_4H,EURUSD,EURUSD=X,strategy-lab-v1.0.0:RMR_LONG_ONLY_EURUSD_4H,1782115200000,2026-06-22T08:00:00+00:00,1.1449507474899292,1.1466574668884277,1.1445575952529907,1.145081877708435,,59.13744256247747,True,1.1484907209873199,1.1399154199605108,1.157066022014129,1.4977620716468119,0.0,0.0022917049271719797,0.0,False,ADX_NOT_RANGE|CLOSE_NOT_OUTSIDE_BAND|SHORT_DISABLED
,2026-07-20T18:51:44.362534+00:00,RMR_LONG_ONLY_EURUSD_4H,EURUSD,EURUSD=X,strategy-lab-v1.0.0:RMR_LONG_ONLY_EURUSD_4H,1782129600000,2026-06-22T12:00:00+00:00,1.145213007926941,1.1465259790420532,1.1428571939468384,1.1435105800628662,,56.88393246678639,True,1.1476952373981475,1.140479002721824,1.154911472074471,1.262119442030326,0.0,0.002129631383078439,0.0,False,ADX_NOT_RANGE|CLOSE_NOT_OUTSIDE_BAND|SHORT_DISABLED
,2026-07-20T18:51:44.362534+00:00,RMR_LONG_ONLY_EURUSD_4H,EURUSD,EURUSD=X,strategy-lab-v1.0.0:RMR_LONG_ONLY_EURUSD_4H,1782144000000,2026-06-22T16:00:00+00:00,1.1435105800628662,1.1436413526535034,1.1422044038772583,1.1427265405654907,,55.000270984769095,True,1.1468538284301757,1.1417498798429913,1.1519577770173601,0.8932930856158625,0.0,0.001997181347438267,0.0,False,ADX_NOT_RANGE|CLOSE_NOT_OUTSIDE_BAND|SHORT_DISABLED
,2026-07-20T18:51:44.362534+00:00,RMR_LONG_ONLY_EURUSD_4H,EURUSD,EURUSD=X,strategy-lab-v1.0.0:RMR_LONG_ONLY_EURUSD_4H,1782158400000,2026-06-22T20:00:00+00:00,1.1428571939468384,1.1437721252441406,1.1420739889144897,1.142987847328186,,51.93433802735769,True,1.146518737077713,1.1413243262495723,1.1517131479058538,0.9089179452402856,0.0,0.001958838530949184,0.0,False,ADX_NOT_RANGE|CLOSE_NOT_OUTSIDE_BAND|SHORT_DISABLED
,2026-07-20T18:51:44.362534+00:00,RMR_LONG_ONLY_EURUSD_4H,EURUSD,EURUSD=X,strategy-lab-v1.0.0:RMR_LONG_ONLY_EURUSD_4H,1782172800000,2026-06-23T00:00:00+00:00,1.1428571939468384,1.1436413526535034,1.1423349380493164,1.1432491540908813,,48.54707456726226,True,1.1461305499076844,1.1411830570322699,1.1510780427830989,0.8655143732599204,0.0,0.0019301346370152064,0.0,False,ADX_NOT_RANGE|CLOSE_NOT_OUTSIDE_BAND|SHORT_DISABLED
,2026-07-20T18:51:44.362534+00:00,RMR_LONG_ONLY_EURUSD_4H,EURUSD,EURUSD=X,strategy-lab-v1.0.0:RMR_LONG_ONLY_EURUSD_4H,1782187200000,2026-06-23T04:00:00+00:00,1.1432491540908813,1.144164800643921,1.141291856765747,1.1415525674819946,,45.06663221519401,True,1.1455712914466858,1.1412484212429246,1.149894161650447,0.7573668225014776,0.0,0.0019759535789489746,0.0,False,ADX_NOT_RANGE|CLOSE_NOT_OUTSIDE_BAND|SHORT_DISABLED
,2026-07-20T18:51:44.362534+00:00,RMR_LONG_ONLY_EURUSD_4H,EURUSD,EURUSD=X,strategy-lab-v1.0.0:RMR_LONG_ONLY_EURUSD_4H,1782201600000,2026-06-23T08:00:00+00:00,1.1415525674819946,1.1419435739517212,1.1388224363327026,1.1388224363327026,,41.495769850496906,True,1.1449352562427522,1.1405711003410353,1.149299412144469,0.7664330737582926,0.8813867599476205,0.001983991691044399,0.0,False,ADX_NOT_RANGE
,2026-07-20T18:51:44.362534+00:00,RMR_LONG_ONLY_EURUSD_4H,EURUSD,EURUSD=X,strategy-lab-v1.0.0:RMR_LONG_ONLY_EURUSD_4H,1782216000000,2026-06-23T12:00:00+00:00,1.1389521360397339,1.1402509212493896,1.1379153728485107,1.1385631561279297,,40.74680053146676,True,1.1445568263530732,1.1394277493752445,1.149685903330902,0.9009736438814485,0.43214028257872733,0.002000723566327776,0.0,False,ADX_NOT_RANGE
,2026-07-20T18:51:44.362534+00:00,RMR_LONG_ONLY_EURUSD_4H,EURUSD,EURUSD=X,strategy-lab-v1.0.0:RMR_LONG_ONLY_EURUSD_4H,1782230400000,2026-06-23T16:00:00+00:00,1.1385631561279297,1.1386927366256714,1.1379153728485107,1.1383039951324463,,41.07059244395486,False,1.144106262922287,1.138467718313432,1.1497448075311418,0.9906922286078538,0.08424164472924438,0.0019434945923941477,0.0,False,ADX_NOT_RANGE
,2026-07-20T18:51:44.362534+00:00,RMR_LONG_ONLY_EURUSD_4H,EURUSD,EURUSD=X,strategy-lab-v1.0.0:RMR_LONG_ONLY_EURUSD_4H,1782244800000,2026-06-23T20:00:00+00:00,1.1381744146347046,1.1389521360397339,1.1381744146347046,1.1383039951324463,,42.61039344689347,False,1.1437148749828339,1.1376244573639123,1.1498052926017555,1.0700863117348456,0.0,0.0018579619271414621,0.0,False,ADX_NOT_RANGE|CLOSE_NOT_OUTSIDE_BAND|SHORT_DISABLED
,2026-07-20T18:51:44.362534+00:00,RMR_LONG_ONLY_EURUSD_4H,EURUSD,EURUSD=X,strategy-lab-v1.0.0:RMR_LONG_ONLY_EURUSD_4H,1782259200000,2026-06-24T00:00:00+00:00,1.1381744146347046,1.1385631561279297,1.1364928483963013,1.1370097398757935,,44.38559846096051,False,1.143258774280548,1.1366191521549853,1.1498983964061107,1.167909454546624,0.0,0.0018929328237261092,0.0,False,ADX_NOT_RANGE|CLOSE_NOT_OUTSIDE_BAND|SHORT_DISABLED
,2026-07-20T18:51:44.362534+00:00,RMR_LONG_ONLY_EURUSD_4H,EURUSD,EURUSD=X,strategy-lab-v1.0.0:RMR_LONG_ONLY_EURUSD_4H,1782273600000,2026-06-24T04:00:00+00:00,1.1370097398757935,1.1377859115600586,1.135589361190796,1.135589361190796,,48.17717402246492,False,1.1428103625774384,1.1354139525027547,1.1502067726521221,1.302655753471966,0.0,0.001993494374411447,0.0,False,ADX_NOT_RANGE|CLOSE_NOT_OUTSIDE_BAND|SHORT_DISABLED
,2026-07-20T18:51:44.362534+00:00,RMR_LONG_ONLY_EURUSD_4H,EURUSD,EURUSD=X,strategy-lab-v1.0.0:RMR_LONG_ONLY_EURUSD_4H,1782288000000,2026-06-24T08:00:00+00:00,1.135589361190796,1.1358473300933838,1.1341726779937744,1.1341726779937744,,53.190521176047675,False,1.1422714591026306,1.134052524643049,1.1504903935622122,1.449326829865084,0.0,0.0019910080092293875,0.0,False,ADX_NOT_RANGE|CLOSE_NOT_OUTSIDE_BAND|SHORT_DISABLED
,2026-07-20T18:51:44.362534+00:00,RMR_LONG_ONLY_EURUSD_4H,EURUSD,EURUSD=X,strategy-lab-v1.0.0:RMR_LONG_ONLY_EURUSD_4H,1782302400000,2026-06-24T12:00:00+00:00,1.134429931640625,1.1363636255264282,1.1328877210617065,1.1353315114974976,,56.892497808646056,False,1.1417183041572572,1.1332001200023716,1.1502364883121428,1.500563327736784,0.0,0.002108020441872733,0.0,False,ADX_NOT_RANGE|CLOSE_NOT_OUTSIDE_BAND|SHORT_DISABLED
,2026-07-20T18:51:44.362534+00:00,RMR_LONG_ONLY_EURUSD_4H,EURUSD,EURUSD=X,strategy-lab-v1.0.0:RMR_LONG_ONLY_EURUSD_4H,1782316800000,2026-06-24T16:00:00+00:00,1.1352026462554932,1.1370097398757935,1.1350737810134888,1.1357183456420898,,59.557110432743464,False,1.1411713480949401,1.1325874298579184,1.149755266331962,1.511627996493929,0.0,0.0020963123866489957,0.0,False,ADX_NOT_RANGE|CLOSE_NOT_OUTSIDE_BAND|SHORT_DISABLED
,2026-07-20T18:51:44.362534+00:00,RMR_LONG_ONLY_EURUSD_4H,EURUSD,EURUSD=X,strategy-lab-v1.0.0:RMR_LONG_ONLY_EURUSD_4H,1782331200000,2026-06-24T20:00:00+00:00,1.135589361190796,1.1364928483963013,1.1353315114974976,1.1357183456420898,,63.25564191511197,False,1.1405519843101501,1.132276754743738,1.1488272138765623,1.4572679217810203,0.0,0.0019172089440482004,0.0,False,ADX_NOT_RANGE|CLOSE_NOT_OUTSIDE_BAND|SHORT_DISABLED
,2026-07-20T18:51:44.362534+00:00,RMR_LONG_ONLY_EURUSD_4H,EURUSD,EURUSD=X,strategy-lab-v1.0.0:RMR_LONG_ONLY_EURUSD_4H,1782345600000,2026-06-25T00:00:00+00:00,1.135589361190796,1.1373976469039917,1.1352026462554932,1.137268304824829,,65.59913696765727,False,1.1400693774223327,1.1322212665167293,1.1479174883279362,1.380168755659162,0.0,0.001971355506352016,0.0,False,ADX_NOT_RANGE|CLOSE_NOT_OUTSIDE_BAND|SHORT_DISABLED
,2026-07-20T18:51:44.362534+00:00,RMR_LONG_ONLY_EURUSD_4H,EURUSD,EURUSD=X,strategy-lab-v1.0.0:RMR_LONG_ONLY_EURUSD_4H,1782360000000,2026-06-25T04:00:00+00:00,1.1373976469039917,1.1373976469039917,1.1349449157714844,1.1362345218658447,,68.33800106307994,False,1.1395548045635224,1.1321293492635944,1.1469802598634504,1.3070286383720209,0.0,0.002025255135127476,0.0,False,ADX_NOT_RANGE|CLOSE_NOT_OUTSIDE_BAND|SHORT_DISABLED
,2026-07-20T18:51:44.362534+00:00,RMR_LONG_ONLY_EURUSD_4H,EURUSD,EURUSD=X,strategy-lab-v1.0.0:RMR_LONG_ONLY_EURUSD_4H,1782374400000,2026-06-25T08:00:00+00:00,1.1363636255264282,1.1375269889831543,1.1336582899093628,1.1340440511703491,,71.29323591496667,False,1.1389569878578185,1.131782559268523,1.1461314164471141,1.265282169928322,0.0,0.00220827545438494,0.0,False,ADX_NOT_RANGE|CLOSE_NOT_OUTSIDE_BAND|SHORT_DISABLED
,2026-07-20T18:51:44.362534+00:00,RMR_LONG_ONLY_EURUSD_4H,EURUSD,EURUSD=X,strategy-lab-v1.0.0:RMR_LONG_ONLY_EURUSD_4H,1782388800000,2026-06-25T12:00:00+00:00,1.1340440511703491,1.1390818357467651,1.1340440511703491,1.1388224363327026,,72.63475745577439,False,1.1386505722999574,1.1320236987140508,1.1452774458858639,1.1638115608692676,0.0,0.0023629069328308105,0.0,False,ADX_NOT_RANGE|CLOSE_NOT_OUTSIDE_BAND|SHORT_DISABLED
,2026-07-20T18:51:44.362534+00:00,RMR_LONG_ONLY_EURUSD_4H,EURUSD,EURUSD=X,strategy-lab-v1.0.0:RMR_LONG_ONLY_EURUSD_4H,1782403200000,2026-06-25T16:00:00+00:00,1.1385631561279297,1.1389521360397339,1.137268304824829,1.1376564502716064,,73.14140299264956,False,1.1382793009281158,1.132338812592346,1.1442197892638857,1.0443378287622125,0.0,0.002260242189679827,0.0,False,ADX_NOT_RANGE|CLOSE_NOT_OUTSIDE_BAND|SHORT_DISABLED
,2026-07-20T18:51:44.362534+00:00,RMR_LONG_ONLY_EURUSD_4H,EURUSD,EURUSD=X,strategy-lab-v1.0.0:RMR_LONG_ONLY_EURUSD_4H,1782417600000,2026-06-25T20:00:00+00:00,1.1376564502716064,1.1379153728485107,1.1363636255264282,1.1364928483963013,,71.68828268863906,False,1.1379284143447876,1.1324546640451731,1.1434021646444021,0.9632705225269966,0.0,0.002204256398337228,0.0,False,ADX_NOT_RANGE|CLOSE_NOT_OUTSIDE_BAND|SHORT_DISABLED
,2026-07-20T18:51:44.362534+00:00,RMR_LONG_ONLY_EURUSD_4H,EURUSD,EURUSD=X,strategy-lab-v1.0.0:RMR_LONG_ONLY_EURUSD_4H,1782432000000,2026-06-26T00:00:00+00:00,1.1364928483963013,1.1375269889831543,1.1357183456420898,1.1373976469039917,,69.75462088305689,True,1.1376619696617127,1.1326489953913559,1.1426749439320696,0.8814813858639888,0.0,0.002277919224330357,0.0,False,ADX_NOT_RANGE|CLOSE_NOT_OUTSIDE_BAND|SHORT_DISABLED
,2026-07-20T18:51:44.362534+00:00,RMR_LONG_ONLY_EURUSD_4H,EURUSD,EURUSD=X,strategy-lab-v1.0.0:RMR_LONG_ONLY_EURUSD_4H,1782446400000,2026-06-26T04:00:00+00:00,1.1373976469039917,1.139211654663086,1.137268304824829,1.1390818357467651,,66.06842121350097,True,1.1374666690826416,1.1330273503143207,1.1419059878509625,0.7794556333014618,0.0,0.0023611783981323242,0.0,False,ADX_NOT_RANGE|CLOSE_NOT_OUTSIDE_BAND|SHORT_DISABLED
,2026-07-20T18:51:44.362534+00:00,RMR_LONG_ONLY_EURUSD_4H,EURUSD,EURUSD=X,strategy-lab-v1.0.0:RMR_LONG_ONLY_EURUSD_4H,1782460800000,2026-06-26T08:00:00+00:00,1.1390818357467651,1.1415525674819946,1.1386927366256714,1.1401208639144897,,60.439337005875295,True,1.137310254573822,1.1335245957672908,1.1410959133803533,0.6640802613739702,0.0,0.0024175729070390973,0.0,False,ADX_NOT_RANGE|CLOSE_NOT_OUTSIDE_BAND|SHORT_DISABLED
,2026-07-20T18:51:44.362534+00:00,RMR_LONG_ONLY_EURUSD_4H,EURUSD,EURUSD=X,strategy-lab-v1.0.0:RMR_LONG_ONLY_EURUSD_4H,1782475200000,2026-06-26T12:00:00+00:00,1.1401208639144897,1.143379807472229,1.1396011114120483,1.1406410932540894,,56.1056224752437,True,1.1372646808624267,1.1336671319402563,1.1408622297845972,0.6307941987092809,0.0,0.002530583313533238,0.0,False,ADX_NOT_RANGE|CLOSE_NOT_OUTSIDE_BAND|SHORT_DISABLED
,2026-07-20T18:51:44.362534+00:00,RMR_LONG_ONLY_EURUSD_4H,EURUSD,EURUSD=X,strategy-lab-v1.0.0:RMR_LONG_ONLY_EURUSD_4H,1782489600000,2026-06-26T16:00:00+00:00,1.1406410932540894,1.1406410932540894,1.1384334564208984,1.1390818357467651,,51.08950483017634,True,1.13727765083313,1.133655941938071,1.140899359728189,0.6358996836578706,0.0,0.0025686536516462055,0.0,False,ADX_NOT_RANGE|CLOSE_NOT_OUTSIDE_BAND|SHORT_DISABLED
,2026-07-20T18:51:44.362534+00:00,RMR_LONG_ONLY_EURUSD_4H,EURUSD,EURUSD=X,strategy-lab-v1.0.0:RMR_LONG_ONLY_EURUSD_4H,1782504000000,2026-06-26T20:00:00+00:00,1.1390818357467651,1.1394712924957275,1.1385631561279297,1.1389521360397339,,46.92263434111726,True,1.1372970998287202,1.1336439453513312,1.1409502543061092,0.6414939419827497,0.0,0.0023852416447230746,0.0,False,ADX_NOT_RANGE|CLOSE_NOT_OUTSIDE_BAND|SHORT_DISABLED
,2026-07-20T18:51:44.362534+00:00,RMR_LONG_ONLY_EURUSD_4H,EURUSD,EURUSD=X,strategy-lab-v1.0.0:RMR_LONG_ONLY_EURUSD_4H,1782676800000,2026-06-28T20:00:00+00:00,1.1389521360397339,1.1390818357467651,1.1385631561279297,1.1389521360397339,,43.211094875961365,True,1.1373295068740845,1.1336299936478977,1.1410290201002713,0.6496345384715476,0.0,0.002284007413046701,0.0,False,ADX_NOT_RANGE|CLOSE_NOT_OUTSIDE_BAND|SHORT_DISABLED
,2026-07-20T18:51:44.362534+00:00,RMR_LONG_ONLY_EURUSD_4H,EURUSD,EURUSD=X,strategy-lab-v1.0.0:RMR_LONG_ONLY_EURUSD_4H,1782691200000,2026-06-29T00:00:00+00:00,1.1389521360397339,1.1396011114120483,1.1386927366256714,1.1388224363327026,,39.86026591391369,True,1.1373554289340972,1.1336218579225195,1.141088999945675,0.6556897532860051,0.0,0.0022659386907305035,0.0,False,ADX_NOT_RANGE|CLOSE_NOT_OUTSIDE_BAND|SHORT_DISABLED
,2026-07-20T18:51:44.362534+00:00,RMR_LONG_ONLY_EURUSD_4H,EURUSD,EURUSD=X,strategy-lab-v1.0.0:RMR_LONG_ONLY_EURUSD_4H,1782705600000,2026-06-29T04:00:00+00:00,1.1386927366256714,1.1418131589889526,1.1384334564208984,1.1405109167099,,38.013183924548215,True,1.1375304877758026,1.133557517785745,1.14150345776586,0.6967000371234565,0.0,0.002350560256413051,0.0,False,ADX_NOT_RANGE|CLOSE_NOT_OUTSIDE_BAND|SHORT_DISABLED
,2026-07-20T18:51:44.362534+00:00,RMR_LONG_ONLY_EURUSD_4H,EURUSD,EURUSD=X,strategy-lab-v1.0.0:RMR_LONG_ONLY_EURUSD_4H,1782720000000,2026-06-29T08:00:00+00:00,1.1406410932540894,1.141422152519226,1.1396011114120483,1.141291856765747,,36.16504807220048,True,1.1378156125545502,1.1336280964846144,1.142003128624486,0.7338203712068253,0.0,0.0023054395403180805,0.0,False,ADX_NOT_RANGE|CLOSE_NOT_OUTSIDE_BAND|SHORT_DISABLED
,2026-07-20T18:51:44.362534+00:00,RMR_LONG_ONLY_EURUSD_4H,EURUSD,EURUSD=X,strategy-lab-v1.0.0:RMR_LONG_ONLY_EURUSD_4H,1782734400000,2026-06-29T12:00:00+00:00,1.1411616802215576,1.1428571939468384,1.140380859375,1.1425960063934326,,35.4286355624271,True,1.1382367789745331,1.133907575256662,1.1425659826924042,0.7577837999864949,0.013610111555535981,0.0022059849330357145,0.0,False,ADX_NOT_RANGE|SHORT_DISABLED
,2026-07-20T18:51:44.362534+00:00,RMR_LONG_ONLY_EURUSD_4H,EURUSD,EURUSD=X,strategy-lab-v1.0.0:RMR_LONG_ONLY_EURUSD_4H,1782748800000,2026-06-29T16:00:00+00:00,1.1427265405654907,1.143379807472229,1.1424654722213745,1.1428571939468384,,36.042615626551175,False,1.1386130630970002,1.1340570586031287,1.1431690675908717,0.7973007507853918,0.0,0.0019114528383527482,0.0,False,ADX_NOT_RANGE|CLOSE_NOT_OUTSIDE_BAND|SHORT_DISABLED
,2026-07-20T18:51:44.362534+00:00,RMR_LONG_ONLY_EURUSD_4H,EURUSD,EURUSD=X,strategy-lab-v1.0.0:RMR_LONG_ONLY_EURUSD_4H,1782763200000,2026-06-29T20:00:00+00:00,1.1428571939468384,1.1437721252441406,1.1423349380493164,1.1423349380493164,,37.52848312935293,False,1.1389438927173614,1.1343163688869826,1.1435714165477402,0.8101868683594462,0.0,0.0018938354083469936,0.0,False,ADX_NOT_RANGE|CLOSE_NOT_OUTSIDE_BAND|SHORT_DISABLED
,2026-07-20T18:51:44.362534+00:00,RMR_LONG_ONLY_EURUSD_4H,EURUSD,EURUSD=X,strategy-lab-v1.0.0:RMR_LONG_ONLY_EURUSD_4H,1782777600000,2026-06-30T00:00:00+00:00,1.1422044038772583,1.1423349380493164,1.1399909257888794,1.1402509212493896,,37.92399246528555,False,1.1391705214977264,1.1347581107831495,1.1435829322123032,0.7739367944982026,0.0,0.0019504257610866002,0.0,False,ADX_NOT_RANGE|CLOSE_NOT_OUTSIDE_BAND|SHORT_DISABLED
,2026-07-20T18:51:44.362534+00:00,RMR_LONG_ONLY_EURUSD_4H,EURUSD,EURUSD=X,strategy-lab-v1.0.0:RMR_LONG_ONLY_EURUSD_4H,1782792000000,2026-06-30T04:00:00+00:00,1.1401208639144897,1.1411616802215576,1.1386927366256714,1.1402509212493896,,37.65235369294856,False,1.1393196523189544,1.1349733693809372,1.1436659352569716,0.7623379831616207,0.0,0.0019975900650024414,0.0,False,ADX_NOT_RANGE|CLOSE_NOT_OUTSIDE_BAND|SHORT_DISABLED
,2026-07-20T18:51:44.362534+00:00,RMR_LONG_ONLY_EURUSD_4H,EURUSD,EURUSD=X,strategy-lab-v1.0.0:RMR_LONG_ONLY_EURUSD_4H,1782806400000,2026-06-30T08:00:00+00:00,1.1399909257888794,1.1405109167099,1.1386927366256714,1.1396011114120483,,37.96072676571588,False,1.1394879817962646,1.1353783499408248,1.1435976136517045,0.7212404084702508,0.0,0.001988649368286133,0.0,False,ADX_NOT_RANGE|CLOSE_NOT_OUTSIDE_BAND|SHORT_DISABLED
,2026-07-20T18:51:44.362534+00:00,RMR_LONG_ONLY_EURUSD_4H,EURUSD,EURUSD=X,strategy-lab-v1.0.0:RMR_LONG_ONLY_EURUSD_4H,1782820800000,2026-06-30T12:00:00+00:00,1.1396011114120483,1.1436413526535034,1.139211654663086,1.1419435739517212,,40.25308154539131,False,1.1398829579353333,1.136485347036431,1.1432805688342358,0.5950575801473167,0.0,0.00210078273500715,0.0,False,ADX_NOT_RANGE|CLOSE_NOT_OUTSIDE_BAND|SHORT_DISABLED
,2026-07-20T18:51:44.362534+00:00,RMR_LONG_ONLY_EURUSD_4H,EURUSD,EURUSD=X,strategy-lab-v1.0.0:RMR_LONG_ONLY_EURUSD_4H,1782835200000,2026-06-30T16:00:00+00:00,1.1420739889144897,1.142987847328186,1.1415525674819946,1.142987847328186,,40.58807935894801,False,1.1400912284851075,1.1364755155889879,1.143706941381227,0.6326773997766639,0.0,0.0019333958625793457,0.0,False,ADX_NOT_RANGE|CLOSE_NOT_OUTSIDE_BAND|SHORT_DISABLED
,2026-07-20T18:51:44.362534+00:00,RMR_LONG_ONLY_EURUSD_4H,EURUSD,EURUSD=X,strategy-lab-v1.0.0:RMR_LONG_ONLY_EURUSD_4H,1782849600000,2026-06-30T20:00:00+00:00,1.142987847328186,1.1431183815002441,1.1415525674819946,1.1416828632354736,,41.709384593897255,False,1.1402925491333007,1.1367950799083417,1.1437900183582597,0.6126866466309766,0.0,0.0018875513757978166,0.0,False,ADX_NOT_RANGE|CLOSE_NOT_OUTSIDE_BAND|SHORT_DISABLED
,2026-07-20T18:51:44.362534+00:00,RMR_LONG_ONLY_EURUSD_4H,EURUSD,EURUSD=X,strategy-lab-v1.0.0:RMR_LONG_ONLY_EURUSD_4H,1782864000000,2026-07-01T00:00:00+00:00,1.1416828632354736,1.1416828632354736,1.1405109167099,1.1407711505889893,,41.17796753372972,False,1.1405064642429352,1.1374720748454552,1.1435408536404152,0.5319891541635393,0.0,0.0019063949584960938,0.0,False,ADX_NOT_RANGE|CLOSE_NOT_OUTSIDE_BAND|SHORT_DISABLED
,2026-07-20T18:51:44.362534+00:00,RMR_LONG_ONLY_EURUSD_4H,EURUSD,EURUSD=X,strategy-lab-v1.0.0:RMR_LONG_ONLY_EURUSD_4H,1782878400000,2026-07-01T04:00:00+00:00,1.1407711505889893,1.141422152519226,1.1396011114120483,1.1405109167099,,40.285900271665646,True,1.1406621277332305,1.1379830141779286,1.1433412412885324,0.46980936631988157,0.0,0.001999420779091971,0.0,False,ADX_NOT_RANGE|CLOSE_NOT_OUTSIDE_BAND|SHORT_DISABLED
,2026-07-20T18:51:44.362534+00:00,RMR_LONG_ONLY_EURUSD_4H,EURUSD,EURUSD=X,strategy-lab-v1.0.0:RMR_LONG_ONLY_EURUSD_4H,1782892800000,2026-07-01T08:00:00+00:00,1.1405109167099,1.1406410932540894,1.1389521360397339,1.1389521360397339,,38.595551193322244,True,1.1406556427478791,1.1379606787429375,1.1433506067528207,0.47323569088905193,0.0,0.0020551766668047223,0.0,False,ADX_NOT_RANGE|CLOSE_NOT_OUTSIDE_BAND|SHORT_DISABLED
,2026-07-20T18:51:44.362534+00:00,RMR_LONG_ONLY_EURUSD_4H,EURUSD,EURUSD=X,strategy-lab-v1.0.0:RMR_LONG_ONLY_EURUSD_4H,1782907200000,2026-07-01T12:00:00+00:00,1.1389521360397339,1.141291856765747,1.1366219520568848,1.1386927366256714,,37.17213999935722,True,1.1405842363834382,1.137763626888809,1.1434048458780675,0.495411870806811,0.0,0.00214733396257673,0.0,False,ADX_NOT_RANGE|CLOSE_NOT_OUTSIDE_BAND|SHORT_DISABLED
,2026-07-20T18:51:44.362534+00:00,RMR_LONG_ONLY_EURUSD_4H,EURUSD,EURUSD=X,strategy-lab-v1.0.0:RMR_LONG_ONLY_EURUSD_4H,1782921600000,2026-07-01T16:00:00+00:00,1.1386927366256714,1.1397310495376587,1.1379153728485107,1.1383039951324463,,35.5654457119319,True,1.140467381477356,1.1374773194150085,1.1434574435397036,0.5253538729783033,0.0,0.002146950789860317,0.0,False,ADX_NOT_RANGE|CLOSE_NOT_OUTSIDE_BAND|SHORT_DISABLED
,2026-07-20T18:51:44.362534+00:00,RMR_LONG_ONLY_EURUSD_4H,EURUSD,EURUSD=X,strategy-lab-v1.0.0:RMR_LONG_ONLY_EURUSD_4H,1782936000000,2026-07-01T20:00:00+00:00,1.1381744146347046,1.1386927366256714,1.1376564502716064,1.138044834136963,,33.6957252311045,True,1.1404155313968658,1.1372979173825464,1.1435331454111852,0.547889489201657,0.0,0.0020440902028764996,0.0,False,ADX_NOT_RANGE|CLOSE_NOT_OUTSIDE_BAND|SHORT_DISABLED
,2026-07-20T18:51:44.362534+00:00,RMR_LONG_ONLY_EURUSD_4H,EURUSD,EURUSD=X,strategy-lab-v1.0.0:RMR_LONG_ONLY_EURUSD_4H,1782950400000,2026-07-02T00:00:00+00:00,1.138044834136963,1.139211654663086,1.1379153728485107,1.1385631561279297,,32.04023722035361,True,1.1403960824012755,1.1372376084467049,1.1435545563558462,0.5548175237484686,0.0,0.0020713721002851215,0.0,False,ADX_NOT_RANGE|CLOSE_NOT_OUTSIDE_BAND|SHORT_DISABLED
,2026-07-20T18:51:44.362534+00:00,RMR_LONG_ONLY_EURUSD_4H,EURUSD,EURUSD=X,strategy-lab-v1.0.0:RMR_LONG_ONLY_EURUSD_4H,1782964800000,2026-07-02T04:00:00+00:00,1.1385631561279297,1.141291856765747,1.1385631561279297,1.1411616802215576,,29.18595316328603,True,1.1405065596103667,1.1374037594794741,1.1436093597412593,0.5437967616105335,0.0,0.0021636230604989187,0.0,False,ADX_NOT_RANGE|CLOSE_NOT_OUTSIDE_BAND|SHORT_DISABLED
,2026-07-20T18:51:44.362534+00:00,RMR_LONG_ONLY_EURUSD_4H,EURUSD,EURUSD=X,strategy-lab-v1.0.0:RMR_LONG_ONLY_EURUSD_4H,1782979200000,2026-07-02T08:00:00+00:00,1.1411616802215576,1.1423349380493164,1.140380859375,1.1406410932540894,,26.19980688316924,True,1.1405974924564362,1.1375923869441997,1.1436025979686726,0.5269151760372375,0.0,0.0021357706614903043,0.0,False,ADX_NOT_RANGE|CLOSE_NOT_OUTSIDE_BAND|SHORT_DISABLED
,2026-07-20T18:51:44.362534+00:00,RMR_LONG_ONLY_EURUSD_4H,EURUSD,EURUSD=X,strategy-lab-v1.0.0:RMR_LONG_ONLY_EURUSD_4H,1782993600000,2026-07-02T12:00:00+00:00,1.1406410932540894,1.147446870803833,1.1398608684539795,1.145081877708435,,26.255074636510518,False,1.1408260405063628,1.1372424437878605,1.144409637224865,0.6259110004734086,0.2687591415095874,0.002501274858202253,0.0,False,ADX_NOT_RANGE|SHORT_DISABLED
,2026-07-20T18:51:44.362534+00:00,RMR_LONG_ONLY_EURUSD_4H,EURUSD,EURUSD=X,strategy-lab-v1.0.0:RMR_LONG_ONLY_EURUSD_4H,1783008000000,2026-07-02T16:00:00+00:00,1.145081877708435,1.145081877708435,1.142987847328186,1.143379807472229,,26.83330382568792,False,1.140930438041687,1.1371808356300945,1.1446800404532793,0.6558804672057255,0.0,0.0025209784507751465,0.0,False,ADX_NOT_RANGE|CLOSE_NOT_OUTSIDE_BAND|SHORT_DISABLED
,2026-07-20T18:51:44.362534+00:00,RMR_LONG_ONLY_EURUSD_4H,EURUSD,EURUSD=X,strategy-lab-v1.0.0:RMR_LONG_ONLY_EURUSD_4H,1783022400000,2026-07-02T20:00:00+00:00,1.143379807472229,1.1442956924438477,1.1425960063934326,1.1425960063934326,,25.948953681666268,False,1.140930438041687,1.1371808356300945,1.1446800404532793,0.6563303898510705,0.0,0.0023259775979178293,0.0,False,ADX_NOT_RANGE|CLOSE_NOT_OUTSIDE_BAND|SHORT_DISABLED
,2026-07-20T18:51:44.362534+00:00,RMR_LONG_ONLY_EURUSD_4H,EURUSD,EURUSD=X,strategy-lab-v1.0.0:RMR_LONG_ONLY_EURUSD_4H,1783036800000,2026-07-03T00:00:00+00:00,1.1427265405654907,1.144819736480713,1.1423349380493164,1.144426703453064,,25.9066346462205,True,1.1410089135169983,1.137041901877758,1.1449759251562386,0.6932749169991715,0.0,0.0024009432111467633,0.0,False,ADX_NOT_RANGE|CLOSE_NOT_OUTSIDE_BAND|SHORT_DISABLED
,2026-07-20T18:51:44.362534+00:00,RMR_LONG_ONLY_EURUSD_4H,EURUSD,EURUSD=X,strategy-lab-v1.0.0:RMR_LONG_ONLY_EURUSD_4H,1783051200000,2026-07-03T04:00:00+00:00,1.144426703453064,1.1465259790420532,1.1442956924438477,1.145737886428833,,25.435039877060515,True,1.1411790609359742,1.1367358245572474,1.145622297314701,0.7756113211156833,0.04720995452938887,0.0024484055382864816,0.0,False,ADX_NOT_RANGE|SHORT_DISABLED
,2026-07-20T18:51:44.362534+00:00,RMR_LONG_ONLY_EURUSD_4H,EURUSD,EURUSD=X,strategy-lab-v1.0.0:RMR_LONG_ONLY_EURUSD_4H,1783065600000,2026-07-03T08:00:00+00:00,1.1458691358566284,1.1460003852844238,1.144426703453064,1.145213007926941,,26.394237310319365,False,1.1414271652698518,1.1366754936182217,1.1461788369214818,0.8298319384673238,0.0,0.0024771009172712055,0.0,False,ADX_NOT_RANGE|CLOSE_NOT_OUTSIDE_BAND|SHORT_DISABLED
,2026-07-20T18:51:44.362534+00:00,RMR_LONG_ONLY_EURUSD_4H,EURUSD,EURUSD=X,strategy-lab-v1.0.0:RMR_LONG_ONLY_EURUSD_4H,1783080000000,2026-07-03T12:00:00+00:00,1.1453442573547363,1.1454753875732422,1.1439030170440674,1.1440337896347046,,28.208546401008025,False,1.1416163086891173,1.1367668272045202,1.1464657901737145,0.8477864078028058,0.0,0.002459338733128139,0.0,False,ADX_NOT_RANGE|CLOSE_NOT_OUTSIDE_BAND|SHORT_DISABLED
,2026-07-20T18:51:44.362534+00:00,RMR_LONG_ONLY_EURUSD_4H,EURUSD,EURUSD=X,strategy-lab-v1.0.0:RMR_LONG_ONLY_EURUSD_4H,1783094400000,2026-07-03T16:00:00+00:00,1.1440337896347046,1.144426703453064,1.1439030170440674,1.1440337896347046,,31.09341086352904,False,1.1418379426002503,1.1369719768052056,1.146703908395295,0.8506681951410631,0.0,0.002376105104173933,0.0,False,ADX_NOT_RANGE|CLOSE_NOT_OUTSIDE_BAND|SHORT_DISABLED
,2026-07-20T18:51:44.362534+00:00,RMR_LONG_ONLY_EURUSD_4H,EURUSD,EURUSD=X,strategy-lab-v1.0.0:RMR_LONG_ONLY_EURUSD_4H,1783108800000,2026-07-03T20:00:00+00:00,1.1439030170440674,1.1440337896347046,1.1437721252441406,1.1440337896347046,,35.227346608045416,False,1.1419424533843994,1.1369830128569012,1.1469018939118976,0.8670094489222676,0.0,0.002061230795724051,0.0,False,ADX_NOT_RANGE|CLOSE_NOT_OUTSIDE_BAND|SHORT_DISABLED
,2026-07-20T18:51:44.362534+00:00,RMR_LONG_ONLY_EURUSD_4H,EURUSD,EURUSD=X,strategy-lab-v1.0.0:RMR_LONG_ONLY_EURUSD_4H,1783281600000,2026-07-05T20:00:00+00:00,1.1440337896347046,1.144164800643921,1.1436413526535034,1.1440337896347046,,39.377286842526,False,1.1419947504997254,1.1369706806200828,1.147018820379368,0.8783079529926937,0.0,0.001968928745814732,0.0,False,ADX_NOT_RANGE|CLOSE_NOT_OUTSIDE_BAND|SHORT_DISABLED
,2026-07-20T18:51:44.362534+00:00,RMR_LONG_ONLY_EURUSD_4H,EURUSD,EURUSD=X,strategy-lab-v1.0.0:RMR_LONG_ONLY_EURUSD_4H,1783296000000,2026-07-06T00:00:00+00:00,1.1440337896347046,1.144426703453064,1.1431183815002441,1.1435105800628662,,42.196038196674785,False,1.142086136341095,1.1370217542675052,1.1471505184146848,0.8857604226646356,0.0,0.0019883598600115094,0.0,False,ADX_NOT_RANGE|CLOSE_NOT_OUTSIDE_BAND|SHORT_DISABLED
,2026-07-20T18:51:44.362534+00:00,RMR_LONG_ONLY_EURUSD_4H,EURUSD,EURUSD=X,strategy-lab-v1.0.0:RMR_LONG_ONLY_EURUSD_4H,1783310400000,2026-07-06T04:00:00+00:00,1.1435105800628662,1.1437721252441406,1.1420739889144897,1.142987847328186,,43.9529243497065,False,1.1421969711780549,1.1371555817487249,1.1472383606073848,0.8821422626871437,0.0,0.0020170637539454867,0.0,False,ADX_NOT_RANGE|CLOSE_NOT_OUTSIDE_BAND|SHORT_DISABLED
,2026-07-20T18:51:44.362534+00:00,RMR_LONG_ONLY_EURUSD_4H,EURUSD,EURUSD=X,strategy-lab-v1.0.0:RMR_LONG_ONLY_EURUSD_4H,1783324800000,2026-07-06T08:00:00+00:00,1.142987847328186,1.142987847328186,1.141291856765747,1.1419435739517212,,45.57848407311911,False,1.142268604040146,1.1372846930851448,1.1472525149951471,0.8728821753870438,0.0,0.0019432987485613143,0.0,False,ADX_NOT_RANGE|CLOSE_NOT_OUTSIDE_BAND|SHORT_DISABLED
,2026-07-20T18:51:44.362534+00:00,RMR_LONG_ONLY_EURUSD_4H,EURUSD,EURUSD=X,strategy-lab-v1.0.0:RMR_LONG_ONLY_EURUSD_4H,1783339200000,2026-07-06T12:00:00+00:00,1.1420739889144897,1.1428571939468384,1.1411616802215576,1.1428571939468384,,47.92011647230597,False,1.142463856935501,1.137714502321356,1.147213211549646,0.8311370203206639,0.0,0.0019248298236301967,0.0,False,ADX_NOT_RANGE|CLOSE_NOT_OUTSIDE_BAND|SHORT_DISABLED
,2026-07-20T18:51:44.362534+00:00,RMR_LONG_ONLY_EURUSD_4H,EURUSD,EURUSD=X,strategy-lab-v1.0.0:RMR_LONG_ONLY_EURUSD_4H,1783353600000,2026-07-06T16:00:00+00:00,1.1428571939468384,1.144819736480713,1.1428571939468384,1.1445575952529907,,45.81223599275253,False,1.142757099866867,1.1382576685768155,1.1472565311569185,0.786230646445876,0.0,0.0015231541224888393,0.0,False,ADX_NOT_RANGE|CLOSE_NOT_OUTSIDE_BAND|SHORT_DISABLED
,2026-07-20T18:51:44.362534+00:00,RMR_LONG_ONLY_EURUSD_4H,EURUSD,EURUSD=X,strategy-lab-v1.0.0:RMR_LONG_ONLY_EURUSD_4H,1783368000000,2026-07-06T20:00:00+00:00,1.144426703453064,1.145081877708435,1.144164800643921,1.144426703453064,,43.91171941208214,True,1.143063235282898,1.1390059587044574,1.1471205118613386,0.7090496169302243,0.0,0.0014390860285077775,0.0,False,ADX_NOT_RANGE|CLOSE_NOT_OUTSIDE_BAND|SHORT_DISABLED
,2026-07-20T18:51:44.362534+00:00,RMR_LONG_ONLY_EURUSD_4H,EURUSD,EURUSD=X,strategy-lab-v1.0.0:RMR_LONG_ONLY_EURUSD_4H,1783382400000,2026-07-07T00:00:00+00:00,1.144426703453064,1.1449507474899292,1.1439030170440674,1.1440337896347046,,43.34551064357059,True,1.143362683057785,1.140007933813493,1.146717432302077,0.5864773007033662,0.0,0.0013925177710396902,0.0,False,ADX_NOT_RANGE|CLOSE_NOT_OUTSIDE_BAND|SHORT_DISABLED
,2026-07-20T18:51:44.362534+00:00,RMR_LONG_ONLY_EURUSD_4H,EURUSD,EURUSD=X,strategy-lab-v1.0.0:RMR_LONG_ONLY_EURUSD_4H,1783396800000,2026-07-07T04:00:00+00:00,1.1440337896347046,1.144164800643921,1.1428571939468384,1.142987847328186,,41.84088422374442,True,1.1435839176177978,1.1410384172377832,1.1461294179978123,0.445411626372903,0.0,0.0013084326471601213,0.0,False,ADX_NOT_RANGE|CLOSE_NOT_OUTSIDE_BAND|SHORT_DISABLED
,2026-07-20T18:51:44.362534+00:00,RMR_LONG_ONLY_EURUSD_4H,EURUSD,EURUSD=X,strategy-lab-v1.0.0:RMR_LONG_ONLY_EURUSD_4H,1783411200000,2026-07-07T08:00:00+00:00,1.142987847328186,1.144164800643921,1.1427265405654907,1.1436413526535034,,41.79669352497383,True,1.1437079012393951,1.1414176398161353,1.145998162662655,0.40052091819623586,0.0,0.001251859324319022,0.0,False,ADX_NOT_RANGE|CLOSE_NOT_OUTSIDE_BAND|SHORT_DISABLED
,2026-07-20T18:51:44.362534+00:00,RMR_LONG_ONLY_EURUSD_4H,EURUSD,EURUSD=X,strategy-lab-v1.0.0:RMR_LONG_ONLY_EURUSD_4H,1783425600000,2026-07-07T12:00:00+00:00,1.1435105800628662,1.1445575952529907,1.1425960063934326,1.1425960063934326,,40.61104616147485,True,1.1438056468963622,1.1419153346684496,1.1456959591242748,0.33088024416946676,0.0,0.001279566969190325,0.0,False,ADX_NOT_RANGE|CLOSE_NOT_OUTSIDE_BAND|SHORT_DISABLED
,2026-07-20T18:51:44.362534+00:00,RMR_LONG_ONLY_EURUSD_4H,EURUSD,EURUSD=X,strategy-lab-v1.0.0:RMR_LONG_ONLY_EURUSD_4H,1783440000000,2026-07-07T16:00:00+00:00,1.1427265405654907,1.1432491540908813,1.1411616802215576,1.1419435739517212,,39.76089072280713,True,1.1436487317085267,1.1416885018935816,1.1456089615234717,0.3433146540089747,0.0,0.0013163600649152482,0.0,False,ADX_NOT_RANGE|CLOSE_NOT_OUTSIDE_BAND|SHORT_DISABLED
,2026-07-20T18:51:44.362534+00:00,RMR_LONG_ONLY_EURUSD_4H,EURUSD,EURUSD=X,strategy-lab-v1.0.0:RMR_LONG_ONLY_EURUSD_4H,1783454400000,2026-07-07T20:00:00+00:00,1.1418131589889526,1.1427265405654907,1.140380859375,1.1405109167099,,38.859690679127745,True,1.1435052871704101,1.1411146997678068,1.1458958745730135,0.4192134187543964,0.41740891379406697,0.001446502549307687,0.0,False,ADX_NOT_RANGE
,2026-07-20T18:51:44.362534+00:00,RMR_LONG_ONLY_EURUSD_4H,EURUSD,EURUSD=X,strategy-lab-v1.0.0:RMR_LONG_ONLY_EURUSD_4H,1783468800000,2026-07-08T00:00:00+00:00,1.140380859375,1.1419435739517212,1.1402509212493896,1.1416828632354736,,36.01991918674944,True,1.1434596300125122,1.1409685544779955,1.1459507055470288,0.4363866034490656,0.0,0.0015487160001482283,0.0,False,ADX_NOT_RANGE|CLOSE_NOT_OUTSIDE_BAND|SHORT_DISABLED
,2026-07-20T18:51:44.362534+00:00,RMR_LONG_ONLY_EURUSD_4H,EURUSD,EURUSD=X,strategy-lab-v1.0.0:RMR_LONG_ONLY_EURUSD_4H,1783483200000,2026-07-08T04:00:00+00:00,1.1416828632354736,1.143379807472229,1.141422152519226,1.142987847328186,,31.908024508214368,True,1.1433876872062683,1.1409295936723383,1.1458457807401983,0.4301171774793531,0.0,0.0016511593546186174,0.0,False,ADX_NOT_RANGE|CLOSE_NOT_OUTSIDE_BAND|SHORT_DISABLED
,2026-07-20T18:51:44.362534+00:00,RMR_LONG_ONLY_EURUSD_4H,EURUSD,EURUSD=X,strategy-lab-v1.0.0:RMR_LONG_ONLY_EURUSD_4H,1783497600000,2026-07-08T08:00:00+00:00,1.1428571939468384,1.1431183815002441,1.1397310495376587,1.1399909257888794,,28.633175584361254,True,1.1431003391742707,1.140470727301054,1.1457299510474874,0.46133908853652467,0.266606744395162,0.0017996600696018764,0.0,False,ADX_NOT_RANGE
,2026-07-20T18:51:44.362534+00:00,RMR_LONG_ONLY_EURUSD_4H,EURUSD,EURUSD=X,strategy-lab-v1.0.0:RMR_LONG_ONLY_EURUSD_4H,1783512000000,2026-07-08T12:00:00+00:00,1.1402509212493896,1.1416828632354736,1.1394712924957275,1.1398608684539795,,26.047688898415515,True,1.1428327322006226,1.140033702923854,1.1456317614773912,0.49111770642060043,0.09411930183307488,0.0018363339560372488,0.0,False,ADX_NOT_RANGE
,2026-07-20T18:51:44.362534+00:00,RMR_LONG_ONLY_EURUSD_4H,EURUSD,EURUSD=X,strategy-lab-v1.0.0:RMR_LONG_ONLY_EURUSD_4H,1783526400000,2026-07-08T16:00:00+00:00,1.1398608684539795,1.1432491540908813,1.1398608684539795,1.1431183815002441,,23.12937075573216,True,1.1427869617938995,1.1400385083225517,1.1455354152652473,0.4808694385161877,0.0,0.001957212175641741,0.0,False,CLOSE_NOT_OUTSIDE_BAND|SHORT_DISABLED
,2026-07-20T18:51:44.362534+00:00,RMR_LONG_ONLY_EURUSD_4H,EURUSD,EURUSD=X,strategy-lab-v1.0.0:RMR_LONG_ONLY_EURUSD_4H,1783540800000,2026-07-08T20:00:00+00:00,1.142987847328186,1.1431183815002441,1.1418131589889526,1.1424654722213745,,20.637979655663113,True,1.1427085459232331,1.140017978052838,1.1453991137936281,0.4710107982805912,0.0,0.0019293342317853654,0.0,False,CLOSE_NOT_OUTSIDE_BAND|SHORT_DISABLED
,2026-07-20T18:51:44.362534+00:00,RMR_LONG_ONLY_EURUSD_4H,EURUSD,EURUSD=X,strategy-lab-v1.0.0:RMR_LONG_ONLY_EURUSD_4H,1783555200000,2026-07-09T00:00:00+00:00,1.1424654722213745,1.143379807472229,1.1423349380493164,1.142987847328186,,21.255342620849376,False,1.142656248807907,1.1400308796551746,1.1452816179606395,0.45938706327796325,0.0,0.0018637861524309432,0.0,False,CLOSE_NOT_OUTSIDE_BAND|SHORT_DISABLED
,2026-07-20T18:51:44.362534+00:00,RMR_LONG_ONLY_EURUSD_4H,EURUSD,EURUSD=X,strategy-lab-v1.0.0:RMR_LONG_ONLY_EURUSD_4H,1783569600000,2026-07-09T04:00:00+00:00,1.142987847328186,1.145081877708435,1.1427265405654907,1.1437721252441406,,20.563802271564445,False,1.1426431655883789,1.1400428981398505,1.1452434330369072,0.45468278009893587,0.0,0.0019665190151759555,0.0,False,CLOSE_NOT_OUTSIDE_BAND|SHORT_DISABLED
,2026-07-20T18:51:44.362534+00:00,RMR_LONG_ONLY_EURUSD_4H,EURUSD,EURUSD=X,strategy-lab-v1.0.0:RMR_LONG_ONLY_EURUSD_4H,1783584000000,2026-07-09T08:00:00+00:00,1.1439030170440674,1.144164800643921,1.1424654722213745,1.1432491540908813,,19.74022637962096,True,1.1426300942897796,1.1400448147676754,1.1452153738118838,0.4522687837298282,0.0,0.002013061727796282,0.0,False,CLOSE_NOT_OUTSIDE_BAND|SHORT_DISABLED
,2026-07-20T18:51:44.362534+00:00,RMR_LONG_ONLY_EURUSD_4H,EURUSD,EURUSD=X,strategy-lab-v1.0.0:RMR_LONG_ONLY_EURUSD_4H,1783598400000,2026-07-09T12:00:00+00:00,1.143379807472229,1.144819736480713,1.1427265405654907,1.144164800643921,,20.306227448908544,False,1.1426889419555664,1.1400214927456045,1.1453563911655282,0.4662701052262164,0.0,0.0020691752433776855,0.0,False,CLOSE_NOT_OUTSIDE_BAND|SHORT_DISABLED
,2026-07-20T18:51:44.362534+00:00,RMR_LONG_ONLY_EURUSD_4H,EURUSD,EURUSD=X,strategy-lab-v1.0.0:RMR_LONG_ONLY_EURUSD_4H,1783612800000,2026-07-09T16:00:00+00:00,1.1442956924438477,1.144426703453064,1.142987847328186,1.1431183815002441,,19.005073409068853,False,1.1427476823329925,1.1400967857804578,1.1453985788855272,0.4638008793202373,0.0,0.0020692178181239535,0.0,False,CLOSE_NOT_OUTSIDE_BAND|SHORT_DISABLED
,2026-07-20T18:51:44.362534+00:00,RMR_LONG_ONLY_EURUSD_4H,EURUSD,EURUSD=X,strategy-lab-v1.0.0:RMR_LONG_ONLY_EURUSD_4H,1783627200000,2026-07-09T20:00:00+00:00,1.1431183815002441,1.1437721252441406,1.1424654722213745,1.1436413526535034,,17.586951825492793,True,1.1427868902683258,1.1401076302486364,1.1454661502880152,0.4685489928241842,0.0,0.002022436686924526,0.0,False,CLOSE_NOT_OUTSIDE_BAND|SHORT_DISABLED
,2026-07-20T18:51:44.362534+00:00,RMR_LONG_ONLY_EURUSD_4H,EURUSD,EURUSD=X,strategy-lab-v1.0.0:RMR_LONG_ONLY_EURUSD_4H,1783641600000,2026-07-10T00:00:00+00:00,1.1436413526535034,1.1463946104049683,1.143379807472229,1.1453442573547363,,17.976799468718433,False,1.142826223373413,1.1400238686608772,1.1456285780859488,0.489347145112164,0.0,0.002088674477168492,0.0,False,CLOSE_NOT_OUTSIDE_BAND|SHORT_DISABLED
,2026-07-20T18:51:44.362534+00:00,RMR_LONG_ONLY_EURUSD_4H,EURUSD,EURUSD=X,strategy-lab-v1.0.0:RMR_LONG_ONLY_EURUSD_4H,1783656000000,2026-07-10T04:00:00+00:00,1.145213007926941,1.145213007926941,1.1439030170440674,1.1440337896347046,,18.64971631689781,False,1.1428065776824952,1.1400441540943764,1.145569001270614,0.48292692281419225,0.0,0.0020240715571812223,0.0,False,CLOSE_NOT_OUTSIDE_BAND|SHORT_DISABLED
,2026-07-20T18:51:44.362534+00:00,RMR_LONG_ONLY_EURUSD_4H,EURUSD,EURUSD=X,strategy-lab-v1.0.0:RMR_LONG_ONLY_EURUSD_4H,1783670400000,2026-07-10T08:00:00+00:00,1.1440337896347046,1.1445575952529907,1.142987847328186,1.1435105800628662,,18.62309670980803,False,1.142780417203903,1.1400553189244242,1.145505515483382,0.47661968800132126,0.0,0.0020152926445007324,0.0,False,CLOSE_NOT_OUTSIDE_BAND|SHORT_DISABLED
,2026-07-20T18:51:44.362534+00:00,RMR_LONG_ONLY_EURUSD_4H,EURUSD,EURUSD=X,strategy-lab-v1.0.0:RMR_LONG_ONLY_EURUSD_4H,1783684800000,2026-07-10T12:00:00+00:00,1.1435105800628662,1.144164800643921,1.1418131589889526,1.144164800643921,,18.311263508246647,True,1.14283926486969,1.1400487440415557,1.1456297856978241,0.487783023313386,0.0,0.0020434345517839703,0.0,False,CLOSE_NOT_OUTSIDE_BAND|SHORT_DISABLED
,2026-07-20T18:51:44.362534+00:00,RMR_LONG_ONLY_EURUSD_4H,EURUSD,EURUSD=X,strategy-lab-v1.0.0:RMR_LONG_ONLY_EURUSD_4H,1783699200000,2026-07-10T16:00:00+00:00,1.1440337896347046,1.144426703453064,1.1415525674819946,1.1419435739517212,,18.96646405776161,False,1.1427543759346008,1.1399633249768848,1.1455454268923169,0.48882467074227504,0.0,0.002006777695247105,0.0,False,CLOSE_NOT_OUTSIDE_BAND|SHORT_DISABLED
,2026-07-20T18:51:44.362534+00:00,RMR_LONG_ONLY_EURUSD_4H,EURUSD,EURUSD=X,strategy-lab-v1.0.0:RMR_LONG_ONLY_EURUSD_4H,1783713600000,2026-07-10T20:00:00+00:00,1.1419435739517212,1.1422044038772583,1.1415525674819946,1.1419435739517212,,20.250023803571175,False,1.1427217543125152,1.139908895880878,1.1455346127441524,0.49264403177175997,0.0,0.0018953680992126465,0.0,False,CLOSE_NOT_OUTSIDE_BAND|SHORT_DISABLED
,2026-07-20T18:51:44.362534+00:00,RMR_LONG_ONLY_EURUSD_4H,EURUSD,EURUSD=X,strategy-lab-v1.0.0:RMR_LONG_ONLY_EURUSD_4H,1783886400000,2026-07-12T20:00:00+00:00,1.1397310495376587,1.1406410932540894,1.1397310495376587,1.1406410932540894,,20.66398689200648,False,1.1426566302776338,1.1397172553185684,1.1455960052366991,0.5153899813796383,0.0,0.001811385154724121,0.0,False,CLOSE_NOT_OUTSIDE_BAND|SHORT_DISABLED
,2026-07-20T18:51:44.362534+00:00,RMR_LONG_ONLY_EURUSD_4H,EURUSD,EURUSD=X,strategy-lab-v1.0.0:RMR_LONG_ONLY_EURUSD_4H,1783900800000,2026-07-13T00:00:00+00:00,1.1407711505889893,1.1407711505889893,1.1389521360397339,1.1401208639144897,,20.61107090674444,False,1.142637127637863,1.1396365262639903,1.1456377290117359,0.5263654878782854,0.0,0.0018480845860072545,0.0,False,CLOSE_NOT_OUTSIDE_BAND|SHORT_DISABLED
,2026-07-20T18:51:44.362534+00:00,RMR_LONG_ONLY_EURUSD_4H,EURUSD,EURUSD=X,strategy-lab-v1.0.0:RMR_LONG_ONLY_EURUSD_4H,1783915200000,2026-07-13T04:00:00+00:00,1.1402509212493896,1.1428571939468384,1.1399909257888794,1.1427265405654907,,20.302154477361814,True,1.142689311504364,1.139720778060795,1.1456578449479329,0.5195527255540846,0.0,0.001978184495653425,0.0,False,CLOSE_NOT_OUTSIDE_BAND|SHORT_DISABLED
,2026-07-20T18:51:44.362534+00:00,RMR_LONG_ONLY_EURUSD_4H,EURUSD,EURUSD=X,strategy-lab-v1.0.0:RMR_LONG_ONLY_EURUSD_4H,1783929600000,2026-07-13T08:00:00+00:00,1.1427265405654907,1.1449507474899292,1.1427265405654907,1.1431183815002441,,21.276043724067986,False,1.1426958382129668,1.1397241356877235,1.1456675407382102,0.5199290945428183,0.0,0.001968818051474435,0.0,False,CLOSE_NOT_OUTSIDE_BAND|SHORT_DISABLED
,2026-07-20T18:51:44.362534+00:00,RMR_LONG_ONLY_EURUSD_4H,EURUSD,EURUSD=X,strategy-lab-v1.0.0:RMR_LONG_ONLY_EURUSD_4H,1783944000000,2026-07-13T12:00:00+00:00,1.1431183815002441,1.1435105800628662,1.1399909257888794,1.1406410932540894,,21.139340259014592,False,1.1427283465862275,1.1398634078703,1.1455932853021549,0.5023383311141532,0.0,0.0020988413265773226,0.0,False,CLOSE_NOT_OUTSIDE_BAND|SHORT_DISABLED
,2026-07-20T18:51:44.362534+00:00,RMR_LONG_ONLY_EURUSD_4H,EURUSD,EURUSD=X,strategy-lab-v1.0.0:RMR_LONG_ONLY_EURUSD_4H,1783958400000,2026-07-13T16:00:00+00:00,1.1405109167099,1.1405109167099,1.1385631561279297,1.1385631561279297,LONG,21.25876554962858,False,1.1426634609699249,1.13949860561522,1.1458283163246297,0.5559384804735736,0.44592961847663765,0.0020977514130728586,0.9230341084830607,True,
,2026-07-20T18:51:44.362534+00:00,RMR_LONG_ONLY_EURUSD_4H,EURUSD,EURUSD=X,strategy-lab-v1.0.0:RMR_LONG_ONLY_EURUSD_4H,1783972800000,2026-07-13T20:00:00+00:00,1.1386927366256714,1.1393414735794067,1.1381744146347046,1.1385631561279297,,21.420759867235216,False,1.1424356997013092,1.1388121768221269,1.1460592225804915,0.6365080162097194,0.11981726486335782,0.0020783373287745883,0.0,False,OPEN_TRADE_EXISTS
,2026-07-20T18:51:44.362534+00:00,RMR_LONG_ONLY_EURUSD_4H,EURUSD,EURUSD=X,strategy-lab-v1.0.0:RMR_LONG_ONLY_EURUSD_4H,1783987200000,2026-07-14T00:00:00+00:00,1.1386927366256714,1.1398608684539795,1.1381744146347046,1.1397310495376587,,21.763535213729256,False,1.1422989785671234,1.1384887296772497,1.146109227456997,0.6686224599074229,0.0,0.002105465957096645,0.0,False,OPEN_TRADE_EXISTS|CLOSE_NOT_OUTSIDE_BAND|SHORT_DISABLED
,2026-07-20T18:51:44.362534+00:00,RMR_LONG_ONLY_EURUSD_4H,EURUSD,EURUSD=X,strategy-lab-v1.0.0:RMR_LONG_ONLY_EURUSD_4H,1784001600000,2026-07-14T04:00:00+00:00,1.1397310495376587,1.1399909257888794,1.1388224363327026,1.1398608684539795,,21.069565407980082,False,1.1421426296234132,1.1382038246289057,1.1460814346179207,0.6911027658752404,0.0,0.0019735864230564664,0.0,False,OPEN_TRADE_EXISTS|CLOSE_NOT_OUTSIDE_BAND|SHORT_DISABLED
,2026-07-20T18:51:44.362534+00:00,RMR_LONG_ONLY_EURUSD_4H,EURUSD,EURUSD=X,strategy-lab-v1.0.0:RMR_LONG_ONLY_EURUSD_4H,1784016000000,2026-07-14T08:00:00+00:00,1.1398608684539795,1.1411616802215576,1.1393414735794067,1.1410315036773682,,18.983674570301897,True,1.1420055985450746,1.138112663444532,1.1458985336456171,0.6823536577204455,0.0,0.0020006554467337473,0.0,False,OPEN_TRADE_EXISTS|CLOSE_NOT_OUTSIDE_BAND|SHORT_DISABLED
,2026-07-20T18:51:44.362534+00:00,RMR_LONG_ONLY_EURUSD_4H,EURUSD,EURUSD=X,strategy-lab-v1.0.0:RMR_LONG_ONLY_EURUSD_4H,1784030400000,2026-07-14T12:00:00+00:00,1.1409013271331787,1.1462632417678833,1.1407711505889893,1.142987847328186,,17.32588382920948,True,1.1419925332069396,1.1381146552640333,1.145870411149846,0.6785510365610786,0.0,0.002280822822025844,0.0,False,CLOSE_NOT_OUTSIDE_BAND|SHORT_DISABLED
,2026-07-20T18:51:44.362534+00:00,RMR_LONG_ONLY_EURUSD_4H,EURUSD,EURUSD=X,strategy-lab-v1.0.0:RMR_LONG_ONLY_EURUSD_4H,1784044800000,2026-07-14T16:00:00+00:00,1.1431183815002441,1.1437721252441406,1.1420739889144897,1.1424654722213745,,17.732456757856866,False,1.1419075667858123,1.1381512327660632,1.1456639008055614,0.6575838151931829,0.0,0.0022341438702174594,0.0,False,CLOSE_NOT_OUTSIDE_BAND|SHORT_DISABLED
,2026-07-20T18:51:44.362534+00:00,RMR_LONG_ONLY_EURUSD_4H,EURUSD,EURUSD=X,strategy-lab-v1.0.0:RMR_LONG_ONLY_EURUSD_4H,1784059200000,2026-07-14T20:00:00+00:00,1.1423349380493164,1.1431183815002441,1.1420739889144897,1.1427265405654907,,16.52189321669644,False,1.1418879747390747,1.1381530799573485,1.1456228695208008,0.653681287541973,0.0,0.002103447914123535,0.0,False,CLOSE_NOT_OUTSIDE_BAND|SHORT_DISABLED
,2026-07-20T18:51:44.362534+00:00,RMR_LONG_ONLY_EURUSD_4H,EURUSD,EURUSD=X,strategy-lab-v1.0.0:RMR_LONG_ONLY_EURUSD_4H,1784073600000,2026-07-15T00:00:00+00:00,1.1427265405654907,1.1445575952529907,1.1427265405654907,1.144164800643921,,15.461805754871834,True,1.1419141471385956,1.138123550949259,1.1457047433279322,0.6625961901997384,0.0,0.0021876777921404156,0.0,False,CLOSE_NOT_OUTSIDE_BAND|SHORT_DISABLED
,2026-07-20T18:51:44.362534+00:00,RMR_LONG_ONLY_EURUSD_4H,EURUSD,EURUSD=X,strategy-lab-v1.0.0:RMR_LONG_ONLY_EURUSD_4H,1784088000000,2026-07-15T04:00:00+00:00,1.144164800643921,1.144688606262207,1.1423349380493164,1.1425960063934326,,17.562384794802515,False,1.1417767345905303,1.1383078809143343,1.1452455882667263,0.6071881324257917,0.0,0.0021977594920567106,0.0,False,CLOSE_NOT_OUTSIDE_BAND|SHORT_DISABLED
,2026-07-20T18:51:44.362534+00:00,RMR_LONG_ONLY_EURUSD_4H,EURUSD,EURUSD=X,strategy-lab-v1.0.0:RMR_LONG_ONLY_EURUSD_4H,1784102400000,2026-07-15T08:00:00+00:00,1.1427265405654907,1.1431183815002441,1.141422152519226,1.1416828632354736,,20.138612452462187,False,1.141659188270569,1.1383485115800285,1.1449698649611093,0.5799643311029682,0.0,0.002188989094325474,0.0,False,CLOSE_NOT_OUTSIDE_BAND|SHORT_DISABLED
,2026-07-20T18:51:44.362534+00:00,RMR_LONG_ONLY_EURUSD_4H,EURUSD,EURUSD=X,strategy-lab-v1.0.0:RMR_LONG_ONLY_EURUSD_4H,1784116800000,2026-07-15T12:00:00+00:00,1.1416828632354736,1.144426703453064,1.1410315036773682,1.1439030170440674,,21.498693298768398,False,1.141678810119629,1.1383201700256798,1.145037450213578,0.5872246237496833,0.0,0.0022267699241638184,0.0,False,CLOSE_NOT_OUTSIDE_BAND|SHORT_DISABLED
,2026-07-20T18:51:44.362534+00:00,RMR_LONG_ONLY_EURUSD_4H,EURUSD,EURUSD=X,strategy-lab-v1.0.0:RMR_LONG_ONLY_EURUSD_4H,1784131200000,2026-07-15T16:00:00+00:00,1.1439030170440674,1.148369312286377,1.143379807472229,1.1467890739440918,,23.12850085713251,False,1.1418100237846374,1.1379114952582712,1.1457085523110035,0.679903325719381,0.4457062056722986,0.0024242912020002094,0.0,False,SHORT_DISABLED
,2026-07-20T18:51:44.362534+00:00,RMR_LONG_ONLY_EURUSD_4H,EURUSD,EURUSD=X,strategy-lab-v1.0.0:RMR_LONG_ONLY_EURUSD_4H,1784145600000,2026-07-15T20:00:00+00:00,1.1467890739440918,1.147446870803833,1.1463946104049683,1.147315263748169,,27.502308850206937,False,1.1420786082744598,1.1374995319003443,1.1466576846485754,0.7982246064008917,0.29251104547051615,0.002248048782348633,0.0,False,ADX_NOT_RANGE|SHORT_DISABLED
,2026-07-20T18:51:44.362534+00:00,RMR_LONG_ONLY_EURUSD_4H,EURUSD,EURUSD=X,strategy-lab-v1.0.0:RMR_LONG_ONLY_EURUSD_4H,1784160000000,2026-07-16T00:00:00+00:00,1.147315263748169,1.1477103233337402,1.1463946104049683,1.1469204425811768,,32.08699902156282,False,1.1423274517059325,1.1372870873080434,1.1473678161038217,0.8789388018136023,0.0,0.0021936041968209402,0.0,False,ADX_NOT_RANGE|CLOSE_NOT_OUTSIDE_BAND|SHORT_DISABLED
,2026-07-20T18:51:44.362534+00:00,RMR_LONG_ONLY_EURUSD_4H,EURUSD,EURUSD=X,strategy-lab-v1.0.0:RMR_LONG_ONLY_EURUSD_4H,1784174400000,2026-07-16T04:00:00+00:00,1.1469204425811768,1.1479737758636475,1.1466574668884277,1.147315263748169,,36.87689571294333,False,1.1426611602306367,1.1372420532402019,1.1480802672210715,0.9446587457977493,0.0,0.0022042649132864816,0.0,False,ADX_NOT_RANGE|CLOSE_NOT_OUTSIDE_BAND|SHORT_DISABLED
,2026-07-20T18:51:44.362534+00:00,RMR_LONG_ONLY_EURUSD_4H,EURUSD,EURUSD=X,strategy-lab-v1.0.0:RMR_LONG_ONLY_EURUSD_4H,1784188800000,2026-07-16T08:00:00+00:00,1.1471836566925049,1.147446870803833,1.1461317539215088,1.1471836566925049,,41.623222070136755,False,1.1430142998695374,1.137386879152168,1.1486417205869068,0.9810845342051153,0.0,0.002177740846361433,0.0,False,ADX_NOT_RANGE|CLOSE_NOT_OUTSIDE_BAND|SHORT_DISABLED
,2026-07-20T18:51:44.362534+00:00,RMR_LONG_ONLY_EURUSD_4H,EURUSD,EURUSD=X,strategy-lab-v1.0.0:RMR_LONG_ONLY_EURUSD_4H,1784203200000,2026-07-16T12:00:00+00:00,1.1471836566925049,1.147315263748169,1.1440337896347046,1.1449507474899292,,43.47546342781804,False,1.1431255102157594,1.1374376461386437,1.148813374292875,0.9935561140223919,0.0,0.0023286683218819754,0.0,False,ADX_NOT_RANGE|CLOSE_NOT_OUTSIDE_BAND|SHORT_DISABLED
,2026-07-20T18:51:44.362534+00:00,RMR_LONG_ONLY_EURUSD_4H,EURUSD,EURUSD=X,strategy-lab-v1.0.0:RMR_LONG_ONLY_EURUSD_4H,1784217600000,2026-07-16T16:00:00+00:00,1.145081877708435,1.145081877708435,1.1435105800628662,1.144426703453064,,45.453192442750314,False,1.1431909263134004,1.1374748707415165,1.1489069818852842,0.998937818321931,0.0,0.002310889107840402,0.0,False,ADX_NOT_RANGE|CLOSE_NOT_OUTSIDE_BAND|SHORT_DISABLED
,2026-07-20T18:51:44.362534+00:00,RMR_LONG_ONLY_EURUSD_4H,EURUSD,EURUSD=X,strategy-lab-v1.0.0:RMR_LONG_ONLY_EURUSD_4H,1784232000000,2026-07-16T20:00:00+00:00,1.1442956924438477,1.1449507474899292,1.144164800643921,1.144819736480713,,46.044947260200935,False,1.1433998584747314,1.1377670123473402,1.1490327046021225,0.9840581792740644,0.0,0.001974735941205706,0.0,False,ADX_NOT_RANGE|CLOSE_NOT_OUTSIDE_BAND|SHORT_DISABLED
,2026-07-20T18:51:44.362534+00:00,RMR_LONG_ONLY_EURUSD_4H,EURUSD,EURUSD=X,strategy-lab-v1.0.0:RMR_LONG_ONLY_EURUSD_4H,1784246400000,2026-07-17T00:00:00+00:00,1.144819736480713,1.145081877708435,1.1439030170440674,1.1442956924438477,,45.919782573817216,False,1.1436864852905273,1.1385016900630895,1.148871280517965,0.9061985047526833,0.0,0.0019376448222569057,0.0,False,ADX_NOT_RANGE|CLOSE_NOT_OUTSIDE_BAND|SHORT_DISABLED
,2026-07-20T18:51:44.362534+00:00,RMR_LONG_ONLY_EURUSD_4H,EURUSD,EURUSD=X,strategy-lab-v1.0.0:RMR_LONG_ONLY_EURUSD_4H,1784260800000,2026-07-17T04:00:00+00:00,1.1442956924438477,1.1456066370010376,1.1439030170440674,1.1449507474899292,,46.111579176016384,False,1.1440058648586273,1.1393643069567496,1.148647422760505,0.8107873481987536,0.0,0.0019847324916294645,0.0,False,ADX_NOT_RANGE|CLOSE_NOT_OUTSIDE_BAND|SHORT_DISABLED
,2026-07-20T18:51:44.362534+00:00,RMR_LONG_ONLY_EURUSD_4H,EURUSD,EURUSD=X,strategy-lab-v1.0.0:RMR_LONG_ONLY_EURUSD_4H,1784275200000,2026-07-17T08:00:00+00:00,1.144819736480713,1.145081877708435,1.1428571939468384,1.143379807472229,,44.47929039185347,False,1.1441883027553559,1.1399652107866243,1.1484113947240875,0.7387032622288425,0.0,0.0020128488540649414,0.0,False,ADX_NOT_RANGE|CLOSE_NOT_OUTSIDE_BAND|SHORT_DISABLED
,2026-07-20T18:51:44.362534+00:00,RMR_LONG_ONLY_EURUSD_4H,EURUSD,EURUSD=X,strategy-lab-v1.0.0:RMR_LONG_ONLY_EURUSD_4H,1784289600000,2026-07-17T12:00:00+00:00,1.143379807472229,1.144688606262207,1.1428571939468384,1.1442956924438477,,42.385238757085695,True,1.1444100439548492,1.1406824712700254,1.148137616639673,0.6515051501876975,0.0,0.0019755448613848004,0.0,False,ADX_NOT_RANGE|CLOSE_NOT_OUTSIDE_BAND|SHORT_DISABLED
,2026-07-20T18:51:44.362534+00:00,RMR_LONG_ONLY_EURUSD_4H,EURUSD,EURUSD=X,strategy-lab-v1.0.0:RMR_LONG_ONLY_EURUSD_4H,1784304000000,2026-07-17T16:00:00+00:00,1.1442956924438477,1.144426703453064,1.1436413526535034,1.144426703453064,,41.01724833787595,True,1.1445798039436341,1.1411891295369803,1.147970478350288,0.5925542276186359,0.0,0.0019104821341378348,0.0,False,ADX_NOT_RANGE|CLOSE_NOT_OUTSIDE_BAND|SHORT_DISABLED
,2026-07-20T18:51:44.362534+00:00,RMR_LONG_ONLY_EURUSD_4H,EURUSD,EURUSD=X,strategy-lab-v1.0.0:RMR_LONG_ONLY_EURUSD_4H,1784318400000,2026-07-17T20:00:00+00:00,1.144426703453064,1.1445575952529907,1.1439030170440674,1.1445575952529907,,39.12289988515376,True,1.1446582913398742,1.1413469071400935,1.147969675539655,0.5786312918658809,0.0,0.0017147234507969447,0.0,False,ADX_NOT_RANGE|CLOSE_NOT_OUTSIDE_BAND|SHORT_DISABLED
,2026-07-20T18:51:44.362534+00:00,RMR_LONG_ONLY_EURUSD_4H,EURUSD,EURUSD=X,strategy-lab-v1.0.0:RMR_LONG_ONLY_EURUSD_4H,1784491200000,2026-07-19T20:00:00+00:00,1.142987847328186,1.1431183815002441,1.1427265405654907,1.142987847328186,,40.94091476298552,False,1.144684410095215,1.141434960593687,1.1479338595967428,0.5685886353251524,0.0,0.0014891198703220912,0.0,False,ADX_NOT_RANGE|CLOSE_NOT_OUTSIDE_BAND|SHORT_DISABLED
,2026-07-20T18:51:44.362534+00:00,RMR_LONG_ONLY_EURUSD_4H,EURUSD,EURUSD=X,strategy-lab-v1.0.0:RMR_LONG_ONLY_EURUSD_4H,1784505600000,2026-07-20T00:00:00+00:00,1.142987847328186,1.1445575952529907,1.142987847328186,1.1445575952529907,,39.0670425740979,False,1.14477596282959,1.1416515492474837,1.1479003764116962,0.5459600451850797,0.0,0.0015260832650320871,0.0,False,ADX_NOT_RANGE|CLOSE_NOT_OUTSIDE_BAND|SHORT_DISABLED
,2026-07-20T18:51:44.362534+00:00,RMR_LONG_ONLY_EURUSD_4H,EURUSD,EURUSD=X,strategy-lab-v1.0.0:RMR_LONG_ONLY_EURUSD_4H,1784520000000,2026-07-20T04:00:00+00:00,1.1445575952529907,1.145213007926941,1.1437721252441406,1.144688606262207,,35.64035510538274,True,1.1448021531105042,1.1416899129367182,1.1479143932842901,0.543770621417904,0.0,0.0015350239617483957,0.0,False,ADX_NOT_RANGE|CLOSE_NOT_OUTSIDE_BAND|SHORT_DISABLED
,2026-07-20T18:51:44.362534+00:00,RMR_LONG_ONLY_EURUSD_4H,EURUSD,EURUSD=X,strategy-lab-v1.0.0:RMR_LONG_ONLY_EURUSD_4H,1784534400000,2026-07-20T08:00:00+00:00,1.144819736480713,1.144819736480713,1.1431183815002441,1.1432491540908813,,32.49836448147534,True,1.1448348104953765,1.1418031908946151,1.1478664300961379,0.5303515143507161,0.0,0.0015625272478376115,0.0,False,ADX_NOT_RANGE|CLOSE_NOT_OUTSIDE_BAND|SHORT_DISABLED
,2026-07-20T18:51:44.362534+00:00,RMR_LONG_ONLY_EURUSD_4H,EURUSD,EURUSD=X,strategy-lab-v1.0.0:RMR_LONG_ONLY_EURUSD_4H,1784548800000,2026-07-20T12:00:00+00:00,1.1431183815002441,1.1432491540908813,1.1406410932540894,1.1415525674819946,,30.61444806897158,True,1.1448282957077027,1.1417691753818862,1.1478874160335193,0.5359578547599066,0.13089036617703126,0.0016548803874424525,0.0,False,ADX_NOT_RANGE
,2026-07-20T18:51:44.362534+00:00,RMR_LONG_ONLY_EURUSD_4H,EURUSD,EURUSD=X,strategy-lab-v1.0.0:RMR_LONG_ONLY_EURUSD_4H,1784563200000,2026-07-20T16:00:00+00:00,1.141422152519226,1.1422044038772583,1.141291856765747,1.1418131589889526,,29.416001722699214,True,1.144723802804947,1.141412983591158,1.1480346220187359,0.5799231139918899,0.0,0.0014856713158743723,0.0,False,ADX_NOT_RANGE|CLOSE_NOT_OUTSIDE_BAND|SHORT_DISABLED
,2026-07-20T20:01:36.094652+00:00,RMR_LONG_ONLY_EURUSD_4H,EURUSD,EURUSD=X,strategy-lab-v1.0.0:RMR_LONG_ONLY_EURUSD_4H,1784577600000,2026-07-20T20:00:00+00:00,1.1419435739517212,1.1419435739517212,1.1419435739517212,1.1419435739517212,,28.51120365940491,True,1.1444880485534668,1.1411289364493236,1.14784716065761,0.5883149011503098,0.0,0.0013734357697623117,0.0,False,ADX_NOT_RANGE|CLOSE_NOT_OUTSIDE_BAND|SHORT_DISABLED
,2026-07-21T00:15:39.965509+00:00,RMR_LONG_ONLY_EURUSD_4H,EURUSD,EURUSD=X,strategy-lab-v1.0.0:RMR_LONG_ONLY_EURUSD_4H,1784592000000,2026-07-21T00:00:00+00:00,1.1419435739517212,1.1420739889144897,1.1418131589889526,1.1419435739517212,,28.969619543281755,False,1.144212943315506,1.1409245880662222,1.1475012985647897,0.5759225454379149,0.0,0.001410433224269322,0.0,False,ADX_NOT_RANGE|CLOSE_NOT_OUTSIDE_BAND|SHORT_DISABLED
,2026-07-21T06:19:33.059339+00:00,RMR_LONG_ONLY_EURUSD_4H,EURUSD,EURUSD=X,strategy-lab-v1.0.0:RMR_LONG_ONLY_EURUSD_4H,1784606400000,2026-07-21T04:00:00+00:00,1.1415525674819946,1.1424654722213745,1.1415525674819946,1.1423349380493164,,29.193717326133754,False,1.1439641177654267,1.1407718761733003,1.1471563593575531,0.5588976552844563,0.0,0.0014286722455705916,0.0,False,ADX_NOT_RANGE|CLOSE_NOT_OUTSIDE_BAND|SHORT_DISABLED
,2026-07-21T09:06:43.145165+00:00,RMR_LONG_ONLY_EURUSD_4H,EURUSD,EURUSD=X,strategy-lab-v1.0.0:RMR_LONG_ONLY_EURUSD_4H,1784620800000,2026-07-21T08:00:00+00:00,1.1425960063934326,1.1428571939468384,1.1423349380493164,1.1425960063934326,,28.67620203791973,True,1.1437412083148957,1.1409192476150707,1.1465631690147207,0.4939559886494643,0.0,0.0013816016060965402,0.0,False,ADX_NOT_RANGE|CLOSE_NOT_OUTSIDE_BAND|SHORT_DISABLED
,2026-07-21T12:47:51.990604+00:00,RMR_LONG_ONLY_EURUSD_4H,EURUSD,EURUSD=X,strategy-lab-v1.0.0:RMR_LONG_ONLY_EURUSD_4H,1784635200000,2026-07-21T12:00:00+00:00,1.1423349380493164,1.1423349380493164,1.1418131589889526,1.1420739889144897,,29.268812904170495,False,1.1434661448001862,1.14100510589966,1.1459271837007123,0.4309771388568845,0.0,0.0012972610337393625,0.0,False,ADX_NOT_RANGE|CLOSE_NOT_OUTSIDE_BAND|SHORT_DISABLED
,2026-07-21T16:10:45.426719+00:00,RMR_LONG_ONLY_EURUSD_4H,EURUSD,EURUSD=X,strategy-lab-v1.0.0:RMR_LONG_ONLY_EURUSD_4H,1784649600000,2026-07-21T16:00:00+00:00,1.1410315036773682,1.141291856765747,1.1410315036773682,1.141291856765747,,31.306470287140428,False,1.143231076002121,1.1405593245821644,1.1459028274220775,0.46819775399570784,0.0,0.001268761498587472,0.0,False,ADX_NOT_RANGE|CLOSE_NOT_OUTSIDE_BAND|SHORT_DISABLED
,2026-07-21T20:19:38.477197+00:00,RMR_LONG_ONLY_EURUSD_4H,EURUSD,EURUSD=X,strategy-lab-v1.0.0:RMR_LONG_ONLY_EURUSD_4H,1784664000000,2026-07-21T20:00:00+00:00,1.1405109167099,1.1406410932540894,1.1402509212493896,1.140380859375,,32.34290844228699,False,1.1429832339286805,1.139965945815896,1.146000522041465,0.5291720021393955,0.0,0.0013055971690586635,0.0,False,ADX_NOT_RANGE|CLOSE_NOT_OUTSIDE_BAND|SHORT_DISABLED
,2026-07-22T01:02:31.096716+00:00,RMR_LONG_ONLY_EURUSD_4H,EURUSD,EURUSD=X,strategy-lab-v1.0.0:RMR_LONG_ONLY_EURUSD_4H,1784678400000,2026-07-22T00:00:00+00:00,1.140380859375,1.1410315036773682,1.140380859375,1.1409013271331787,,34.05030720908554,False,1.1427938163280487,1.1397903466470511,1.1457972860090462,0.5265082281119862,0.0,0.0013331770896911621,0.0,False,ADX_NOT_RANGE|CLOSE_NOT_OUTSIDE_BAND|SHORT_DISABLED
,2026-07-22T04:26:45.114153+00:00,RMR_LONG_ONLY_EURUSD_4H,EURUSD,EURUSD=X,strategy-lab-v1.0.0:RMR_LONG_ONLY_EURUSD_4H,1784692800000,2026-07-22T04:00:00+00:00,1.1410315036773682,1.1410315036773682,1.1409013271331787,1.1409013271331787,,30.256488763253344,False,1.1426306068897247,1.1396165890324434,1.145644624747006,0.5283573233900625,0.0,0.0012488535472324916,0.0,False,ADX_NOT_RANGE|CLOSE_NOT_OUTSIDE_BAND|SHORT_DISABLED
,2026-07-22T09:38:04.108641+00:00,RMR_LONG_ONLY_EURUSD_4H,EURUSD,EURUSD=X,strategy-lab-v1.0.0:RMR_LONG_ONLY_EURUSD_4H,1784707200000,2026-07-22T08:00:00+00:00,1.141291856765747,1.1415525674819946,1.1407711505889893,1.1415525674819946,,28.73730268503694,True,1.1424802243709564,1.1396677457431623,1.1452927029987505,0.4927462313886762,0.0,0.0012763057436261857,0.0,False,ADX_NOT_RANGE|CLOSE_NOT_OUTSIDE_BAND|SHORT_DISABLED
,2026-07-22T13:02:04.910890+00:00,RMR_LONG_ONLY_EURUSD_4H,EURUSD,EURUSD=X,strategy-lab-v1.0.0:RMR_LONG_ONLY_EURUSD_4H,1784721600000,2026-07-22T12:00:00+00:00,1.1410315036773682,1.1416828632354736,1.1410315036773682,1.1411616802215576,,29.335759717151202,False,1.142336755990982,1.1394488434320704,1.1452246685498937,0.5061355650061683,0.0,0.0012570875031607492,0.0,False,ADX_NOT_RANGE|CLOSE_NOT_OUTSIDE_BAND|SHORT_DISABLED
,2026-07-22T16:44:14.253718+00:00,RMR_LONG_ONLY_EURUSD_4H,EURUSD,EURUSD=X,strategy-lab-v1.0.0:RMR_LONG_ONLY_EURUSD_4H,1784736000000,2026-07-22T16:00:00+00:00,1.1416828632354736,1.1416828632354736,1.1410315036773682,1.1411616802215576,,27.276018962304217,True,1.1422061145305633,1.1394511555608022,1.1449610735003244,0.48283411851442487,0.0,0.0012286646025521414,0.0,False,ADX_NOT_RANGE|CLOSE_NOT_OUTSIDE_BAND|SHORT_DISABLED
,2026-07-22T20:19:25.205806+00:00,RMR_LONG_ONLY_EURUSD_4H,EURUSD,EURUSD=X,strategy-lab-v1.0.0:RMR_LONG_ONLY_EURUSD_4H,1784750400000,2026-07-22T20:00:00+00:00,1.141422152519226,1.1415525674819946,1.141422152519226,1.1415525674819946,,24.646961933946923,True,1.1420754313468933,1.1395209335595973,1.1446299291341893,0.4475479903532846,0.0,0.0010516898972647531,0.0,False,CLOSE_NOT_OUTSIDE_BAND|SHORT_DISABLED
,2026-07-23T01:09:39.278477+00:00,RMR_LONG_ONLY_EURUSD_4H,EURUSD,EURUSD=X,strategy-lab-v1.0.0:RMR_LONG_ONLY_EURUSD_4H,1784764800000,2026-07-23T00:00:00+00:00,1.1415525674819946,1.1423349380493164,1.141422152519226,1.1422044038772583,,23.578449047691276,True,1.1419512510299683,1.1396565718555915,1.144245930204345,0.4017983412754105,0.0,0.0010703120912824357,0.0,False,CLOSE_NOT_OUTSIDE_BAND|SHORT_DISABLED
,2026-07-23T04:31:49.474985+00:00,RMR_LONG_ONLY_EURUSD_4H,EURUSD,EURUSD=X,strategy-lab-v1.0.0:RMR_LONG_ONLY_EURUSD_4H,1784779200000,2026-07-23T04:00:00+00:00,1.1431183815002441,1.1439030170440674,1.1431183815002441,1.1437721252441406,,24.147635150577834,False,1.1420427024364472,1.1395923142067272,1.1444930906661672,0.42847489908830405,0.0,0.0011450818606785365,0.0,False,CLOSE_NOT_OUTSIDE_BAND|SHORT_DISABLED
,2026-07-23T09:35:58.298691+00:00,RMR_LONG_ONLY_EURUSD_4H,EURUSD,EURUSD=X,strategy-lab-v1.0.0:RMR_LONG_ONLY_EURUSD_4H,1784793600000,2026-07-23T08:00:00+00:00,1.1428571939468384,1.1428571939468384,1.1411616802215576,1.141422152519226,,23.01322410035223,False,1.1418336510658265,1.1397996849633254,1.1438676171683275,0.35639155907600123,0.0,0.0012569597789219447,0.0,False,CLOSE_NOT_OUTSIDE_BAND|SHORT_DISABLED
,2026-07-23T13:05:25.132141+00:00,RMR_LONG_ONLY_EURUSD_4H,EURUSD,EURUSD=X,strategy-lab-v1.0.0:RMR_LONG_ONLY_EURUSD_4H,1784808000000,2026-07-23T12:00:00+00:00,1.1397310495376587,1.1397310495376587,1.138044834136963,1.1384334564208984,LONG,22.5700860816276,False,1.1414428293704986,1.1392173697231736,1.1436682890178236,0.3909687711254721,0.5401659259119355,0.0014512453760419572,0.9583790254348908,True,
,2026-07-23T16:52:19.548664+00:00,RMR_LONG_ONLY_EURUSD_4H,EURUSD,EURUSD=X,strategy-lab-v1.0.0:RMR_LONG_ONLY_EURUSD_4H,1784822400000,2026-07-23T16:00:00+00:00,1.1376564502716064,1.1383039951324463,1.1376564502716064,1.1381744146347046,,23.664604060477416,False,1.1411437690258026,1.138435566016671,1.1438519720349343,0.47588541339700624,0.1712972900942627,0.0015245505741664342,0.0,False,OPEN_TRADE_EXISTS
,2026-07-23T20:42:11.458057+00:00,RMR_LONG_ONLY_EURUSD_4H,EURUSD,EURUSD=X,strategy-lab-v1.0.0:RMR_LONG_ONLY_EURUSD_4H,1784836800000,2026-07-23T20:00:00+00:00,1.1381744146347046,1.1383039951324463,1.138044834136963,1.138044834136963,,23.346795808713118,False,1.140961903333664,1.1379210834341424,1.1440027232331855,0.5343936914098026,0.0,0.001440559114728655,0.0,False,OPEN_TRADE_EXISTS|CLOSE_NOT_OUTSIDE_BAND|SHORT_DISABLED
,2026-07-24T01:04:43.088648+00:00,RMR_LONG_ONLY_EURUSD_4H,EURUSD,EURUSD=X,strategy-lab-v1.0.0:RMR_LONG_ONLY_EURUSD_4H,1784851200000,2026-07-24T00:00:00+00:00,1.1379153728485107,1.1389521360397339,1.1379153728485107,1.1388224363327026,,22.4975759334455,True,1.140805846452713,1.1376638886188035,1.1439478042866227,0.551790645085547,0.0,0.0015049065862383162,0.0,False,OPEN_TRADE_EXISTS|CLOSE_NOT_OUTSIDE_BAND|SHORT_DISABLED
,2026-07-24T04:26:21.449207+00:00,RMR_LONG_ONLY_EURUSD_4H,EURUSD,EURUSD=X,strategy-lab-v1.0.0:RMR_LONG_ONLY_EURUSD_4H,1784865600000,2026-07-24T04:00:00+00:00,1.1385631561279297,1.1386927366256714,1.1384334564208984,1.1384334564208984,,20.943594668044096,True,1.1406238973140717,1.1373252101365505,1.1439225844915928,0.5795133934119994,0.0,0.0014769605227879115,0.0,False,OPEN_TRADE_EXISTS|CLOSE_NOT_OUTSIDE_BAND|SHORT_DISABLED
,2026-07-24T09:30:21.745873+00:00,RMR_LONG_ONLY_EURUSD_4H,EURUSD,EURUSD=X,strategy-lab-v1.0.0:RMR_LONG_ONLY_EURUSD_4H,1784880000000,2026-07-24T08:00:00+00:00,1.1393414735794067,1.1393414735794067,1.1384334564208984,1.1389521360397339,,18.759762255448084,True,1.140539276599884,1.1372822101597777,1.1437963430399904,0.571940880927896,0.0,0.0016065154756818498,0.0,False,OPEN_TRADE_EXISTS|CLOSE_NOT_OUTSIDE_BAND|SHORT_DISABLED
,2026-07-24T12:50:12.647015+00:00,RMR_LONG_ONLY_EURUSD_4H,EURUSD,EURUSD=X,strategy-lab-v1.0.0:RMR_LONG_ONLY_EURUSD_4H,1784894400000,2026-07-24T12:00:00+00:00,1.1379153728485107,1.1381744146347046,1.1371389627456665,1.137268304824829,,19.90354683659042,False,1.1402145802974701,1.1366800371022416,1.1437491234926986,0.621584753612371,0.0,0.0016707096781049455,0.0,False,OPEN_TRADE_EXISTS|CLOSE_NOT_OUTSIDE_BAND|SHORT_DISABLED
,2026-07-24T17:38:21.225219+00:00,RMR_LONG_ONLY_EURUSD_4H,EURUSD,EURUSD=X,strategy-lab-v1.0.0:RMR_LONG_ONLY_EURUSD_4H,1784908800000,2026-07-24T16:00:00+00:00,1.1386927366256714,1.1389521360397339,1.1371389627456665,1.1373976469039917,,18.83544029218819,False,1.1400454640388489,1.1365957058826457,1.143495222195052,0.6066054674182708,0.0,0.0017906427383422852,0.0,False,OPEN_TRADE_EXISTS|CLOSE_NOT_OUTSIDE_BAND|SHORT_DISABLED
,2026-07-24T20:37:55.590224+00:00,RMR_LONG_ONLY_EURUSD_4H,EURUSD,EURUSD=X,strategy-lab-v1.0.0:RMR_LONG_ONLY_EURUSD_4H,1784923200000,2026-07-24T20:00:00+00:00,1.1373976469039917,1.1373976469039917,1.1371389627456665,1.1371389627456665,,18.713002410338905,True,1.1398508369922637,1.1362115502892212,1.1434901236953063,0.6400777428741669,0.0,0.001715949603489467,0.0,False,OPEN_TRADE_EXISTS|CLOSE_NOT_OUTSIDE_BAND|SHORT_DISABLED
,2026-07-26T23:35:09.020756+00:00,RMR_LONG_ONLY_EURUSD_4H,EURUSD,EURUSD=X,strategy-lab-v1.0.0:RMR_LONG_ONLY_EURUSD_4H,1785096000000,2026-07-26T20:00:00+00:00,1.1393414735794067,1.1394712924957275,1.139211654663086,1.1393414735794067,,17.775389490575296,True,1.1398182690143586,1.1362342667802183,1.1434022712484988,0.6291357450335893,0.0,0.0018360189029148646,0.0,False,OPEN_TRADE_EXISTS|CLOSE_NOT_OUTSIDE_BAND|SHORT_DISABLED
,2026-07-27T01:14:42.848059+00:00,RMR_LONG_ONLY_EURUSD_4H,EURUSD,EURUSD=X,strategy-lab-v1.0.0:RMR_LONG_ONLY_EURUSD_4H,1785110400000,2026-07-27T00:00:00+00:00,1.1399909257888794,1.1415525674819946,1.1399909257888794,1.1409013271331787,,18.022055106259646,True,1.139863759279251,1.1362678808699795,1.1434596376885227,0.6303574768042682,0.0,0.0019658803939819336,0.0,False,CLOSE_NOT_OUTSIDE_BAND|SHORT_DISABLED
,2026-07-27T04:54:41.284914+00:00,RMR_LONG_ONLY_EURUSD_4H,EURUSD,EURUSD=X,strategy-lab-v1.0.0:RMR_LONG_ONLY_EURUSD_4H,1785124800000,2026-07-27T04:00:00+00:00,1.1406410932540894,1.1409013271331787,1.1405109167099,1.1405109167099,,16.182210888726615,True,1.1398247182369232,1.1362693248570113,1.1433801116168352,0.6234738007012522,0.0,0.001863241195678711,0.0,False,CLOSE_NOT_OUTSIDE_BAND|SHORT_DISABLED
,2026-07-27T08:24:21.526770+00:00,RMR_LONG_ONLY_EURUSD_4H,EURUSD,EURUSD=X,strategy-lab-v1.0.0:RMR_LONG_ONLY_EURUSD_4H,1785139200000,2026-07-27T08:00:00+00:00,1.1401208639144897,1.1402509212493896,1.1398608684539795,1.1399909257888794,,14.108859153226195,True,1.1397466719150544,1.1362633345494428,1.143230009280666,0.6111166829158899,0.0,0.0018907529967171805,0.0,False,CLOSE_NOT_OUTSIDE_BAND|SHORT_DISABLED
,2026-07-27T14:01:43.127302+00:00,RMR_LONG_ONLY_EURUSD_4H,EURUSD,EURUSD=X,strategy-lab-v1.0.0:RMR_LONG_ONLY_EURUSD_4H,1785153600000,2026-07-27T12:00:00+00:00,1.1390818357467651,1.1393414735794067,1.1373976469039917,1.1375269889831543,,13.426709479968086,True,1.139526015520096,1.1359522275558147,1.1430998034843771,0.6283434149506811,0.0,0.0018157277788434709,0.0,False,CLOSE_NOT_OUTSIDE_BAND|SHORT_DISABLED
,2026-07-27T16:29:15.661796+00:00,RMR_LONG_ONLY_EURUSD_4H,EURUSD,EURUSD=X,strategy-lab-v1.0.0:RMR_LONG_ONLY_EURUSD_4H,1785168000000,2026-07-27T16:00:00+00:00,1.1377859115600586,1.1386927366256714,1.1377859115600586,1.1385631561279297,,13.430196674594308,True,1.1393894493579864,1.1359730195080573,1.1428058792079154,0.6001300554196395,0.0,0.0016953349113464355,0.0,False,CLOSE_NOT_OUTSIDE_BAND|SHORT_DISABLED
,2026-07-27T20:57:24.820256+00:00,RMR_LONG_ONLY_EURUSD_4H,EURUSD,EURUSD=X,strategy-lab-v1.0.0:RMR_LONG_ONLY_EURUSD_4H,1785182400000,2026-07-27T20:00:00+00:00,1.137268304824829,1.1375269889831543,1.1370097398757935,1.1371389627456665,,12.202834928909438,True,1.1391170144081115,1.1356215066360291,1.142612522180194,0.6147899045939587,0.0,0.0017229999814714705,0.0,False,CLOSE_NOT_OUTSIDE_BAND|SHORT_DISABLED
,2026-07-28T00:13:54.961965+00:00,RMR_LONG_ONLY_EURUSD_4H,EURUSD,EURUSD=X,strategy-lab-v1.0.0:RMR_LONG_ONLY_EURUSD_4H,1785196800000,2026-07-28T00:00:00+00:00,1.1371389627456665,1.137268304824829,1.1370097398757935,1.137268304824829,,10.796384562761892,True,1.1389157891273498,1.135513080065232,1.1423184981894676,0.5984004034372392,0.0,0.0016859258924211775,0.0,False,CLOSE_NOT_OUTSIDE_BAND|SHORT_DISABLED
,2026-07-28T06:14:02.627559+00:00,RMR_LONG_ONLY_EURUSD_4H,EURUSD,EURUSD=X,strategy-lab-v1.0.0:RMR_LONG_ONLY_EURUSD_4H,1785211200000,2026-07-28T04:00:00+00:00,1.1376564502716064,1.1376564502716064,1.1364928483963013,1.1370097398757935,,10.122701965209147,True,1.1386296987533568,1.135812871410493,1.1414465260962208,0.4954798967987091,0.0,0.0018336943217686244,0.0,False,CLOSE_NOT_OUTSIDE_BAND|SHORT_DISABLED
,2026-07-28T09:06:19.610972+00:00,RMR_LONG_ONLY_EURUSD_4H,EURUSD,EURUSD=X,strategy-lab-v1.0.0:RMR_LONG_ONLY_EURUSD_4H,1785225600000,2026-07-28T08:00:00+00:00,1.1368803977966309,1.1376564502716064,1.1368803977966309,1.1373976469039917,,11.034280217385446,False,1.1383567869663238,1.1361956488159246,1.140517925116723,0.3800145281259972,0.0,0.0017222676958356584,0.0,False,CLOSE_NOT_OUTSIDE_BAND|SHORT_DISABLED
,2026-07-28T13:09:19.190949+00:00,RMR_LONG_ONLY_EURUSD_4H,EURUSD,EURUSD=X,strategy-lab-v1.0.0:RMR_LONG_ONLY_EURUSD_4H,1785240000000,2026-07-28T12:00:00+00:00,1.1368803977966309,1.137268304824829,1.1364928483963013,1.137268304824829,,11.766183376307282,False,1.1382077634334564,1.1360758371348063,1.1403396897321065,0.37492055122005474,0.0,0.0017125095639910018,0.0,False,CLOSE_NOT_OUTSIDE_BAND|SHORT_DISABLED
,2026-07-28T17:04:32.746881+00:00,RMR_LONG_ONLY_EURUSD_4H,EURUSD,EURUSD=X,strategy-lab-v1.0.0:RMR_LONG_ONLY_EURUSD_4H,1785254400000,2026-07-28T16:00:00+00:00,1.140380859375,1.1407711505889893,1.1398608684539795,1.1399909257888794,,11.619798645565405,False,1.1384865880012511,1.1361317349888618,1.1408414410136405,0.41313539592603116,0.0,0.0018333537237984793,0.0,False,CLOSE_NOT_OUTSIDE_BAND|SHORT_DISABLED
,2026-07-28T21:12:50.687445+00:00,RMR_LONG_ONLY_EURUSD_4H,EURUSD,EURUSD=X,strategy-lab-v1.0.0:RMR_LONG_ONLY_EURUSD_4H,1785268800000,2026-07-28T20:00:00+00:00,1.1390818357467651,1.1398608684539795,1.1383039951324463,1.1390818357467651,,11.420541313643412,True,1.1384929835796356,1.1362136719913476,1.1407722951679236,0.4002015512421365,0.0,0.0018707258360726492,0.0,False,CLOSE_NOT_OUTSIDE_BAND|SHORT_DISABLED
,2026-07-29T00:13:53.833657+00:00,RMR_LONG_ONLY_EURUSD_4H,EURUSD,EURUSD=X,strategy-lab-v1.0.0:RMR_LONG_ONLY_EURUSD_4H,1785283200000,2026-07-29T00:00:00+00:00,1.1388224363327026,1.1389521360397339,1.1385631561279297,1.1386927366256714,,10.57694518491895,True,1.1385188937187194,1.136253236315687,1.1407845511217518,0.3979400816670387,0.0,0.0018523165157863072,0.0,False,CLOSE_NOT_OUTSIDE_BAND|SHORT_DISABLED
,2026-07-29T06:19:35.188038+00:00,RMR_LONG_ONLY_EURUSD_4H,EURUSD,EURUSD=X,strategy-lab-v1.0.0:RMR_LONG_ONLY_EURUSD_4H,1785297600000,2026-07-29T04:00:00+00:00,1.1399909257888794,1.1406410932540894,1.1398608684539795,1.1398608684539795,,10.660946599048016,True,1.1386486887931824,1.1362294047585557,1.141067972827809,0.42448760222955795,0.0,0.0018433928489685059,0.0,False,CLOSE_NOT_OUTSIDE_BAND|SHORT_DISABLED
,2026-07-29T09:17:04.984269+00:00,RMR_LONG_ONLY_EURUSD_4H,EURUSD,EURUSD=X,strategy-lab-v1.0.0:RMR_LONG_ONLY_EURUSD_4H,1785312000000,2026-07-29T08:00:00+00:00,1.1401208639144897,1.140380859375,1.1396011114120483,1.1399909257888794,,11.122562231816646,False,1.1386941611766814,1.1361944455569315,1.1411938767964314,0.43855009074219004,0.0,0.0018060462815420969,0.0,False,CLOSE_NOT_OUTSIDE_BAND|SHORT_DISABLED
,2026-07-29T13:21:19.724329+00:00,RMR_LONG_ONLY_EURUSD_4H,EURUSD,EURUSD=X,strategy-lab-v1.0.0:RMR_LONG_ONLY_EURUSD_4H,1785326400000,2026-07-29T12:00:00+00:00,1.1385631561279297,1.1386927366256714,1.1379153728485107,1.1386927366256714,,13.892000001083456,False,1.1386616289615632,1.1362623300151486,1.1410609279079778,0.42141288325496473,0.0,0.0018147570746285574,0.0,False,CLOSE_NOT_OUTSIDE_BAND|SHORT_DISABLED
,2026-07-29T16:47:59.881525+00:00,RMR_LONG_ONLY_EURUSD_4H,EURUSD,EURUSD=X,strategy-lab-v1.0.0:RMR_LONG_ONLY_EURUSD_4H,1785340800000,2026-07-29T16:00:00+00:00,1.1385631561279297,1.1385631561279297,1.138044834136963,1.1385631561279297,,13.887928980905013,False,1.138648670911789,1.1362487843571991,1.1410485574663787,0.4215640637365097,0.0,0.0018146038055419922,0.0,False,CLOSE_NOT_OUTSIDE_BAND|SHORT_DISABLED
,2026-07-29T20:30:01.878243+00:00,RMR_LONG_ONLY_EURUSD_4H,EURUSD,EURUSD=X,strategy-lab-v1.0.0:RMR_LONG_ONLY_EURUSD_4H,1785355200000,2026-07-29T20:00:00+00:00,1.145081877708435,1.1458691358566284,1.145081877708435,1.1458691358566284,,17.892391937973223,False,1.1394047379493712,1.1346926727823765,1.144116803116366,0.8224438584729129,0.7554128416448546,0.002319702080317906,0.0,False,SHORT_DISABLED
,2026-07-30T00:59:06.517178+00:00,RMR_LONG_ONLY_EURUSD_4H,EURUSD,EURUSD=X,strategy-lab-v1.0.0:RMR_LONG_ONLY_EURUSD_4H,1785369600000,2026-07-30T00:00:00+00:00,1.1470520496368408,1.1471836566925049,1.1460003852844238,1.1461317539215088,,21.407911211253666,False,1.1398941218852996,1.1341556970769364,1.1456325466936628,1.0013551738234383,0.19815173026105184,0.002519318035670689,0.0,False,SHORT_DISABLED
,2026-07-30T04:10:02.299441+00:00,RMR_LONG_ONLY_EURUSD_4H,EURUSD,EURUSD=X,strategy-lab-v1.0.0:RMR_LONG_ONLY_EURUSD_4H,1785384000000,2026-07-30T04:00:00+00:00,1.145213007926941,1.1456066370010376,1.145213007926941,1.1454753875732422,,24.735058560715135,False,1.1401354730129243,1.134045679368228,1.1462252666576205,1.0632779561676635,0.0,0.0024650607790265766,0.0,False,CLOSE_NOT_OUTSIDE_BAND|SHORT_DISABLED
,2026-07-30T09:18:19.713819+00:00,RMR_LONG_ONLY_EURUSD_4H,EURUSD,EURUSD=X,strategy-lab-v1.0.0:RMR_LONG_ONLY_EURUSD_4H,1785398400000,2026-07-30T08:00:00+00:00,1.144426703453064,1.1461317539215088,1.1442956924438477,1.1461317539215088,,26.420866597670194,False,1.1403444766998292,1.133895061084366,1.1467938923152923,1.12542307520864,0.0,0.002634806292397635,0.0,False,ADX_NOT_RANGE|CLOSE_NOT_OUTSIDE_BAND|SHORT_DISABLED
,2026-07-30T13:01:27.134448+00:00,RMR_LONG_ONLY_EURUSD_4H,EURUSD,EURUSD=X,strategy-lab-v1.0.0:RMR_LONG_ONLY_EURUSD_4H,1785412800000,2026-07-30T12:00:00+00:00,1.1479737758636475,1.1486331224441528,1.147446870803833,1.147446870803833,,30.8666123010785,False,1.1407897889614105,1.1333444545858686,1.1482351233369523,1.297721849261062,0.0,0.0028058460780552457,0.0,False,ADX_NOT_RANGE|CLOSE_NOT_OUTSIDE_BAND|SHORT_DISABLED
,2026-07-30T16:54:31.456458+00:00,RMR_LONG_ONLY_EURUSD_4H,EURUSD,EURUSD=X,strategy-lab-v1.0.0:RMR_LONG_ONLY_EURUSD_4H,1785427200000,2026-07-30T16:00:00+00:00,1.1527377367019653,1.15340256690979,1.1527377367019653,1.1527377367019653,,35.43041780244726,False,1.1417303264141083,1.1318206638834585,1.1516399889447582,1.7193264721257127,0.35269350984395675,0.003112469400678362,0.0,False,ADX_NOT_RANGE|SHORT_DISABLED
,2026-07-30T20:51:32.998987+00:00,RMR_LONG_ONLY_EURUSD_4H,EURUSD,EURUSD=X,strategy-lab-v1.0.0:RMR_LONG_ONLY_EURUSD_4H,1785441600000,2026-07-30T20:00:00+00:00,1.15340256690979,1.1535356044769287,1.1530035734176636,1.1531364917755127,,39.484114778246294,False,1.1425312757492065,1.131468501169127,1.153594050329286,1.9187276890432825,0.0,0.002939420086996896,0.0,False,ADX_NOT_RANGE|CLOSE_NOT_OUTSIDE_BAND|SHORT_DISABLED
,2026-07-31T00:05:56.609003+00:00,RMR_LONG_ONLY_EURUSD_4H,EURUSD,EURUSD=X,strategy-lab-v1.0.0:RMR_LONG_ONLY_EURUSD_4H,1785456000000,2026-07-31T00:00:00+00:00,1.1527377367019653,1.1527377367019653,1.1527377367019653,1.1527377367019653,,42.95842692772402,False,1.1432716965675354,1.1317150205680062,1.1548283725670645,2.0050833128085688,0.0,0.0028474671500069754,0.0,False,ADX_NOT_RANGE|CLOSE_NOT_OUTSIDE_BAND|SHORT_DISABLED
,2026-07-31T06:34:17.616540+00:00,RMR_LONG_ONLY_EURUSD_4H,EURUSD,EURUSD=X,strategy-lab-v1.0.0:RMR_LONG_ONLY_EURUSD_4H,1785470400000,2026-07-31T04:00:00+00:00,1.1516757011413574,1.1524720191955566,1.1508804559707642,1.1520737409591675,,45.4432297682366,False,1.143958866596222,1.132290135748953,1.1556275974434909,2.025691660597012,0.0,0.002982641969408308,0.0,False,ADX_NOT_RANGE|CLOSE_NOT_OUTSIDE_BAND|SHORT_DISABLED
,2026-07-31T09:27:29.454739+00:00,RMR_LONG_ONLY_EURUSD_4H,EURUSD,EURUSD=X,strategy-lab-v1.0.0:RMR_LONG_ONLY_EURUSD_4H,1785484800000,2026-07-31T08:00:00+00:00,1.1518083810806274,1.1528706550598145,1.1508804559707642,1.1516757011413574,,48.47835102945118,False,1.1446334540843963,1.1329130654958297,1.156353842672963,2.0353626592887615,0.0,0.0030139429228646414,0.0,False,ADX_NOT_RANGE|CLOSE_NOT_OUTSIDE_BAND|SHORT_DISABLED
,2026-07-31T13:18:29.990546+00:00,RMR_LONG_ONLY_EURUSD_4H,EURUSD,EURUSD=X,strategy-lab-v1.0.0:RMR_LONG_ONLY_EURUSD_4H,1785499200000,2026-07-31T12:00:00+00:00,1.1487650871276855,1.1494252681732178,1.1486331224441528,1.1490291357040405,,50.41035863682531,False,1.1451019585132598,1.1340543816531277,1.156149535373392,1.9229411190453398,0.0,0.0031193665095738004,0.0,False,ADX_NOT_RANGE|CLOSE_NOT_OUTSIDE_BAND|SHORT_DISABLED
,2026-07-31T17:08:46.248071+00:00,RMR_LONG_ONLY_EURUSD_4H,EURUSD,EURUSD=X,strategy-lab-v1.0.0:RMR_LONG_ONLY_EURUSD_4H,1785513600000,2026-07-31T16:00:00+00:00,1.1520737409591675,1.1522064208984375,1.1516757011413574,1.1522064208984375,,50.415755809065786,False,1.146020656824112,1.134944514092315,1.1570967995559092,1.9225969463285004,0.0,0.0033954977989196777,0.0,False,ADX_NOT_RANGE|CLOSE_NOT_OUTSIDE_BAND|SHORT_DISABLED
